#OTU ID	Acidaminococcus_intestini	Actinobaculum_sp_oral_taxon_183	Actinomyces_graevenitzii	Actinomyces_odontolyticus	Actinomyces_oris	Actinomyces_sp_HMSC035G02	Actinomyces_sp_HPA0247	Actinomyces_sp_ICM47	Actinomyces_sp_S6_Spd3	Actinomyces_sp_oral_taxon_181	Actinomyces_sp_oral_taxon_448	Adlercreutzia_equolifaciens	Agathobaculum_butyriciproducens	Akkermansia_muciniphila	Alistipes_finegoldii	Alistipes_inops	Alistipes_onderdonkii	Alistipes_shahii	Anaeromassilibacillus_sp_An250	Anaerostipes_hadrus	Asaccharobacter_celatus	Atopobium_parvulum	Atopobium_rimae	Bacteroides_dorei	Bacteroides_fragilis	Bacteroides_ovatus	Bacteroides_stercoris	Bacteroides_thetaiotaomicron	Bacteroides_uniformis	Bacteroides_vulgatus	Bacteroides_xylanisolvens	Barnesiella_intestinihominis	Bifidobacterium_adolescentis	Bifidobacterium_bifidum	Bifidobacterium_dentium	Bifidobacterium_longum	Bilophila_wadsworthia	Blautia_obeum	Blautia_sp_CAG_257	Blautia_wexlerae	Clostridium_aldenense	Clostridium_bolteae	Clostridium_bolteae_CAG_59	Clostridium_citroniae	Clostridium_clostridioforme	Clostridium_innocuum	Clostridium_lavalense	Clostridium_leptum	Clostridium_methylpentosum	Clostridium_sp_CAG_58	Clostridium_spiroforme	Clostridium_symbiosum	Collinsella_aerofaciens	Collinsella_intestinalis	Collinsella_stercoris	Coprobacillus_cateniformis	Coprococcus_catus	Coprococcus_comes	Dialister_invisus	Dielma_fastidiosa	Dorea_formicigenerans	Dorea_longicatena	Eggerthella_lenta	Eisenbergiella_massiliensis	Eisenbergiella_tayi	Enterococcus_faecalis	Enterococcus_faecium	Enterorhabdus_caecimuris	Erysipelatoclostridium_ramosum	Escherichia_coli	Eubacterium_eligens	Eubacterium_hallii	Eubacterium_ramulus	Eubacterium_rectale	Eubacterium_sp_CAG_180	Eubacterium_sp_CAG_38	Eubacterium_ventriosum	Faecalibacterium_prausnitzii	Firmicutes_bacterium_CAG_110	Firmicutes_bacterium_CAG_83	Flavonifractor_plautii	Fusicatenibacter_saccharivorans	Fusobacterium_nucleatum	Gemella_haemolysans	Gemella_morbillorum	Gemella_sanguinis	Gemmiger_formicilis	Gordonibacter_pamelaeae	Haemophilus_parainfluenzae	Holdemania_filiformis	Hungatella_hathewayi	Intestinibacter_bartlettii	Intestinimonas_butyriciproducens	Janibacter_indicus	Klebsiella_oxytoca	Klebsiella_pneumoniae	Klebsiella_quasipneumoniae	Klebsiella_variicola	Lachnospira_pectinoschiza	Lactobacillus_fermentum	Lactobacillus_gasseri	Lactobacillus_paragasseri	Lactobacillus_rhamnosus	Lactobacillus_rogosae	Lactobacillus_ruminis	Lactobacillus_salivarius	Lactococcus_lactis	Lawsonibacter_asaccharolyticus	Megasphaera_micronuciformis	Monoglobus_pectinilyticus	Odoribacter_splanchnicus	Oscillibacter_sp_57_20	Oscillibacter_sp_CAG_241	Parabacteroides_distasonis	Parabacteroides_merdae	Parasutterella_excrementihominis	Phascolarctobacterium_faecium	Prevotella_copri	Prevotella_sp_885	Proteobacteria_bacterium_CAG_139	Romboutsia_ilealis	Roseburia_faecis	Roseburia_hominis	Roseburia_intestinalis	Roseburia_inulinivorans	Roseburia_sp_CAG_471	Rothia_dentocariosa	Rothia_mucilaginosa	Ruminococcus_bicirculans	Ruminococcus_bromii	Ruminococcus_gnavus	Ruminococcus_lactaris	Ruminococcus_torques	Ruthenibacterium_lactatiformans	Scardovia_wiggsiae	Sellimonas_intestinalis	Slackia_isoflavoniconvertens	Streptococcus_anginosus_group	Streptococcus_gordonii	Streptococcus_infantis	Streptococcus_lutetiensis	Streptococcus_mitis	Streptococcus_mutans	Streptococcus_oralis	Streptococcus_parasanguinis	Streptococcus_salivarius	Streptococcus_sanguinis	Streptococcus_thermophilus	Streptococcus_vestibularis	Turicibacter_sanguinis	Turicimonas_muris	Tyzzerella_nexilis	Veillonella_atypica	Veillonella_dispar	Veillonella_infantium	Veillonella_parvula	Veillonella_sp_T11011_6	[Collinsella]_massiliensis
Acidaminococcus_intestini	1.0000	0.0198	0.0099	0.0297	0.0099	0.0099	0.1188	0.0099	0.0099	0.0099	0.0693	0.0198	0.0198	0.1287	0.0198	0.0792	0.0693	0.0990	0.1386	0.0099	0.0297	0.0099	0.0198	0.6436	0.0099	0.0099	0.0297	0.0198	0.0099	0.2079	0.3267	0.0099	0.3465	0.3168	0.4059	0.6535	0.0198	0.0099	0.7129	0.0198	0.0099	0.8317	0.2376	0.1287	0.0495	0.6832	0.1188	0.4059	0.0099	0.0099	0.8515	0.7921	0.0099	0.2871	0.7525	0.0198	0.1683	0.0099	0.2277	0.3960	0.0099	0.0099	0.2277	0.0693	0.2277	0.0099	0.0099	0.1089	0.4158	0.0099	0.0198	0.0099	0.0099	0.0099	0.6535	0.0099	0.0099	0.0099	0.0495	0.0099	0.7129	0.0099	0.1386	0.0099	0.0198	0.0099	0.0099	0.0792	0.0099	0.0099	0.1683	0.1782	0.4059	0.6733	0.0099	0.0099	0.0099	0.0099	0.0099	0.0396	0.0099	0.0792	0.0099	0.3069	0.3366	0.0198	0.0099	0.2475	0.0099	0.1683	0.0297	0.0198	0.0396	0.0792	0.2079	0.9505	0.0297	0.2871	0.1683	0.8020	0.0693	0.0099	0.0099	0.0891	0.0099	0.8713	0.0099	0.0198	0.0099	0.1683	0.5545	0.1683	0.0297	0.0099	0.4653	0.1089	0.1287	0.0099	0.0396	0.0099	0.1089	0.0099	0.0396	0.0198	0.0099	0.0099	0.0099	0.0099	0.0099	0.0990	0.0297	0.0693	0.0099	0.0099	0.0099	0.0099	0.0099	0.0792
Actinobaculum_sp_oral_taxon_183	0.0198	1.0000	0.0099	0.0099	0.0099	0.0099	0.4356	0.0099	0.0198	0.0099	0.0099	0.0099	0.0099	0.2970	0.0099	0.0099	0.0099	0.9901	0.7228	0.0594	0.0198	0.0099	0.0297	0.2772	0.1485	0.0099	0.0099	0.0099	0.0099	0.2772	0.0297	0.0099	0.6832	0.4950	0.0099	0.3762	0.8911	0.0099	0.1188	0.8218	0.5347	0.0792	0.0099	0.2574	0.5347	0.0099	0.6139	0.4059	0.0099	0.0396	0.4356	0.4455	0.0099	0.0990	0.0198	0.6832	0.6139	0.0099	0.4653	0.0198	0.0099	0.0099	0.9703	0.1881	0.8218	0.0495	0.0099	0.0099	0.0198	0.0099	0.0099	0.0495	0.0099	0.0099	0.2673	0.0198	0.0594	0.0099	0.0099	0.0099	0.8317	0.0297	0.0099	0.0099	0.0198	0.0099	0.0099	0.1683	0.0693	0.5743	0.3861	0.1287	0.0594	0.0099	0.0099	0.0099	0.0099	0.0099	0.0099	0.1287	0.0099	0.0099	0.0099	0.0594	0.5149	0.0198	0.0891	0.0099	0.0099	0.8515	0.0099	0.0099	0.0099	0.0099	0.0099	0.2277	0.0099	0.0099	0.1683	0.9109	0.0198	0.0099	0.0099	0.0297	0.1188	0.7228	0.0099	0.0099	0.0099	0.2376	0.0594	0.0594	0.0099	0.0099	0.0099	0.0792	0.0297	0.0297	0.0099	0.0099	0.0990	0.0099	0.0990	0.0099	0.0099	0.0099	0.0099	0.0099	0.0099	0.2475	0.2376	0.0099	0.0099	0.0099	0.0099	0.0099	0.0099	0.4752
Actinomyces_graevenitzii	0.0099	0.0099	1.0000	0.0099	0.0099	0.0099	0.3168	0.0099	0.0099	0.0099	0.0099	0.0099	0.0099	0.7822	0.0099	0.0198	0.0099	0.4653	0.6436	0.0099	0.0099	0.0198	0.0198	0.1287	0.8515	0.0099	0.0198	0.0099	0.0099	0.0099	0.0198	0.0099	0.0198	0.0891	0.1188	0.7327	0.6733	0.0099	0.0297	0.7129	0.0099	0.3465	0.0198	0.6040	0.1287	0.0099	0.9703	0.0297	0.0099	0.0495	0.0594	0.7129	0.0099	0.7921	0.0396	0.0891	0.0198	0.0099	0.8416	0.0198	0.0099	0.0099	0.0990	0.8020	1.0000	0.0198	0.0099	0.1881	0.0297	0.0099	0.0099	0.0099	0.0099	0.0495	0.0396	0.0099	0.0099	0.0099	0.0099	0.0099	0.7327	0.0198	0.0099	0.0099	0.0396	0.0099	0.0099	0.5347	0.0693	0.0198	0.9901	0.0297	0.0297	0.0099	0.0099	0.0099	0.0099	0.0099	0.0198	0.0297	0.0099	0.0594	0.0099	0.5941	0.1287	0.1386	0.0297	0.0099	0.0099	0.7723	0.0099	0.0099	0.0099	0.0099	0.0297	0.2376	0.0099	0.0099	0.2277	0.2673	0.0297	0.0099	0.0099	0.0099	0.0297	0.7426	0.0099	0.0099	0.0099	0.7426	0.0099	0.0198	0.0099	0.0099	0.0594	0.0495	0.0495	0.3762	0.0495	0.0099	0.0198	0.0099	0.0396	0.0099	0.0099	0.0594	0.0198	0.0099	0.0099	0.1881	0.0099	0.0891	0.0099	0.0099	0.0099	0.0099	0.0099	0.6832
Actinomyces_odontolyticus	0.0297	0.0099	0.0099	1.0000	0.0099	0.0099	0.0099	0.0099	0.0099	0.0099	0.0099	0.0495	0.0099	0.0198	0.0099	0.0099	0.0198	0.1683	0.6733	0.0099	0.0990	0.0099	0.0099	0.2178	0.0099	0.0198	0.0099	0.0099	0.0099	0.4455	0.0297	0.0099	0.9505	0.6139	0.0297	0.4059	0.0396	0.0099	0.3267	0.0099	0.0495	0.5149	0.3861	0.1683	0.0495	0.0099	0.0990	0.6535	0.2475	0.0099	0.6634	0.5149	0.0099	0.2079	0.3168	0.0693	0.2376	0.0099	0.7030	0.1386	0.0099	0.0099	0.4851	0.6436	0.7228	0.0198	0.0099	0.0099	0.0099	0.0099	0.0099	0.0099	0.0099	0.0099	0.3960	0.0198	0.0099	0.0099	0.0495	0.0099	0.7723	0.0099	0.0099	0.0099	0.0099	0.0099	0.0099	0.2475	0.1287	0.0396	0.1287	0.8614	0.2871	0.1881	0.0099	0.0099	0.0099	0.0099	0.0099	0.0099	0.0099	0.0099	0.0099	0.1980	0.0198	0.0198	0.0099	0.1287	0.0099	0.9901	0.0297	0.0396	0.2178	0.0099	0.0099	0.4059	0.0693	0.2277	0.5347	0.0792	0.1386	0.0099	0.0099	0.0099	0.0099	0.4653	0.0099	0.0099	0.0099	0.4653	0.2574	0.0099	0.0099	0.0099	0.0099	0.1782	0.0099	0.0099	0.0099	0.0099	0.4950	0.0099	0.0099	0.0099	0.0099	0.0099	0.0099	0.0099	0.0099	0.6139	0.0297	0.0693	0.0099	0.0099	0.0099	0.0099	0.0099	0.0099
Actinomyces_oris	0.0099	0.0099	0.0099	0.0099	1.0000	0.0099	0.0099	0.0396	0.0099	0.0099	0.0099	0.0198	0.0099	0.8218	0.0198	0.0099	0.0099	0.4950	0.3168	0.0099	0.0099	0.0099	0.0099	0.7426	0.0099	0.0099	0.0099	0.0099	0.0099	0.8614	0.0495	0.0099	0.9802	0.6634	0.0099	0.5149	0.0099	0.0099	0.4455	0.0792	0.0099	0.1188	0.0792	0.1386	0.0099	0.0099	0.0594	0.8119	0.0396	0.0099	0.5545	0.0594	0.0099	0.0099	0.0198	0.0990	0.2871	0.0099	0.7228	0.0297	0.0099	0.0099	0.6832	0.3465	0.8218	0.0099	0.0099	0.0099	0.0099	0.0099	0.0099	0.0099	0.0099	0.0099	0.7723	0.0099	0.0099	0.0099	0.0099	0.0297	1.0000	0.0099	0.0099	0.0099	0.0099	0.0099	0.0099	0.0297	0.1584	0.0495	0.0792	0.1089	0.3960	0.0396	0.0297	0.0099	0.0099	0.0099	0.0099	0.0099	0.0099	0.0099	0.0099	0.1881	0.0099	0.0792	0.0099	0.0099	0.0099	0.9109	0.0198	0.0099	0.4059	0.0099	0.0099	0.5347	0.0099	0.2475	0.0693	0.2970	0.2376	0.0099	0.0099	0.0099	0.0099	0.0693	0.0099	0.0099	0.0099	0.1584	0.1980	0.0099	0.0099	0.0198	0.0099	0.1287	0.0099	0.0099	0.0099	0.0099	0.0099	0.0099	0.0099	0.0099	0.0099	0.0099	0.0099	0.0198	0.0099	0.4851	0.0198	0.0099	0.0198	0.0693	0.0396	0.0099	0.0495	0.0099
Actinomyces_sp_HMSC035G02	0.0099	0.0099	0.0099	0.0099	0.0099	1.0000	0.0099	0.0099	0.0099	0.0099	0.0099	0.0099	0.0099	0.0099	0.0099	0.0099	0.0099	0.2277	0.9505	0.0099	0.0099	0.0099	0.0099	0.4851	0.0099	0.0099	0.0099	0.0099	0.0099	0.1188	0.1188	0.0099	0.0792	0.7822	0.0099	0.4059	0.0396	0.0099	0.0297	0.0198	0.0099	0.6139	0.0099	0.0099	0.1782	0.0198	0.4554	0.9406	0.0099	0.0099	0.8317	0.3663	0.0099	0.4257	0.7525	0.0396	0.0099	0.0099	0.9010	0.2673	0.0099	0.0099	0.6535	0.7525	0.5050	0.0099	0.0099	0.1386	0.0495	0.0099	0.0099	0.0099	0.0099	0.0099	0.8911	0.0495	0.0099	0.0099	0.0099	0.0099	0.6337	0.0099	0.0099	0.0099	0.0099	0.0099	0.0099	0.0990	0.0198	0.2178	0.2772	0.1287	0.1584	0.0099	0.0099	0.0099	0.0099	0.0099	0.0099	0.0099	0.0099	0.0099	0.0099	0.0990	0.7822	0.0198	0.0099	0.0099	0.0099	0.8218	0.0099	0.0099	0.0099	0.0099	0.0099	0.6139	0.0099	0.0198	0.7030	0.0297	0.0396	0.0099	0.0099	0.0099	0.0099	0.9208	0.0099	0.0099	0.0099	0.3069	0.1881	0.0099	0.0099	0.0099	0.0297	0.0099	0.0198	0.0198	0.0099	0.0099	0.0495	0.0099	0.0099	0.0099	0.0099	0.0099	0.0099	0.0099	0.0099	0.0891	0.0099	0.2079	0.0099	0.0099	0.0099	0.0099	0.0099	0.0693
Actinomyces_sp_HPA0247	0.1188	0.4356	0.3168	0.0099	0.0099	0.0099	1.0000	0.6139	0.1485	0.0099	0.0099	0.0990	0.0594	0.1386	0.0396	0.0099	0.0297	0.5743	0.0594	0.0099	0.0891	0.2574	0.1584	0.0297	0.0099	0.0693	0.0099	0.1980	0.0099	0.9901	0.2376	0.0198	0.3663	0.3861	0.0099	0.8317	0.0198	0.0198	0.0297	0.0099	0.0198	0.3168	0.4851	0.0396	0.0099	0.0198	0.0297	0.0594	0.8317	0.0099	0.0099	0.9307	0.2772	0.2376	0.1386	0.1683	0.0396	0.0198	0.4059	0.0891	0.0099	0.0693	0.7723	0.6535	0.0594	0.1386	0.0198	0.0198	0.1386	0.0099	0.0099	0.0099	0.0198	0.0099	0.0693	0.5842	0.0099	0.0099	0.3366	0.0297	0.0297	0.0099	0.0099	0.0891	0.9406	0.1584	0.0099	0.1683	0.9802	0.0099	0.4950	0.1881	0.1683	0.9703	0.0198	0.0198	0.0594	0.0396	0.5149	0.0099	0.0198	0.0099	0.0099	0.4059	0.0297	0.0099	0.0099	0.6040	0.0297	0.3861	0.3168	0.4950	0.7228	0.0198	0.0099	0.5050	0.0099	0.5248	0.1089	0.2970	0.1089	0.0198	0.0099	0.1485	0.0099	0.0099	0.1881	0.0693	0.0099	0.0495	0.2574	0.0099	0.0198	0.0099	0.0099	0.0693	0.0099	0.0099	0.0198	0.3960	0.0792	0.1287	0.0099	0.4851	0.0099	0.0099	0.0099	0.0198	0.0099	0.3564	0.0495	0.3069	0.0396	0.0594	0.0198	0.0099	0.4950	0.1287
Actinomyces_sp_ICM47	0.0099	0.0099	0.0099	0.0099	0.0396	0.0099	0.6139	1.0000	0.0099	0.0099	0.0099	0.0198	0.0792	0.0099	0.0099	0.5743	0.0297	0.0099	0.1782	0.1287	0.1089	0.0099	0.1287	0.2277	0.1584	0.0099	0.4752	0.1089	0.0198	0.0099	0.7723	0.0495	0.0099	0.2079	0.0792	0.7129	0.7129	0.0099	0.6832	0.0891	0.0297	0.7327	0.4455	0.2772	0.5446	0.0792	0.7921	0.7921	0.0099	0.0099	0.8515	0.3663	0.0099	0.3762	0.0891	0.2871	0.0792	0.0099	0.7822	0.3267	0.0099	0.0198	0.3168	0.7228	0.8812	0.0099	0.0099	0.0891	0.2178	0.1881	0.0594	0.0099	0.0099	0.0099	0.0693	0.0297	0.2079	0.0099	0.0198	0.0099	0.7723	0.0099	0.0198	0.0099	0.0099	0.0099	0.0099	0.5149	0.0099	0.3465	0.9604	0.2673	0.0396	0.0099	0.0099	0.0099	0.0099	0.0099	0.0099	0.2772	0.0594	0.1089	0.0099	0.0198	0.0396	0.2772	0.0297	0.0297	0.0099	0.1386	0.0099	0.0099	0.0099	0.0198	0.8119	0.3465	0.0891	0.0396	0.0396	0.0099	0.0099	0.0099	0.1881	0.2376	0.0792	0.0099	0.0198	0.0297	0.0891	0.2970	0.0396	0.0990	0.0495	0.0099	0.1188	0.1881	0.8020	0.2277	0.0693	0.0099	0.4455	0.0099	0.1089	0.0099	0.0099	0.0297	0.0099	0.0099	0.0099	0.0099	0.0099	0.3960	0.0099	0.0099	0.0099	0.0297	0.0099	0.7426
Actinomyces_sp_S6_Spd3	0.0099	0.0198	0.0099	0.0099	0.0099	0.0099	0.1485	0.0099	1.0000	0.0099	0.0099	0.0099	0.0099	0.0198	0.0099	0.0198	0.0099	0.0099	0.1584	0.0099	0.0099	0.0099	0.0099	0.0495	0.0198	0.0099	0.0099	0.0099	0.0099	0.1485	0.0099	0.0099	0.0495	0.0297	0.0198	1.0000	0.5446	0.0099	0.0099	0.3366	0.0198	0.0990	0.0099	0.0693	0.3564	0.0099	0.6733	0.7426	0.0099	0.0099	0.7030	0.9604	0.0099	0.0891	0.4554	0.0099	0.0495	0.0099	0.4158	0.8416	0.0099	0.0099	0.2871	0.1881	0.9802	0.0099	0.0099	0.0891	0.0099	0.0099	0.0099	0.0099	0.0099	0.0396	0.0396	0.0099	0.0099	0.0099	0.0099	0.0099	0.9010	0.0099	0.0099	0.0099	0.0099	0.0099	0.0099	0.0891	0.0099	0.2673	0.3366	0.3762	0.0099	0.0099	0.0099	0.0099	0.0099	0.0099	0.0099	0.1584	0.0297	0.0198	0.0099	0.0792	0.0693	0.0297	0.0099	0.0099	0.0099	0.8020	0.0099	0.0099	0.0099	0.0099	0.0297	0.0198	0.0099	0.0099	0.1584	0.8020	0.1485	0.0099	0.0099	0.0792	0.0099	0.0693	0.0099	0.0099	0.0099	0.6337	0.0594	0.0099	0.0099	0.0099	0.0198	0.0396	0.6931	0.0099	0.0099	0.0099	0.1485	0.0099	0.0099	0.0099	0.0099	0.0099	0.0099	0.0099	0.0099	0.0099	0.0495	0.0396	0.0099	0.0099	0.0099	0.0099	0.0099	0.1188
Actinomyces_sp_oral_taxon_181	0.0099	0.0099	0.0099	0.0099	0.0099	0.0099	0.0099	0.0099	0.0099	1.0000	0.0099	0.0099	0.0099	0.2772	0.0099	0.0099	0.0099	0.3465	0.8020	0.0099	0.0297	0.0099	0.0099	0.1881	0.0099	0.0099	0.0099	0.0099	0.0099	0.0693	0.0198	0.0099	0.6238	0.0198	0.0891	0.7327	0.2574	0.0099	0.1386	0.2178	0.0198	0.7921	0.3168	0.2277	0.0891	0.0396	0.8911	0.7921	0.0099	0.0099	0.2178	0.8713	0.0099	0.0099	0.6040	0.0792	0.0396	0.0099	0.5347	0.0891	0.0099	0.0099	0.2574	0.1782	0.1881	0.0099	0.0099	0.0198	0.0099	0.0099	0.0099	0.0099	0.0099	0.0198	0.2475	0.0198	0.0198	0.0099	0.0099	0.0099	0.5842	0.0099	0.0099	0.0099	0.0099	0.0099	0.0099	0.2970	0.1683	0.0297	0.7723	0.1683	0.0594	0.0099	0.0099	0.0099	0.0099	0.0099	0.0099	0.0099	0.0099	0.0099	0.0099	0.1485	0.4851	0.0792	0.0198	0.0099	0.0099	0.9703	0.0099	0.0099	0.0099	0.0099	0.0099	0.5941	0.0099	0.0099	0.8020	0.0396	0.0297	0.0099	0.0099	0.0297	0.0099	0.3861	0.0099	0.0099	0.0099	0.4851	0.0297	0.0099	0.0099	0.0099	0.0099	0.0099	0.0891	0.0099	0.0099	0.0099	0.0891	0.0099	0.0099	0.0099	0.0099	0.0099	0.0099	0.0099	0.0099	0.0198	0.0198	0.0396	0.0099	0.0099	0.0099	0.0099	0.0693	0.0099
Actinomyces_sp_oral_taxon_448	0.0693	0.0099	0.0099	0.0099	0.0099	0.0099	0.0099	0.0099	0.0099	0.0099	1.0000	0.6436	0.0099	0.0396	0.0297	0.0099	0.0495	0.8218	0.2772	0.0099	0.8713	0.0198	0.0099	0.8317	0.0099	0.0099	0.0099	0.0297	0.0099	0.9307	0.1089	0.0099	0.0495	0.3465	0.0099	0.5842	0.0495	0.0099	0.4059	0.0099	0.0099	0.9406	0.2871	0.0198	0.0099	0.0396	0.5347	0.0297	0.0198	0.0099	0.4356	0.0198	0.0198	0.0099	0.0099	0.2079	0.0693	0.0099	0.3069	0.0099	0.0099	0.0099	1.0000	0.1089	0.1485	0.0396	0.0099	0.0099	0.0099	0.0099	0.0099	0.0099	0.0099	0.0099	0.0297	0.0792	0.0099	0.0099	0.0891	0.0198	0.7822	0.0099	0.0099	0.0099	0.0693	0.0099	0.0099	0.0099	0.9406	0.0099	0.0792	0.0099	0.3663	0.2970	0.0099	0.0099	0.0099	0.0099	0.0099	0.0099	0.0099	0.0099	0.0099	0.2277	0.0594	0.0099	0.0198	0.1386	0.0099	0.1386	0.0396	0.0099	0.9307	0.0099	0.0099	0.1287	0.0099	0.2772	0.6337	0.3960	0.0396	0.0099	0.0099	0.0495	0.0099	0.1188	0.0099	0.0099	0.0099	0.1386	0.3267	0.0099	0.0198	0.0099	0.0099	0.1188	0.0099	0.0099	0.0099	0.1683	0.0594	0.0594	0.0099	0.0198	0.0099	0.0099	0.0099	0.0099	0.0099	0.2574	0.1089	0.0099	0.0099	0.0297	0.0099	0.0099	0.0495	0.0099
Adlercreutzia_equolifaciens	0.0198	0.0099	0.0099	0.0495	0.0198	0.0099	0.0990	0.0198	0.0099	0.0099	0.6436	1.0000	0.2079	0.3762	0.0099	0.0297	0.0099	0.8515	0.0198	0.9208	0.0099	0.0099	0.0792	0.9703	0.0099	0.0495	0.0099	0.0198	0.0099	0.0495	0.1485	0.0099	0.2376	0.1089	0.0099	0.6436	0.3366	0.0099	0.0099	0.2376	0.0198	0.0099	0.0099	0.5743	0.3366	0.0099	0.1287	0.0099	0.0099	0.6436	0.0099	0.4950	0.0099	0.6733	0.0099	0.0099	0.0099	0.0198	0.0099	0.0099	0.0099	0.0198	0.0099	0.6832	0.1287	0.0495	0.2079	0.0297	0.1089	0.0099	0.0198	0.1287	0.8119	0.0198	0.0099	0.0990	0.1881	0.0099	0.0099	0.0792	0.0099	0.2475	0.0099	0.0099	0.0198	0.0099	0.0099	0.2574	0.0099	0.2376	0.0198	0.6436	0.0396	0.0099	0.0297	0.0495	0.0990	0.0594	0.7525	0.0990	0.0297	0.2376	0.0297	0.8911	0.0099	0.9307	0.2376	0.0099	0.0099	0.0099	0.0099	0.0099	0.0099	0.0099	0.0198	0.8812	0.0099	0.0099	0.0990	0.2673	0.5842	0.0396	0.0396	0.6436	0.8416	0.1089	0.4455	0.3762	0.1386	0.5347	0.0099	0.0990	0.0099	0.0693	0.0099	0.0099	0.0099	0.7228	0.2277	0.0198	0.3069	0.0099	0.6238	0.0198	0.0990	0.1386	0.0099	0.0693	0.1089	0.9901	0.0099	0.1287	0.0099	0.0099	0.0099	0.0099	0.0099	0.0891
Agathobaculum_butyriciproducens	0.0198	0.0099	0.0099	0.0099	0.0099	0.0099	0.0594	0.0792	0.0099	0.0099	0.0099	0.2079	1.0000	0.1287	0.5941	0.0594	0.2178	0.7921	0.4158	0.0099	0.1386	0.0099	0.0099	0.6139	0.0099	0.5149	0.1386	0.1386	0.0495	0.2970	0.7030	0.2376	0.0099	0.2178	0.0099	0.0099	0.0099	0.0099	0.5149	0.0099	0.0099	0.0396	0.0396	0.1386	0.0099	0.0198	0.0099	0.9208	0.0198	0.0099	0.1485	0.0099	0.0099	0.0099	0.7921	0.0198	0.0495	0.0099	0.9901	0.8317	0.0099	0.0099	0.1485	0.0891	0.2079	0.0198	0.0099	0.0099	0.0099	0.0099	0.0099	0.0099	0.0099	0.0099	0.1089	0.3663	0.0099	0.0099	0.6139	0.0198	0.6832	0.0099	0.0099	0.0099	0.0099	0.0099	0.0099	0.0792	0.0495	0.0099	0.0198	0.0198	0.1287	0.1485	0.0099	0.0099	0.0099	0.0099	0.0099	0.0198	0.0099	0.0099	0.0099	0.2772	0.0693	0.0099	0.0297	0.9010	0.0099	0.3366	0.8515	0.1188	0.7129	0.7822	0.0495	0.1782	0.2277	0.9406	0.2574	0.0099	0.4554	0.0099	0.0099	0.0099	0.0099	0.1881	0.0099	0.0099	0.0099	0.0099	0.5545	0.0099	0.0099	0.0099	0.0099	0.9406	0.1386	0.0099	0.0198	0.0198	0.2574	0.0099	0.0099	0.0099	0.1287	0.7921	0.0099	0.0297	0.0099	0.7129	0.0099	0.0099	0.0099	0.0198	0.0099	0.0099	0.0198	0.0099
Akkermansia_muciniphila	0.1287	0.2970	0.7822	0.0198	0.8218	0.0099	0.1386	0.0099	0.0198	0.2772	0.0396	0.3762	0.1287	1.0000	0.1584	0.9802	0.5842	0.1485	0.0693	0.0099	0.0495	0.3069	0.4554	0.0495	0.0099	0.8317	1.0000	0.2574	0.1485	0.2178	0.6931	0.8119	0.3168	0.2673	1.0000	0.2376	0.5248	0.0099	0.5644	0.0396	0.1188	0.0099	0.5545	0.0099	0.7525	0.8911	0.3267	0.3465	0.6238	0.0198	0.2277	0.5842	0.5149	0.8911	0.6832	0.3465	0.1287	0.0396	0.0099	0.8020	0.2673	0.5347	0.5149	0.7228	0.9406	0.0495	0.2178	0.0099	0.5545	0.3762	0.0297	0.0099	0.0099	0.9901	0.2673	0.1980	0.0099	0.3168	0.7624	0.0099	0.3069	0.0099	0.5842	0.0495	0.0198	0.0891	0.0495	0.1485	0.0693	0.4752	0.5149	0.9505	0.8713	0.3267	0.0693	0.0990	0.2871	0.1188	0.0099	0.0990	0.1782	0.0297	0.0198	0.0099	0.3564	0.0396	0.0099	0.2079	0.0990	0.0198	0.6337	0.3564	0.6139	0.6634	0.4653	0.5545	0.5446	0.4554	0.2673	0.0594	0.0198	0.0693	0.0297	0.0495	0.0198	0.0594	0.1386	0.0099	0.2970	0.0594	0.0396	0.0099	0.2376	0.0099	0.0198	0.0297	0.2574	0.4455	0.4257	0.1089	0.0297	0.0297	0.0099	0.3168	0.0099	0.0198	0.0594	0.0099	0.0198	0.0198	0.1188	0.1980	0.0198	0.0099	0.0099	0.6040	0.0099	0.1782
Alistipes_finegoldii	0.0198	0.0099	0.0099	0.0099	0.0198	0.0099	0.0396	0.0099	0.0099	0.0099	0.0297	0.0099	0.5941	0.1584	1.0000	0.0099	0.0099	0.2772	0.8911	0.2277	0.0099	0.0297	0.3168	0.5347	0.8515	0.0099	0.0099	0.0099	0.0099	0.0099	0.0099	0.0099	0.5347	0.0693	0.1386	0.0396	0.4158	0.0297	0.0099	0.0297	0.3861	0.1485	0.5644	0.2871	0.1089	0.0099	0.2970	0.1485	0.0099	0.6634	0.0099	0.9406	0.0099	0.9505	0.4158	0.0297	0.6634	0.1089	0.0297	0.0594	0.0693	0.0396	0.0099	0.6733	0.1584	0.1881	0.3465	0.1485	0.0297	0.0297	0.4752	0.8614	0.2970	0.0495	0.0891	0.0099	0.6436	0.0297	0.0099	0.3267	0.0693	0.5248	0.0099	0.0099	0.0198	0.0099	0.0594	0.0297	0.1188	0.6436	0.5644	0.7030	0.0099	0.0396	0.0198	0.0297	0.0297	0.0693	0.0990	0.0594	0.0099	0.0099	0.0297	0.4554	0.0099	0.5644	0.1980	0.0099	0.0198	0.0099	0.0099	0.0099	0.0099	0.0099	0.0099	0.0099	0.0099	0.0099	0.0297	0.5644	0.0990	0.0198	0.0792	0.0495	0.6238	0.0990	0.0198	0.0099	0.1782	0.8614	0.0099	0.0198	0.0099	0.0297	0.0099	0.0099	0.0891	0.4059	0.1980	0.0099	0.3267	0.0099	0.8416	0.0099	0.0198	0.0990	0.0198	0.0198	0.0693	0.9307	0.4257	0.0198	0.0099	0.0099	0.0099	0.0396	0.0099	0.6337
Alistipes_inops	0.0792	0.0099	0.0198	0.0099	0.0099	0.0099	0.0099	0.5743	0.0198	0.0099	0.0099	0.0297	0.0594	0.9802	0.0099	1.0000	0.0099	0.0099	0.0099	0.0495	0.0099	0.0099	0.0099	0.0495	0.0099	0.0099	0.0099	0.0099	0.0099	0.2475	0.0099	0.0099	0.0099	0.0792	0.0099	0.0099	0.1287	0.1089	0.0099	0.6931	0.0099	0.0099	0.0099	0.0099	0.0099	0.0099	0.0099	0.7426	0.8614	0.0594	0.0099	0.0099	0.0099	0.0099	0.0297	0.0198	0.6040	0.0396	0.1980	0.0099	0.4752	0.0396	0.0099	0.0594	0.9703	0.0396	0.0891	0.0099	0.0099	0.0099	0.0099	0.0198	0.0099	0.0099	0.0099	0.0198	0.0099	0.0099	0.0099	0.1980	0.0099	0.0099	0.0594	0.0198	0.0297	0.0099	0.0099	1.0000	0.2277	0.0099	0.0099	0.0099	0.3168	0.9703	0.0693	0.0198	0.0693	0.0297	0.0099	0.0099	0.0198	0.0099	0.0099	0.2178	0.0099	0.0297	0.1980	0.1386	0.0297	0.0891	0.0099	0.0099	0.0099	0.0099	0.0099	0.0099	0.0099	0.0099	0.0099	0.0198	0.3564	0.0099	0.0099	0.8317	0.0099	0.0099	0.0099	0.0099	0.0099	0.1287	0.0099	0.0099	0.0099	0.1188	0.0099	0.0099	0.0099	0.0099	0.0099	0.0297	0.0198	0.0594	0.0099	0.0099	0.0099	0.0099	0.0099	0.5248	0.0099	0.0495	0.6436	0.0099	0.1386	0.0198	0.0297	0.0099	0.0099	0.0099
Alistipes_onderdonkii	0.0693	0.0099	0.0099	0.0198	0.0099	0.0099	0.0297	0.0297	0.0099	0.0099	0.0495	0.0099	0.2178	0.5842	0.0099	0.0099	1.0000	0.0297	0.3762	0.6535	0.0099	0.0198	0.0099	0.7327	0.1089	0.0099	0.0099	0.0099	0.0099	0.0594	0.0099	0.0099	0.2970	0.2475	0.0396	0.0099	0.1683	0.0297	0.0099	0.0198	0.0099	0.0099	0.1287	0.5644	0.0297	0.0099	0.0594	0.5644	0.0297	0.9703	0.0099	0.0198	0.0099	0.1485	0.9901	0.0594	0.4653	0.0495	0.0099	0.0099	0.1485	0.0198	0.0099	0.2871	0.0198	0.0099	0.1584	0.0198	0.0099	0.0099	0.0099	0.1584	0.0990	0.0099	0.5743	0.0198	0.4950	0.0297	0.0099	0.3168	0.0099	0.6139	0.0396	0.0099	0.0297	0.0099	0.0099	0.0099	0.1980	0.3465	0.0198	0.8020	0.0099	0.0594	0.0693	0.0693	0.0297	0.0693	0.0297	0.0495	0.0396	0.0099	0.0396	0.4059	0.4752	0.7921	0.3564	0.0099	0.0297	0.0099	0.0099	0.0099	0.0099	0.0099	0.0099	0.0297	0.0099	0.0099	0.6931	0.3069	0.2673	0.0099	0.0099	0.0099	0.0495	0.9604	0.0198	0.0099	0.0099	0.9307	0.0099	0.4158	0.0099	0.1485	0.0099	0.0099	0.0099	0.0297	0.0198	0.0297	0.0396	0.0099	0.5941	0.0099	0.0099	0.0099	0.0099	0.0396	0.0198	0.2871	0.5149	0.0099	0.0198	0.0099	0.0099	0.0198	0.0099	0.1386
Alistipes_shahii	0.0990	0.9901	0.4653	0.1683	0.4950	0.2277	0.5743	0.0099	0.0099	0.3465	0.8218	0.8515	0.7921	0.1485	0.2772	0.0099	0.0297	1.0000	0.0099	0.7822	0.9802	0.4653	0.5050	0.0396	0.9604	0.0198	0.0099	0.0099	0.3267	0.0594	0.0099	0.0099	0.0099	0.0099	0.7129	0.0099	0.8614	0.0297	0.9505	0.5446	0.2871	0.5644	0.5347	0.0495	0.5644	0.3762	0.0198	0.9901	0.0396	0.0693	0.0099	0.0099	0.0198	0.1188	0.4653	0.3564	0.9307	0.0099	0.7921	0.0099	0.0099	0.4059	0.0099	0.2277	0.7327	0.5050	0.6040	0.0297	0.4455	0.6931	0.0495	0.5050	1.0000	0.6337	0.0099	0.0495	0.5644	0.0198	0.0990	0.0396	0.0099	0.3366	0.7921	0.1089	0.0891	0.0495	0.2079	0.4554	0.2970	0.2871	0.2277	0.0594	0.0099	0.2277	0.2277	0.5248	0.7327	0.9208	0.0891	0.8812	0.3960	0.9109	0.6139	0.0099	0.0198	0.6733	0.0198	0.0099	0.4851	0.0099	0.6832	0.7228	0.9901	0.9505	0.0099	0.0891	0.0792	0.9406	0.0099	0.0297	0.0099	0.1683	0.0693	0.0099	0.6040	0.0099	0.9901	0.6436	0.4851	0.8020	0.0693	0.4455	0.0594	0.1188	0.1881	0.4851	0.0099	0.9406	0.3861	0.0594	0.6436	0.0891	0.6931	0.2376	0.8812	0.8614	0.2376	0.1881	0.9505	0.0099	0.0396	0.6634	0.3465	0.7228	0.8515	0.5743	0.6634	0.0396
Anaeromassilibacillus_sp_An250	0.1386	0.7228	0.6436	0.6733	0.3168	0.9505	0.0594	0.1782	0.1584	0.8020	0.2772	0.0198	0.4158	0.0693	0.8911	0.0099	0.3762	0.0099	1.0000	0.9802	0.0198	0.5545	0.8911	0.0198	0.1683	0.6832	0.1683	0.6634	0.7426	0.0495	0.3267	0.0396	0.0099	0.0396	0.1386	0.2871	0.4455	0.5941	0.8911	0.7525	0.2871	0.1089	0.3069	0.0693	0.4455	0.0693	0.1584	0.0099	0.0297	0.0792	0.6931	0.0297	0.1287	0.3663	0.6337	0.5248	0.5347	0.3861	0.7327	0.1188	0.8911	0.9109	0.0792	0.3960	0.0099	0.5743	0.6238	0.3861	0.7030	0.5644	0.8713	0.9901	0.2376	0.4554	0.3069	0.7624	0.5644	0.8911	0.1782	0.0396	0.0594	0.8317	0.9109	0.7921	0.3465	0.4455	0.1485	0.8218	0.2871	0.0495	0.3168	0.0990	0.5347	0.0891	0.7525	0.2673	0.1386	0.4158	0.7426	0.4554	0.2871	0.8218	0.7426	0.6634	0.1782	0.9406	0.4257	0.6931	0.5941	0.0891	0.6040	0.6733	0.1782	0.3366	0.0693	0.3267	0.8713	0.2673	0.0297	0.0792	0.0099	0.0594	0.7822	0.1683	0.9307	0.0495	0.9406	0.6337	0.1386	0.0198	0.0297	0.2178	0.0297	0.1287	0.2970	0.8911	0.0099	0.7822	0.7624	0.8713	0.4158	0.5248	0.5248	0.5545	0.7624	0.1881	0.8911	0.8614	0.7228	0.0099	0.4059	0.0990	0.6634	0.2772	0.9703	0.2475	0.9109	0.0594
Anaerostipes_hadrus	0.0099	0.0594	0.0099	0.0099	0.0099	0.0099	0.0099	0.1287	0.0099	0.0099	0.0099	0.9208	0.0099	0.0099	0.2277	0.0495	0.6535	0.7822	0.9802	1.0000	0.7030	0.0099	0.0099	0.8416	0.0099	0.0198	0.0099	0.2475	0.0198	0.0396	0.4455	0.3366	0.5545	0.7921	0.0099	0.0396	0.0099	0.0099	0.0693	0.0099	0.0099	0.5941	0.0099	0.0099	0.0099	0.0792	0.0099	0.4851	0.0099	0.0099	0.0099	0.0297	0.0099	0.0099	0.0891	0.1188	0.0693	0.0099	0.1188	0.4455	0.0099	0.0099	0.0099	0.6337	0.0297	0.0099	0.0099	0.0099	0.0396	0.0099	0.0099	0.0099	0.0099	0.0099	0.0891	0.1584	0.0099	0.0099	0.4356	0.0198	0.0594	0.0099	0.0099	0.0099	0.0099	0.0198	0.0099	0.0099	0.0396	0.0099	0.0792	0.0099	0.0099	0.6931	0.0099	0.0099	0.0099	0.0099	0.0099	0.0099	0.0099	0.0198	0.0099	0.5446	0.0099	0.0099	0.0099	0.4356	0.0099	0.3267	0.1287	0.5347	0.0198	0.9208	0.0099	0.2772	0.7327	0.0099	0.0099	0.8911	0.1485	0.0099	0.0099	0.0099	0.0099	0.0198	0.0099	0.0099	0.0099	0.0099	0.2574	0.0099	0.1188	0.0099	0.0198	0.1188	0.0198	0.0099	0.0099	0.0792	0.0099	0.0099	0.0099	0.0099	0.0099	0.1089	0.0198	0.4356	0.0099	0.6040	0.2178	0.6040	0.0099	0.0099	0.0099	0.0099	0.0099	0.0099
Asaccharobacter_celatus	0.0297	0.0198	0.0099	0.0990	0.0099	0.0099	0.0891	0.1089	0.0099	0.0297	0.8713	0.0099	0.1386	0.0495	0.0099	0.0099	0.0099	0.9802	0.0198	0.7030	1.0000	0.0297	0.0792	0.7327	0.0099	0.0198	0.0099	0.0099	0.0099	0.1188	0.1485	0.0099	0.5743	0.2178	0.0099	0.5941	0.2673	0.0099	0.0099	0.2673	0.0099	0.0099	0.0099	0.4653	0.1089	0.0099	0.0099	0.0099	0.0297	0.7030	0.0099	0.2475	0.0099	0.5743	0.0099	0.0198	0.0198	0.0099	0.0099	0.0099	0.0099	0.0297	0.0099	0.3861	0.1485	0.0891	0.0792	0.0198	0.0792	0.0495	0.0396	0.0594	0.8317	0.0099	0.0099	0.0495	0.1881	0.0099	0.0099	0.2673	0.0099	0.2871	0.0099	0.0099	0.0594	0.0099	0.0099	0.5248	0.0099	0.2277	0.0396	0.8218	0.0099	0.0099	0.0198	0.0297	0.0495	0.0396	0.6337	0.0693	0.0297	0.0198	0.1683	0.8812	0.0297	0.8515	0.2772	0.0099	0.0099	0.0099	0.0099	0.0099	0.0099	0.0099	0.0099	0.8713	0.0099	0.0099	0.1089	0.0792	0.3663	0.0297	0.0396	0.4950	0.9703	0.3861	0.4356	0.3069	0.0792	0.5050	0.0099	0.0396	0.0099	0.0396	0.0099	0.0099	0.0099	0.5347	0.2277	0.0099	0.1386	0.0099	0.9406	0.0099	0.0792	0.1584	0.0099	0.1485	0.3465	0.6832	0.0099	0.0495	0.0099	0.0099	0.0099	0.0099	0.0099	0.1980
Atopobium_parvulum	0.0099	0.0099	0.0198	0.0099	0.0099	0.0099	0.2574	0.0099	0.0099	0.0099	0.0198	0.0099	0.0099	0.3069	0.0297	0.0099	0.0198	0.4653	0.5545	0.0099	0.0297	1.0000	0.0099	0.2178	0.0099	0.0198	0.0198	0.0099	0.0099	0.7129	0.0693	0.0099	0.7129	0.0891	0.0099	0.9901	0.0693	0.0099	0.9604	0.3069	0.0099	0.0099	0.0198	0.0099	0.0099	0.0099	0.0297	0.1089	0.0891	0.0099	0.0594	0.0099	0.0099	0.0792	0.7921	0.0099	0.4752	0.0099	0.8020	0.9406	0.0099	0.0099	0.5347	0.0792	0.0495	0.0099	0.0099	0.0099	0.0099	0.0099	0.0099	0.0099	0.0099	0.0099	0.2574	0.0099	0.0099	0.0099	0.0099	0.0099	0.3069	0.0099	0.0099	0.0099	0.0099	0.0099	0.0099	0.0198	0.0099	0.0099	0.0198	0.0297	0.1188	0.0495	0.0099	0.0099	0.0099	0.0099	0.0099	0.0297	0.0198	0.0396	0.0099	0.0297	0.4851	0.0297	0.0099	0.0495	0.0099	1.0000	0.0099	0.0099	0.0198	0.0099	0.0099	0.2475	0.0198	0.0198	0.2871	0.5248	0.7426	0.0198	0.0099	0.0099	0.0099	0.2574	0.0099	0.0099	0.0099	0.1485	0.0099	0.0099	0.0099	0.0099	0.0099	0.6931	0.0099	0.0099	0.0099	0.0198	0.3465	0.0099	0.6436	0.0099	0.0099	0.0099	0.0099	0.2376	0.0099	0.0198	0.0297	0.0099	0.0099	0.0099	0.0099	0.0099	0.0099	0.0198
Atopobium_rimae	0.0198	0.0297	0.0198	0.0099	0.0099	0.0099	0.1584	0.1287	0.0099	0.0099	0.0099	0.0792	0.0099	0.4554	0.3168	0.0099	0.0099	0.5050	0.8911	0.0099	0.0792	0.0099	1.0000	0.5050	0.0099	0.0495	0.0099	0.0099	0.0099	0.7426	0.0396	0.0099	0.6436	0.9307	0.0099	0.6733	0.1287	0.0099	0.6634	0.0297	0.0099	0.0099	0.0594	0.0198	0.0198	0.0198	0.0594	0.5248	0.0099	0.0099	0.4554	0.0099	0.0099	0.0693	0.8812	0.0099	0.3069	0.0099	0.6832	0.2673	0.0099	0.0099	0.5545	0.5149	0.6634	0.0099	0.0099	0.2376	0.0099	0.0099	0.0099	0.0099	0.0099	0.0099	0.2772	0.0099	0.0099	0.0099	0.0099	0.0099	0.4257	0.0099	0.0099	0.0099	0.0099	0.0099	0.0099	0.0297	0.0099	0.0099	0.0099	0.0297	0.4554	0.1782	0.0198	0.0099	0.0099	0.0099	0.0099	0.2475	0.0099	0.0396	0.0099	0.3465	0.0198	0.0099	0.6040	0.4257	0.0099	0.7723	0.0099	0.0099	0.1584	0.0495	0.0099	0.1089	0.0693	0.1188	0.4257	0.6436	0.2475	0.0099	0.0099	0.0198	0.0099	0.8020	0.0099	0.0099	0.0099	0.0792	0.0594	0.0099	0.0099	0.0099	0.0396	0.9109	0.0198	0.0099	0.0099	0.0495	0.0396	0.0099	0.1089	0.0099	0.0099	0.0099	0.0099	0.4752	0.0099	0.0198	0.0297	0.0099	0.0099	0.0099	0.0099	0.0099	0.0099	0.0198
Bacteroides_dorei	0.6436	0.2772	0.1287	0.2178	0.7426	0.4851	0.0297	0.2277	0.0495	0.1881	0.8317	0.9703	0.6139	0.0495	0.5347	0.0495	0.7327	0.0396	0.0198	0.8416	0.7327	0.2178	0.5050	1.0000	0.1881	0.0099	0.0099	0.0099	0.0099	0.0099	0.0396	0.4158	0.1881	0.0495	0.1089	0.4356	0.2574	0.6436	0.1287	0.7129	0.6337	0.1089	0.9901	0.1782	0.5842	0.0990	0.3663	0.9802	0.0990	0.9604	0.0198	0.0693	0.2673	0.1485	0.4356	0.8911	0.8020	0.8317	0.5446	0.6040	0.9109	0.2970	0.3564	0.5941	0.2475	0.3267	0.7822	0.1485	0.9901	0.5941	0.7426	0.9901	0.5941	1.0000	0.6040	0.7426	0.2475	0.5347	0.6931	0.0792	0.8020	0.1980	0.6733	0.5347	0.6139	0.1584	0.0099	0.8812	0.5050	0.0693	0.1386	0.0198	0.0990	0.0891	0.9307	0.5446	0.5743	0.5644	1.0000	0.3663	0.4950	0.7624	0.9901	0.6634	0.6436	0.8317	0.3465	0.8416	0.9505	0.2871	0.0198	0.7723	0.9406	0.0099	0.9109	0.2178	0.3069	0.1980	0.0297	0.0396	0.0495	0.8317	0.3861	0.7030	0.5743	0.1188	0.9901	0.2871	0.2277	0.0198	0.6535	0.0990	0.4455	0.9703	0.0198	0.1287	0.0198	0.9604	0.7525	0.1683	0.6535	0.1485	0.8317	0.1584	0.1188	0.1485	0.0792	0.3960	0.2277	0.0693	0.5248	0.1683	0.9703	0.6238	0.5149	0.5545	0.3762	0.4653
Bacteroides_fragilis	0.0099	0.1485	0.8515	0.0099	0.0099	0.0099	0.0099	0.1584	0.0198	0.0099	0.0099	0.0099	0.0099	0.0099	0.8515	0.0099	0.1089	0.9604	0.1683	0.0099	0.0099	0.0099	0.0099	0.1881	1.0000	0.0198	0.0099	0.0198	0.0099	0.0099	0.5941	0.0099	0.7723	0.0891	0.0099	0.2970	0.0099	0.0099	0.5743	0.0099	0.0099	0.8416	0.4158	0.0099	0.0099	0.2475	0.0099	0.0099	0.1089	0.0099	0.0099	0.0297	0.7228	0.0099	0.0099	0.5545	0.6436	0.0099	0.0099	1.0000	0.0099	0.0099	0.0594	0.2871	0.2673	0.0099	0.0099	0.0099	0.0099	0.0099	0.0099	0.0099	0.0099	0.0099	0.0099	0.0594	0.0099	0.0099	0.5743	0.0099	0.5248	0.0099	0.0099	0.0198	0.0198	0.0099	0.0099	0.0198	0.4752	0.0099	0.0396	0.0099	0.0693	0.1188	0.0099	0.0099	0.0198	0.0099	0.0099	0.0099	0.0099	0.0099	0.0099	0.1287	0.0099	0.0099	0.0099	0.3663	0.0099	0.0099	0.3663	0.0297	0.0495	0.7228	0.0099	0.0396	0.2772	0.3564	0.0099	0.7723	0.0792	0.0099	0.0099	0.0099	0.0099	0.0099	0.0099	0.0099	0.0099	0.0099	0.7327	0.0099	0.7525	0.0198	0.0198	0.2475	0.0495	0.0099	0.0099	0.0495	0.0099	0.0099	0.0099	0.0099	0.0099	0.0099	0.0198	0.0297	0.0099	0.4455	0.2574	0.0990	0.0198	0.1089	0.0297	0.0396	0.0594	0.0099
Bacteroides_ovatus	0.0099	0.0099	0.0099	0.0198	0.0099	0.0099	0.0693	0.0099	0.0099	0.0099	0.0099	0.0495	0.5149	0.8317	0.0099	0.0099	0.0099	0.0198	0.6832	0.0198	0.0198	0.0198	0.0495	0.0099	0.0198	1.0000	0.0099	0.0099	0.0099	0.1485	0.0099	0.0099	0.0297	0.3168	0.1683	0.0099	0.2673	0.0297	0.0099	0.1881	0.9802	0.0693	0.5545	0.1287	0.3267	0.0099	0.0297	0.5743	0.0891	0.6436	0.0099	0.3564	0.0099	0.2673	0.1683	0.0396	0.0693	0.2475	0.3663	0.0099	0.9208	0.7030	0.0198	0.4752	0.2673	0.1089	0.0693	0.0099	0.1881	0.0792	0.0099	0.0198	0.1188	0.0495	0.0297	0.1980	0.2079	0.0495	0.0099	0.6139	0.1881	0.0297	0.2772	0.0099	0.0990	0.0099	0.0099	0.3663	0.8812	0.0891	0.3366	0.7426	0.9208	0.8713	0.0396	0.0792	0.0198	0.0099	0.2871	0.0396	0.0693	0.0099	0.0099	0.1485	0.0594	0.0297	0.4950	0.1386	0.0198	0.0396	0.0099	0.0297	0.0693	0.0099	0.0099	0.0891	0.0099	0.0990	0.4356	0.8614	0.0594	0.0099	0.0099	0.1089	0.0099	0.0198	0.0099	0.0099	0.0693	0.5347	0.0693	0.0495	0.0099	0.4950	0.8317	0.0099	0.0099	0.0099	0.0891	0.0198	0.0198	0.0198	0.0099	0.0198	0.0099	0.0099	0.0099	0.0099	0.0099	0.3465	0.1683	0.1386	0.0792	0.0099	0.0693	0.3960	0.0693	0.0594
Bacteroides_stercoris	0.0297	0.0099	0.0198	0.0099	0.0099	0.0099	0.0099	0.4752	0.0099	0.0099	0.0099	0.0099	0.1386	1.0000	0.0099	0.0099	0.0099	0.0099	0.1683	0.0099	0.0099	0.0198	0.0099	0.0099	0.0099	0.0099	1.0000	0.0099	0.0099	0.7228	0.0099	0.0099	0.0099	0.5248	0.0099	0.0099	0.2871	0.0099	0.1287	0.2970	0.0099	0.7327	0.4158	0.0495	0.0396	0.0099	0.0198	0.4653	0.1584	0.0198	0.0297	0.4356	0.0099	0.0099	0.0297	0.3168	0.1287	0.0297	0.1980	0.0099	0.2673	0.3366	0.0495	0.4257	0.9802	0.2079	0.0198	0.0297	0.0198	0.0099	0.0099	0.0099	0.0495	0.0099	0.0297	0.0297	0.0099	0.0297	0.0198	0.4158	0.1584	0.0099	0.0594	0.0099	0.0891	0.0099	0.0198	0.3663	0.5050	0.0099	0.1980	0.4059	0.7327	0.9010	0.0099	0.0198	0.0198	0.0099	0.1782	0.0099	0.0792	0.0099	0.0099	0.0792	0.0198	0.0099	0.1188	0.0198	0.0297	0.4950	0.0099	0.0099	0.2178	0.0099	0.0099	0.0495	0.0099	0.9109	0.0099	0.1386	0.1089	0.0099	0.0099	0.8317	0.0099	0.0099	0.0099	0.0099	0.0099	0.9307	0.0495	0.0099	0.0099	0.2079	0.2079	0.0099	0.0099	0.0099	0.0099	0.0198	0.0693	0.0099	0.0099	0.0099	0.0099	0.0099	0.0099	0.5644	0.0099	0.4851	0.6535	0.1089	0.0297	0.0099	0.0198	0.0297	0.0198	0.0099
Bacteroides_thetaiotaomicron	0.0198	0.0099	0.0099	0.0099	0.0099	0.0099	0.1980	0.1089	0.0099	0.0099	0.0297	0.0198	0.1386	0.2574	0.0099	0.0099	0.0099	0.0099	0.6634	0.2475	0.0099	0.0099	0.0099	0.0099	0.0198	0.0099	0.0099	1.0000	0.0099	0.0396	0.0099	0.0099	0.1584	0.3960	0.0693	0.0099	0.9901	0.0297	0.0099	0.1089	0.0099	0.4752	0.2178	0.1089	0.1188	0.0099	0.0099	0.4356	0.0099	0.7030	0.0099	0.0990	0.0099	0.0297	0.5545	0.0099	0.8218	0.0594	0.7723	0.0099	0.1287	0.0099	0.0099	0.0099	0.0198	0.0099	0.0198	0.0099	0.0099	0.0099	0.0099	0.0198	0.0099	0.0198	0.9109	0.5149	0.0594	0.0495	0.0099	0.3168	0.0099	0.4257	0.1089	0.0099	0.0099	0.0099	0.0099	0.1089	0.1386	0.0891	0.0693	0.3960	0.0792	0.0396	0.0198	0.0099	0.0099	0.0099	0.0297	0.0693	0.0198	0.0099	0.0099	0.3861	0.6436	0.0990	0.0792	0.5050	0.0396	0.0099	0.0099	0.0099	0.0099	0.0099	0.0099	0.0099	0.0099	0.0099	0.9703	0.8812	0.9802	0.0099	0.0099	0.0693	0.0396	0.3960	0.0099	0.0099	0.2079	0.1584	0.0099	0.6040	0.0099	0.1386	0.2574	0.0099	0.0099	0.0099	0.0594	0.0099	0.0297	0.0099	0.2376	0.0099	0.0099	0.0198	0.0099	0.0396	0.0099	0.9109	0.1980	0.0099	0.0297	0.0099	0.0099	0.0396	0.0099	0.0495
Bacteroides_uniformis	0.0099	0.0099	0.0099	0.0099	0.0099	0.0099	0.0099	0.0198	0.0099	0.0099	0.0099	0.0099	0.0495	0.1485	0.0099	0.0099	0.0099	0.3267	0.7426	0.0198	0.0099	0.0099	0.0099	0.0099	0.0099	0.0099	0.0099	0.0099	1.0000	0.0990	0.0099	0.0099	0.0198	0.3267	0.0099	0.0099	0.3663	0.0099	0.0099	0.6535	0.0099	0.3960	0.0495	0.2079	0.1188	0.0099	0.0297	0.6040	0.0099	0.0495	0.0099	0.6832	0.0099	0.0198	0.3168	0.0198	0.9505	0.0099	0.1188	0.0099	0.0099	0.0099	0.0198	0.1089	0.3663	0.0396	0.0099	0.0099	0.0099	0.0099	0.0099	0.0099	0.0099	0.0099	0.4851	0.4059	0.0198	0.0099	0.0099	0.0495	0.0396	0.0198	0.0099	0.0099	0.0099	0.0099	0.0099	0.7327	0.0594	0.0198	0.0990	0.9505	0.0891	0.0198	0.0099	0.0099	0.0099	0.0099	0.0099	0.0099	0.0099	0.0099	0.0099	0.8515	0.5149	0.0495	0.0495	0.0099	0.0099	0.0099	0.0099	0.0099	0.0099	0.0099	0.0099	0.1386	0.0099	0.0198	0.5446	0.5941	0.2178	0.0099	0.0099	0.6931	0.0099	0.1188	0.0099	0.0099	0.0297	0.7723	0.0099	0.0099	0.0099	0.0099	0.0198	0.0099	0.0099	0.0099	0.0198	0.0099	0.0198	0.0099	0.0198	0.0099	0.0099	0.0099	0.0099	0.0099	0.0099	0.4851	0.0396	0.0198	0.0099	0.0099	0.0099	0.0099	0.0099	0.0099
Bacteroides_vulgatus	0.2079	0.2772	0.0099	0.4455	0.8614	0.1188	0.9901	0.0099	0.1485	0.0693	0.9307	0.0495	0.2970	0.2178	0.0099	0.2475	0.0594	0.0594	0.0495	0.0396	0.1188	0.7129	0.7426	0.0099	0.0099	0.1485	0.7228	0.0396	0.0990	1.0000	0.4752	0.1287	0.0198	0.5842	0.6535	0.5050	0.0099	0.7822	0.8515	0.0198	0.4950	0.9901	0.0297	0.1683	0.0594	0.5050	0.8515	0.7822	0.1089	0.0594	0.1485	0.0693	0.0198	0.0099	0.0198	0.2277	0.1386	0.8119	0.0099	0.5842	0.6931	0.3663	0.2079	0.2871	0.0099	0.7525	0.6337	0.1485	0.0891	0.8416	0.0297	0.0198	0.1881	0.4752	0.0198	0.0792	0.0198	0.3663	0.0099	0.6238	0.8218	0.1188	0.7723	0.1287	0.2673	0.0198	0.0495	0.0297	0.3663	0.4752	0.0594	0.5050	0.0792	0.0099	0.6832	0.8218	0.4554	0.5050	0.0693	0.7327	0.9208	0.6337	0.6337	0.4059	0.0099	0.1188	0.0990	0.5149	0.3564	0.1683	0.0099	0.0198	0.0099	0.0099	0.3366	0.5941	0.0198	0.0099	0.0099	0.2475	0.0792	0.2970	0.0396	0.1683	0.0990	0.0198	0.3663	0.8119	0.3465	0.0099	0.6733	0.3267	0.1089	0.2376	0.5941	0.0198	0.0198	0.3366	0.4653	0.2970	0.3564	0.0198	0.0990	0.7723	0.3366	0.0297	0.4653	0.0297	0.3762	0.0693	0.0396	0.5644	0.7921	0.8713	0.8020	0.8020	0.8614	0.0099
Bacteroides_xylanisolvens	0.3267	0.0297	0.0198	0.0297	0.0495	0.1188	0.2376	0.7723	0.0099	0.0198	0.1089	0.1485	0.7030	0.6931	0.0099	0.0099	0.0099	0.0099	0.3267	0.4455	0.1485	0.0693	0.0396	0.0396	0.5941	0.0099	0.0099	0.0099	0.0099	0.4752	1.0000	0.0099	0.1287	0.0693	0.5842	0.0099	0.2772	0.9406	0.0495	0.5842	0.0297	0.8911	0.0297	0.0099	0.8614	0.0495	0.9307	0.2178	0.0198	0.8515	0.0099	0.0891	0.0099	0.0099	0.1584	0.0495	0.8614	0.8812	0.8713	0.7030	0.5149	0.0297	0.4455	0.0396	0.6139	0.0693	0.1089	0.1584	0.0396	0.0198	0.0099	0.7129	0.6436	0.6040	0.9406	0.3960	0.3267	0.0594	0.0099	0.4257	0.0693	0.8020	0.2772	0.0099	0.0099	0.0099	0.0891	0.2970	0.0099	0.9109	0.7426	0.7525	0.0297	0.0792	0.0792	0.0099	0.0099	0.0099	0.0792	0.7525	0.2970	0.3267	0.0198	0.5248	0.0594	0.2277	0.5050	0.5743	0.0198	0.4257	0.0099	0.0099	0.0099	0.0099	0.0297	0.0099	0.0099	0.0099	0.9901	0.0099	0.9208	0.1584	0.0099	0.0792	0.7228	0.7228	0.0099	0.0099	0.4851	0.0990	0.0792	0.9604	0.0297	0.1485	0.7426	0.1287	0.0396	0.0693	0.3366	0.0099	0.4851	0.0099	0.6238	0.0198	0.1287	0.0792	0.0198	0.1683	0.0990	0.4752	0.0099	0.1386	0.0198	0.0099	0.0099	0.0594	0.0297	0.0297
Barnesiella_intestinihominis	0.0099	0.0099	0.0099	0.0099	0.0099	0.0099	0.0198	0.0495	0.0099	0.0099	0.0099	0.0099	0.2376	0.8119	0.0099	0.0099	0.0099	0.0099	0.0396	0.3366	0.0099	0.0099	0.0099	0.4158	0.0099	0.0099	0.0099	0.0099	0.0099	0.1287	0.0099	1.0000	0.0099	0.8020	0.0099	0.0099	0.9010	0.0099	0.0099	0.4653	0.0099	0.0099	0.0297	0.0099	0.0099	0.0099	0.0099	0.9802	0.0792	0.9406	0.0099	0.0099	0.0099	0.0099	0.0495	0.0099	0.1386	0.0495	0.1881	0.0099	0.1386	0.0099	0.0099	0.0198	0.1386	0.0099	0.0990	0.0099	0.0099	0.0099	0.0099	0.0099	0.0198	0.0099	0.1782	0.0099	0.0099	0.0099	0.0099	0.2871	0.0099	0.0198	0.0495	0.0099	0.0099	0.0099	0.0099	0.1683	0.0792	0.0198	0.0099	0.0198	0.1980	0.2079	0.0297	0.0198	0.0099	0.0099	0.0099	0.0099	0.0099	0.0099	0.0198	0.9406	0.0495	0.0594	0.3960	0.0297	0.0198	0.0297	0.0099	0.0099	0.0099	0.0099	0.0099	0.0099	0.0099	0.0099	0.0693	0.1683	0.7822	0.0099	0.0099	0.6733	0.0198	0.0396	0.0099	0.0099	0.0099	0.7525	0.0099	0.1782	0.0099	0.0396	0.0099	0.0099	0.0099	0.0099	0.0099	0.0198	0.0099	0.0099	0.0990	0.0099	0.0099	0.0099	0.0099	0.0792	0.0099	0.6436	0.7525	0.0099	0.0198	0.0099	0.0099	0.0297	0.0099	0.0099
Bifidobacterium_adolescentis	0.3465	0.6832	0.0198	0.9505	0.9802	0.0792	0.3663	0.0099	0.0495	0.6238	0.0495	0.2376	0.0099	0.3168	0.5347	0.0099	0.2970	0.0099	0.0099	0.5545	0.5743	0.7129	0.6436	0.1881	0.7723	0.0297	0.0099	0.1584	0.0198	0.0198	0.1287	0.0099	1.0000	0.4158	0.2178	0.0099	0.8020	0.1386	0.5347	0.3762	0.5545	0.5149	0.4554	0.7228	0.6634	0.8713	0.4851	0.3663	0.0099	0.1386	0.1089	0.6337	0.0990	0.0990	0.0198	0.4257	0.0792	0.0099	0.9010	0.0792	0.0099	0.0099	0.0891	0.3168	0.0297	0.2475	0.1386	0.0891	0.7624	0.4950	0.0297	0.5149	0.9604	0.5545	0.0099	0.9208	0.7921	0.0099	0.8713	0.0099	0.5743	0.9406	0.0198	0.1386	0.0693	0.0297	0.4653	0.3861	0.0198	0.0099	0.9802	0.6436	0.1188	0.1782	0.2475	0.0891	0.0693	0.2376	0.9109	0.7624	0.8416	0.9703	0.4158	0.7822	0.0099	0.3663	0.4950	0.4059	0.1386	0.4554	0.8614	0.2574	0.0396	0.1188	0.0099	0.0693	0.1782	0.3069	0.0396	0.0396	0.0297	0.5050	0.3465	0.0693	0.8317	0.0099	0.9010	0.7129	0.8812	0.8218	0.0990	0.8317	0.5347	0.6535	0.8515	0.6832	0.0099	0.1188	0.5842	0.0990	0.6832	0.1188	0.6238	0.3960	0.6535	0.2772	0.0297	0.3366	0.2079	0.1584	0.0099	0.7327	0.0891	0.1485	0.1386	0.4158	0.3069	0.0198
Bifidobacterium_bifidum	0.3168	0.4950	0.0891	0.6139	0.6634	0.7822	0.3861	0.2079	0.0297	0.0198	0.3465	0.1089	0.2178	0.2673	0.0693	0.0792	0.2475	0.0099	0.0396	0.7921	0.2178	0.0891	0.9307	0.0495	0.0891	0.3168	0.5248	0.3960	0.3267	0.5842	0.0693	0.8020	0.4158	1.0000	0.2772	0.6535	0.3267	0.1287	0.6931	0.3267	0.3663	0.6634	0.9901	0.5347	0.1386	0.1485	0.1584	0.5842	0.9208	0.1782	0.6238	0.0990	0.0990	0.2178	0.1584	0.4554	0.4158	0.1980	0.0792	0.1683	0.7426	0.1683	0.2079	0.4059	0.5446	0.6139	0.4950	0.8020	0.0891	0.9307	1.0000	0.5842	0.8119	0.6733	0.0792	0.1089	0.6931	0.1683	0.4356	0.1485	0.0396	0.2574	0.4158	0.0099	0.0495	0.0495	0.9307	0.5842	0.8119	0.6238	0.1287	0.0099	0.2079	0.5347	0.3663	0.0198	0.0495	0.0198	0.0099	0.6436	0.0594	0.7525	0.3168	0.0693	0.6040	0.6337	0.0891	0.0297	0.4158	0.2277	0.2871	0.1584	0.1485	0.4257	0.2970	0.3267	0.8515	0.2871	0.4554	0.3762	0.0099	0.3564	0.9703	0.6337	0.1485	0.0099	0.1089	0.3465	0.9604	0.1386	0.7327	0.3861	0.3663	0.1980	0.3069	0.8911	0.0099	0.2079	0.5941	0.6139	0.9406	0.0594	0.1683	0.5149	0.9010	0.3960	0.0099	0.0594	0.3762	0.0099	0.8020	0.8218	0.6337	0.5248	0.3465	0.3267	0.1584	0.7723
Bifidobacterium_dentium	0.4059	0.0099	0.1188	0.0297	0.0099	0.0099	0.0099	0.0792	0.0198	0.0891	0.0099	0.0099	0.0099	1.0000	0.1386	0.0099	0.0396	0.7129	0.1386	0.0099	0.0099	0.0099	0.0099	0.1089	0.0099	0.1683	0.0099	0.0693	0.0099	0.6535	0.5842	0.0099	0.2178	0.2772	1.0000	0.7327	0.2178	0.0099	0.0198	0.1683	0.0099	0.0099	0.0495	0.0099	0.0198	0.0099	0.0693	0.4851	0.7228	0.0099	0.5050	0.0099	0.1188	0.0099	0.0099	0.0099	0.5248	0.0099	0.7426	0.0198	0.0099	0.0099	0.3465	0.3465	0.8317	0.0693	0.0198	0.0396	0.0099	0.0198	0.0099	0.0099	0.0099	0.0099	0.8020	0.0099	0.0099	0.0099	0.0198	0.1287	0.0594	0.0099	0.0297	0.0297	0.0099	0.0297	0.0099	0.5545	0.2673	0.0099	0.0198	0.3366	0.6337	0.6040	0.0099	0.0099	0.0297	0.0099	0.0297	0.0297	0.0099	0.0099	0.0099	0.4158	0.0396	0.0198	0.4257	0.0099	0.0396	0.9406	0.0396	0.0099	0.0495	0.0891	0.0099	0.0198	0.0099	0.0594	0.5050	0.8119	0.0792	0.0099	0.0099	0.1089	0.0099	0.8614	0.0099	0.1089	0.0099	0.2277	0.0099	0.0099	0.0099	0.3465	0.0099	0.0198	0.0099	0.0099	0.0099	0.4257	0.3366	0.2970	0.0099	0.0198	0.0198	0.0099	0.0099	0.1683	0.0198	0.1386	0.4653	0.0594	0.0099	0.0198	0.0297	0.0099	0.0099	0.0099
Bifidobacterium_longum	0.6535	0.3762	0.7327	0.4059	0.5149	0.4059	0.8317	0.7129	1.0000	0.7327	0.5842	0.6436	0.0099	0.2376	0.0396	0.0099	0.0099	0.0099	0.2871	0.0396	0.5941	0.9901	0.6733	0.4356	0.2970	0.0099	0.0099	0.0099	0.0099	0.5050	0.0099	0.0099	0.0099	0.6535	0.7327	1.0000	0.0693	0.1386	0.0594	0.0297	0.6535	0.8515	0.4158	0.7525	0.2178	0.0495	0.7030	0.9703	0.0198	0.9901	0.0099	0.1386	0.2079	0.7030	0.4158	0.5545	0.2970	0.0099	0.9010	0.0792	0.0099	0.0099	0.0099	0.0099	0.4059	0.2178	0.1584	0.1782	0.1188	0.9406	0.0099	0.1485	0.2673	0.0396	0.0099	0.2277	0.5347	0.0396	0.0495	0.2079	0.0396	0.4158	0.0198	0.2376	0.4851	0.7921	0.9208	0.0198	0.2970	0.1980	0.4950	0.3267	0.5842	0.9901	0.0990	0.0594	0.1881	0.1287	0.9208	0.3960	0.0792	0.2079	0.1089	0.2673	0.6733	0.8218	0.2772	0.6535	0.1089	0.4950	0.0099	0.4158	0.4059	0.0099	0.0099	0.0099	0.0297	0.3762	0.3762	0.0198	0.4752	0.1089	0.0792	0.0099	0.4059	0.0099	0.9010	0.1485	0.8416	0.1386	0.0099	0.4653	0.0990	0.2277	0.5050	0.0099	0.0099	0.8218	0.9901	0.7228	0.7624	0.7327	0.3663	0.8713	0.0594	0.0297	0.6535	0.3465	0.3960	0.7822	0.0198	0.7228	0.0792	0.9406	0.9307	0.1881	0.4455	0.1485
Bilophila_wadsworthia	0.0198	0.8911	0.6733	0.0396	0.0099	0.0396	0.0198	0.7129	0.5446	0.2574	0.0495	0.3366	0.0099	0.5248	0.4158	0.1287	0.1683	0.8614	0.4455	0.0099	0.2673	0.0693	0.1287	0.2574	0.0099	0.2673	0.2871	0.9901	0.3663	0.0099	0.2772	0.9010	0.8020	0.3267	0.2178	0.0693	1.0000	0.0495	0.8515	0.0099	0.1188	0.0891	0.6337	0.0396	0.0099	0.5644	0.0099	1.0000	0.9010	0.0297	0.0099	0.6535	0.8614	0.0099	0.0099	0.6535	0.0792	0.0198	0.2574	0.4950	0.0198	0.0297	0.0198	0.9010	0.4059	0.7327	0.0297	0.0297	0.8020	0.2970	0.2871	0.0099	0.0099	0.0198	0.5050	0.5347	0.0099	0.1485	0.2277	0.0198	0.8812	0.0099	0.0198	0.8812	0.6733	0.7228	0.0297	0.0099	0.4950	0.0396	0.3168	0.0099	0.0099	0.6436	0.0099	0.0693	0.1287	0.0198	0.2178	0.0099	0.0099	0.0198	0.0099	0.2673	0.0099	0.0099	0.3663	0.2475	0.1584	0.3366	0.0396	0.3663	0.0198	0.8713	0.1782	0.2277	0.3564	0.0792	0.0198	0.1188	0.8020	0.8119	0.0693	0.0297	0.0099	0.1089	0.0396	0.2970	0.0396	0.0297	0.1584	0.0099	0.9604	0.0891	0.2772	0.0297	0.0891	0.0198	0.0099	0.8911	0.7921	0.2475	0.0099	0.7228	0.2475	0.9010	0.8416	0.7030	0.4158	0.3267	0.0297	0.4356	0.0198	0.3465	0.6040	0.1782	0.1089	0.0099
Blautia_obeum	0.0099	0.0099	0.0099	0.0099	0.0099	0.0099	0.0198	0.0099	0.0099	0.0099	0.0099	0.0099	0.0099	0.0099	0.0297	0.1089	0.0297	0.0297	0.5941	0.0099	0.0099	0.0099	0.0099	0.6436	0.0099	0.0297	0.0099	0.0297	0.0099	0.7822	0.9406	0.0099	0.1386	0.1287	0.0099	0.1386	0.0495	1.0000	0.0990	0.0099	0.0099	0.0099	0.0099	0.0198	0.0099	0.0198	0.0594	0.4851	0.0099	0.0099	0.0693	0.0198	0.0099	0.0198	0.4158	0.0099	0.0198	0.0099	0.1089	0.3762	0.0099	0.0099	0.2277	0.0891	0.5248	0.0099	0.0099	0.0198	0.0099	0.0099	0.0099	0.0099	0.0099	0.0099	1.0000	0.0198	0.0099	0.0099	0.0297	0.0198	0.7624	0.0099	0.0099	0.0099	0.0099	0.0099	0.0099	0.0099	0.0099	0.0099	0.0198	0.4653	0.0594	0.0099	0.0099	0.0099	0.0099	0.0099	0.0099	0.0099	0.0099	0.0099	0.0099	0.0396	0.1287	0.0099	0.0297	0.0792	0.0099	0.5149	0.2178	0.0099	0.2079	0.0099	0.0099	0.0891	0.0495	0.2574	0.7129	0.0099	0.0099	0.0297	0.0099	0.0099	0.0099	0.2970	0.0099	0.0099	0.0099	0.3168	0.0495	0.0099	0.0099	0.0099	0.0099	0.1683	0.0099	0.0099	0.0099	0.0099	0.0099	0.0099	0.0396	0.0099	0.0099	0.0099	0.0099	0.0198	0.0099	0.1980	0.0099	0.0099	0.0099	0.0099	0.0099	0.0099	0.0099	0.0594
Blautia_sp_CAG_257	0.7129	0.1188	0.0297	0.3267	0.4455	0.0297	0.0297	0.6832	0.0099	0.1386	0.4059	0.0099	0.5149	0.5644	0.0099	0.0099	0.0099	0.9505	0.8911	0.0693	0.0099	0.9604	0.6634	0.1287	0.5743	0.0099	0.1287	0.0099	0.0099	0.8515	0.0495	0.0099	0.5347	0.6931	0.0198	0.0594	0.8515	0.0990	1.0000	0.0198	0.0297	0.0099	0.1287	0.7822	0.0594	0.0099	0.0099	0.1188	0.5050	0.6139	0.0099	0.0990	0.0099	0.0099	0.5347	0.0099	0.8317	0.1089	0.7921	0.1188	0.5941	0.3663	0.0099	0.1287	0.1188	0.7030	0.7327	0.1089	0.0099	0.3267	0.0891	0.4158	0.4356	0.5941	0.8812	0.3465	0.3762	0.0693	0.0099	0.1782	0.0099	0.7129	0.4950	0.0099	0.0198	0.0099	0.0099	0.0099	0.2871	0.7525	0.0297	0.3861	0.1287	0.4455	0.9901	0.6337	0.6436	0.7327	0.1584	0.3366	0.0495	0.0198	0.7228	0.6238	0.9109	0.9208	0.7030	0.0792	0.6535	0.0099	0.0099	0.0099	0.0099	0.0099	0.0099	0.0594	0.0099	0.0099	0.1683	0.6832	0.4158	0.1287	0.1485	0.0099	0.1980	0.4257	0.3960	0.0495	0.1485	0.4950	0.0099	0.7921	0.0099	0.9802	0.0396	0.0099	0.0099	0.0693	0.6733	0.0198	0.4851	0.0099	0.6337	0.0594	0.0792	0.0297	0.0099	0.0495	0.1584	0.9307	0.9703	0.0297	0.7822	0.9307	0.4653	1.0000	0.2178	0.4752
Blautia_wexlerae	0.0198	0.8218	0.7129	0.0099	0.0792	0.0198	0.0099	0.0891	0.3366	0.2178	0.0099	0.2376	0.0099	0.0396	0.0297	0.6931	0.0198	0.5446	0.7525	0.0099	0.2673	0.3069	0.0297	0.7129	0.0099	0.1881	0.2970	0.1089	0.6535	0.0198	0.5842	0.4653	0.3762	0.3267	0.1683	0.0297	0.0099	0.0099	0.0198	1.0000	0.0297	0.0198	0.1881	0.0594	0.0198	0.5248	0.3069	0.2376	0.1089	0.0099	0.0099	0.3168	0.8416	0.0495	0.1386	0.9109	0.1485	0.0099	0.1683	0.4257	0.0099	0.1188	0.0099	0.7822	0.0099	0.0198	0.0099	0.0198	0.4059	0.0099	0.0099	0.0099	0.0099	0.0099	0.0099	0.9406	0.0099	0.0099	0.0099	0.0990	0.0198	0.0099	0.0099	0.1782	0.2871	0.5842	0.0198	0.0099	0.1386	0.0198	0.3069	0.5446	0.0297	0.9703	0.0099	0.0099	0.0099	0.0099	0.2376	0.0099	0.4653	0.5842	0.0099	0.7129	0.0495	0.0099	0.0198	0.0396	0.0099	0.0099	0.0099	0.3960	0.0099	0.0396	0.1188	0.1287	0.0693	0.0099	0.0099	0.8515	0.1188	0.2574	0.0099	0.0099	0.0099	0.0099	0.0099	0.0198	0.0099	0.0099	0.0198	0.0099	0.3069	0.0099	0.5644	0.0099	0.5347	0.0198	0.3564	0.6733	0.0198	0.0891	0.0099	0.3564	0.0594	0.4455	0.1485	0.4950	0.0396	0.6436	0.8119	0.3861	0.0099	0.0990	0.0099	0.0099	0.1485	0.0099
Clostridium_aldenense	0.0099	0.5347	0.0099	0.0495	0.0099	0.0099	0.0198	0.0297	0.0198	0.0198	0.0099	0.0198	0.0099	0.1188	0.3861	0.0099	0.0099	0.2871	0.2871	0.0099	0.0099	0.0099	0.0099	0.6337	0.0099	0.9802	0.0099	0.0099	0.0099	0.4950	0.0297	0.0099	0.5545	0.3663	0.0099	0.6535	0.1188	0.0099	0.0297	0.0297	1.0000	0.0099	0.0099	0.0099	0.0099	0.0099	0.0099	0.1188	0.0099	0.0099	0.0297	0.0099	0.0099	0.0099	0.8812	0.0495	0.0099	0.0099	0.6139	0.2277	0.0099	0.0099	0.5149	0.0198	0.3762	0.0099	0.0198	0.6634	0.0099	0.0099	0.0099	0.0099	0.0099	0.0099	0.5050	0.1386	0.0099	0.0099	0.0099	0.0099	0.1089	0.0099	0.0099	0.0198	0.0198	0.0198	0.0099	0.0693	0.0099	0.0099	0.0099	0.0396	0.2475	0.0297	0.0099	0.0099	0.0099	0.0099	0.0099	0.0099	0.0099	0.0693	0.0099	0.3960	0.2574	0.0396	0.0099	0.0693	0.0099	0.6436	0.0099	0.0198	0.0594	0.0396	0.0099	0.1485	0.0099	0.0495	0.2079	0.7822	0.3366	0.0099	0.0099	0.1188	0.0099	0.5743	0.0099	0.0099	0.0099	0.4356	0.0099	0.0099	0.0099	0.0099	0.0198	0.0693	0.0198	0.0099	0.0099	0.0198	0.0990	0.0099	0.0891	0.0099	0.0198	0.0198	0.0099	0.6634	0.0297	0.8911	0.1287	0.0099	0.0099	0.0099	0.0099	0.0099	0.0099	0.0396
Clostridium_bolteae	0.8317	0.0792	0.3465	0.5149	0.1188	0.6139	0.3168	0.7327	0.0990	0.7921	0.9406	0.0099	0.0396	0.0099	0.1485	0.0099	0.0099	0.5644	0.1089	0.5941	0.0099	0.0099	0.0099	0.1089	0.8416	0.0693	0.7327	0.4752	0.3960	0.9901	0.8911	0.0099	0.5149	0.6634	0.0099	0.8515	0.0891	0.0099	0.0099	0.0198	0.0099	1.0000	0.0099	0.0198	0.0099	0.0099	0.0099	0.1782	0.5149	0.5743	0.1089	0.0099	0.0495	0.8119	0.4752	0.0198	0.8119	0.0594	0.0099	0.0396	0.0099	0.0495	0.0297	0.1386	0.0198	0.2673	0.7822	0.2475	0.0099	0.1980	0.1089	0.3465	0.2574	0.0099	0.1386	0.4653	0.3267	0.0099	0.0099	0.9505	0.0198	0.9010	0.0396	0.3465	0.1287	0.1881	0.0099	0.3168	0.0990	0.4455	0.0099	0.2574	0.7723	0.1782	0.8713	0.6931	0.5347	0.4158	0.1188	0.6238	0.0297	0.1980	0.5446	0.2574	0.4158	0.5347	0.1683	0.0396	0.1881	0.0099	0.0594	0.0099	0.0099	0.6436	0.0297	0.5446	0.0099	0.0099	0.6931	0.2475	0.0297	0.2673	0.2079	0.0495	0.2772	0.1188	0.5842	0.3465	0.0099	0.5050	0.0099	0.9802	0.0099	0.8812	0.0099	0.0297	0.0099	0.6733	0.0891	0.1188	0.4059	0.6238	0.0396	0.0198	0.8020	0.6337	0.0792	0.1287	0.7426	0.4752	0.0990	0.0099	0.0990	0.2178	0.1683	0.0099	0.0495	0.9604
Clostridium_bolteae_CAG_59	0.2376	0.0099	0.0198	0.3861	0.0792	0.0099	0.4851	0.4455	0.0099	0.3168	0.2871	0.0099	0.0396	0.5545	0.5644	0.0099	0.1287	0.5347	0.3069	0.0099	0.0099	0.0198	0.0594	0.9901	0.4158	0.5545	0.4158	0.2178	0.0495	0.0297	0.0297	0.0297	0.4554	0.9901	0.0495	0.4158	0.6337	0.0099	0.1287	0.1881	0.0099	0.0099	1.0000	0.0198	0.0099	0.0099	0.5545	0.0198	0.0099	0.0198	0.6733	0.0099	0.0396	0.5545	0.1584	0.1089	0.2574	0.0396	0.3267	0.0297	0.0099	0.0099	0.2277	0.2376	0.7327	0.0297	0.0297	0.5347	0.0099	0.0099	0.0099	0.0297	0.0396	0.0198	0.2475	0.0990	0.0396	0.0099	0.0099	0.0297	0.7525	0.0396	0.0099	0.0099	0.0594	0.0693	0.0099	0.7228	0.0099	0.6139	0.0099	0.2178	0.2574	0.0297	0.0495	0.0099	0.0099	0.0297	0.0099	0.0693	0.0396	0.5149	0.3069	0.4158	0.3861	0.5050	0.7327	0.0792	0.1980	0.1584	0.1683	0.0099	0.0594	0.7624	0.0396	0.2673	0.1782	0.1683	0.1089	0.6040	0.5050	0.0495	0.0297	0.0396	0.0891	0.3267	0.0297	0.1485	0.0594	0.2277	0.0297	0.1287	0.0099	0.2475	0.0099	0.5644	0.0198	1.0000	0.0297	0.0099	0.0099	0.0495	0.7525	0.0099	0.2772	0.7624	0.0297	0.6733	0.0891	0.5050	0.1881	0.0198	0.0198	0.0396	0.0297	0.0099	0.0297	0.3762
Clostridium_citroniae	0.1287	0.2574	0.6040	0.1683	0.1386	0.0099	0.0396	0.2772	0.0693	0.2277	0.0198	0.5743	0.1386	0.0099	0.2871	0.0099	0.5644	0.0495	0.0693	0.0099	0.4653	0.0099	0.0198	0.1782	0.0099	0.1287	0.0495	0.1089	0.2079	0.1683	0.0099	0.0099	0.7228	0.5347	0.0099	0.7525	0.0396	0.0198	0.7822	0.0594	0.0099	0.0198	0.0198	1.0000	0.0099	0.0297	0.0099	0.3366	0.1386	0.0099	0.4653	0.0099	0.8515	0.0099	0.2574	0.5644	0.0495	0.0099	0.0495	0.3762	0.0495	0.0099	0.6337	0.0099	0.5050	0.0099	0.0099	0.0099	0.0495	0.0693	0.0099	0.0099	0.0099	0.0099	0.7030	0.1584	0.0099	0.0099	0.1386	0.0099	0.5347	0.0099	0.1782	0.1881	0.0396	0.0099	0.0099	0.0297	0.0198	0.0099	0.0099	0.0297	0.1782	1.0000	0.0099	0.0297	0.0990	0.0198	0.0099	0.0198	0.1287	0.0099	0.0297	0.7624	0.0297	0.0099	0.0099	0.9901	0.0099	0.2178	0.4653	0.0297	0.4455	0.7822	0.2178	0.0792	0.8515	0.8416	0.0099	0.1980	0.3168	0.0099	0.0099	0.0099	0.0099	0.0396	0.0198	0.0594	0.0099	0.0099	0.0099	0.0099	0.9208	0.0198	0.3564	0.5149	0.0099	0.0396	0.0396	0.3366	0.0891	0.0297	0.0198	0.5347	0.0891	0.0990	0.3762	0.6733	0.0297	0.4752	0.9604	0.4059	0.0099	0.0099	0.0297	0.0099	0.0099	0.0099
Clostridium_clostridioforme	0.0495	0.5347	0.1287	0.0495	0.0099	0.1782	0.0099	0.5446	0.3564	0.0891	0.0099	0.3366	0.0099	0.7525	0.1089	0.0099	0.0297	0.5644	0.4455	0.0099	0.1089	0.0099	0.0198	0.5842	0.0099	0.3267	0.0396	0.1188	0.1188	0.0594	0.8614	0.0099	0.6634	0.1386	0.0198	0.2178	0.0099	0.0099	0.0594	0.0198	0.0099	0.0099	0.0099	0.0099	1.0000	0.0099	0.0099	1.0000	0.0990	0.0099	0.6139	0.0099	0.1782	0.0099	0.0396	0.3960	0.4158	0.0099	0.3465	0.5743	0.0099	0.0891	0.9307	0.1287	0.4356	0.0792	0.0198	0.0594	0.0099	0.0099	0.0099	0.0099	0.0099	0.0099	0.4158	0.1881	0.0099	0.0099	0.0792	0.1386	0.2277	0.0099	0.0099	0.6238	0.7030	0.3762	0.0099	0.2871	0.1386	0.0099	0.0099	0.0099	0.8515	0.7426	0.0396	0.0099	0.1584	0.0693	0.0198	0.0297	0.0198	0.0099	0.0396	0.3069	0.0297	0.3069	0.5941	0.4158	0.0297	0.5446	0.2178	0.0297	0.6634	0.5446	0.0198	0.7129	0.1782	0.6337	0.0297	0.0198	0.2079	0.2376	0.0099	0.0198	0.0099	0.5941	0.0792	0.0099	0.0099	0.0792	0.0099	0.0198	0.2970	0.0495	0.0099	0.8713	0.0198	0.0297	0.0693	0.5644	0.0198	0.5248	0.0693	0.2772	0.0198	0.5149	0.9802	0.8416	0.0693	0.0297	0.0099	0.0693	0.0792	0.1782	0.0594	0.0099	0.0198	0.0099
Clostridium_innocuum	0.6832	0.0099	0.0099	0.0099	0.0099	0.0198	0.0198	0.0792	0.0099	0.0396	0.0396	0.0099	0.0198	0.8911	0.0099	0.0099	0.0099	0.3762	0.0693	0.0792	0.0099	0.0099	0.0198	0.0990	0.2475	0.0099	0.0099	0.0099	0.0099	0.5050	0.0495	0.0099	0.8713	0.1485	0.0099	0.0495	0.5644	0.0198	0.0099	0.5248	0.0099	0.0099	0.0099	0.0297	0.0099	1.0000	0.0099	0.3168	0.0891	0.0792	0.0099	0.0099	0.0099	0.0099	0.4059	0.0099	0.0297	0.0099	0.5248	0.0099	0.0396	0.0396	0.0099	0.0099	0.3366	0.0297	0.0990	0.0693	0.0099	0.0594	0.0099	0.0099	0.0495	0.0099	0.3267	0.1980	0.1485	0.0099	0.0099	0.0792	0.0099	0.0990	0.0099	0.0099	0.0792	0.0099	0.0099	0.0891	0.0891	0.9208	0.0099	0.4653	0.3366	0.2772	0.1881	0.2277	0.3663	0.1881	0.0099	0.0990	0.0495	0.0594	0.6931	0.3663	0.3465	0.0693	0.1386	0.0099	0.0693	0.1188	0.0099	0.0099	0.0099	0.0099	0.0099	0.0990	0.0099	0.0099	0.8911	0.7327	0.7426	0.0099	0.0099	0.7822	0.0099	0.9010	0.0198	0.0099	0.0495	0.3564	0.0099	0.0396	0.0099	0.6535	0.0495	0.0099	0.0099	0.0099	0.0990	0.0297	0.1881	0.0396	0.0594	0.0099	0.0099	0.0198	0.0099	0.4851	0.0792	0.8812	0.1188	0.0099	0.0594	0.0198	0.0495	0.1089	0.0099	0.0297
Clostridium_lavalense	0.1188	0.6139	0.9703	0.0990	0.0594	0.4554	0.0297	0.7921	0.6733	0.8911	0.5347	0.1287	0.0099	0.3267	0.2970	0.0099	0.0594	0.0198	0.1584	0.0099	0.0099	0.0297	0.0594	0.3663	0.0099	0.0297	0.0198	0.0099	0.0297	0.8515	0.9307	0.0099	0.4851	0.1584	0.0693	0.7030	0.0099	0.0594	0.0099	0.3069	0.0099	0.0099	0.5545	0.0099	0.0099	0.0099	1.0000	0.6436	0.1683	0.0198	0.1782	0.0099	0.0495	0.0396	0.2871	0.0792	0.0198	0.0693	0.6733	0.1881	0.0297	0.2673	0.0396	0.0099	0.0198	0.0297	0.2079	0.0099	0.0198	0.1980	0.1584	0.0099	0.0099	0.0099	0.9307	0.0297	0.0099	0.0990	0.0297	0.1188	0.0099	0.0495	0.0396	0.2277	0.5743	0.0891	0.0099	0.6238	0.2970	0.0099	0.0099	0.3168	0.1683	0.9109	0.2079	0.3762	0.4554	0.0990	0.3168	0.0198	0.0099	0.0396	0.0693	0.6832	0.0198	0.2772	0.6337	0.6535	0.0891	0.0198	0.0990	0.0297	0.3465	0.1782	0.0099	0.1683	0.0495	0.3564	0.0693	0.9802	0.7426	0.6436	0.0099	0.6337	0.0099	0.1485	0.5050	0.1980	0.0198	0.5347	0.0099	0.0891	0.0297	0.5149	0.7624	0.2376	0.0099	0.0396	0.4059	0.4356	0.0396	0.0495	0.1089	0.3366	0.0396	0.7723	0.0792	0.8911	0.0198	0.0891	0.0693	0.6832	0.0297	0.6238	0.5347	0.0990	0.1089	0.0297
Clostridium_leptum	0.4059	0.4059	0.0297	0.6535	0.8119	0.9406	0.0594	0.7921	0.7426	0.7921	0.0297	0.0099	0.9208	0.3465	0.1485	0.7426	0.5644	0.9901	0.0099	0.4851	0.0099	0.1089	0.5248	0.9802	0.0099	0.5743	0.4653	0.4356	0.6040	0.7822	0.2178	0.9802	0.3663	0.5842	0.4851	0.9703	1.0000	0.4851	0.1188	0.2376	0.1188	0.1782	0.0198	0.3366	1.0000	0.3168	0.6436	1.0000	0.0891	0.8812	0.0297	0.6337	0.0099	0.2970	0.0099	0.7228	0.0891	0.5842	0.1386	0.4950	0.2178	0.2574	0.3168	0.2376	0.0297	0.0891	0.1188	0.0693	0.2475	0.5941	0.1188	0.4851	0.6436	0.8119	0.0198	0.6238	0.0396	0.2871	0.5347	0.1188	0.8515	0.4554	0.0495	0.1287	0.2277	0.3465	0.5347	0.0495	0.0198	0.1188	0.1980	0.7327	0.1089	0.0198	0.0693	0.0198	0.0297	0.0297	0.4554	0.3366	0.4653	0.3663	0.8317	0.8515	0.2673	0.9802	0.4455	0.0594	0.0396	0.1683	0.3663	0.9901	0.0891	0.4356	0.4653	1.0000	0.6040	0.7921	0.8614	0.2772	0.3267	0.2772	0.2871	0.0792	0.1980	0.2277	0.6931	0.4752	0.1089	0.1683	0.7129	0.0297	0.0099	0.0198	0.7327	0.7921	0.2277	0.0693	0.8614	0.2871	0.9505	0.0297	0.0594	0.3366	0.0693	0.0099	0.9109	0.3465	0.0594	0.2871	0.9604	0.7426	0.0297	0.0099	0.0099	0.0099	0.0099	0.2475
Clostridium_methylpentosum	0.0099	0.0099	0.0099	0.2475	0.0396	0.0099	0.8317	0.0099	0.0099	0.0099	0.0198	0.0099	0.0198	0.6238	0.0099	0.8614	0.0297	0.0396	0.0297	0.0099	0.0297	0.0891	0.0099	0.0990	0.1089	0.0891	0.1584	0.0099	0.0099	0.1089	0.0198	0.0792	0.0099	0.9208	0.7228	0.0198	0.9010	0.0099	0.5050	0.1089	0.0099	0.5149	0.0099	0.1386	0.0990	0.0891	0.1683	0.0891	1.0000	0.0297	0.0198	0.0495	0.0099	0.9307	0.0396	0.0594	0.0297	0.0099	0.1089	0.2079	0.0099	0.0099	0.2277	0.0099	0.0099	0.0099	0.0099	0.2475	0.1188	0.0297	0.2178	0.0099	0.0198	0.0099	0.0099	0.2871	0.4554	0.0099	0.0594	0.0099	0.3960	0.0099	0.0099	0.0099	0.0099	0.0099	0.0099	0.1584	0.0297	0.6931	0.1485	0.4554	0.1089	0.0198	0.0099	0.0099	0.0099	0.0099	0.0099	0.0099	0.0099	0.5050	0.0099	0.3663	0.1287	0.1089	0.0099	0.0693	0.0099	0.0099	0.0792	0.0099	0.0099	0.0099	0.6634	0.6931	0.0792	0.0099	0.4653	0.5644	0.0099	0.0297	0.0198	0.0891	0.0297	0.0198	0.0099	0.0297	0.2475	0.5743	0.0891	0.0495	0.0099	0.0297	0.0990	0.0099	0.4059	0.2772	0.0099	0.0198	0.0198	0.0099	0.7129	0.0099	0.0297	0.0396	0.0099	0.0099	0.0198	0.6733	0.0198	0.0099	0.0099	0.0297	0.0099	0.0099	0.0099	0.2574
Clostridium_sp_CAG_58	0.0099	0.0396	0.0495	0.0099	0.0099	0.0099	0.0099	0.0099	0.0099	0.0099	0.0099	0.6436	0.0099	0.0198	0.6634	0.0594	0.9703	0.0693	0.0792	0.0099	0.7030	0.0099	0.0099	0.9604	0.0099	0.6436	0.0198	0.7030	0.0495	0.0594	0.8515	0.9406	0.1386	0.1782	0.0099	0.9901	0.0297	0.0099	0.6139	0.0099	0.0099	0.5743	0.0198	0.0099	0.0099	0.0792	0.0198	0.8812	0.0297	1.0000	0.0099	0.0792	0.8713	0.0396	0.0396	0.9010	0.0198	0.0099	0.5248	0.5644	0.0099	0.0099	0.0693	0.3168	0.0297	0.0198	0.0099	0.0099	0.0099	0.0198	0.0099	0.0099	0.0099	0.0099	0.4158	0.0792	0.0099	0.0099	0.5941	0.0099	0.1881	0.0099	0.0099	0.0099	0.0198	0.0099	0.0099	0.0099	0.0198	0.0198	0.0099	0.8515	0.3564	0.1386	0.0099	0.0099	0.0198	0.0099	0.0099	0.0099	0.0099	0.0198	0.0099	0.2376	0.0099	0.0198	0.0099	0.0495	0.0099	0.0198	0.1980	0.2178	0.3267	0.6436	0.1287	0.7525	0.1980	0.0792	0.0099	0.1584	0.0099	0.0099	0.0099	0.0099	0.0099	0.1881	0.0099	0.0099	0.0099	0.0198	0.2475	0.0099	0.7327	0.0198	0.0396	0.2475	0.0792	0.0099	0.0099	0.0594	0.1584	0.0099	0.0099	0.0198	0.0099	0.0198	0.1089	0.0792	0.0297	0.1386	0.0297	0.5545	0.0099	0.0099	0.0099	0.0099	0.0099	0.0099
Clostridium_spiroforme	0.8515	0.4356	0.0594	0.6634	0.5545	0.8317	0.0099	0.8515	0.7030	0.2178	0.4356	0.0099	0.1485	0.2277	0.0099	0.0099	0.0099	0.0099	0.6931	0.0099	0.0099	0.0594	0.4554	0.0198	0.0099	0.0099	0.0297	0.0099	0.0099	0.1485	0.0099	0.0099	0.1089	0.6238	0.5050	0.0099	0.0099	0.0693	0.0099	0.0099	0.0297	0.1089	0.6733	0.4653	0.6139	0.0099	0.1782	0.0297	0.0198	0.0099	1.0000	0.0396	0.0099	0.4554	0.0693	0.3960	0.7723	0.0099	0.3861	0.0297	0.0198	0.5545	0.0099	0.7921	0.0099	0.5347	0.1485	0.4356	0.6040	0.1881	0.3465	0.0099	0.0495	0.7030	0.2574	0.2970	0.0099	0.8218	0.0099	0.4158	0.0099	0.0099	0.4653	0.0594	0.9208	0.0396	0.5446	0.0099	0.5248	0.1782	0.0495	0.5644	0.0198	0.0297	0.2079	0.5248	0.7624	0.5743	0.4653	0.0594	0.7921	0.4455	0.6238	0.5446	0.1089	0.1386	0.9406	0.3069	0.6832	0.0099	0.0099	0.0198	0.0099	0.0099	0.0198	0.0297	0.0099	0.0099	0.0297	0.8020	0.3267	0.0198	0.2376	0.0099	0.0297	0.3960	0.9208	0.7723	0.0594	0.0198	0.0099	0.0198	0.0099	0.2079	0.5248	0.0099	0.0099	0.6139	0.4851	0.0198	0.6139	0.2376	0.0297	0.1782	0.5644	0.3762	0.0396	0.2475	0.5743	0.5644	0.9109	0.0099	0.9604	0.5149	0.3465	0.8812	0.0198	0.3366
Clostridium_symbiosum	0.7921	0.4455	0.7129	0.5149	0.0594	0.3663	0.9307	0.3663	0.9604	0.8713	0.0198	0.4950	0.0099	0.5842	0.9406	0.0099	0.0198	0.0099	0.0297	0.0297	0.2475	0.0099	0.0099	0.0693	0.0297	0.3564	0.4356	0.0990	0.6832	0.0693	0.0891	0.0099	0.6337	0.0990	0.0099	0.1386	0.6535	0.0198	0.0990	0.3168	0.0099	0.0099	0.0099	0.0099	0.0099	0.0099	0.0099	0.6337	0.0495	0.0792	0.0396	1.0000	0.0990	0.0990	0.7822	0.0099	0.5842	0.1485	0.1386	0.0297	0.0198	0.0297	0.0198	0.1980	0.0396	0.0099	0.6733	0.0297	0.0198	0.1683	0.0198	0.1782	0.0693	0.0099	0.3267	0.0297	0.0099	0.0792	0.0099	0.8911	0.0891	0.0099	0.4059	0.5248	0.3564	0.4950	0.0099	0.4752	0.0297	0.0099	0.0099	0.0099	0.1485	0.3564	0.5842	0.4653	0.6436	0.3168	0.1089	0.5644	0.7327	0.5149	0.7426	0.8713	0.0099	0.1881	0.4950	0.8416	0.0990	0.0396	0.9505	0.0495	0.3267	0.9307	0.0198	0.0495	0.1485	0.3564	0.0594	0.6832	0.0198	0.0099	0.0099	0.0693	0.0396	0.3861	0.2970	0.3168	0.0099	0.0594	0.0099	0.0198	0.0792	0.5941	0.1980	0.3465	0.0099	0.0693	0.3861	0.8317	0.0099	0.9802	0.2772	0.0396	0.3564	0.4653	1.0000	0.5248	0.1683	0.4950	0.4158	0.0099	0.3267	0.2871	0.3960	0.0198	0.0396	0.0099
Collinsella_aerofaciens	0.0099	0.0099	0.0099	0.0099	0.0099	0.0099	0.2772	0.0099	0.0099	0.0099	0.0198	0.0099	0.0099	0.5149	0.0099	0.0099	0.0099	0.0198	0.1287	0.0099	0.0099	0.0099	0.0099	0.2673	0.7228	0.0099	0.0099	0.0099	0.0099	0.0198	0.0099	0.0099	0.0990	0.0990	0.1188	0.2079	0.8614	0.0099	0.0099	0.8416	0.0099	0.0495	0.0396	0.8515	0.1782	0.0099	0.0495	0.0099	0.0099	0.8713	0.0099	0.0990	1.0000	0.8218	0.0099	0.0099	0.0099	0.0099	0.0792	0.0198	0.0099	0.0099	0.0198	0.0396	0.1980	0.0198	0.0099	0.0693	0.0099	0.0693	0.0495	0.0099	0.0099	0.0099	0.1089	0.8911	0.5446	0.0099	0.0099	0.0099	0.0099	0.1287	0.0099	0.0099	0.0099	0.0099	0.0099	0.3366	0.0099	0.2178	0.0198	0.4554	0.0792	0.0099	0.0099	0.0099	0.0099	0.0099	0.1287	0.0792	0.0099	0.0396	0.0099	0.3564	0.3762	0.2178	0.4158	0.3465	0.0099	0.0099	0.0099	0.0099	0.0099	0.0099	0.0099	0.2178	0.0099	0.0099	0.0198	0.0495	0.2574	0.0099	0.0594	0.0495	0.0792	0.1881	0.0099	0.0198	0.8416	0.1881	0.0099	0.7030	0.0099	0.0099	0.1188	0.0099	0.0099	0.6238	0.2871	0.0198	0.3960	0.0099	0.2970	0.0099	0.0594	0.2673	0.0099	0.0198	0.0099	0.8911	0.0099	0.0198	0.0099	0.0099	0.0099	0.0099	0.0099	0.2970
Collinsella_intestinalis	0.2871	0.0990	0.7921	0.2079	0.0099	0.4257	0.2376	0.3762	0.0891	0.0099	0.0099	0.6733	0.0099	0.8911	0.9505	0.0099	0.1485	0.1188	0.3663	0.0099	0.5743	0.0792	0.0693	0.1485	0.0099	0.2673	0.0099	0.0297	0.0198	0.0099	0.0099	0.0099	0.0990	0.2178	0.0099	0.7030	0.0099	0.0198	0.0099	0.0495	0.0099	0.8119	0.5545	0.0099	0.0099	0.0099	0.0396	0.2970	0.9307	0.0396	0.4554	0.0990	0.8218	1.0000	0.0099	0.2277	0.4950	0.0099	0.0396	0.0495	0.0099	0.0099	0.8317	0.0594	0.2574	0.0396	0.0099	0.0099	0.0099	0.0396	0.0099	0.0099	0.0099	0.0099	0.2673	0.0297	0.0099	0.0198	0.1683	0.0495	0.5050	0.0099	0.0495	0.0198	0.0990	0.0594	0.0099	0.0891	0.7822	0.0198	0.1683	0.0198	0.8614	0.5842	0.0099	0.0099	0.0099	0.0198	0.0099	0.0099	0.0297	0.0198	0.0099	0.9901	0.0198	0.0099	0.6238	0.2475	0.1782	0.7030	0.7228	0.0099	0.8119	0.3663	0.0099	0.0297	0.0099	0.7525	0.0792	0.3366	0.7129	0.4653	0.0198	0.0297	0.0099	0.2079	0.0099	0.2079	0.0099	0.2871	0.0990	0.0099	0.1881	0.3465	0.0099	0.3267	0.0099	0.0099	0.0891	0.9703	0.1287	0.7327	0.0297	0.0792	0.0891	0.1188	0.0891	0.8020	0.0198	0.4653	0.8614	0.0198	0.0297	0.1683	0.1683	0.2376	0.3168	0.0099
Collinsella_stercoris	0.7525	0.0198	0.0396	0.3168	0.0198	0.7525	0.1386	0.0891	0.4554	0.6040	0.0099	0.0099	0.7921	0.6832	0.4158	0.0297	0.9901	0.4653	0.6337	0.0891	0.0099	0.7921	0.8812	0.4356	0.0099	0.1683	0.0297	0.5545	0.3168	0.0198	0.1584	0.0495	0.0198	0.1584	0.0099	0.4158	0.0099	0.4158	0.5347	0.1386	0.8812	0.4752	0.1584	0.2574	0.0396	0.4059	0.2871	0.0099	0.0396	0.0396	0.0693	0.7822	0.0099	0.0099	1.0000	0.6535	0.0198	0.9901	0.0099	0.9505	0.4851	0.5347	0.7723	0.3564	0.0990	0.9802	0.2772	0.0099	0.0099	0.1188	0.0099	0.1683	0.5545	0.2376	0.0198	0.0495	0.0099	0.8317	0.4653	0.7525	0.3267	0.0099	0.8515	0.8416	0.7129	0.4752	0.1386	0.5248	0.0396	0.1683	0.9406	0.2970	0.2574	0.1089	0.7723	0.4356	0.8416	0.6436	0.0396	0.0495	0.9406	0.0396	0.7822	1.0000	0.0099	0.1485	0.9604	0.6337	0.3861	0.0099	0.1881	0.2970	0.3267	0.7426	0.0099	0.0297	0.7525	0.2574	0.0099	0.0198	0.6238	0.4752	0.0198	0.0198	0.0198	0.0297	0.0396	0.2277	0.0099	0.2673	0.7921	0.0099	0.0297	0.3960	0.0099	0.5644	0.4554	0.0099	0.1188	0.5050	0.5446	0.4653	0.1089	0.4851	0.0891	0.1089	0.1584	0.1089	0.0099	0.7624	0.0495	0.5347	0.7327	0.1881	0.0396	0.6931	0.1089	0.0099
Coprobacillus_cateniformis	0.0198	0.6832	0.0891	0.0693	0.0990	0.0396	0.1683	0.2871	0.0099	0.0792	0.2079	0.0099	0.0198	0.3465	0.0297	0.0198	0.0594	0.3564	0.5248	0.1188	0.0198	0.0099	0.0099	0.8911	0.5545	0.0396	0.3168	0.0099	0.0198	0.2277	0.0495	0.0099	0.4257	0.4554	0.0099	0.5545	0.6535	0.0099	0.0099	0.9109	0.0495	0.0198	0.1089	0.5644	0.3960	0.0099	0.0792	0.7228	0.0594	0.9010	0.3960	0.0099	0.0099	0.2277	0.6535	1.0000	0.6931	0.0099	0.6040	0.6436	0.0099	0.0099	0.0297	0.3762	0.1188	0.2574	0.0099	0.9010	0.0099	0.0396	0.1485	0.0693	0.0594	0.0099	0.9307	0.1188	0.2772	0.0099	0.0198	0.6535	0.0990	0.0495	0.0990	0.0099	0.0297	0.0099	0.0297	0.1980	0.0198	0.7129	0.0099	0.5644	0.2178	0.0495	0.0396	0.0297	0.0297	0.0198	0.7030	0.7327	0.4752	0.0891	0.1584	0.6832	0.4653	0.3861	0.8020	0.0297	0.0198	0.0495	0.0099	0.0891	0.0099	0.0198	0.0594	0.0891	0.0396	0.0297	0.9109	0.7921	0.2673	0.1188	0.0099	0.1287	0.4752	0.0891	0.0396	0.2673	0.0495	0.0198	0.2079	0.7426	0.0099	0.3366	0.0099	0.0099	0.1485	0.0099	0.1287	0.0594	0.3564	0.0198	0.5644	0.0099	0.3267	0.3960	0.1980	0.3465	0.2673	0.4554	0.7228	0.0396	0.0099	0.1485	0.0495	0.0396	0.0693	0.5446
Coprococcus_catus	0.1683	0.6139	0.0198	0.2376	0.2871	0.0099	0.0396	0.0792	0.0495	0.0396	0.0693	0.0099	0.0495	0.1287	0.6634	0.6040	0.4653	0.9307	0.5347	0.0693	0.0198	0.4752	0.3069	0.8020	0.6436	0.0693	0.1287	0.8218	0.9505	0.1386	0.8614	0.1386	0.0792	0.4158	0.5248	0.2970	0.0792	0.0198	0.8317	0.1485	0.0099	0.8119	0.2574	0.0495	0.4158	0.0297	0.0198	0.0891	0.0297	0.0198	0.7723	0.5842	0.0099	0.4950	0.0198	0.6931	1.0000	0.0099	0.5545	0.4851	0.0099	0.0099	0.9703	0.8812	0.6238	0.5248	0.4950	0.4059	0.3465	0.9307	0.6535	0.0099	0.0099	0.0099	0.0099	0.0198	0.1089	0.0396	0.3168	0.0099	0.1881	0.0099	0.0297	0.0693	0.2277	0.0099	0.1188	0.9703	0.1881	0.8218	0.2079	0.2178	0.4455	0.0099	0.0297	0.1683	0.1386	0.0990	0.8515	0.0396	0.0297	0.3069	0.0396	0.9307	0.0099	0.6238	0.0099	0.7723	0.0396	0.2871	0.4455	0.9604	0.4752	0.8416	0.1386	0.0792	0.5842	0.0891	0.0297	0.0594	0.4851	0.1386	0.0099	0.5149	0.1089	0.4158	0.3663	0.2277	0.9010	0.9010	0.0693	0.6634	0.0099	0.3762	0.2970	0.8218	0.0495	0.2079	0.8614	0.5446	0.3366	0.1386	0.0099	0.9901	0.5743	0.4257	0.1188	0.0099	0.3762	0.7624	0.0099	1.0000	0.1881	0.0792	0.0198	0.0495	0.0594	0.0495
Coprococcus_comes	0.0099	0.0099	0.0099	0.0099	0.0099	0.0099	0.0198	0.0099	0.0099	0.0099	0.0099	0.0198	0.0099	0.0396	0.1089	0.0396	0.0495	0.0099	0.3861	0.0099	0.0099	0.0099	0.0099	0.8317	0.0099	0.2475	0.0297	0.0594	0.0099	0.8119	0.8812	0.0495	0.0099	0.1980	0.0099	0.0099	0.0198	0.0099	0.1089	0.0099	0.0099	0.0594	0.0396	0.0099	0.0099	0.0099	0.0693	0.5842	0.0099	0.0099	0.0099	0.1485	0.0099	0.0099	0.9901	0.0099	0.0099	1.0000	0.8614	0.8020	0.0099	0.0099	0.0198	0.1881	0.8911	0.0099	0.0099	0.0099	0.0099	0.0099	0.0099	0.0099	0.0099	0.0099	0.2475	0.0297	0.0099	0.0099	0.0495	0.0099	0.9109	0.0099	0.0099	0.0099	0.0099	0.0099	0.0099	0.0099	0.0099	0.0099	0.0099	0.2970	0.6040	0.0792	0.0099	0.0099	0.0099	0.0099	0.0099	0.0099	0.0099	0.0099	0.0099	0.0198	0.2079	0.0099	0.0099	0.0099	0.0099	0.3168	0.1089	0.0099	0.1287	0.1584	0.0594	0.2277	0.0396	0.1188	0.9208	0.0297	0.0396	0.0099	0.0099	0.0099	0.0099	0.1089	0.0099	0.0099	0.0099	0.1485	0.1089	0.0099	0.0099	0.0099	0.0099	0.6931	0.0198	0.0099	0.0099	0.0099	0.0297	0.0099	0.0099	0.0099	0.0099	0.0198	0.0099	0.0198	0.0099	0.1089	0.0099	0.0198	0.0099	0.0099	0.0099	0.0099	0.0099	0.0297
Dialister_invisus	0.2277	0.4653	0.8416	0.7030	0.7228	0.9010	0.4059	0.7822	0.4158	0.5347	0.3069	0.0099	0.9901	0.0099	0.0297	0.1980	0.0099	0.7921	0.7327	0.1188	0.0099	0.8020	0.6832	0.5446	0.0099	0.3663	0.1980	0.7723	0.1188	0.0099	0.8713	0.1881	0.9010	0.0792	0.7426	0.9010	0.2574	0.1089	0.7921	0.1683	0.6139	0.0099	0.3267	0.0495	0.3465	0.5248	0.6733	0.1386	0.1089	0.5248	0.3861	0.1386	0.0792	0.0396	0.0099	0.6040	0.5545	0.8614	1.0000	0.1485	0.2178	0.6238	0.4158	0.7822	0.1188	0.0990	0.8416	0.0594	0.6535	0.6040	0.2871	0.2871	0.2772	0.0297	0.0198	0.7624	0.0099	0.5149	0.8911	0.3465	0.1287	0.2772	0.0792	0.4356	0.7624	0.7921	0.7921	0.3069	0.4950	0.6337	0.5248	0.1089	0.2376	0.1881	0.7327	0.7921	0.7822	0.9505	0.6436	0.0495	0.3960	0.2970	0.6040	0.8119	0.2178	0.5050	0.1386	0.1287	0.3762	0.0099	0.0297	0.5743	0.2574	0.0297	0.2871	0.0495	0.0396	0.6634	0.0099	0.1485	0.0297	0.9307	0.1980	0.0297	0.1881	0.0198	0.0396	0.0099	0.2178	0.9109	0.5248	0.0396	0.0099	0.5248	0.9505	0.0297	0.7228	0.0792	0.3069	0.1584	0.6832	0.6436	0.2772	0.2574	0.9604	0.7525	0.7723	0.8713	0.3762	0.0297	0.0693	0.6634	0.6238	0.6733	0.7030	0.5446	0.7822	0.0099
Dielma_fastidiosa	0.3960	0.0198	0.0198	0.1386	0.0297	0.2673	0.0891	0.3267	0.8416	0.0891	0.0099	0.0099	0.8317	0.8020	0.0594	0.0099	0.0099	0.0099	0.1188	0.4455	0.0099	0.9406	0.2673	0.6040	1.0000	0.0099	0.0099	0.0099	0.0099	0.5842	0.7030	0.0099	0.0792	0.1683	0.0198	0.0792	0.4950	0.3762	0.1188	0.4257	0.2277	0.0396	0.0297	0.3762	0.5743	0.0099	0.1881	0.4950	0.2079	0.5644	0.0297	0.0297	0.0198	0.0495	0.9505	0.6436	0.4851	0.8020	0.1485	1.0000	0.2079	0.5050	0.0099	0.0594	0.2970	0.1287	0.4059	0.0396	0.0693	0.0693	0.0099	0.3564	0.1287	0.0297	0.3861	0.0495	0.2673	0.5743	0.0099	0.5545	0.0099	0.3267	0.1683	0.7030	0.7327	0.0693	0.0099	0.0594	0.8020	0.5842	0.0099	0.2376	0.6436	0.2871	0.8812	0.9802	0.8812	0.7129	0.5644	0.2673	0.1584	0.0495	0.1485	0.3267	0.0792	0.5743	0.6040	0.3663	0.8218	0.0297	0.1188	0.0099	0.0297	0.0099	0.0099	0.2079	0.0099	0.2772	0.0594	0.3465	0.0990	0.0099	0.0099	0.8614	0.1980	0.0198	0.4851	0.1881	0.0198	0.2574	0.0198	0.4356	0.0099	0.4950	0.9505	0.0099	0.0099	0.7822	0.7921	0.9703	0.0495	0.6238	0.2871	0.2673	0.0594	0.2079	0.0297	0.5347	0.0297	0.3861	0.0198	0.0198	0.6931	0.0891	0.6733	0.4158	0.8218	0.1782
Dorea_formicigenerans	0.0099	0.0099	0.0099	0.0099	0.0099	0.0099	0.0099	0.0099	0.0099	0.0099	0.0099	0.0099	0.0099	0.2673	0.0693	0.4752	0.1485	0.0099	0.8911	0.0099	0.0099	0.0099	0.0099	0.9109	0.0099	0.9208	0.2673	0.1287	0.0099	0.6931	0.5149	0.1386	0.0099	0.7426	0.0099	0.0099	0.0198	0.0099	0.5941	0.0099	0.0099	0.0099	0.0099	0.0495	0.0099	0.0396	0.0297	0.2178	0.0099	0.0099	0.0198	0.0198	0.0099	0.0099	0.4851	0.0099	0.0099	0.0099	0.2178	0.2079	1.0000	0.0099	0.0099	0.0099	0.3168	0.0099	0.0099	0.0297	0.0099	0.0099	0.0099	0.0099	0.0099	0.0099	0.0396	0.0990	0.0099	0.0099	0.0495	0.0099	0.4950	0.0099	0.0099	0.0099	0.0099	0.0099	0.0099	0.0099	0.0099	0.0099	0.0198	0.0693	0.3663	0.0297	0.0099	0.0099	0.0099	0.0099	0.0099	0.0198	0.0099	0.0099	0.0099	0.2178	0.5446	0.0198	0.0099	0.1188	0.0099	0.8812	0.2376	0.0198	0.0693	0.0990	0.1386	0.0594	0.0396	0.0792	0.8317	0.0099	0.0792	0.0198	0.0099	0.0099	0.0099	0.0792	0.0099	0.0099	0.0099	0.0495	0.9505	0.0099	0.0099	0.0099	0.0099	0.7921	0.0495	0.0297	0.0099	0.0099	0.0099	0.0099	0.0198	0.0099	0.0297	0.5347	0.0099	0.1584	0.0099	0.3366	0.0099	0.0099	0.0099	0.0099	0.0099	0.0099	0.0099	0.0396
Dorea_longicatena	0.0099	0.0099	0.0099	0.0099	0.0099	0.0099	0.0693	0.0198	0.0099	0.0099	0.0099	0.0198	0.0099	0.5347	0.0396	0.0396	0.0198	0.4059	0.9109	0.0099	0.0297	0.0099	0.0099	0.2970	0.0099	0.7030	0.3366	0.0099	0.0099	0.3663	0.0297	0.0099	0.0099	0.1683	0.0099	0.0099	0.0297	0.0099	0.3663	0.1188	0.0099	0.0495	0.0099	0.0099	0.0891	0.0396	0.2673	0.2574	0.0099	0.0099	0.5545	0.0297	0.0099	0.0099	0.5347	0.0099	0.0099	0.0099	0.6238	0.5050	0.0099	1.0000	0.1188	0.1089	0.2376	0.0099	0.0099	0.0099	0.0099	0.0099	0.1485	0.0099	0.0099	0.0099	0.0099	0.0297	0.0099	0.0099	0.0099	0.0099	0.9901	0.0099	0.0099	0.0099	0.0099	0.0099	0.0099	0.0792	0.0099	0.2277	0.2970	0.0099	0.4851	0.0099	0.0099	0.0099	0.0099	0.0099	0.0099	0.0099	0.0099	0.0099	0.0099	0.7327	0.7129	0.0495	0.0297	0.7327	0.0099	0.0198	0.0297	0.0099	0.0198	0.0594	0.2079	0.6931	0.0099	0.0099	0.7030	0.3168	0.0792	0.0099	0.0198	0.0099	0.0099	0.0396	0.0099	0.0099	0.0198	0.9901	0.9901	0.0198	0.0099	0.0099	0.0099	0.1089	0.0198	0.0198	0.0099	0.0099	0.0099	0.0099	0.0099	0.0099	0.1188	0.0891	0.0099	0.0198	0.0099	0.8317	0.0099	0.0099	0.0099	0.0099	0.0099	0.0099	0.0099	0.2574
Eggerthella_lenta	0.2277	0.9703	0.0990	0.4851	0.6832	0.6535	0.7723	0.3168	0.2871	0.2574	1.0000	0.0099	0.1485	0.5149	0.0099	0.0099	0.0099	0.0099	0.0792	0.0099	0.0099	0.5347	0.5545	0.3564	0.0594	0.0198	0.0495	0.0099	0.0198	0.2079	0.4455	0.0099	0.0891	0.2079	0.3465	0.0099	0.0198	0.2277	0.0099	0.0099	0.5149	0.0297	0.2277	0.6337	0.9307	0.0099	0.0396	0.3168	0.2277	0.0693	0.0099	0.0198	0.0198	0.8317	0.7723	0.0297	0.9703	0.0198	0.4158	0.0099	0.0099	0.1188	1.0000	0.8218	0.0099	1.0000	0.0099	0.6832	0.0198	0.7327	0.5149	0.0297	0.3168	0.1881	0.6832	0.4653	0.5842	0.2475	0.0099	0.1485	0.0099	0.1980	0.0198	0.7723	0.9010	0.0891	0.1881	0.0099	0.5743	0.7822	0.0297	0.6634	0.5743	0.6139	0.0198	0.0396	0.0198	0.0495	0.8515	0.6238	0.3465	0.4257	0.0099	0.6337	0.2871	0.0297	0.0693	0.0891	0.0495	0.0099	0.0099	0.0099	0.0099	0.0099	0.0198	0.2574	0.0099	0.0099	0.7228	0.5743	0.1089	0.0099	0.1782	0.0099	0.2772	0.5941	0.1188	0.5743	0.5050	0.2673	0.0099	0.0495	0.0099	0.0099	0.4257	0.0099	0.0099	0.3663	0.6832	0.6139	0.3069	0.6238	0.2970	0.6436	0.0297	0.0198	0.8713	0.2673	0.1485	0.3366	0.8020	0.4752	0.0099	0.8020	0.9307	0.4554	0.8020	0.3267
Eisenbergiella_massiliensis	0.0693	0.1881	0.8020	0.6436	0.3465	0.7525	0.6535	0.7228	0.1881	0.1782	0.1089	0.6832	0.0891	0.7228	0.6733	0.0594	0.2871	0.2277	0.3960	0.6337	0.3861	0.0792	0.5149	0.5941	0.2871	0.4752	0.4257	0.0099	0.1089	0.2871	0.0396	0.0198	0.3168	0.4059	0.3465	0.0099	0.9010	0.0891	0.1287	0.7822	0.0198	0.1386	0.2376	0.0099	0.1287	0.0099	0.0099	0.2376	0.0099	0.3168	0.7921	0.1980	0.0396	0.0594	0.3564	0.3762	0.8812	0.1881	0.7822	0.0594	0.0099	0.1089	0.8218	1.0000	0.0297	0.1782	0.2079	0.0198	0.0099	0.2871	0.5644	0.3069	0.4455	0.0396	0.4356	0.0891	0.1089	0.0396	0.0099	0.2871	0.1089	0.9802	0.2277	0.1980	0.3366	0.0594	0.0099	0.9010	0.1881	0.8119	0.0099	0.0594	0.1089	0.5842	0.1089	0.1188	0.1089	0.0198	0.0792	0.3861	0.0693	0.0297	0.2772	0.6139	0.4653	0.7525	0.6931	0.3465	0.5446	0.0594	0.0990	0.0198	0.0198	0.1089	0.1980	0.4653	0.0198	0.0099	0.4851	0.6535	0.8812	0.0792	0.5941	0.0693	0.2277	0.7030	0.2079	0.7327	0.1782	0.6238	0.0495	0.5446	0.0297	1.0000	0.0792	0.1287	0.1386	0.2376	0.9208	0.4158	0.2871	0.8119	0.3267	0.3564	0.8713	0.7327	0.0792	0.7822	0.0594	0.8218	0.0792	0.0594	0.1485	0.2871	0.8812	0.9010	0.9406	0.6931
Eisenbergiella_tayi	0.2277	0.8218	1.0000	0.7228	0.8218	0.5050	0.0594	0.8812	0.9802	0.1881	0.1485	0.1287	0.2079	0.9406	0.1584	0.9703	0.0198	0.7327	0.0099	0.0297	0.1485	0.0495	0.6634	0.2475	0.2673	0.2673	0.9802	0.0198	0.3663	0.0099	0.6139	0.1386	0.0297	0.5446	0.8317	0.4059	0.4059	0.5248	0.1188	0.0099	0.3762	0.0198	0.7327	0.5050	0.4356	0.3366	0.0198	0.0297	0.0099	0.0297	0.0099	0.0396	0.1980	0.2574	0.0990	0.1188	0.6238	0.8911	0.1188	0.2970	0.3168	0.2376	0.0099	0.0297	1.0000	0.8713	0.5842	0.5545	0.8515	0.5248	0.8119	0.2178	0.8020	0.1782	0.0396	0.7327	0.0891	0.7129	0.0693	0.9406	0.0693	0.4653	0.4455	0.9802	0.5248	0.1782	0.6436	0.0099	0.1782	0.1287	0.0099	0.8713	0.4158	0.5347	0.6832	0.7921	0.8515	0.7525	0.5743	0.3762	0.0198	0.5050	0.9010	0.2871	0.4158	0.1980	0.9109	0.3564	0.7228	0.0099	0.0099	0.1089	0.0099	0.0396	0.6733	0.2277	0.0594	0.0099	0.0099	0.0693	0.8119	0.7030	1.0000	0.7822	0.9901	0.0099	0.4851	0.3366	0.6337	0.3960	0.1089	0.2178	0.0792	0.0099	0.2574	0.0198	0.3267	0.9703	0.4950	0.2079	0.4653	0.3564	0.1386	0.6832	0.4554	0.3762	0.0594	0.4851	0.8119	0.4950	0.0594	0.2178	0.7030	0.4059	0.4257	0.4158	0.9406	0.0594
Enterococcus_faecalis	0.0099	0.0495	0.0198	0.0198	0.0099	0.0099	0.1386	0.0099	0.0099	0.0099	0.0396	0.0495	0.0198	0.0495	0.1881	0.0396	0.0099	0.5050	0.5743	0.0099	0.0891	0.0099	0.0099	0.3267	0.0099	0.1089	0.2079	0.0099	0.0396	0.7525	0.0693	0.0099	0.2475	0.6139	0.0693	0.2178	0.7327	0.0099	0.7030	0.0198	0.0099	0.2673	0.0297	0.0099	0.0792	0.0297	0.0297	0.0891	0.0099	0.0198	0.5347	0.0099	0.0198	0.0396	0.9802	0.2574	0.5248	0.0099	0.0990	0.1287	0.0099	0.0099	1.0000	0.1782	0.8713	1.0000	0.0099	0.0297	0.0099	0.0099	0.0099	0.0099	0.0099	0.0099	0.7723	0.0495	0.0099	0.0099	0.0099	0.0198	0.9802	0.0099	0.0099	0.0099	0.0099	0.0099	0.0099	0.5644	0.0099	0.0495	0.2277	0.7030	0.3366	0.4752	0.0099	0.0099	0.0099	0.0099	0.0099	0.0297	0.0495	0.0297	0.0099	0.1485	0.6634	0.2376	0.0099	0.2277	0.0099	0.4059	0.3267	0.0099	0.3960	0.0792	0.1188	0.1782	0.1980	0.2574	0.0099	0.8218	0.2871	0.0198	0.0099	0.0396	0.0099	0.2079	0.0099	0.0099	0.0099	0.0990	0.0891	0.0594	0.0693	0.1683	0.0198	0.6733	0.0792	0.0792	0.0099	0.0297	0.0099	0.0099	0.2673	0.0099	0.0396	0.4752	0.0099	0.1386	0.0099	0.8614	0.1782	0.0099	0.0099	0.0099	0.0099	0.0099	0.0198	0.0990
Enterococcus_faecium	0.0099	0.0099	0.0099	0.0099	0.0099	0.0099	0.0198	0.0099	0.0099	0.0099	0.0099	0.2079	0.0099	0.2178	0.3465	0.0891	0.1584	0.6040	0.6238	0.0099	0.0792	0.0099	0.0099	0.7822	0.0099	0.0693	0.0198	0.0198	0.0099	0.6337	0.1089	0.0990	0.1386	0.4950	0.0198	0.1584	0.0297	0.0099	0.7327	0.0099	0.0198	0.7822	0.0297	0.0099	0.0198	0.0990	0.2079	0.1188	0.0099	0.0099	0.1485	0.6733	0.0099	0.0099	0.2772	0.0099	0.4950	0.0099	0.8416	0.4059	0.0099	0.0099	0.0099	0.2079	0.5842	0.0099	1.0000	0.0099	0.0396	0.0099	0.0099	0.0099	0.0099	0.0099	0.8119	0.0990	0.0099	0.0099	0.0891	0.0198	0.9802	0.0099	0.0099	0.0099	0.0693	0.0396	0.0099	0.0198	0.0099	0.0099	0.7228	0.1188	0.8812	0.0396	0.0099	0.0099	0.0099	0.0099	0.0099	0.0099	0.0099	0.0099	0.0099	0.9109	0.1386	0.0099	0.0396	0.8119	0.0198	0.7525	0.4950	0.0099	0.5248	0.3564	0.0198	0.8515	0.1386	0.8416	0.0099	0.1485	0.0198	0.0198	0.0099	0.0099	0.0099	0.3267	0.0099	0.0198	0.0099	0.0792	0.4851	0.0099	0.0099	0.0099	0.0099	0.7525	0.3366	0.0792	0.1386	0.1584	0.0099	0.0297	0.0099	0.0099	0.0693	0.9307	0.0099	0.2376	0.0099	0.5644	0.0099	0.1782	0.0099	0.0198	0.0099	0.0099	0.0198	0.0099
Enterorhabdus_caecimuris	0.1089	0.0099	0.1881	0.0099	0.0099	0.1386	0.0198	0.0891	0.0891	0.0198	0.0099	0.0297	0.0099	0.0099	0.1485	0.0099	0.0198	0.0297	0.3861	0.0099	0.0198	0.0099	0.2376	0.1485	0.0099	0.0099	0.0297	0.0099	0.0099	0.1485	0.1584	0.0099	0.0891	0.8020	0.0396	0.1782	0.0297	0.0198	0.1089	0.0198	0.6634	0.2475	0.5347	0.0099	0.0594	0.0693	0.0099	0.0693	0.2475	0.0099	0.4356	0.0297	0.0693	0.0099	0.0099	0.9010	0.4059	0.0099	0.0594	0.0396	0.0297	0.0099	0.6832	0.0198	0.5545	0.0297	0.0099	1.0000	0.0099	0.0099	0.0099	0.0099	0.0099	0.0099	0.0198	0.2376	0.0099	0.0198	0.1782	0.0297	0.1188	0.0099	0.0297	0.3762	0.0792	0.0495	0.0099	0.2277	0.6931	0.0198	0.1980	0.0198	0.4653	0.3861	0.0099	0.0099	0.0297	0.0099	0.0099	0.0099	0.0297	0.0099	0.0099	0.5842	0.0099	0.0099	0.1089	0.7525	0.0495	0.6040	0.0792	0.0396	0.3960	0.0198	0.0099	0.1881	0.0099	0.4554	0.0495	0.3960	0.2871	0.0099	0.0099	0.1485	0.0099	0.0099	0.0099	0.0198	0.0099	0.0297	0.0594	0.0099	0.5545	0.0198	0.1485	0.4059	0.0099	0.0198	0.0495	0.3069	0.2574	0.0594	0.0099	0.0693	0.0396	0.0099	0.0792	0.0396	0.0099	0.5446	0.3366	0.0594	0.1683	0.1683	0.2475	0.4554	0.9406	0.0099
Erysipelatoclostridium_ramosum	0.4158	0.0198	0.0297	0.0099	0.0099	0.0495	0.1386	0.2178	0.0099	0.0099	0.0099	0.1089	0.0099	0.5545	0.0297	0.0099	0.0099	0.4455	0.7030	0.0396	0.0792	0.0099	0.0099	0.9901	0.0099	0.1881	0.0198	0.0099	0.0099	0.0891	0.0396	0.0099	0.7624	0.0891	0.0099	0.1188	0.8020	0.0099	0.0099	0.4059	0.0099	0.0099	0.0099	0.0495	0.0099	0.0099	0.0198	0.2475	0.1188	0.0099	0.6040	0.0198	0.0099	0.0099	0.0099	0.0099	0.3465	0.0099	0.6535	0.0693	0.0099	0.0099	0.0198	0.0099	0.8515	0.0099	0.0396	0.0099	1.0000	0.0099	0.0099	0.0099	0.0099	0.0099	0.8713	0.0396	0.0099	0.0099	0.0099	0.0198	0.0099	0.0099	0.0198	0.0099	0.0099	0.0099	0.0099	0.5149	0.1485	0.1188	0.0099	0.7624	0.9505	0.4653	0.0594	0.0099	0.0198	0.0099	0.0099	0.1386	0.1881	0.0396	0.4950	0.3069	0.4653	0.1089	0.3762	0.3069	0.0990	0.4257	0.0297	0.0099	0.0990	0.0396	0.0099	0.1287	0.0099	0.0297	0.2277	0.6436	0.5545	0.0099	0.0099	0.0693	0.0099	0.6139	0.0099	0.0099	0.0099	0.6337	0.0099	0.0099	0.0099	0.4455	0.0099	0.0099	0.0099	0.0099	0.0099	0.0099	0.0099	0.0198	0.0198	0.0099	0.0099	0.0594	0.0099	0.1287	0.0099	0.8020	0.0396	0.0099	0.0297	0.0990	0.1188	0.1683	0.0297	0.0099
Escherichia_coli	0.0099	0.0099	0.0099	0.0099	0.0099	0.0099	0.0099	0.1881	0.0099	0.0099	0.0099	0.0099	0.0099	0.3762	0.0297	0.0099	0.0099	0.6931	0.5644	0.0099	0.0495	0.0099	0.0099	0.5941	0.0099	0.0792	0.0099	0.0099	0.0099	0.8416	0.0198	0.0099	0.4950	0.9307	0.0198	0.9406	0.2970	0.0099	0.3267	0.0099	0.0099	0.1980	0.0099	0.0693	0.0099	0.0594	0.1980	0.5941	0.0297	0.0198	0.1881	0.1683	0.0693	0.0396	0.1188	0.0396	0.9307	0.0099	0.6040	0.0693	0.0099	0.0099	0.7327	0.2871	0.5248	0.0099	0.0099	0.0099	0.0099	1.0000	0.0099	0.0099	0.0099	0.0099	0.0792	0.0198	0.0099	0.0099	0.0099	0.1683	0.4257	0.0099	0.0099	0.0099	0.0198	0.0099	0.0099	0.0099	0.0495	0.0198	0.0693	0.0099	0.8812	0.0198	0.0099	0.0099	0.0099	0.0099	0.0297	0.0099	0.0297	0.0099	0.0099	0.8515	0.0495	0.0099	0.0099	0.6535	0.0099	0.9604	0.0396	0.0099	0.3663	0.0297	0.0099	0.0297	0.0099	0.2376	0.0099	0.5149	0.4356	0.0198	0.0099	0.0099	0.0099	0.0396	0.0099	0.0099	0.0099	0.4257	0.2871	0.0099	0.0099	0.0099	0.0594	0.2574	0.0099	0.0297	0.0099	0.0099	0.0099	0.0099	0.0297	0.0099	0.0099	0.0396	0.0099	0.0297	0.0099	0.6436	0.3069	0.0297	0.0099	0.0099	0.0099	0.0099	0.0198	0.0099
Eubacterium_eligens	0.0198	0.0099	0.0099	0.0099	0.0099	0.0099	0.0099	0.0594	0.0099	0.0099	0.0099	0.0198	0.0099	0.0297	0.4752	0.0099	0.0099	0.0495	0.8713	0.0099	0.0396	0.0099	0.0099	0.7426	0.0099	0.0099	0.0099	0.0099	0.0099	0.0297	0.0099	0.0099	0.0297	1.0000	0.0099	0.0099	0.2871	0.0099	0.0891	0.0099	0.0099	0.1089	0.0099	0.0099	0.0099	0.0099	0.1584	0.1188	0.2178	0.0099	0.3465	0.0198	0.0495	0.0099	0.0099	0.1485	0.6535	0.0099	0.2871	0.0099	0.0099	0.1485	0.5149	0.5644	0.8119	0.0099	0.0099	0.0099	0.0099	0.0099	1.0000	0.0099	0.0099	0.0099	0.0396	0.0099	0.0099	0.0099	0.0099	0.0297	0.4455	0.0099	0.0198	0.0396	0.0099	0.0198	0.0099	0.0396	0.0594	0.0099	0.0099	0.1188	0.2574	0.8911	0.0099	0.0099	0.0099	0.0099	0.0099	0.0099	0.0099	0.0396	0.0099	0.0297	0.0099	0.0099	0.0198	0.0792	0.0297	0.2475	0.0396	0.0099	0.2376	0.0495	0.0099	0.0099	0.0099	0.1584	0.0099	0.8911	0.1881	0.0099	0.0099	0.0099	0.0099	0.0198	0.0099	0.0099	0.0099	0.0495	0.0099	0.0099	0.0099	0.0891	0.0594	0.2376	0.0099	0.0099	0.0099	0.0198	0.0297	0.0099	0.0099	0.0099	0.0099	0.0099	0.0099	0.1782	0.0099	0.3069	0.4455	0.0693	0.0099	0.0099	0.0099	0.0099	0.0099	0.0099
Eubacterium_hallii	0.0099	0.0495	0.0099	0.0099	0.0099	0.0099	0.0099	0.0099	0.0099	0.0099	0.0099	0.1287	0.0099	0.0099	0.8614	0.0198	0.1584	0.5050	0.9901	0.0099	0.0594	0.0099	0.0099	0.9901	0.0099	0.0198	0.0099	0.0198	0.0099	0.0198	0.7129	0.0099	0.5149	0.5842	0.0099	0.1485	0.0099	0.0099	0.4158	0.0099	0.0099	0.3465	0.0297	0.0099	0.0099	0.0099	0.0099	0.4851	0.0099	0.0099	0.0099	0.1782	0.0099	0.0099	0.1683	0.0693	0.0099	0.0099	0.2871	0.3564	0.0099	0.0099	0.0297	0.3069	0.2178	0.0099	0.0099	0.0099	0.0099	0.0099	0.0099	1.0000	0.0099	0.0099	0.6040	0.3168	0.0099	0.0099	0.6832	0.0099	0.8515	0.0099	0.0099	0.0099	0.0099	0.0099	0.0099	0.0099	0.1188	0.0099	0.0099	0.1584	0.0396	0.2673	0.0099	0.0099	0.0099	0.0099	0.0099	0.0099	0.0099	0.0099	0.0099	0.5050	0.0198	0.0099	0.0099	0.7129	0.0099	0.5248	0.9901	0.0990	0.5347	0.0792	0.0099	0.4158	0.0891	1.0000	0.0198	0.1188	0.1386	0.0099	0.0099	0.0099	0.0099	0.0693	0.0099	0.0099	0.0099	0.1287	0.2772	0.0099	0.0099	0.0099	0.0198	0.9109	0.0099	0.0099	0.0099	0.0198	0.0198	0.0099	0.0099	0.0099	0.0099	0.0198	0.0099	0.1089	0.0099	0.9901	0.0099	0.0396	0.0099	0.0099	0.0099	0.0099	0.0099	0.0099
Eubacterium_ramulus	0.0099	0.0099	0.0099	0.0099	0.0099	0.0099	0.0198	0.0099	0.0099	0.0099	0.0099	0.8119	0.0099	0.0099	0.2970	0.0099	0.0990	1.0000	0.2376	0.0099	0.8317	0.0099	0.0099	0.5941	0.0099	0.1188	0.0495	0.0099	0.0099	0.1881	0.6436	0.0198	0.9604	0.8119	0.0099	0.2673	0.0099	0.0099	0.4356	0.0099	0.0099	0.2574	0.0396	0.0099	0.0099	0.0495	0.0099	0.6436	0.0198	0.0099	0.0495	0.0693	0.0099	0.0099	0.5545	0.0594	0.0099	0.0099	0.2772	0.1287	0.0099	0.0099	0.3168	0.4455	0.8020	0.0099	0.0099	0.0099	0.0099	0.0099	0.0099	0.0099	1.0000	0.0099	0.2871	0.4455	0.0099	0.0099	0.3267	0.0099	0.6733	0.0099	0.0099	0.0099	0.0099	0.0099	0.0099	0.0099	0.1089	0.0099	0.0099	0.0099	0.0594	0.0693	0.0099	0.0099	0.0099	0.0099	0.0099	0.0099	0.0099	0.0099	0.0099	0.0594	0.0099	0.0099	0.0099	0.9208	0.0099	0.4554	0.5050	0.0297	0.8911	0.2178	0.0099	0.6535	0.0990	0.9901	0.0297	0.0396	0.0099	0.0099	0.0099	0.0099	0.0099	0.0792	0.0099	0.0099	0.0099	0.1881	0.3366	0.0099	0.0099	0.0099	0.0297	0.7228	0.0099	0.0099	0.0099	0.0099	0.0198	0.0099	0.0099	0.0099	0.0198	0.0099	0.0099	0.0198	0.0099	0.1980	0.0099	0.2178	0.0099	0.0099	0.0099	0.0099	0.0099	0.0099
Eubacterium_rectale	0.0099	0.0099	0.0495	0.0099	0.0099	0.0099	0.0099	0.0099	0.0396	0.0198	0.0099	0.0198	0.0099	0.9901	0.0495	0.0099	0.0099	0.6337	0.4554	0.0099	0.0099	0.0099	0.0099	1.0000	0.0099	0.0495	0.0099	0.0198	0.0099	0.4752	0.6040	0.0099	0.5545	0.6733	0.0099	0.0396	0.0198	0.0099	0.5941	0.0099	0.0099	0.0099	0.0198	0.0099	0.0099	0.0099	0.0099	0.8119	0.0099	0.0099	0.7030	0.0099	0.0099	0.0099	0.2376	0.0099	0.0099	0.0099	0.0297	0.0297	0.0099	0.0099	0.1881	0.0396	0.1782	0.0099	0.0099	0.0099	0.0099	0.0099	0.0099	0.0099	0.0099	1.0000	0.1881	0.0099	0.0099	0.0099	0.0099	0.0297	0.0792	0.0099	0.0099	0.0099	0.0198	0.0297	0.0099	0.0495	0.0099	0.0099	0.0099	0.1980	0.8614	0.0198	0.0099	0.0099	0.0099	0.0099	0.0099	0.0099	0.0099	0.0099	0.0099	0.0792	0.0099	0.0099	0.0198	0.1089	0.0099	0.0891	0.0297	0.0198	0.1188	0.0297	0.0099	0.7921	0.0099	0.1188	0.5050	0.0891	0.0396	0.0099	0.0099	0.0099	0.0099	0.9208	0.0099	0.0198	0.0099	0.0198	0.1980	0.0099	0.0099	0.0099	0.0099	0.0990	0.0099	0.0099	0.0099	0.0099	0.0297	0.0594	0.0099	0.0099	0.0099	0.0594	0.0099	0.0495	0.0297	0.8614	0.0099	0.0099	0.0099	0.0099	0.0099	0.0099	0.0099	0.0099
Eubacterium_sp_CAG_180	0.6535	0.2673	0.0396	0.3960	0.7723	0.8911	0.0693	0.0693	0.0396	0.2475	0.0297	0.0099	0.1089	0.2673	0.0891	0.0099	0.5743	0.0099	0.3069	0.0891	0.0099	0.2574	0.2772	0.6040	0.0099	0.0297	0.0297	0.9109	0.4851	0.0198	0.9406	0.1782	0.0099	0.0792	0.8020	0.0099	0.5050	1.0000	0.8812	0.0099	0.5050	0.1386	0.2475	0.7030	0.4158	0.3267	0.9307	0.0198	0.0099	0.4158	0.2574	0.3267	0.1089	0.2673	0.0198	0.9307	0.0099	0.2475	0.0198	0.3861	0.0396	0.0099	0.6832	0.4356	0.0396	0.7723	0.8119	0.0198	0.8713	0.0792	0.0396	0.6040	0.2871	0.1881	1.0000	0.3168	0.0099	0.2079	0.7327	0.0297	0.7525	0.1683	0.2178	0.0198	0.4950	0.0594	0.8119	0.0990	0.0198	0.0297	0.5050	0.0693	0.0099	0.2475	0.4257	0.5644	0.3069	0.6040	0.5743	0.6337	0.0891	0.7525	0.8911	0.0891	0.0099	0.0198	0.8515	0.0198	0.3267	0.0099	0.0297	0.3267	0.0099	0.5347	0.0099	0.0396	0.2277	0.0099	0.0099	0.2376	0.7525	0.5149	0.0099	0.5248	0.3465	0.0099	0.2079	0.0396	0.0099	0.6337	0.9505	0.0099	0.1287	0.0990	0.2772	0.2970	0.0099	0.0990	0.1386	0.9604	0.0297	0.5644	0.5149	0.9208	0.0198	0.2970	0.2673	0.3663	0.1089	0.1782	0.1287	0.8614	0.0495	0.1980	0.2673	0.2574	0.0792	0.0099
Eubacterium_sp_CAG_38	0.0099	0.0198	0.0099	0.0198	0.0099	0.0495	0.5842	0.0297	0.0099	0.0198	0.0792	0.0990	0.3663	0.1980	0.0099	0.0198	0.0198	0.0495	0.7624	0.1584	0.0495	0.0099	0.0099	0.7426	0.0594	0.1980	0.0297	0.5149	0.4059	0.0792	0.3960	0.0099	0.9208	0.1089	0.0099	0.2277	0.5347	0.0198	0.3465	0.9406	0.1386	0.4653	0.0990	0.1584	0.1881	0.1980	0.0297	0.6238	0.2871	0.0792	0.2970	0.0297	0.8911	0.0297	0.0495	0.1188	0.0198	0.0297	0.7624	0.0495	0.0990	0.0297	0.4653	0.0891	0.7327	0.0495	0.0990	0.2376	0.0396	0.0198	0.0099	0.3168	0.4455	0.0099	0.3168	1.0000	0.1980	0.0099	0.0099	0.6733	0.7030	0.0099	0.0297	0.0594	0.0396	0.0099	0.0990	0.7525	0.0297	0.0891	0.4257	0.0891	0.2871	0.3762	0.0891	0.0594	0.1089	0.1485	0.0099	0.5347	0.1584	0.3960	0.0594	0.0396	0.6931	0.0297	0.8515	0.0099	0.0099	0.6139	0.1683	0.0099	0.0891	0.1089	0.0297	0.0099	0.0990	0.4752	0.4554	0.2079	0.3267	0.0099	0.0099	0.0099	0.0396	0.8119	0.0099	0.0594	0.0099	0.2178	0.3564	0.0396	0.0396	0.5644	0.0198	0.0099	0.1584	0.0099	0.0198	0.0891	0.1089	0.0792	0.5644	0.0099	0.0495	0.0099	0.0099	0.5050	0.0792	0.5446	0.6832	0.0099	0.1188	0.0099	0.0099	0.0594	0.0792	0.0198
Eubacterium_ventriosum	0.0099	0.0594	0.0099	0.0099	0.0099	0.0099	0.0099	0.2079	0.0099	0.0198	0.0099	0.1881	0.0099	0.0099	0.6436	0.0099	0.4950	0.5644	0.5644	0.0099	0.1881	0.0099	0.0099	0.2475	0.0099	0.2079	0.0099	0.0594	0.0198	0.0198	0.3267	0.0099	0.7921	0.6931	0.0099	0.5347	0.0099	0.0099	0.3762	0.0099	0.0099	0.3267	0.0396	0.0099	0.0099	0.1485	0.0099	0.0396	0.4554	0.0099	0.0099	0.0099	0.5446	0.0099	0.0099	0.2772	0.1089	0.0099	0.0099	0.2673	0.0099	0.0099	0.5842	0.1089	0.0891	0.0099	0.0099	0.0099	0.0099	0.0099	0.0099	0.0099	0.0099	0.0099	0.0099	0.1980	1.0000	0.0099	0.1980	0.0099	0.4059	0.0099	0.0099	0.0099	0.0099	0.0099	0.0099	0.0099	0.2079	0.0099	0.0099	0.0099	0.1188	1.0000	0.0099	0.0099	0.0198	0.0099	0.0099	0.0099	0.0099	0.0099	0.0099	0.4653	0.0099	0.0099	0.0099	0.6832	0.0099	0.0099	0.5545	0.0099	0.1485	0.5545	0.0099	0.1287	0.8812	0.2970	0.0099	0.9505	0.2673	0.0099	0.0099	0.0099	0.0099	0.0099	0.0099	0.0099	0.0099	0.0198	0.1584	0.0099	0.7822	0.0297	0.0990	0.2079	0.0099	0.0099	0.0099	0.0099	0.0198	0.0198	0.0099	0.0099	0.0099	0.0099	0.0198	0.0495	0.0099	0.8713	0.1782	0.2475	0.0198	0.0099	0.0396	0.0198	0.0396	0.0099
Faecalibacterium_prausnitzii	0.0099	0.0099	0.0099	0.0099	0.0099	0.0099	0.0099	0.0099	0.0099	0.0099	0.0099	0.0099	0.0099	0.3168	0.0297	0.0099	0.0297	0.0198	0.8911	0.0099	0.0099	0.0099	0.0099	0.5347	0.0099	0.0495	0.0297	0.0495	0.0099	0.3663	0.0594	0.0099	0.0099	0.1683	0.0099	0.0396	0.1485	0.0099	0.0693	0.0099	0.0099	0.0099	0.0099	0.0099	0.0099	0.0099	0.0990	0.2871	0.0099	0.0099	0.8218	0.0792	0.0099	0.0198	0.8317	0.0099	0.0396	0.0099	0.5149	0.5743	0.0099	0.0099	0.2475	0.0396	0.7129	0.0099	0.0099	0.0198	0.0099	0.0099	0.0099	0.0099	0.0099	0.0099	0.2079	0.0099	0.0099	1.0000	0.0099	0.0099	0.6832	0.0099	0.0099	0.0099	0.0099	0.0099	0.0099	0.0099	0.0099	0.0099	0.0099	0.0990	0.0099	0.0396	0.0099	0.0099	0.0099	0.0099	0.0099	0.0099	0.0099	0.0099	0.0099	0.1980	0.7525	0.0099	0.0099	0.0099	0.0099	0.9109	0.0099	0.0099	0.0099	0.0099	0.0099	0.1881	0.0198	0.0099	0.5446	0.8515	0.0396	0.0099	0.0099	0.0099	0.0099	0.6139	0.0099	0.0099	0.0099	0.0099	0.0396	0.0099	0.0099	0.0099	0.0099	0.0495	0.1485	0.0099	0.0099	0.0099	0.0396	0.0099	0.0099	0.0099	0.0099	0.0099	0.0099	0.0099	0.0099	0.1287	0.0198	0.0099	0.0099	0.0099	0.0099	0.0099	0.0099	0.0099
Firmicutes_bacterium_CAG_110	0.0495	0.0099	0.0099	0.0495	0.0099	0.0099	0.3366	0.0198	0.0099	0.0099	0.0891	0.0099	0.6139	0.7624	0.0099	0.0099	0.0099	0.0990	0.1782	0.4356	0.0099	0.0099	0.0099	0.6931	0.5743	0.0099	0.0198	0.0099	0.0099	0.0099	0.0099	0.0099	0.8713	0.4356	0.0198	0.0495	0.2277	0.0297	0.0099	0.0099	0.0099	0.0099	0.0099	0.1386	0.0792	0.0099	0.0297	0.5347	0.0594	0.5941	0.0099	0.0099	0.0099	0.1683	0.4653	0.0198	0.3168	0.0495	0.8911	0.0099	0.0495	0.0099	0.0099	0.0099	0.0693	0.0099	0.0891	0.1782	0.0099	0.0099	0.0099	0.6832	0.3267	0.0099	0.7327	0.0099	0.1980	0.0099	1.0000	0.1584	0.0099	0.9307	0.0099	0.0099	0.0099	0.0099	0.0099	0.0099	0.0099	0.8812	0.0099	0.0297	0.0099	0.0198	0.0693	0.0495	0.0891	0.1188	0.0099	0.1089	0.0198	0.0099	0.1584	0.8218	0.9010	0.7426	0.7426	0.0099	0.0495	0.0099	0.0099	0.0099	0.0099	0.0099	0.0099	0.0297	0.0099	0.0099	0.5941	0.2673	0.4158	0.0297	0.0099	0.2277	0.2079	0.3861	0.0297	0.0099	0.0099	0.0792	0.0099	0.8911	0.0099	0.1980	0.0099	0.0099	0.0099	0.0594	0.0198	0.0099	0.0099	0.0099	0.9802	0.0198	0.0099	0.0198	0.0099	0.0594	0.0099	0.3465	0.0297	0.0099	0.0396	0.0099	0.0099	0.0198	0.0099	0.0594
Firmicutes_bacterium_CAG_83	0.0099	0.0099	0.0099	0.0099	0.0297	0.0099	0.0297	0.0099	0.0099	0.0099	0.0198	0.0792	0.0198	0.0099	0.3267	0.1980	0.3168	0.0396	0.0396	0.0198	0.2673	0.0099	0.0099	0.0792	0.0099	0.6139	0.4158	0.3168	0.0495	0.6238	0.4257	0.2871	0.0099	0.1485	0.1287	0.2079	0.0198	0.0198	0.1782	0.0990	0.0099	0.9505	0.0297	0.0099	0.1386	0.0792	0.1188	0.1188	0.0099	0.0099	0.4158	0.8911	0.0099	0.0495	0.7525	0.6535	0.0099	0.0099	0.3465	0.5545	0.0099	0.0099	0.1485	0.2871	0.9406	0.0198	0.0198	0.0297	0.0198	0.1683	0.0297	0.0099	0.0099	0.0297	0.0297	0.6733	0.0099	0.0099	0.1584	1.0000	0.6832	0.0099	0.0099	0.0099	0.0099	0.0099	0.0099	0.0495	0.0198	0.8020	0.1881	0.8119	0.2673	0.0099	0.0099	0.0099	0.0099	0.0099	0.0099	0.0792	0.0099	0.0099	0.0198	0.0198	0.9109	0.1386	0.0099	0.0198	0.0099	0.1188	0.0891	0.0099	0.0099	0.5644	0.9406	0.8317	0.3366	0.1188	0.5545	0.5644	0.0099	0.0495	0.0099	0.0297	0.0099	0.5149	0.0099	0.0099	0.0297	0.0198	0.0990	0.0099	0.0594	0.0099	0.4950	0.3861	0.3465	0.2178	0.0198	0.0099	0.9307	0.0099	0.0099	0.0198	0.0198	0.0396	0.0099	0.0099	0.0693	0.0099	0.0198	0.4356	0.0099	0.0099	0.0099	0.0099	0.0099	0.3267
Flavonifractor_plautii	0.7129	0.8317	0.7327	0.7723	1.0000	0.6337	0.0297	0.7723	0.9010	0.5842	0.7822	0.0099	0.6832	0.3069	0.0693	0.0099	0.0099	0.0099	0.0594	0.0594	0.0099	0.3069	0.4257	0.8020	0.5248	0.1881	0.1584	0.0099	0.0396	0.8218	0.0693	0.0099	0.5743	0.0396	0.0594	0.0396	0.8812	0.7624	0.0099	0.0198	0.1089	0.0198	0.7525	0.5347	0.2277	0.0099	0.0099	0.8515	0.3960	0.1881	0.0099	0.0891	0.0099	0.5050	0.3267	0.0990	0.1881	0.9109	0.1287	0.0099	0.4950	0.9901	0.0099	0.1089	0.0693	0.9802	0.9802	0.1188	0.0099	0.4257	0.4455	0.8515	0.6733	0.0792	0.7525	0.7030	0.4059	0.6832	0.0099	0.6832	1.0000	0.1287	0.3762	0.1386	0.3465	0.9604	0.0198	0.0099	0.9109	0.4851	0.0495	0.8119	0.9604	0.6634	0.6634	0.0297	0.0792	0.0594	0.7129	0.8416	0.1683	0.2475	0.6634	0.6733	0.3663	0.4356	0.0891	0.7327	0.6634	0.0099	0.0198	0.0396	0.0099	0.0099	0.0198	0.2475	0.0099	0.0198	0.5347	0.0495	0.7723	0.0792	0.3663	0.0297	0.7030	0.8317	0.0693	0.1485	0.7723	0.7624	0.0099	0.0396	0.0099	0.2277	0.2376	0.0099	0.0099	0.6238	0.8515	0.1287	0.6535	0.5545	0.5644	0.3861	0.5644	0.9604	0.8416	0.7723	0.7129	0.2574	0.0099	0.0297	0.5446	0.5347	0.8911	0.9307	0.3663	0.4554
Fusicatenibacter_saccharivorans	0.0099	0.0297	0.0198	0.0099	0.0099	0.0099	0.0099	0.0099	0.0099	0.0099	0.0099	0.2475	0.0099	0.0099	0.5248	0.0099	0.6139	0.3366	0.8317	0.0099	0.2871	0.0099	0.0099	0.1980	0.0099	0.0297	0.0099	0.4257	0.0198	0.1188	0.8020	0.0198	0.9406	0.2574	0.0099	0.4158	0.0099	0.0099	0.7129	0.0099	0.0099	0.9010	0.0396	0.0099	0.0099	0.0990	0.0495	0.4554	0.0099	0.0099	0.0099	0.0099	0.1287	0.0099	0.0099	0.0495	0.0099	0.0099	0.2772	0.3267	0.0099	0.0099	0.1980	0.9802	0.4653	0.0099	0.0099	0.0099	0.0099	0.0099	0.0099	0.0099	0.0099	0.0099	0.1683	0.0099	0.0099	0.0099	0.9307	0.0099	0.1287	1.0000	0.0099	0.0099	0.0099	0.0099	0.0099	0.0099	0.0198	0.0099	0.0099	0.0693	0.0297	0.8218	0.0099	0.0099	0.0099	0.0099	0.0099	0.0099	0.0099	0.0099	0.0099	0.3663	0.0099	0.0099	0.0099	0.4950	0.0099	0.0495	0.5149	0.1980	0.4653	0.7723	0.0099	0.3465	0.9703	0.6238	0.0099	0.6238	0.1881	0.0099	0.0099	0.0099	0.0099	0.0297	0.0099	0.0099	0.0099	0.0099	0.3267	0.0099	0.0990	0.0099	0.0297	0.7228	0.0198	0.0099	0.0099	0.0099	0.0099	0.0099	0.0099	0.0099	0.0099	0.0099	0.0099	0.0198	0.0099	0.5644	0.0198	0.0099	0.0099	0.0099	0.0099	0.0099	0.0099	0.0099
Fusobacterium_nucleatum	0.1386	0.0099	0.0099	0.0099	0.0099	0.0099	0.0099	0.0198	0.0099	0.0099	0.0099	0.0099	0.0099	0.5842	0.0099	0.0594	0.0396	0.7921	0.9109	0.0099	0.0099	0.0099	0.0099	0.6733	0.0099	0.2772	0.0594	0.1089	0.0099	0.7723	0.2772	0.0495	0.0198	0.4158	0.0297	0.0198	0.0198	0.0099	0.4950	0.0099	0.0099	0.0396	0.0099	0.1782	0.0099	0.0099	0.0396	0.0495	0.0099	0.0099	0.4653	0.4059	0.0099	0.0495	0.8515	0.0990	0.0297	0.0099	0.0792	0.1683	0.0099	0.0099	0.0198	0.2277	0.4455	0.0099	0.0099	0.0297	0.0198	0.0099	0.0198	0.0099	0.0099	0.0099	0.2178	0.0297	0.0099	0.0099	0.0099	0.0099	0.3762	0.0099	1.0000	0.0099	0.0099	0.0099	0.0099	0.0099	0.0099	0.1386	0.4158	0.0495	0.5149	0.0099	0.0099	0.0099	0.0099	0.0099	0.0099	0.0099	0.0297	0.0099	0.0099	0.8119	0.8911	0.0099	0.1287	0.1287	0.0099	0.8119	0.0693	0.0099	0.0594	0.0891	0.1287	0.9604	0.0297	0.1089	0.4356	0.1089	0.0297	0.0198	0.0099	0.0198	0.0099	0.9505	0.0099	0.0099	0.0099	0.2673	0.3960	0.0198	0.0099	0.0099	0.0099	0.2277	0.1584	0.0099	0.0099	0.0297	0.1584	0.0099	0.0198	0.0099	0.1287	0.2277	0.0099	0.7723	0.1485	0.0990	0.0099	0.2376	0.0099	0.0099	0.0099	0.0099	0.0099	0.0792
Gemella_haemolysans	0.0099	0.0099	0.0099	0.0099	0.0099	0.0099	0.0891	0.0099	0.0099	0.0099	0.0099	0.0099	0.0099	0.0495	0.0099	0.0198	0.0099	0.1089	0.7921	0.0099	0.0099	0.0099	0.0099	0.5347	0.0198	0.0099	0.0099	0.0099	0.0099	0.1287	0.0099	0.0099	0.1386	0.0099	0.0297	0.2376	0.8812	0.0099	0.0099	0.1782	0.0198	0.3465	0.0099	0.1881	0.6238	0.0099	0.2277	0.1287	0.0099	0.0099	0.0594	0.5248	0.0099	0.0198	0.8416	0.0099	0.0693	0.0099	0.4356	0.7030	0.0099	0.0099	0.7723	0.1980	0.9802	0.0099	0.0099	0.3762	0.0099	0.0099	0.0396	0.0099	0.0099	0.0099	0.0198	0.0594	0.0099	0.0099	0.0099	0.0099	0.1386	0.0099	0.0099	1.0000	0.0099	0.0099	0.0099	0.0396	0.0198	0.0891	0.0990	0.0891	0.0198	0.0099	0.0099	0.0099	0.0099	0.0099	0.0099	0.0198	0.0099	0.0198	0.0099	0.8317	0.3960	0.2079	0.0099	0.0099	0.0099	0.2871	0.0099	0.0099	0.0099	0.0099	0.0594	0.0792	0.0099	0.0099	0.5446	0.2871	0.0198	0.0099	0.0099	0.0099	0.0099	0.5248	0.0099	0.0099	0.0099	0.7624	0.0495	0.0198	0.0099	0.0099	0.0297	0.2277	0.0891	0.0099	0.0099	0.0099	0.0198	0.0099	0.0396	0.0099	0.0099	0.0099	0.0099	0.0099	0.0099	0.4950	0.1584	0.0099	0.0099	0.0099	0.0099	0.0099	0.0099	0.2574
Gemella_morbillorum	0.0198	0.0198	0.0396	0.0099	0.0099	0.0099	0.9406	0.0099	0.0099	0.0099	0.0693	0.0198	0.0099	0.0198	0.0198	0.0297	0.0297	0.0891	0.3465	0.0099	0.0594	0.0099	0.0099	0.6139	0.0198	0.0990	0.0891	0.0099	0.0099	0.2673	0.0099	0.0099	0.0693	0.0495	0.0099	0.4851	0.6733	0.0099	0.0198	0.2871	0.0198	0.1287	0.0594	0.0396	0.7030	0.0792	0.5743	0.2277	0.0099	0.0198	0.9208	0.3564	0.0099	0.0990	0.7129	0.0297	0.2277	0.0099	0.7624	0.7327	0.0099	0.0099	0.9010	0.3366	0.5248	0.0099	0.0693	0.0792	0.0099	0.0198	0.0099	0.0099	0.0099	0.0198	0.4950	0.0396	0.0099	0.0099	0.0099	0.0099	0.3465	0.0099	0.0099	0.0099	1.0000	0.0099	0.0099	0.2178	0.0099	0.3663	0.0891	0.1584	0.0792	0.0495	0.0099	0.0099	0.0099	0.0099	0.0099	0.6436	0.0594	0.0396	0.0099	0.1089	0.4752	0.1188	0.2376	0.0396	0.0099	0.8911	0.0099	0.0099	0.0099	0.0594	0.0693	0.1287	0.0198	0.0198	0.4356	0.6733	0.1089	0.0099	0.0099	0.1188	0.0099	0.2178	0.0099	0.0099	0.0198	0.8020	0.1782	0.0594	0.0099	0.0099	0.1188	0.2178	0.6436	0.0099	0.0099	0.0099	0.2772	0.0099	0.1782	0.0099	0.0594	0.0297	0.0099	0.1584	0.0099	0.0396	0.0297	0.1980	0.0099	0.0297	0.0099	0.0099	0.0099	0.5347
Gemella_sanguinis	0.0099	0.0099	0.0099	0.0099	0.0099	0.0099	0.1584	0.0099	0.0099	0.0099	0.0099	0.0099	0.0099	0.0891	0.0099	0.0099	0.0099	0.0495	0.4455	0.0198	0.0099	0.0099	0.0099	0.1584	0.0099	0.0099	0.0099	0.0099	0.0099	0.0198	0.0099	0.0099	0.0297	0.0495	0.0297	0.7921	0.7228	0.0099	0.0099	0.5842	0.0198	0.1881	0.0693	0.0099	0.3762	0.0099	0.0891	0.3465	0.0099	0.0099	0.0396	0.4950	0.0099	0.0594	0.4752	0.0099	0.0099	0.0099	0.7921	0.0693	0.0099	0.0099	0.0891	0.0594	0.1782	0.0099	0.0396	0.0495	0.0099	0.0099	0.0198	0.0099	0.0099	0.0297	0.0594	0.0099	0.0099	0.0099	0.0099	0.0099	0.9604	0.0099	0.0099	0.0099	0.0099	1.0000	0.0099	0.3168	0.0099	0.5545	0.2178	0.6139	0.0099	0.0099	0.0099	0.0099	0.0099	0.0099	0.0099	0.9307	0.0297	0.0495	0.0099	0.0297	0.2079	0.1188	0.0099	0.0099	0.0099	0.2277	0.0099	0.0099	0.0099	0.0099	0.0099	0.0495	0.0099	0.0099	0.3663	0.4356	0.1386	0.0099	0.0099	0.0594	0.0099	0.1386	0.0099	0.0099	0.0099	0.5347	0.0099	0.0099	0.0099	0.0099	0.0693	0.0099	0.0099	0.0099	0.0099	0.0099	0.0297	0.0099	0.0099	0.0099	0.0099	0.0099	0.0099	0.0099	0.0099	0.0099	0.4455	0.0099	0.0099	0.0099	0.0099	0.0099	0.0099	0.2079
Gemmiger_formicilis	0.0099	0.0099	0.0099	0.0099	0.0099	0.0099	0.0099	0.0099	0.0099	0.0099	0.0099	0.0099	0.0099	0.0495	0.0594	0.0099	0.0099	0.2079	0.1485	0.0099	0.0099	0.0099	0.0099	0.0099	0.0099	0.0099	0.0198	0.0099	0.0099	0.0495	0.0891	0.0099	0.4653	0.9307	0.0099	0.9208	0.0297	0.0099	0.0099	0.0198	0.0099	0.0099	0.0099	0.0099	0.0099	0.0099	0.0099	0.5347	0.0099	0.0099	0.5446	0.0099	0.0099	0.0099	0.1386	0.0297	0.1188	0.0099	0.7921	0.0099	0.0099	0.0099	0.1881	0.0099	0.6436	0.0099	0.0099	0.0099	0.0099	0.0099	0.0099	0.0099	0.0099	0.0099	0.8119	0.0990	0.0099	0.0099	0.0099	0.0099	0.0198	0.0099	0.0099	0.0099	0.0099	0.0099	1.0000	0.2772	0.0396	0.0099	0.0099	0.0594	0.3564	0.2871	0.0099	0.0099	0.0099	0.0099	0.0099	0.0099	0.0099	0.0099	0.0099	0.0792	0.0297	0.0099	0.0297	0.3267	0.0099	0.4653	0.0099	0.0099	0.0099	0.0495	0.0099	0.5644	0.0099	0.0099	0.0198	0.2277	0.0990	0.0099	0.0099	0.0297	0.0099	0.2475	0.0099	0.0198	0.0099	0.0099	0.0099	0.0099	0.0099	0.0099	0.0099	0.0297	0.0099	0.0099	0.0099	0.0099	0.0099	0.0099	0.0099	0.0099	0.0099	0.0396	0.0099	0.0198	0.0099	0.9109	0.0099	0.0099	0.0099	0.0099	0.0099	0.0099	0.0099	0.0099
Gordonibacter_pamelaeae	0.0792	0.1683	0.5347	0.2475	0.0297	0.0990	0.1683	0.5149	0.0891	0.2970	0.0099	0.2574	0.0792	0.1485	0.0297	1.0000	0.0099	0.4554	0.8218	0.0099	0.5248	0.0198	0.0297	0.8812	0.0198	0.3663	0.3663	0.1089	0.7327	0.0297	0.2970	0.1683	0.3861	0.5842	0.5545	0.0198	0.0099	0.0099	0.0099	0.0099	0.0693	0.3168	0.7228	0.0297	0.2871	0.0891	0.6238	0.0495	0.1584	0.0099	0.0099	0.4752	0.3366	0.0891	0.5248	0.1980	0.9703	0.0099	0.3069	0.0594	0.0099	0.0792	0.0099	0.9010	0.0099	0.5644	0.0198	0.2277	0.5149	0.0099	0.0396	0.0099	0.0099	0.0495	0.0990	0.7525	0.0099	0.0099	0.0099	0.0495	0.0099	0.0099	0.0099	0.0396	0.2178	0.3168	0.2772	1.0000	0.2772	0.0198	0.1485	0.0198	0.3861	0.2178	0.0099	0.0099	0.0099	0.0099	0.1089	0.3267	0.0891	0.7624	0.0099	0.3366	0.0099	0.0099	0.0198	0.6931	0.0099	0.0099	0.0198	0.2673	0.0099	0.1485	0.8218	0.5050	0.0297	0.0099	0.0297	0.5842	0.9703	0.7129	0.3960	0.0099	0.0198	0.0099	0.0099	0.0099	0.0495	0.0594	0.0099	0.0099	0.2574	0.0099	0.7822	0.0099	0.2772	0.3465	0.0594	0.0198	0.9505	0.0099	0.0099	0.1782	0.7525	0.7426	0.2079	0.4059	0.5347	0.8812	1.0000	0.9505	0.0099	0.2178	0.0297	0.0198	0.0297	0.0099
Haemophilus_parainfluenzae	0.0099	0.0693	0.0693	0.1287	0.1584	0.0198	0.9802	0.0099	0.0099	0.1683	0.9406	0.0099	0.0495	0.0693	0.1188	0.2277	0.1980	0.2970	0.2871	0.0396	0.0099	0.0099	0.0099	0.5050	0.4752	0.8812	0.5050	0.1386	0.0594	0.3663	0.0099	0.0792	0.0198	0.8119	0.2673	0.2970	0.4950	0.0099	0.2871	0.1386	0.0099	0.0990	0.0099	0.0198	0.1386	0.0891	0.2970	0.0198	0.0297	0.0198	0.5248	0.0297	0.0099	0.7822	0.0396	0.0198	0.1881	0.0099	0.4950	0.8020	0.0099	0.0099	0.5743	0.1881	0.1782	0.0099	0.0099	0.6931	0.1485	0.0495	0.0594	0.1188	0.1089	0.0099	0.0198	0.0297	0.2079	0.0099	0.0099	0.0198	0.9109	0.0198	0.0099	0.0198	0.0099	0.0099	0.0396	0.2772	1.0000	0.1386	0.0297	0.5545	0.0693	0.7030	0.0198	0.0099	0.0099	0.0099	0.0099	0.0693	0.2574	0.4158	0.0099	0.1782	0.1584	0.0099	0.0198	0.1188	0.0099	0.0990	0.0099	0.0099	0.0099	0.0297	0.9703	0.0594	0.4653	0.1287	0.6139	0.6436	0.1386	0.0198	0.0396	0.0891	0.0990	0.1980	0.1485	0.0099	0.1386	0.1980	0.0693	0.2574	0.0099	0.0099	0.8218	0.9802	0.1881	0.0594	0.1287	0.0099	0.5842	0.0099	0.8119	0.0099	0.4158	0.3663	0.0297	0.0891	0.5347	0.0198	0.2376	0.1584	0.0099	0.0099	0.0099	0.0099	0.0099	0.9208
Holdemania_filiformis	0.0099	0.5743	0.0198	0.0396	0.0495	0.2178	0.0099	0.3465	0.2673	0.0297	0.0099	0.2376	0.0099	0.4752	0.6436	0.0099	0.3465	0.2871	0.0495	0.0099	0.2277	0.0099	0.0099	0.0693	0.0099	0.0891	0.0099	0.0891	0.0198	0.4752	0.9109	0.0198	0.0099	0.6238	0.0099	0.1980	0.0396	0.0099	0.7525	0.0198	0.0099	0.4455	0.6139	0.0099	0.0099	0.9208	0.0099	0.1188	0.6931	0.0198	0.1782	0.0099	0.2178	0.0198	0.1683	0.7129	0.8218	0.0099	0.6337	0.5842	0.0099	0.2277	0.7822	0.8119	0.1287	0.0495	0.0099	0.0198	0.1188	0.0198	0.0099	0.0099	0.0099	0.0099	0.0297	0.0891	0.0099	0.0099	0.8812	0.8020	0.4851	0.0099	0.1386	0.0891	0.3663	0.5545	0.0099	0.0198	0.1386	1.0000	0.0198	0.1782	0.0594	0.8218	0.0099	0.0693	0.0099	0.0099	0.0891	0.0099	0.1782	0.0297	0.0198	0.2178	0.0099	0.0792	0.0495	0.7327	0.0099	0.4653	0.8911	0.8911	0.2475	0.1386	0.0099	0.0297	0.4158	0.2574	0.0099	0.4455	0.9802	0.2772	0.0099	0.0594	0.0396	0.0198	0.0099	0.0099	0.0198	0.0099	0.1485	0.0099	0.0891	0.0297	0.0198	0.4059	0.0297	0.0099	0.0495	0.9703	0.0792	0.3762	0.0792	0.6337	0.1386	0.5545	0.9802	0.7228	0.0099	0.9703	0.8020	0.1485	0.0198	0.0594	0.0198	0.0198	0.0099	0.0099
Hungatella_hathewayi	0.1683	0.3861	0.9901	0.1287	0.0792	0.2772	0.4950	0.9604	0.3366	0.7723	0.0792	0.0198	0.0198	0.5149	0.5644	0.0099	0.0198	0.2277	0.3168	0.0792	0.0396	0.0198	0.0099	0.1386	0.0396	0.3366	0.1980	0.0693	0.0990	0.0594	0.7426	0.0099	0.9802	0.1287	0.0198	0.4950	0.3168	0.0198	0.0297	0.3069	0.0099	0.0099	0.0099	0.0099	0.0099	0.0099	0.0099	0.1980	0.1485	0.0099	0.0495	0.0099	0.0198	0.1683	0.9406	0.0099	0.2079	0.0099	0.5248	0.0099	0.0198	0.2970	0.0297	0.0099	0.0099	0.2277	0.7228	0.1980	0.0099	0.0693	0.0099	0.0099	0.0099	0.0099	0.5050	0.4257	0.0099	0.0099	0.0099	0.1881	0.0495	0.0099	0.4158	0.0990	0.0891	0.2178	0.0099	0.1485	0.0297	0.0198	1.0000	0.3168	0.0792	0.6040	0.1386	0.2574	0.2871	0.1386	0.1188	0.4356	0.3267	0.5743	0.8020	0.7327	0.1089	0.2772	0.8713	0.3762	0.0396	0.0297	0.3465	0.1485	0.2178	0.5941	0.0099	0.1683	0.0396	0.0297	0.2475	0.7228	0.2772	0.0198	0.0099	0.1188	0.0198	0.9010	0.2574	0.4059	0.0099	0.1188	0.0099	0.0099	0.0099	0.4653	0.0495	0.1089	0.0099	0.0198	0.1485	0.1683	0.2277	0.2079	0.8614	0.1881	0.1782	0.3267	0.3069	0.6337	0.4257	0.6040	0.0495	0.0198	0.0495	0.1089	0.1881	0.0099	0.0297	0.0198
Intestinibacter_bartlettii	0.1782	0.1287	0.0297	0.8614	0.1089	0.1287	0.1881	0.2673	0.3762	0.1683	0.0099	0.6436	0.0198	0.9505	0.7030	0.0099	0.8020	0.0594	0.0990	0.0099	0.8218	0.0297	0.0297	0.0198	0.0099	0.7426	0.4059	0.3960	0.9505	0.5050	0.7525	0.0198	0.6436	0.0099	0.3366	0.3267	0.0099	0.4653	0.3861	0.5446	0.0396	0.2574	0.2178	0.0297	0.0099	0.4653	0.3168	0.7327	0.4554	0.8515	0.5644	0.0099	0.4554	0.0198	0.2970	0.5644	0.2178	0.2970	0.1089	0.2376	0.0693	0.0099	0.6634	0.0594	0.8713	0.7030	0.1188	0.0198	0.7624	0.0099	0.1188	0.1584	0.0099	0.1980	0.0693	0.0891	0.0099	0.0990	0.0297	0.8119	0.8119	0.0693	0.0495	0.0891	0.1584	0.6139	0.0594	0.0198	0.5545	0.1782	0.3168	1.0000	0.5050	0.5347	0.0693	0.0495	0.1782	0.1683	0.5545	0.0198	0.0396	0.3861	0.0297	0.0990	0.0198	0.0594	0.7030	0.5050	0.0990	0.2673	0.9307	0.8812	0.7723	0.3762	0.0297	0.3366	0.4653	0.2772	0.0297	0.5941	0.0495	0.2277	0.0891	0.0198	0.1881	0.0495	0.0099	0.0099	0.0099	0.1782	0.7030	0.1683	0.3861	0.0990	0.0495	0.7129	0.0198	0.0693	0.0198	0.1287	0.2376	0.2871	0.1881	0.0693	0.2475	0.4950	0.8416	0.0198	0.0594	0.0099	0.1287	0.0198	0.0693	0.8515	0.9901	0.2871	0.0990	0.0099
Intestinimonas_butyriciproducens	0.4059	0.0594	0.0297	0.2871	0.3960	0.1584	0.1683	0.0396	0.0099	0.0594	0.3663	0.0396	0.1287	0.8713	0.0099	0.3168	0.0099	0.0099	0.5347	0.0099	0.0099	0.1188	0.4554	0.0990	0.0693	0.9208	0.7327	0.0792	0.0891	0.0792	0.0297	0.1980	0.1188	0.2079	0.6337	0.5842	0.0099	0.0594	0.1287	0.0297	0.2475	0.7723	0.2574	0.1782	0.8515	0.3366	0.1683	0.1089	0.1089	0.3564	0.0198	0.1485	0.0792	0.8614	0.2574	0.2178	0.4455	0.6040	0.2376	0.6436	0.3663	0.4851	0.5743	0.1089	0.4158	0.3366	0.8812	0.4653	0.9505	0.8812	0.2574	0.0396	0.0594	0.8614	0.0099	0.2871	0.1188	0.0099	0.0099	0.2673	0.9604	0.0297	0.5149	0.0198	0.0792	0.0099	0.3564	0.3861	0.0693	0.0594	0.0792	0.5050	1.0000	0.0198	0.4950	0.3069	0.3267	0.6040	0.0198	0.4950	0.3762	0.2772	0.4455	0.0099	0.0099	0.0693	0.9604	0.0198	0.3465	0.3069	0.0099	0.0099	0.0099	0.0099	0.3168	0.3663	0.0594	0.0099	0.0099	0.1485	0.1683	0.4554	0.4554	0.2871	0.5842	0.0198	0.6733	0.2376	0.1584	0.1881	0.0396	0.0099	0.0792	0.0891	0.5941	0.0396	0.0792	0.6040	0.7822	0.0099	0.6733	0.0891	0.0297	0.4653	0.6535	0.5149	0.0990	0.0198	0.5941	0.0396	0.5446	0.2376	0.1089	0.0792	0.0792	0.4950	0.0198	0.0495
Janibacter_indicus	0.6733	0.0099	0.0099	0.1881	0.0396	0.0099	0.9703	0.0099	0.0099	0.0099	0.2970	0.0099	0.1485	0.3267	0.0396	0.9703	0.0594	0.2277	0.0891	0.6931	0.0099	0.0495	0.1782	0.0891	0.1188	0.8713	0.9010	0.0396	0.0198	0.0099	0.0792	0.2079	0.1782	0.5347	0.6040	0.9901	0.6436	0.0099	0.4455	0.9703	0.0297	0.1782	0.0297	1.0000	0.7426	0.2772	0.9109	0.0198	0.0198	0.1386	0.0297	0.3564	0.0099	0.5842	0.1089	0.0495	0.0099	0.0792	0.1881	0.2871	0.0297	0.0099	0.6139	0.5842	0.5347	0.4752	0.0396	0.3861	0.4653	0.0198	0.8911	0.2673	0.0693	0.0198	0.2475	0.3762	1.0000	0.0396	0.0198	0.0099	0.6634	0.8218	0.0099	0.0099	0.0495	0.0099	0.2871	0.2178	0.7030	0.8218	0.6040	0.5347	0.0198	1.0000	0.0198	0.0099	0.0099	0.0099	0.8218	0.6040	0.3762	0.8713	0.0099	0.9109	0.0495	0.2970	0.0099	0.0297	0.0099	0.6634	0.0099	0.0099	0.0099	0.0198	0.8614	0.8713	0.0297	0.0297	0.0990	0.0693	0.2079	0.3267	0.0099	0.0891	0.8416	0.2277	0.0495	0.0099	0.0891	0.0693	0.6238	0.7921	0.0099	0.0396	0.6040	0.3267	0.6733	0.3960	0.6832	0.0099	0.3069	0.0099	0.6832	0.1188	0.3762	0.8911	0.0297	0.0297	0.9505	0.4455	0.0198	0.8812	0.0099	0.0099	0.0198	0.0099	0.0099	0.6931
Klebsiella_oxytoca	0.0099	0.0099	0.0099	0.0099	0.0297	0.0099	0.0198	0.0099	0.0099	0.0099	0.0099	0.0297	0.0099	0.0693	0.0198	0.0693	0.0693	0.2277	0.7525	0.0099	0.0198	0.0099	0.0198	0.9307	0.0099	0.0396	0.0099	0.0198	0.0099	0.6832	0.0792	0.0297	0.2475	0.3663	0.0099	0.0990	0.0099	0.0099	0.9901	0.0099	0.0099	0.8713	0.0495	0.0099	0.0396	0.1881	0.2079	0.0693	0.0099	0.0099	0.2079	0.5842	0.0099	0.0099	0.7723	0.0396	0.0297	0.0099	0.7327	0.8812	0.0099	0.0099	0.0198	0.1089	0.6832	0.0099	0.0099	0.0099	0.0594	0.0099	0.0099	0.0099	0.0099	0.0099	0.4257	0.0891	0.0099	0.0099	0.0693	0.0099	0.6634	0.0099	0.0099	0.0099	0.0099	0.0099	0.0099	0.0099	0.0198	0.0099	0.1386	0.0693	0.4950	0.0198	1.0000	0.0099	0.0099	0.0099	0.0099	0.0099	0.0099	0.0198	0.0099	0.8911	0.2871	0.0099	0.0099	0.5248	0.0099	0.6832	0.0396	0.0198	0.0396	0.0297	0.0099	0.6733	0.0198	0.2475	0.1881	0.2079	0.0198	0.0099	0.0198	0.0198	0.0099	0.7921	0.0099	0.0099	0.0099	0.3168	0.3960	0.0099	0.0099	0.0099	0.0198	0.2079	0.1188	0.1188	0.0099	0.0198	0.0198	0.0099	0.0099	0.0099	0.0495	0.0396	0.0099	0.0198	0.0099	0.1485	0.0198	0.0792	0.0099	0.0099	0.0099	0.0099	0.0099	0.0099
Klebsiella_pneumoniae	0.0099	0.0099	0.0099	0.0099	0.0099	0.0099	0.0198	0.0099	0.0099	0.0099	0.0099	0.0495	0.0099	0.0990	0.0297	0.0198	0.0693	0.5248	0.2673	0.0099	0.0297	0.0099	0.0099	0.5446	0.0099	0.0792	0.0198	0.0099	0.0099	0.8218	0.0099	0.0198	0.0891	0.0198	0.0099	0.0594	0.0693	0.0099	0.6337	0.0099	0.0099	0.6931	0.0099	0.0297	0.0099	0.2277	0.3762	0.0198	0.0099	0.0099	0.5248	0.4653	0.0099	0.0099	0.4356	0.0297	0.1683	0.0099	0.7921	0.9802	0.0099	0.0099	0.0396	0.1188	0.7921	0.0099	0.0099	0.0099	0.0099	0.0099	0.0099	0.0099	0.0099	0.0099	0.5644	0.0594	0.0099	0.0099	0.0495	0.0099	0.0297	0.0099	0.0099	0.0099	0.0099	0.0099	0.0099	0.0099	0.0099	0.0693	0.2574	0.0495	0.3069	0.0099	0.0099	1.0000	0.0099	0.0099	0.0099	0.0099	0.0099	0.0297	0.0099	0.9604	0.1980	0.0099	0.0099	0.1980	0.0099	0.8515	0.0099	0.0099	0.0297	0.0495	0.0099	0.3861	0.0099	0.1782	0.0198	0.3564	0.0297	0.0198	0.0198	0.0099	0.0099	0.8218	0.0099	0.0099	0.0198	0.1683	0.6931	0.0099	0.0198	0.0099	0.0198	0.2475	0.5050	0.0693	0.0495	0.0099	0.0495	0.0099	0.0099	0.0099	0.0099	0.0099	0.0099	0.0099	0.0099	0.2277	0.0396	0.0198	0.0099	0.0099	0.0099	0.0099	0.0099	0.0099
Klebsiella_quasipneumoniae	0.0099	0.0099	0.0099	0.0099	0.0099	0.0099	0.0594	0.0099	0.0099	0.0099	0.0099	0.0990	0.0099	0.2871	0.0297	0.0693	0.0297	0.7327	0.1386	0.0099	0.0495	0.0099	0.0099	0.5743	0.0198	0.0198	0.0198	0.0099	0.0099	0.4554	0.0099	0.0099	0.0693	0.0495	0.0297	0.1881	0.1287	0.0099	0.6436	0.0099	0.0099	0.5347	0.0099	0.0990	0.1584	0.3663	0.4554	0.0297	0.0099	0.0198	0.7624	0.6436	0.0099	0.0099	0.8416	0.0297	0.1386	0.0099	0.7822	0.8812	0.0099	0.0099	0.0198	0.1089	0.8515	0.0099	0.0099	0.0297	0.0198	0.0099	0.0099	0.0099	0.0099	0.0099	0.3069	0.1089	0.0198	0.0099	0.0891	0.0099	0.0792	0.0099	0.0099	0.0099	0.0099	0.0099	0.0099	0.0099	0.0099	0.0099	0.2871	0.1782	0.3267	0.0099	0.0099	0.0099	1.0000	0.0099	0.0099	0.0198	0.0297	0.0594	0.0099	0.9109	0.6139	0.0099	0.0099	0.2970	0.0099	0.9406	0.0198	0.0198	0.0099	0.0594	0.0297	0.3267	0.0099	0.0495	0.6238	1.0000	0.0198	0.0099	0.0099	0.0297	0.0099	0.9109	0.0099	0.0099	0.0297	0.5446	0.9406	0.0297	0.0099	0.0099	0.0594	0.3960	0.4554	0.0297	0.0099	0.0099	0.0891	0.0099	0.0297	0.0099	0.0396	0.0594	0.0099	0.0099	0.0099	0.1089	0.1683	0.0099	0.0099	0.0099	0.0099	0.0099	0.0099	0.0198
Klebsiella_variicola	0.0099	0.0099	0.0099	0.0099	0.0099	0.0099	0.0396	0.0099	0.0099	0.0099	0.0099	0.0594	0.0099	0.1188	0.0693	0.0297	0.0693	0.9208	0.4158	0.0099	0.0396	0.0099	0.0099	0.5644	0.0099	0.0099	0.0099	0.0099	0.0099	0.5050	0.0099	0.0099	0.2376	0.0198	0.0099	0.1287	0.0198	0.0099	0.7327	0.0099	0.0099	0.4158	0.0297	0.0198	0.0693	0.1881	0.0990	0.0297	0.0099	0.0099	0.5743	0.3168	0.0099	0.0198	0.6436	0.0198	0.0990	0.0099	0.9505	0.7129	0.0099	0.0099	0.0495	0.0198	0.7525	0.0099	0.0099	0.0099	0.0099	0.0099	0.0099	0.0099	0.0099	0.0099	0.6040	0.1485	0.0099	0.0099	0.1188	0.0099	0.0594	0.0099	0.0099	0.0099	0.0099	0.0099	0.0099	0.0099	0.0099	0.0099	0.1386	0.1683	0.6040	0.0099	0.0099	0.0099	0.0099	1.0000	0.0099	0.0297	0.0198	0.0396	0.0099	0.6436	0.2574	0.0099	0.0099	0.4851	0.0099	1.0000	0.0099	0.0198	0.0099	0.0792	0.0099	0.5347	0.0297	0.0693	0.3861	0.7327	0.0495	0.0099	0.0099	0.0099	0.0099	0.8515	0.0099	0.0099	0.0099	0.2970	0.5842	0.0198	0.0099	0.0099	0.0198	0.2079	0.3267	0.0396	0.0396	0.0099	0.5248	0.0099	0.0099	0.0198	0.0198	0.0099	0.0099	0.0099	0.0099	0.0891	0.0297	0.0297	0.0099	0.0099	0.0099	0.0099	0.0099	0.0198
Lachnospira_pectinoschiza	0.0099	0.0099	0.0198	0.0099	0.0099	0.0099	0.5149	0.0099	0.0099	0.0099	0.0099	0.7525	0.0099	0.0099	0.0990	0.0099	0.0297	0.0891	0.7426	0.0099	0.6337	0.0099	0.0099	1.0000	0.0099	0.2871	0.1782	0.0297	0.0099	0.0693	0.0792	0.0099	0.9109	0.0099	0.0297	0.9208	0.2178	0.0099	0.1584	0.2376	0.0099	0.1188	0.0099	0.0099	0.0198	0.0099	0.3168	0.4554	0.0099	0.0099	0.4653	0.1089	0.1287	0.0099	0.0396	0.7030	0.8515	0.0099	0.6436	0.5644	0.0099	0.0099	0.8515	0.0792	0.5743	0.0099	0.0099	0.0099	0.0099	0.0297	0.0099	0.0099	0.0099	0.0099	0.5743	0.0099	0.0099	0.0099	0.0099	0.0099	0.7129	0.0099	0.0099	0.0099	0.0099	0.0099	0.0099	0.1089	0.0099	0.0891	0.1188	0.5545	0.0198	0.8218	0.0099	0.0099	0.0099	0.0099	1.0000	0.0099	0.0099	0.0099	0.0099	0.0099	0.0099	0.0099	0.0297	0.1683	0.0099	0.3564	0.0099	0.0099	0.2970	0.1485	0.1782	0.1188	0.0990	0.3564	0.5347	0.6832	0.0198	0.0099	0.0099	0.0099	0.0099	0.6040	0.0099	0.0099	0.0099	0.0099	0.0099	0.0099	0.1683	0.0099	0.0099	0.7129	0.0891	0.0099	0.0099	0.0099	0.0099	0.0099	0.0198	0.0099	0.0099	0.0099	0.0099	0.0198	0.0099	0.1188	0.0594	0.0198	0.0099	0.0099	0.0099	0.0198	0.0099	0.0099
Lactobacillus_fermentum	0.0396	0.1287	0.0297	0.0099	0.0099	0.0099	0.0099	0.2772	0.1584	0.0099	0.0099	0.0990	0.0198	0.0990	0.0594	0.0099	0.0495	0.8812	0.4554	0.0099	0.0693	0.0297	0.2475	0.3663	0.0099	0.0396	0.0099	0.0693	0.0099	0.7327	0.7525	0.0099	0.7624	0.6436	0.0297	0.3960	0.0099	0.0099	0.3366	0.0099	0.0099	0.6238	0.0693	0.0198	0.0297	0.0990	0.0198	0.3366	0.0099	0.0099	0.0594	0.5644	0.0792	0.0099	0.0495	0.7327	0.0396	0.0099	0.0495	0.2673	0.0198	0.0099	0.6238	0.3861	0.3762	0.0297	0.0099	0.0099	0.1386	0.0099	0.0099	0.0099	0.0099	0.0099	0.6337	0.5347	0.0099	0.0099	0.1089	0.0792	0.8416	0.0099	0.0099	0.0198	0.6436	0.9307	0.0099	0.3267	0.0693	0.0099	0.4356	0.0198	0.4950	0.6040	0.0099	0.0099	0.0198	0.0297	0.0099	1.0000	0.0099	0.0099	0.0099	0.5248	0.0099	0.0099	0.0099	0.5545	0.0297	0.7624	0.0792	0.0396	0.9307	0.1881	0.0099	0.6832	0.0594	0.4059	0.1881	0.1089	0.4257	0.0594	0.0099	0.0594	0.0099	0.0099	0.0198	0.0297	0.0099	0.2079	0.9406	0.0099	0.0099	0.0396	0.0099	0.1188	0.0396	0.0495	0.0198	0.7525	0.0099	0.1188	0.0099	0.1485	0.0099	0.0099	0.0594	0.0594	0.0099	0.3861	0.0099	0.8020	0.0495	0.0297	0.0594	0.0099	0.0594	0.0099
Lactobacillus_gasseri	0.0099	0.0099	0.0099	0.0099	0.0099	0.0099	0.0198	0.0594	0.0297	0.0099	0.0099	0.0297	0.0099	0.1782	0.0099	0.0198	0.0396	0.3960	0.2871	0.0099	0.0297	0.0198	0.0099	0.4950	0.0099	0.0693	0.0792	0.0198	0.0099	0.9208	0.2970	0.0099	0.8416	0.0594	0.0099	0.0792	0.0099	0.0099	0.0495	0.4653	0.0099	0.0297	0.0396	0.1287	0.0198	0.0495	0.0099	0.4653	0.0099	0.0099	0.7921	0.7327	0.0099	0.0297	0.9406	0.4752	0.0297	0.0099	0.3960	0.1584	0.0099	0.0099	0.3465	0.0693	0.0198	0.0495	0.0099	0.0297	0.1881	0.0297	0.0099	0.0099	0.0099	0.0099	0.0891	0.1584	0.0099	0.0099	0.0198	0.0099	0.1683	0.0099	0.0297	0.0099	0.0594	0.0297	0.0099	0.0891	0.2574	0.1782	0.3267	0.0396	0.3762	0.3762	0.0099	0.0099	0.0297	0.0198	0.0099	0.0099	1.0000	0.0099	0.0099	0.4752	0.0099	0.0099	0.0198	0.0099	0.0198	0.0594	0.0099	0.0099	0.0198	0.0693	0.0198	0.0990	0.1287	0.0198	0.5743	0.0099	0.0297	0.0594	0.0297	0.0297	0.0099	0.7129	0.0099	0.2673	0.0297	0.0990	0.1782	0.1386	0.0099	0.0099	0.0495	0.0099	0.0495	0.0099	0.0099	0.0198	0.0792	0.4356	0.0099	0.0495	0.0198	0.0099	0.0099	0.1089	0.0099	0.7822	0.0099	0.0198	0.0198	0.0297	0.0099	0.2376	0.0396	0.0495
Lactobacillus_paragasseri	0.0792	0.0099	0.0594	0.0099	0.0099	0.0099	0.0099	0.1089	0.0198	0.0099	0.0099	0.2376	0.0099	0.0297	0.0099	0.0099	0.0099	0.9109	0.8218	0.0198	0.0198	0.0396	0.0396	0.7624	0.0099	0.0099	0.0099	0.0099	0.0099	0.6337	0.3267	0.0099	0.9703	0.7525	0.0099	0.2079	0.0198	0.0099	0.0198	0.5842	0.0693	0.1980	0.5149	0.0099	0.0099	0.0594	0.0396	0.3663	0.5050	0.0198	0.4455	0.5149	0.0396	0.0198	0.0396	0.0891	0.3069	0.0099	0.2970	0.0495	0.0099	0.0099	0.4257	0.0297	0.5050	0.0297	0.0099	0.0099	0.0396	0.0099	0.0396	0.0099	0.0099	0.0099	0.7525	0.3960	0.0099	0.0099	0.0099	0.0099	0.2475	0.0099	0.0099	0.0198	0.0396	0.0495	0.0099	0.7624	0.4158	0.0297	0.5743	0.3861	0.2772	0.8713	0.0198	0.0297	0.0594	0.0396	0.0099	0.0099	0.0099	1.0000	0.0099	0.0495	0.0198	0.0099	0.0396	0.3366	0.0198	0.2970	0.0099	0.0099	0.0891	0.0099	0.0198	0.6139	0.0099	0.0297	0.8020	0.0099	0.0198	0.0990	0.0099	0.0495	0.0099	0.4158	0.0099	0.0594	0.0099	0.3069	0.5149	0.0891	0.0099	0.0099	0.0198	0.0297	0.0099	0.0099	0.0198	0.0297	0.0891	0.4356	0.0099	0.1089	0.0099	0.0099	0.0297	0.0198	0.0099	1.0000	0.0099	0.3564	0.0297	0.0198	0.0198	0.0495	0.0396	0.0198
Lactobacillus_rhamnosus	0.0099	0.0099	0.0099	0.0099	0.0099	0.0099	0.0099	0.0099	0.0099	0.0099	0.0099	0.0297	0.0099	0.0198	0.0297	0.0099	0.0396	0.6139	0.7426	0.0099	0.1683	0.0099	0.0099	0.9901	0.0099	0.0099	0.0099	0.0099	0.0099	0.6337	0.0198	0.0198	0.4158	0.3168	0.0099	0.1089	0.0099	0.0099	0.7228	0.0099	0.0099	0.5446	0.3069	0.0297	0.0396	0.6931	0.0693	0.8317	0.0099	0.0099	0.6238	0.7426	0.0099	0.0099	0.7822	0.1584	0.0396	0.0099	0.6040	0.1485	0.0099	0.0099	0.0099	0.2772	0.9010	0.0099	0.0099	0.0099	0.4950	0.0099	0.0099	0.0099	0.0099	0.0099	0.8911	0.0594	0.0099	0.0099	0.1584	0.0198	0.6634	0.0099	0.0099	0.0099	0.0099	0.0099	0.0099	0.0099	0.0099	0.0198	0.8020	0.0297	0.4455	0.0099	0.0099	0.0099	0.0099	0.0099	0.0099	0.0099	0.0099	0.0099	1.0000	0.1782	0.0495	0.0099	0.0099	0.6139	0.0099	0.9802	0.0297	0.0099	0.4257	0.0099	0.0099	0.6733	0.0495	0.4455	0.2178	0.0792	0.0099	0.0099	0.0099	0.0099	0.0099	0.5743	0.0099	0.0099	0.0099	0.1188	0.3564	0.0198	0.0198	0.0099	0.0198	0.4158	0.0495	0.0099	0.0099	0.0099	0.0099	0.0198	0.0099	0.0495	0.0099	0.0099	0.0099	0.0099	0.0099	0.3960	0.0099	0.0099	0.0099	0.0099	0.0099	0.0099	0.0198	0.0099
Lactobacillus_rogosae	0.3069	0.0594	0.5941	0.1980	0.1881	0.0990	0.4059	0.0198	0.0792	0.1485	0.2277	0.8911	0.2772	0.0099	0.4554	0.2178	0.4059	0.0099	0.6634	0.5446	0.8812	0.0297	0.3465	0.6634	0.1287	0.1485	0.0792	0.3861	0.8515	0.4059	0.5248	0.9406	0.7822	0.0693	0.4158	0.2673	0.2673	0.0396	0.6238	0.7129	0.3960	0.2574	0.4158	0.7624	0.3069	0.3663	0.6832	0.8515	0.3663	0.2376	0.5446	0.8713	0.3564	0.9901	1.0000	0.6832	0.9307	0.0198	0.8119	0.3267	0.2178	0.7327	0.6337	0.6139	0.2871	0.1485	0.9109	0.5842	0.3069	0.8515	0.0297	0.5050	0.0594	0.0792	0.0891	0.0396	0.4653	0.1980	0.8218	0.0198	0.6733	0.3663	0.8119	0.8317	0.1089	0.0297	0.0792	0.3366	0.1782	0.2178	0.7327	0.0990	0.0099	0.9109	0.8911	0.9604	0.9109	0.6436	0.0099	0.5248	0.4752	0.0495	0.1782	1.0000	0.4752	0.4653	0.7129	0.2475	0.6733	0.4851	0.0891	0.0198	0.9406	0.3663	0.0297	0.6733	0.8119	0.8614	0.1683	0.1782	0.1782	0.0297	0.0990	0.0297	0.1683	0.0396	0.1980	0.0396	0.3465	0.0099	0.3564	0.6931	0.4356	0.4851	0.5050	0.6733	0.2772	0.0495	0.0396	0.2277	0.1782	0.3366	0.7129	0.3267	0.3267	0.2277	0.1287	0.0594	0.5050	0.0990	0.3366	0.9505	0.4554	0.4455	0.0891	1.0000	0.1386	0.6436
Lactobacillus_ruminis	0.3366	0.5149	0.1287	0.0198	0.0099	0.7822	0.0297	0.0396	0.0693	0.4851	0.0594	0.0099	0.0693	0.3564	0.0099	0.0099	0.4752	0.0198	0.1782	0.0099	0.0297	0.4851	0.0198	0.6436	0.0099	0.0594	0.0198	0.6436	0.5149	0.0099	0.0594	0.0495	0.0099	0.6040	0.0396	0.6733	0.0099	0.1287	0.9109	0.0495	0.2574	0.4158	0.3861	0.0297	0.0297	0.3465	0.0198	0.2673	0.1287	0.0099	0.1089	0.0099	0.3762	0.0198	0.0099	0.4653	0.0099	0.2079	0.2178	0.0792	0.5446	0.7129	0.2871	0.4653	0.4158	0.6634	0.1386	0.0099	0.4653	0.0495	0.0099	0.0198	0.0099	0.0099	0.0099	0.6931	0.0099	0.7525	0.9010	0.9109	0.3663	0.0099	0.8911	0.3960	0.4752	0.2079	0.0297	0.0099	0.1584	0.0099	0.1089	0.0198	0.0099	0.0495	0.2871	0.1980	0.6139	0.2574	0.0099	0.0099	0.0099	0.0198	0.0495	0.4752	1.0000	0.0099	0.4950	0.8416	0.9109	0.2574	0.0198	0.9307	0.0099	0.2475	0.0099	0.4554	0.0594	0.0396	0.0099	0.9604	0.7525	0.0396	0.0198	0.0099	0.0099	0.0099	0.0297	0.2079	0.0099	0.0099	0.7030	0.0099	0.4752	0.8812	0.8713	0.2970	0.0198	0.0099	0.0198	0.9307	0.1287	0.8218	0.0099	0.1188	0.1386	0.3366	0.7921	0.3663	0.0495	0.4257	0.4752	0.1584	0.6436	0.4851	0.3168	0.6139	0.4752	0.0099
Lactobacillus_salivarius	0.0198	0.0198	0.1386	0.0198	0.0792	0.0198	0.0099	0.2772	0.0297	0.0792	0.0099	0.9307	0.0099	0.0396	0.5644	0.0297	0.7921	0.6733	0.9406	0.0099	0.8515	0.0297	0.0099	0.8317	0.0099	0.0297	0.0099	0.0990	0.0495	0.1188	0.2277	0.0594	0.3663	0.6337	0.0198	0.8218	0.0099	0.0099	0.9208	0.0099	0.0396	0.5347	0.5050	0.0099	0.3069	0.0693	0.2772	0.9802	0.1089	0.0198	0.1386	0.1881	0.2178	0.0099	0.1485	0.3861	0.6238	0.0099	0.5050	0.5743	0.0198	0.0495	0.0297	0.7525	0.1980	0.2376	0.0099	0.0099	0.1089	0.0099	0.0099	0.0099	0.0099	0.0099	0.0198	0.0297	0.0099	0.0099	0.7426	0.1386	0.4356	0.0099	0.0099	0.2079	0.1188	0.1188	0.0099	0.0099	0.0099	0.0792	0.2772	0.0594	0.0693	0.2970	0.0099	0.0099	0.0099	0.0099	0.0099	0.0099	0.0099	0.0099	0.0099	0.4653	0.0099	1.0000	0.0594	0.3960	0.0099	0.1188	0.5743	0.1683	0.5149	0.5446	0.0099	0.0297	0.3267	0.7525	0.1188	0.2772	0.1188	0.0297	0.0099	0.0297	0.0099	0.0099	0.0099	0.0099	0.0099	0.0396	0.7525	0.0099	0.2277	0.0099	0.5446	0.6238	0.0495	0.0099	0.0297	0.1584	0.1287	0.1386	0.0099	0.1683	0.0693	0.0297	0.0198	0.3861	0.0099	0.3861	0.8812	0.1485	0.0099	0.0099	0.0099	0.0198	0.0099	0.0099
Lactococcus_lactis	0.0099	0.0891	0.0297	0.0099	0.0099	0.0099	0.0099	0.0297	0.0099	0.0198	0.0198	0.2376	0.0297	0.0099	0.1980	0.1980	0.3564	0.0198	0.4257	0.0099	0.2772	0.0099	0.6040	0.3465	0.0099	0.4950	0.1188	0.0792	0.0495	0.0990	0.5050	0.3960	0.4950	0.0891	0.4257	0.2772	0.3663	0.0297	0.7030	0.0198	0.0099	0.1683	0.7327	0.0099	0.5941	0.1386	0.6337	0.4455	0.0099	0.0099	0.9406	0.4950	0.4158	0.6238	0.9604	0.8020	0.0099	0.0099	0.1386	0.6040	0.0099	0.0297	0.0693	0.6931	0.9109	0.0099	0.0396	0.1089	0.3762	0.0099	0.0198	0.0099	0.0099	0.0198	0.8515	0.8515	0.0099	0.0099	0.7426	0.0099	0.0891	0.0099	0.1287	0.0099	0.2376	0.0099	0.0297	0.0198	0.0198	0.0495	0.8713	0.7030	0.9604	0.0099	0.0099	0.0099	0.0099	0.0099	0.0297	0.0099	0.0198	0.0396	0.0099	0.7129	0.4950	0.0594	1.0000	0.4752	0.0099	0.0990	0.1188	0.0693	0.3168	0.0594	0.2475	0.5149	0.8515	0.3960	0.6139	0.3861	0.2376	0.0396	0.0099	0.0297	0.0099	0.2772	0.0099	0.0099	0.0198	0.3663	0.1683	0.0099	0.9307	0.0099	0.6337	0.5545	0.8317	0.0099	0.0990	0.0099	0.7921	0.0099	0.0099	0.0990	0.0099	0.0099	0.0594	0.0099	0.0099	0.2079	0.7030	0.0495	0.0099	0.0099	0.0495	0.0198	0.0099	0.0198
Lawsonibacter_asaccharolyticus	0.2475	0.0099	0.0099	0.1287	0.0099	0.0099	0.6040	0.0297	0.0099	0.0099	0.1386	0.0099	0.9010	0.2079	0.0099	0.1386	0.0099	0.0099	0.6931	0.4356	0.0099	0.0495	0.4257	0.8416	0.3663	0.1386	0.0198	0.5050	0.0099	0.5149	0.5743	0.0297	0.4059	0.0297	0.0099	0.6535	0.2475	0.0792	0.0792	0.0396	0.0693	0.0396	0.0792	0.9901	0.4158	0.0099	0.6535	0.0594	0.0693	0.0495	0.3069	0.8416	0.3465	0.2475	0.6337	0.0297	0.7723	0.0099	0.1287	0.3663	0.1188	0.7327	0.0891	0.3465	0.3564	0.2277	0.8119	0.7525	0.3069	0.6535	0.0792	0.7129	0.9208	0.1089	0.0198	0.0099	0.6832	0.0099	0.0099	0.0198	0.7327	0.4950	0.1287	0.0099	0.0396	0.0099	0.3267	0.6931	0.1188	0.7327	0.3762	0.5050	0.0198	0.0297	0.5248	0.1980	0.2970	0.4851	0.1683	0.5545	0.0099	0.3366	0.6139	0.2475	0.8416	0.3960	0.4752	1.0000	0.0990	0.6733	0.0297	0.0099	0.0099	0.0198	0.1485	0.6733	0.0396	0.3564	0.4752	0.7129	0.2673	0.1386	0.0495	0.2277	0.9307	0.1089	0.2673	0.0297	0.0396	0.5446	0.1683	0.9703	0.0099	0.0495	0.0099	0.0099	0.4950	0.2277	0.0495	0.0198	0.9208	0.0099	0.5347	0.1188	0.0990	0.0198	0.0198	0.2277	0.6733	0.0396	0.9604	0.0990	0.1188	0.0297	0.0396	0.0198	0.1386	0.8119
Megasphaera_micronuciformis	0.0099	0.0099	0.0099	0.0099	0.0099	0.0099	0.0297	0.0099	0.0099	0.0099	0.0099	0.0099	0.0099	0.0990	0.0198	0.0297	0.0297	0.4851	0.5941	0.0099	0.0099	0.0099	0.0099	0.9505	0.0099	0.0198	0.0297	0.0396	0.0099	0.3564	0.0198	0.0198	0.1386	0.4158	0.0396	0.1089	0.1584	0.0099	0.6535	0.0099	0.0099	0.1881	0.1980	0.0099	0.0297	0.0693	0.0891	0.0396	0.0099	0.0099	0.6832	0.0990	0.0099	0.1782	0.3861	0.0198	0.0396	0.0099	0.3762	0.8218	0.0099	0.0099	0.0495	0.5446	0.7228	0.0099	0.0198	0.0495	0.0990	0.0099	0.0297	0.0099	0.0099	0.0099	0.3267	0.0099	0.0099	0.0099	0.0495	0.0099	0.6634	0.0099	0.0099	0.0099	0.0099	0.0099	0.0099	0.0099	0.0099	0.0099	0.0396	0.0990	0.3465	0.0099	0.0099	0.0099	0.0099	0.0099	0.0099	0.0297	0.0198	0.0198	0.0099	0.6733	0.9109	0.0099	0.0099	0.0990	1.0000	0.6337	0.0099	0.0099	0.0396	0.0297	0.0297	0.3267	0.0099	0.0396	0.4851	0.6040	0.0198	0.0099	0.0099	0.0297	0.0099	0.7327	0.0099	0.0099	0.0198	0.4653	0.6931	0.0297	0.0099	0.0099	0.0594	0.3564	0.1584	0.0099	0.0099	0.0099	0.0891	0.0099	0.0099	0.0396	0.0099	0.0099	0.0099	0.0198	0.0099	0.0396	0.0099	0.0990	0.0099	0.0099	0.0099	0.0099	0.0099	0.0495
Monoglobus_pectinilyticus	0.1683	0.8515	0.7723	0.9901	0.9109	0.8218	0.3861	0.1386	0.8020	0.9703	0.1386	0.0099	0.3366	0.0198	0.0099	0.0891	0.0099	0.0099	0.0891	0.3267	0.0099	1.0000	0.7723	0.2871	0.0099	0.0396	0.4950	0.0099	0.0099	0.1683	0.4257	0.0297	0.4554	0.2277	0.9406	0.4950	0.3366	0.5149	0.0099	0.0099	0.6436	0.0099	0.1584	0.2178	0.5446	0.1188	0.0198	0.1683	0.0099	0.0198	0.0099	0.0396	0.0099	0.7030	0.0099	0.0495	0.2871	0.3168	0.0099	0.0297	0.8812	0.0198	0.0099	0.0594	0.0099	0.4059	0.7525	0.6040	0.4257	0.9604	0.2475	0.5248	0.4554	0.0891	0.0099	0.6139	0.0099	0.9109	0.0099	0.1188	0.0099	0.0495	0.8119	0.2871	0.8911	0.2277	0.4653	0.0099	0.0990	0.4653	0.0297	0.2673	0.3069	0.6634	0.6832	0.8515	0.9406	1.0000	0.3564	0.7624	0.0594	0.2970	0.9802	0.4851	0.2574	0.1188	0.0990	0.6733	0.6337	1.0000	0.0198	0.0990	0.0099	0.0099	0.2178	0.8218	0.0099	0.0693	0.0396	0.8911	0.0594	0.3465	0.9109	0.0099	0.5050	0.2871	0.7129	0.2079	0.0198	0.0891	0.0198	0.0099	0.0099	0.3168	0.4950	0.0099	0.0099	0.7525	0.6337	0.5545	0.9703	0.8218	0.0198	0.6733	0.6832	0.5545	0.0693	0.7822	0.8515	0.0099	0.2376	0.5842	0.8416	0.8218	0.6733	0.3960	0.7030	0.0495
Odoribacter_splanchnicus	0.0297	0.0099	0.0099	0.0297	0.0198	0.0099	0.3168	0.0099	0.0099	0.0099	0.0396	0.0099	0.8515	0.6337	0.0099	0.0099	0.0099	0.6832	0.6040	0.1287	0.0099	0.0099	0.0099	0.0198	0.3663	0.0099	0.0099	0.0099	0.0099	0.0099	0.0099	0.0099	0.8614	0.2871	0.0396	0.0099	0.0396	0.2178	0.0099	0.0099	0.0099	0.0594	0.1683	0.4653	0.2178	0.0099	0.0990	0.3663	0.0792	0.1980	0.0099	0.9505	0.0099	0.7228	0.1881	0.0099	0.4455	0.1089	0.0297	0.1188	0.2376	0.0297	0.0099	0.0990	0.0099	0.3267	0.4950	0.0792	0.0297	0.0396	0.0396	0.9901	0.5050	0.0297	0.0297	0.1683	0.5545	0.0099	0.0099	0.0891	0.0198	0.5149	0.0693	0.0099	0.0099	0.0099	0.0099	0.0198	0.0099	0.8911	0.3465	0.9307	0.0099	0.0099	0.0396	0.0099	0.0198	0.0099	0.0099	0.0792	0.0099	0.0099	0.0297	0.0891	0.0198	0.5743	0.1188	0.0297	0.0099	0.0198	1.0000	0.0099	0.0099	0.0099	0.0099	0.0099	0.0099	0.0099	0.0099	0.7426	0.1683	0.0594	0.0594	0.1485	0.7327	0.0297	0.1089	0.0099	0.5149	0.0099	0.0099	0.0297	0.0099	0.0099	0.0792	0.0099	0.2178	0.0792	0.0891	0.0099	0.9010	0.0099	0.6337	0.0099	0.0099	0.0099	0.0099	0.0099	0.0198	0.5941	0.0990	0.1287	0.0099	0.0099	0.0099	0.0297	0.0099	0.6139
Oscillibacter_sp_57_20	0.0198	0.0099	0.0099	0.0396	0.0099	0.0099	0.4950	0.0099	0.0099	0.0099	0.0099	0.0099	0.1188	0.3564	0.0099	0.0099	0.0099	0.7228	0.6733	0.5347	0.0099	0.0099	0.0099	0.7723	0.0297	0.0297	0.0099	0.0099	0.0099	0.0198	0.0099	0.0099	0.2574	0.1584	0.0099	0.4158	0.3663	0.0099	0.0099	0.3960	0.0198	0.0099	0.0099	0.0297	0.0297	0.0099	0.0297	0.9901	0.0099	0.2178	0.0198	0.0495	0.0099	0.0099	0.2970	0.0891	0.9604	0.0099	0.5743	0.0099	0.0198	0.0099	0.0099	0.0198	0.1089	0.0099	0.0099	0.0396	0.0099	0.0099	0.0099	0.0990	0.0297	0.0198	0.3267	0.0099	0.0099	0.0099	0.0099	0.0099	0.0396	0.1980	0.0099	0.0099	0.0099	0.0099	0.0099	0.2673	0.0099	0.8911	0.1485	0.8812	0.0099	0.0099	0.0198	0.0099	0.0198	0.0198	0.0099	0.0396	0.0099	0.0099	0.0099	0.0198	0.9307	0.1683	0.0693	0.0099	0.0099	0.0990	0.0099	1.0000	0.0099	0.0099	0.0396	0.0396	0.0099	0.0099	0.9505	0.9109	0.0792	0.0396	0.0099	0.2376	0.0099	0.1782	0.0099	0.0099	0.0099	0.9109	0.0099	0.3762	0.0099	0.1386	0.0099	0.0099	0.0990	0.0297	0.0792	0.0099	0.0099	0.0099	0.1188	0.0099	0.0198	0.0297	0.0099	0.0198	0.0099	0.1386	0.0099	0.0891	0.0198	0.0099	0.0099	0.0099	0.0099	0.0495
Oscillibacter_sp_CAG_241	0.0396	0.0099	0.0099	0.2178	0.4059	0.0099	0.7228	0.0099	0.0099	0.0099	0.9307	0.0099	0.7129	0.6139	0.0099	0.0099	0.0099	0.9901	0.1782	0.0198	0.0099	0.0198	0.1584	0.9406	0.0495	0.0693	0.2178	0.0099	0.0099	0.0099	0.0099	0.0099	0.0396	0.1485	0.0495	0.4059	0.0198	0.2079	0.0099	0.0099	0.0594	0.0099	0.0594	0.4455	0.6634	0.0099	0.3465	0.0891	0.0099	0.3267	0.0099	0.3267	0.0099	0.8119	0.3267	0.0099	0.4752	0.1287	0.2574	0.0297	0.0693	0.0198	0.0099	0.0198	0.0099	0.3960	0.5248	0.3960	0.0990	0.3663	0.2376	0.5347	0.8911	0.1188	0.0099	0.0891	0.1485	0.0099	0.0099	0.0099	0.0099	0.4653	0.0594	0.0099	0.0099	0.0099	0.0099	0.0099	0.0099	0.2475	0.2178	0.7723	0.0099	0.0099	0.0396	0.0297	0.0099	0.0099	0.2970	0.9307	0.0198	0.0891	0.4257	0.9406	0.0099	0.5149	0.3168	0.0099	0.0396	0.0099	0.0099	0.0099	1.0000	0.0099	0.1485	0.2277	0.0099	0.0099	0.0099	0.6634	0.3663	0.2673	0.3168	0.7426	0.6337	0.0099	0.6337	0.4257	0.2673	0.0198	0.0099	0.0495	0.0099	0.1782	0.0198	0.0099	0.4356	0.8911	0.7129	0.0198	0.5941	0.0099	0.6436	0.0396	0.3960	0.1287	0.0099	0.0495	0.2970	0.1485	0.0198	0.0099	0.0099	0.0099	0.0099	0.0198	0.0099	0.0792
Parabacteroides_distasonis	0.0792	0.0099	0.0099	0.0099	0.0099	0.0099	0.0198	0.0198	0.0099	0.0099	0.0099	0.0099	0.7822	0.6634	0.0099	0.0099	0.0099	0.9505	0.3366	0.9208	0.0099	0.0099	0.0495	0.0099	0.7228	0.0099	0.0099	0.0099	0.0099	0.0099	0.0099	0.0099	0.1188	0.4257	0.0891	0.0099	0.8713	0.0099	0.0099	0.0396	0.0396	0.6436	0.7624	0.7822	0.5446	0.0099	0.1782	0.4356	0.0099	0.6436	0.0099	0.9307	0.0099	0.3663	0.7426	0.0198	0.8416	0.1584	0.0297	0.0099	0.0990	0.0594	0.0099	0.1089	0.0396	0.0792	0.3564	0.0198	0.0396	0.0297	0.0495	0.0792	0.2178	0.0297	0.5347	0.1089	0.5545	0.0099	0.0099	0.5644	0.0099	0.7723	0.0891	0.0099	0.0594	0.0099	0.0495	0.1485	0.0297	0.1386	0.5941	0.3762	0.0099	0.0198	0.0297	0.0495	0.0594	0.0792	0.1485	0.1881	0.0693	0.0099	0.0099	0.3663	0.2475	0.5446	0.0594	0.0198	0.0297	0.0099	0.0099	0.0099	0.0099	1.0000	0.0099	0.2376	0.0099	0.0099	0.0495	0.4653	0.1188	0.0297	0.0099	0.1188	0.3762	0.9703	0.0198	0.0099	0.3762	0.0495	0.0099	0.8614	0.0099	0.0891	0.0297	0.0099	0.0099	0.1089	0.3960	0.0099	0.2772	0.0099	0.2376	0.0198	0.0099	0.0099	0.0099	0.0099	0.0099	0.1287	0.1386	0.0099	0.0198	0.0099	0.0099	0.3465	0.0198	0.6436
Parabacteroides_merdae	0.2079	0.0099	0.0297	0.0099	0.0099	0.0099	0.0099	0.8119	0.0297	0.0099	0.0099	0.0198	0.0495	0.4653	0.0099	0.0099	0.0099	0.0099	0.0693	0.0099	0.0099	0.0099	0.0099	0.9109	0.0099	0.0099	0.0099	0.0099	0.0099	0.3366	0.0297	0.0099	0.0099	0.2970	0.0099	0.0099	0.1782	0.0099	0.0099	0.1188	0.0099	0.0297	0.0396	0.2178	0.0198	0.0099	0.0099	0.4653	0.6634	0.1287	0.0198	0.0198	0.0099	0.0099	0.0099	0.0594	0.1386	0.0594	0.2871	0.0099	0.1386	0.2079	0.0198	0.1980	0.6733	0.1188	0.0198	0.0099	0.0099	0.0099	0.0099	0.0099	0.0099	0.0099	0.0099	0.0297	0.0099	0.0099	0.0099	0.9406	0.0198	0.0099	0.1287	0.0594	0.0693	0.0099	0.0099	0.8218	0.9703	0.0099	0.0099	0.0297	0.3168	0.8614	0.0099	0.0099	0.0297	0.0099	0.1782	0.0099	0.0198	0.0198	0.0099	0.0297	0.0099	0.0099	0.2475	0.1485	0.0297	0.2178	0.0099	0.0396	0.1485	0.0099	1.0000	0.0099	0.0099	0.1386	0.0099	0.0693	0.9109	0.0099	0.0099	0.8713	0.0099	0.0099	0.0099	0.0099	0.0099	0.5248	0.0099	0.0099	0.0099	0.2376	0.0099	0.0099	0.0099	0.0099	0.0099	0.0693	0.0297	0.0297	0.0099	0.0099	0.0099	0.0099	0.0099	0.1188	0.0099	0.5050	0.8218	0.0297	0.0594	0.0693	0.0099	0.0297	0.0693	0.0099
Parasutterella_excrementihominis	0.9505	0.2277	0.2376	0.4059	0.5347	0.6139	0.5050	0.3465	0.0198	0.5941	0.1287	0.8812	0.1782	0.5545	0.0099	0.0099	0.0297	0.0891	0.3267	0.2772	0.8713	0.2475	0.1089	0.2178	0.0396	0.0891	0.0495	0.0099	0.1386	0.5941	0.0099	0.0099	0.0693	0.3267	0.0198	0.0099	0.2277	0.0891	0.0594	0.1287	0.1485	0.5446	0.2673	0.0792	0.7129	0.0990	0.1683	1.0000	0.6931	0.7525	0.0297	0.0495	0.2178	0.0297	0.0297	0.0891	0.0792	0.2277	0.0495	0.2079	0.0594	0.6931	0.2574	0.4653	0.2277	0.1782	0.8515	0.1881	0.1287	0.0297	0.0099	0.4158	0.6535	0.7921	0.0396	0.0099	0.1287	0.1881	0.0297	0.8317	0.2475	0.3465	0.9604	0.0792	0.1287	0.0495	0.5644	0.5050	0.0594	0.0297	0.1683	0.3366	0.3663	0.8713	0.6733	0.3861	0.3267	0.5347	0.1188	0.6832	0.0990	0.6139	0.6733	0.6733	0.4554	0.0297	0.5149	0.6733	0.3267	0.8218	0.0099	0.0396	0.2277	0.2376	0.0099	1.0000	0.0495	0.2871	0.0396	0.0099	0.7030	0.0396	0.0099	0.7129	0.4158	0.0198	0.0198	0.0099	0.0099	0.2178	0.0396	0.2970	0.9307	0.9010	0.2871	0.6337	0.0099	0.0099	0.1287	0.0099	0.1386	0.0099	0.6634	0.0099	0.0891	0.0099	0.1386	0.9802	0.1287	0.8515	0.0099	0.4455	0.5149	0.4653	0.1584	0.1386	0.2277	0.0099
Phascolarctobacterium_faecium	0.0297	0.0099	0.0099	0.0693	0.0099	0.0099	0.0099	0.0891	0.0099	0.0099	0.0099	0.0099	0.2277	0.5446	0.0099	0.0099	0.0099	0.0792	0.8713	0.7327	0.0099	0.0198	0.0693	0.3069	0.2772	0.0099	0.0099	0.0099	0.0099	0.0198	0.0099	0.0099	0.1782	0.8515	0.0099	0.0297	0.3564	0.0495	0.0099	0.0693	0.0099	0.0099	0.1782	0.8515	0.1782	0.0099	0.0495	0.6040	0.0792	0.1980	0.0099	0.1485	0.0099	0.0099	0.7525	0.0396	0.5842	0.0396	0.0396	0.0099	0.0396	0.0099	0.0099	0.0198	0.0594	0.1980	0.1386	0.0099	0.0099	0.0099	0.0099	0.0891	0.0990	0.0099	0.2277	0.0990	0.8812	0.0198	0.0099	0.3366	0.0099	0.9703	0.0297	0.0099	0.0198	0.0099	0.0099	0.0297	0.4653	0.4158	0.0396	0.4653	0.0594	0.0297	0.0198	0.0099	0.0099	0.0297	0.0990	0.0594	0.1287	0.0099	0.0495	0.8119	0.0594	0.3267	0.8515	0.0396	0.0099	0.0099	0.0099	0.0099	0.0099	0.0099	0.0099	0.0495	1.0000	0.0099	0.0198	0.7228	1.0000	0.0099	0.0099	0.0891	0.1485	0.5248	0.0297	0.0198	0.2079	0.2178	0.0099	0.0396	0.0099	0.1485	0.0099	0.0099	0.0099	0.2079	0.6535	0.0396	0.4653	0.0297	0.5050	0.0495	0.0297	0.0594	0.0099	0.0099	0.0099	0.3267	0.0198	0.0099	0.0099	0.0099	0.0099	0.0396	0.0099	0.3960
Prevotella_copri	0.2871	0.0099	0.0099	0.2277	0.2475	0.0198	0.5248	0.0396	0.0099	0.0099	0.2772	0.0099	0.9406	0.4554	0.0099	0.0099	0.0099	0.9406	0.2673	0.0099	0.0099	0.0198	0.1188	0.1980	0.3564	0.0990	0.9109	0.0099	0.0198	0.0099	0.0099	0.0099	0.3069	0.2871	0.0594	0.3762	0.0792	0.2574	0.0099	0.0099	0.0495	0.0099	0.1683	0.8416	0.6337	0.0099	0.3564	0.7921	0.0099	0.0792	0.0099	0.3564	0.0099	0.7525	0.2574	0.0297	0.0891	0.1188	0.6634	0.2772	0.0792	0.0099	0.0099	0.0099	0.0099	0.2574	0.8416	0.4554	0.0297	0.2376	0.1584	1.0000	0.9901	0.1188	0.0099	0.4752	0.2970	0.0099	0.0099	0.1188	0.0198	0.6238	0.1089	0.0099	0.0198	0.0099	0.0099	0.0099	0.1287	0.2574	0.0297	0.2772	0.0099	0.0297	0.2475	0.1782	0.0495	0.0693	0.3564	0.4059	0.0198	0.0297	0.4455	0.8614	0.0396	0.7525	0.3960	0.3564	0.0396	0.0693	0.0099	0.0099	0.0099	0.0099	0.1386	0.2871	0.0099	1.0000	0.0099	0.0792	0.8515	0.3267	0.0594	0.9703	0.5842	0.0099	0.6535	0.2475	0.8020	0.0099	0.0099	0.0792	0.0099	0.4554	0.0495	0.0099	0.5743	0.2376	0.5644	0.0198	0.9802	0.0594	0.9604	0.0396	0.0693	0.0099	0.0099	0.0198	0.0792	0.3960	0.0297	0.0099	0.0594	0.0297	0.0099	0.2673	0.0099	0.0396
Prevotella_sp_885	0.1683	0.1683	0.2277	0.5347	0.0693	0.7030	0.1089	0.0396	0.1584	0.8020	0.6337	0.0990	0.2574	0.2673	0.0297	0.0099	0.6931	0.0099	0.0297	0.0099	0.1089	0.2871	0.4257	0.0297	0.0099	0.4356	0.0099	0.9703	0.5446	0.0099	0.9901	0.0693	0.0396	0.4554	0.5050	0.3762	0.0198	0.7129	0.1683	0.0099	0.2079	0.6931	0.1089	0.0099	0.0297	0.8911	0.0693	0.8614	0.4653	0.0099	0.0297	0.0594	0.0198	0.0792	0.0099	0.9109	0.0297	0.9208	0.0099	0.0594	0.8317	0.7030	0.7228	0.4851	0.0099	0.0099	0.0099	0.0495	0.2277	0.0099	0.0099	0.0198	0.0297	0.5050	0.0099	0.4554	0.0099	0.5446	0.5941	0.5545	0.5347	0.0099	0.4356	0.5446	0.4356	0.3663	0.0198	0.0297	0.6139	0.0099	0.2475	0.0297	0.0099	0.0990	0.1881	0.0198	0.6238	0.3861	0.5347	0.1881	0.5743	0.8020	0.2178	0.1683	0.0099	0.1188	0.6139	0.4752	0.4851	0.0396	0.0099	0.9505	0.0099	0.0495	0.0099	0.0396	0.0198	0.0099	1.0000	0.0198	0.2871	0.0693	0.0099	0.0198	0.0099	0.0099	0.0099	0.0396	0.0099	0.0198	0.7723	0.0099	0.0297	0.3861	0.8119	0.0396	0.0099	0.8218	0.0297	0.8317	0.0198	0.8317	0.5842	0.4752	0.1188	0.8812	0.3267	0.0297	0.2079	0.0792	0.1287	1.0000	0.5941	0.6931	0.7327	0.0396	0.5149	0.0099
Proteobacteria_bacterium_CAG_139	0.8020	0.9109	0.2673	0.0792	0.2970	0.0297	0.2970	0.0099	0.8020	0.0396	0.3960	0.2673	0.0099	0.0594	0.5644	0.0198	0.3069	0.0297	0.0792	0.8911	0.0792	0.5248	0.6436	0.0396	0.7723	0.8614	0.1386	0.8812	0.5941	0.2475	0.0099	0.1683	0.0396	0.3762	0.8119	0.0198	0.1188	0.0099	0.6832	0.8515	0.7822	0.2475	0.6040	0.1980	0.0198	0.7327	0.9802	0.2772	0.5644	0.1584	0.8020	0.6832	0.0495	0.3366	0.0198	0.7921	0.0594	0.0297	0.1485	0.3465	0.0099	0.3168	0.5743	0.6535	0.0693	0.8218	0.1485	0.3960	0.6436	0.5149	0.8911	0.1188	0.0396	0.0891	0.2376	0.2079	0.9505	0.8515	0.2673	0.5644	0.0495	0.6238	0.1089	0.2871	0.6733	0.4356	0.2277	0.5842	0.6436	0.4455	0.7228	0.5941	0.1485	0.0693	0.2079	0.3564	1.0000	0.7327	0.6832	0.1089	0.0099	0.0099	0.0792	0.1782	0.9604	0.2772	0.3861	0.7129	0.6040	0.8911	0.7426	0.9109	0.6634	0.4653	0.0693	0.0099	0.7228	0.0792	0.0198	1.0000	0.2475	0.4158	0.5248	0.0099	0.5842	0.0099	0.5545	0.8416	0.7822	0.0297	0.6337	0.9703	0.2772	0.4158	0.2574	0.6634	0.1287	0.1287	0.7228	0.3465	0.7426	0.3168	0.1287	0.2079	0.9901	0.2970	0.8911	0.0495	0.2970	0.8020	0.0099	0.8713	0.8812	0.5842	0.1683	0.9307	0.1782	0.0792
Romboutsia_ilealis	0.0693	0.0198	0.0297	0.1386	0.2376	0.0396	0.1089	0.0099	0.1485	0.0297	0.0396	0.5842	0.4554	0.0198	0.0990	0.3564	0.2673	0.0099	0.0099	0.1485	0.3663	0.7426	0.2475	0.0495	0.0792	0.0594	0.1089	0.9802	0.2178	0.0792	0.9208	0.7822	0.0297	0.0099	0.0792	0.4752	0.8020	0.0099	0.4158	0.1188	0.3366	0.0297	0.5050	0.3168	0.2079	0.7426	0.7426	0.3267	0.0099	0.0099	0.3267	0.0198	0.2574	0.7129	0.6238	0.2673	0.4851	0.0396	0.0297	0.0990	0.0792	0.0792	0.1089	0.8812	0.8119	0.2871	0.0198	0.2871	0.5545	0.4356	0.1881	0.1386	0.0099	0.0396	0.7525	0.3267	0.2673	0.0396	0.4158	0.0099	0.7723	0.1881	0.0297	0.0198	0.1089	0.1386	0.0990	0.9703	0.1386	0.9802	0.2772	0.0495	0.1683	0.2079	0.0198	0.0297	0.0198	0.0495	0.0198	0.4257	0.0297	0.0198	0.0099	0.1782	0.7525	0.1188	0.2376	0.2673	0.0198	0.0594	0.1683	0.0792	0.3663	0.1188	0.9109	0.7030	1.0000	0.8515	0.2871	0.2475	1.0000	0.2970	0.5743	0.5248	0.0297	0.8812	0.3267	0.2673	0.5050	0.2475	0.1485	0.0495	0.6832	0.0990	0.4356	0.1683	0.0297	0.6337	0.9307	0.5842	0.3960	0.0198	0.0495	0.7624	0.1089	0.0099	0.1980	0.0198	0.0297	0.0099	0.1188	0.2673	0.0099	0.1188	0.1584	0.6733	0.1485	0.6832
Roseburia_faecis	0.0099	0.0099	0.0099	0.0099	0.0099	0.0099	0.0198	0.0099	0.0099	0.0099	0.0099	0.0396	0.0099	0.0693	0.0198	0.0099	0.0099	0.1683	0.0594	0.0099	0.0297	0.0198	0.0099	0.8317	0.0099	0.0099	0.0099	0.0099	0.0099	0.2970	0.1584	0.0099	0.5050	0.3564	0.0099	0.1089	0.8119	0.0297	0.1287	0.2574	0.0099	0.2673	0.0495	0.0099	0.2376	0.0099	0.6436	0.2772	0.0297	0.0099	0.0198	0.0099	0.0099	0.4653	0.4752	0.1188	0.1386	0.0099	0.9307	0.0099	0.0198	0.0099	0.0099	0.0792	0.7030	0.0198	0.0198	0.0099	0.0099	0.0198	0.0099	0.0099	0.0099	0.0099	0.5149	0.0099	0.0099	0.0099	0.0297	0.0495	0.0792	0.0099	0.0198	0.0099	0.0099	0.0099	0.0099	0.7129	0.0198	0.2772	0.0198	0.2277	0.4554	0.3267	0.0099	0.0198	0.0099	0.0099	0.0099	0.0594	0.0594	0.0990	0.0099	0.0297	0.0396	0.0297	0.0396	0.1386	0.0099	0.3465	0.0594	0.0396	0.2673	0.0297	0.0099	0.0396	0.0099	0.3267	0.0693	0.4158	0.2970	1.0000	0.0099	0.4059	0.0099	0.7327	0.0099	0.0099	0.0099	0.0495	0.0099	0.0396	0.0099	0.0693	0.0594	0.0099	0.0099	0.0099	0.0099	0.0099	0.3960	0.0099	0.0099	0.0099	0.0099	0.0099	0.0099	0.0099	0.0198	0.8416	0.1683	0.0198	0.0297	0.0099	0.0099	0.0198	0.0099	0.0099
Roseburia_hominis	0.0099	0.0099	0.0099	0.0099	0.0099	0.0099	0.0099	0.1881	0.0099	0.0099	0.0099	0.0396	0.0099	0.0297	0.0792	0.0099	0.0099	0.0693	0.7822	0.0099	0.0396	0.0099	0.0099	0.3861	0.0099	0.0099	0.0099	0.0099	0.0099	0.0396	0.0099	0.0099	0.3465	0.9703	0.0099	0.0792	0.0693	0.0099	0.1485	0.0099	0.0099	0.2079	0.0297	0.0099	0.0099	0.0099	0.0099	0.2871	0.0198	0.0099	0.2376	0.0099	0.0594	0.0198	0.0198	0.0099	0.0099	0.0099	0.1980	0.0099	0.0099	0.0198	0.1782	0.5941	1.0000	0.0099	0.0099	0.0099	0.0099	0.0099	0.0099	0.0099	0.0099	0.0099	0.0099	0.0099	0.0099	0.0099	0.0099	0.0099	0.3663	0.0099	0.0099	0.0099	0.0099	0.0099	0.0099	0.3960	0.0396	0.0099	0.0099	0.0891	0.4554	0.0099	0.0198	0.0198	0.0099	0.0099	0.0099	0.0099	0.0297	0.0099	0.0099	0.0990	0.0198	0.0099	0.0099	0.0495	0.0099	0.9109	0.0594	0.0099	0.3168	0.0099	0.0099	0.0099	0.0099	0.0594	0.0099	0.5248	0.5743	0.0099	1.0000	0.0099	0.0099	0.0099	0.0099	0.0099	0.0099	0.9604	0.0099	0.0099	0.0099	0.0099	0.0099	0.0891	0.0099	0.0099	0.0099	0.0099	0.0099	0.0198	0.0099	0.0099	0.0099	0.0099	0.0099	0.0099	0.0099	0.1485	0.1584	0.0297	0.0396	0.0099	0.0099	0.0099	0.0099	0.0099
Roseburia_intestinalis	0.0891	0.0297	0.0099	0.0099	0.0099	0.0099	0.1485	0.2376	0.0792	0.0297	0.0495	0.6436	0.0099	0.0495	0.0495	0.8317	0.0099	0.0099	0.1683	0.0099	0.4950	0.0099	0.0198	0.7030	0.0099	0.1089	0.8317	0.0693	0.6931	0.1683	0.0792	0.6733	0.0693	0.6337	0.1089	0.0099	0.0297	0.0099	0.0099	0.0099	0.1188	0.0495	0.0396	0.0099	0.0198	0.7822	0.6337	0.0792	0.0891	0.0099	0.0099	0.0693	0.0495	0.0297	0.0198	0.1287	0.5149	0.0099	0.0297	0.8614	0.0099	0.0099	0.0099	0.0693	0.7822	0.0396	0.0099	0.1485	0.0693	0.0099	0.0099	0.0099	0.0099	0.0099	0.5248	0.0099	0.0099	0.0099	0.2277	0.0297	0.0297	0.0099	0.0198	0.0099	0.1188	0.0594	0.0297	0.0099	0.0891	0.0594	0.1188	0.0198	0.2871	0.0891	0.0198	0.0099	0.0297	0.0099	0.0099	0.0594	0.0297	0.0495	0.0099	0.0297	0.0099	0.0297	0.0297	0.2277	0.0297	0.0099	0.1485	0.2376	0.7426	0.1188	0.8713	0.7129	0.0891	0.9703	0.0198	0.0099	0.5248	0.4059	0.0099	1.0000	0.0099	0.4653	0.0099	0.0099	0.0099	0.2079	0.4059	0.0099	0.1188	0.0099	0.2376	0.0099	0.2079	0.0792	0.0099	0.0099	0.0198	0.0495	0.0693	0.0099	0.0594	0.2772	0.0594	0.5842	0.0594	0.9010	0.0495	0.0891	0.0495	0.1287	0.0495	0.0297	0.2475	0.0099
Roseburia_inulinivorans	0.0099	0.1188	0.0297	0.0099	0.0099	0.0099	0.0099	0.0792	0.0099	0.0099	0.0099	0.8416	0.0099	0.0198	0.6238	0.0099	0.0495	0.6040	0.9307	0.0099	0.9703	0.0099	0.0099	0.5743	0.0099	0.0099	0.0099	0.0396	0.0099	0.0990	0.7228	0.0198	0.8317	0.1485	0.0099	0.4059	0.0099	0.0099	0.1980	0.0099	0.0099	0.2772	0.0891	0.0099	0.0099	0.0099	0.0099	0.1980	0.0297	0.0099	0.0297	0.0396	0.0792	0.0099	0.0198	0.4752	0.1089	0.0099	0.1881	0.1980	0.0099	0.0099	0.2772	0.2277	0.9901	0.0099	0.0099	0.0099	0.0099	0.0099	0.0099	0.0099	0.0099	0.0099	0.3465	0.0396	0.0099	0.0099	0.2079	0.0099	0.7030	0.0099	0.0099	0.0099	0.0099	0.0099	0.0099	0.0198	0.0990	0.0396	0.0198	0.1881	0.5842	0.8416	0.0099	0.0099	0.0099	0.0099	0.0099	0.0099	0.0099	0.0099	0.0099	0.1683	0.0099	0.0099	0.0099	0.9307	0.0099	0.5050	0.7327	0.0099	0.6337	0.3762	0.0099	0.4158	0.1485	0.5842	0.0099	0.5842	0.0297	0.0099	0.0099	0.0099	1.0000	0.0099	0.0099	0.0099	0.0099	0.0099	0.0891	0.0099	0.1188	0.0396	0.1089	0.6733	0.0297	0.0099	0.0099	0.0099	0.0099	0.0099	0.0099	0.0099	0.0099	0.0099	0.0099	0.0396	0.0099	0.8416	0.0099	0.0198	0.0099	0.0297	0.0198	0.0099	0.0198	0.0099
Roseburia_sp_CAG_471	0.8713	0.7228	0.7426	0.4653	0.0693	0.9208	0.0099	0.0099	0.0693	0.3861	0.1188	0.1089	0.1881	0.0594	0.0990	0.0099	0.9604	0.0099	0.0495	0.0198	0.3861	0.2574	0.8020	0.1188	0.0099	0.0198	0.0099	0.3960	0.1188	0.0198	0.7228	0.0396	0.0099	0.0099	0.8614	0.0099	0.1089	0.2970	0.4257	0.0099	0.5743	0.1188	0.3267	0.0396	0.5941	0.9010	0.1485	0.2277	0.0198	0.1881	0.3960	0.3861	0.1881	0.2079	0.0297	0.0891	0.4158	0.1089	0.0198	0.0198	0.0792	0.0396	0.5941	0.7030	0.0099	0.2079	0.3267	0.0099	0.6139	0.0396	0.0198	0.0693	0.0792	0.9208	0.0099	0.8119	0.0099	0.6139	0.3861	0.5149	0.8317	0.0297	0.9505	0.5248	0.2178	0.1386	0.2475	0.0099	0.1980	0.0198	0.9010	0.0495	0.0198	0.2277	0.7921	0.8218	0.9109	0.8515	0.6040	0.0099	0.7129	0.4158	0.5743	0.0396	0.0099	0.0099	0.2772	0.1089	0.7327	0.2871	0.0297	0.1782	0.0099	0.9703	0.0099	0.0198	0.5248	0.0099	0.0099	0.0099	0.8812	0.7327	0.0099	0.4653	0.0099	1.0000	0.0990	0.0594	0.0099	0.0990	0.8911	0.0099	0.4158	0.7624	0.2970	0.1584	0.0099	0.4257	0.4158	0.5248	0.0099	0.7822	0.0099	0.7327	0.0198	0.0198	0.0990	0.2673	0.0099	0.0495	0.0297	1.0000	0.5644	0.5842	0.4851	0.8812	0.3564	0.0099
Rothia_dentocariosa	0.0099	0.0099	0.0099	0.0099	0.0099	0.0099	0.1881	0.0198	0.0099	0.0099	0.0099	0.4455	0.0099	0.1386	0.0198	0.0099	0.0198	0.9901	0.9406	0.0099	0.4356	0.0099	0.0099	0.9901	0.0099	0.0099	0.0099	0.0099	0.0099	0.3663	0.0099	0.0099	0.9010	0.1089	0.0099	0.9010	0.0396	0.0099	0.3960	0.0099	0.0099	0.5842	0.0297	0.0198	0.0792	0.0198	0.5050	0.6931	0.0099	0.0099	0.9208	0.2970	0.0099	0.0099	0.0396	0.0396	0.3663	0.0099	0.0396	0.4851	0.0099	0.0099	0.1188	0.2079	0.4851	0.0099	0.0099	0.0099	0.0099	0.0099	0.0099	0.0099	0.0099	0.0099	0.2079	0.0099	0.0099	0.0099	0.0297	0.0099	0.0693	0.0099	0.0099	0.0099	0.0099	0.0099	0.0099	0.0099	0.1485	0.0099	0.2574	0.0099	0.6733	0.0495	0.0099	0.0099	0.0099	0.0099	0.0099	0.0198	0.0099	0.0099	0.0099	0.1980	0.0297	0.0099	0.0099	0.2673	0.0099	0.7129	0.1089	0.0099	0.6337	0.0198	0.0099	0.0198	0.0297	0.6535	0.0099	0.5545	0.3267	0.0099	0.0099	0.0099	0.0099	0.0990	1.0000	0.0099	0.0099	0.0891	0.5941	0.0099	0.0099	0.0099	0.0099	0.8119	0.0099	0.0099	0.0099	0.0099	0.0198	0.0099	0.0099	0.0099	0.0099	0.0198	0.0099	0.0198	0.0099	0.9307	0.2475	0.0099	0.0099	0.0495	0.0495	0.0099	0.0099	0.0099
Rothia_mucilaginosa	0.0198	0.0099	0.0099	0.0099	0.0099	0.0099	0.0693	0.0297	0.0099	0.0099	0.0099	0.3762	0.0099	0.0099	0.0099	0.0099	0.0099	0.6436	0.6337	0.0099	0.3069	0.0099	0.0099	0.2871	0.0099	0.0099	0.0099	0.0099	0.0099	0.8119	0.0099	0.0099	0.7129	0.3465	0.1089	0.1485	0.2970	0.0099	0.0495	0.0198	0.0099	0.3465	0.1485	0.0594	0.0099	0.0099	0.1980	0.4752	0.0297	0.0099	0.7723	0.3168	0.0198	0.2079	0.2277	0.2673	0.2277	0.0099	0.0099	0.1881	0.0099	0.0099	0.5743	0.7327	0.3366	0.0099	0.0198	0.0198	0.0099	0.0099	0.0099	0.0099	0.0099	0.0198	0.0396	0.0594	0.0099	0.0099	0.0099	0.0099	0.1485	0.0099	0.0099	0.0099	0.0099	0.0099	0.0198	0.0099	0.0099	0.0099	0.4059	0.0099	0.2376	0.0099	0.0099	0.0099	0.0099	0.0099	0.0099	0.0297	0.2673	0.0594	0.0099	0.0396	0.2079	0.0099	0.0099	0.0297	0.0099	0.2079	0.0099	0.0099	0.4257	0.0099	0.0099	0.0099	0.0198	0.2475	0.0396	0.8416	0.2673	0.0099	0.0099	0.0099	0.0099	0.0594	0.0099	1.0000	0.0099	0.2673	0.0099	0.0099	0.0990	0.0099	0.1881	0.5050	0.0198	0.0099	0.0099	0.0099	0.0099	0.0099	0.0099	0.0099	0.0099	0.0099	0.0099	0.0099	0.0099	0.9901	0.5743	0.0099	0.0099	0.0198	0.0198	0.0099	0.0099	0.0099
Ruminococcus_bicirculans	0.0099	0.0099	0.0099	0.0099	0.0099	0.0099	0.0099	0.0891	0.0099	0.0099	0.0099	0.1386	0.0099	0.2970	0.1782	0.0099	0.0099	0.4851	0.1386	0.0099	0.0792	0.0099	0.0099	0.2277	0.0099	0.0693	0.0099	0.2079	0.0297	0.3465	0.4851	0.0099	0.8812	0.9604	0.0099	0.8416	0.0396	0.0099	0.1485	0.0099	0.0099	0.0099	0.0594	0.0099	0.0099	0.0495	0.0198	0.1089	0.2475	0.0099	0.0594	0.0099	0.8416	0.0099	0.0099	0.0495	0.9010	0.0099	0.2178	0.0198	0.0099	0.0198	0.5050	0.1782	0.6337	0.0099	0.0099	0.0099	0.0099	0.0099	0.0099	0.0099	0.0099	0.0099	0.0099	0.0099	0.0099	0.0099	0.0099	0.0297	0.7723	0.0099	0.0099	0.0099	0.0198	0.0099	0.0099	0.0495	0.1386	0.0198	0.0099	0.0099	0.1584	0.0891	0.0099	0.0198	0.0297	0.0099	0.0099	0.0099	0.0297	0.0099	0.0099	0.3465	0.0099	0.0099	0.0198	0.0396	0.0198	0.0198	0.5149	0.0099	0.2673	0.3762	0.0099	0.0099	0.2079	0.8020	0.0099	0.7822	0.5050	0.0099	0.0099	0.0099	0.0099	0.0099	0.0099	0.0099	1.0000	0.0198	0.0099	0.0099	0.0297	0.1089	0.0099	0.7228	0.0099	0.0099	0.0099	0.0099	0.0297	0.0099	0.0099	0.0099	0.0099	0.0099	0.0099	0.2871	0.0099	0.9703	0.2277	0.0099	0.0198	0.0198	0.0594	0.0099	0.0297	0.0099
Ruminococcus_bromii	0.1683	0.2376	0.7426	0.4653	0.1584	0.3069	0.0495	0.2970	0.6337	0.4851	0.1386	0.5347	0.0099	0.0594	0.8614	0.1287	0.9307	0.8020	0.0198	0.0099	0.5050	0.1485	0.0792	0.0198	0.0099	0.5347	0.9307	0.1584	0.7723	0.0099	0.0990	0.7525	0.8218	0.1386	0.2277	0.1386	0.0297	0.3168	0.4950	0.0099	0.4356	0.5050	0.2277	0.0099	0.0792	0.3564	0.5347	0.1683	0.5743	0.0198	0.0198	0.0594	0.1881	0.2871	0.2673	0.0198	0.9010	0.1485	0.9109	0.2574	0.0495	0.9901	0.2673	0.6238	0.3960	0.0990	0.0792	0.0297	0.6337	0.4257	0.0495	0.1287	0.1881	0.0198	0.6337	0.2178	0.0198	0.0099	0.0792	0.0198	0.7624	0.0099	0.2673	0.7624	0.8020	0.5347	0.0099	0.0594	0.1980	0.0099	0.1188	0.1782	0.1881	0.0693	0.3168	0.1683	0.5446	0.2970	0.0099	0.2079	0.0990	0.3069	0.1188	0.0099	0.0099	0.0396	0.3663	0.5446	0.4653	0.0891	0.0099	0.9109	0.0198	0.0495	0.5248	0.2178	0.2178	0.0099	0.0198	0.0297	0.2475	0.0495	0.9604	0.2079	0.0099	0.0990	0.0891	0.2673	0.0198	1.0000	0.7525	0.0099	0.2970	0.0198	0.5050	0.0099	0.1584	0.0990	0.2970	0.9505	0.4059	0.5644	0.0792	0.7921	0.2970	0.4950	0.8614	0.6931	0.1584	0.1386	0.6337	0.4158	0.1584	0.2871	0.3564	0.1287	0.3465	0.0099
Ruminococcus_gnavus	0.5545	0.0594	0.0099	0.2574	0.1980	0.1881	0.2574	0.0396	0.0594	0.0297	0.3267	0.0099	0.5545	0.0396	0.0099	0.0099	0.0099	0.0693	0.0297	0.2574	0.0099	0.0099	0.0594	0.6535	0.7327	0.0693	0.0495	0.0099	0.0099	0.6733	0.0792	0.0099	0.0990	0.7327	0.0099	0.0099	0.1584	0.0495	0.0099	0.0198	0.0099	0.0099	0.0297	0.0099	0.0099	0.0099	0.0099	0.7129	0.0891	0.2475	0.0099	0.0099	0.0099	0.0990	0.7921	0.2079	0.0693	0.1089	0.5248	0.0198	0.9505	0.9901	0.0099	0.0495	0.1089	0.0891	0.4851	0.0594	0.0099	0.2871	0.0099	0.2772	0.3366	0.1980	0.9505	0.3564	0.1584	0.0396	0.0099	0.0990	0.0099	0.3267	0.3960	0.0495	0.1782	0.0099	0.0099	0.0099	0.0693	0.1485	0.0099	0.7030	0.0396	0.6238	0.3960	0.6931	0.9406	0.5842	0.0099	0.9406	0.1782	0.5149	0.3564	0.3564	0.7030	0.7525	0.1683	0.1683	0.6931	0.0198	0.0099	0.0099	0.0099	0.0099	0.0099	0.0396	0.0099	0.0099	0.7723	0.6337	0.1485	0.0099	0.0099	0.4059	0.0891	0.8911	0.5941	0.0099	0.0099	0.7525	1.0000	0.8614	0.0099	0.4554	0.1584	0.0099	0.0099	0.0594	0.2178	0.0297	0.3564	0.0495	0.8317	0.0099	0.0099	0.0099	0.0099	0.0891	0.0594	0.5842	0.3069	0.0099	0.7723	0.0099	0.1287	0.2475	0.0099	0.1386
Ruminococcus_lactaris	0.1683	0.0594	0.0198	0.0099	0.0099	0.0099	0.0099	0.0990	0.0099	0.0099	0.0099	0.0990	0.0099	0.0099	0.0198	0.0099	0.4158	0.4455	0.2178	0.0099	0.0396	0.0099	0.0099	0.0990	0.0099	0.0495	0.0099	0.6040	0.0099	0.3267	0.9604	0.1782	0.8317	0.3861	0.0099	0.4653	0.0099	0.0099	0.7921	0.0099	0.0099	0.9802	0.1287	0.0099	0.0198	0.0396	0.0891	0.0297	0.0495	0.0099	0.0198	0.0198	0.7030	0.0099	0.0099	0.7426	0.6634	0.0099	0.0396	0.4356	0.0099	0.0198	0.0495	0.5446	0.2178	0.0594	0.0099	0.0099	0.0099	0.0099	0.0099	0.0099	0.0099	0.0099	0.0099	0.0396	0.0099	0.0099	0.8911	0.0099	0.0396	0.0099	0.0198	0.0198	0.0594	0.0099	0.0099	0.0099	0.2574	0.0099	0.0099	0.1683	0.0099	0.7921	0.0099	0.0099	0.0297	0.0198	0.0099	0.0099	0.1386	0.0891	0.0198	0.6931	0.0099	0.0099	0.0099	0.9703	0.0297	0.0099	0.0297	0.3762	0.0495	0.8614	0.0099	0.2970	0.0396	0.0792	0.0099	0.9703	0.0495	0.0396	0.0099	0.0099	0.0099	0.0099	0.0099	0.0099	0.0099	0.0099	0.8614	1.0000	0.7327	0.2376	0.2376	0.3069	0.0792	0.0099	0.0099	0.0099	0.0198	0.0099	0.0099	0.0099	0.0099	0.0099	0.0099	0.2871	0.0099	0.0891	0.0891	0.2970	0.0792	0.0792	0.0693	0.0297	0.1188	0.0099
Ruminococcus_torques	0.0297	0.0099	0.0099	0.0099	0.0099	0.0099	0.0198	0.0495	0.0099	0.0099	0.0198	0.0099	0.0099	0.2376	0.0099	0.0099	0.0099	0.0594	0.0297	0.1188	0.0099	0.0099	0.0099	0.4455	0.7525	0.0099	0.0099	0.0099	0.0099	0.1089	0.0297	0.0099	0.5347	0.3663	0.0099	0.0990	0.9604	0.0099	0.0099	0.3069	0.0099	0.0099	0.0099	0.9208	0.2970	0.0099	0.0297	0.0099	0.0099	0.7327	0.0099	0.0792	0.0099	0.1881	0.0297	0.0099	0.0099	0.0099	0.0099	0.0099	0.0099	0.0099	0.0099	0.0297	0.0792	0.0693	0.0099	0.5545	0.0099	0.0099	0.0099	0.0099	0.0099	0.0099	0.1287	0.0396	0.7822	0.0099	0.0099	0.0594	0.0099	0.0990	0.0099	0.0099	0.0099	0.0099	0.0099	0.2574	0.0099	0.0891	0.0099	0.3861	0.0792	0.0099	0.0099	0.0198	0.0099	0.0099	0.1683	0.0099	0.0099	0.0099	0.0198	0.4356	0.4752	0.2277	0.9307	0.0099	0.0099	0.0099	0.0099	0.0099	0.0099	0.0099	0.0099	0.9307	0.0099	0.0099	0.0297	0.2772	0.6832	0.0099	0.0099	0.1188	0.1188	0.4158	0.0099	0.0990	0.0297	0.2970	0.0099	0.7327	1.0000	0.0891	0.0099	0.0099	0.0099	0.0198	0.0198	0.0099	0.2970	0.0099	0.4356	0.0198	0.0198	0.0198	0.0099	0.1188	0.0495	0.9505	0.0099	0.0099	0.0099	0.0099	0.0099	0.0099	0.0099	0.7723
Ruthenibacterium_lactatiformans	0.0099	0.0099	0.0099	0.0099	0.0198	0.0099	0.0099	0.0099	0.0099	0.0099	0.0099	0.0693	0.0099	0.0099	0.0297	0.1188	0.1485	0.1188	0.1287	0.0099	0.0396	0.0099	0.0099	0.9703	0.0198	0.4950	0.2079	0.1386	0.0099	0.2376	0.1485	0.0396	0.6535	0.1980	0.3465	0.2277	0.0891	0.0099	0.9802	0.0099	0.0099	0.8812	0.2475	0.0198	0.0495	0.6535	0.5149	0.0198	0.0297	0.0198	0.2079	0.5941	0.0099	0.3465	0.3960	0.3366	0.3762	0.0099	0.5248	0.4950	0.0099	0.0099	0.0099	1.0000	0.0099	0.1683	0.0099	0.0198	0.4455	0.0099	0.0891	0.0099	0.0099	0.0099	0.0990	0.5644	0.0297	0.0099	0.1980	0.0099	0.2277	0.0099	0.0099	0.0099	0.0099	0.0099	0.0099	0.0099	0.0099	0.0297	0.4653	0.0990	0.0891	0.0396	0.0099	0.0099	0.0099	0.0099	0.0099	0.0396	0.0099	0.0099	0.0099	0.4851	0.8812	0.0099	0.0099	0.0495	0.0099	0.3168	0.0099	0.1386	0.1782	0.0891	0.2376	0.9010	0.1485	0.4554	0.3861	0.4158	0.0990	0.0693	0.0099	0.0099	0.0396	0.7624	0.0099	0.0099	0.1089	0.0198	0.4554	0.2376	0.0891	1.0000	0.0792	0.3564	0.6931	0.1485	0.0693	0.0396	0.2772	0.0099	0.0099	0.0396	0.1287	0.5248	0.0099	0.0099	0.0693	0.7624	0.1089	0.0594	0.0099	0.0099	0.0099	0.0099	0.0099	0.0594
Scardovia_wiggsiae	0.4653	0.0099	0.0594	0.0099	0.0099	0.0297	0.0099	0.1188	0.0198	0.0099	0.0099	0.0099	0.0099	0.0198	0.0099	0.0099	0.0099	0.1881	0.2970	0.0198	0.0099	0.0099	0.0396	0.0198	0.0198	0.8317	0.2079	0.2574	0.0198	0.5941	0.7426	0.0099	0.8515	0.3069	0.0099	0.5050	0.2772	0.0099	0.0396	0.5644	0.0198	0.0099	0.0099	0.3564	0.0099	0.0495	0.7624	0.7327	0.0990	0.0396	0.5248	0.1980	0.1188	0.0099	0.0099	0.0099	0.2970	0.0099	0.9505	0.9505	0.0099	0.0099	0.4257	0.0792	0.2574	0.0198	0.0099	0.1485	0.0099	0.0594	0.0594	0.0198	0.0297	0.0099	0.2772	0.0198	0.0990	0.0099	0.0099	0.4950	0.2376	0.0297	0.0099	0.0297	0.1188	0.0693	0.0099	0.7822	0.8218	0.0198	0.0495	0.0495	0.5941	0.6040	0.0198	0.0198	0.0594	0.0198	0.0099	0.0099	0.0495	0.0198	0.0198	0.5050	0.8713	0.5446	0.6337	0.0099	0.0594	0.4950	0.0792	0.0099	0.0198	0.0297	0.0099	0.2871	0.0099	0.0495	0.8119	0.2574	0.4356	0.0594	0.0099	0.2376	0.1089	0.2970	0.0099	0.1881	0.0099	0.5050	0.1584	0.2376	0.0099	0.0792	1.0000	0.0099	0.0396	0.0396	0.0693	0.7228	0.0198	0.6436	0.4950	0.0198	0.2277	0.2475	0.0693	0.3960	0.0297	0.1980	0.0297	0.0198	0.0297	0.1584	0.0198	0.0099	0.0792	0.0099
Sellimonas_intestinalis	0.1089	0.0792	0.0495	0.1782	0.1287	0.0099	0.0693	0.1881	0.0396	0.0099	0.1188	0.0099	0.9406	0.0297	0.0099	0.0099	0.0099	0.4851	0.8911	0.1188	0.0099	0.6931	0.9109	0.1287	0.2475	0.0099	0.0099	0.0099	0.0099	0.0198	0.1287	0.0099	0.6832	0.8911	0.0198	0.0099	0.0297	0.1683	0.0099	0.0099	0.0693	0.0297	0.5644	0.5149	0.8713	0.0099	0.2376	0.7921	0.0099	0.2475	0.0099	0.3465	0.0099	0.3267	0.5644	0.0099	0.8218	0.6931	0.0297	0.0099	0.7921	0.1089	0.0099	0.1287	0.0198	0.6733	0.7525	0.4059	0.0099	0.2574	0.2376	0.9109	0.7228	0.0990	0.2970	0.0099	0.2079	0.0495	0.0099	0.3861	0.0099	0.7228	0.2277	0.2277	0.2178	0.0099	0.0297	0.0099	0.9802	0.4059	0.1089	0.7129	0.0396	0.3267	0.2079	0.2475	0.3960	0.2079	0.7129	0.1188	0.0099	0.0297	0.4158	0.6733	0.2970	0.6238	0.5545	0.0099	0.3564	0.0099	0.0099	0.0099	0.0099	0.0099	0.0099	0.6337	0.0099	0.0099	0.0396	0.6634	0.1683	0.0099	0.0891	0.0099	0.6733	0.1584	0.8119	0.5050	0.7228	0.0099	0.0099	0.3069	0.0099	0.3564	0.0099	1.0000	0.0099	0.0693	0.8515	0.4653	0.3168	0.7723	1.0000	0.1287	0.0693	0.0099	0.0099	0.2178	0.0396	0.9802	0.0396	0.0594	0.9802	0.1089	0.2178	0.2772	0.5545	0.8911
Slackia_isoflavoniconvertens	0.1287	0.0297	0.0495	0.0099	0.0099	0.0198	0.0099	0.8020	0.6931	0.0891	0.0099	0.0099	0.1386	0.2574	0.0891	0.0099	0.0099	0.0099	0.0099	0.0198	0.0099	0.0099	0.0198	0.0198	0.0495	0.0099	0.0099	0.0099	0.0099	0.0198	0.0396	0.0099	0.0099	0.0099	0.0099	0.0099	0.0891	0.0099	0.0099	0.5347	0.0198	0.0099	0.0198	0.0099	0.0198	0.0099	0.0099	0.2277	0.4059	0.0792	0.0099	0.0099	0.0099	0.0099	0.4554	0.1485	0.0495	0.0198	0.7228	0.0099	0.0495	0.0198	0.0099	0.1386	0.3267	0.0792	0.3366	0.0099	0.0099	0.0099	0.0099	0.0099	0.0099	0.0099	0.0099	0.1584	0.0099	0.1485	0.0099	0.3465	0.0099	0.0198	0.1584	0.0891	0.6436	0.0099	0.0099	0.2772	0.1881	0.0297	0.0099	0.0198	0.0792	0.6733	0.1188	0.5050	0.4554	0.3267	0.0891	0.0396	0.0495	0.0099	0.0495	0.2772	0.0198	0.0495	0.8317	0.4950	0.1584	0.0099	0.2178	0.0990	0.4356	0.0099	0.0099	0.0099	0.0099	0.5743	0.0099	0.1287	0.0297	0.0099	0.0099	0.2079	0.0297	0.0099	0.0099	0.0198	0.0099	0.1584	0.0099	0.0792	0.0099	0.6931	0.0396	0.0099	1.0000	0.0099	0.0099	0.2178	0.0693	0.5347	0.0396	0.0198	0.0396	0.0594	0.1584	0.6634	0.0297	0.0396	0.9802	0.0297	0.1584	0.0495	0.0198	0.0099	0.0594	0.0099
Streptococcus_anginosus_group	0.0099	0.0297	0.3762	0.0099	0.0099	0.0198	0.0099	0.2277	0.0099	0.0099	0.0099	0.7228	0.0099	0.4455	0.4059	0.0099	0.0297	0.9406	0.7822	0.0099	0.5347	0.0099	0.0099	0.9604	0.0099	0.0099	0.0099	0.0099	0.0099	0.3366	0.0693	0.0099	0.1188	0.2079	0.0099	0.8218	0.0198	0.0099	0.0693	0.0198	0.0099	0.6733	1.0000	0.0396	0.0297	0.0099	0.0396	0.0693	0.2772	0.0099	0.6139	0.0693	0.6238	0.0099	0.0099	0.0099	0.2079	0.0099	0.0792	0.7822	0.0297	0.0198	0.3663	0.2376	0.9703	0.0792	0.0792	0.0198	0.0099	0.0297	0.0099	0.0099	0.0099	0.0099	0.0990	0.0099	0.0099	0.0099	0.0594	0.2178	0.6238	0.0099	0.0099	0.0099	0.0099	0.0099	0.0099	0.3465	0.0594	0.0099	0.0198	0.0693	0.6040	0.3960	0.1188	0.0693	0.0297	0.0396	0.0099	0.0495	0.0099	0.0099	0.0099	0.0495	0.0099	0.0099	0.0099	0.2277	0.0099	0.7525	0.0792	0.0297	0.8911	0.1089	0.0099	0.0099	0.2079	0.2376	0.8218	0.1287	0.6337	0.0099	0.0099	0.0792	0.0099	0.4257	0.0099	0.0099	0.0099	0.0990	0.0594	0.0099	0.0198	0.1485	0.0396	0.0693	0.0099	1.0000	0.0099	0.1980	0.9406	0.0099	0.0099	0.0099	0.0099	0.0099	0.0099	0.5842	0.0099	0.4752	0.6139	0.0990	0.0198	0.1386	0.3366	0.0099	0.0099	0.0099
Streptococcus_gordonii	0.0396	0.0099	0.0495	0.0099	0.0099	0.0099	0.0198	0.0693	0.0099	0.0099	0.0099	0.2277	0.0198	0.4257	0.1980	0.0099	0.0198	0.3861	0.7624	0.0099	0.2277	0.0099	0.0099	0.7525	0.0099	0.0891	0.0099	0.0594	0.0198	0.4653	0.3366	0.0099	0.5842	0.5941	0.0099	0.9901	0.0099	0.0099	0.6733	0.3564	0.0099	0.0891	0.0297	0.0396	0.0693	0.0990	0.4059	0.8614	0.0099	0.0099	0.4851	0.3861	0.2871	0.0891	0.1188	0.1287	0.8614	0.0099	0.3069	0.7921	0.0099	0.0099	0.6832	0.9208	0.4950	0.0099	0.1386	0.0495	0.0099	0.0099	0.0099	0.0099	0.0099	0.0099	0.1386	0.0198	0.0099	0.0099	0.0198	0.0198	0.8515	0.0099	0.0099	0.0099	0.0099	0.0099	0.0099	0.0594	0.1287	0.0495	0.1485	0.0198	0.7822	0.6832	0.0099	0.0495	0.0099	0.0396	0.0099	0.0198	0.0099	0.0198	0.0099	0.0396	0.0198	0.0297	0.0990	0.0495	0.0099	0.6337	0.0891	0.0792	0.7129	0.3960	0.0099	0.1287	0.6535	0.5644	0.0297	0.7228	0.9307	0.0099	0.0099	0.0099	0.0099	0.4158	0.0099	0.0099	0.0099	0.2970	0.2178	0.0099	0.0198	0.0693	0.0693	0.8515	0.0099	0.0099	1.0000	0.0099	0.6832	0.0099	0.0099	0.0099	0.0099	0.0099	0.0099	0.3861	0.0099	0.7426	0.5050	0.0396	0.0099	0.0198	0.0099	0.0099	0.0396	0.0099
Streptococcus_infantis	0.0099	0.0099	0.0099	0.0099	0.0099	0.0099	0.3960	0.0099	0.0099	0.0099	0.1683	0.0198	0.0198	0.1089	0.0099	0.0297	0.0297	0.0594	0.8713	0.0792	0.0099	0.0198	0.0495	0.1683	0.0495	0.0198	0.0198	0.0099	0.0099	0.2970	0.0099	0.0198	0.0990	0.6139	0.4257	0.7228	0.8911	0.0099	0.0198	0.6733	0.0198	0.1188	0.0099	0.3366	0.5644	0.0297	0.4356	0.2871	0.0198	0.0594	0.0198	0.8317	0.0198	0.9703	0.5050	0.0594	0.5446	0.0099	0.1584	0.9703	0.0099	0.0099	0.6139	0.4158	0.2079	0.0297	0.1584	0.3069	0.0099	0.0099	0.0198	0.0198	0.0099	0.0099	0.9604	0.0891	0.0099	0.0099	0.0099	0.0099	0.1287	0.0099	0.0297	0.0099	0.0099	0.0099	0.0099	0.0198	0.0099	0.9703	0.1683	0.1287	0.0099	0.0099	0.0198	0.0099	0.0099	0.0099	0.0099	0.7525	0.0198	0.0297	0.0099	0.2277	0.9307	0.1584	0.0099	0.0198	0.0099	0.5545	0.0099	0.0099	0.0198	0.0099	0.0693	0.0099	0.0396	0.0198	0.8317	0.3465	0.5842	0.0099	0.0099	0.0099	0.0099	0.5248	0.0099	0.0099	0.0099	0.9505	0.0297	0.0099	0.0099	0.0396	0.7228	0.4653	0.2178	0.1980	0.0099	1.0000	0.1287	0.0099	0.7327	0.0099	0.0099	0.0099	0.0099	0.0099	0.0297	0.2079	0.3564	0.0099	0.0099	0.0099	0.0099	0.0099	0.0495	0.4752
Streptococcus_lutetiensis	0.1089	0.0990	0.0198	0.4950	0.0099	0.0495	0.0792	0.4455	0.1485	0.0891	0.0594	0.3069	0.2574	0.0297	0.3267	0.0198	0.0396	0.6436	0.4158	0.0099	0.1386	0.3465	0.0396	0.6535	0.0099	0.0198	0.0693	0.0297	0.0198	0.3564	0.4851	0.0099	0.6832	0.9406	0.3366	0.7624	0.7921	0.0099	0.4851	0.0198	0.0990	0.4059	0.0099	0.0891	0.0198	0.1881	0.0396	0.9505	0.0198	0.1584	0.6139	0.0099	0.3960	0.1287	0.5446	0.3564	0.3366	0.0297	0.6832	0.0495	0.0099	0.0099	0.3069	0.2871	0.4653	0.0099	0.0099	0.2574	0.0099	0.0099	0.0297	0.0198	0.0198	0.0297	0.0297	0.1089	0.0198	0.0396	0.0099	0.9307	0.6535	0.0099	0.1584	0.0198	0.2772	0.0297	0.0099	0.9505	0.5842	0.0792	0.2277	0.2376	0.6733	0.3069	0.0198	0.0495	0.0891	0.5248	0.0099	0.0099	0.0792	0.0891	0.0099	0.1782	0.1287	0.1287	0.7921	0.9208	0.0891	0.9703	0.9010	0.0099	0.5941	0.2772	0.0297	0.1386	0.4653	0.9802	0.0198	0.7426	0.3960	0.3960	0.0099	0.0198	0.0099	0.0099	0.0198	0.0099	0.0297	0.4059	0.3564	0.0198	0.2970	0.2772	0.0198	0.3168	0.0693	0.9406	0.6832	0.1287	1.0000	0.2871	0.2178	0.0198	0.0099	0.3762	0.0297	0.4059	0.0099	0.4851	0.2277	0.1980	0.1287	0.6238	0.0990	0.7822	0.0297	0.0297
Streptococcus_mitis	0.0099	0.0099	0.0099	0.0099	0.0099	0.0099	0.1287	0.0099	0.0099	0.0099	0.0594	0.0099	0.0099	0.0297	0.0099	0.0594	0.0099	0.0891	0.5248	0.0099	0.0099	0.0099	0.0099	0.1485	0.0099	0.0198	0.0099	0.0099	0.0099	0.0198	0.0099	0.0099	0.1188	0.0594	0.2970	0.7327	0.2475	0.0099	0.0099	0.0891	0.0099	0.6238	0.0495	0.0297	0.5248	0.0396	0.0495	0.0297	0.0099	0.0099	0.2376	0.9802	0.0099	0.7327	0.4653	0.0198	0.1386	0.0099	0.6436	0.6238	0.0099	0.0099	0.6238	0.8119	0.3564	0.0099	0.0297	0.0594	0.0198	0.0099	0.0099	0.0099	0.0099	0.0594	0.5644	0.0792	0.0198	0.0099	0.0099	0.0099	0.5545	0.0099	0.0099	0.0099	0.0099	0.0099	0.0099	0.0099	0.0099	0.3762	0.2079	0.2871	0.0891	0.0099	0.0099	0.0099	0.0099	0.0099	0.0099	0.1188	0.4356	0.4356	0.0198	0.3366	0.8218	0.1386	0.0099	0.0099	0.0099	0.8218	0.0099	0.0099	0.0099	0.0099	0.0297	0.0099	0.0297	0.0594	0.8317	0.3168	0.0198	0.0099	0.0198	0.0495	0.0099	0.7822	0.0099	0.0099	0.0099	0.5644	0.0495	0.0099	0.0099	0.0099	0.6436	0.7723	0.5347	0.0099	0.0099	0.0099	0.2871	1.0000	0.0297	0.0099	0.0099	0.0099	0.0099	0.0198	0.0099	0.0792	0.9109	0.0891	0.0099	0.0099	0.0099	0.0099	0.0099	0.5842
Streptococcus_mutans	0.0396	0.0990	0.0396	0.0099	0.0099	0.0099	0.0099	0.1089	0.0099	0.0099	0.0099	0.6238	0.0099	0.0099	0.8416	0.0099	0.5941	0.6931	0.5248	0.0099	0.9406	0.6436	0.1089	0.8317	0.0099	0.0099	0.0099	0.2376	0.0198	0.0990	0.6238	0.0990	0.6238	0.1683	0.0099	0.3663	0.0099	0.0396	0.6337	0.0099	0.0891	0.0396	0.7525	0.0198	0.0693	0.0594	0.1089	0.0594	0.7129	0.0099	0.0297	0.2772	0.2970	0.0297	0.1089	0.5644	0.0099	0.0099	0.2772	0.2871	0.0198	0.0099	0.2970	0.3267	0.1386	0.2673	0.0099	0.0099	0.0198	0.0297	0.0099	0.0099	0.0099	0.0099	0.5149	0.5644	0.0099	0.0099	0.9802	0.0099	0.5644	0.0099	0.0198	0.0396	0.1782	0.0099	0.0099	0.0099	0.8119	0.0792	0.8614	0.1881	0.0297	0.6832	0.0099	0.0099	0.0297	0.0099	0.0198	0.0099	0.0099	0.0099	0.0099	0.7129	0.0099	0.0099	0.0099	0.5347	0.0099	0.0198	0.6337	0.1188	0.6436	0.2376	0.0099	0.6634	0.5050	0.9604	0.5842	0.1287	0.0495	0.0099	0.0099	0.0693	0.0099	0.0099	0.0099	0.0099	0.0099	0.0792	0.8317	0.0099	0.4356	0.0099	0.4950	1.0000	0.0396	0.0099	0.0099	0.7327	0.2178	0.0297	1.0000	0.0198	0.0099	0.0099	0.0099	0.0099	0.0099	0.8119	0.0099	0.5842	0.0594	0.0198	0.0198	0.1881	0.1683	0.0099
Streptococcus_oralis	0.0198	0.0099	0.0099	0.0099	0.0099	0.0099	0.4851	0.0099	0.0099	0.0099	0.0198	0.0198	0.0099	0.3168	0.0099	0.0099	0.0099	0.2376	0.5545	0.0099	0.0099	0.0099	0.0099	0.1584	0.0099	0.0198	0.0099	0.0099	0.0099	0.7723	0.0198	0.0099	0.3960	0.5149	0.0198	0.8713	0.7228	0.0099	0.0594	0.3564	0.0099	0.0198	0.0099	0.5347	0.2772	0.0099	0.3366	0.3366	0.0099	0.0198	0.1782	0.0396	0.0099	0.0792	0.4851	0.0099	0.9901	0.0099	0.2574	0.2673	0.0099	0.0099	0.6436	0.3564	0.6832	0.0099	0.0099	0.0693	0.0099	0.0099	0.0099	0.0099	0.0099	0.0099	0.9208	0.0099	0.0099	0.0099	0.0198	0.0198	0.3861	0.0099	0.0099	0.0099	0.0099	0.0099	0.0099	0.1782	0.0099	0.6337	0.1881	0.0693	0.4653	0.1188	0.0099	0.0099	0.0099	0.0198	0.0099	0.1485	0.0495	0.1089	0.0495	0.3267	0.1188	0.1683	0.0990	0.1188	0.0396	0.6733	0.0099	0.0099	0.0396	0.0198	0.0099	0.0099	0.0495	0.0396	0.4752	0.2079	0.7624	0.0099	0.0099	0.0099	0.0099	0.7327	0.0099	0.0099	0.0099	0.7921	0.0099	0.0099	0.0198	0.0396	0.0198	0.1287	0.0198	0.0099	0.0099	0.0099	0.0198	0.0099	0.0198	1.0000	0.0099	0.0099	0.0099	0.2376	0.0099	0.9604	0.5446	0.0099	0.0099	0.0693	0.0396	0.0099	0.0297	0.0198
Streptococcus_parasanguinis	0.0099	0.0099	0.0099	0.0099	0.0099	0.0099	0.0099	0.0099	0.0099	0.0099	0.0099	0.0990	0.1287	0.0099	0.0198	0.0099	0.0099	0.8812	0.7624	0.0099	0.0792	0.0099	0.0099	0.1188	0.0099	0.0099	0.0099	0.0099	0.0099	0.3366	0.1287	0.0099	0.6535	0.9010	0.0198	0.0594	0.2475	0.0099	0.0792	0.0594	0.0198	0.8020	0.2772	0.0891	0.0198	0.0099	0.0396	0.0693	0.0297	0.0099	0.5644	0.3564	0.0594	0.0891	0.0891	0.3267	0.5743	0.0099	0.9604	0.0594	0.0297	0.1188	0.0297	0.8713	0.4554	0.0396	0.0693	0.0396	0.0099	0.0099	0.0099	0.0099	0.0198	0.0099	0.0198	0.0495	0.0099	0.0099	0.0099	0.0198	0.5644	0.0099	0.1287	0.0099	0.0594	0.0099	0.0099	0.7525	0.4158	0.1386	0.1782	0.2475	0.6535	0.3762	0.0495	0.0099	0.0396	0.0198	0.0099	0.0099	0.0198	0.0099	0.0099	0.3267	0.1386	0.0693	0.0099	0.0990	0.0099	0.6832	0.0099	0.0198	0.3960	0.0099	0.0099	0.0891	0.0297	0.0693	0.1188	0.9901	0.1089	0.0099	0.0099	0.0594	0.0099	0.0198	0.0099	0.0099	0.0099	0.2970	0.0099	0.0099	0.0198	0.1287	0.2277	0.0693	0.0396	0.0099	0.0099	0.0099	0.0099	0.0099	0.0099	0.0099	1.0000	0.0099	0.0099	0.0297	0.0099	0.4356	0.0693	0.2277	0.0099	0.0099	0.0099	0.0198	0.0198	0.0099
Streptococcus_salivarius	0.0099	0.0099	0.0594	0.0099	0.0099	0.0099	0.0099	0.0297	0.0099	0.0099	0.0099	0.1386	0.7921	0.0198	0.0990	0.0099	0.0099	0.8614	0.1881	0.1089	0.1584	0.0099	0.0099	0.1485	0.0099	0.0099	0.0099	0.0198	0.0099	0.0297	0.0792	0.0099	0.2772	0.3960	0.0099	0.0297	0.9010	0.0099	0.0297	0.4455	0.0198	0.6337	0.7624	0.0990	0.5149	0.0198	0.7723	0.0099	0.0396	0.0198	0.3762	0.4653	0.2673	0.1188	0.1089	0.3960	0.4257	0.0198	0.7525	0.2079	0.5347	0.0891	0.0198	0.7327	0.3762	0.4752	0.9307	0.0099	0.0594	0.0396	0.0099	0.0198	0.0099	0.0594	0.2970	0.0099	0.0099	0.0099	0.0198	0.0396	0.9604	0.0099	0.2277	0.0099	0.0297	0.0099	0.0396	0.7426	0.3663	0.5545	0.3267	0.4950	0.5149	0.8911	0.0396	0.0099	0.0594	0.0099	0.0099	0.0099	0.0099	0.0099	0.0099	0.2277	0.3366	0.0297	0.0099	0.0198	0.0099	0.5545	0.0099	0.0297	0.1287	0.0099	0.0099	0.0099	0.0594	0.0099	0.8812	0.2970	0.0099	0.0099	0.0099	0.2772	0.0099	0.0198	0.0198	0.0099	0.0099	0.4950	0.0099	0.0099	0.0198	0.5248	0.2475	0.0099	0.0594	0.0099	0.0099	0.0099	0.3762	0.0099	0.0099	0.0099	0.0099	1.0000	0.0099	0.0099	0.0099	0.0594	0.5545	0.1683	0.1782	0.0099	0.0099	0.4059	0.1287	0.2574
Streptococcus_sanguinis	0.0099	0.0099	0.0198	0.0099	0.0099	0.0099	0.0099	0.0099	0.0099	0.0099	0.0099	0.0099	0.0099	0.0594	0.0198	0.0099	0.0099	0.2376	0.8911	0.0198	0.0099	0.0099	0.0099	0.0792	0.0198	0.0099	0.0099	0.0099	0.0099	0.4653	0.0198	0.0099	0.0297	0.0099	0.0099	0.6535	0.8416	0.0099	0.0099	0.1485	0.0099	0.0792	0.0297	0.3762	0.9802	0.0099	0.0792	0.9109	0.0099	0.1089	0.0396	1.0000	0.0099	0.0891	0.1584	0.1980	0.1188	0.0099	0.7723	0.0297	0.0099	0.0099	0.8713	0.0792	0.0594	0.0099	0.0099	0.0792	0.0099	0.0099	0.0099	0.0099	0.0099	0.0099	0.2673	0.0099	0.0198	0.0099	0.0099	0.0099	0.8416	0.0099	0.0099	0.0099	0.0099	0.0099	0.0099	0.2079	0.0297	0.9802	0.3069	0.8416	0.0990	0.0297	0.0099	0.0099	0.0099	0.0099	0.0099	0.0594	0.0099	0.0297	0.0099	0.1287	0.7921	0.0198	0.0594	0.0198	0.0099	0.0693	0.0099	0.0099	0.0099	0.0099	0.0099	0.1386	0.0099	0.0099	0.3267	0.8911	0.1980	0.0099	0.0099	0.0594	0.0099	0.0990	0.0099	0.0099	0.0099	0.8614	0.0099	0.0099	0.0099	0.0099	0.0693	0.0099	0.1584	0.0099	0.0099	0.0099	0.0297	0.0099	0.0099	0.0099	0.0099	0.0099	1.0000	0.0099	0.0099	0.4257	0.0990	0.0594	0.0099	0.0198	0.0099	0.0099	0.0198	0.1188
Streptococcus_thermophilus	0.0099	0.0099	0.0099	0.0099	0.0198	0.0099	0.0198	0.0099	0.0099	0.0099	0.0099	0.0693	0.0297	0.0099	0.0198	0.5248	0.0396	0.1881	0.8614	0.4356	0.1485	0.2376	0.4752	0.3960	0.0297	0.0099	0.5644	0.0396	0.0099	0.0297	0.1683	0.0792	0.3366	0.0594	0.1683	0.3465	0.7030	0.0198	0.0495	0.4950	0.6634	0.1287	0.6733	0.6733	0.8416	0.4851	0.8911	0.3465	0.0099	0.0792	0.2475	0.5248	0.0198	0.8020	0.1089	0.3465	0.0099	0.0198	0.8713	0.5347	0.1584	0.0198	0.2673	0.7822	0.4851	0.1386	0.2376	0.0396	0.1287	0.0297	0.1782	0.1089	0.0198	0.0495	0.3663	0.5050	0.0495	0.0099	0.0594	0.0099	0.7723	0.0198	0.7723	0.0099	0.1584	0.0099	0.0198	0.4059	0.0891	0.7228	0.6337	0.0198	0.0198	0.0297	0.0198	0.0099	0.0099	0.0099	0.0198	0.0594	0.1089	0.0198	0.0099	0.0594	0.3663	0.3861	0.0099	0.2277	0.0198	0.7822	0.0099	0.0198	0.0495	0.0099	0.1188	0.9802	0.0099	0.0198	0.0297	0.0495	0.0198	0.0099	0.0099	0.5842	0.0396	0.2673	0.0198	0.0099	0.2871	0.6931	0.0891	0.2871	0.1188	0.0099	0.3960	0.2178	0.6634	0.5842	0.3861	0.0099	0.4059	0.0198	0.0099	0.2376	0.0297	0.0099	0.0099	1.0000	0.0099	0.0990	0.1782	0.2574	0.0792	0.0099	0.0099	0.0990	0.0396	0.9109
Streptococcus_vestibularis	0.0099	0.0099	0.0099	0.0099	0.0099	0.0099	0.0099	0.0099	0.0099	0.0099	0.0099	0.1089	0.0099	0.0198	0.0693	0.0099	0.0198	0.9505	0.7228	0.0099	0.3465	0.0099	0.0099	0.2277	0.0099	0.0099	0.0099	0.0099	0.0099	0.3762	0.0990	0.0099	0.2079	0.3762	0.0198	0.3960	0.4158	0.0099	0.1584	0.0396	0.0297	0.7426	0.0891	0.0297	0.0693	0.0792	0.0198	0.0594	0.0198	0.0297	0.5743	0.1683	0.0099	0.0198	0.0099	0.2673	0.3762	0.0099	0.3762	0.0297	0.0099	0.0099	0.1485	0.0594	0.8119	0.0099	0.0099	0.0099	0.0099	0.0099	0.0099	0.0099	0.0099	0.0297	0.1089	0.0792	0.0099	0.0099	0.0099	0.0693	0.7129	0.0099	0.1485	0.0099	0.0099	0.0099	0.0099	0.5347	0.5347	0.0099	0.4257	0.0594	0.5941	0.9505	0.0099	0.0099	0.0099	0.0099	0.0099	0.0099	0.0099	0.0099	0.0099	0.5050	0.0495	0.0099	0.0099	0.6733	0.0099	0.8515	0.0198	0.0099	0.2970	0.0099	0.0099	0.1287	0.0099	0.0792	0.2079	0.2970	0.0297	0.0198	0.0099	0.0594	0.0099	0.0099	0.0099	0.0099	0.0099	0.1584	0.0594	0.0099	0.0495	0.0693	0.0297	0.0396	0.0297	0.0099	0.0099	0.0297	0.0099	0.0099	0.0099	0.0099	0.0099	0.0099	0.0099	0.0099	1.0000	0.1881	0.4554	0.9010	0.0099	0.0099	0.0099	0.1782	0.0099	0.0099
Turicibacter_sanguinis	0.0990	0.2475	0.1881	0.6139	0.4851	0.0891	0.3564	0.0099	0.0099	0.0198	0.2574	0.9901	0.7129	0.0198	0.9307	0.0495	0.2871	0.0099	0.0099	0.6040	0.6832	0.0198	0.0198	0.0693	0.4455	0.3465	0.4851	0.9109	0.4851	0.0693	0.4752	0.6436	0.1584	0.0099	0.1386	0.7822	0.3267	0.1980	0.9307	0.6436	0.8911	0.4752	0.5050	0.4752	0.0297	0.8812	0.0891	0.2871	0.6733	0.1386	0.5644	0.4950	0.8911	0.4653	0.7624	0.4554	0.7624	0.1089	0.0297	0.3861	0.3366	0.8317	0.3366	0.8218	0.4950	0.8614	0.5644	0.5446	0.8020	0.6436	0.3069	0.9901	0.1980	0.8614	0.1782	0.5446	0.8713	0.1287	0.3465	0.0099	0.2574	0.5644	0.0990	0.4950	0.0396	0.0099	0.9109	0.8812	0.0198	0.9703	0.6040	0.0099	0.0396	0.4455	0.1485	0.2277	0.1089	0.0891	0.1188	0.3861	0.7822	1.0000	0.3960	0.0990	0.4257	0.3861	0.2079	0.0396	0.0396	0.0099	0.5941	0.1386	0.1485	0.1287	0.5050	0.8515	0.3267	0.3960	0.0792	0.8020	0.0099	0.8416	0.1485	0.9010	0.8416	0.0495	0.9307	0.9901	0.9703	0.1386	0.5842	0.0891	0.9505	0.7624	0.1980	0.9802	0.0396	0.4752	0.7426	0.2079	0.4851	0.0792	0.8119	0.9604	0.4356	0.0594	0.4257	0.0990	0.1881	1.0000	0.9505	0.1287	0.0594	0.0297	0.0792	0.7327	0.1485	0.0495
Turicimonas_muris	0.0297	0.2376	0.0099	0.0297	0.0198	0.0099	0.0495	0.0099	0.0495	0.0198	0.1089	0.0099	0.0099	0.1188	0.4257	0.6436	0.5149	0.0396	0.4059	0.2178	0.0099	0.0297	0.0297	0.5248	0.2574	0.1683	0.6535	0.1980	0.0396	0.0396	0.0099	0.7525	0.0099	0.8020	0.4653	0.0198	0.0297	0.0099	0.9703	0.8119	0.1287	0.0990	0.1881	0.9604	0.0099	0.1188	0.0693	0.9604	0.0198	0.0297	0.9109	0.4158	0.0099	0.8614	0.0495	0.7228	0.0099	0.0099	0.0693	0.0198	0.0099	0.0099	0.8020	0.0792	0.0594	0.1782	0.0099	0.3366	0.0396	0.3069	0.4455	0.0099	0.0099	0.0099	0.1287	0.6832	0.1782	0.0198	0.0297	0.0198	0.0099	0.0198	0.0099	0.1584	0.0297	0.4455	0.0099	1.0000	0.2376	0.8020	0.0495	0.1287	0.5446	0.0198	0.0198	0.0396	0.1683	0.0297	0.0594	0.0099	0.0099	0.0099	0.0099	0.3366	0.4752	0.8812	0.7030	0.9604	0.0099	0.2376	0.0990	0.0099	0.0198	0.1386	0.8218	0.0099	0.0198	0.0297	0.1287	0.0099	0.1188	0.1683	0.1584	0.0495	0.0099	0.0297	0.2475	0.5743	0.2277	0.6337	0.3069	0.0891	0.0099	0.1089	0.0297	0.0396	0.9802	0.6139	0.5050	0.3564	0.2277	0.9109	0.0099	0.5446	0.0693	0.5545	0.0990	0.1782	0.4554	0.9505	1.0000	0.0297	0.0198	0.0297	0.0396	0.1980	0.0396	0.9901
Tyzzerella_nexilis	0.0693	0.0099	0.0891	0.0693	0.0099	0.2079	0.3069	0.3960	0.0396	0.0396	0.0099	0.1287	0.0099	0.1980	0.0198	0.0099	0.0099	0.6634	0.0990	0.6040	0.0495	0.0099	0.0099	0.1683	0.0990	0.1386	0.1089	0.0099	0.0198	0.5644	0.1386	0.0099	0.7327	0.8218	0.0594	0.7228	0.4356	0.0099	0.0297	0.3861	0.0099	0.0099	0.0198	0.4059	0.0693	0.0099	0.6832	0.7426	0.0099	0.5545	0.0099	0.0099	0.0198	0.0198	0.5347	0.0396	1.0000	0.0198	0.6634	0.0198	0.0099	0.0099	0.4752	0.0594	0.2178	0.0099	0.1782	0.0594	0.0099	0.0297	0.0693	0.0396	0.2178	0.0099	0.8614	0.0099	0.2475	0.0099	0.0099	0.4356	0.0297	0.0099	0.2376	0.0099	0.1980	0.0099	0.0099	0.9505	0.1584	0.1485	0.0198	0.0198	0.2376	0.8812	0.0792	0.0198	0.0099	0.0297	0.0198	0.8020	0.0198	0.3564	0.0099	0.9505	0.1584	0.1485	0.0495	0.0990	0.0990	0.5842	0.1287	0.0891	0.0099	0.0099	0.0297	0.4455	0.0099	0.0099	1.0000	0.8713	0.2673	0.0198	0.0297	0.0891	0.0198	1.0000	0.0099	0.0099	0.0099	0.4158	0.0099	0.2970	0.0099	0.0594	0.0198	0.0594	0.0297	0.0990	0.0396	0.0099	0.1980	0.0891	0.5842	0.0099	0.2277	0.1683	0.0594	0.2574	0.9010	0.1287	0.0297	1.0000	0.0297	0.2475	0.0792	0.0792	0.0594	0.0099
Veillonella_atypica	0.0099	0.0099	0.0099	0.0099	0.0198	0.0099	0.0396	0.0099	0.0099	0.0099	0.0099	0.0099	0.0099	0.0198	0.0099	0.1386	0.0198	0.3465	0.6634	0.0099	0.0099	0.0099	0.0099	0.9703	0.0198	0.0792	0.0297	0.0297	0.0099	0.7921	0.0198	0.0198	0.0891	0.6337	0.0099	0.0792	0.0198	0.0099	0.7822	0.0099	0.0099	0.0990	0.0198	0.0099	0.0792	0.0594	0.0297	0.0297	0.0099	0.0099	0.9604	0.3267	0.0099	0.0297	0.7327	0.0099	0.1881	0.0099	0.6238	0.6931	0.0099	0.0099	0.0099	0.1485	0.7030	0.0099	0.0099	0.1683	0.0297	0.0099	0.0099	0.0099	0.0099	0.0099	0.0495	0.1188	0.0198	0.0099	0.0396	0.0099	0.5446	0.0099	0.0099	0.0099	0.0099	0.0099	0.0099	0.0099	0.0099	0.0198	0.0495	0.0693	0.1089	0.0099	0.0099	0.0099	0.0099	0.0099	0.0099	0.0495	0.0198	0.0297	0.0099	0.4554	0.6436	0.0099	0.0099	0.1188	0.0099	0.8416	0.0099	0.0198	0.0099	0.0198	0.0594	0.5149	0.0099	0.0594	0.5941	0.8812	0.0099	0.0297	0.0396	0.0495	0.0099	0.5644	0.0099	0.0099	0.0198	0.1584	0.7723	0.0792	0.0099	0.0099	0.0297	0.9802	0.1584	0.0198	0.0099	0.0099	0.1287	0.0099	0.0594	0.0099	0.0099	0.1782	0.0099	0.0792	0.0099	0.0594	0.0198	0.0297	1.0000	0.0099	0.0099	0.0099	0.0099	0.0990
Veillonella_dispar	0.0099	0.0099	0.0099	0.0099	0.0693	0.0099	0.0594	0.0099	0.0099	0.0099	0.0297	0.0099	0.0198	0.0099	0.0099	0.0198	0.0099	0.7228	0.2772	0.0099	0.0099	0.0099	0.0099	0.6238	0.1089	0.0099	0.0099	0.0099	0.0099	0.8713	0.0099	0.0099	0.1485	0.5248	0.0198	0.9406	0.3465	0.0099	0.9307	0.0990	0.0099	0.2178	0.0396	0.0099	0.1782	0.0198	0.6238	0.0099	0.0297	0.0099	0.5149	0.2871	0.0099	0.1683	0.1881	0.1485	0.0792	0.0099	0.6733	0.0891	0.0099	0.0099	0.8020	0.2871	0.4059	0.0099	0.0198	0.1683	0.0990	0.0099	0.0099	0.0099	0.0099	0.0099	0.1980	0.0099	0.0099	0.0099	0.0099	0.0099	0.5347	0.0099	0.0099	0.0099	0.0297	0.0099	0.0099	0.2178	0.0099	0.0594	0.1089	0.8515	0.0792	0.0099	0.0099	0.0099	0.0099	0.0099	0.0099	0.0297	0.0297	0.0198	0.0099	0.4455	0.4851	0.0099	0.0099	0.0297	0.0099	0.8218	0.0099	0.0099	0.0099	0.0099	0.0693	0.4653	0.0099	0.0297	0.6931	0.5842	0.1188	0.0099	0.0099	0.1287	0.0297	0.5842	0.0495	0.0198	0.0198	0.2871	0.0099	0.0792	0.0099	0.0099	0.1584	0.1089	0.0495	0.1386	0.0198	0.0099	0.6238	0.0099	0.0198	0.0693	0.0099	0.0099	0.0198	0.0099	0.0099	0.0297	0.0297	0.2475	0.0099	1.0000	0.0099	0.0099	0.0099	0.2376
Veillonella_infantium	0.0099	0.0099	0.0099	0.0099	0.0396	0.0099	0.0198	0.0099	0.0099	0.0099	0.0099	0.0099	0.0099	0.0099	0.0099	0.0297	0.0099	0.8515	0.9703	0.0099	0.0099	0.0099	0.0099	0.5149	0.0297	0.0693	0.0198	0.0099	0.0099	0.8020	0.0099	0.0099	0.1386	0.3465	0.0297	0.9307	0.6040	0.0099	0.4653	0.0099	0.0099	0.1683	0.0297	0.0297	0.0594	0.0495	0.5347	0.0099	0.0099	0.0099	0.3465	0.3960	0.0099	0.1683	0.0396	0.0495	0.0198	0.0099	0.7030	0.6733	0.0099	0.0099	0.9307	0.8812	0.4257	0.0099	0.0099	0.2475	0.1188	0.0099	0.0099	0.0099	0.0099	0.0099	0.2673	0.0099	0.0396	0.0099	0.0099	0.0099	0.8911	0.0099	0.0099	0.0099	0.0099	0.0099	0.0099	0.0297	0.0099	0.0198	0.1881	0.9901	0.0792	0.0198	0.0099	0.0099	0.0099	0.0099	0.0099	0.0594	0.0099	0.0198	0.0099	0.0891	0.3168	0.0099	0.0495	0.0396	0.0099	0.6733	0.0099	0.0099	0.0099	0.0099	0.0099	0.1584	0.0099	0.0099	0.7327	0.1683	0.1584	0.0099	0.0099	0.0495	0.0198	0.4851	0.0495	0.0198	0.0594	0.3564	0.1287	0.0693	0.0099	0.0099	0.0198	0.2178	0.0198	0.3366	0.0099	0.0099	0.0990	0.0099	0.0198	0.0396	0.0099	0.0099	0.0099	0.0099	0.0099	0.0792	0.0396	0.0792	0.0099	0.0099	1.0000	0.0099	0.0099	0.2277
Veillonella_parvula	0.0099	0.0099	0.0099	0.0099	0.0099	0.0099	0.0099	0.0297	0.0099	0.0099	0.0099	0.0099	0.0099	0.6040	0.0396	0.0099	0.0198	0.5743	0.2475	0.0099	0.0099	0.0099	0.0099	0.5545	0.0396	0.3960	0.0297	0.0396	0.0099	0.8020	0.0594	0.0297	0.4158	0.3267	0.0099	0.1881	0.1782	0.0099	1.0000	0.0099	0.0099	0.0099	0.0099	0.0099	0.0099	0.1089	0.0990	0.0099	0.0099	0.0099	0.8812	0.0198	0.0099	0.2376	0.6931	0.0396	0.0495	0.0099	0.5446	0.4158	0.0099	0.0099	0.4554	0.9010	0.4158	0.0099	0.0099	0.4554	0.1683	0.0099	0.0099	0.0099	0.0099	0.0099	0.2574	0.0594	0.0198	0.0099	0.0198	0.0099	0.9307	0.0099	0.0099	0.0099	0.0099	0.0099	0.0099	0.0198	0.0099	0.0198	0.0099	0.2871	0.4950	0.0099	0.0099	0.0099	0.0099	0.0099	0.0198	0.0099	0.2376	0.0495	0.0099	1.0000	0.6139	0.0198	0.0198	0.0198	0.0099	0.3960	0.0297	0.0099	0.0198	0.3465	0.0297	0.1386	0.0396	0.2673	0.0396	0.9307	0.6733	0.0198	0.0099	0.0297	0.0099	0.8812	0.0099	0.0099	0.0099	0.1287	0.2475	0.0297	0.0099	0.0099	0.0099	0.2772	0.0099	0.0099	0.0099	0.0099	0.7822	0.0099	0.1881	0.0099	0.0198	0.4059	0.0099	0.0990	0.1782	0.7327	0.1980	0.0792	0.0099	0.0099	0.0099	1.0000	0.0099	0.1089
Veillonella_sp_T11011_6	0.0099	0.0099	0.0099	0.0099	0.0495	0.0099	0.4950	0.0099	0.0099	0.0693	0.0495	0.0099	0.0198	0.0099	0.0099	0.0099	0.0099	0.6634	0.9109	0.0099	0.0099	0.0099	0.0099	0.3762	0.0594	0.0693	0.0198	0.0099	0.0099	0.8614	0.0297	0.0099	0.3069	0.1584	0.0099	0.4455	0.1089	0.0099	0.2178	0.1485	0.0099	0.0495	0.0297	0.0099	0.0198	0.0099	0.1089	0.0099	0.0099	0.0099	0.0198	0.0396	0.0099	0.3168	0.1089	0.0693	0.0594	0.0099	0.7822	0.8218	0.0099	0.0099	0.8020	0.9406	0.9406	0.0198	0.0198	0.9406	0.0297	0.0198	0.0099	0.0099	0.0099	0.0099	0.0792	0.0792	0.0396	0.0099	0.0099	0.0099	0.3663	0.0099	0.0099	0.0099	0.0099	0.0099	0.0099	0.0297	0.0099	0.0099	0.0297	0.0990	0.0198	0.0099	0.0099	0.0099	0.0099	0.0099	0.0099	0.0594	0.0396	0.0396	0.0198	0.1386	0.4752	0.0099	0.0099	0.1386	0.0099	0.7030	0.0099	0.0099	0.0099	0.0198	0.0693	0.2277	0.0099	0.0099	0.5149	0.1782	0.1485	0.0099	0.0099	0.2475	0.0198	0.3564	0.0099	0.0099	0.0297	0.3465	0.0099	0.1188	0.0099	0.0099	0.0792	0.5545	0.0594	0.0099	0.0396	0.0495	0.0297	0.0099	0.1683	0.0297	0.0198	0.1287	0.0198	0.0396	0.0099	0.1485	0.0396	0.0594	0.0099	0.0099	0.0099	0.0099	1.0000	0.5248
[Collinsella]_massiliensis	0.0792	0.4752	0.6832	0.0099	0.0099	0.0693	0.1287	0.7426	0.1188	0.0099	0.0099	0.0891	0.0099	0.1782	0.6337	0.0099	0.1386	0.0396	0.0594	0.0099	0.1980	0.0198	0.0198	0.4653	0.0099	0.0594	0.0099	0.0495	0.0099	0.0099	0.0297	0.0099	0.0198	0.7723	0.0099	0.1485	0.0099	0.0594	0.4752	0.0099	0.0396	0.9604	0.3762	0.0099	0.0099	0.0297	0.0297	0.2475	0.2574	0.0099	0.3366	0.0099	0.2970	0.0099	0.0099	0.5446	0.0495	0.0297	0.0099	0.1782	0.0396	0.2574	0.3267	0.6931	0.0594	0.0990	0.0099	0.0099	0.0099	0.0099	0.0099	0.0099	0.0099	0.0099	0.0099	0.0198	0.0099	0.0099	0.0594	0.3267	0.4554	0.0099	0.0792	0.2574	0.5347	0.2079	0.0099	0.0099	0.9208	0.0099	0.0198	0.0099	0.0495	0.6931	0.0099	0.0099	0.0198	0.0198	0.0099	0.0099	0.0495	0.0198	0.0099	0.6436	0.0099	0.0099	0.0198	0.8119	0.0495	0.0495	0.6139	0.0495	0.0792	0.6436	0.0099	0.0099	0.3960	0.0396	0.0099	0.0792	0.6832	0.0099	0.0099	0.0099	0.0099	0.0099	0.0099	0.0099	0.0099	0.0099	0.1386	0.0099	0.7723	0.0594	0.0099	0.8911	0.0099	0.0099	0.0099	0.4752	0.0297	0.5842	0.0099	0.0198	0.0099	0.2574	0.1188	0.9109	0.0099	0.0495	0.9901	0.0099	0.0990	0.2376	0.2277	0.1089	0.5248	1.0000
