Name,Actinomyces_odontolyticus,Actinomyces_oris,Actinomyces_sp_HMSC035G02,Adlercreutzia_equolifaciens,Agathobaculum_butyriciproducens,Akkermansia_muciniphila,Alistipes_finegoldii,Alistipes_indistinctus,Alistipes_putredinis,Alistipes_shahii,Anaerostipes_hadrus,Anaerotruncus_colihominis,Asaccharobacter_celatus,Bacteroides_caccae,Bacteroides_cellulosilyticus,Bacteroides_clarus,Bacteroides_dorei,Bacteroides_eggerthii,Bacteroides_finegoldii,Bacteroides_fragilis,Bacteroides_intestinalis,Bacteroides_massiliensis,Bacteroides_ovatus,Bacteroides_stercoris,Bacteroides_thetaiotaomicron,Bacteroides_uniformis,Bacteroides_vulgatus,Bacteroides_xylanisolvens,Barnesiella_intestinihominis,Bifidobacterium_adolescentis,Bifidobacterium_bifidum,Bifidobacterium_dentium,Bifidobacterium_longum,Bifidobacterium_pseudocatenulatum,Bilophila_wadsworthia,Blautia_obeum,Blautia_sp_CAG_257,Blautia_wexlerae,Butyricimonas_synergistica,Butyricimonas_virosa,Clostridium_bolteae,Clostridium_citroniae,Clostridium_clostridioforme,Clostridium_innocuum,Clostridium_leptum,Clostridium_sp_CAG_58,Clostridium_symbiosum,Collinsella_aerofaciens,Collinsella_stercoris,Coprobacter_fastidiosus,Coprococcus_catus,Coprococcus_comes,Desulfovibrio_piger,Dorea_formicigenerans,Dorea_longicatena,Eggerthella_lenta,Enterococcus_faecalis,Enterococcus_faecium,Erysipelatoclostridium_ramosum,Escherichia_coli,Eubacterium_eligens,Eubacterium_hallii,Eubacterium_ramulus,Eubacterium_rectale,Eubacterium_siraeum,Eubacterium_sp_CAG_180,Eubacterium_sp_CAG_38,Faecalibacterium_prausnitzii,Firmicutes_bacterium_CAG_83,Flavonifractor_plautii,Fusicatenibacter_saccharivorans,Gemmiger_formicilis,Gordonibacter_pamelaeae,Holdemanella_biformis,Hungatella_hathewayi,Intestinibacter_bartlettii,Intestinimonas_butyriciproducens,Klebsiella_pneumoniae,Lachnospira_pectinoschiza,Lactobacillus_fermentum,Lactobacillus_gasseri,Lawsonibacter_asaccharolyticus,Odoribacter_splanchnicus,Oscillibacter_sp_57_20,Oscillibacter_sp_CAG_241,Parabacteroides_distasonis,Parabacteroides_merdae,Paraprevotella_xylaniphila,Phascolarctobacterium_faecium,Prevotella_copri,Roseburia_faecis,Roseburia_hominis,Roseburia_intestinalis,Roseburia_inulinivorans,Rothia_mucilaginosa,Ruminococcus_bicirculans,Ruminococcus_bromii,Ruminococcus_gnavus,Ruminococcus_lactaris,Ruminococcus_torques,Ruthenibacterium_lactatiformans,Sellimonas_intestinalis,Streptococcus_anginosus_group,Streptococcus_gordonii,Streptococcus_oralis,Streptococcus_parasanguinis,Streptococcus_salivarius,Streptococcus_thermophilus,Streptococcus_vestibularis,Veillonella_parvula,[Collinsella]_massiliensis
PAUL.case2_before,0.16092326877707208,0.2780693094177149,-1.923607332610505,-4.197957448981347,-4.197957448981347,-4.197957448981347,5.622666599351904,4.4567433502135625,-4.197957448981347,-4.197957448981347,0.6177458027596963,3.406587858184353,-4.197957448981347,3.3059951386338167,2.4746706536494747,-4.197957448981347,-4.197957448981347,-4.197957448981347,-4.197957448981347,-4.197957448981347,-4.197957448981347,-4.197957448981347,0.39192841857908967,1.4543519576074893,1.140641497870499,4.468375379696264,2.6461079065926487,-4.197957448981347,4.251838973262485,8.033386997880363,6.592711502354318,-4.197957448981347,5.718307612197983,-4.197957448981347,0.4097055194577308,2.736603222127049,4.350069273432184,-4.197957448981347,-4.197957448981347,0.0599560505810004,3.5774123624445817,0.5996957155694442,-4.197957448981347,5.3529351729362995,2.1774487908036138,-4.197957448981347,2.520263012191859,7.4182484788631236,2.2919036932388357,-4.197957448981347,-4.197957448981347,-4.197957448981347,3.6229539456789706,0.3425247637452191,1.73493251481033,5.785450504198215,5.931292258251604,8.108701208902675,3.0349212326066812,6.529220091892112,-4.197957448981347,-4.197957448981347,-4.197957448981347,-4.197957448981347,3.618024668018635,5.87616742387605,-4.197957448981347,6.2244921073400565,6.408660376917473,3.239614348932193,-4.197957448981347,-0.6488460429325453,3.413493865332633,-4.197957448981347,5.598558671337389,3.217800163603207,-4.197957448981347,-4.197957448981347,-4.197957448981347,-4.197957448981347,-4.197957448981347,-4.197957448981347,2.849501227180572,-4.197957448981347,-4.197957448981347,4.856934359301052,3.840570989885504,2.0313515495456365,3.3703547657218973,2.862757749720137,0.9736893977378589,2.6739549763960087,-4.197957448981347,-4.197957448981347,-4.197957448981347,-4.197957448981347,6.931983953566608,3.4033928014930783,-4.197957448981347,-4.197957448981347,4.457685829108548,5.26020867561582,2.6459902395714376,-4.197957448981347,0.7460021785584683,-4.197957448981347,1.2279153821729807,0.9379726359345124,-4.197957448981347,-4.197957448981347,-4.197957448981347
PAUL.case1_before,-0.4455404589932428,-0.4455404589932428,-0.4455404589932428,-0.4455404589932428,-0.4455404589932428,-0.4455404589932428,-0.4455404589932428,-0.4455404589932428,-0.4455404589932428,-0.4455404589932428,-0.4455404589932428,-0.4455404589932428,-0.4455404589932428,-0.4455404589932428,-0.4455404589932428,-0.4455404589932428,-0.4455404589932428,-0.4455404589932428,-0.4455404589932428,6.9877014573378124,-0.4455404589932428,-0.4455404589932428,-0.4455404589932428,-0.4455404589932428,-0.4455404589932428,-0.4455404589932428,-0.4455404589932428,-0.4455404589932428,-0.4455404589932428,-0.4455404589932428,-0.4455404589932428,-0.4455404589932428,-0.4455404589932428,-0.4455404589932428,-0.4455404589932428,-0.4455404589932428,-0.4455404589932428,-0.4455404589932428,-0.4455404589932428,-0.4455404589932428,-0.4455404589932428,-0.4455404589932428,-0.4455404589932428,-0.4455404589932428,-0.4455404589932428,-0.4455404589932428,-0.4455404589932428,-0.4455404589932428,-0.4455404589932428,-0.4455404589932428,-0.4455404589932428,-0.4455404589932428,-0.4455404589932428,-0.4455404589932428,-0.4455404589932428,-0.4455404589932428,-0.4455404589932428,-0.4455404589932428,-0.4455404589932428,-0.4455404589932428,-0.4455404589932428,-0.4455404589932428,-0.4455404589932428,-0.4455404589932428,-0.4455404589932428,-0.4455404589932428,-0.4455404589932428,-0.4455404589932428,-0.4455404589932428,-0.4455404589932428,-0.4455404589932428,-0.4455404589932428,-0.4455404589932428,-0.4455404589932428,-0.4455404589932428,-0.4455404589932428,-0.4455404589932428,9.511292354236101,-0.4455404589932428,13.324729958399429,-0.4455404589932428,-0.4455404589932428,-0.4455404589932428,-0.4455404589932428,-0.4455404589932428,-0.4455404589932428,-0.4455404589932428,-0.4455404589932428,-0.4455404589932428,-0.4455404589932428,-0.4455404589932428,-0.4455404589932428,-0.4455404589932428,-0.4455404589932428,-0.4455404589932428,-0.4455404589932428,-0.4455404589932428,-0.4455404589932428,-0.4455404589932428,-0.4455404589932428,-0.4455404589932428,-0.4455404589932428,-0.4455404589932428,-0.4455404589932428,-0.4455404589932428,-0.4455404589932428,-0.4455404589932428,9.229050651791168,-0.4455404589932428,8.174514231515342,-0.4455404589932428
PAUL.case11_before,2.827407280577871,-3.9581442006026517,-3.9581442006026517,-3.9581442006026517,-3.9581442006026517,-3.9581442006026517,-3.9581442006026517,3.13085508515446,-3.9581442006026517,3.4876888511947293,-3.9581442006026517,-3.9581442006026517,-3.9581442006026517,7.631389263832729,-3.9581442006026517,-3.9581442006026517,7.076257733807461,-3.9581442006026517,-3.9581442006026517,-3.9581442006026517,3.2013768472171202,5.469837244262716,7.3494648708922945,4.701235095977969,6.731177906962611,7.701404810392108,6.152722355550747,2.902961521140167,-3.9581442006026517,-3.9581442006026517,-3.9581442006026517,-3.9581442006026517,5.0158712947999735,-3.9581442006026517,-3.9581442006026517,5.421910332762811,-3.9581442006026517,1.151925779226966,-3.9581442006026517,-3.9581442006026517,3.008336753108405,-3.9581442006026517,-3.9581442006026517,1.01650146956284,-3.9581442006026517,-3.9581442006026517,-3.9581442006026517,-3.9581442006026517,-3.9581442006026517,-3.9581442006026517,-3.9581442006026517,5.965682865059292,-3.9581442006026517,-3.9581442006026517,2.701793308079811,-3.9581442006026517,-3.9581442006026517,-3.9581442006026517,-1.0126943635104233,-3.9581442006026517,-3.9581442006026517,4.52821220835228,-3.9581442006026517,-3.9581442006026517,7.502303779260572,6.228564780129991,-3.9581442006026517,6.237715861801705,-3.9581442006026517,3.5001954093300656,1.197012756011965,3.248820262201165,-3.9581442006026517,-3.9581442006026517,2.728039382438914,3.2481436017082013,2.7579058737765854,-3.9581442006026517,-3.9581442006026517,-3.9581442006026517,3.8684862059303446,-3.9581442006026517,5.719588286104914,5.5903445362621325,5.411869987592402,5.65790084870176,5.815016201731371,2.484251135717791,-3.9581442006026517,-3.9581442006026517,-3.9581442006026517,-3.9581442006026517,4.97324433266081,4.106965644769309,-3.9581442006026517,-3.9581442006026517,5.766597467253932,2.846679712065777,-3.9581442006026517,5.268189078336359,5.341831347259413,-3.9581442006026517,6.972218686444231,5.637047601478064,3.9151121734030543,5.820270667088506,7.154948323611878,-3.9581442006026517,6.562829877769877,5.7652397009121,-3.9581442006026517
PAUL.case12_before,0.7542692565821696,3.9680083231829055,3.056829434636999,-2.458538274301061,-2.458538274301061,-2.458538274301061,-2.458538274301061,-2.458538274301061,-2.458538274301061,-2.458538274301061,-2.458538274301061,-2.458538274301061,-2.458538274301061,-2.458538274301061,-2.458538274301061,6.724522017929096,8.533156548960239,-2.458538274301061,-2.458538274301061,-2.458538274301061,-2.458538274301061,-2.458538274301061,-2.458538274301061,10.411216723505571,-2.458538274301061,-2.458538274301061,-2.458538274301061,-2.458538274301061,-2.458538274301061,-2.458538274301061,-2.458538274301061,0.7583277746036465,1.8284681454124687,-2.458538274301061,-2.458538274301061,-2.458538274301061,4.824893458081318,4.53479997928367,-2.458538274301061,-2.458538274301061,8.933001192062273,-2.458538274301061,5.952064462208688,-2.458538274301061,-2.458538274301061,-2.458538274301061,-2.458538274301061,7.362951203091599,-2.458538274301061,-2.458538274301061,-2.458538274301061,8.132774600366146,-2.458538274301061,-2.458538274301061,6.799379722611228,-2.458538274301061,5.209602769468175,8.788649581212573,-2.458538274301061,8.200770532148468,-2.458538274301061,6.006474926196484,9.363966743988586,-2.458538274301061,-2.458538274301061,-2.458538274301061,-2.458538274301061,-2.458538274301061,-2.458538274301061,5.663541848882875,8.294027170034084,-2.458538274301061,-2.458538274301061,-2.458538274301061,-2.458538274301061,-2.458538274301061,-2.458538274301061,-2.458538274301061,-2.458538274301061,4.9758672677361035,-2.458538274301061,-2.458538274301061,-2.458538274301061,-2.458538274301061,-2.458538274301061,-2.458538274301061,-2.458538274301061,6.499829650756023,2.7738667460036197,4.6896144301364355,-2.458538274301061,-2.458538274301061,5.564823100584425,6.625044956743136,-2.458538274301061,-2.458538274301061,-2.458538274301061,-2.458538274301061,-2.458538274301061,-2.458538274301061,-2.458538274301061,-2.458538274301061,-2.458538274301061,4.706085247968557,-2.458538274301061,5.81584387928854,7.978608213968421,5.333581978861516,2.701123508984818,-2.458538274301061,-2.458538274301061
PAUL.case13_before,-2.4998408478639487,1.5494346338669462,-3.8291219930113254,2.890490882426916,4.27008968182461,-3.8291219930113254,3.479469282374735,-3.8291219930113254,-3.8291219930113254,3.242931593027918,8.310104533291973,3.9973855046380296,2.87494477310206,-3.8291219930113254,-3.8291219930113254,-3.8291219930113254,7.388697297736037,-3.8291219930113254,-3.8291219930113254,6.864130873629872,-3.8291219930113254,-3.8291219930113254,7.34597793914991,-3.8291219930113254,7.0568329012419255,6.856407654268054,7.020509636412132,-3.8291219930113254,-3.8291219930113254,-3.8291219930113254,-3.8291219930113254,1.4891944969066646,8.00162199577382,-3.8291219930113254,3.9557797902874876,3.036270929462174,1.6018811558013812,4.976333965070421,-3.8291219930113254,-3.8291219930113254,-3.8291219930113254,1.682709697062176,2.6829855918476273,4.414562491827159,2.46449438481225,-3.8291219930113254,1.9459714095430982,7.4914337355907605,1.1198339609898191,-3.8291219930113254,-3.8291219930113254,-3.8291219930113254,-3.8291219930113254,6.357793528303847,5.941932800682947,5.249812726125167,-3.8291219930113254,2.5291099436887263,5.329806688380601,4.27581244739817,-3.8291219930113254,5.148221930806456,-3.8291219930113254,-3.8291219930113254,-3.8291219930113254,-3.8291219930113254,-3.8291219930113254,6.5349335916781905,-3.8291219930113254,5.440899926690109,5.4073650988988815,-3.8291219930113254,3.140865955261325,-3.8291219930113254,2.452302887252687,-3.8291219930113254,-3.8291219930113254,-3.8291219930113254,-3.8291219930113254,2.5959441748259726,0.5682619224218897,-3.8291219930113254,-3.8291219930113254,-3.8291219930113254,-3.8291219930113254,5.16269303655676,-3.8291219930113254,3.3536806935505883,-3.8291219930113254,-3.8291219930113254,-3.8291219930113254,-3.8291219930113254,-3.8291219930113254,-3.8291219930113254,-3.8291219930113254,-3.8291219930113254,7.198039541834593,5.967719916860508,-3.8291219930113254,-3.8291219930113254,4.698460949028083,1.077993526430177,0.9111632495710946,1.4383597098895198,-3.8291219930113254,3.1907694043930404,2.997740984067862,4.032160253113072,-0.18260984011492276,-3.8291219930113254,-1.8990433830643543
PAUL.case14_before,6.895500458617271,3.696076820247769,7.650928869999921,6.404860577116982,5.711387832062366,-2.999447883884379,5.059565018006252,-2.999447883884379,-2.999447883884379,-2.999447883884379,6.5548537919419685,-2.999447883884379,5.559052274835322,8.177743596314127,3.199997384894189,-2.999447883884379,-2.999447883884379,-2.999447883884379,-2.999447883884379,-2.999447883884379,-2.999447883884379,-2.999447883884379,-2.999447883884379,-2.999447883884379,8.113939768417145,7.55126268309491,8.705955595440615,-2.999447883884379,-2.999447883884379,-2.999447883884379,-2.999447883884379,-2.999447883884379,-2.999447883884379,-2.999447883884379,-2.999447883884379,-2.999447883884379,-2.999447883884379,5.95752945775866,-2.999447883884379,-2.999447883884379,2.7098957446734016,-2.999447883884379,-2.999447883884379,6.947968508678034,1.8371149227059362,-2.999447883884379,-2.999447883884379,8.538939913071516,2.563194708720843,-2.999447883884379,-2.999447883884379,-2.999447883884379,6.163839167000842,-2.999447883884379,5.343183660013297,-2.999447883884379,-2.999447883884379,3.0699818827273635,5.1494576347879155,7.590809023102527,-2.999447883884379,-2.999447883884379,-2.999447883884379,-2.999447883884379,-2.999447883884379,-2.999447883884379,-2.999447883884379,6.681145056219712,-2.999447883884379,5.08225701971543,-2.999447883884379,-2.999447883884379,-2.999447883884379,-2.999447883884379,5.2187472826900665,-2.999447883884379,-2.999447883884379,-2.999447883884379,-2.999447883884379,-2.999447883884379,-2.999447883884379,-2.999447883884379,-2.999447883884379,5.677833085736773,6.9631801669798925,6.591507632176187,-2.999447883884379,-2.999447883884379,-2.999447883884379,5.404606869328664,-2.999447883884379,-2.999447883884379,-2.999447883884379,4.948448547587929,-2.999447883884379,-2.999447883884379,-2.999447883884379,-2.999447883884379,-2.999447883884379,8.013681766785373,8.748725789804908,-2.999447883884379,-2.999447883884379,-2.999447883884379,-2.999447883884379,-2.999447883884379,8.788904117037573,3.9557973823272974,6.731269396823481,-2.999447883884379,-2.999447883884379
PAUL.case15_before,3.077252523533568,3.845218313089698,-2.625677378500356,-2.625677378500356,-2.625677378500356,-2.625677378500356,-2.625677378500356,-2.625677378500356,-2.625677378500356,-2.625677378500356,-2.625677378500356,2.195713120021967,-2.625677378500356,-2.625677378500356,-2.625677378500356,-2.625677378500356,1.3514353893360216,-2.625677378500356,-2.625677378500356,8.09934492704111,-2.625677378500356,-2.625677378500356,6.100950378872827,5.219239617141454,7.425942667525457,8.51931191116983,7.698210654533952,-2.625677378500356,-2.625677378500356,-2.625677378500356,-2.625677378500356,-2.625677378500356,-2.625677378500356,-2.625677378500356,2.9815657630644576,-2.625677378500356,-2.625677378500356,6.296035972806615,0.7630837322617072,-0.3079242207689017,-2.625677378500356,1.7912745776770738,8.340738932323674,7.892039278398292,-2.625677378500356,-2.625677378500356,6.439022429070595,2.6402990468335457,-2.625677378500356,-2.625677378500356,-2.625677378500356,-2.625677378500356,-2.625677378500356,-2.625677378500356,-2.625677378500356,8.520336980273637,-2.625677378500356,1.5114393736832152,-2.625677378500356,8.151636091864459,-2.625677378500356,-2.625677378500356,-2.625677378500356,-2.625677378500356,-2.625677378500356,-2.625677378500356,-2.625677378500356,-2.625677378500356,-2.625677378500356,6.985473362669628,-2.625677378500356,-2.625677378500356,6.206976363811968,-2.625677378500356,5.6283198865632285,-2.625677378500356,-2.625677378500356,3.6728756687014927,-2.625677378500356,-2.625677378500356,-2.625677378500356,-2.625677378500356,-2.625677378500356,-2.625677378500356,-2.625677378500356,5.288261961700929,5.122529256101307,-2.625677378500356,6.798529678079319,-2.625677378500356,-2.625677378500356,-2.625677378500356,-2.625677378500356,-2.625677378500356,-2.625677378500356,-2.625677378500356,-2.625677378500356,10.490598837425143,-2.625677378500356,-2.625677378500356,6.114854040916667,5.89566695762375,-2.625677378500356,-2.625677378500356,3.9439611004873854,3.9281663012008243,3.4311830398766734,7.926910226614554,-2.625677378500356,4.313651867497169,-2.625677378500356
PAUL.case3_before,0.2161878714443386,-5.786314241734496,0.7378401749945738,2.4515226817479574,2.021314972782873,4.612083819265398,-5.786314241734496,3.286329308195337,4.289524803274604,1.3291287261750986,4.692252454959011,-5.786314241734496,2.392710235986259,3.67974749977029,2.266696338761064,0.574885225810978,2.4652471362638186,-5.786314241734496,-5.786314241734496,2.6506286639906733,-5.786314241734496,2.2899074695165593,1.0133178450210991,4.15370913056066,3.180544778142383,5.328286685593714,4.371174652170655,-5.786314241734496,0.8010722439587834,-5.786314241734496,-5.786314241734496,2.4770638704995847,-5.786314241734496,-5.786314241734496,1.5979186615992749,3.9439978745349915,1.165592006304089,3.056198932196703,1.471470643151962,-1.4111818705208954,0.7279806019082873,-0.393403389322426,1.6479049899795255,0.25910824611310357,-1.8774186476482253,2.46350173802802,0.7328219276650367,-5.786314241734496,-5.786314241734496,0.9586451658927997,2.9638434065474373,-5.786314241734496,-5.786314241734496,4.02548942998616,3.9269487992690895,3.36561735574357,-5.786314241734496,-5.786314241734496,-0.10020224380708598,1.8191740234008957,3.4033146494806337,4.1083260843859755,1.9749886591068329,4.508739789110802,2.779112314799841,6.067583182838427,0.043155967202221035,3.833015871989251,-5.786314241734496,1.880220651373178,4.154688628052365,-5.786314241734496,3.140705187297754,-5.786314241734496,-1.023230237599126,0.95526777832647,2.732022973755769,-5.786314241734496,1.584957302556285,-5.786314241734496,0.6554475377271487,0.09626587253657348,0.6236380255855138,0.41000671426428337,-5.786314241734496,-5.786314241734496,2.792542848178922,-5.786314241734496,-5.786314241734496,5.817653003342965,4.440796907822241,2.1620991358560575,3.8528486525794214,4.236387102681695,-5.786314241734496,3.81426051850036,5.767640463888551,3.356127361280132,-5.786314241734496,1.4650083230179582,2.911823231702006,-5.786314241734496,-0.5459697319191683,-5.786314241734496,-5.786314241734496,1.7535045948495434,3.995688424490913,4.807387230680305,0.012614013572829208,-5.786314241734496,0.968232462280862
PAUL.case4_before,1.1007323833316054,1.3001519009591833,-4.5821353566162735,-4.5821353566162735,-4.5821353566162735,-4.5821353566162735,-4.5821353566162735,-4.5821353566162735,-4.5821353566162735,2.468676300398249,2.6476047477693214,-4.5821353566162735,-4.5821353566162735,-4.5821353566162735,-1.4339861566982641,1.261777797948752,-4.5821353566162735,0.5088203376592286,-4.5821353566162735,3.4661057078741626,-4.5821353566162735,-4.5821353566162735,2.309258938569875,-4.5821353566162735,2.7346126192208295,3.425182020771933,5.528422775896553,2.0939191289914065,4.686254073545869,-4.5821353566162735,-4.5821353566162735,5.146015143114239,-4.5821353566162735,-4.5821353566162735,-4.5821353566162735,3.852957947569923,-4.5821353566162735,2.6571163678007554,-0.6456626367969509,-4.5821353566162735,-4.5821353566162735,-4.5821353566162735,-4.5821353566162735,-4.5821353566162735,-4.5821353566162735,2.216520619706573,-4.5821353566162735,6.2019036838265515,-0.3925588878558077,4.692250484543956,4.292770707141164,4.814476612737499,-4.5821353566162735,5.24989722720282,5.255362439818125,-4.5821353566162735,-4.5821353566162735,-4.5821353566162735,-4.5821353566162735,3.990056066878185,5.561580108524847,3.4716108498768437,3.386975819448831,6.018470803303073,5.724078014801162,4.640717193152885,3.7335177289686943,6.815015876053245,0.32483030159630033,-4.5821353566162735,2.1012157400418126,2.6990495219948674,-4.5821353566162735,4.861453578827296,-4.5821353566162735,2.204897434514942,-4.5821353566162735,2.2876429964245135,5.558872531831749,-4.5821353566162735,1.0741994483673842,-4.5821353566162735,4.39441732849803,5.293797752388944,3.3999813286543636,4.4604195593141105,2.9290562618113913,-4.5821353566162735,-4.5821353566162735,8.16865733251878,2.910597990411164,4.6639493306366075,-4.5821353566162735,6.0746826498494455,-4.5821353566162735,2.795897322239207,3.877402481843994,-4.5821353566162735,-4.5821353566162735,5.462317604823157,-4.5821353566162735,-4.5821353566162735,5.86757732526222,3.811586705803953,2.1427812065027956,4.923505987273615,5.524400770833328,-4.5821353566162735,3.2901510512612875,4.640686184617191,-4.5821353566162735
PAUL.case5_before,0.9739210158784477,-0.022725190042852006,-1.5451746265124573,2.3235115487313456,3.0078783747524085,-0.18000397278647107,0.7517025094470853,-4.809796894322794,2.523020297411886,-4.809796894322794,5.446907131637104,-4.809796894322794,3.18681774148295,2.1947114626964925,0.5577570581282227,1.5534348657051869,-4.809796894322794,-4.809796894322794,-4.809796894322794,5.505907544628645,1.9300371370486573,-4.809796894322794,-1.3172745029275852,-4.809796894322794,1.0496817326373904,4.525541086226152,4.606608571406416,2.3519392200539126,3.459598223608448,-4.809796894322794,-4.809796894322794,4.266209945763035,5.858423320327677,6.011657160256484,-0.8792568675596772,4.230667390449848,-4.809796894322794,2.394781388123813,-4.809796894322794,-4.809796894322794,-4.809796894322794,-4.809796894322794,-4.809796894322794,-4.809796894322794,-1.2928721057308827,-4.809796894322794,-4.809796894322794,6.223784471915833,0.318124530564015,-4.809796894322794,1.093304172834185,4.8430176011859025,-4.809796894322794,3.825129224020257,4.5161824280374825,3.2940695730791294,-4.809796894322794,0.7320079395475982,-4.809796894322794,6.769977100494733,3.411982674064948,4.27595982585427,-4.809796894322794,-4.809796894322794,0.12926517709745333,5.424340284795367,2.728818617953963,5.8817597905854795,-4.809796894322794,0.05537259564879626,4.238431641556235,4.624907874872049,1.650082487356367,-4.809796894322794,-4.809796894322794,5.917872924573311,-4.809796894322794,3.8635029971664716,-4.809796894322794,3.4610535308834436,7.279510137739426,-1.3297027002109552,0.6721749388765392,2.760918553355488,2.8608782091546248,5.1226179643791365,-4.809796894322794,-4.809796894322794,-4.809796894322794,-4.809796894322794,5.9674242176617565,0.7143499377180085,5.0921651382985225,-0.9199250346797552,-4.809796894322794,3.0139069423682114,6.070475907126111,-4.809796894322794,-4.809796894322794,2.3357482011634607,0.7914653347477092,-4.809796894322794,0.8525340813756941,1.850353043987666,-4.809796894322794,5.7439946032078435,5.833410946572425,-4.809796894322794,-4.809796894322794,4.429657379336717,-2.6926400598734936
PAUL.case6_before,3.2942646807164575,1.8241834438920694,-2.4285722031824655,-2.4285722031824655,-2.4285722031824655,-2.4285722031824655,-2.4285722031824655,-2.4285722031824655,6.27922542328482,2.073471709449832,-2.4285722031824655,2.325866422198846,-2.4285722031824655,4.28189808423819,-2.4285722031824655,-2.4285722031824655,-2.4285722031824655,6.954120152443258,-2.4285722031824655,-2.4285722031824655,-2.4285722031824655,-2.4285722031824655,5.34085398249196,4.175032863660564,4.579015798467937,-2.4285722031824655,6.9918569893245275,-2.4285722031824655,-2.4285722031824655,-2.4285722031824655,-2.4285722031824655,-2.4285722031824655,-2.4285722031824655,-2.4285722031824655,-2.4285722031824655,-2.4285722031824655,5.588341630835009,-2.4285722031824655,-2.4285722031824655,-2.4285722031824655,8.06717365014618,4.45450115797214,2.65913492816205,9.33905958497941,3.340243790159869,-2.4285722031824655,5.08819774200088,-2.4285722031824655,-2.4285722031824655,-2.4285722031824655,2.467197633836566,-2.4285722031824655,-2.4285722031824655,-2.4285722031824655,-2.4285722031824655,8.617793824906357,3.0662413326050686,10.686353602781125,-2.4285722031824655,-2.4285722031824655,-2.4285722031824655,-2.4285722031824655,-2.4285722031824655,-2.4285722031824655,-2.4285722031824655,-2.4285722031824655,-2.4285722031824655,-2.4285722031824655,-2.4285722031824655,6.891608155368875,-2.4285722031824655,-2.4285722031824655,6.377539137616303,-2.4285722031824655,7.377007135110892,-2.4285722031824655,-2.4285722031824655,-2.4285722031824655,-2.4285722031824655,-2.4285722031824655,1.1247757707499648,2.433461185390584,1.544620964644114,-2.4285722031824655,-2.4285722031824655,-2.4285722031824655,6.092830371431636,-2.4285722031824655,-2.4285722031824655,-2.4285722031824655,-2.4285722031824655,-2.4285722031824655,3.9058854486763037,-2.4285722031824655,-2.4285722031824655,-2.4285722031824655,-2.4285722031824655,9.365532762847085,-2.4285722031824655,-2.4285722031824655,3.6351701033625465,8.293575475431231,-2.4285722031824655,-2.4285722031824655,3.9366742481158274,-2.4285722031824655,-2.4285722031824655,7.0051685311173895,-2.4285722031824655,-2.4285722031824655,2.665037520267191
PAUL.case7_before,-2.2173253728656235,-2.2173253728656235,-2.2173253728656235,-2.2173253728656235,-2.2173253728656235,-2.2173253728656235,8.20152300440599,-2.2173253728656235,-2.2173253728656235,-2.2173253728656235,-2.2173253728656235,-2.2173253728656235,-2.2173253728656235,8.054382852133568,5.961825116096338,-2.2173253728656235,6.620994894479466,-2.2173253728656235,-2.2173253728656235,-2.2173253728656235,-2.2173253728656235,-2.2173253728656235,7.441992761190841,5.30516776943447,6.338210032251192,8.335264622321644,7.581600549537105,0.3634376228799745,6.704178245862736,-2.2173253728656235,-2.2173253728656235,-2.2173253728656235,-2.2173253728656235,-2.2173253728656235,-2.2173253728656235,-2.2173253728656235,-2.2173253728656235,-2.2173253728656235,-2.2173253728656235,-2.2173253728656235,7.225853042880295,-2.2173253728656235,-2.2173253728656235,6.683649705380939,7.190876579871505,-2.2173253728656235,-2.2173253728656235,-2.2173253728656235,-2.2173253728656235,-2.2173253728656235,-2.2173253728656235,-2.2173253728656235,-2.2173253728656235,-2.2173253728656235,-2.2173253728656235,8.479777000768783,5.435296355328975,11.178221545789672,4.832649698792965,6.752540921383579,-2.2173253728656235,-2.2173253728656235,-2.2173253728656235,-2.2173253728656235,-2.2173253728656235,-2.2173253728656235,-2.2173253728656235,-2.2173253728656235,-2.2173253728656235,-2.2173253728656235,-2.2173253728656235,-2.2173253728656235,6.2699603235283,-2.2173253728656235,7.209351692819028,-2.2173253728656235,-2.2173253728656235,4.2553904894358165,-2.2173253728656235,-2.2173253728656235,-2.2173253728656235,-2.2173253728656235,-2.2173253728656235,-2.2173253728656235,-2.2173253728656235,8.529445389721854,6.73146178034991,-2.2173253728656235,2.955799419840991,-2.2173253728656235,-2.2173253728656235,-2.2173253728656235,-2.2173253728656235,-2.2173253728656235,-2.2173253728656235,-2.2173253728656235,-2.2173253728656235,6.166458430813325,-2.2173253728656235,-2.2173253728656235,-2.2173253728656235,7.501541352889134,-2.2173253728656235,-2.2173253728656235,-2.2173253728656235,-2.2173253728656235,-2.2173253728656235,5.731154747655891,-2.2173253728656235,-2.2173253728656235,-2.2173253728656235
PAUL.case8_before,-3.456138142482285,-3.456138142482285,-3.456138142482285,4.104316542289979,4.41060584395725,7.162932131064624,5.409464335274945,4.068965261831972,6.6644823554007,4.3792497992049615,-3.456138142482285,-3.456138142482285,2.8962913115278015,-0.4426963447579588,-3.456138142482285,-3.456138142482285,7.435388480956238,-3.456138142482285,-3.456138142482285,7.317401573130705,-3.456138142482285,-3.456138142482285,6.835627824154314,-3.456138142482285,7.77789252385951,4.606824877050232,1.3043112739768166,-3.456138142482285,6.942830633090788,-3.456138142482285,-3.456138142482285,5.370711735846934,5.903314493605578,1.4474543554801045,2.768841500059505,-0.5564696352242127,-3.456138142482285,-3.456138142482285,-3.456138142482285,6.089376672956454,-3.456138142482285,-3.456138142482285,-3.456138142482285,7.180122818622138,-3.456138142482285,3.7679925609058724,1.7479466926443337,1.8755512160716368,-3.456138142482285,-3.456138142482285,0.5003594565034781,-3.456138142482285,-3.456138142482285,-3.456138142482285,-3.456138142482285,1.615470913561822,7.903610785812209,-3.456138142482285,4.503247951682088,6.784714841301703,3.8967927036254926,-3.456138142482285,-3.456138142482285,-3.456138142482285,-3.456138142482285,-3.456138142482285,-3.456138142482285,4.699416966293139,-0.005074736007378178,-3.456138142482285,-3.456138142482285,-3.456138142482285,2.5989711349135165,-3.456138142482285,0.15028680975595954,2.0147306725237453,3.863770747557104,8.158519147036742,-3.456138142482285,-3.456138142482285,5.5829183735766055,2.6277448938918395,3.936664338230938,-3.456138142482285,-3.456138142482285,4.595766845972945,1.4448862542154615,-3.456138142482285,3.479545456038389,-3.456138142482285,-3.456138142482285,-3.456138142482285,-3.456138142482285,-3.456138142482285,-3.456138142482285,2.7991660554876736,-3.456138142482285,0.35341214050821357,-3.456138142482285,2.8880254335287283,8.48617921975059,-3.456138142482285,-3.456138142482285,-3.456138142482285,-0.6993959660566986,-3.456138142482285,-3.456138142482285,-3.456138142482285,-3.456138142482285,8.719827276249914,-3.456138142482285
PAUL.case1_after,-0.7866944331108101,-0.7866944331108101,-0.7866944331108101,-0.7866944331108101,-0.7866944331108101,-0.7866944331108101,-0.7866944331108101,-0.7866944331108101,-0.7866944331108101,-0.7866944331108101,-0.7866944331108101,-0.7866944331108101,-0.7866944331108101,-0.7866944331108101,-0.7866944331108101,-0.7866944331108101,-0.7866944331108101,-0.7866944331108101,-0.7866944331108101,-0.7866944331108101,-0.7866944331108101,-0.7866944331108101,-0.7866944331108101,-0.7866944331108101,-0.7866944331108101,-0.7866944331108101,11.784673314358734,11.75807978114071,-0.7866944331108101,-0.7866944331108101,-0.7866944331108101,-0.7866944331108101,-0.7866944331108101,-0.7866944331108101,-0.7866944331108101,-0.7866944331108101,-0.7866944331108101,-0.7866944331108101,-0.7866944331108101,-0.7866944331108101,-0.7866944331108101,-0.7866944331108101,-0.7866944331108101,10.228297090884432,-0.7866944331108101,-0.7866944331108101,-0.7866944331108101,-0.7866944331108101,-0.7866944331108101,-0.7866944331108101,-0.7866944331108101,-0.7866944331108101,-0.7866944331108101,-0.7866944331108101,-0.7866944331108101,-0.7866944331108101,8.02117254090009,10.156935192567476,7.214759167025542,-0.7866944331108101,-0.7866944331108101,-0.7866944331108101,-0.7866944331108101,-0.7866944331108101,-0.7866944331108101,-0.7866944331108101,-0.7866944331108101,-0.7866944331108101,-0.7866944331108101,-0.7866944331108101,-0.7866944331108101,-0.7866944331108101,-0.7866944331108101,-0.7866944331108101,-0.7866944331108101,-0.7866944331108101,-0.7866944331108101,10.257334831789606,-0.7866944331108101,-0.7866944331108101,-0.7866944331108101,-0.7866944331108101,-0.7866944331108101,-0.7866944331108101,-0.7866944331108101,-0.7866944331108101,11.6082746917432,-0.7866944331108101,-0.7866944331108101,-0.7866944331108101,-0.7866944331108101,-0.7866944331108101,-0.7866944331108101,-0.7866944331108101,-0.7866944331108101,-0.7866944331108101,-0.7866944331108101,-0.7866944331108101,-0.7866944331108101,-0.7866944331108101,-0.7866944331108101,-0.7866944331108101,-0.7866944331108101,-0.7866944331108101,-0.7866944331108101,-0.7866944331108101,-0.7866944331108101,-0.7866944331108101,-0.7866944331108101,-0.7866944331108101,-0.7866944331108101
PAUL.case11_after,-4.248997560094768,-4.248997560094768,-4.248997560094768,-4.248997560094768,-4.248997560094768,-4.248997560094768,4.064797025587023,5.186780210302267,5.949254427742213,4.43393725329979,7.011556677827068,-4.248997560094768,-4.248997560094768,5.713298203476825,1.4058571794846983,-4.248997560094768,6.471264184764219,3.103060145315127,-4.248997560094768,-4.248997560094768,-4.248997560094768,-4.248997560094768,4.224573581064971,5.395883715950776,3.8432506147204615,6.553573455857512,6.129149909155963,-4.248997560094768,5.6518018687546405,6.362847262856874,-4.248997560094768,-4.248997560094768,6.562279339815925,-4.248997560094768,2.2023623428149257,5.202591852500901,-4.248997560094768,0.9248476817242448,-4.248997560094768,-4.248997560094768,-4.248997560094768,-4.248997560094768,-4.248997560094768,3.4785123288247997,2.609938627515633,2.401696211326282,-4.248997560094768,7.503913971550747,2.6108412936403633,-4.248997560094768,-4.248997560094768,4.763428121000396,-4.248997560094768,2.6124940682699958,6.933448626837011,4.312278535090104,-4.248997560094768,-4.248997560094768,-4.248997560094768,3.070359102568954,-4.248997560094768,5.866503344278296,2.9989140428139036,-4.248997560094768,6.342351496291538,4.749387981648663,-4.248997560094768,5.555956146588188,0.5262488422516558,4.007423598761825,6.23662825238239,-4.248997560094768,1.9851388429832655,3.094660206836955,4.150472465182148,4.130932946128453,1.3543783843254023,-4.248997560094768,-4.248997560094768,-4.248997560094768,-4.248997560094768,1.7328983505071474,4.602604445020729,4.056258100632708,6.267360234701963,6.43954173741904,6.374967688882095,-4.248997560094768,-4.248997560094768,1.907412283183798,4.4702858331388935,2.3912619362066474,-4.248997560094768,-4.248997560094768,-4.248997560094768,-4.248997560094768,-4.248997560094768,-4.248997560094768,-4.248997560094768,3.764646466612745,6.898670223386735,-4.248997560094768,-4.248997560094768,-4.248997560094768,-4.248997560094768,-4.248997560094768,-4.248997560094768,-4.248997560094768,-4.248997560094768,-4.248997560094768,1.3490816954997857
PAUL.case12_after,0.4176483878172679,2.2584691213165797,-0.46214818849428063,-4.624756362399834,-4.624756362399834,-4.624756362399834,-4.624756362399834,-4.624756362399834,2.321264814033066,-4.624756362399834,3.4151920648844865,-4.624756362399834,-4.624756362399834,-2.5695660903174993,-4.624756362399834,-4.624756362399834,1.160832577261889,-4.624756362399834,1.854454641864649,-4.624756362399834,-4.624756362399834,-4.624756362399834,3.157601711535597,3.875245198455036,-4.624756362399834,3.8886875280346302,3.81303697441202,1.3044353002495912,4.095455991530863,6.083830268866259,-4.624756362399834,3.4445923258795625,5.013814011696696,0.96267329550159,2.155232928242855,5.230438888945121,-1.247826805992771,5.897485770104902,-4.624756362399834,-4.624756362399834,1.0409177745240044,-1.6297869774610056,0.6670560843291113,-1.3663715696875034,2.0711607433281056,-4.624756362399834,-4.624756362399834,7.625145995877009,2.811200548128874,-4.624756362399834,3.873832284529928,6.616154403375535,-4.624756362399834,5.915610010554065,6.9125849532749415,-4.624756362399834,-4.624756362399834,-4.624756362399834,-4.624756362399834,2.5539488902798144,-4.624756362399834,5.647899249285723,4.25615438454389,3.81334877341855,-4.624756362399834,6.0352347949935155,1.7673635589868377,6.070783818886829,-4.624756362399834,2.83137756504404,5.1528222756716655,5.253623469441994,-4.624756362399834,3.8094300547591153,-4.624756362399834,-4.624756362399834,-4.624756362399834,-4.624756362399834,-4.624756362399834,4.818922079652171,0.10329918130852533,-4.624756362399834,-4.624756362399834,2.530305783996658,-4.624756362399834,2.2517374805494237,4.093359089879132,1.4521637524095174,-4.624756362399834,5.410992469322134,2.938132034501903,1.6822766487441596,6.423713528672092,3.96153562182709,-4.624756362399834,4.784859501093521,-4.624756362399834,3.516409757479315,2.548140531840761,4.709775389735297,3.348669884315461,-4.624756362399834,4.493493449203048,1.235582699103169,-4.624756362399834,1.7924805102493364,6.744962156825134,-4.624756362399834,0.33482820379530587,-4.624756362399834,1.13805475157619
PAUL.case13_after,1.0372799405593032,2.7922871968103724,-4.523831910935096,-4.523831910935096,3.1573540802520057,-4.523831910935096,2.4168663587898918,2.221124087850887,3.2800708691911273,0.2013797457005868,3.4145710870232326,0.5811462130577301,-4.523831910935096,-4.523831910935096,-4.523831910935096,-4.523831910935096,4.028165330545444,-0.008188043461355932,1.8465423312269227,4.629660321632136,-4.523831910935096,-4.523831910935096,1.6460429891744122,-4.523831910935096,3.578313826491118,5.3659738236552865,5.082909930155651,-4.523831910935096,0.7063014885853693,4.495607207808145,-4.523831910935096,0.8622906783077529,7.346993825499659,-4.523831910935096,1.7365130129652053,5.028207618906063,-4.523831910935096,6.334794393431606,-4.523831910935096,-4.523831910935096,1.267906695776846,0.5042705127590246,1.029646640449597,1.1011026593233666,3.8550012812271044,-4.523831910935096,-4.523831910935096,7.6737462057705015,2.823001080771596,-4.523831910935096,-4.523831910935096,2.4672496247081224,-4.523831910935096,5.603731474458655,4.637746266188376,1.0827028785302968,-4.523831910935096,-4.523831910935096,-4.523831910935096,6.4258097187361445,-4.523831910935096,6.133315406209712,4.943898520872185,4.470053416857999,-4.523831910935096,5.159550251521811,-4.523831910935096,6.29647215172742,-4.523831910935096,2.681474830510494,5.709146397396879,3.289178440800419,-4.523831910935096,4.9858299847041625,-1.6195491300438842,-4.523831910935096,-4.523831910935096,-4.523831910935096,-4.523831910935096,4.21555716860547,2.173316877272243,-4.523831910935096,1.6617766216120806,-4.523831910935096,-4.523831910935096,4.245582426537779,0.31893532310303563,3.286731123651503,-4.523831910935096,0.8190985314381258,-3.2632751748054396,-4.523831910935096,-4.523831910935096,-4.523831910935096,-4.523831910935096,-4.523831910935096,-4.523831910935096,4.060083088882757,5.3746751922228535,-4.523831910935096,1.4684492841453434,-4.523831910935096,2.878524599019994,1.4549079298999352,0.7500343570614589,5.081770843922457,2.951329329626982,7.572000504142659,2.908428606252624,2.9714982667211807,0.3395174693508256
PAUL.case14_after,1.7612694625619891,-3.9759628996952916,1.9478694148727191,3.9936419934016616,6.407689095541347,-3.9759628996952916,0.8331253780271854,-3.9759628996952916,0.08422173151174128,-3.9759628996952916,4.958125243382604,-3.9759628996952916,3.4871652882219255,5.995425927640309,-0.3823234872177075,-3.9759628996952916,0.23645315810255418,2.770458641352363,3.639314260114496,-3.9759628996952916,-3.9759628996952916,-3.9759628996952916,-0.3945928302693442,-3.9759628996952916,5.288064473260843,4.593403338554031,4.458653603849892,-3.9759628996952916,-3.9759628996952916,-3.9759628996952916,-3.9759628996952916,-3.9759628996952916,3.6428052324307565,-1.354955652673926,2.1116322287773253,1.8283061849330071,-3.9759628996952916,4.1498224760079845,-3.9759628996952916,-3.9759628996952916,-3.9759628996952916,-3.9759628996952916,2.521450037468121,4.221718949064531,-3.9759628996952916,-3.9759628996952916,-3.9759628996952916,5.850680687485442,0.3016051906597763,-3.9759628996952916,4.724485086068695,6.210401444448266,4.3684430272262675,4.758601973585907,3.560441203247846,-3.9759628996952916,-3.9759628996952916,-3.9759628996952916,8.519077458684235,-3.9759628996952916,-3.9759628996952916,4.373438039991614,-0.12326178357199247,-3.9759628996952916,5.3315701431138836,7.532742458191097,-3.9759628996952916,7.170614622571724,-3.9759628996952916,4.774619300773867,-3.9759628996952916,4.223914003641985,-3.9759628996952916,5.382615926934169,-0.26454719744820565,-3.9759628996952916,-3.9759628996952916,-3.9759628996952916,-3.9759628996952916,-3.9759628996952916,-3.9759628996952916,1.4637729451255126,3.5271368907440337,3.499620780828532,4.3047317555053946,4.150904141172648,3.208393214416666,-3.9759628996952916,-3.9759628996952916,7.919269094194863,-3.9759628996952916,3.163513413778354,-3.9759628996952916,6.011537987897775,-3.9759628996952916,-3.9759628996952916,7.101698397381362,-3.9759628996952916,-3.9759628996952916,7.63930744348673,1.8313096713175447,-3.9759628996952916,-3.9759628996952916,-3.9759628996952916,4.060231900340053,-0.03547033865826954,3.4747459651182346,1.261820285084534,0.04523195153920945,0.6281295503606152,-3.9759628996952916
PAUL.case15_after,-4.370762974576543,-0.929392601842757,-4.370762974576543,-4.370762974576543,3.3261076916597583,-4.370762974576543,0.8289980758388698,-0.6856313022089058,4.229110297089511,1.1831264848184802,4.937946556196333,-4.370762974576543,-4.370762974576543,5.030370092780499,-4.370762974576543,-4.370762974576543,2.006173700394739,2.0772659809344516,2.0577825776513423,3.247889432153321,2.5786031839795927,-4.370762974576543,3.0111271972203912,1.359741963009803,-0.8279780446085674,5.180073166265479,3.1380126099205983,-4.370762974576543,4.167999707625638,6.288945684632505,-4.370762974576543,-4.370762974576543,4.045618524821162,2.863533310584815,-4.370762974576543,3.5412759970700183,-4.370762974576543,1.914758831042099,-4.370762974576543,-4.370762974576543,-1.4239120855368075,-4.370762974576543,-4.370762974576543,-4.370762974576543,-4.370762974576543,-4.370762974576543,-4.370762974576543,6.594865704185819,0.48493703496807683,-4.370762974576543,3.0382985628356796,4.551931416764712,-4.370762974576543,3.934360582430334,5.019118747966278,-4.370762974576543,-4.370762974576543,-4.370762974576543,-4.370762974576543,4.257569376535144,-4.370762974576543,4.509353612059285,3.2073889719624127,5.123589718329824,3.69291713807253,6.655791850235527,5.164505949657212,7.134193044481901,-4.370762974576543,-0.7119332239723359,4.277789897583479,3.609739059505599,-4.370762974576543,3.7338206062129142,-4.370762974576543,2.8273981248943993,-4.370762974576543,-4.370762974576543,-4.370762974576543,-4.370762974576543,-4.370762974576543,-1.1742083491062125,3.2270086311137556,3.1622306369320903,4.496915040339305,3.6428412206461704,5.658600735601558,-4.370762974576543,-0.9517232616860873,8.288619129823365,7.2408573462579415,4.437664460579476,-4.370762974576543,5.498310476215207,-4.370762974576543,6.973153057397515,-4.370762974576543,-4.370762974576543,4.1989235900977,3.7708767799738716,1.5973511973683543,-4.370762974576543,-4.370762974576543,-4.370762974576543,-4.370762974576543,2.2400206059531174,4.084224211094684,-4.370762974576543,-0.5738593242541086,-0.5041273306641152,-0.1410022547875318
PAUL.case2_after,3.8031063059125563,5.077291262439088,3.5620850427696196,-3.067943851726513,-3.067943851726513,-3.067943851726513,1.9806804069354236,-3.067943851726513,-3.067943851726513,-3.067943851726513,-3.067943851726513,-3.067943851726513,-3.067943851726513,-3.067943851726513,-3.067943851726513,-3.067943851726513,6.871673801738663,-3.067943851726513,-3.067943851726513,-3.067943851726513,-3.067943851726513,-3.067943851726513,7.870104361621708,-3.067943851726513,-3.067943851726513,8.990100381131967,-3.067943851726513,-3.067943851726513,-3.067943851726513,-3.067943851726513,-3.067943851726513,-3.067943851726513,4.061758747595841,-3.067943851726513,-3.067943851726513,8.917442827147733,3.4152711657213084,-3.067943851726513,-3.067943851726513,-3.067943851726513,7.131134520653021,2.2140938532315495,3.9967028951708716,3.7647169306811783,-3.067943851726513,-3.067943851726513,4.4456578761192365,3.458918486226387,-3.067943851726513,-3.067943851726513,-3.067943851726513,-3.067943851726513,4.479174902005,-3.067943851726513,-3.067943851726513,-3.067943851726513,7.4758331111387895,8.144071289541188,-3.067943851726513,8.948013502716654,-3.067943851726513,-3.067943851726513,7.486771746505502,-3.067943851726513,-0.9901401282824445,-3.067943851726513,-3.067943851726513,-3.067943851726513,0.725935711537236,-3.067943851726513,6.470794209908002,-0.7080455930455525,-3.067943851726513,-3.067943851726513,6.140197191684686,-3.067943851726513,-3.067943851726513,-3.067943851726513,-3.067943851726513,6.880527299654693,4.443787430019897,-3.067943851726513,-3.067943851726513,-3.067943851726513,-3.067943851726513,-3.067943851726513,8.323119521182551,4.409739447310475,-3.067943851726513,5.859107983952911,2.3426260520936637,5.606136182765202,4.380333193118994,-3.067943851726513,-3.067943851726513,-3.067943851726513,2.97640122278425,6.430771077760179,-3.067943851726513,-3.067943851726513,3.8117382728899303,8.000836825490074,3.1071553411411967,-3.067943851726513,1.351642520596016,2.2722458647958828,4.22201524609773,1.3333330683553708,2.0673767068603315,-3.067943851726513,-3.067943851726513
PAUL.case3_after,-0.7116568390602156,-1.6893325779984893,0.6953113048186284,1.2011407712799382,4.364089718432293,3.6980377739695376,3.815507024543095,1.4330317225290505,3.359053200206275,0.12745592112384418,4.32580121096391,0.002567078573835424,-0.08673123324933485,0.4611437292935152,0.13576887549112993,-5.935799957272365,3.7929051738246944,-5.935799957272365,-5.935799957272365,1.6567204077517728,-5.935799957272365,-0.18516069040343996,-1.4182042012905738,3.4064397618159417,1.6123976483229923,5.021205510400493,0.6099722597834791,0.32542329005348947,0.21555187687389754,-5.935799957272365,4.366853620794073,-0.8104854545056552,2.8042538541657374,4.251488384154653,0.46537805439318536,1.7944686757534294,-0.7079246580805068,3.19158550654046,-0.06560583216199323,-0.5958589747458172,-1.158264605201123,-0.9505596671273233,-1.7455519430548874,-0.9178627942535007,1.6673997799635254,3.3729307765473564,-0.010329824350769456,4.410190357329954,-0.6839992052276509,-0.0035535640431056947,3.158282391694769,-5.935799957272365,-5.935799957272365,4.897508249176331,4.830574506189418,0.8863030816623629,-5.935799957272365,-5.935799957272365,-5.935799957272365,-5.935799957272365,3.9149597547427963,4.528844671066551,3.3244618412229796,-5.935799957272365,4.2283903119610535,-5.935799957272365,3.0179937780498394,5.104489916063695,-5.935799957272365,1.5153698294454117,4.882459495614379,2.4025844234430167,2.964775144907546,-5.935799957272365,-5.935799957272365,-2.5330124370469624,0.3844008618686878,-5.935799957272365,-5.935799957272365,-0.0715023828754422,2.1871307224855414,0.8248163573514677,1.154036187935894,2.6443810332738753,2.2222792905244653,3.1454873063724076,2.171770096824753,-5.935799957272365,3.589441258266481,4.443109722107913,4.307234808642152,-0.3260473952201304,3.8900082743635958,0.7651519131229136,-5.935799957272365,2.253250165406352,6.228655239476382,-0.010638929896507499,-5.935799957272365,-5.935799957272365,0.2172763801188422,0.882133851067131,0.6710597946976904,1.3356076071332126,-5.935799957272365,3.306869331477893,2.7175095601035064,3.430401671319455,-5.935799957272365,-5.935799957272365,-5.935799957272365
PAUL.case4_after,-0.2149418378885013,0.8908388797643738,-5.07204451523509,-5.07204451523509,1.8746109433337468,-5.07204451523509,-5.07204451523509,-5.07204451523509,-5.07204451523509,1.7297920418535133,2.185428034194471,1.9492272084271782,-5.07204451523509,4.940838756747809,0.08764918026725788,0.3037540642622307,0.6666430318367844,-1.4953825887306813,-5.07204451523509,3.0736206408353217,-5.07204451523509,3.234205117897848,2.370202706135945,-5.07204451523509,2.8339347778263644,3.161145070483763,4.657806623039737,-0.16621698572850363,3.2557744408088007,-5.07204451523509,-5.07204451523509,2.105705246812822,-5.07204451523509,-5.07204451523509,1.7263068045927916,4.839123346730282,-5.07204451523509,4.24291183478133,0.3136133004271642,-5.07204451523509,-5.07204451523509,-5.07204451523509,-5.07204451523509,2.0314722183416682,-5.07204451523509,1.2318320709336055,-5.07204451523509,6.527835607437953,1.7874277486640535,4.178246783940713,4.638806861052489,4.007465412596345,4.951361801676356,4.988671571779493,4.737877914555776,-5.07204451523509,-5.07204451523509,-5.07204451523509,-5.07204451523509,4.64915759677982,6.0414173310981445,4.609658983047761,2.251032163061546,3.9964032842383794,4.9112609241817236,5.568642685884926,3.9328274175058953,6.703422859670397,2.7777545043790655,-5.07204451523509,1.1622810400368166,3.219617727054687,-5.07204451523509,4.4406704383768085,-5.07204451523509,3.4724712926799777,-5.07204451523509,-5.07204451523509,4.775269488313411,-5.07204451523509,-5.07204451523509,-5.07204451523509,4.424397159821905,4.546846135359338,3.8080770356590214,4.529265026254509,1.9583021175245223,-5.07204451523509,-1.2918440950936567,6.935597168835837,5.252751900454525,3.945770222037833,-5.07204451523509,4.148906390779964,-5.07204451523509,3.0065571984894293,4.875720358500658,-5.07204451523509,-5.07204451523509,4.684869239834214,0.3166274588933753,-5.07204451523509,3.9260075584409524,0.6424946732019414,-5.07204451523509,1.1859011350232445,2.10771502726739,-5.07204451523509,-5.07204451523509,4.695237721554165,-0.8328061589654965
PAUL.case5_after,1.5810395397476267,1.0892387641060441,-0.0018032938864998016,2.328344294287626,3.2899152964925698,-0.5314285228277527,0.6531966414886607,-4.664232063672893,2.7304065141513005,-4.664232063672893,5.333864752235867,-4.664232063672893,3.032336641864547,1.8034878331788633,0.2321024636940887,1.4047688272284464,-4.664232063672893,-4.664232063672893,-4.664232063672893,5.263342288047982,1.7659135892486724,-4.664232063672893,-4.664232063672893,-4.664232063672893,0.7720521030126477,4.437556836631569,4.692238125070306,1.7630377769955654,3.2188452525585873,-4.664232063672893,-4.664232063672893,4.665585616164251,6.044652672728498,6.149111467481649,-4.664232063672893,4.405912067930299,-4.664232063672893,2.9349384371661973,-4.664232063672893,-4.664232063672893,-4.664232063672893,-4.664232063672893,-4.664232063672893,-4.664232063672893,-4.664232063672893,-4.664232063672893,-4.664232063672893,6.2647311636274505,1.3834821017937724,-4.664232063672893,1.4499757257211812,4.966197196004113,-4.664232063672893,3.773328955475111,4.750818613152402,3.3207816217200037,-4.664232063672893,0.3518471338249807,-4.664232063672893,6.917547426927097,3.892701176222465,4.3324905459654515,-4.664232063672893,-4.664232063672893,0.5628305452204128,5.532470072543085,2.390208213286318,6.1681742405075255,-4.664232063672893,-0.82435862930501,4.624975849225447,4.793626792857276,1.623134359962167,-4.664232063672893,-4.664232063672893,6.28876702724691,-4.664232063672893,4.033348963872482,-4.664232063672893,3.330706560772227,7.4539478086405,-0.37594234680463146,0.03849130368424092,2.7949294310195256,3.290401726739546,4.818470875525925,-4.664232063672893,-4.664232063672893,-4.664232063672893,-4.664232063672893,6.153408684378398,0.2554935385033055,5.303716321593493,-1.3711258462486686,-4.664232063672893,3.433715109932547,5.965547836696635,-4.664232063672893,-4.664232063672893,2.6719312087972904,0.9944966884446469,-4.664232063672893,0.7754942908829641,1.8686205755527423,-4.664232063672893,6.047201164405299,6.1415094850018965,-4.664232063672893,-4.664232063672893,4.643693367113614,-4.664232063672893
PAUL.case6_after,-3.9668618514471277,1.2782151167872566,-3.9668618514471277,-3.9668618514471277,-3.9668618514471277,-3.9668618514471277,-3.9668618514471277,-3.9668618514471277,4.87074643994149,-3.9668618514471277,1.160948532034375,-3.9668618514471277,-3.9668618514471277,3.673074736421296,-3.9668618514471277,-3.9668618514471277,-3.9668618514471277,4.830864944299435,-3.9668618514471277,-3.9668618514471277,-3.9668618514471277,-3.9668618514471277,1.3733569923104287,5.04649566757864,3.813104069761722,4.962555854649058,6.223638713248225,1.4943476090282282,3.156153975469393,-3.9668618514471277,-3.9668618514471277,-3.9668618514471277,-3.9668618514471277,-3.9668618514471277,1.877784248814252,5.031768104273683,6.739925808493004,7.754077369904907,-3.9668618514471277,-3.9668618514471277,2.2573155108688416,-3.9668618514471277,-3.9668618514471277,4.311926152609004,-3.9668618514471277,5.553768099615635,3.6537496980072204,6.617197719615316,1.589814610731084,-3.9668618514471277,4.915905034463011,-3.9668618514471277,-3.9668618514471277,5.4370850783342055,6.811988034326992,5.309674433328556,5.778697232298994,-3.9668618514471277,-3.9668618514471277,7.690068673298957,-3.9668618514471277,6.276363046043084,-3.9668618514471277,7.317669762118988,-3.9668618514471277,-3.9668618514471277,-3.9668618514471277,6.12246532504658,-3.9668618514471277,3.3082062953349745,8.028600039187511,3.0051560757943365,3.745102968824935,-3.9668618514471277,-3.9668618514471277,5.746244330404174,-3.9668618514471277,4.360347236109788,-3.9668618514471277,-3.9668618514471277,4.4159287584747275,3.2061633512249372,2.403561139657004,-3.9668618514471277,-3.9668618514471277,-3.9668618514471277,5.001191175385443,3.814053104605235,4.913696391921267,-3.9668618514471277,-3.9668618514471277,-3.9668618514471277,1.8469367004588406,-3.9668618514471277,-3.9668618514471277,5.862030583378903,-3.9668618514471277,7.280314524400339,-3.9668618514471277,-3.9668618514471277,3.194397278123869,5.171956666628347,-3.9668618514471277,-3.9668618514471277,-3.9668618514471277,4.826131401143084,5.427584286776585,6.0871716162578995,-3.9668618514471277,-3.9668618514471277,-0.5306712824344189
PAUL.case7_after,-5.109729168727412,0.8211148201107505,-5.109729168727412,-0.5514321155932631,2.508916138182344,0.900953180814084,4.459545726009178,0.6759807441079317,3.5483121590187174,-1.3328997977624777,6.156581944464648,-0.6284817203371116,-1.6180161609464676,-0.5050197907514793,1.628081522967765,-5.109729168727412,3.505437696611514,-5.109729168727412,-5.109729168727412,-0.28277142172028036,0.7818828836993941,-5.109729168727412,3.5658476015837,2.0417665564328304,0.09605287618249392,3.9917991955316188,-0.22095153265505552,0.20128939642212984,2.43013100733479,5.502370672704007,5.820524200961506,-5.109729168727412,4.992199021224263,6.320117065911003,0.7677333493366367,5.070989087345338,-1.3821907126425739,4.050251103923803,-5.109729168727412,0.6020045260163744,-0.10845978586106142,-0.5228765189946145,-5.109729168727412,-5.109729168727412,1.0930314310641496,3.6325553599273377,-5.109729168727412,5.642306651898201,0.6071102162543678,-5.109729168727412,4.331221937706805,-5.109729168727412,-5.109729168727412,4.230595908444462,5.901252197737275,3.281005396911219,-0.248812141869303,4.2232877895272525,-5.109729168727412,-5.109729168727412,1.2331130693118633,6.022676968220567,3.4296164587215063,6.442209993329575,-5.109729168727412,-5.109729168727412,-1.1784036878718922,3.338514995115954,-5.109729168727412,1.1905961167133805,5.519978996332183,1.3728485081871629,2.7899908185943705,-5.109729168727412,-3.0346129484619215,1.0623579751776955,0.22555530396158296,2.682665035316117,-5.109729168727412,4.9500299770171114,-5.109729168727412,-2.048977182956671,2.326714539285642,-5.109729168727412,1.1329486207191488,2.734695162136598,2.7990927199214335,-5.109729168727412,3.312133589171589,-5.109729168727412,3.150863199043582,4.265756510518568,-5.109729168727412,2.3085657514113604,-5.109729168727412,5.281716409535567,6.483433885075487,3.043748307304999,-5.109729168727412,4.953112850459549,1.4780729429982111,2.4723011440188296,-5.109729168727412,-5.109729168727412,-1.3663611108441618,4.4852283207599095,-5.109729168727412,-5.109729168727412,-5.109729168727412,-5.109729168727412,-5.109729168727412
PAUL.case8_after,-2.831736932772168,4.175201541759577,-2.831736932772168,-2.831736932772168,-2.831736932772168,1.5458177463064668,-2.831736932772168,-2.831736932772168,-2.831736932772168,-2.831736932772168,-2.831736932772168,-2.831736932772168,-2.831736932772168,9.568161137795775,-2.831736932772168,-2.831736932772168,-2.831736932772168,-2.831736932772168,-2.831736932772168,3.5181506296272733,-2.831736932772168,-2.831736932772168,7.1417627237864885,-2.831736932772168,9.077224188171039,5.3959260475438,-2.831736932772168,-2.831736932772168,-2.831736932772168,-2.831736932772168,4.935311506686205,-2.831736932772168,-2.831736932772168,-2.831736932772168,3.4160061678916263,4.444288775299519,5.848487220911327,-2.831736932772168,-2.831736932772168,-2.831736932772168,-2.831736932772168,-2.831736932772168,-2.831736932772168,-2.831736932772168,-2.831736932772168,-2.831736932772168,-2.831736932772168,-2.831736932772168,-2.831736932772168,-2.831736932772168,5.70264218380095,-2.831736932772168,-2.831736932772168,6.527326381588434,7.570395605729986,-2.831736932772168,4.777197180954239,-2.831736932772168,6.280315356119244,3.7897237830469557,-2.831736932772168,6.552620496046332,7.196986880744027,5.415846321076347,-2.831736932772168,-2.831736932772168,5.522589985012187,-2.831736932772168,-2.831736932772168,-2.831736932772168,3.1107628759167127,-2.831736932772168,-2.831736932772168,-2.831736932772168,3.9776643821934643,-2.831736932772168,-2.831736932772168,-2.831736932772168,-2.831736932772168,9.053101180049813,9.463642946492977,-2.831736932772168,-2.831736932772168,-2.831736932772168,-2.831736932772168,-2.831736932772168,-2.831736932772168,-2.831736932772168,4.584822314739196,-2.831736932772168,6.357276939467254,7.811390385536665,-2.831736932772168,1.9493271134677599,-2.831736932772168,-2.831736932772168,2.651099764423982,6.985837925161631,-2.831736932772168,1.862976348209644,-2.831736932772168,4.461116641604788,-2.831736932772168,3.4038109019271845,4.162079432514792,5.413574704985156,6.526027471144724,-2.831736932772168,6.540302904632978,-2.831736932772168,-2.831736932772168
Ge_R1.V2,4.20715640923232,-1.236175035179743,-1.236175035179743,-1.236175035179743,-1.236175035179743,-1.236175035179743,-1.236175035179743,-1.236175035179743,5.55672213178405,-1.236175035179743,-1.236175035179743,-1.236175035179743,-1.236175035179743,-1.236175035179743,-1.236175035179743,-1.236175035179743,12.261117600146124,-1.236175035179743,-1.236175035179743,8.89023614470393,-1.236175035179743,-1.236175035179743,7.08974677011437,-1.236175035179743,-1.236175035179743,-1.236175035179743,-1.236175035179743,-1.236175035179743,-1.236175035179743,-1.236175035179743,10.153738473814869,-1.236175035179743,-1.236175035179743,-1.236175035179743,-1.236175035179743,-1.236175035179743,-1.236175035179743,-1.236175035179743,-1.236175035179743,-1.236175035179743,-1.236175035179743,-1.236175035179743,-1.236175035179743,10.236309002637103,-1.236175035179743,-1.236175035179743,-1.236175035179743,-1.236175035179743,-1.236175035179743,-1.236175035179743,-1.236175035179743,-1.236175035179743,-1.236175035179743,-1.236175035179743,8.323778881731815,-1.236175035179743,-1.236175035179743,-1.236175035179743,-1.236175035179743,-1.236175035179743,-1.236175035179743,4.912059916049059,-1.236175035179743,-1.236175035179743,-1.236175035179743,-1.236175035179743,-1.236175035179743,-1.236175035179743,-1.236175035179743,-1.236175035179743,8.483901467591975,-1.236175035179743,7.47549883797845,-1.236175035179743,-1.236175035179743,-1.236175035179743,-1.236175035179743,-1.236175035179743,-1.236175035179743,-1.236175035179743,-1.236175035179743,-1.236175035179743,-1.236175035179743,-1.236175035179743,-1.236175035179743,-1.236175035179743,-1.236175035179743,-1.236175035179743,-1.236175035179743,-1.236175035179743,-1.236175035179743,-1.236175035179743,-1.236175035179743,-1.236175035179743,6.313648845005631,-1.236175035179743,-1.236175035179743,4.760801701418076,-1.236175035179743,-1.236175035179743,8.505182110768581,-1.236175035179743,-1.236175035179743,-1.236175035179743,-1.236175035179743,4.994035965272938,5.272694083823089,-1.236175035179743,-1.236175035179743,-1.236175035179743,-1.236175035179743
Ge_R11.V2,-2.180664426085313,-2.180664426085313,-2.180664426085313,-2.180664426085313,-2.180664426085313,-2.180664426085313,3.990781930955235,2.7476047242051784,8.676364608196701,6.178955996388643,5.62499389651975,-2.180664426085313,-2.180664426085313,-2.180664426085313,-2.180664426085313,5.89177069767039,6.058702772027461,9.707842959315244,-2.180664426085313,6.54575689298322,-2.180664426085313,-2.180664426085313,7.8520901696465035,7.507020435781591,5.733477003893048,10.103017799415369,10.399374350548275,-2.180664426085313,5.002116128729996,-2.180664426085313,-2.180664426085313,-2.180664426085313,-2.180664426085313,-2.180664426085313,-2.180664426085313,-2.180664426085313,-2.180664426085313,-2.180664426085313,-2.180664426085313,-2.180664426085313,-2.180664426085313,-2.180664426085313,-2.180664426085313,6.665510490745782,-2.180664426085313,-2.180664426085313,7.882167289301996,4.847672793119633,3.984802850568279,5.00376268218951,-2.180664426085313,-2.180664426085313,-2.180664426085313,-2.180664426085313,-2.180664426085313,5.22564543402519,-2.180664426085313,-2.180664426085313,-2.180664426085313,-2.180664426085313,-2.180664426085313,-2.180664426085313,4.849189897628762,-2.180664426085313,-2.180664426085313,-2.180664426085313,-2.180664426085313,-2.180664426085313,-2.180664426085313,-2.180664426085313,9.872495535968005,-2.180664426085313,2.86889402135418,-2.180664426085313,-2.180664426085313,-2.180664426085313,-2.180664426085313,-2.180664426085313,-2.180664426085313,-2.180664426085313,-2.180664426085313,3.556991907526781,-2.180664426085313,-2.180664426085313,-2.180664426085313,6.614722891977546,7.531451790909582,-2.180664426085313,-2.180664426085313,-2.180664426085313,-2.180664426085313,-2.180664426085313,-2.180664426085313,-2.180664426085313,4.228612542419659,-2.180664426085313,-2.180664426085313,-2.180664426085313,-2.180664426085313,-2.180664426085313,-2.180664426085313,-2.180664426085313,-2.180664426085313,-2.180664426085313,-2.180664426085313,-2.180664426085313,3.662692444981599,-2.180664426085313,-2.180664426085313,-2.180664426085313,-2.180664426085313
Ge_R13.V2,-0.8953826861351875,-0.8953826861351875,-0.8953826861351875,-0.8953826861351875,-0.8953826861351875,-0.8953826861351875,-0.8953826861351875,-0.8953826861351875,-0.8953826861351875,-0.8953826861351875,-0.8953826861351875,-0.8953826861351875,-0.8953826861351875,11.849924746024575,-0.8953826861351875,-0.8953826861351875,-0.8953826861351875,11.912732297314971,-0.8953826861351875,-0.8953826861351875,-0.8953826861351875,-0.8953826861351875,8.402522286673907,-0.8953826861351875,-0.8953826861351875,10.987358593669555,8.42138809166952,-0.8953826861351875,-0.8953826861351875,-0.8953826861351875,-0.8953826861351875,-0.8953826861351875,-0.8953826861351875,-0.8953826861351875,-0.8953826861351875,-0.8953826861351875,-0.8953826861351875,-0.8953826861351875,-0.8953826861351875,-0.8953826861351875,-0.8953826861351875,-0.8953826861351875,-0.8953826861351875,-0.8953826861351875,-0.8953826861351875,-0.8953826861351875,-0.8953826861351875,-0.8953826861351875,-0.8953826861351875,-0.8953826861351875,-0.8953826861351875,-0.8953826861351875,-0.8953826861351875,-0.8953826861351875,-0.8953826861351875,-0.8953826861351875,9.404740966608781,-0.8953826861351875,-0.8953826861351875,-0.8953826861351875,-0.8953826861351875,-0.8953826861351875,-0.8953826861351875,-0.8953826861351875,-0.8953826861351875,-0.8953826861351875,-0.8953826861351875,10.068498731397641,-0.8953826861351875,-0.8953826861351875,-0.8953826861351875,-0.8953826861351875,-0.8953826861351875,-0.8953826861351875,-0.8953826861351875,-0.8953826861351875,-0.8953826861351875,-0.8953826861351875,-0.8953826861351875,-0.8953826861351875,-0.8953826861351875,-0.8953826861351875,-0.8953826861351875,-0.8953826861351875,-0.8953826861351875,-0.8953826861351875,-0.8953826861351875,-0.8953826861351875,-0.8953826861351875,-0.8953826861351875,-0.8953826861351875,-0.8953826861351875,-0.8953826861351875,-0.8953826861351875,-0.8953826861351875,-0.8953826861351875,-0.8953826861351875,-0.8953826861351875,-0.8953826861351875,-0.8953826861351875,9.584498434150827,-0.8953826861351875,-0.8953826861351875,-0.8953826861351875,-0.8953826861351875,-0.8953826861351875,3.1043979130406285,6.697589239100224,-0.8953826861351875,-0.8953826861351875,-0.8953826861351875
Ge_R14.V2,-2.3493874482519246,-2.3493874482519246,-2.3493874482519246,-2.3493874482519246,-2.3493874482519246,10.668733873668941,8.19409706985925,7.351732467216303,9.560222068403055,3.5254511461834612,-2.3493874482519246,6.825256271915628,-2.3493874482519246,-2.3493874482519246,-2.3493874482519246,3.921187970105171,4.074330949389864,8.2654923996694,-2.3493874482519246,-2.3493874482519246,-2.3493874482519246,8.546799496155934,4.927784697226469,3.996648180025919,-2.3493874482519246,7.136686904732259,9.23120012135371,4.083820084556037,-2.3493874482519246,-2.3493874482519246,-2.3493874482519246,-2.3493874482519246,7.29834391041923,-2.3493874482519246,-2.3493874482519246,-2.3493874482519246,-2.3493874482519246,-2.3493874482519246,6.120829521959395,5.5387238488501085,-2.3493874482519246,-2.3493874482519246,-2.3493874482519246,4.600696616966733,-2.3493874482519246,-2.3493874482519246,-2.3493874482519246,-2.3493874482519246,-2.3493874482519246,6.244748465826041,-2.3493874482519246,-2.3493874482519246,-2.3493874482519246,-2.3493874482519246,-2.3493874482519246,-2.3493874482519246,-2.3493874482519246,8.013256925723487,-2.3493874482519246,-2.3493874482519246,-2.3493874482519246,-2.3493874482519246,-2.3493874482519246,-2.3493874482519246,-2.3493874482519246,-2.3493874482519246,-2.3493874482519246,-2.3493874482519246,-2.3493874482519246,-2.3493874482519246,-2.3493874482519246,-2.3493874482519246,-2.3493874482519246,-2.3493874482519246,-2.3493874482519246,-2.3493874482519246,-2.3493874482519246,-2.3493874482519246,-2.3493874482519246,4.5761587076958525,-2.3493874482519246,-2.3493874482519246,4.531147038194725,-2.3493874482519246,-2.3493874482519246,6.899444607066865,6.323505598341602,-2.3493874482519246,4.329194365339702,-2.3493874482519246,-2.3493874482519246,-2.3493874482519246,-2.3493874482519246,-2.3493874482519246,-2.3493874482519246,-2.3493874482519246,-2.3493874482519246,-2.3493874482519246,-2.3493874482519246,-2.3493874482519246,-2.3493874482519246,-2.3493874482519246,-2.3493874482519246,-2.3493874482519246,-2.3493874482519246,5.145437592385569,6.368593919395815,7.759847798023754,6.241010691753133,-2.3493874482519246,-2.3493874482519246
Ge_R2.V2,-1.8997877540956303,-1.8997877540956303,-1.8997877540956303,-1.8997877540956303,-1.8997877540956303,-1.8997877540956303,10.15984217381728,-1.8997877540956303,-1.8997877540956303,-1.8997877540956303,-1.8997877540956303,-1.8997877540956303,-1.8997877540956303,-1.8997877540956303,-1.8997877540956303,-1.8997877540956303,9.883335080390625,10.741276132697244,-1.8997877540956303,-1.8997877540956303,-1.8997877540956303,-1.8997877540956303,-1.8997877540956303,8.603637885425403,9.501087765847467,8.836666040554352,-1.8997877540956303,-1.8997877540956303,-1.8997877540956303,-1.8997877540956303,-1.8997877540956303,-1.8997877540956303,7.414944346319414,-1.8997877540956303,-1.8997877540956303,-1.8997877540956303,-1.8997877540956303,5.032879262008698,-1.8997877540956303,-1.8997877540956303,8.795806626791935,-1.8997877540956303,-1.8997877540956303,8.29969902902575,-1.8997877540956303,-1.8997877540956303,6.386924604209468,2.1920841078702615,-1.8997877540956303,-1.8997877540956303,-1.8997877540956303,-1.8997877540956303,-1.8997877540956303,6.01993329777795,-1.8997877540956303,-1.8997877540956303,4.913385704478177,4.645794309518997,-1.8997877540956303,-1.8997877540956303,-1.8997877540956303,-1.8997877540956303,-1.8997877540956303,-1.8997877540956303,-1.8997877540956303,-1.8997877540956303,-1.8997877540956303,5.59272738432871,-1.8997877540956303,7.196478853728597,9.055716306605419,-1.8997877540956303,-1.8997877540956303,-1.8997877540956303,-1.8997877540956303,-1.8997877540956303,7.107534123942568,-1.8997877540956303,-1.8997877540956303,-1.8997877540956303,-1.8997877540956303,3.0375830482672335,-1.8997877540956303,-1.8997877540956303,-1.8997877540956303,6.159509894490097,-1.8997877540956303,-1.8997877540956303,-1.8997877540956303,-1.8997877540956303,-1.8997877540956303,-1.8997877540956303,-1.8997877540956303,-1.8997877540956303,-1.8997877540956303,-1.8997877540956303,-1.8997877540956303,-1.8997877540956303,-1.8997877540956303,-1.8997877540956303,8.774267396772196,-1.8997877540956303,-1.8997877540956303,-1.8997877540956303,-1.8997877540956303,-1.8997877540956303,-1.8997877540956303,5.139695040979526,-1.8997877540956303,-1.8997877540956303,1.790726190470128
Ge_R5.V2,4.985162212868649,4.493977842906911,-2.1050181864801996,-2.1050181864801996,-2.1050181864801996,-2.1050181864801996,7.439833976548201,-2.1050181864801996,-2.1050181864801996,-2.1050181864801996,-2.1050181864801996,-2.1050181864801996,-2.1050181864801996,-2.1050181864801996,-2.1050181864801996,-2.1050181864801996,-2.1050181864801996,-2.1050181864801996,7.760383875446346,7.415731967338947,-2.1050181864801996,8.857426233494884,8.861808326946198,10.503269894104772,8.11103301007171,10.144958378081315,8.973697563209798,6.402616836592101,-2.1050181864801996,-2.1050181864801996,-2.1050181864801996,-2.1050181864801996,-2.1050181864801996,-2.1050181864801996,-2.1050181864801996,-2.1050181864801996,-2.1050181864801996,-2.1050181864801996,-2.1050181864801996,-2.1050181864801996,-2.1050181864801996,-2.1050181864801996,-2.1050181864801996,8.97148977973735,-2.1050181864801996,-2.1050181864801996,-2.1050181864801996,-2.1050181864801996,-2.1050181864801996,6.786300213210911,-2.1050181864801996,-2.1050181864801996,-2.1050181864801996,-2.1050181864801996,-2.1050181864801996,-2.1050181864801996,8.455168048503415,-2.1050181864801996,-2.1050181864801996,-2.1050181864801996,-2.1050181864801996,-2.1050181864801996,-2.1050181864801996,-2.1050181864801996,-2.1050181864801996,-2.1050181864801996,-2.1050181864801996,-2.1050181864801996,-2.1050181864801996,-2.1050181864801996,-2.1050181864801996,-2.1050181864801996,-2.1050181864801996,5.214535341741514,-2.1050181864801996,-2.1050181864801996,-2.1050181864801996,-2.1050181864801996,-2.1050181864801996,-2.1050181864801996,-2.1050181864801996,-2.1050181864801996,7.478579681264901,-2.1050181864801996,-2.1050181864801996,-2.1050181864801996,5.298196635087473,8.133682687003617,-2.1050181864801996,-2.1050181864801996,-2.1050181864801996,-2.1050181864801996,-2.1050181864801996,-2.1050181864801996,7.467376730996225,-2.1050181864801996,-2.1050181864801996,-2.1050181864801996,-2.1050181864801996,-2.1050181864801996,8.753727361792997,-2.1050181864801996,-2.1050181864801996,-2.1050181864801996,4.2776440062063275,5.411225429395794,4.423306477043689,6.410431527700028,-2.1050181864801996,-2.1050181864801996,-2.1050181864801996
Ge_R6.V2,-1.523895856866286,-1.523895856866286,-1.523895856866286,-1.523895856866286,-1.523895856866286,-1.523895856866286,-1.523895856866286,-1.523895856866286,-1.523895856866286,-1.523895856866286,-1.523895856866286,-1.523895856866286,-1.523895856866286,-1.523895856866286,-1.523895856866286,-1.523895856866286,-1.523895856866286,-1.523895856866286,-1.523895856866286,8.349527732409342,-1.523895856866286,-1.523895856866286,8.373141470159444,-1.523895856866286,10.683274447059505,10.678764223300158,11.021499462896566,-1.523895856866286,-1.523895856866286,-1.523895856866286,-1.523895856866286,-1.523895856866286,-1.523895856866286,-1.523895856866286,-1.523895856866286,-1.523895856866286,-1.523895856866286,-1.523895856866286,-1.523895856866286,-1.523895856866286,-1.523895856866286,8.41995275965101,-1.523895856866286,8.523563399755758,-1.523895856866286,-1.523895856866286,-1.523895856866286,8.862732919033498,-1.523895856866286,-1.523895856866286,-1.523895856866286,-1.523895856866286,-1.523895856866286,-1.523895856866286,-1.523895856866286,6.947271255906518,3.6685564157547645,-1.523895856866286,6.183395008237641,-1.523895856866286,-1.523895856866286,-1.523895856866286,-1.523895856866286,-1.523895856866286,-1.523895856866286,-1.523895856866286,-1.523895856866286,-1.523895856866286,-1.523895856866286,8.936123677998726,-1.523895856866286,-1.523895856866286,5.144328331014763,-1.523895856866286,3.1379264007279524,-1.523895856866286,5.839757434109178,-1.523895856866286,-1.523895856866286,-1.523895856866286,-1.523895856866286,-1.523895856866286,-1.523895856866286,-1.523895856866286,-1.523895856866286,-1.523895856866286,9.533510825777991,-1.523895856866286,-1.523895856866286,-1.523895856866286,-1.523895856866286,-1.523895856866286,-1.523895856866286,-1.523895856866286,-1.523895856866286,-1.523895856866286,-1.523895856866286,9.852445509107945,-1.523895856866286,-1.523895856866286,7.566543415661067,-1.523895856866286,-1.523895856866286,-1.523895856866286,-1.523895856866286,-1.523895856866286,-1.523895856866286,-1.523895856866286,-1.523895856866286,-1.523895856866286,-1.523895856866286
Ge_R8.V2,-3.4191697923813624,-3.4191697923813624,-3.4191697923813624,-3.4191697923813624,5.385409313210348,-3.4191697923813624,1.445922377711776,5.353764187088328,0.5180924672922469,4.9308653967934095,5.825654580484274,2.662217224318571,-3.4191697923813624,-3.4191697923813624,-3.4191697923813624,1.9088383295074927,7.716286178977553,-3.4191697923813624,6.420842718553304,-3.4191697923813624,-3.4191697923813624,5.4681362329490835,8.063475736060651,8.740640953310006,7.674124241828055,8.087265177631975,5.625756003073385,0.37350865819518475,4.846418400077105,-3.4191697923813624,6.130650305057762,-3.4191697923813624,5.875787250554925,-3.4191697923813624,-3.4191697923813624,3.4144735075722394,-3.4191697923813624,-3.4191697923813624,0.6247167799122355,-3.4191697923813624,-3.4191697923813624,-3.4191697923813624,5.421689883595818,-3.4191697923813624,-3.4191697923813624,-3.4191697923813624,-3.4191697923813624,-3.4191697923813624,-3.4191697923813624,-3.4191697923813624,-3.4191697923813624,5.840337375618603,-3.4191697923813624,1.4144480154443855,6.496549969395054,4.896879612697424,-3.4191697923813624,-3.4191697923813624,-0.1246952833098458,-3.4191697923813624,-3.4191697923813624,-3.4191697923813624,-3.4191697923813624,7.597306734687546,-3.4191697923813624,7.151725778044132,-3.4191697923813624,7.711468748898646,5.601591651377021,5.073546581176399,4.337749487531002,-0.45172672688240567,3.062039401406359,-3.4191697923813624,1.9466211437586889,-3.4191697923813624,-3.4191697923813624,-3.4191697923813624,1.6806445605997347,-3.4191697923813624,-3.4191697923813624,3.488758150945398,3.8409925630843116,-3.4191697923813624,-3.4191697923813624,6.329858240246282,4.886749791022466,6.2764800439950275,-3.4191697923813624,-3.4191697923813624,-3.4191697923813624,5.301187471376117,-3.4191697923813624,-3.4191697923813624,-3.4191697923813624,-3.4191697923813624,8.196470866123319,-3.4191697923813624,-3.4191697923813624,-3.4191697923813624,4.23571195371427,1.5216346776997476,-3.4191697923813624,-3.4191697923813624,-3.4191697923813624,-3.4191697923813624,-3.4191697923813624,-3.4191697923813624,-3.4191697923813624,-3.4191697923813624,-3.4191697923813624
Pa_R14.V2,-2.1822566201250133,-2.1822566201250133,-2.1822566201250133,-2.1822566201250133,-2.1822566201250133,-2.1822566201250133,9.075584882267385,4.853443418336983,-2.1822566201250133,5.563170506710013,-2.1822566201250133,-2.1822566201250133,-2.1822566201250133,7.082044454382481,8.267041053707098,-2.1822566201250133,7.7807286803594025,-2.1822566201250133,-2.1822566201250133,7.286414505997967,-2.1822566201250133,-2.1822566201250133,-2.1822566201250133,-2.1822566201250133,6.719837324929324,9.870972039556463,10.86928961544534,-2.1822566201250133,6.1456998649913706,-2.1822566201250133,-2.1822566201250133,7.601824270290027,-2.1822566201250133,-2.1822566201250133,3.8404413478888104,-2.1822566201250133,-2.1822566201250133,-2.1822566201250133,3.666321948484339,6.083580181009434,8.273491023076629,-2.1822566201250133,-2.1822566201250133,7.164005438597993,-2.1822566201250133,-2.1822566201250133,-2.1822566201250133,-2.1822566201250133,-2.1822566201250133,8.134685498285954,-2.1822566201250133,-2.1822566201250133,-2.1822566201250133,-2.1822566201250133,-2.1822566201250133,6.636965292654401,7.490904388210322,-2.1822566201250133,4.016009640372668,-2.1822566201250133,-2.1822566201250133,-2.1822566201250133,-2.1822566201250133,-2.1822566201250133,-2.1822566201250133,-2.1822566201250133,-2.1822566201250133,-2.1822566201250133,-2.1822566201250133,-2.1822566201250133,-2.1822566201250133,-2.1822566201250133,5.729964722071564,-2.1822566201250133,-2.1822566201250133,-2.1822566201250133,-2.1822566201250133,-2.1822566201250133,-2.1822566201250133,-2.1822566201250133,-2.1822566201250133,-2.1822566201250133,4.739954261941699,-2.1822566201250133,-2.1822566201250133,-2.1822566201250133,6.669538696768423,-2.1822566201250133,-2.1822566201250133,-2.1822566201250133,-2.1822566201250133,-2.1822566201250133,-2.1822566201250133,-2.1822566201250133,-2.1822566201250133,-2.1822566201250133,-2.1822566201250133,-2.1822566201250133,-2.1822566201250133,-2.1822566201250133,8.398904111147628,-2.1822566201250133,-2.1822566201250133,-2.1822566201250133,-2.1822566201250133,-2.1822566201250133,-2.1822566201250133,-2.1822566201250133,-2.1822566201250133,7.639740576191051,3.708998346823667
Pa_R2.V2,-1.037447963506855,-1.037447963506855,-1.037447963506855,-1.037447963506855,7.957798728808747,-1.037447963506855,-1.037447963506855,-1.037447963506855,-1.037447963506855,-1.037447963506855,-1.037447963506855,-1.037447963506855,-1.037447963506855,-1.037447963506855,-1.037447963506855,-1.037447963506855,-1.037447963506855,-1.037447963506855,-1.037447963506855,-1.037447963506855,-1.037447963506855,-1.037447963506855,-1.037447963506855,-1.037447963506855,-1.037447963506855,-1.037447963506855,-1.037447963506855,-1.037447963506855,-1.037447963506855,4.8248446715598226,-1.037447963506855,9.140375632015205,8.084940246279317,-1.037447963506855,-1.037447963506855,-1.037447963506855,-1.037447963506855,-1.037447963506855,-1.037447963506855,-1.037447963506855,-1.037447963506855,-1.037447963506855,-1.037447963506855,-1.037447963506855,-1.037447963506855,-1.037447963506855,-1.037447963506855,6.8877679240988545,-1.037447963506855,-1.037447963506855,-1.037447963506855,-1.037447963506855,-1.037447963506855,-1.037447963506855,-1.037447963506855,-1.037447963506855,-1.037447963506855,-1.037447963506855,-1.037447963506855,-1.037447963506855,-1.037447963506855,-1.037447963506855,-1.037447963506855,-1.037447963506855,-1.037447963506855,-1.037447963506855,-1.037447963506855,-1.037447963506855,-1.037447963506855,-1.037447963506855,-1.037447963506855,-1.037447963506855,-1.037447963506855,-1.037447963506855,-1.037447963506855,-1.037447963506855,-1.037447963506855,4.531271745374708,-1.037447963506855,-1.037447963506855,-1.037447963506855,-1.037447963506855,-1.037447963506855,-1.037447963506855,-1.037447963506855,-1.037447963506855,-1.037447963506855,-1.037447963506855,-1.037447963506855,12.441052646820694,-1.037447963506855,-1.037447963506855,-1.037447963506855,-1.037447963506855,6.326864219251342,-1.037447963506855,-1.037447963506855,-1.037447963506855,-1.037447963506855,-1.037447963506855,-1.037447963506855,-1.037447963506855,9.679201903464158,-1.037447963506855,3.0303682662071605,8.589341304970784,10.851581613847472,-1.037447963506855,-1.037447963506855,9.324491520970179,-1.037447963506855
Pa_R3.V2,2.1600801634209326,-3.4083685158078776,-3.4083685158078776,-3.4083685158078776,4.305481092109219,7.68164897887446,2.418085152809173,-3.4083685158078776,2.6490081602492532,4.935378918627634,-3.4083685158078776,-3.4083685158078776,-3.4083685158078776,5.896852064146554,-3.4083685158078776,-3.4083685158078776,3.028668450651857,7.588325831888393,4.965198310189823,4.098144096121258,-3.4083685158078776,-3.4083685158078776,3.8139437594829637,-3.4083685158078776,5.425337751183188,9.381765143699667,8.378345387904234,-3.4083685158078776,-3.4083685158078776,-3.4083685158078776,7.1777394152853535,-3.4083685158078776,7.1786160193918285,8.239463690140905,-3.4083685158078776,3.3802551283100017,-3.4083685158078776,-3.4083685158078776,-3.4083685158078776,6.05835551636215,-3.4083685158078776,2.439932323895917,5.784410952893546,2.1147765551207094,-3.4083685158078776,-3.4083685158078776,-3.4083685158078776,5.707362698562759,-3.4083685158078776,-3.4083685158078776,-3.4083685158078776,-3.4083685158078776,-3.4083685158078776,0.7875557159793711,-3.4083685158078776,-3.4083685158078776,4.6215183680293475,-3.4083685158078776,3.0948476835752317,4.312383831402385,6.428880687501609,-3.4083685158078776,-3.4083685158078776,-3.4083685158078776,-3.4083685158078776,-3.4083685158078776,-3.4083685158078776,-3.4083685158078776,6.40925407566256,6.481681085818776,5.1667235823476165,-3.4083685158078776,-3.4083685158078776,-3.4083685158078776,1.2804429022846957,-3.4083685158078776,1.3397835756502268,-3.4083685158078776,-3.4083685158078776,-3.4083685158078776,-3.4083685158078776,1.1377865535431422,4.575221578684536,-3.4083685158078776,-3.4083685158078776,5.774277041178071,3.1854828530593995,-3.4083685158078776,-3.4083685158078776,-3.4083685158078776,-3.4083685158078776,-3.4083685158078776,-3.4083685158078776,-3.4083685158078776,4.533114701716778,-3.4083685158078776,-3.4083685158078776,4.477719556602621,-3.4083685158078776,6.194712514481337,6.101977515607001,5.042521129363052,-3.4083685158078776,-3.4083685158078776,2.208036319222103,2.297204986208259,-3.4083685158078776,-3.4083685158078776,4.335695041885389,3.5415881505772075,-3.4083685158078776
Pa_R5.V2,-3.8646698605888172,1.4899138070465625,-3.8646698605888172,-3.8646698605888172,-3.8646698605888172,6.239844111786232,-3.8646698605888172,-3.8646698605888172,-3.8646698605888172,5.877533084807397,-3.8646698605888172,4.7177332102218505,-3.8646698605888172,-3.8646698605888172,-3.8646698605888172,-3.8646698605888172,-3.8646698605888172,6.750458945910851,-3.8646698605888172,-3.8646698605888172,-3.8646698605888172,-3.8646698605888172,6.214395365748701,5.172320524745853,5.662226374566847,8.55980171712363,7.669400463350815,-3.8646698605888172,6.3833370949220445,-3.8646698605888172,-3.8646698605888172,3.4736804112456223,5.850894191988524,-3.8646698605888172,-3.8646698605888172,5.453707807220071,3.882508466100912,4.753273971304412,-3.8646698605888172,5.301751786075522,4.693404758164246,4.994894899795194,-3.8646698605888172,4.904581542809681,-3.8646698605888172,3.4071136777680637,4.575914562685855,0.5009265187348841,2.849417856220681,-3.8646698605888172,-3.8646698605888172,5.118205253668709,-3.8646698605888172,1.8942977667225804,7.348618800311623,6.257799717409014,3.5629100091087045,-3.8646698605888172,4.207365943062658,7.500825682585814,5.301073193297634,-3.8646698605888172,4.349195382132879,-3.8646698605888172,-3.8646698605888172,-3.8646698605888172,2.796977099815293,-3.8646698605888172,6.995278033998176,4.233910708515896,-3.8646698605888172,-0.4598144593904472,4.316736932178956,-3.8646698605888172,-3.8646698605888172,4.2366442924344,-3.8646698605888172,-3.8646698605888172,-3.8646698605888172,-3.8646698605888172,-3.8646698605888172,-3.8646698605888172,4.318581084325886,-3.8646698605888172,-3.8646698605888172,5.284480304405785,6.761822180431467,4.156819922563081,5.849990307404248,-3.8646698605888172,-3.8646698605888172,-3.8646698605888172,4.463668437723886,3.4960298913604504,-3.8646698605888172,-3.8646698605888172,7.048975278212093,4.677395516110592,-3.8646698605888172,-3.8646698605888172,-3.8646698605888172,-3.8646698605888172,2.1809429851689845,-3.8646698605888172,-3.8646698605888172,-3.8646698605888172,0.4670960820139225,-3.8646698605888172,-3.8646698605888172,-3.8646698605888172,-3.8646698605888172
Ta_R1.V2,1.5718782321548588,-2.9748437278897804,1.3671988133443715,-2.9748437278897804,-2.9748437278897804,-2.9748437278897804,6.429891255280109,-2.9748437278897804,9.145411026624018,0.09445323785499404,-2.9748437278897804,-2.9748437278897804,-2.9748437278897804,-2.9748437278897804,-2.9748437278897804,-2.9748437278897804,4.414142266548841,-2.9748437278897804,6.438020820504859,-2.9748437278897804,-2.9748437278897804,7.196310758576983,-2.9748437278897804,-2.9748437278897804,-2.9748437278897804,5.804232707795559,6.731874108238862,4.8638133886588895,-2.9748437278897804,-2.9748437278897804,7.381701092820399,-2.9748437278897804,-2.9748437278897804,-2.9748437278897804,-2.9748437278897804,-2.9748437278897804,-2.9748437278897804,1.6670404220527146,-2.9748437278897804,-2.9748437278897804,-2.9748437278897804,-2.9748437278897804,-2.9748437278897804,6.0825084671922305,2.7065147475536477,-2.9748437278897804,-2.9748437278897804,9.385351203204259,3.1083119874627343,-2.9748437278897804,5.65749838269899,-2.9748437278897804,-2.9748437278897804,-2.9748437278897804,3.299505680354285,-2.9748437278897804,-2.9748437278897804,-2.9748437278897804,-2.9748437278897804,-2.9748437278897804,-2.9748437278897804,-2.9748437278897804,3.88849202458152,5.24718823653863,4.646341323745143,-2.9748437278897804,-2.9748437278897804,7.817653838758952,-2.9748437278897804,6.03842062418147,7.927774821300732,2.9030156205830284,3.8540580533456605,-2.9748437278897804,-2.9748437278897804,-2.9748437278897804,-2.9748437278897804,-2.9748437278897804,-2.9748437278897804,5.305734753309614,-2.9748437278897804,-2.9748437278897804,6.376702762303369,7.569883732822908,-2.9748437278897804,-2.9748437278897804,3.149448153051557,5.853486177892672,-2.9748437278897804,9.376974068608224,-2.9748437278897804,-2.9748437278897804,-2.9748437278897804,-2.9748437278897804,6.130450764740577,-2.9748437278897804,-2.9748437278897804,-2.9748437278897804,-2.9748437278897804,-2.9748437278897804,6.769580453817616,6.489659500040157,-2.9748437278897804,1.4629530118083878,2.0892108380449965,5.770950085664507,4.295340653446047,-2.9748437278897804,-2.9748437278897804,-2.9748437278897804,1.9300828547759146
Ut_R2.V2,-3.543026688622634,-3.543026688622634,0.24952449993287829,-3.543026688622634,6.675152889550414,-3.543026688622634,3.896745422391576,4.731729368019338,8.004189737293194,-3.543026688622634,-3.543026688622634,-3.543026688622634,-3.543026688622634,4.919665418231161,-3.543026688622634,-3.543026688622634,4.164453398168679,6.495646032612209,-3.543026688622634,2.040751653766833,-3.543026688622634,6.502341526875881,5.032840073011109,-3.543026688622634,8.59344986953991,6.416884091897391,6.61774573163994,-3.543026688622634,5.419388496992951,6.504036647664565,-3.543026688622634,-3.543026688622634,1.6099027501171381,-3.543026688622634,-3.543026688622634,7.953063506800383,-3.543026688622634,-3.543026688622634,4.216544078740865,3.2212906770168592,-3.543026688622634,-3.543026688622634,-3.543026688622634,5.4117218212240905,-3.543026688622634,-3.543026688622634,-3.543026688622634,8.14480771739387,2.31380456610182,-3.543026688622634,-3.543026688622634,-3.543026688622634,-3.543026688622634,3.732092276769654,-3.543026688622634,5.81667964535965,-3.543026688622634,-3.543026688622634,-3.543026688622634,-3.543026688622634,3.556435770339082,-3.543026688622634,5.783666786915498,-3.543026688622634,-3.543026688622634,7.926177978538016,-3.543026688622634,2.1451123498702227,5.564259319092477,3.208212187157846,6.3682161177343914,5.975620607050817,3.503093483461633,-3.543026688622634,-3.543026688622634,-3.543026688622634,-3.543026688622634,-3.543026688622634,-3.543026688622634,-3.543026688622634,-3.543026688622634,5.627625237248657,2.5627482435588798,6.232088239228315,-3.543026688622634,-3.543026688622634,5.037789205342887,-3.543026688622634,-3.543026688622634,6.665325534895141,-3.543026688622634,-3.543026688622634,-3.543026688622634,-3.543026688622634,4.880231895145094,-3.543026688622634,6.594299040675155,-3.543026688622634,-3.543026688622634,5.344435069484073,6.576757755408635,-3.543026688622634,-3.543026688622634,-3.543026688622634,-3.543026688622634,5.605875749973839,5.9973389808596025,-3.543026688622634,-3.543026688622634,-3.543026688622634,-3.543026688622634
Ut_R4.V2,-1.1665639795923521,-1.1665639795923521,-1.1665639795923521,-1.1665639795923521,-1.1665639795923521,-1.1665639795923521,-1.1665639795923521,-1.1665639795923521,-1.1665639795923521,-1.1665639795923521,-1.1665639795923521,-1.1665639795923521,-1.1665639795923521,-1.1665639795923521,-1.1665639795923521,-1.1665639795923521,9.927056065763297,-1.1665639795923521,-1.1665639795923521,8.943962708603983,-1.1665639795923521,-1.1665639795923521,7.6013327693631405,-1.1665639795923521,-1.1665639795923521,10.375947232749304,-1.1665639795923521,-1.1665639795923521,-1.1665639795923521,-1.1665639795923521,-1.1665639795923521,-1.1665639795923521,12.242728452372772,-1.1665639795923521,-1.1665639795923521,-1.1665639795923521,-1.1665639795923521,-1.1665639795923521,-1.1665639795923521,-1.1665639795923521,-1.1665639795923521,-1.1665639795923521,-1.1665639795923521,7.467655494908221,-1.1665639795923521,-1.1665639795923521,-1.1665639795923521,-1.1665639795923521,-1.1665639795923521,-1.1665639795923521,-1.1665639795923521,-1.1665639795923521,-1.1665639795923521,-1.1665639795923521,-1.1665639795923521,-1.1665639795923521,-1.1665639795923521,-1.1665639795923521,4.968918405049805,9.717788480755683,-1.1665639795923521,-1.1665639795923521,-1.1665639795923521,-1.1665639795923521,-1.1665639795923521,-1.1665639795923521,-1.1665639795923521,-1.1665639795923521,-1.1665639795923521,-1.1665639795923521,-1.1665639795923521,-1.1665639795923521,-1.1665639795923521,-1.1665639795923521,-1.1665639795923521,-1.1665639795923521,-1.1665639795923521,-1.1665639795923521,-1.1665639795923521,-1.1665639795923521,-1.1665639795923521,-1.1665639795923521,-1.1665639795923521,-1.1665639795923521,-1.1665639795923521,-1.1665639795923521,-1.1665639795923521,-1.1665639795923521,-1.1665639795923521,-1.1665639795923521,-1.1665639795923521,-1.1665639795923521,-1.1665639795923521,-1.1665639795923521,5.486402213189477,-1.1665639795923521,-1.1665639795923521,-1.1665639795923521,-1.1665639795923521,-1.1665639795923521,-1.1665639795923521,-1.1665639795923521,-1.1665639795923521,-1.1665639795923521,4.5039286700204055,7.549648459456867,7.690718625445075,-1.1665639795923521,6.891067319749357,9.789551123027803,-1.1665639795923521
Ut_R5.V2,-1.4092998374589225,-1.4092998374589225,-1.4092998374589225,-1.4092998374589225,-1.4092998374589225,-1.4092998374589225,-1.4092998374589225,5.565124854913269,-1.4092998374589225,-1.4092998374589225,-1.4092998374589225,-1.4092998374589225,-1.4092998374589225,-1.4092998374589225,-1.4092998374589225,-1.4092998374589225,10.341796672990387,-1.4092998374589225,-1.4092998374589225,9.679331926504105,7.730915193838915,-1.4092998374589225,8.419867942403798,-1.4092998374589225,9.848022881993298,-1.4092998374589225,-1.4092998374589225,-1.4092998374589225,-1.4092998374589225,11.754101831977726,-1.4092998374589225,-1.4092998374589225,-1.4092998374589225,-1.4092998374589225,-1.4092998374589225,-1.4092998374589225,-1.4092998374589225,-1.4092998374589225,-1.4092998374589225,-1.4092998374589225,-1.4092998374589225,-1.4092998374589225,-1.4092998374589225,10.206366794147634,-1.4092998374589225,-1.4092998374589225,-1.4092998374589225,-1.4092998374589225,6.338298250362805,-1.4092998374589225,-1.4092998374589225,-1.4092998374589225,-1.4092998374589225,-1.4092998374589225,-1.4092998374589225,-1.4092998374589225,-1.4092998374589225,-1.4092998374589225,7.062308748193844,-1.4092998374589225,-1.4092998374589225,-1.4092998374589225,-1.4092998374589225,-1.4092998374589225,3.785455314997085,-1.4092998374589225,-1.4092998374589225,-1.4092998374589225,-1.4092998374589225,7.4673532408854895,-1.4092998374589225,-1.4092998374589225,-1.4092998374589225,-1.4092998374589225,-1.4092998374589225,-1.4092998374589225,-1.4092998374589225,-1.4092998374589225,-1.4092998374589225,-1.4092998374589225,-1.4092998374589225,6.153348725494929,7.483252923108018,-1.4092998374589225,-1.4092998374589225,-1.4092998374589225,-1.4092998374589225,-1.4092998374589225,-1.4092998374589225,-1.4092998374589225,-1.4092998374589225,-1.4092998374589225,-1.4092998374589225,-1.4092998374589225,-1.4092998374589225,-1.4092998374589225,-1.4092998374589225,5.18077678255859,-1.4092998374589225,-1.4092998374589225,9.26332478185914,6.194537854906558,-1.4092998374589225,-1.4092998374589225,-1.4092998374589225,-1.4092998374589225,-1.4092998374589225,-1.4092998374589225,-1.4092998374589225,-1.4092998374589225,-1.4092998374589225
Ge_R1.V0,2.482842705330297,2.3185199919509056,-3.0891018027522854,-3.0891018027522854,6.706778560141314,-3.0891018027522854,-3.0891018027522854,2.9373020297879444,4.437644953959918,-3.0891018027522854,7.202778841231366,4.904287482072823,-3.0891018027522854,-3.0891018027522854,-3.0891018027522854,-3.0891018027522854,9.03608442002968,-3.0891018027522854,-3.0891018027522854,7.931957847680503,-3.0891018027522854,-3.0891018027522854,7.173550145732218,-3.0891018027522854,-3.0891018027522854,-3.0891018027522854,-3.0891018027522854,-3.0891018027522854,-3.0891018027522854,-3.0891018027522854,8.834618368702088,-3.0891018027522854,-3.0891018027522854,-3.0891018027522854,5.274271518957705,-3.0891018027522854,4.8630851997887765,6.669985112064288,-3.0891018027522854,-3.0891018027522854,-3.0891018027522854,-3.0891018027522854,6.721492703411129,5.0114460404027845,5.998314685178431,-3.0891018027522854,4.287857782250533,-3.0891018027522854,-3.0891018027522854,-3.0891018027522854,-3.0891018027522854,-3.0891018027522854,-3.0891018027522854,5.6493978529820135,7.072357236312099,-3.0891018027522854,-3.0891018027522854,-3.0891018027522854,2.7446814489947133,5.942455948974232,-3.0891018027522854,7.232475344645397,-3.0891018027522854,-3.0891018027522854,-3.0891018027522854,-3.0891018027522854,-3.0891018027522854,-3.0891018027522854,-3.0891018027522854,7.703621637175058,9.154500430772215,-3.0891018027522854,5.478334025251734,-3.0891018027522854,5.148548658823375,3.7282831866312245,-3.0891018027522854,-3.0891018027522854,-3.0891018027522854,-3.0891018027522854,-3.0891018027522854,5.17441416374656,-3.0891018027522854,-3.0891018027522854,-3.0891018027522854,7.575698740261018,-3.0891018027522854,-3.0891018027522854,6.424652090370783,-3.0891018027522854,3.584604027228445,-3.0891018027522854,5.9538050453715305,-3.0891018027522854,-3.0891018027522854,5.0530419682396746,-3.0891018027522854,6.88797686122448,-3.0891018027522854,-3.0891018027522854,7.12720975750936,-3.0891018027522854,-3.0891018027522854,-3.0891018027522854,-3.0891018027522854,3.029384569651503,3.5459648770594088,5.411103538265164,-3.0891018027522854,-3.0891018027522854,-3.0891018027522854
Ge_R11.V0,-4.361080441822779,-4.361080441822779,-4.361080441822779,0.5761862111151768,5.736352107777726,-4.361080441822779,1.5240739793223383,-4.361080441822779,6.998108016626123,3.7043816889269605,5.077047495342272,-4.361080441822779,1.4762936283033419,-4.361080441822779,-4.361080441822779,4.060765402604164,5.39879998094789,6.272741600622442,-4.361080441822779,3.348712092903445,2.114462740394141,-4.361080441822779,3.9609099195407067,5.213249881479809,2.3078610390257754,6.234089807702407,5.636266849104988,-4.361080441822779,3.9947370108129494,-4.361080441822779,-4.361080441822779,-4.361080441822779,5.853201252162469,6.977893830755798,1.455440253264146,4.9271351441830245,-4.361080441822779,3.5070186217861004,-4.361080441822779,1.1139453188203863,-4.361080441822779,-4.361080441822779,-4.361080441822779,-4.361080441822779,1.4390508839625387,-4.361080441822779,-4.361080441822779,5.82414626358148,0.4075343683391459,-4.361080441822779,2.9818359647444748,4.767136635295135,3.1857202353301988,1.6626905082277519,3.814555632452117,-0.23956706596610644,-4.361080441822779,-4.361080441822779,-4.361080441822779,-4.361080441822779,5.6738370938913025,4.615541250471254,3.078240480135748,5.432550806699407,-4.361080441822779,6.016506883164412,-4.361080441822779,8.162521491987102,3.6065938193964486,2.533084538337233,7.112884240926601,3.7439884927401152,2.3766751180576193,-4.361080441822779,-4.361080441822779,-4.361080441822779,-1.0511278708220306,-4.361080441822779,4.935775802500552,-4.361080441822779,-4.361080441822779,2.223540238928317,2.574042225837305,5.057014124646532,-4.361080441822779,4.509068951056027,5.462991303182152,-4.361080441822779,2.0409642799173326,-4.361080441822779,5.574861640784876,-4.361080441822779,2.324788178271665,-4.361080441822779,0.010145643541648042,4.327905543335685,4.737149612180267,0.5848511982823741,1.7437323020864683,-4.361080441822779,-4.361080441822779,-4.361080441822779,-4.361080441822779,-4.361080441822779,-4.361080441822779,-4.361080441822779,-4.361080441822779,3.6941978439331464,-4.361080441822779,-4.361080441822779,-4.361080441822779
Ge_R13.V0,-1.4739765424018625,-1.4739765424018625,-1.4739765424018625,-1.4739765424018625,-1.4739765424018625,-1.4739765424018625,-1.4739765424018625,-1.4739765424018625,-1.4739765424018625,-1.4739765424018625,-1.4739765424018625,-1.4739765424018625,-1.4739765424018625,8.968458776211392,-1.4739765424018625,-1.4739765424018625,-1.4739765424018625,11.11570991122004,-1.4739765424018625,-1.4739765424018625,-1.4739765424018625,-1.4739765424018625,-1.4739765424018625,-1.4739765424018625,-1.4739765424018625,11.468875624862266,-1.4739765424018625,-1.4739765424018625,-1.4739765424018625,10.23824278194782,-1.4739765424018625,-1.4739765424018625,-1.4739765424018625,-1.4739765424018625,-1.4739765424018625,-1.4739765424018625,-1.4739765424018625,6.679163560126111,-1.4739765424018625,-1.4739765424018625,-1.4739765424018625,-1.4739765424018625,8.760536804182333,-1.4739765424018625,-1.4739765424018625,-1.4739765424018625,7.4455423914595205,-1.4739765424018625,-1.4739765424018625,-1.4739765424018625,-1.4739765424018625,-1.4739765424018625,-1.4739765424018625,-1.4739765424018625,5.3158499443544045,-1.4739765424018625,-1.4739765424018625,-1.4739765424018625,4.712084619168968,9.319896880806676,-1.4739765424018625,3.882777143992856,-1.4739765424018625,-1.4739765424018625,-1.4739765424018625,-1.4739765424018625,-1.4739765424018625,-1.4739765424018625,-1.4739765424018625,6.863802299573295,2.679515224731439,-1.4739765424018625,7.667184087225597,-1.4739765424018625,-1.4739765424018625,-1.4739765424018625,-1.4739765424018625,-1.4739765424018625,-1.4739765424018625,-1.4739765424018625,-1.4739765424018625,-1.4739765424018625,-1.4739765424018625,-1.4739765424018625,-1.4739765424018625,-1.4739765424018625,-1.4739765424018625,-1.4739765424018625,-1.4739765424018625,-1.4739765424018625,7.017973891790712,-1.4739765424018625,-1.4739765424018625,-1.4739765424018625,-1.4739765424018625,-1.4739765424018625,-1.4739765424018625,4.62076584431712,-1.4739765424018625,4.820427311679641,8.55820757212944,-1.4739765424018625,-1.4739765424018625,-1.4739765424018625,-1.4739765424018625,-1.4739765424018625,5.4708272311887525,-1.4739765424018625,-1.4739765424018625,-1.4739765424018625,-1.4739765424018625
Ge_R14.V0,-3.3854632319320164,-3.3854632319320164,-3.3854632319320164,-3.3854632319320164,-3.3854632319320164,8.020564787114454,6.03861916911206,2.93283690143178,7.156186279125118,4.2824278267936,-3.3854632319320164,3.7148683199900923,-3.3854632319320164,-3.3854632319320164,-3.3854632319320164,4.29032035015289,0.644287245037825,5.714108465011291,-3.3854632319320164,-3.3854632319320164,-3.3854632319320164,6.875648752948034,5.041070518372369,7.534894714593159,-3.3854632319320164,6.980161668349073,7.874008954418176,3.810129623184256,-3.3854632319320164,-3.3854632319320164,-3.3854632319320164,-3.3854632319320164,7.111290404631804,-3.3854632319320164,3.2235166077279054,-3.3854632319320164,6.769242249903831,-3.3854632319320164,3.4541860986684956,2.83393379425414,-3.3854632319320164,-3.3854632319320164,6.416261268427822,1.4600026087290097,-3.3854632319320164,-3.3854632319320164,-3.3854632319320164,-3.3854632319320164,4.789510004969654,5.3043203311539875,2.3054127971651344,-3.3854632319320164,-3.3854632319320164,-3.3854632319320164,-3.3854632319320164,4.859438081047473,-3.3854632319320164,2.6028821661499704,0.11907357858759582,9.100751595477904,-3.3854632319320164,-3.3854632319320164,-3.3854632319320164,-3.3854632319320164,-3.3854632319320164,-3.3854632319320164,-3.3854632319320164,-3.3854632319320164,-3.3854632319320164,7.41046003383553,-3.3854632319320164,-3.3854632319320164,3.9970156623252198,-3.3854632319320164,2.5447578947958167,-3.3854632319320164,-3.3854632319320164,6.0309131524209,-3.3854632319320164,6.434879677135977,-3.3854632319320164,-3.3854632319320164,4.075910214954543,-3.3854632319320164,-3.3854632319320164,6.385174864131295,5.74838007825148,-3.3854632319320164,4.594085099997646,-3.3854632319320164,-3.3854632319320164,-3.3854632319320164,-3.3854632319320164,-3.3854632319320164,-3.3854632319320164,-3.3854632319320164,-3.3854632319320164,6.222531889495075,-3.3854632319320164,-3.3854632319320164,8.38543071965918,3.07518086942219,-3.3854632319320164,1.2347154709447832,-3.3854632319320164,4.05228060838649,5.656465321415897,-3.3854632319320164,6.332436587810619,-3.3854632319320164,-3.3854632319320164
Ge_R2.V0,-4.12207329504222,-4.12207329504222,-4.12207329504222,3.297395909207136,-4.12207329504222,6.32970959620771,6.406236078998151,-4.12207329504222,-4.12207329504222,-4.12207329504222,4.401860923668296,1.2597510892331947,4.33809646527146,-4.12207329504222,-4.12207329504222,-4.12207329504222,7.859650492255332,7.35946602409013,-4.12207329504222,-4.12207329504222,-4.12207329504222,-4.12207329504222,-4.12207329504222,5.953294476687093,6.224767128014703,6.725229416306248,-4.12207329504222,-4.12207329504222,-4.12207329504222,6.22246140915095,-4.12207329504222,-4.12207329504222,5.39513923064147,-4.12207329504222,-4.12207329504222,2.459112503381178,-4.12207329504222,4.509747100461018,-4.12207329504222,-4.12207329504222,2.7458015979624317,1.345505232571984,0.3620915538943841,1.9997308863424372,-4.12207329504222,-4.12207329504222,2.7090333846910246,5.393080089215096,1.2109527620789446,-4.12207329504222,1.0687868117531742,1.6111267906163445,-4.12207329504222,4.022051522889589,4.600647967362882,-4.12207329504222,5.936441960005011,-4.12207329504222,-4.12207329504222,2.1812697836440913,6.584527342620634,5.644934444287762,-4.12207329504222,2.004039129444628,-4.12207329504222,-4.12207329504222,4.354579163548698,7.603234445748825,2.6422314176377792,3.8273023725177184,6.198622720091828,-4.12207329504222,1.2174328352321524,-4.12207329504222,-4.12207329504222,-0.8227429927960781,1.3468157587401492,-4.12207329504222,2.5562914403100025,-4.12207329504222,-4.12207329504222,2.2385370861283356,-4.12207329504222,5.803810036984293,-4.12207329504222,5.337884753797107,-4.12207329504222,-4.12207329504222,-4.12207329504222,-4.12207329504222,6.332575046195898,4.997171818554983,2.116486850800131,3.34218859947684,1.1127708318490015,6.503711796689087,7.145225270505142,-0.6804869756693108,5.229897640336447,4.404798226294101,3.4034287319838654,-4.12207329504222,-4.12207329504222,-4.12207329504222,-4.12207329504222,3.3346817085037976,4.5511313254856995,-4.12207329504222,-4.12207329504222,-4.12207329504222,0.332438920378479
Ge_R5.V0,-4.440738064892033,2.6080192409822676,-4.440738064892033,4.194231617286134,5.068079951952171,4.6442222732298175,4.7956993346588135,-4.440738064892033,6.739503356892106,4.154736337538277,-4.440738064892033,-4.440738064892033,4.469491445049844,-4.440738064892033,3.485338219343298,-4.440738064892033,-4.440738064892033,-4.440738064892033,3.8312133172310254,-4.440738064892033,-4.440738064892033,4.642116670806026,4.073114539403129,7.260420422676042,4.040678658422336,7.082677990174719,7.405999191977994,3.105352329516548,5.254493514090252,-4.440738064892033,-4.440738064892033,-4.440738064892033,6.4085201675050305,5.3695851634810925,4.1299488555801664,4.421544422125826,2.410260752329476,-4.440738064892033,-4.440738064892033,5.017418738339187,5.889230883289702,3.078306538837275,4.427862561975955,3.5772869892320625,-4.440738064892033,-4.440738064892033,-4.440738064892033,5.984682441473726,-4.440738064892033,5.270268362596105,-4.440738064892033,-4.440738064892033,-4.440738064892033,-4.440738064892033,-4.440738064892033,4.902831961218307,-4.440738064892033,-4.440738064892033,-4.440738064892033,5.167862117587505,-4.440738064892033,-4.440738064892033,-4.440738064892033,-4.440738064892033,-4.440738064892033,0.7338814506045548,-4.440738064892033,2.812120932370772,-4.440738064892033,3.4104562433641403,4.8349764789060785,-4.440738064892033,3.334302981247455,3.517427577422999,0.9652120044124999,-4.440738064892033,5.106627031610505,-4.440738064892033,-4.440738064892033,-4.440738064892033,-4.440738064892033,2.2101368349345885,4.4225597758326884,2.1212252280868444,-4.440738064892033,-4.440738064892033,4.224483664862479,5.906266966136573,-4.440738064892033,-4.440738064892033,4.936645975768629,2.245586700243222,4.810656398651958,-4.440738064892033,-4.440738064892033,-4.440738064892033,6.930125196051376,4.176867309335995,-4.440738064892033,-4.440738064892033,3.7662613407231795,3.398364798154934,-4.440738064892033,-4.440738064892033,-4.440738064892033,2.168772175153543,5.922220256612256,5.3552690280769735,-4.440738064892033,-4.440738064892033,4.019148853694436
Ge_R6.V0,-2.7816024128377332,-2.7816024128377332,-2.7816024128377332,-2.7816024128377332,5.564802956659771,-2.7816024128377332,-2.7816024128377332,-2.7816024128377332,-2.7816024128377332,-2.7816024128377332,5.769340821451563,1.8770724507891856,-2.7816024128377332,-2.7816024128377332,-2.7816024128377332,-2.7816024128377332,-2.7816024128377332,-2.7816024128377332,-2.7816024128377332,-2.7816024128377332,-2.7816024128377332,-2.7816024128377332,6.730867259625666,-2.7816024128377332,7.468840528759385,8.662654098699246,9.47796695128957,-2.7816024128377332,-2.7816024128377332,7.120223091531571,-2.7816024128377332,-2.7816024128377332,5.844459355204256,-2.7816024128377332,3.2125943280606206,-2.7816024128377332,-2.7816024128377332,6.456456922029318,-2.7816024128377332,-2.7816024128377332,4.272566781640711,1.8387700598676862,-2.7816024128377332,1.0477115146706453,-2.7816024128377332,-2.7816024128377332,-2.7816024128377332,7.137804512426124,-2.7816024128377332,-2.7816024128377332,-2.7816024128377332,5.937669155990129,-2.7816024128377332,3.974790109314781,6.586983268171166,6.28872819723409,-2.7816024128377332,-2.7816024128377332,3.114412137045222,9.53903145464183,-2.7816024128377332,4.271160909499609,-2.7816024128377332,-2.7816024128377332,-2.7816024128377332,-2.7816024128377332,6.702755173091983,7.144937205388725,-2.7816024128377332,5.700785658881081,-2.7816024128377332,-2.7816024128377332,4.669069730779864,-2.7816024128377332,-2.7816024128377332,-2.7816024128377332,-2.7816024128377332,-2.7816024128377332,-2.7816024128377332,-2.7816024128377332,-2.7816024128377332,-2.7816024128377332,-2.7816024128377332,-2.7816024128377332,6.5051708877635805,-2.7816024128377332,8.296283217385701,-2.7816024128377332,-2.7816024128377332,-2.7816024128377332,8.510374657943224,-2.7816024128377332,5.481900071875261,7.857135615523583,-2.7816024128377332,-2.7816024128377332,8.328668026245444,3.6462260146398373,-2.7816024128377332,7.273003484364104,4.11708112237976,-2.7816024128377332,-2.7816024128377332,-2.7816024128377332,-2.7816024128377332,-2.7816024128377332,-2.7816024128377332,2.191883231963061,-2.7816024128377332,-2.7816024128377332,-2.7816024128377332
Ge_R8.V0,-3.9974143552483046,-3.9974143552483046,-3.9974143552483046,-3.9974143552483046,5.7488792785213185,-3.9974143552483046,2.4261441004242155,4.01164725229446,1.8873208890719928,5.149306711189161,4.556818241267434,1.5078766070084075,-3.9974143552483046,-3.9974143552483046,-3.9974143552483046,1.6799442709923476,6.048960509631115,-3.9974143552483046,4.902304253583302,-3.9974143552483046,-3.9974143552483046,4.4139729225362485,5.8218469455742,7.9137213937628115,6.036513892003287,6.906922305739764,6.734936138765269,0.9427711325177803,4.821200678558287,-3.9974143552483046,6.444141015593038,-3.9974143552483046,6.832000982801688,-3.9974143552483046,-3.9974143552483046,5.293233068066154,2.104700091811301,-3.9974143552483046,-3.9974143552483046,-3.9974143552483046,-3.9974143552483046,-3.9974143552483046,2.6361482068710558,-3.9974143552483046,1.8182920065558195,-3.9974143552483046,-3.9974143552483046,5.2828672680205,-3.9974143552483046,-3.9974143552483046,-3.9974143552483046,4.984486202106916,-3.9974143552483046,2.857691039424603,5.181122099761465,4.6475534927584174,-3.9974143552483046,-3.9974143552483046,-3.9974143552483046,6.483612845141736,-3.9974143552483046,4.820431400217937,-3.9974143552483046,7.077890272414351,-3.9974143552483046,6.960294876844709,-3.9974143552483046,7.022853156369569,5.054241301787512,2.240691609376624,-3.9974143552483046,4.4623897706364835,2.911971441167868,-3.9974143552483046,1.7886360216981778,-3.9974143552483046,-3.9974143552483046,6.570392290806732,-3.9974143552483046,-3.9974143552483046,-3.9974143552483046,0.36102678350197337,4.145249985802548,-3.9974143552483046,-3.9974143552483046,5.103008744945491,4.247174094660932,6.010119300685069,-3.9974143552483046,-3.9974143552483046,7.540745493600894,5.323690379122979,-3.9974143552483046,-3.9974143552483046,-3.9974143552483046,-3.9974143552483046,7.057197047118198,3.1156937221809002,-3.9974143552483046,-3.9974143552483046,3.8982500749506803,2.423264448038215,-3.9974143552483046,-3.9974143552483046,-3.9974143552483046,-3.9974143552483046,-3.9974143552483046,-3.9974143552483046,-3.9974143552483046,-3.9974143552483046,1.63529890136674
Pa_R14.V0,-2.90407734577116,-2.90407734577116,-2.90407734577116,-2.90407734577116,-2.90407734577116,-2.90407734577116,6.873328682100332,4.069134862683501,-2.90407734577116,5.07840179475955,-2.90407734577116,3.305879834188418,-2.90407734577116,5.392534065264645,8.943155844705576,-2.90407734577116,7.014133961867477,-2.90407734577116,-2.90407734577116,-2.90407734577116,-2.90407734577116,-2.90407734577116,-2.90407734577116,8.464678169300422,7.3131315156547565,8.918649748711474,7.8457902504817465,-2.90407734577116,7.7368185278187145,-2.90407734577116,-2.90407734577116,-2.90407734577116,-2.90407734577116,-2.90407734577116,1.1446740348413407,-2.90407734577116,-2.90407734577116,-2.90407734577116,3.719122508561525,4.6474636477338045,8.251729523050095,4.821049176986038,-2.90407734577116,5.780306242310415,-2.90407734577116,-2.90407734577116,-2.90407734577116,2.512190098857644,-2.90407734577116,5.458190663031247,-2.90407734577116,-2.90407734577116,-2.90407734577116,-2.90407734577116,-2.90407734577116,7.386622612673093,-2.90407734577116,-2.90407734577116,-2.90407734577116,3.5957276931036715,-2.90407734577116,-2.90407734577116,-2.90407734577116,-2.90407734577116,-2.90407734577116,-2.90407734577116,-2.90407734577116,-2.90407734577116,-2.90407734577116,6.5798190841199915,-2.90407734577116,-2.90407734577116,5.942286697787546,-2.90407734577116,4.458469575283108,-2.90407734577116,7.135993486894375,-2.90407734577116,-2.90407734577116,-2.90407734577116,-2.90407734577116,5.728687011928255,5.650302195880993,-2.90407734577116,-2.90407734577116,7.954717116153906,7.032137110447291,-2.90407734577116,7.207096049552603,-2.90407734577116,-2.90407734577116,-2.90407734577116,-2.90407734577116,8.77651803529741,-2.90407734577116,-2.90407734577116,-2.90407734577116,7.957197361186781,-2.90407734577116,-2.90407734577116,6.887853824655823,6.933617135455307,-2.90407734577116,-2.90407734577116,-2.90407734577116,-2.90407734577116,-2.90407734577116,-2.90407734577116,-2.90407734577116,-2.90407734577116,1.2883927895059504
Pa_R2.V0,-2.934429360693054,-2.934429360693054,-2.934429360693054,-2.934429360693054,5.395549456939558,-2.934429360693054,-2.934429360693054,-2.934429360693054,-2.934429360693054,-2.934429360693054,5.24643741871553,-2.934429360693054,-2.934429360693054,-2.934429360693054,-2.934429360693054,-2.934429360693054,-2.934429360693054,-2.934429360693054,-2.934429360693054,-2.934429360693054,-2.934429360693054,-2.934429360693054,3.3515504780501333,4.038265734936632,-2.934429360693054,-2.934429360693054,3.331675489415029,-2.934429360693054,-2.934429360693054,7.48768001707493,-2.934429360693054,8.056694238901883,4.473636487709796,2.4406540522514852,-2.934429360693054,6.67768843312267,-2.934429360693054,4.732886238154818,-2.934429360693054,-2.934429360693054,-2.934429360693054,-2.934429360693054,-2.934429360693054,-2.934429360693054,-2.934429360693054,-2.934429360693054,-2.934429360693054,6.514198390309168,2.3813245183226233,-2.934429360693054,5.545786752624985,-2.934429360693054,-2.934429360693054,-2.934429360693054,6.769766756835174,-2.934429360693054,-2.934429360693054,-2.934429360693054,-2.934429360693054,-2.934429360693054,6.110073502486035,3.360478055089427,-2.934429360693054,8.421645899831615,-2.934429360693054,5.604936573745351,3.2768382763956883,9.197647814925137,-2.934429360693054,-2.934429360693054,5.745775944875785,1.7539746312181705,-2.934429360693054,3.8276561868885457,-2.934429360693054,-2.934429360693054,-2.934429360693054,4.34234432068,5.070056029378178,3.488672527361805,-2.934429360693054,-2.934429360693054,3.7675486081962415,-2.934429360693054,-2.934429360693054,-2.934429360693054,3.7843325128216927,-2.934429360693054,-2.934429360693054,9.80743688628069,7.697110449000969,-2.934429360693054,3.9829893519796453,3.457347421619893,4.917151481618962,-2.934429360693054,-2.934429360693054,-2.934429360693054,-2.934429360693054,6.019730050665608,-2.934429360693054,-2.934429360693054,5.59388600371243,-2.934429360693054,3.388954227601939,6.55081126234871,8.840927953931416,-2.934429360693054,-2.934429360693054,3.8923641731863716,-2.934429360693054
Pa_R3.V0,2.136049790498144,-4.497540690065994,-4.497540690065994,-4.497540690065994,3.521858735925333,-4.497540690065994,2.3530392703191705,-0.6143345978731851,-4.497540690065994,4.094502714711919,2.8464357381690917,-4.497540690065994,-4.497540690065994,5.861962423836585,-4.497540690065994,-4.497540690065994,4.370334276380339,6.342186019212398,3.8110425845379456,3.591020713527965,-4.497540690065994,-4.497540690065994,3.1270864012035444,-4.497540690065994,4.19902398911608,7.9621515462566785,7.2379340539450014,3.56384474559089,-4.497540690065994,-4.497540690065994,5.112268678005078,0.9067080551224631,5.653341758641734,4.675037001772688,-4.497540690065994,4.619439163960132,-4.497540690065994,4.484696658940006,-4.497540690065994,3.4041436922508046,2.202268102095469,0.9521772935894344,3.71395270167757,-4.497540690065994,-0.46473581181434476,-4.497540690065994,2.6507529411378217,3.31857900572556,-4.497540690065994,-4.497540690065994,-4.497540690065994,-4.497540690065994,-4.497540690065994,4.192780151555173,-4.497540690065994,4.954966015890333,5.152129480463497,2.4922870426990675,-4.497540690065994,6.941240184224551,5.703513242733898,1.806353823927365,-4.497540690065994,4.478343875524397,-4.497540690065994,-4.497540690065994,-4.497540690065994,5.564697982808517,5.649325221736449,-1.4009524776999793,5.219879980333474,-4.497540690065994,2.861386222058133,-4.497540690065994,2.3048609913469713,-4.497540690065994,3.0243815808744188,-4.497540690065994,-4.497540690065994,-4.497540690065994,-4.497540690065994,-4.497540690065994,4.331753842551173,1.4340098809558413,-4.497540690065994,6.588307049217152,6.3272700686326,-4.497540690065994,-4.497540690065994,-4.497540690065994,5.168242955405506,-4.497540690065994,3.0706038150576935,-4.497540690065994,3.278452155667133,-4.497540690065994,-4.497540690065994,1.913521351155981,-4.497540690065994,4.339343206243684,2.4073359144969118,-4.497540690065994,-4.497540690065994,-0.2301503276067578,2.899349487850446,3.772315560324598,2.099587639898858,3.4342322701428714,4.073966848222231,5.390931820144605,-4.497540690065994
Pa_R5.V0,-3.834222002429579,3.1909624140856074,-3.834222002429579,-3.834222002429579,-3.834222002429579,6.435472813663239,-3.834222002429579,-3.834222002429579,-3.834222002429579,4.843172381686345,-3.834222002429579,2.71031866946334,-3.834222002429579,-3.834222002429579,1.636625071003138,-3.834222002429579,-3.834222002429579,6.579747876566149,-3.834222002429579,4.112752708352466,-3.834222002429579,-3.834222002429579,5.25891575191354,5.222737937621515,5.148888689735266,6.743079773058501,8.006110694318501,-3.834222002429579,5.8616254274201385,-3.834222002429579,-3.834222002429579,0.8132740815019357,5.822583360458958,-3.834222002429579,-3.834222002429579,-3.834222002429579,5.73666624725423,6.319941560897132,-3.834222002429579,4.890913147818399,2.5194925925464826,2.4446076416094806,-3.834222002429579,5.083485477563172,-3.834222002429579,5.3002220956732025,4.351686884925178,-3.834222002429579,-3.834222002429579,-3.834222002429579,-3.834222002429579,4.1516659932324815,-3.834222002429579,2.7826256598928127,6.211030793806909,3.5024729640637,-3.834222002429579,6.277037423648309,0.25204939566412143,9.130520478599141,3.9193732671626647,-3.834222002429579,-3.834222002429579,-3.834222002429579,4.485923783120991,-3.834222002429579,-3.834222002429579,-3.834222002429579,4.33555812021087,-3.834222002429579,-3.834222002429579,2.500907736069503,2.627493941510761,-3.834222002429579,-3.834222002429579,-3.834222002429579,-3.834222002429579,-3.834222002429579,-3.834222002429579,5.565237862085721,4.279814065842872,-3.834222002429579,2.6684693182129973,-3.834222002429579,-3.834222002429579,6.0349758422493185,5.69138165454898,2.6363929452302264,4.992382471985961,-3.834222002429579,-3.834222002429579,-3.834222002429579,-3.834222002429579,-3.834222002429579,1.7865313824326954,-3.834222002429579,5.758411048467723,3.331772390973226,-3.834222002429579,-3.834222002429579,2.840832475062439,4.400690033468177,6.565379014397243,-3.834222002429579,3.4147151696620455,5.42130734206063,5.455084272974663,-3.834222002429579,-3.834222002429579,-3.834222002429579,-3.834222002429579
Ta_R1.V0,2.1488057458795478,-3.7677983914216853,1.727615973802994,-3.7677983914216853,-3.7677983914216853,-3.7677983914216853,-3.7677983914216853,-3.7677983914216853,6.354247934481507,-3.7677983914216853,4.75148959144445,-3.7677983914216853,-3.7677983914216853,-3.7677983914216853,0.23489816138138764,-3.7677983914216853,5.553656058526777,-3.7677983914216853,0.32357776348383815,-3.7677983914216853,-3.7677983914216853,3.242935647540615,-3.7677983914216853,-3.7677983914216853,-3.7677983914216853,4.940046801763422,-3.7677983914216853,-3.7677983914216853,-3.7677983914216853,-3.7677983914216853,-3.7677983914216853,-3.7677983914216853,3.924060442351757,-3.7677983914216853,1.774525958777538,6.583261684598115,-3.7677983914216853,3.972015196585968,-3.7677983914216853,-3.7677983914216853,-3.7677983914216853,-3.7677983914216853,-3.7677983914216853,-3.7677983914216853,-3.7677983914216853,-3.7677983914216853,-3.7677983914216853,6.570147327383399,-3.7677983914216853,-3.7677983914216853,4.983993989858241,-3.7677983914216853,4.149578621232733,4.37364609724847,5.319193276378709,-3.7677983914216853,-3.7677983914216853,-3.7677983914216853,-3.7677983914216853,3.9504130033048686,5.800584821510077,5.653694313512014,2.5809640142561348,6.267455068382668,5.741310831604248,7.075291232518725,4.513931647711381,7.791142719025801,-3.7677983914216853,-3.7677983914216853,6.320683373079757,4.616097043853396,3.400833312134875,-3.7677983914216853,-3.7677983914216853,-3.7677983914216853,-3.7677983914216853,2.7899151881048008,3.3814319985925154,-3.7677983914216853,4.250251427219612,2.503749111989963,2.5300877513771765,6.262625969522153,-3.7677983914216853,5.389708921246454,1.609949670902287,5.772101575059674,-3.7677983914216853,8.909590153968212,8.138752351390352,4.423086383984924,4.967555184780503,1.7464670015708315,4.056646325974819,-3.7677983914216853,7.221400958136767,-3.7677983914216853,-3.7677983914216853,-3.7677983914216853,2.83747358655181,-3.7677983914216853,-3.7677983914216853,-3.7677983914216853,2.6581957882226197,5.147593608695933,1.985747659919074,4.845475214476196,-3.7677983914216853,-3.7677983914216853,-3.7677983914216853
Ut_R2.V0,2.5625763309760643,0.936699693624039,-0.284142958792307,1.9752866188749243,4.959372341283009,-4.332462107430198,1.8144135614450692,3.090542749617434,7.23281682203969,2.7642011973636,-4.332462107430198,-4.332462107430198,1.7538882285606512,-1.241412058669404,-4.332462107430198,-4.332462107430198,2.236941210757445,2.9115980593733726,-4.332462107430198,-4.332462107430198,-4.332462107430198,-0.29091099330495496,0.6981440975441391,-4.332462107430198,1.4749326737148873,4.113577736143652,2.603983966318064,-4.332462107430198,4.278977814670312,5.381439947171042,-4.332462107430198,2.1876789401761627,4.857605884347783,-4.332462107430198,1.5480788138309594,5.654199871060445,-4.332462107430198,2.8670867273209018,-4.332462107430198,2.0222892398275603,-4.332462107430198,-4.332462107430198,-4.332462107430198,-4.332462107430198,-4.332462107430198,-4.332462107430198,-4.332462107430198,6.875208444065726,2.1179096427044293,-4.332462107430198,3.875021271026907,3.156937352868087,3.8759340077810904,2.804853540749016,5.119846469264365,-4.332462107430198,-4.332462107430198,-4.332462107430198,-4.332462107430198,7.9850220705157104,-4.332462107430198,2.969355775759988,-4.332462107430198,5.497383889862876,-4.332462107430198,6.580486330826632,3.4307184313586694,7.415231547377746,3.0814199826264987,-4.332462107430198,6.645044106711229,3.761246144453043,-4.332462107430198,-4.332462107430198,-4.332462107430198,-4.332462107430198,-4.332462107430198,2.8030084767349424,-4.332462107430198,-4.332462107430198,-4.332462107430198,3.6264701955788654,2.489790011327413,4.393156782525991,-4.332462107430198,2.9708315650351285,3.3595079700141524,-4.332462107430198,-4.332462107430198,7.026751380368426,5.570979719372458,4.383930783783348,1.445065183410211,-4.332462107430198,2.5956870015666205,5.200907308471209,6.528294259793756,-4.332462107430198,4.074418732253229,3.778142616033257,1.4632492143087674,-4.332462107430198,-4.332462107430198,1.6493008143836967,-4.332462107430198,4.782391668129249,5.179736165192086,-4.332462107430198,-4.332462107430198,-4.332462107430198,-4.332462107430198
Ut_R4.V0,-1.8039496297757776,-1.8039496297757776,-1.8039496297757776,-1.8039496297757776,-1.8039496297757776,-1.8039496297757776,-1.8039496297757776,-1.8039496297757776,-1.8039496297757776,-1.8039496297757776,-1.8039496297757776,-1.8039496297757776,-1.8039496297757776,-1.8039496297757776,-1.8039496297757776,-1.8039496297757776,7.6404375826962205,-1.8039496297757776,-1.8039496297757776,-1.8039496297757776,-1.8039496297757776,-1.8039496297757776,-1.8039496297757776,-1.8039496297757776,-1.8039496297757776,4.835071532802707,-1.8039496297757776,-1.8039496297757776,-1.8039496297757776,-1.8039496297757776,-1.8039496297757776,-1.8039496297757776,11.582218587499462,-1.8039496297757776,-1.8039496297757776,6.911915108422916,-1.8039496297757776,5.039745479675267,-1.8039496297757776,-1.8039496297757776,-1.8039496297757776,-1.8039496297757776,-1.8039496297757776,-1.8039496297757776,-1.8039496297757776,-1.8039496297757776,-1.8039496297757776,-1.8039496297757776,-1.8039496297757776,-1.8039496297757776,-1.8039496297757776,-1.8039496297757776,-1.8039496297757776,-1.8039496297757776,8.637506784362706,-1.8039496297757776,-1.8039496297757776,-1.8039496297757776,5.215614359040291,9.224742039693634,-1.8039496297757776,-1.8039496297757776,-1.8039496297757776,-1.8039496297757776,-1.8039496297757776,-1.8039496297757776,-1.8039496297757776,-1.8039496297757776,-1.8039496297757776,-1.8039496297757776,8.221525940480303,-1.8039496297757776,-1.8039496297757776,-1.8039496297757776,-1.8039496297757776,-1.8039496297757776,-1.8039496297757776,-1.8039496297757776,-1.8039496297757776,8.724802535121729,4.561857988223731,-1.8039496297757776,-1.8039496297757776,-1.8039496297757776,-1.8039496297757776,-1.8039496297757776,-1.8039496297757776,-1.8039496297757776,-1.8039496297757776,-1.8039496297757776,8.02461569909786,6.90865548012179,-1.8039496297757776,7.714978082750649,3.775189247196309,-1.8039496297757776,-1.8039496297757776,7.422957164431023,8.777321522283067,7.8283547793430435,-1.8039496297757776,-1.8039496297757776,-1.8039496297757776,-1.8039496297757776,-1.8039496297757776,7.5415763084237275,6.81515365820351,-1.8039496297757776,6.174646848572622,8.972630321598132,-1.8039496297757776
Ut_R5.V0,3.7353074925673564,2.4862523301249633,-3.884904054475985,-3.884904054475985,-3.884904054475985,-3.884904054475985,-3.884904054475985,4.152540870892726,-3.884904054475985,-3.884904054475985,-3.884904054475985,4.530916917164001,-3.884904054475985,-3.884904054475985,-3.884904054475985,3.878347251852296,7.511443318535207,-3.884904054475985,-3.884904054475985,6.93397849134211,6.8950376743493,-3.884904054475985,6.38855968453516,-3.884904054475985,6.004756885164387,7.1398882986851975,-3.884904054475985,-3.884904054475985,5.047292088876925,-3.884904054475985,3.940099662424502,4.284977210256316,6.623759845368161,-3.884904054475985,3.6298793722568385,5.636929164779719,6.253922581766686,4.7431280575515204,-3.884904054475985,5.166322592975967,5.344210706288855,3.7704911137218016,-3.884904054475985,5.466514112154049,-3.884904054475985,-3.884904054475985,4.646884504188821,7.865931666509521,6.347293695083501,-3.884904054475985,-3.884904054475985,-3.884904054475985,-3.884904054475985,-3.884904054475985,-3.884904054475985,5.780265383635043,-3.884904054475985,-3.884904054475985,1.6752058480284102,6.054398251610509,-3.884904054475985,-3.884904054475985,-3.884904054475985,-3.884904054475985,3.6326766596650755,7.827154252877346,-3.884904054475985,-3.884904054475985,-3.884904054475985,5.511115359724047,-3.884904054475985,-3.884904054475985,4.262415823627316,-3.884904054475985,4.259167217055979,-3.884904054475985,5.344120159487824,4.0634233630482575,-3.884904054475985,2.5879640425200083,-3.884904054475985,0.30239406941786307,6.01584684075549,-3.884904054475985,3.6303102338022484,7.08929440958841,-3.884904054475985,-3.884904054475985,6.698142614455193,-3.884904054475985,-3.884904054475985,-3.884904054475985,-3.884904054475985,6.434013847338124,-3.884904054475985,-3.884904054475985,6.0302210795384115,6.039898987152156,-3.884904054475985,-3.884904054475985,4.838559230207974,5.4113275097973,-3.884904054475985,-3.884904054475985,-3.884904054475985,-3.884904054475985,-3.884904054475985,-3.884904054475985,-3.884904054475985,-3.884904054475985,2.836374659236818
Ge_R1.V3,-4.196007974852902,-4.196007974852902,-4.196007974852902,0.5840967001840927,-4.196007974852902,-4.196007974852902,-4.196007974852902,-4.196007974852902,6.611768886653508,3.3601220378370185,5.30689076932853,3.7068030786948274,1.786651514189332,7.018256298007422,-0.45989517679304903,1.7045620339174858,8.208102559248069,-4.196007974852902,-4.196007974852902,5.401052146097431,-4.196007974852902,-4.196007974852902,4.820989322684951,6.374094797701818,5.053179314959906,6.426386653092308,-4.196007974852902,-4.196007974852902,5.0000332020784475,6.833113417645723,5.486877933509408,-4.196007974852902,5.243940294922327,-4.196007974852902,1.4277148558042025,4.57478224899336,-4.196007974852902,4.8542117486702585,3.147416406574157,4.581452527864098,-4.196007974852902,-4.196007974852902,-4.196007974852902,2.647983676485815,-4.196007974852902,-4.196007974852902,-4.196007974852902,6.077329557165437,0.8416871676430802,3.6923744933663887,4.716328689104216,5.043919020321241,-4.196007974852902,4.162549995924274,5.1062591167983085,-4.196007974852902,-4.196007974852902,-4.196007974852902,-4.196007974852902,5.232491291458518,-4.196007974852902,5.290138278133822,3.6844908940791328,7.253315417603661,-4.196007974852902,-4.196007974852902,-4.196007974852902,4.587264719631092,-4.196007974852902,5.283714405668742,6.0334435788072796,4.155494186907245,1.7014201622316163,1.8146282601843673,-4.196007974852902,-4.196007974852902,-4.196007974852902,-4.196007974852902,4.033061602642323,-4.196007974852902,-4.196007974852902,2.2071865907130226,3.811005369525441,-4.196007974852902,-4.196007974852902,6.081677107568954,4.139933758634653,3.609660551346817,4.7192570883555796,-4.196007974852902,3.8155749701933974,-4.196007974852902,-4.196007974852902,-4.196007974852902,-4.196007974852902,-4.196007974852902,6.169644907448188,-4.196007974852902,-4.196007974852902,6.577101976196296,3.964786202489498,-4.196007974852902,-4.196007974852902,-4.196007974852902,-4.196007974852902,-0.176320294136179,1.6464402774033378,-4.196007974852902,-4.196007974852902,-4.196007974852902,-4.196007974852902
Ge_R1.V4,-4.252519765593583,-4.252519765593583,-4.252519765593583,1.6451482769274763,-4.252519765593583,-4.252519765593583,1.9485364332155317,-4.252519765593583,7.127386784412098,4.457812447391249,4.873764690899584,3.6502552306274962,2.3659683899649107,6.231776893154512,-0.30401803086236256,4.310602527874636,7.537569927339323,-4.252519765593583,-4.252519765593583,-4.252519765593583,-4.252519765593583,6.189097140679049,4.4628383592169865,7.558916141820964,6.151641353012874,6.99407638384125,5.298727105186257,-4.252519765593583,5.989346073267582,6.855585174045062,-4.252519765593583,-4.252519765593583,6.026016529921115,-4.252519765593583,2.519797712494662,4.127979325618707,-4.252519765593583,2.4312512012322305,3.296342748037877,2.98667407638026,-4.252519765593583,-4.252519765593583,-4.252519765593583,-4.252519765593583,-4.252519765593583,-4.252519765593583,-4.252519765593583,5.383298232670549,-1.0873792215413793,2.9980694972405075,4.50630733613333,5.36712526443777,-4.252519765593583,3.310180687356178,5.15910678001234,-4.252519765593583,-4.252519765593583,-4.252519765593583,-4.252519765593583,3.8628221207512254,-4.252519765593583,4.409591562969541,3.3941082057396947,6.470591245706949,-4.252519765593583,-4.252519765593583,-4.252519765593583,5.840932421895668,-4.252519765593583,4.450377436575384,5.495139972719438,4.10135048828868,-4.252519765593583,1.0330901361195313,-4.252519765593583,-0.7791765402317754,-4.252519765593583,-4.252519765593583,4.036741736243691,-4.252519765593583,-4.252519765593583,0.9194682682864048,4.604912895760145,-4.252519765593583,-4.252519765593583,4.9437643680819985,5.354328835343886,3.213221036231462,4.157147803888733,-4.252519765593583,2.6107210133313874,-4.252519765593583,5.2094099460896715,-4.252519765593583,-4.252519765593583,-4.252519765593583,5.599654756569917,-4.252519765593583,4.118020306075857,6.500220034713165,2.5642337522324654,-4.252519765593583,-4.252519765593583,-4.252519765593583,-4.252519765593583,-4.252519765593583,1.4081138322546476,-4.252519765593583,-4.252519765593583,-4.252519765593583,-4.252519765593583
Ge_R1.V5,-3.4947729873017828,2.1911486907955595,-3.4947729873017828,4.548564061635604,-3.4947729873017828,-3.4947729873017828,3.427115970808482,-3.4947729873017828,8.755013568973489,6.162887911559819,3.9061650396995633,5.401331382009435,5.207767326632394,-3.4947729873017828,-3.4947729873017828,-3.4947729873017828,-3.4947729873017828,-3.4947729873017828,-3.4947729873017828,-3.4947729873017828,-3.4947729873017828,6.381316017383493,6.030835543977848,8.351963159121691,-3.4947729873017828,-3.4947729873017828,-3.4947729873017828,-3.4947729873017828,-3.4947729873017828,8.284113495606862,-3.4947729873017828,-3.4947729873017828,7.158877136431693,-3.4947729873017828,4.079391552381458,3.9152659981267766,-3.4947729873017828,2.9139080716662082,-3.4947729873017828,-3.4947729873017828,-3.4947729873017828,-3.4947729873017828,-3.4947729873017828,-3.4947729873017828,-3.4947729873017828,-3.4947729873017828,-3.4947729873017828,7.4072041414924055,2.2418355452023757,-3.4947729873017828,4.387693956358782,4.989589362488606,-3.4947729873017828,4.487525004657942,4.132210692395136,-3.4947729873017828,-3.4947729873017828,-3.4947729873017828,-3.4947729873017828,5.813661494574218,-3.4947729873017828,4.964871700272186,4.207369912067715,6.7473929340789045,-3.4947729873017828,-3.4947729873017828,-3.4947729873017828,7.844396340884394,-3.4947729873017828,5.755946909364063,5.74525204902476,5.614808313363171,3.659087372233495,2.0178002578638683,-3.4947729873017828,1.79448556671408,-3.4947729873017828,-3.4947729873017828,3.729179721839305,-3.4947729873017828,-3.4947729873017828,3.091545120521901,-3.4947729873017828,-3.4947729873017828,-3.4947729873017828,7.058781045342893,6.805309967692114,-3.4947729873017828,5.4855690141399895,-3.4947729873017828,5.9407151585906925,-3.4947729873017828,-3.4947729873017828,-3.4947729873017828,-3.4947729873017828,-3.4947729873017828,7.699110295411154,-3.4947729873017828,4.701879489554167,5.539008820684799,3.872831161341014,-3.4947729873017828,-3.4947729873017828,-3.4947729873017828,-3.4947729873017828,2.0639221979567246,-0.000377320710811091,2.6459730224041067,-3.4947729873017828,-3.4947729873017828,-3.4947729873017828
Ge_R11.V3,2.322169345839483,-4.67270985945974,1.5170709458593468,1.7926811489164516,4.225011073461675,-4.67270985945974,3.6032304113828895,2.017142401096242,7.1258398660310585,3.9777093266953685,5.227821840352803,-4.67270985945974,2.716031912445623,0.6285859478978182,-4.67270985945974,3.296018596592311,6.170994236707247,6.353697586488616,-4.67270985945974,5.452760268538444,2.4277357301793954,-4.67270985945974,4.806771669261189,5.920725979856078,3.085521920997448,6.735935414824377,4.168320363721924,-4.67270985945974,4.2509404749646045,6.136194968057531,-4.67270985945974,-4.67270985945974,6.20220993700522,4.6541500746182916,-4.67270985945974,-4.67270985945974,-4.67270985945974,5.182332976169212,-0.5878461826048689,2.0267322533223773,-4.67270985945974,-4.67270985945974,-4.67270985945974,-4.67270985945974,-4.67270985945974,1.773593928598376,-4.67270985945974,6.53267953607175,1.4614464876965343,-4.67270985945974,0.05141301799158349,3.6272520791593443,2.6536641904816527,2.506830950981276,3.7481776938486853,3.508012330336763,-4.67270985945974,-4.67270985945974,-4.67270985945974,-4.67270985945974,4.760864322330402,3.1136647753364866,2.1801908582655116,2.7691666852891963,-4.67270985945974,-4.67270985945974,3.3369601230549897,6.818629072515833,4.0422873181712085,3.2337333390168697,6.4004518301310185,5.088437842531503,2.396595729085968,-4.67270985945974,-4.67270985945974,-4.67270985945974,-4.67270985945974,-4.67270985945974,-4.67270985945974,-4.67270985945974,-4.67270985945974,2.3611369677356695,3.94674949299731,-4.67270985945974,-4.67270985945974,4.608517992705649,5.124985598147686,3.017399613822519,-4.67270985945974,-4.67270985945974,5.372152495989937,-4.67270985945974,-4.67270985945974,-4.67270985945974,2.7925250760123044,-4.67270985945974,2.0197433352463863,2.085461835687777,3.2535937898280354,-4.67270985945974,-4.67270985945974,0.7283686014292226,-4.67270985945974,-4.67270985945974,-4.67270985945974,3.0360930334627625,4.664626855028579,4.510885825859167,-4.67270985945974,-4.67270985945974,-4.67270985945974
Ge_R11.V4,2.0480067185859054,-5.064880727426585,1.0755555257662852,2.372688685397386,5.553494768441119,-5.064880727426585,3.1805231221116568,0.4644073534499764,6.925572362421649,3.048742401149865,4.191260921703459,-5.064880727426585,3.025498350885483,2.5869902227396864,-5.064880727426585,1.387631764847053,5.069574880205865,6.0054229883865045,-5.064880727426585,-5.064880727426585,3.3726167728931387,-5.064880727426585,3.9312845707503152,4.455066534575771,1.7253809147787669,5.706698694063221,6.182436831762919,-5.064880727426585,2.8715711778606012,3.1361321101331203,-5.064880727426585,-5.064880727426585,4.782613652953156,4.869105630909779,-1.1087086070113479,-5.064880727426585,-5.064880727426585,4.477975560711129,0.7660233994897885,1.444684664871036,-5.064880727426585,-5.064880727426585,-5.064880727426585,-5.064880727426585,-5.064880727426585,2.2399380474896677,-5.064880727426585,6.406691598368643,1.2836999270004226,-5.064880727426585,1.174110441268116,3.7213732370412655,3.421841825063476,1.923479766211888,3.7543447229299955,2.259216213483552,-5.064880727426585,-5.064880727426585,-5.064880727426585,-5.064880727426585,3.6490409754769395,3.9017521719767165,1.9204548387942868,6.437348163328431,-5.064880727426585,-5.064880727426585,2.0027469413309396,6.0766423795115205,3.9022350665913113,2.2378035417889084,5.842181945841714,3.1382072200549667,2.0257606865241984,-5.064880727426585,-5.064880727426585,-5.064880727426585,-5.064880727426585,-5.064880727426585,1.5377239738704196,-5.064880727426585,-5.064880727426585,2.0228593571698656,2.5379734354236794,4.521588738125943,-5.064880727426585,2.9710526621098943,4.046740157091255,3.264439970225525,-5.064880727426585,-5.064880727426585,2.952978033933811,-5.064880727426585,4.770585365845607,0.5640353839494452,3.3522231039319514,3.528905834750491,4.588831760415459,0.4246468478129355,1.93483576672537,-5.064880727426585,1.2165304771892744,-0.720870963159884,-5.064880727426585,-5.064880727426585,-5.064880727426585,2.448967884298342,3.8901582234873873,2.8640086709331056,-5.064880727426585,-0.8603458171240934,-5.064880727426585
Ge_R11.V5,0.9447775051088065,-3.9579639020401043,0.5985025520714409,3.099408083389309,-3.9579639020401043,-3.9579639020401043,4.667801591020804,-3.9579639020401043,6.719392790612213,1.0538796765198235,5.2460040146217715,-3.9579639020401043,3.9911369641169774,3.263528056971288,-3.9579639020401043,4.970053742029765,7.277789194805162,4.969211207871113,-3.9579639020401043,5.636328315187686,-3.9579639020401043,-3.9579639020401043,2.7685068962808304,6.48679551856927,4.624692121321731,6.378126980067211,6.378463731682361,-3.9579639020401043,3.6032689720151163,-3.9579639020401043,-3.9579639020401043,-3.9579639020401043,7.529282727058982,7.803122597483705,-3.9579639020401043,-3.9579639020401043,4.747030230194703,6.830433199362298,-3.9579639020401043,-3.9579639020401043,1.8454120976128294,-3.9579639020401043,-3.9579639020401043,-3.9579639020401043,-3.9579639020401043,3.68218999090967,2.9965702044482674,7.31115921492707,3.011843621767686,-3.9579639020401043,-3.9579639020401043,-3.9579639020401043,3.4205269875205087,3.2515988268791487,6.154163079205822,3.492357430651664,-3.9579639020401043,-3.9579639020401043,3.4289897034490844,-3.9579639020401043,-3.9579639020401043,4.586608165940385,-3.9579639020401043,-3.9579639020401043,-3.9579639020401043,-3.9579639020401043,-3.9579639020401043,7.970583270516601,-3.9579639020401043,4.749616607374836,-3.9579639020401043,5.136959903127231,3.025299582550896,-3.9579639020401043,-3.9579639020401043,-3.9579639020401043,-3.9579639020401043,-3.9579639020401043,-3.9579639020401043,-3.9579639020401043,-3.9579639020401043,2.1266927305672114,-3.9579639020401043,3.295493273922827,-3.9579639020401043,4.798544110705801,5.051615207571769,5.919053009789536,-3.9579639020401043,-3.9579639020401043,-3.9579639020401043,-3.9579639020401043,6.5752082780895265,-3.9579639020401043,2.738082271739465,4.9020209148940275,7.058217394926109,5.094802517985643,-3.9579639020401043,-3.9579639020401043,2.935488091933852,3.4300503195755248,-3.9579639020401043,-3.9579639020401043,-3.9579639020401043,1.2544990182087208,-3.9579639020401043,4.688687725210841,-3.9579639020401043,-3.9579639020401043,-3.9579639020401043
Ge_R13.V3,-4.182771367577049,-4.182771367577049,-4.182771367577049,2.999646143018829,5.534395770546891,4.432365644922392,3.3311779648067015,3.1671053436124783,6.232107918568328,3.5586395115045013,4.109848240599601,-4.182771367577049,3.431496040988013,2.2792632181254904,-4.182771367577049,-4.182771367577049,-4.182771367577049,5.3475369323863955,-4.182771367577049,4.454435889644174,2.0542107255253956,-4.182771367577049,5.5164272774687015,4.433603574890435,2.9879195867651234,6.440752001949558,5.155302996953324,3.6637693616352616,2.7877876395538355,8.655695750513132,6.520708435410617,-4.182771367577049,6.95474851568223,-4.182771367577049,2.948115438510536,4.5553808681769805,-4.182771367577049,3.6408625342375087,-4.182771367577049,-4.182771367577049,-4.182771367577049,-4.182771367577049,-4.182771367577049,-4.182771367577049,-4.182771367577049,2.964624734172845,-4.182771367577049,7.138075186427399,2.069912465950983,-4.182771367577049,2.351581791394625,3.8503254743617914,4.385869691224201,2.5393456971117274,4.646002353406985,-4.182771367577049,2.9245519436101635,-4.182771367577049,-4.182771367577049,-4.182771367577049,1.2199175328556997,4.702464062828335,2.5550376778026056,-4.182771367577049,-4.182771367577049,6.639291394425198,0.7485446625889782,7.1611278385404145,2.0428423060210523,-4.182771367577049,5.8016384937006515,4.0782561296736795,0.6680288191307042,-4.182771367577049,-4.182771367577049,-4.182771367577049,-4.182771367577049,-4.182771367577049,3.955322643480205,-4.182771367577049,-4.182771367577049,-4.182771367577049,2.977850901837586,3.3711776446385935,4.77798667372961,3.842725174832074,-4.182771367577049,-4.182771367577049,2.561864900526256,-4.182771367577049,4.948084396125398,0.48447606061792214,-4.182771367577049,-4.182771367577049,-4.182771367577049,-4.182771367577049,6.193472156796021,-4.182771367577049,-4.182771367577049,-4.182771367577049,1.8693998298593444,-4.182771367577049,-4.182771367577049,-4.182771367577049,-4.182771367577049,-4.182771367577049,1.461399158169863,1.253432176643047,-4.182771367577049,-4.182771367577049,0.3089491831020581
Ge_R13.V4,-4.550100655843835,-4.550100655843835,-4.550100655843835,3.46096319835961,4.238184582540043,2.2800084007348103,2.8144579030375034,2.058715141524999,6.012590979809089,3.3204633907369,3.423827767928871,-4.550100655843835,3.839136846293135,4.7815894673029185,-4.550100655843835,-4.550100655843835,-4.550100655843835,-1.4396147175588183,-4.550100655843835,3.6427032287716576,1.176427077838671,-4.550100655843835,1.1435301167202745,5.174698181133582,2.7377673053716025,5.659999327975076,4.811500830054756,4.501412289658857,2.4276400658456776,8.116666613213424,5.942208998859316,-4.550100655843835,6.136408409451012,-4.550100655843835,0.2432508736102612,4.3373739057099,-4.550100655843835,3.2796855793760704,-4.550100655843835,-4.550100655843835,-4.550100655843835,-4.550100655843835,-4.550100655843835,-4.550100655843835,-4.550100655843835,0.44209865430590156,-4.550100655843835,6.646607379415025,1.2847955968506337,-1.7806363987535896,2.6966878208779113,3.352710230779473,3.975084532353832,1.4794424325558229,3.5902776557627707,-4.550100655843835,2.499653063107602,-4.550100655843835,-4.550100655843835,2.21729532862979,-4.550100655843835,4.249693618687473,0.5661281570032841,4.605711560115567,3.914765256062002,5.694783166768229,1.2391422023175913,7.4330385833800765,3.180361482648248,1.7939612905155453,6.086585852450378,4.736947254785249,0.45269148623367883,-4.550100655843835,-4.550100655843835,-4.550100655843835,-4.550100655843835,-4.550100655843835,3.7714527602608428,-4.550100655843835,-4.550100655843835,-4.550100655843835,2.377364991660577,4.368980659718043,4.77052775421605,3.946831608529134,-4.550100655843835,-4.550100655843835,2.90932519250397,-4.550100655843835,5.663750761740811,-1.717149277026099,-4.550100655843835,1.3243505429489666,-4.550100655843835,4.087243014671676,5.711284050307743,-0.8178513345495606,-4.550100655843835,-4.550100655843835,2.9528639471005746,-4.550100655843835,-4.550100655843835,-4.550100655843835,-4.550100655843835,-4.550100655843835,1.4139400739663852,2.8228313583296414,-4.550100655843835,-4.550100655843835,1.239462093284894
Ge_R13.V5,1.3284345145165108,-3.8419005794883034,-3.8419005794883034,3.488801062638304,4.659363512432007,3.2094690915032578,1.8638795358300637,1.5773057427356552,4.956476158387783,2.3748219311848864,4.976681789617677,-3.8419005794883034,3.691559235889412,4.693041430832676,-3.8419005794883034,-3.8419005794883034,-3.8419005794883034,3.5672206731515024,-3.8419005794883034,2.284433874646301,-3.8419005794883034,-3.8419005794883034,1.8046035125415116,3.8173470160639535,-1.5277371857994702,4.552040093868209,3.1262330246975543,-3.8419005794883034,2.677247365782816,9.305284715914224,7.39179236726981,-3.8419005794883034,7.110688837659605,-3.8419005794883034,-3.8419005794883034,5.020143646713263,-3.8419005794883034,4.903366605683681,-3.8419005794883034,-3.8419005794883034,-3.8419005794883034,-3.8419005794883034,-3.8419005794883034,-3.8419005794883034,-3.8419005794883034,-3.8419005794883034,-3.8419005794883034,7.962646034478898,2.3661003170379526,1.1094990961835354,3.5997540995781616,4.913785733300179,-3.8419005794883034,3.370421065808644,5.262063368202163,-3.8419005794883034,-3.8419005794883034,-3.8419005794883034,-3.8419005794883034,3.5704782799162356,-3.8419005794883034,5.467923133528133,3.1328429140875773,1.8768905089611998,-3.8419005794883034,5.989401608336718,-3.8419005794883034,6.009666708769235,-3.8419005794883034,1.415217602509637,6.274868616746565,4.4156777079954646,2.608141559022182,-3.8419005794883034,-3.8419005794883034,1.1138861813403906,-3.8419005794883034,-3.8419005794883034,2.3484255175090567,-3.8419005794883034,-3.8419005794883034,-3.8419005794883034,-3.8419005794883034,-3.8419005794883034,1.19108212623685,0.5985038784044487,-3.8419005794883034,-3.8419005794883034,0.9739403177946002,-3.8419005794883034,3.313359952983305,-0.10365847059127553,2.27602502634538,2.717820864769262,-3.8419005794883034,5.111136924488889,6.87312090974303,0.8209991124332152,2.8562617090508473,-3.8419005794883034,5.131772167121244,-3.8419005794883034,-3.8419005794883034,-3.8419005794883034,-3.8419005794883034,-3.8419005794883034,2.977394004012366,3.3408034051343893,-3.8419005794883034,-3.8419005794883034,1.8819801778797114
Ge_R14.V3,-2.839694826667685,4.022246251826107,-2.839694826667685,-2.839694826667685,6.3475388508435575,-2.839694826667685,2.32042416901961,-2.839694826667685,3.5949720497691153,-2.839694826667685,7.343612212725097,0.8974234734091127,-2.839694826667685,-2.839694826667685,-2.839694826667685,-2.839694826667685,-2.839694826667685,-2.839694826667685,-2.839694826667685,-2.839694826667685,-2.839694826667685,-2.839694826667685,-2.839694826667685,-2.839694826667685,-2.839694826667685,-2.839694826667685,2.2332890722503294,-2.839694826667685,-2.839694826667685,10.387892958431307,8.035152454922999,-2.839694826667685,5.977574815722837,-2.839694826667685,-2.839694826667685,5.609791153989846,-2.839694826667685,2.8481621043302905,-2.839694826667685,-2.839694826667685,-2.839694826667685,-2.839694826667685,3.288035198884179,-2.839694826667685,4.394495025714181,-2.839694826667685,-2.839694826667685,8.529155892102725,6.630468386137693,-2.839694826667685,3.5138423188703456,-2.839694826667685,4.875449818924687,5.573156856664602,6.518245430138882,4.912015807694961,-2.839694826667685,-2.839694826667685,-2.839694826667685,4.417108028161617,-2.839694826667685,-2.839694826667685,-2.839694826667685,-2.839694826667685,-2.839694826667685,-2.839694826667685,-2.839694826667685,7.396899530177673,-2.839694826667685,-2.839694826667685,7.429680510957258,-2.839694826667685,4.971076781095886,-2.839694826667685,-2.839694826667685,-2.839694826667685,-2.839694826667685,-2.839694826667685,-2.839694826667685,6.544525844650305,-2.839694826667685,-2.839694826667685,-2.839694826667685,-2.839694826667685,-2.839694826667685,1.1782052076547949,-2.839694826667685,-2.839694826667685,3.5580662525897777,-2.839694826667685,1.5952250747421406,3.8988722535642157,-2.839694826667685,4.429142041158857,4.565532289748927,-2.839694826667685,-2.839694826667685,7.747641558808516,-2.839694826667685,-2.839694826667685,4.1274049319410215,-2.839694826667685,-2.839694826667685,5.919326250899719,-2.839694826667685,5.417949871111664,7.082801581038487,2.3362770083543563,8.319991062579502,-2.839694826667685,2.8296623117968593
Ge_R14.V4,-3.9451985192264445,-3.9451985192264445,-3.9451985192264445,-3.9451985192264445,-3.9451985192264445,-3.9451985192264445,6.754468299537566,4.697771978453489,4.694931162540017,4.765714585822749,5.28373401062083,3.6262349417075574,-3.9451985192264445,4.15437428659415,-3.9451985192264445,2.151519899989827,-3.9451985192264445,6.976480188501753,-3.9451985192264445,1.5006802201448828,-3.9451985192264445,6.8919078338346385,5.44335288413523,7.178478380659693,-3.9451985192264445,7.0218270412657,6.443490908975346,-3.9451985192264445,-3.9451985192264445,8.704051830335345,2.778853168827779,-3.9451985192264445,0.4170384215206564,-3.9451985192264445,1.8194732856193827,4.253806554055453,-3.9451985192264445,5.646268989693666,3.4625144207605016,2.972744207744075,-3.9451985192264445,-3.9451985192264445,6.6081526590323465,-3.9451985192264445,2.083609086733408,-3.9451985192264445,-3.9451985192264445,5.8400922372542405,4.746400844534756,4.992864727626949,0.18752342543098877,-3.9451985192264445,5.701114125421557,0.7169581531778491,2.2701748569390485,3.000856730275678,-3.9451985192264445,-3.9451985192264445,-3.9451985192264445,6.46030787628322,-3.9451985192264445,-3.9451985192264445,-3.9451985192264445,-3.9451985192264445,-3.9451985192264445,-3.9451985192264445,-3.9451985192264445,-3.9451985192264445,-3.9451985192264445,4.310934457888401,4.00171825926261,-3.9451985192264445,2.234923508564046,-3.9451985192264445,-3.9451985192264445,-3.9451985192264445,-3.9451985192264445,4.207644004669385,-3.9451985192264445,5.844062816250148,3.2244557173970065,-3.9451985192264445,3.713198053928193,-3.9451985192264445,-3.9451985192264445,7.06623229147344,1.8334539878183058,5.08566694776062,4.469635225223595,-3.9451985192264445,-3.9451985192264445,-3.9451985192264445,-3.9451985192264445,-3.9451985192264445,-3.9451985192264445,-3.9451985192264445,5.952862923837262,5.717634833102183,-3.9451985192264445,-3.9451985192264445,4.121308040444174,4.583389001572721,-3.9451985192264445,2.0178289596944943,-3.9451985192264445,3.8358025047687594,-3.9451985192264445,-3.9451985192264445,6.640257932355556,-3.9451985192264445,-0.2872675749287925
Ge_R14.V5,-2.20160985868025,5.4625100045694,-2.20160985868025,-2.20160985868025,-2.20160985868025,10.10643134341371,1.7227038442004918,-2.20160985868025,5.432197048111474,7.32398573843806,-2.20160985868025,-2.20160985868025,-2.20160985868025,8.748191578347596,-2.20160985868025,-2.20160985868025,-2.20160985868025,-2.20160985868025,-2.20160985868025,8.746615163366743,-2.20160985868025,-2.20160985868025,-2.20160985868025,-2.20160985868025,-2.20160985868025,7.3829217850679045,9.6992418904819,-2.20160985868025,-2.20160985868025,-2.20160985868025,-2.20160985868025,-2.20160985868025,-2.20160985868025,-2.20160985868025,6.3763663688826195,-2.20160985868025,-2.20160985868025,-2.20160985868025,-2.20160985868025,-2.20160985868025,-2.20160985868025,-2.20160985868025,5.0825984214693225,-2.20160985868025,-2.20160985868025,-2.20160985868025,-2.20160985868025,-2.20160985868025,-2.20160985868025,-2.20160985868025,-2.20160985868025,-2.20160985868025,-2.20160985868025,-2.20160985868025,-2.20160985868025,-2.20160985868025,4.787580122159539,6.0034091449712665,-2.20160985868025,7.924923963067184,-2.20160985868025,-2.20160985868025,-2.20160985868025,-2.20160985868025,-2.20160985868025,-2.20160985868025,-2.20160985868025,-2.20160985868025,-2.20160985868025,6.903919309616023,-2.20160985868025,-2.20160985868025,-2.20160985868025,-2.20160985868025,-2.20160985868025,-2.20160985868025,-2.20160985868025,5.346381680081377,-2.20160985868025,7.749260597666692,6.247976214720403,-2.20160985868025,-2.20160985868025,-2.20160985868025,-2.20160985868025,9.992616855277003,9.217443763266187,-2.20160985868025,8.205782066354873,-2.20160985868025,-2.20160985868025,-2.20160985868025,-2.20160985868025,-2.20160985868025,4.69782348307649,-2.20160985868025,-2.20160985868025,8.985137663017959,-2.20160985868025,-2.20160985868025,-2.20160985868025,-2.20160985868025,-2.20160985868025,3.789492154162561,-2.20160985868025,6.538602016167396,5.759511132053185,-2.20160985868025,6.701604777131034,-2.20160985868025,-2.20160985868025
Ge_R2.V3,-4.443850726261347,-4.443850726261347,-4.443850726261347,3.5845986895335678,4.733685421479567,4.786902322475875,6.763374096522993,1.6898385120028845,5.954673496917454,1.5635627717867289,3.556721983954211,-4.443850726261347,3.794841945028651,3.993856909687868,-4.443850726261347,-4.443850726261347,6.16317115839199,7.036521322038146,-4.443850726261347,3.8432997105104922,1.8038186791308002,-4.443850726261347,-4.443850726261347,6.630284575642085,5.369391187533687,6.169031365477155,-4.443850726261347,2.9761454202144106,3.3286316742327546,6.110384088572097,1.9695323583840194,-4.443850726261347,5.240687957940686,4.164826983108241,1.7673220446576074,3.1246273936070494,-4.443850726261347,-4.443850726261347,-4.443850726261347,2.1974563689403954,2.1558392165270543,-4.443850726261347,-4.443850726261347,-4.443850726261347,-4.443850726261347,2.8283862482405944,-4.443850726261347,5.690092409312774,0.09526882398454184,1.085197368913665,-4.443850726261347,3.4561967756659078,4.4528318867486645,3.203213230688359,3.377790454408733,-4.443850726261347,0.8673072435644151,-4.443850726261347,-4.443850726261347,-4.443850726261347,-4.443850726261347,4.36281296661764,-4.443850726261347,-4.443850726261347,0.6078017840906291,-4.443850726261347,-4.443850726261347,7.335012434052968,-4.443850726261347,2.343779578606685,6.873991585740745,3.589711768387388,1.928631551331219,-4.443850726261347,-4.443850726261347,1.039720806748349,3.553576052163919,-4.443850726261347,-4.443850726261347,-4.443850726261347,-4.443850726261347,3.055854129100007,4.26553582951252,-4.443850726261347,-0.22940769891721935,4.652676272920535,-4.443850726261347,-4.443850726261347,4.560202858078822,-4.443850726261347,6.701034600591331,-4.443850726261347,-4.443850726261347,4.73614158449375,1.5699014576904284,6.842848946236417,6.660984002464609,-1.1618565842552844,-4.443850726261347,-4.443850726261347,2.652004798437245,-4.443850726261347,0.2455853095775158,-4.443850726261347,-4.443850726261347,2.458491337040015,3.4192749389929897,-0.18580653470503705,-4.443850726261347,-4.443850726261347,0.3408697159805065
Ge_R2.V4,-4.142164903158893,-4.142164903158893,-4.142164903158893,3.4459441175479073,1.0214367503001345,4.601183687868344,7.0805874594036755,2.4283150557028117,6.73014330716604,3.4471706697150166,4.120549889811729,-4.142164903158893,3.8114516196276806,6.921201622922517,-4.142164903158893,-4.142164903158893,4.884263800678197,6.960665506377476,-4.142164903158893,6.205136818106516,3.599253986676369,-4.142164903158893,5.070662544695628,5.485953419682898,5.120772538967338,7.750842403544061,6.387083379723137,4.321438869448722,3.666715979544402,6.687473493529712,5.293247257653199,-4.142164903158893,5.432430940854938,-4.142164903158893,-4.142164903158893,2.982882709088809,-4.142164903158893,-4.142164903158893,-4.142164903158893,2.5695241573771526,4.383674112746591,-4.142164903158893,1.8643239307162505,-4.142164903158893,-4.142164903158893,3.9472529523035664,-4.142164903158893,4.323287808510716,-4.142164903158893,2.8084172707975004,-4.142164903158893,-4.142164903158893,5.375889489252296,-4.142164903158893,-4.142164903158893,-4.142164903158893,0.6819667535392036,-4.142164903158893,-4.142164903158893,6.500577930513326,0.623753402597627,-4.142164903158893,-4.142164903158893,-4.142164903158893,5.874809659041237,-4.142164903158893,-4.142164903158893,7.4449534692182135,-4.142164903158893,2.08549516126927,3.026402730657731,2.197855223267374,-0.25493208558178715,-4.142164903158893,1.0816470815552854,-4.142164903158893,-4.142164903158893,-4.142164903158893,-4.142164903158893,-4.142164903158893,-4.142164903158893,3.1313838468553863,5.228128479851765,4.842905737545669,6.151105724263152,7.005699702219722,-4.142164903158893,-4.142164903158893,5.434745179005503,-4.142164903158893,5.6867371773815805,4.14466681512611,-4.142164903158893,4.456531546267038,-4.142164903158893,3.798760247493809,4.550396660006301,-4.142164903158893,-4.142164903158893,-4.142164903158893,3.6806314876205493,-4.142164903158893,-4.142164903158893,-4.142164903158893,-4.142164903158893,-4.142164903158893,-4.142164903158893,-4.142164903158893,-4.142164903158893,-4.142164903158893,-4.142164903158893
Ge_R2.V5,-3.437825849217761,-3.437825849217761,-3.437825849217761,-3.437825849217761,1.8281141799455085,6.079913776831922,7.7913136222785475,3.7745840711620726,8.999100869439452,3.659955214851279,5.134731816776949,-3.437825849217761,1.5802830964352328,4.8154478881394835,-3.437825849217761,-3.437825849217761,7.560599978464653,7.212235024009456,-3.437825849217761,5.095351409976812,-3.437825849217761,-3.437825849217761,3.6142113104244338,6.4957505512787055,-3.437825849217761,7.927789277575211,5.869269464087574,-3.437825849217761,6.192270453360716,4.930999445382862,2.8904105403615628,-3.437825849217761,6.168148877581862,4.596734339085057,-3.437825849217761,-3.437825849217761,-3.437825849217761,4.83807064230371,-3.437825849217761,4.310352892903529,-3.437825849217761,-3.437825849217761,-3.437825849217761,-3.437825849217761,-3.437825849217761,-3.437825849217761,-3.437825849217761,4.327150014572834,-3.437825849217761,2.3413016393459998,-3.437825849217761,-3.437825849217761,6.860562058680607,-3.437825849217761,-3.437825849217761,-3.437825849217761,4.889786250820811,-3.437825849217761,-3.437825849217761,4.239771004353666,4.661600057089199,5.0104674635284745,-3.437825849217761,3.9084066224913387,3.4753888820610905,4.535013143574072,-3.437825849217761,9.103148036118398,-3.437825849217761,-3.437825849217761,5.852060631918161,1.750680101551815,-3.437825849217761,-3.437825849217761,-3.437825849217761,4.080296235403122,-3.437825849217761,-3.437825849217761,-3.437825849217761,-3.437825849217761,-3.437825849217761,-3.437825849217761,6.0087158155959575,-3.437825849217761,2.400206575553682,6.067265265942056,-3.437825849217761,-3.437825849217761,1.8650164609507307,-3.437825849217761,-3.437825849217761,4.105187374889623,4.369852806920338,2.200898205560007,-3.437825849217761,-3.437825849217761,-3.437825849217761,-3.437825849217761,-3.437825849217761,-3.437825849217761,2.895271443230894,-3.437825849217761,-3.437825849217761,-3.437825849217761,-3.437825849217761,-3.437825849217761,1.2956620820134308,2.4115074351120533,-3.437825849217761,-3.437825849217761,-3.437825849217761
Ge_R5.V3,-4.393124355395482,-4.393124355395482,-4.393124355395482,-4.393124355395482,5.254231384524254,7.484148651019976,3.8133475357199726,-4.393124355395482,6.301220260283132,1.2099996651322922,4.784251403588291,-4.393124355395482,1.0635471135956038,4.537916659783922,2.242203812605336,-4.393124355395482,-4.393124355395482,-4.393124355395482,0.1092732065236266,5.029056526010822,-4.393124355395482,4.794712183858484,2.9654133541471177,6.130009272772197,2.8943988866210013,6.137985869933178,7.600333189210827,1.126882338881245,-4.393124355395482,4.677215504466292,-4.393124355395482,-4.393124355395482,5.746533321444641,6.172430610385002,3.5110766204219255,3.475387663140668,4.802801045260894,3.280843730753398,1.7391850550167804,-4.393124355395482,4.002694346255766,1.5434432579385913,4.384622663923371,2.852244565691504,-4.393124355395482,4.2187216790971185,-4.393124355395482,7.059563559888176,2.6610145382536485,3.129430161296293,-4.393124355395482,4.878898171262561,6.431197992889562,2.90719608472305,5.242475666531633,4.928888450816093,-4.393124355395482,-4.393124355395482,3.101469855503761,5.858858744303728,-4.393124355395482,-4.393124355395482,-4.393124355395482,-4.393124355395482,-4.393124355395482,-4.393124355395482,-4.393124355395482,6.243946035338585,-4.393124355395482,5.474023338626891,3.9060299463642467,0.9095254154520944,3.262245484655166,2.822519412033399,-4.393124355395482,-4.393124355395482,-4.393124355395482,-4.393124355395482,-4.393124355395482,-4.393124355395482,-4.393124355395482,0.748808110003532,3.5091750314258734,-4.393124355395482,-4.393124355395482,4.6444384841516575,4.786967286078703,3.0547409366868754,-4.393124355395482,-4.393124355395482,-4.393124355395482,-4.393124355395482,0.8168637941318622,4.7524081690533775,-4.393124355395482,-4.393124355395482,-4.393124355395482,3.82810979802506,-4.393124355395482,-4.393124355395482,5.288793602416224,1.9918783731872658,-4.393124355395482,-4.393124355395482,-4.393124355395482,-4.393124355395482,-4.393124355395482,6.709993014852783,-4.393124355395482,-4.393124355395482,-4.393124355395482
Ge_R5.V4,1.3521269128484779,1.576964226649788,-4.8125341215472,2.355902417840511,4.9824298375837515,3.7173591531562638,2.6941967963237934,-4.8125341215472,5.226532374566135,1.4867172431711264,4.306324333149914,-4.8125341215472,3.1518414927258744,3.752458347225523,-1.2429496078444622,-4.8125341215472,-4.8125341215472,-4.8125341215472,2.3033128069666127,3.3111526760967376,-4.8125341215472,2.309133349016257,2.5122219844435003,4.487865931379701,3.094154650742511,6.306423894774239,6.780096427941581,-0.17714571943148094,1.4547295278894232,4.681102502721309,-4.8125341215472,-4.8125341215472,4.703394986253227,4.923453105727575,1.0122585203869958,2.51435134841694,-4.8125341215472,2.7922891420951936,-4.8125341215472,-4.8125341215472,0.2496522885866046,-4.8125341215472,0.6304551216395229,-4.8125341215472,-4.8125341215472,3.971792272057204,-4.8125341215472,6.317326582154228,1.4994051387185117,0.6700874600063873,-4.8125341215472,5.0379127646710335,4.115349508724384,2.680813216784947,4.7977103320162495,3.23839693301123,1.9938067777748154,-4.8125341215472,-4.8125341215472,3.7110464424641805,-4.8125341215472,-4.8125341215472,2.2713831525014925,5.033456252924946,-4.8125341215472,-4.8125341215472,-4.8125341215472,7.494888683286794,-4.8125341215472,3.999452300706449,6.658942423142217,1.262877079211668,2.2268096908723436,-4.8125341215472,-4.8125341215472,-4.8125341215472,-4.8125341215472,-4.8125341215472,-4.8125341215472,-4.8125341215472,-4.8125341215472,1.424265732419876,3.0469544517805875,-4.8125341215472,-4.8125341215472,4.05212087835689,4.77727262218426,3.9538769301894003,-4.8125341215472,-4.8125341215472,6.032694012401256,2.870419159103302,3.8901713711474475,4.787482838291694,2.5675833560629178,-4.8125341215472,6.1257833252298095,2.3967785128050023,-4.8125341215472,-4.8125341215472,0.29415855199919605,1.9457346161272584,-4.8125341215472,-4.8125341215472,2.163288347001063,5.4873484197200515,-4.8125341215472,4.87679357826999,-4.8125341215472,1.641045682461172,-4.8125341215472
Ge_R5.V5,-1.5958094253184054,-1.451029578589754,-5.0802622417180014,2.3068145294017732,4.120085449156289,4.540712512917899,4.762116489455845,-5.0802622417180014,6.100571596415283,2.444192519631126,3.3244269756401064,-1.1178657166457704,2.442485291613991,2.4918365509627156,2.6666674350958077,-5.0802622417180014,-5.0802622417180014,-5.0802622417180014,1.6442179639005987,-5.0802622417180014,-5.0802622417180014,4.300212130031496,2.6626603654704377,5.937285478108087,2.3390679376470453,6.4603770174032835,6.141586533356254,2.2953567995801176,5.618984922705504,6.454447371731149,-5.0802622417180014,-5.0802622417180014,4.273141290876983,-5.0802622417180014,3.2475515404301847,4.244562490975806,2.3326863208249646,2.8815362671003726,1.0115509818474067,1.994983579925556,0.32700901038793617,-5.0802622417180014,1.1886323618045251,0.8644312282374509,-0.3601539260773343,3.084172999790856,-5.0802622417180014,6.005359407651817,1.2181276839827442,3.1491233005971457,-5.0802622417180014,4.765685700483729,5.059697965862137,-5.0802622417180014,4.981854007007966,2.3212473380886074,-5.0802622417180014,-5.0802622417180014,-5.0802622417180014,3.883784405487229,-5.0802622417180014,0.45553898178854446,3.353678755967901,4.231491847766515,1.4158362235122555,-5.0802622417180014,-5.0802622417180014,5.560399650053792,-5.0802622417180014,1.4980537955159354,5.465446887527634,-5.0802622417180014,2.4185229663683447,-0.20397275313649033,-5.0802622417180014,-5.0802622417180014,3.3462170197266587,-5.0802622417180014,4.206386063059354,-5.0802622417180014,-5.0802622417180014,1.1858488483591048,3.532953968622051,-5.0802622417180014,-5.0802622417180014,4.681703185526282,3.8762911128507893,4.584219649851416,2.3919203628160766,-5.0802622417180014,5.15669204931978,1.7332737966562783,-5.0802622417180014,3.788995157648685,-5.0802622417180014,4.270623961107763,5.973824198155331,3.1910394245021836,-5.0802622417180014,-5.0802622417180014,3.0192100574730327,2.18373068503508,-5.0802622417180014,-5.0802622417180014,-5.0802622417180014,-5.0802622417180014,0.688703151124372,-5.0802622417180014,-5.0802622417180014,-5.0802622417180014,-5.0802622417180014
Ge_R6.V3,-3.1591052786372202,-3.1591052786372202,-3.1591052786372202,-3.1591052786372202,-3.1591052786372202,8.42462002489753,-0.20794021593224166,1.94393598853663,1.0975450906233561,-3.1591052786372202,6.683234762993637,-3.1591052786372202,2.0710099033571456,1.1249363687757352,-3.1591052786372202,-3.1591052786372202,-3.1591052786372202,-3.1591052786372202,-3.1591052786372202,6.706313329538926,4.949222300998487,-3.1591052786372202,6.354142092496771,3.209610116355716,8.600725212589625,9.125648757331348,9.07814869837975,5.431509108783088,-3.1591052786372202,-3.1591052786372202,-3.1591052786372202,-3.1591052786372202,4.091095292149214,-3.1591052786372202,4.07142165810858,-3.1591052786372202,5.357348891617255,6.218442261891779,-3.1591052786372202,3.6363937044247585,-3.1591052786372202,5.041776175561413,5.333733265057211,5.3384412580163065,-3.1591052786372202,-3.1591052786372202,-3.1591052786372202,7.238173879468967,-3.1591052786372202,1.8363530449869963,-3.1591052786372202,-3.1591052786372202,5.401704543638553,-3.1591052786372202,2.0690409647701813,5.503728922244887,-3.1591052786372202,-3.1591052786372202,4.391563327632264,-3.1591052786372202,6.207449323147501,-3.1591052786372202,-3.1591052786372202,-3.1591052786372202,-3.1591052786372202,-3.1591052786372202,-3.1591052786372202,4.357568868289391,-3.1591052786372202,6.562901347264958,-3.1591052786372202,4.875202714791152,4.6148593120851205,-3.1591052786372202,1.0888291330324353,-3.1591052786372202,-3.1591052786372202,-3.1591052786372202,-3.1591052786372202,-3.1591052786372202,-3.1591052786372202,4.717294008043382,5.55724742709802,-3.1591052786372202,-3.1591052786372202,5.5676714344565665,7.5332135649737895,-3.1591052786372202,6.667347107551075,-3.1591052786372202,-3.1591052786372202,-3.1591052786372202,-3.1591052786372202,-3.1591052786372202,-3.1591052786372202,-3.1591052786372202,-3.1591052786372202,8.065815287996612,-3.1591052786372202,-3.1591052786372202,2.6344127455823934,-3.1591052786372202,-3.1591052786372202,-3.1591052786372202,-3.1591052786372202,-3.1591052786372202,-3.1591052786372202,6.247467943722791,-3.1591052786372202,-3.1591052786372202,-3.1591052786372202
Ge_R6.V4,-3.8076101990921583,-3.8076101990921583,-3.8076101990921583,2.834024251613134,3.831887933518227,-3.8076101990921583,-3.8076101990921583,-3.8076101990921583,-3.8076101990921583,-3.8076101990921583,5.352060170329043,-3.8076101990921583,2.948248920019319,6.136704038381145,-3.8076101990921583,-3.8076101990921583,2.9832028075125843,-3.8076101990921583,-3.8076101990921583,-3.8076101990921583,-3.8076101990921583,-3.8076101990921583,6.573551457679514,7.420961837826699,4.94404490734241,7.137444804510967,8.22354118304109,4.7027395799094345,-3.8076101990921583,6.937414761347247,6.076856940939409,-3.8076101990921583,5.993794206419401,-3.8076101990921583,-3.8076101990921583,4.202789796857534,2.098820987712342,4.988278850905859,-3.8076101990921583,-3.8076101990921583,-3.8076101990921583,-0.21576520178230574,-3.8076101990921583,-3.8076101990921583,-3.8076101990921583,2.339112583613595,-3.8076101990921583,5.75156772737821,-0.9858496493573661,-3.8076101990921583,-3.8076101990921583,4.4047160124807485,-3.8076101990921583,4.004518376848111,4.481983019039138,0.5521794199743386,-3.8076101990921583,-3.8076101990921583,2.0296537508607164,5.354960311607456,3.7116400067501925,-3.8076101990921583,-3.8076101990921583,7.996148348118931,1.800613764055898,7.2671258337554745,5.4906123744345905,7.357494985834113,-3.8076101990921583,4.106655368464928,5.3389044334583415,3.5276876407167723,-3.8076101990921583,-3.8076101990921583,-3.8076101990921583,-3.8076101990921583,-3.8076101990921583,-3.8076101990921583,-3.8076101990921583,-3.8076101990921583,-3.8076101990921583,1.5307419173821781,4.912977039069773,-3.8076101990921583,-3.8076101990921583,4.005754629567001,6.804771459280335,-3.8076101990921583,5.386725765813411,-3.8076101990921583,4.814360520578298,-3.8076101990921583,2.313294320014456,6.496133596170508,-3.8076101990921583,4.9745323758818945,7.527193480381689,5.409381469618359,-3.8076101990921583,-3.8076101990921583,3.2258995443220853,-3.8076101990921583,-3.8076101990921583,-3.8076101990921583,-3.8076101990921583,0.6160872774958346,-3.8076101990921583,2.7384320078356987,-3.8076101990921583,-3.8076101990921583,-3.8076101990921583
Ge_R6.V5,-4.250243983159768,-4.250243983159768,-4.250243983159768,1.4095835816888638,3.6819223818684694,-4.250243983159768,-4.250243983159768,-4.250243983159768,0.6739309832994564,4.355507087819407,4.89825249927205,-4.250243983159768,1.769209846177847,4.289049760767835,-4.250243983159768,-4.250243983159768,7.647193425187565,-4.250243983159768,-4.250243983159768,-4.250243983159768,-4.250243983159768,-4.250243983159768,4.113623210821587,5.672522635297334,4.0828215612402,6.221181107953005,4.969528301756023,4.571085424294201,-4.250243983159768,6.658342163245111,5.753276301703206,-4.250243983159768,5.832882297064212,-4.250243983159768,-4.250243983159768,1.717910901956051,-4.250243983159768,4.658610770776758,-4.250243983159768,-4.250243983159768,-4.250243983159768,-4.250243983159768,-4.250243983159768,-4.250243983159768,-4.250243983159768,-4.250243983159768,-4.250243983159768,5.273445056237205,-4.250243983159768,-4.250243983159768,4.240114124654289,4.880840407247219,-4.250243983159768,3.0217593715989697,5.6448108804818595,2.48462525255239,-4.250243983159768,-4.250243983159768,-4.250243983159768,0.9994846978086347,4.061687266135312,4.949268297344193,2.0785130785509924,5.739654962408656,5.1113228297995335,6.824211530014133,-4.250243983159768,6.7918151353118645,-4.250243983159768,2.147784409360086,6.998940645353256,2.88923863980519,0.7407165095744954,-4.250243983159768,-4.250243983159768,2.5178290889156516,-4.250243983159768,-4.250243983159768,3.671219263816103,-4.250243983159768,-4.250243983159768,2.9628994268223243,3.854944415011526,5.01909709280292,3.8845501345996807,5.241296070467819,5.716509254464141,-4.250243983159768,5.271634459082604,-4.250243983159768,5.226998667321324,2.8769895860950916,-4.250243983159768,3.3191762842788552,-4.250243983159768,5.803744578711445,7.778380142967446,-4.250243983159768,3.580081758257162,6.674786676845422,0.19059198668165855,-4.250243983159768,-4.250243983159768,-4.250243983159768,-4.250243983159768,-4.250243983159768,-4.250243983159768,2.029057375082556,-4.250243983159768,-4.250243983159768,0.2889654751348161
Ge_R8.V3,-3.786998367345946,-3.786998367345946,-3.786998367345946,1.6344443027320903,6.117636920550417,3.0399303858938325,-3.786998367345946,-3.786998367345946,-3.786998367345946,3.825304994473745,4.49205265736082,-3.786998367345946,2.631094127810756,-3.786998367345946,-3.786998367345946,2.3323705839165507,6.092080223212847,-3.786998367345946,3.777988076393698,-3.786998367345946,-3.786998367345946,3.7241477418933577,3.4200060544269615,6.433041126734991,4.430818349763998,6.483006484417844,5.531958544511828,0.7486960291165037,4.064407672969566,9.18662603225148,1.8937037265973675,-3.786998367345946,5.000667849330056,-3.786998367345946,-3.786998367345946,5.558821910158886,-3.786998367345946,3.6595620519947705,-3.786998367345946,-3.786998367345946,-3.786998367345946,-3.786998367345946,-3.786998367345946,-3.786998367345946,-3.786998367345946,-3.786998367345946,-3.786998367345946,5.3343544749305565,0.38572414101096797,-3.786998367345946,-3.786998367345946,-3.786998367345946,-3.786998367345946,3.473833931551722,3.9097974934918005,-3.786998367345946,-3.786998367345946,-3.786998367345946,-3.786998367345946,-3.786998367345946,4.161049558140151,4.7432952897308756,-3.786998367345946,4.767512355638389,0.9505035978773968,6.8401546616769195,1.641181069520277,7.97696812990418,5.069603878298693,-3.786998367345946,5.69549567303445,4.031700249453928,-3.786998367345946,-3.786998367345946,-3.786998367345946,-3.786998367345946,-3.786998367345946,-3.786998367345946,5.892113920002116,-3.786998367345946,-3.786998367345946,1.5773187228993795,3.622630559179682,-3.786998367345946,-3.786998367345946,3.278929371157581,3.463033987481091,5.425199434981641,3.552026648395791,-3.786998367345946,7.404782374217767,5.622137550590093,-3.786998367345946,5.811405858326307,1.354322911278059,7.163861550794222,5.1976615714025876,-3.786998367345946,4.77311518063712,-3.786998367345946,-3.786998367345946,-3.786998367345946,-3.786998367345946,-3.786998367345946,-3.786998367345946,3.09845514475784,3.136368536535442,-3.786998367345946,-3.786998367345946,-3.786998367345946,-3.786998367345946
Ge_R8.V4,-4.973717042783086,-4.973717042783086,-4.973717042783086,1.3217200268688876,4.05802273380049,4.060377524891882,1.7481470584836414,0.9834186963455975,1.2989640921169894,3.794400290154506,3.633619560709432,-1.3289591974258972,2.110375444050735,3.257223747961156,-4.973717042783086,0.6306257113519287,4.670149234343593,-4.973717042783086,1.9031058889069543,-0.017080615499342144,-4.973717042783086,0.813103027743102,2.153485273415911,3.9679600486703235,3.5998492952642644,4.820183514128654,5.039003811823859,1.678072805897994,3.364913341553395,7.787420154193431,4.314127795503622,-4.973717042783086,4.9334569350401125,-4.973717042783086,-4.973717042783086,4.502584214535432,-4.973717042783086,0.2998904493469041,-4.973717042783086,-4.973717042783086,-0.19767552434676539,-4.973717042783086,-4.973717042783086,-4.973717042783086,-4.973717042783086,-4.973717042783086,-4.973717042783086,5.516626503059887,-0.9783540366335206,-4.973717042783086,-4.973717042783086,2.9515924469763544,1.9991022869019224,1.8440214819101541,3.572589636673741,3.017482629210436,-4.973717042783086,-4.973717042783086,-0.5404038124310144,3.7984894230357638,3.727313427927883,4.244343298582696,-4.973717042783086,3.0286838872515114,-4.973717042783086,5.590705550341612,4.352201803180973,6.838755080385816,3.337841190882674,-4.973717042783086,5.3006267908162386,1.063307740205854,1.8355041541768502,-4.973717042783086,1.878709422437323,-4.973717042783086,0.04586387455764118,-4.973717042783086,3.708046253847021,-4.973717042783086,-4.973717042783086,1.4442631562816066,3.12071235024038,0.9637621783781718,-4.973717042783086,3.721587416185164,2.6181855482818026,4.486688816934109,3.30366129274198,-4.973717042783086,5.465068588254976,4.076199215613796,2.105009787978797,4.008593078522098,1.3763429501281914,5.990835833117801,5.677621087480471,-4.973717042783086,3.9730914477780948,-4.973717042783086,3.0934851718003653,-4.973717042783086,-4.973717042783086,-4.973717042783086,-4.973717042783086,0.9828286863168731,2.299209209634169,-4.973717042783086,-4.973717042783086,-4.973717042783086,-0.1182814346913652
Ge_R8.V5,1.1173117260122805,-4.472389641962417,1.532190664771763,1.2608748952922983,5.018242964934748,5.288153390974811,3.753306774865524,2.6673605847376054,0.025326359014767874,2.835233290783755,4.342445069555025,-4.472389641962417,1.8402535179908357,2.0722655704505595,-4.472389641962417,2.4575629510084465,5.795451371309705,-4.472389641962417,-0.4011690736283029,-4.472389641962417,3.4529109092188417,2.3505135258863996,2.894322493181795,5.795516429738322,2.2553241890011018,6.466560139922171,4.064879837825616,0.9058404053457529,1.1352635124423198,8.127953685173386,5.337484858461834,-4.472389641962417,6.5376263630608875,-4.472389641962417,-4.472389641962417,3.460924575144733,-4.472389641962417,3.6830238404254603,-0.918814714900897,0.6259397133516273,-4.472389641962417,-4.472389641962417,-4.472389641962417,-4.472389641962417,-4.472389641962417,-4.472389641962417,-4.472389641962417,5.5036160427488205,0.17013105285199082,-4.472389641962417,2.925918694391666,3.4245921633966088,-4.472389641962417,0.9980906581437665,2.924906177940616,-4.472389641962417,-4.472389641962417,-4.472389641962417,-4.472389641962417,3.8571261979977,4.350464139739411,4.453213988542848,-4.472389641962417,-4.472389641962417,-4.472389641962417,6.589874919650484,-4.472389641962417,7.2188736737431185,-4.472389641962417,0.20044985702203455,5.258852878537798,2.972257528412597,1.4925356669245167,-4.472389641962417,-4.472389641962417,-4.472389641962417,0.9373812540994244,0.9078728485284611,4.5385184805863386,-4.472389641962417,-4.472389641962417,1.7869083624640227,2.996879324065345,-4.472389641962417,-4.472389641962417,3.0831096715841477,3.999363203481524,4.566988191181124,4.870647935360692,-4.472389641962417,6.480949490068742,-4.472389641962417,-4.472389641962417,1.645672503451073,0.8181849621086528,6.833113336640345,5.104296407778652,-4.472389641962417,2.872001670878034,-4.472389641962417,1.0859490734634623,-4.472389641962417,-4.472389641962417,-4.472389641962417,-4.472389641962417,1.7722602084094587,3.7137781665801395,-4.472389641962417,-4.472389641962417,-4.472389641962417,-0.40493502185644914
Pa_R14.V3,-4.530774269901029,-4.530774269901029,-4.530774269901029,4.418887929185012,4.6230341270947495,7.133917559218591,6.457035675915051,0.10985289131885168,2.801701401698903,4.147630377126491,4.159421494857706,2.8493897593810047,3.660519105917256,1.3403406775621507,3.5414062442498144,-4.530774269901029,5.614428507270144,-4.530774269901029,3.107354432976938,1.5474512035799872,-4.530774269901029,-4.530774269901029,-4.530774269901029,3.1366927105805162,4.149983539845893,5.8922365366184035,5.048562732943138,2.39073529385698,5.798021637126039,6.980411028365523,-4.530774269901029,-4.530774269901029,5.956053501206537,-4.530774269901029,2.9987852926610845,2.356741950282741,-4.530774269901029,3.3783683556252813,-4.530774269901029,1.9918611200547938,1.8941170894855555,-4.530774269901029,-4.530774269901029,-4.530774269901029,-4.530774269901029,-4.530774269901029,-4.530774269901029,6.3237023446442535,1.3914929756235628,3.913214472673685,-4.530774269901029,2.561965081056492,-4.530774269901029,2.0614572848232813,4.841717647953214,3.374591680812962,-4.530774269901029,1.6998663724297387,-4.530774269901029,4.718474704205341,-4.530774269901029,-4.530774269901029,-4.530774269901029,-4.530774269901029,-4.530774269901029,-4.530774269901029,1.7328956843139887,7.602425162369987,-4.530774269901029,4.731936836838519,6.149274378037768,4.539920226782279,3.0125923223805007,3.1420366312435526,-4.530774269901029,-4.530774269901029,3.4892392055398718,-4.530774269901029,-4.530774269901029,-4.530774269901029,-4.530774269901029,2.375676699210798,-0.46978512298225183,4.061972157596189,6.78545536751899,3.147407367672116,4.780457713974757,-4.530774269901029,3.7040198578772072,0.42860557522195286,5.990334003575373,-4.530774269901029,-4.530774269901029,-4.530774269901029,-4.530774269901029,5.348031085065719,3.318768825849796,-4.530774269901029,3.603382822676023,4.802212573663906,4.163827548729165,-4.530774269901029,-4.530774269901029,-4.530774269901029,-4.530774269901029,-4.530774269901029,-4.530774269901029,2.2912076577354323,-4.530774269901029,-4.530774269901029,-0.5646058260691831
Pa_R14.V4,9.301185387551271,8.60068863860917,9.884267209783125,-0.7791929234131771,-0.7791929234131771,-0.7791929234131771,-0.7791929234131771,-0.7791929234131771,-0.7791929234131771,-0.7791929234131771,-0.7791929234131771,-0.7791929234131771,-0.7791929234131771,-0.7791929234131771,-0.7791929234131771,-0.7791929234131771,-0.7791929234131771,-0.7791929234131771,-0.7791929234131771,-0.7791929234131771,-0.7791929234131771,-0.7791929234131771,-0.7791929234131771,-0.7791929234131771,-0.7791929234131771,-0.7791929234131771,-0.7791929234131771,-0.7791929234131771,-0.7791929234131771,-0.7791929234131771,-0.7791929234131771,-0.7791929234131771,-0.7791929234131771,-0.7791929234131771,-0.7791929234131771,-0.7791929234131771,-0.7791929234131771,-0.7791929234131771,-0.7791929234131771,-0.7791929234131771,-0.7791929234131771,-0.7791929234131771,-0.7791929234131771,-0.7791929234131771,-0.7791929234131771,-0.7791929234131771,-0.7791929234131771,-0.7791929234131771,-0.7791929234131771,-0.7791929234131771,-0.7791929234131771,-0.7791929234131771,-0.7791929234131771,-0.7791929234131771,-0.7791929234131771,-0.7791929234131771,7.522659867763558,-0.7791929234131771,-0.7791929234131771,-0.7791929234131771,-0.7791929234131771,-0.7791929234131771,-0.7791929234131771,-0.7791929234131771,-0.7791929234131771,-0.7791929234131771,-0.7791929234131771,-0.7791929234131771,-0.7791929234131771,-0.7791929234131771,-0.7791929234131771,-0.7791929234131771,-0.7791929234131771,-0.7791929234131771,-0.7791929234131771,-0.7791929234131771,-0.7791929234131771,-0.7791929234131771,-0.7791929234131771,-0.7791929234131771,-0.7791929234131771,-0.7791929234131771,-0.7791929234131771,-0.7791929234131771,-0.7791929234131771,-0.7791929234131771,-0.7791929234131771,-0.7791929234131771,-0.7791929234131771,-0.7791929234131771,-0.7791929234131771,-0.7791929234131771,-0.7791929234131771,-0.7791929234131771,10.079493380070954,-0.7791929234131771,-0.7791929234131771,-0.7791929234131771,-0.7791929234131771,-0.7791929234131771,-0.7791929234131771,-0.7791929234131771,-0.7791929234131771,-0.7791929234131771,-0.7791929234131771,11.153572898658348,11.300185402320036,12.41481832679725,-0.7791929234131771,-0.7791929234131771,-0.7791929234131771
Pa_R2.V3,-2.6084087325125243,-2.6084087325125243,-2.6084087325125243,-2.6084087325125243,-2.6084087325125243,-2.6084087325125243,-2.6084087325125243,-2.6084087325125243,-2.6084087325125243,-2.6084087325125243,4.297588351117701,-2.6084087325125243,-2.6084087325125243,-2.6084087325125243,-2.6084087325125243,-2.6084087325125243,-2.6084087325125243,-2.6084087325125243,-2.6084087325125243,-2.6084087325125243,-2.6084087325125243,-2.6084087325125243,2.238748767668964,-2.6084087325125243,-2.6084087325125243,-2.6084087325125243,-2.6084087325125243,-2.6084087325125243,-2.6084087325125243,7.645489123793869,3.560575056077111,7.278660866441395,4.057472143432797,-2.6084087325125243,-2.6084087325125243,4.447383707676999,-2.6084087325125243,4.814381212355103,-2.6084087325125243,-2.6084087325125243,-2.6084087325125243,-2.6084087325125243,-2.6084087325125243,-2.6084087325125243,-2.6084087325125243,-2.6084087325125243,-2.6084087325125243,6.518610083079605,-2.6084087325125243,-2.6084087325125243,4.681528934813836,5.860456665066199,-2.6084087325125243,5.720314206563515,5.846275028682956,-2.6084087325125243,-2.6084087325125243,6.153302362834326,-2.6084087325125243,-2.6084087325125243,5.380160769850407,5.565122114603378,3.455608924887275,8.66325319211215,-2.6084087325125243,5.510427061768975,-2.6084087325125243,8.048945359693413,2.792485192854844,-2.6084087325125243,4.631779950159007,3.430375622475977,-2.6084087325125243,4.300233971413702,-2.6084087325125243,-2.6084087325125243,-2.6084087325125243,-2.6084087325125243,-2.6084087325125243,4.135205185437964,-2.6084087325125243,-2.6084087325125243,-2.6084087325125243,-2.6084087325125243,-2.6084087325125243,-2.6084087325125243,0.6191402870128719,-2.6084087325125243,-2.6084087325125243,10.382339291252102,7.457147650601897,-2.6084087325125243,-2.6084087325125243,4.067876624419227,4.472979994272788,-2.6084087325125243,-2.6084087325125243,-2.6084087325125243,-2.6084087325125243,5.87734549159888,-2.6084087325125243,-2.6084087325125243,6.981911402575283,-2.6084087325125243,4.8703322411330525,7.518823653151534,9.896200991192973,-2.6084087325125243,-2.6084087325125243,4.4521734563655375,-2.6084087325125243
Pa_R2.V4,-2.2901571798072133,-2.2901571798072133,-2.2901571798072133,-2.2901571798072133,6.109024750493412,-2.2901571798072133,-2.2901571798072133,-2.2901571798072133,-2.2901571798072133,-2.2901571798072133,5.270420319686032,-2.2901571798072133,-2.2901571798072133,-2.2901571798072133,-2.2901571798072133,-2.2901571798072133,-2.2901571798072133,-2.2901571798072133,-2.2901571798072133,-2.2901571798072133,-2.2901571798072133,-2.2901571798072133,-2.2901571798072133,-2.2901571798072133,-2.2901571798072133,-2.2901571798072133,-2.2901571798072133,-2.2901571798072133,-2.2901571798072133,9.461886464026584,4.068543035909187,7.41550425521157,6.664825257603819,-2.2901571798072133,-2.2901571798072133,4.094635506139549,-2.2901571798072133,3.014915944736403,-2.2901571798072133,-2.2901571798072133,-2.2901571798072133,-2.2901571798072133,-2.2901571798072133,-2.2901571798072133,-2.2901571798072133,-2.2901571798072133,-2.2901571798072133,6.654068991486031,-2.2901571798072133,-2.2901571798072133,-2.2901571798072133,2.941523012833029,-2.2901571798072133,3.6694622543900923,6.206501493108722,-2.2901571798072133,-2.2901571798072133,-2.2901571798072133,-2.2901571798072133,-2.2901571798072133,5.411512086163499,5.937617431856604,3.2658487555868057,8.586188328588404,-2.2901571798072133,-2.2901571798072133,4.423412839338963,7.94211074115967,-2.2901571798072133,-2.2901571798072133,4.045623060996486,1.142266922020081,-2.2901571798072133,4.418279519373906,-2.2901571798072133,-2.2901571798072133,-2.2901571798072133,-2.2901571798072133,-2.2901571798072133,6.327123821753018,-2.2901571798072133,-2.2901571798072133,-2.2901571798072133,-2.2901571798072133,-2.2901571798072133,-2.2901571798072133,-2.2901571798072133,-2.2901571798072133,-2.2901571798072133,10.731638620431497,7.189867647342866,-2.2901571798072133,-2.2901571798072133,-2.2901571798072133,5.69834132062413,-2.2901571798072133,-2.2901571798072133,-2.2901571798072133,-2.2901571798072133,6.614458034917368,-2.2901571798072133,-2.2901571798072133,6.541234708349947,-2.2901571798072133,4.821442149748366,7.2594984431000125,10.017974401939835,-2.2901571798072133,-2.2901571798072133,7.266824265659206,-2.2901571798072133
Pa_R2.V5,-1.9670988899456532,-1.9670988899456532,-1.9670988899456532,-1.9670988899456532,5.955366749605823,-1.9670988899456532,-1.9670988899456532,-1.9670988899456532,-1.9670988899456532,-1.9670988899456532,3.9724586325415405,-1.9670988899456532,-1.9670988899456532,-1.9670988899456532,-1.9670988899456532,-1.9670988899456532,-1.9670988899456532,-1.9670988899456532,-1.9670988899456532,5.62743123997799,-1.9670988899456532,-1.9670988899456532,-1.9670988899456532,-1.9670988899456532,-1.9670988899456532,-1.9670988899456532,-1.9670988899456532,-1.9670988899456532,-1.9670988899456532,10.396884351125498,-1.9670988899456532,7.1219357376680685,8.007678998140694,-1.9670988899456532,-1.9670988899456532,-1.9670988899456532,-1.9670988899456532,5.174735903057796,-1.9670988899456532,-1.9670988899456532,-1.9670988899456532,-1.9670988899456532,-1.9670988899456532,-1.9670988899456532,-1.9670988899456532,-1.9670988899456532,-1.9670988899456532,7.439790281635407,2.4701389228787356,-1.9670988899456532,4.46202190750394,3.6408309633593277,-1.9670988899456532,5.740555856371493,6.691414013750439,-1.9670988899456532,-1.9670988899456532,-1.9670988899456532,-1.9670988899456532,7.854422384084465,-1.9670988899456532,5.803617638173114,-1.9670988899456532,6.437036022788502,-1.9670988899456532,-1.9670988899456532,-1.9670988899456532,7.94145357255187,-1.9670988899456532,-1.9670988899456532,4.269043479450035,2.3660918294320865,-1.9670988899456532,4.032511485329387,-1.9670988899456532,-1.9670988899456532,-1.9670988899456532,-1.9670988899456532,4.64999987280034,-1.9670988899456532,-1.9670988899456532,-1.9670988899456532,-1.9670988899456532,-1.9670988899456532,-1.9670988899456532,-1.9670988899456532,-1.9670988899456532,-1.9670988899456532,-1.9670988899456532,11.370754453181199,8.31830661469644,-1.9670988899456532,4.0865036316533185,1.0413981485318011,-1.9670988899456532,-1.9670988899456532,-1.9670988899456532,-1.9670988899456532,-1.9670988899456532,5.503090103292226,-1.9670988899456532,-1.9670988899456532,-1.9670988899456532,-1.9670988899456532,-1.9670988899456532,-1.9670988899456532,6.595494046303832,-1.9670988899456532,-1.9670988899456532,6.2982410256018095,-1.9670988899456532
Pa_R3.V3,-5.129379483293853,-5.129379483293853,-5.129379483293853,2.3044892882727153,-0.8269671062903701,5.2154585950380685,1.3099327053621037,0.8065118944019645,4.035774880996176,4.669724181771698,3.3410702980978337,1.8838868028733584,2.2813831862580916,4.189423645865248,-5.129379483293853,-5.129379483293853,2.3925320419355574,5.570808658425136,3.9731137598490722,4.032891266807971,1.957970252262327,-5.129379483293853,0.05984255348843348,2.389179840252706,2.511846511056109,6.958625436823688,5.968204533389455,-5.129379483293853,-5.129379483293853,-5.129379483293853,-0.7000328963595059,1.4415128741826218,5.272074563196898,5.048892404821881,1.6627286540421293,2.7997673935936245,-5.129379483293853,1.852989626088152,-5.129379483293853,1.6599475594255946,-5.129379483293853,-5.129379483293853,-5.129379483293853,-5.129379483293853,-5.129379483293853,-5.129379483293853,-5.129379483293853,5.5494261822276485,-0.9421893891889237,-5.129379483293853,-5.129379483293853,2.3588972224185296,-5.129379483293853,2.0988958228283874,4.110235828141081,-5.129379483293853,3.1910684267106912,-0.1910283549384708,-5.129379483293853,5.743888624386413,2.7717626891517018,2.2296393516490305,2.344136979392034,3.8169914221767822,-5.129379483293853,-5.129379483293853,-5.129379483293853,5.114991652171711,5.1200916298622365,-2.2854232688392457,5.9189103842858355,3.2763513085545712,-5.129379483293853,3.600818718048955,-5.129379483293853,-5.129379483293853,2.0199229960431992,-5.129379483293853,-1.4543716309014343,-5.129379483293853,-5.129379483293853,-5.129379483293853,3.492808758929897,4.208160187593311,-0.8283633622627864,5.153312045789653,4.864683820557545,-5.129379483293853,4.439629282040916,-5.129379483293853,4.467081835788856,3.2093725230722985,4.79838171415047,2.75311427462419,0.7894771169952657,4.6076266170601725,5.883318113811171,-5.129379483293853,-5.129379483293853,5.999127381353629,1.5890274027137217,-5.129379483293853,0.09541538642256242,-5.129379483293853,1.0038981072086361,2.9068498362215003,1.5613678425083313,3.2167628317774204,0.4561259130303874,2.0514017022570776,-5.129379483293853
Pa_R3.V4,-5.232950552374316,-5.232950552374316,-5.232950552374316,-5.232950552374316,1.549028696657932,5.303971775896931,2.4547664831571936,0.874718898558541,4.281537641923548,3.6791285075056654,1.0581998788029443,2.0566111604086696,-5.232950552374316,5.884076817209463,-5.232950552374316,-5.232950552374316,3.7190902490090743,4.057156708410631,2.6786428255052925,6.145989441050164,2.0298891197118936,-5.232950552374316,0.5418627462635914,4.22597044498342,3.528824217831813,6.302346068150266,5.8310495307274355,2.4480489880873266,1.2896045904248004,-5.232950552374316,-5.232950552374316,2.974643596545759,1.8561884511907278,3.3263986933388177,1.0405963993771747,2.3517881440835806,-5.232950552374316,3.608176403728179,-5.232950552374316,0.8441051114278784,-5.232950552374316,-5.232950552374316,-5.232950552374316,-5.232950552374316,-5.232950552374316,-5.232950552374316,-5.232950552374316,5.6374018242892125,0.401334072005751,-5.232950552374316,-5.232950552374316,2.2552050649282034,-5.232950552374316,2.623185880401185,3.5167189150762956,-5.232950552374316,3.001763073663448,2.5713173076538807,-5.232950552374316,5.507607969492366,3.8697969000369676,0.7051970674424775,2.253070522694932,4.792453987493282,-5.232950552374316,-5.232950552374316,-5.232950552374316,5.8638084699357975,4.9236039348822676,-5.232950552374316,4.579873814268778,2.867475183835759,-5.232950552374316,1.8335118421956755,-5.232950552374316,-5.232950552374316,1.514599153336822,-5.232950552374316,2.0009069277701297,-5.232950552374316,-5.232950552374316,-5.232950552374316,3.8838979658798873,4.114749615655977,0.753675575429746,4.972369360732322,5.293165422064296,-5.232950552374316,3.07221578648858,-5.232950552374316,5.435422549036199,3.231959573412894,2.041470880035014,4.144289041718258,1.514599153336822,-5.232950552374316,5.989656419089307,-5.232950552374316,3.7591103873774943,3.114632085293829,3.1155595443036415,-5.232950552374316,2.4686419113398443,-5.232950552374316,0.5395600752126004,3.7005869389260297,2.3197123077854034,2.7143004193479774,2.055165284616984,4.887939401266166,-5.232950552374316
Pa_R3.V5,-0.7713439420359318,-5.418127286953398,-5.418127286953398,1.3875733122470821,0.14054776303439276,4.311393522789257,2.033442165368605,-0.9716177741229348,3.6740383830439445,1.96917852197008,2.6276364000048833,-5.418127286953398,1.243767370330568,4.388828424963217,-5.418127286953398,-5.418127286953398,3.8744669049363125,5.27150940303375,3.5574836169268,3.469127478192873,1.8897854348701557,-5.418127286953398,2.286122672580639,5.279272056407779,3.3453223809334274,6.6534061396363136,6.159489504995636,1.3881364177739837,2.6752199775172585,4.58043823319756,3.5059051372373844,2.8030788470596315,4.152419227809389,-5.418127286953398,0.06905483983448946,3.4347920800964333,-5.418127286953398,1.3854306147272304,0.01498365553683989,1.3037197293769944,-5.418127286953398,0.9996860811400623,-5.418127286953398,-5.418127286953398,-5.418127286953398,-5.418127286953398,-5.418127286953398,5.059117072901773,-0.23235987961518312,-5.418127286953398,0.39981648995424646,3.069370997625053,-5.418127286953398,2.3070023135035287,4.435771061999135,-5.418127286953398,3.0290857558590556,-5.418127286953398,-5.418127286953398,5.405318874245173,-2.5060659021124074,3.8006701046930624,3.1711858098033483,4.112693137269833,-5.418127286953398,-5.418127286953398,0.14133151416107914,4.337417144858493,4.612115557195528,-5.418127286953398,5.359164796608077,2.6068526365247573,-5.418127286953398,1.7776436555162114,-5.418127286953398,-5.418127286953398,0.856785240824756,-5.418127286953398,-5.418127286953398,-5.418127286953398,-5.418127286953398,-5.418127286953398,2.867378295514433,3.648047781870156,-5.418127286953398,5.057040245820259,4.226441122130033,-5.418127286953398,3.7092667457727275,-5.418127286953398,4.069790899077469,4.548923261431813,-0.7209209550580002,3.8503912518118533,2.0848894868945056,-5.418127286953398,5.309566469978222,-5.418127286953398,2.6955576816594773,3.8228351959126226,0.9008136045441182,-5.418127286953398,2.3202996515812284,1.4555079597818423,2.6368193110593268,4.427425261359838,4.9698050815502315,-5.418127286953398,1.7638978196854334,2.3698497686213438,-5.418127286953398
Pa_R5.V3,-3.1900256093776704,1.2702637436252129,-3.1900256093776704,-3.1900256093776704,-3.1900256093776704,7.0422056640372945,-3.1900256093776704,-3.1900256093776704,-3.1900256093776704,5.557112403503431,-3.1900256093776704,-3.1900256093776704,-3.1900256093776704,-3.1900256093776704,2.6818311749232286,-3.1900256093776704,-3.1900256093776704,7.368380882830458,-3.1900256093776704,-3.1900256093776704,-3.1900256093776704,-3.1900256093776704,6.139906544267903,6.813539694016674,6.1954836477046396,8.33947065862862,7.402479910137028,-3.1900256093776704,6.000816565767544,-3.1900256093776704,-3.1900256093776704,-3.1900256093776704,5.243586503108285,-3.1900256093776704,6.391278524101384,5.263231055559005,3.838654067558668,5.125543846633269,-3.1900256093776704,2.8052623389989266,3.087112066021155,3.2734545197067186,-3.1900256093776704,3.2016815627327206,-3.1900256093776704,4.988074234030084,2.4973527772450534,5.505687108909615,2.0367604629943674,-3.1900256093776704,-3.1900256093776704,3.497163513742656,-3.1900256093776704,2.7896250079089935,3.255908689608198,5.422574373408809,-3.1900256093776704,-3.1900256093776704,-3.1900256093776704,10.101977072590058,4.5418586503754135,2.6891655812381137,-3.1900256093776704,-3.1900256093776704,-3.1900256093776704,-3.1900256093776704,-3.1900256093776704,2.178892886277051,3.2107314714218527,-3.1900256093776704,1.6892071825058874,0.21250748467282143,3.7328081854262116,-3.1900256093776704,-3.1900256093776704,-3.1900256093776704,-3.1900256093776704,-3.1900256093776704,-3.1900256093776704,-3.1900256093776704,-3.1900256093776704,-3.1900256093776704,-3.1900256093776704,-3.1900256093776704,-3.1900256093776704,6.605571180981113,6.893804437067892,5.453122386807197,6.171352350272509,-3.1900256093776704,-3.1900256093776704,-3.1900256093776704,-3.1900256093776704,3.479213232007826,-3.1900256093776704,-3.1900256093776704,6.7669783222643325,4.88786887818626,-3.1900256093776704,2.1727880095957346,2.162846872300653,-3.1900256093776704,-3.1900256093776704,-3.1900256093776704,-3.1900256093776704,-3.1900256093776704,1.3665288838457954,-3.1900256093776704,-3.1900256093776704,-3.1900256093776704,-3.1900256093776704
Pa_R5.V4,-4.655762643646833,1.9270423494825693,-4.655762643646833,-4.655762643646833,-4.655762643646833,6.788991969564753,-4.655762643646833,-4.655762643646833,1.783139480648039,3.4692249252869516,2.9444118378707795,-0.06404599402121569,-4.655762643646833,-4.655762643646833,-0.07343810590190891,-4.655762643646833,-4.655762643646833,2.6642521390306024,-4.655762643646833,3.7291070005997735,-4.655762643646833,-4.655762643646833,5.78712616979229,5.206708300321227,6.116107536248455,4.6396903416802795,6.988789638972218,-4.655762643646833,5.935169638316589,-4.655762643646833,-4.655762643646833,1.1854784803727139,2.108518297410435,-4.655762643646833,3.5783109372231756,4.245320095890114,2.62141148998394,2.7934247346209737,-4.655762643646833,4.0220290874836655,0.36172281115714,1.9387453850384908,-4.655762643646833,3.8317223329410606,-4.655762643646833,3.460203982655825,3.000544867067501,4.8149931123981915,1.2829851655216622,-4.655762643646833,3.1033290388413697,2.8841228921979836,-4.655762643646833,4.235949685930542,4.582239983120205,4.049710248621455,-4.655762643646833,4.056225728078561,-4.655762643646833,7.831264891874949,1.9529423438621727,2.8093978537911086,0.9868737405408492,-4.655762643646833,2.9067400575320788,-4.655762643646833,-4.655762643646833,0.7740047463176261,2.331241640071126,2.9672244822959275,-4.655762643646833,-0.2371126425416854,2.3404767448196058,-4.655762643646833,-4.655762643646833,-4.655762643646833,-4.655762643646833,4.696422642522514,-4.655762643646833,0.7904916379451468,1.6793383515513716,1.9114622772241185,3.8633115029816407,-4.655762643646833,-4.655762643646833,5.02597717551607,4.526475448476979,1.6169265125366188,4.541414565262776,-4.655762643646833,1.0522344817783313,-4.655762643646833,4.508727453121893,5.6859116649392005,-4.655762643646833,-4.655762643646833,6.367937275604557,6.9078181984148825,0.7913751246728626,3.402711924607904,3.000738761732495,-4.655762643646833,2.6913635797399182,-4.655762643646833,-4.655762643646833,2.954412044689567,3.487711541424547,-4.655762643646833,-4.655762643646833,-4.655762643646833,-4.655762643646833
Pa_R5.V5,-4.878373369651747,1.9785446073176116,-4.878373369651747,-4.878373369651747,-4.878373369651747,-4.878373369651747,-4.878373369651747,-4.878373369651747,-4.878373369651747,2.9668172501686243,3.4094924492690684,-4.878373369651747,-4.878373369651747,-4.878373369651747,-0.6518260492779895,-4.878373369651747,-4.878373369651747,5.6418789488417715,-4.878373369651747,0.8737618564953262,-4.878373369651747,-4.878373369651747,5.134523615825433,5.084395211950655,5.022028167272473,5.908550088192092,5.5264743963109435,-4.878373369651747,4.703471392633063,-4.878373369651747,-4.878373369651747,0.7687541665971729,5.489294573793021,-4.878373369651747,-4.878373369651747,6.054883406091297,3.667634255337102,6.310668608970319,-4.878373369651747,2.4022470915677,-4.878373369651747,-4.878373369651747,-4.878373369651747,4.083706038057115,2.870515120070534,-0.40612276452608853,-4.878373369651747,5.7153349190982325,1.4545747982218016,-4.878373369651747,4.175384249112724,3.155991724950093,-4.878373369651747,3.2549686193712475,6.060679486180882,4.849077606391473,-4.878373369651747,-4.878373369651747,-4.878373369651747,6.518913298493055,4.221244175841276,4.277496221598022,2.8683785657542495,-4.878373369651747,5.928420846058466,-4.878373369651747,2.7402673714532195,4.255795816688485,-4.878373369651747,2.827054957162237,4.050976190111082,1.9613785277311102,3.245138879653731,-4.878373369651747,1.739180478856376,1.3944632574052438,-4.878373369651747,-4.878373369651747,-4.878373369651747,-4.878373369651747,1.6951414504303814,1.2194169269621051,2.425991645429634,-4.878373369651747,4.679840640996223,3.62172203309186,4.56807005398348,-0.21699580113471129,3.845958949959293,-4.878373369651747,2.905803362618408,4.117644578643333,6.144895645239499,1.3702561668746451,-4.878373369651747,-4.878373369651747,7.08775276063441,3.3197700660445717,2.7730490000039403,4.2105474778839005,3.9455202452575664,2.5035311936910905,2.912614189551711,2.2603579349708127,0.8437960052408258,2.2113630979359344,3.716524629529017,-4.878373369651747,0.7081903290517317,-4.878373369651747,-4.878373369651747
Ta_R1.V3,1.6360919737681385,-3.357726108264613,1.3520962265629528,-3.357726108264613,-3.357726108264613,-3.357726108264613,5.790384583165214,-3.357726108264613,8.626309529165395,-3.357726108264613,-3.357726108264613,-3.357726108264613,-3.357726108264613,-3.357726108264613,-3.357726108264613,-3.357726108264613,4.025113603876363,-3.357726108264613,6.446910790856663,-3.357726108264613,-3.357726108264613,6.758365539547492,0.9624323649992874,2.530886859445099,-3.357726108264613,5.494148869384092,6.5694847539973935,4.916388826881456,-3.357726108264613,-3.357726108264613,6.850180936814352,-3.357726108264613,-3.357726108264613,-3.357726108264613,-3.357726108264613,-3.357726108264613,-3.357726108264613,4.594341317610147,-3.357726108264613,-3.357726108264613,-3.357726108264613,-3.357726108264613,-3.357726108264613,6.488052099521335,3.283656406140902,-3.357726108264613,-3.357726108264613,8.932521134873877,1.2851724703635785,-3.357726108264613,5.753562086785594,-3.357726108264613,-3.357726108264613,-3.357726108264613,4.7429154385366274,-3.357726108264613,1.198018662288419,-3.357726108264613,-3.357726108264613,-3.357726108264613,-3.357726108264613,-3.357726108264613,4.63154630434213,5.611455360420544,4.703379765534931,-3.357726108264613,-3.357726108264613,7.705726730562017,-3.357726108264613,5.443943689303598,7.425992455868721,2.907385255661266,3.882740152004435,-3.357726108264613,-3.357726108264613,-3.357726108264613,-3.357726108264613,-3.357726108264613,-3.357726108264613,5.080454708882959,2.853713908702203,-3.357726108264613,6.395109946689237,6.838063258418374,-3.357726108264613,-3.357726108264613,3.030880930045531,5.523160841995974,-3.357726108264613,8.808857460799263,-3.357726108264613,-3.357726108264613,-3.357726108264613,-3.357726108264613,5.508551337449083,-3.357726108264613,-3.357726108264613,-3.357726108264613,-3.357726108264613,-3.357726108264613,6.8827308883288625,6.913274368436445,-3.357726108264613,3.905442924389291,3.9456647864736105,6.434654488200544,5.214019099794366,-3.357726108264613,2.309532680585198,-3.357726108264613,1.4166073279899578
Ta_R1.V4,-4.733771565654806,-4.733771565654806,-4.733771565654806,2.106379586570525,4.067744769003684,-4.733771565654806,2.520621233630135,-4.733771565654806,5.360305201190911,2.1379378136203364,4.166149696093056,-4.733771565654806,2.1647007912916463,-4.733771565654806,2.14233294537324,-4.733771565654806,3.559036626273053,-4.733771565654806,0.7144262754123112,-4.733771565654806,-4.733771565654806,-4.733771565654806,1.492652642256079,2.177706999275382,-4.733771565654806,5.84600502624018,4.476100467965093,1.674976277084836,2.775251584730287,5.737522943455662,-4.733771565654806,3.0143855120463288,2.981672797167233,2.4186714610050766,1.0556387177883835,4.0062888483850205,-4.733771565654806,3.6988596156333173,-4.733771565654806,-4.733771565654806,-4.733771565654806,-4.733771565654806,-4.733771565654806,3.479189681959588,-4.733771565654806,-4.733771565654806,-4.733771565654806,6.40110564166417,0.6269748378758546,-4.733771565654806,4.2031130766565825,5.425685754442759,3.307001802948009,2.7754354257929084,5.274355106411081,1.8426126155396707,-4.733771565654806,-4.733771565654806,-4.733771565654806,-4.733771565654806,4.430685670810373,4.662257308027646,1.9145607682962638,4.180368926137061,5.2989245408412025,-4.733771565654806,1.9213493237225867,7.178771801204153,4.287962853852557,-0.22404603342799057,5.999372833888139,3.924298093479008,1.6132569332856583,-4.733771565654806,-4.733771565654806,-4.733771565654806,-4.733771565654806,0.6691416906126975,4.033804885116491,-4.733771565654806,-4.733771565654806,-4.733771565654806,2.7081477913081535,5.813136448756003,-4.733771565654806,3.139577357812785,3.854726421246327,-0.06725300986945726,-4.733771565654806,7.372000394491488,7.158823314277194,3.065275965264564,2.124165329702306,4.249452064889984,2.847300226741311,-4.733771565654806,-4.733771565654806,-4.733771565654806,-4.733771565654806,4.361567320890604,1.6908715412763247,-4.733771565654806,-4.733771565654806,1.5216215925717487,-0.9899628152220679,5.770892145549406,3.3667916075876487,3.3521329190241236,2.8926740331936616,-4.733771565654806,-4.733771565654806
Ut_R2.V3,1.9517297263221707,1.1524034231591234,0.9947747052369245,2.9446549873560146,4.870119487089929,-4.0568415427875255,3.165010618556244,0.2845576754424055,7.542313789737889,-4.0568415427875255,-4.0568415427875255,-4.0568415427875255,2.316378345308994,-4.0568415427875255,-4.0568415427875255,-4.0568415427875255,1.907031329645676,4.243263480582647,-4.0568415427875255,1.353818755830412,-4.0568415427875255,-4.0568415427875255,2.596263041053147,-4.0568415427875255,3.693826691825393,5.633123912483734,3.0508533621534584,2.257181262689749,4.540178811534276,6.928671841507686,-4.0568415427875255,1.985895692030076,5.680760835935901,-4.0568415427875255,-4.0568415427875255,4.934273399314383,-4.0568415427875255,-4.0568415427875255,1.9459802272670519,-4.0568415427875255,-4.0568415427875255,-4.0568415427875255,-4.0568415427875255,-4.0568415427875255,-4.0568415427875255,-4.0568415427875255,-4.0568415427875255,6.914323881084216,0.5365640986174416,-4.0568415427875255,4.006916812863287,4.4818951371553375,-4.0568415427875255,3.939731170310213,5.612995219237029,4.203425022321883,-4.0568415427875255,-4.0568415427875255,-4.0568415427875255,-4.0568415427875255,-4.0568415427875255,2.9011070895849045,3.741738259995887,7.231328695599357,5.475670394969875,7.6345137838412835,-4.0568415427875255,7.360890876440987,2.9450531632482004,1.164286079995838,6.618162079028572,4.73894914411034,1.8037028594218096,-4.0568415427875255,-4.0568415427875255,-4.0568415427875255,-4.0568415427875255,-4.0568415427875255,-4.0568415427875255,-4.0568415427875255,-4.0568415427875255,4.9018017314404965,4.0542815353322315,4.6592298072172245,-4.0568415427875255,3.7820148540040934,3.164797600121428,-4.0568415427875255,-4.0568415427875255,7.805118664170801,-4.0568415427875255,-4.0568415427875255,-4.0568415427875255,-4.0568415427875255,3.1534421911947987,-4.0568415427875255,7.396634652228017,-4.0568415427875255,-4.0568415427875255,6.177433131263534,2.777271595380177,-4.0568415427875255,-4.0568415427875255,2.544542600824106,-4.0568415427875255,5.228862296175676,5.568047264515751,-4.0568415427875255,1.5629402030789077,3.0655475564763197,-4.0568415427875255
Ut_R2.V4,-3.5591830529196606,-3.5591830529196606,-3.5591830529196606,2.0983507114308537,3.7870896673796413,-3.5591830529196606,-3.5591830529196606,-3.5591830529196606,8.210046985750303,-3.5591830529196606,-3.5591830529196606,-3.5591830529196606,-3.5591830529196606,-3.5591830529196606,-3.5591830529196606,-3.5591830529196606,4.9444825803362695,5.235497160034683,-3.5591830529196606,-3.5591830529196606,2.9399577859518153,4.556906541161699,3.866167134328955,-3.5591830529196606,4.437886001812741,7.55139240928899,5.680218170893318,-3.5591830529196606,6.003072883600182,7.149398323394804,-3.5591830529196606,-3.5591830529196606,6.264061931200686,-3.5591830529196606,-3.5591830529196606,7.163881319596925,-3.5591830529196606,2.8395579091970182,3.4594419338420668,-3.5591830529196606,-3.5591830529196606,-3.5591830529196606,-3.5591830529196606,-3.5591830529196606,-3.5591830529196606,-3.5591830529196606,-3.5591830529196606,7.641612596282782,-3.5591830529196606,-3.5591830529196606,5.261568497743088,4.943266566434541,-3.5591830529196606,4.505517806117195,5.613558722858136,-3.5591830529196606,-3.5591830529196606,-3.5591830529196606,-3.5591830529196606,-3.5591830529196606,-3.5591830529196606,2.214253459249173,-3.5591830529196606,5.500608867952962,3.837547309978455,8.107707860490484,4.60591420752931,7.388495173111307,-3.5591830529196606,-3.5591830529196606,7.11905105693367,4.585554915563468,-3.5591830529196606,-3.5591830529196606,-3.5591830529196606,-3.5591830529196606,-3.5591830529196606,-3.5591830529196606,-3.5591830529196606,-3.5591830529196606,-3.5591830529196606,4.648744272611182,4.935656371661852,5.498874122720623,-3.5591830529196606,4.896188539214705,5.8133192657001,-3.5591830529196606,-3.5591830529196606,7.469160386750469,6.312216806836229,5.98022955742828,-3.5591830529196606,-3.5591830529196606,3.182547604948504,6.406664093908585,8.134929329755751,-3.5591830529196606,-3.5591830529196606,5.709715143498356,-3.5591830529196606,-3.5591830529196606,-3.5591830529196606,-3.5591830529196606,-3.5591830529196606,5.3323910501319,6.632561511004063,-3.5591830529196606,-3.5591830529196606,-3.5591830529196606,-3.5591830529196606
Ut_R2.V5,-3.1530381866003445,-3.1530381866003445,-3.1530381866003445,-3.1530381866003445,3.7512497413179346,-3.1530381866003445,-3.1530381866003445,-3.1530381866003445,8.666306730895725,3.944111681791882,-3.1530381866003445,-3.1530381866003445,-3.1530381866003445,-3.1530381866003445,-3.1530381866003445,-3.1530381866003445,5.455812305906056,5.527292083936203,-3.1530381866003445,-3.1530381866003445,-3.1530381866003445,4.4881149999469505,3.8899684285385154,-3.1530381866003445,4.947868671912807,7.996305589246715,5.792452915282583,-3.1530381866003445,6.3148878549653045,7.753411144000964,5.285991900973284,-3.1530381866003445,6.545749983577992,-3.1530381866003445,-3.1530381866003445,7.320027308646392,-3.1530381866003445,-3.1530381866003445,-3.1530381866003445,-3.1530381866003445,-3.1530381866003445,-3.1530381866003445,-3.1530381866003445,-3.1530381866003445,-3.1530381866003445,-3.1530381866003445,-3.1530381866003445,8.677754197728916,2.3623031924101596,-3.1530381866003445,5.142728406500888,4.844741454882591,-3.1530381866003445,-3.1530381866003445,6.023704146856221,-3.1530381866003445,-3.1530381866003445,-3.1530381866003445,-3.1530381866003445,5.501689564994221,-3.1530381866003445,-3.1530381866003445,-3.1530381866003445,-3.1530381866003445,-3.1530381866003445,8.57130771774296,4.568224934633167,8.008190739488343,-3.1530381866003445,-3.1530381866003445,7.6698078529178595,5.337242097954479,-3.1530381866003445,-3.1530381866003445,-3.1530381866003445,-3.1530381866003445,-3.1530381866003445,-3.1530381866003445,-3.1530381866003445,-3.1530381866003445,-3.1530381866003445,2.4399795403222395,5.0447779501721834,4.61631447361822,-3.1530381866003445,4.051747543267321,6.133586338122744,-3.1530381866003445,-3.1530381866003445,6.554313022029295,-3.1530381866003445,5.764816149039675,-3.1530381866003445,-3.1530381866003445,3.6361891172643315,5.699578167336704,8.343091108220452,-3.1530381866003445,-3.1530381866003445,5.968590993798489,-3.1530381866003445,-3.1530381866003445,-3.1530381866003445,-3.1530381866003445,-3.1530381866003445,6.571341261358008,7.807178123624361,-3.1530381866003445,-3.1530381866003445,-3.1530381866003445,-3.1530381866003445
Ut_R4.V3,-1.141014731825372,-1.141014731825372,-1.141014731825372,-1.141014731825372,-1.141014731825372,-1.141014731825372,-1.141014731825372,-1.141014731825372,-1.141014731825372,-1.141014731825372,-1.141014731825372,-1.141014731825372,-1.141014731825372,-1.141014731825372,-1.141014731825372,-1.141014731825372,8.467343110868281,-1.141014731825372,-1.141014731825372,7.25049764644838,-1.141014731825372,-1.141014731825372,-1.141014731825372,-1.141014731825372,-1.141014731825372,7.8642999855238696,-1.141014731825372,-1.141014731825372,-1.141014731825372,-1.141014731825372,-1.141014731825372,-1.141014731825372,12.083385873210277,9.176263061350202,-1.141014731825372,-1.141014731825372,-1.141014731825372,-1.141014731825372,-1.141014731825372,-1.141014731825372,-1.141014731825372,-1.141014731825372,-1.141014731825372,-1.141014731825372,-1.141014731825372,-1.141014731825372,-1.141014731825372,9.015492959588734,-1.141014731825372,-1.141014731825372,-1.141014731825372,-1.141014731825372,-1.141014731825372,-1.141014731825372,-1.141014731825372,-1.141014731825372,6.739008208335062,-1.141014731825372,-1.141014731825372,11.258586242970628,-1.141014731825372,-1.141014731825372,-1.141014731825372,-1.141014731825372,-1.141014731825372,-1.141014731825372,-1.141014731825372,-1.141014731825372,-1.141014731825372,-1.141014731825372,-1.141014731825372,-1.141014731825372,-1.141014731825372,-1.141014731825372,-1.141014731825372,-1.141014731825372,-1.141014731825372,-1.141014731825372,-1.141014731825372,-1.141014731825372,8.661719685354718,-1.141014731825372,-1.141014731825372,-1.141014731825372,-1.141014731825372,-1.141014731825372,-1.141014731825372,-1.141014731825372,-1.141014731825372,-1.141014731825372,-1.141014731825372,-1.141014731825372,-1.141014731825372,-1.141014731825372,-1.141014731825372,-1.141014731825372,-1.141014731825372,-1.141014731825372,-1.141014731825372,7.480383293353922,-1.141014731825372,-1.141014731825372,-1.141014731825372,-1.141014731825372,-1.141014731825372,7.542687516943253,6.051376412132505,-1.141014731825372,-1.141014731825372,10.228399722803166,-1.141014731825372
Ut_R4.V4,-1.5466753918158034,-1.5466753918158034,-1.5466753918158034,-1.5466753918158034,-1.5466753918158034,-1.5466753918158034,-1.5466753918158034,-1.5466753918158034,-1.5466753918158034,-1.5466753918158034,-1.5466753918158034,-1.5466753918158034,-1.5466753918158034,-1.5466753918158034,-1.5466753918158034,-1.5466753918158034,7.734573320676538,-1.5466753918158034,-1.5466753918158034,8.107497392871574,-1.5466753918158034,-1.5466753918158034,4.382814292385021,-1.5466753918158034,-1.5466753918158034,6.359351398093051,-1.5466753918158034,-1.5466753918158034,-1.5466753918158034,-1.5466753918158034,-1.5466753918158034,-1.5466753918158034,11.720841679772052,11.006244429859818,-1.5466753918158034,4.761023271621688,-1.5466753918158034,4.306497639993479,-1.5466753918158034,-1.5466753918158034,-1.5466753918158034,-1.5466753918158034,-1.5466753918158034,2.638055315051858,-1.5466753918158034,-1.5466753918158034,-1.5466753918158034,8.70317135504108,-1.5466753918158034,-1.5466753918158034,-1.5466753918158034,-1.5466753918158034,-1.5466753918158034,-1.5466753918158034,7.962928943884136,-1.5466753918158034,5.098235613442384,-1.5466753918158034,-1.5466753918158034,9.069869018127484,-1.5466753918158034,-1.5466753918158034,-1.5466753918158034,-1.5466753918158034,-1.5466753918158034,-1.5466753918158034,-1.5466753918158034,-1.5466753918158034,-1.5466753918158034,-1.5466753918158034,-1.5466753918158034,-1.5466753918158034,-1.5466753918158034,-1.5466753918158034,-1.5466753918158034,-1.5466753918158034,-1.5466753918158034,-1.5466753918158034,-1.5466753918158034,6.729316961133716,-1.5466753918158034,-1.5466753918158034,-1.5466753918158034,-1.5466753918158034,-1.5466753918158034,5.826547088839043,-1.5466753918158034,-1.5466753918158034,-1.5466753918158034,-1.5466753918158034,5.037511351872217,4.754801128595302,-1.5466753918158034,-1.5466753918158034,-1.5466753918158034,-1.5466753918158034,-1.5466753918158034,6.8299584508205795,6.068296610111715,4.275968352626899,-1.5466753918158034,-1.5466753918158034,-1.5466753918158034,-1.5466753918158034,-1.5466753918158034,-1.5466753918158034,-1.5466753918158034,-1.5466753918158034,-1.5466753918158034,7.8272816485997065,-1.5466753918158034
Ut_R5.V3,-3.3298330700894194,-3.3298330700894194,-3.3298330700894194,-3.3298330700894194,-3.3298330700894194,-3.3298330700894194,1.5263392830443951,3.7152822116047153,8.843357038299992,4.82213533710893,-3.3298330700894194,0.6699690709425496,-3.3298330700894194,-3.3298330700894194,-3.3298330700894194,-3.3298330700894194,6.78921624631487,6.638829700614319,-3.3298330700894194,6.170235658132744,6.156795508072973,-3.3298330700894194,5.433430821745264,6.458746962578035,3.869541295400195,5.276454516367304,4.207009142802562,-3.3298330700894194,5.86784409473602,9.022632766238488,-3.3298330700894194,2.737085181974815,3.4764565199769937,-3.3298330700894194,-3.3298330700894194,-3.3298330700894194,-3.3298330700894194,7.179705258774762,-3.3298330700894194,-3.3298330700894194,6.2176832356258664,4.628224500270375,-3.3298330700894194,5.668352924598912,5.147932112248274,-3.3298330700894194,-3.3298330700894194,6.614003456471444,8.553466113777029,-3.3298330700894194,-3.3298330700894194,-3.3298330700894194,-3.3298330700894194,-3.3298330700894194,-3.3298330700894194,5.752048371875974,-3.3298330700894194,-3.3298330700894194,-3.3298330700894194,7.36829614873542,-3.3298330700894194,-3.3298330700894194,-3.3298330700894194,7.4413209533041424,4.090098902999113,-3.3298330700894194,-3.3298330700894194,-3.3298330700894194,-3.3298330700894194,6.584232009003353,-3.3298330700894194,-3.3298330700894194,4.204071953260568,-3.3298330700894194,3.013667352179076,-3.3298330700894194,-3.3298330700894194,-3.3298330700894194,-3.3298330700894194,2.6370980637148422,-3.3298330700894194,5.048690701357939,5.203649714581119,-3.3298330700894194,-3.3298330700894194,7.290633700493048,-3.3298330700894194,5.72353142383413,-3.3298330700894194,-3.3298330700894194,-3.3298330700894194,-3.3298330700894194,-3.3298330700894194,-3.3298330700894194,-3.3298330700894194,-3.3298330700894194,-3.3298330700894194,5.282515738472703,-3.3298330700894194,-3.3298330700894194,5.709190651918473,6.613649351790908,-3.3298330700894194,-3.3298330700894194,-3.3298330700894194,2.4785721781913317,2.249804145628344,4.046848447016742,-3.3298330700894194,-3.3298330700894194,-3.3298330700894194
Ut_R5.V4,-3.232010450926218,-3.232010450926218,-3.232010450926218,-3.232010450926218,-3.232010450926218,-3.232010450926218,3.135931668483959,-3.232010450926218,8.760655163650895,4.707005932642106,-3.232010450926218,-3.232010450926218,-3.232010450926218,5.24360597631388,-3.232010450926218,-3.232010450926218,-3.232010450926218,8.006832321643868,-3.232010450926218,5.848414811600334,-3.232010450926218,-3.232010450926218,5.615904977641868,6.260001363275114,4.048358677144424,6.987243451378337,7.857943224161543,3.538127297598261,5.7266712796596035,8.620406600597917,-3.232010450926218,5.800780876921957,8.204969819828058,4.548604445905974,-3.232010450926218,-3.232010450926218,-3.232010450926218,6.23534216018296,-3.232010450926218,-3.232010450926218,5.2057745706388365,-3.232010450926218,-3.232010450926218,1.8792726427824071,6.359441456848992,-3.232010450926218,4.30834702939571,8.098130001771942,6.981787433262326,-3.232010450926218,-3.232010450926218,-3.232010450926218,-3.232010450926218,-3.232010450926218,-3.232010450926218,6.7752359176094465,-3.232010450926218,-3.232010450926218,-3.232010450926218,7.868518913331889,-3.232010450926218,-3.232010450926218,-3.232010450926218,7.757499355855813,4.48087326523847,-3.232010450926218,-3.232010450926218,-3.232010450926218,-3.232010450926218,6.993228803331806,-3.232010450926218,-3.232010450926218,5.074139867449238,-3.232010450926218,-3.232010450926218,1.1029417808842492,-3.232010450926218,-3.232010450926218,5.798867498792654,-3.232010450926218,-3.232010450926218,5.589397358834319,4.484339564795821,-3.232010450926218,-3.232010450926218,6.347585703860182,-3.232010450926218,4.8459072793715565,-3.232010450926218,-3.232010450926218,-3.232010450926218,-3.232010450926218,-3.232010450926218,-3.232010450926218,-3.232010450926218,-3.232010450926218,-3.232010450926218,5.307823166973443,-3.232010450926218,4.8365876489603945,4.931503998006714,5.298738709132709,-3.232010450926218,-3.232010450926218,-3.232010450926218,-3.232010450926218,-3.232010450926218,-3.232010450926218,-3.232010450926218,-3.232010450926218,-3.232010450926218
