,Akkermansia_muciniphila,Alistipes_finegoldii,Alistipes_onderdonkii,Alistipes_putredinis,Alistipes_shahii,Anaerostipes_hadrus,Anaerotruncus_unclassified,Bacteroides_caccae,Bacteroides_cellulosilyticus,Bacteroides_dorei,Bacteroides_eggerthii,Bacteroides_faecis,Bacteroides_finegoldii,Bacteroides_fragilis,Bacteroides_massiliensis,Bacteroides_ovatus,Bacteroides_stercoris,Bacteroides_thetaiotaomicron,Bacteroides_uniformis,Bacteroides_vulgatus,Bacteroides_xylanisolvens,Barnesiella_intestinihominis,Bifidobacterium_adolescentis,Bifidobacterium_bifidum,Bifidobacterium_longum,Bilophila_unclassified,Bilophila_wadsworthia,Burkholderiales_bacterium_1_1_47,C2likevirus_unclassified,Clostridiaceae_bacterium_JC118,Clostridiales_bacterium_1_7_47FAA,Clostridium_asparagiforme,Clostridium_bartlettii,Clostridium_bolteae,Clostridium_citroniae,Clostridium_clostridioforme,Clostridium_hathewayi,Clostridium_leptum,Clostridium_symbiosum,Collinsella_aerofaciens,Coprobacillus_unclassified,Coprococcus_catus,Coprococcus_comes,Dialister_invisus,Dorea_formicigenerans,Dorea_longicatena,Dorea_unclassified,Eggerthella_unclassified,Escherichia_coli,Escherichia_unclassified,Eubacterium_eligens,Eubacterium_hallii,Eubacterium_ramulus,Eubacterium_rectale,Eubacterium_siraeum,Eubacterium_ventriosum,Faecalibacterium_prausnitzii,Flavonifractor_plautii,Haemophilus_parainfluenzae,Holdemania_filiformis,Holdemania_unclassified,Lachnospiraceae_bacterium_1_1_57FAA,Lachnospiraceae_bacterium_2_1_58FAA,Lachnospiraceae_bacterium_3_1_46FAA,Lachnospiraceae_bacterium_3_1_57FAA_CT1,Lachnospiraceae_bacterium_5_1_63FAA,Lachnospiraceae_bacterium_7_1_58FAA,Lachnospiraceae_bacterium_8_1_57FAA,Odoribacter_splanchnicus,Oscillibacter_unclassified,Parabacteroides_distasonis,Parabacteroides_merdae,Parabacteroides_unclassified,Parasutterella_excrementihominis,Peptostreptococcaceae_noname_unclassified,Prevotella_copri,Roseburia_hominis,Roseburia_intestinalis,Roseburia_inulinivorans,Roseburia_unclassified,Ruminococcaceae_bacterium_D16,Ruminococcus_bromii,Ruminococcus_gnavus,Ruminococcus_lactaris,Ruminococcus_obeum,Ruminococcus_torques,Streptococcus_parasanguinis,Streptococcus_salivarius,Subdoligranulum_unclassified,Veillonella_atypica,Veillonella_dispar,Veillonella_parvula,Veillonella_unclassified
CSM5FZ4M,0.0,7.193306532784874e-05,0.004405953299314016,0.06232872795498222,0.0,0.0,0.0,3.172269400151442e-05,0.0,0.13859528303698432,0.0,0.0,0.0,0.0,0.0,0.20249794465588786,0.0,0.02114651757495601,0.3456733905692781,3.84067398948101e-05,0.011796810521834076,0.0,0.0,0.0,0.0,0.0005073509120911103,4.7637088985551754e-05,0.0,0.0,0.0,0.0002074176146252866,1.2625420020669617e-05,0.0,3.9149411660731844e-05,0.0,8.360362164947614e-05,0.0,0.0008675467185631551,0.0,0.0,0.0,0.0,0.0014476794637145961,0.0,0.0011919881843043963,0.003257146173399641,0.0,0.0,0.0010753887170546826,0.0,0.0,0.0016733455845882456,0.0,0.0,0.002986495362704446,0.0,0.09932608903000596,0.0,0.0,0.0003839613029815408,0.0,0.0,0.00010853617379113462,0.0,0.0,0.0,0.0009708841899928375,0.0,0.0,0.004407969122678661,0.00276220848939608,0.0,0.06428481929045353,0.0,0.0,0.0,0.0,0.0,0.0,0.0,0.0,0.007544378086132738,0.0008277607311030619,0.0,0.0017181180824766705,0.0010690229590610677,0.0,0.0,0.01661218815610409,0.0,0.0,0.0,0.0
CSM5MCUO,0.0,0.0,0.0038144392524286806,0.05174921854765328,0.002308993484114032,0.007943586739620492,0.0,0.02822834176831815,0.0004360956967431973,0.0063532684369132795,0.0,0.0028470678074529483,0.0,0.00683519968840595,0.0,0.03775994406746466,0.09171793194363145,0.0006838050703773141,0.07424438772142246,0.18548815633389246,0.000991714730034065,0.021418143291593732,0.00030736138747075234,0.0,0.000313282727079536,0.0012721011259536918,6.34899191386249e-05,0.0010647445852090636,0.0,0.000409011050754872,0.0,0.0,0.0,7.631948829098952e-05,4.715140799586997e-06,0.0,2.1272960816741333e-05,0.0,0.0,0.0002747940196224422,0.0,4.671279024707117e-05,0.0014691501496015482,0.0,0.01391723151494842,0.008984207348645622,0.0,0.0,0.002894767487634817,0.0,0.08173499198097099,0.00018805735979748135,0.00021514200578580668,0.04140628306766621,0.0,0.0,0.176221259846146,7.949946696978076e-05,0.0002642671936512712,0.0016942707091725275,0.0,0.00013059843470483983,0.0,0.0018237725995053705,0.0,0.0011583894745776054,0.00013344945007203197,0.0014563205804491838,0.0033357976340520003,0.0,0.0,0.00285737532454972,0.0,0.009514386552506162,0.0021272960816741335,0.0,9.989519228892451e-05,0.07347176255691337,0.008297660917338317,0.0,0.00026053894278648147,0.0,0.0,0.0006422460386786287,0.0013343848462831198,0.0023553773110495044,0.0,0.0,0.03518843786069456,0.0,0.0,2.25888140631377e-05,4.649348137267178e-05
CSM5MCWQ,0.0,0.00041223799464726573,0.018508123189431992,0.1304466377221841,0.0,0.0,0.00023439647960108996,9.27819398420981e-05,0.00010947587516252457,0.07634783937890387,0.0,0.0,0.0,0.01292201445149691,0.0,0.13961808137169185,0.00011924239514590332,0.00462069959399668,0.24666254731509854,0.0009509864923350422,2.9299559950136245e-05,0.0,0.0,0.0,0.0,0.0012562470239085547,0.00015456085694626136,0.0,0.0,5.3829424094436356e-05,0.00054272324419264,0.0,0.0,0.00021384136196165326,0.0,0.00043040826438378436,0.0,0.00013809404999754135,0.00017034627877986186,0.0,8.460531846066473e-05,0.0,0.00971019214719554,0.0,0.003884349412924264,0.036919376128331176,0.0,9.323619658551107e-05,0.0,0.0,0.0,0.005313554691887304,0.0,1.5217600904334328e-05,0.022473898123613032,0.0,0.13928533830714185,0.0,0.0,0.0005541932269638173,0.0,0.0,0.0008684253292197358,0.0,0.0005039978568166847,0.0,0.0019692029826952036,0.0,0.0,0.0,0.0005191018935351658,6.132466036075028e-05,0.0,0.0,0.0,0.0,0.0,0.0,0.0,0.0001664850964608517,9.346332495721754e-05,0.03785298730023067,0.0026823860698535584,0.0,0.029043586275223035,0.005018401372854731,0.0,0.0,0.06885226242003238,0.0,0.0,0.0,0.0
CSM5MCX3,0.0,0.0,0.00540199191645814,0.03318545842536391,0.0038319762051890194,0.005617564885519085,0.0,0.026982290680591645,0.0017096936608101566,0.00449102944204493,0.0,0.0049407324347200045,0.0,0.008643587098646746,0.0,0.0373932427652767,0.07793940688320046,0.001260324028396516,0.05177896036713188,0.19922498184019977,0.0014027799801161714,0.03737824155351216,0.0002821339012606907,0.0,0.0,0.0005538225143297686,0.0,0.00020623888174078062,0.0,0.0007351704965501102,0.0,0.0,0.0,0.0,0.0,0.0,0.0,0.0,0.0,0.0016588006608978304,0.0003551397985148356,0.00010611968322330038,0.0025457611964877606,0.0,0.007268920500578213,0.0013791114015543255,0.0,0.0,0.03946585463070183,0.0,0.012906709241957656,0.0009422983389880494,0.0003391385059659819,0.09057553871296048,0.0,0.0,0.16319318238262134,0.00013778890805957327,0.005276759578245932,0.0022069560507832135,0.0,0.0,0.0,0.0031651445622329715,0.0,0.001124868642166984,0.0001510121984298065,0.0,0.010286608707170013,0.0023939711574479405,9.33408732016464e-06,0.008351230149368732,0.0,0.0014477836154098227,0.001126090963125577,0.0,0.0007777294899265752,0.07100406888423098,0.02420806658493414,0.0,0.0002805782200406633,0.0,0.0,0.002222957343332067,0.0020793901907409634,0.01110845287169308,0.0001899042289304925,0.0,0.028447631269770346,1.2778810021653971e-05,0.0,0.0001541235608698614,0.0001405669102381937
CSM5MCXH,0.006644314963839075,0.014319836958582993,0.0,0.0,0.0,0.0,0.0,0.050626422394290514,0.034336016453389955,0.0068117067214402294,0.0,0.002180603098254349,0.006771524499162426,0.0,0.0,0.07568608581897622,0.14476670632269317,0.00016370155351441712,0.22414812151186023,0.22646372457628772,0.00011337126999808725,0.0,0.0,0.0,1.7835986419228917e-05,0.003988905606424563,0.0004846468033914616,0.001102653482250836,3.741456921275031e-05,0.0,0.0001481206918148608,0.0002107516556203141,0.0,0.0063775952129032495,3.423689347139344e-05,0.00018153753993364603,7.513665543272871e-05,0.002071639572026531,0.0,1.660591839031658e-05,0.0,0.0,0.0,0.0,0.00013951021561247446,0.0,3.403188213324138e-05,0.0,6.837128127371084e-05,0.00014135531765584295,0.00191552343802374,0.0,0.0,0.020393092839999516,0.0,0.0,0.05515799301280358,0.0014776192197309473,0.0,0.0,0.0,0.0,5.637811799181554e-05,0.0,0.0,0.0,0.0013931545484123,0.0008461842982226132,0.0,0.032133887164629636,0.01426909665239036,0.03213870493107621,0.0,0.0,0.0,0.0,0.0,0.0,0.0025878581214934093,0.0,0.0,0.0017512068504948665,0.0007549542527449481,0.00034339399140469466,0.0,0.0015424028025869973,0.0,0.0,0.02507606433173787,0.0,0.0,0.0,0.0
CSM5MCXJ,0.03693982906148977,0.008482056475933487,0.0,0.0,0.0,0.00012316008746896204,0.0,0.11199370780476708,0.003103694924063761,0.0012756227629796767,0.0,0.004380835683191371,0.026187457546707732,0.0,0.0,0.06606997274083717,0.16291539458589469,0.0003845590241430204,0.19122501074741272,0.18104431658194226,8.925817349845895e-05,0.0,0.0,0.0,0.0,0.005844285169541954,0.000877098174275673,0.0019874617566170466,0.00018438593210225873,0.0,1.8519553004782297e-05,0.00011061131931271612,0.0,0.015473440734596793,0.00013236926409975543,0.0007813632172127001,0.00047573999276219437,0.0005505266029836923,3.288991653854779e-05,6.395823769957602e-05,0.0003137192039061482,0.0,0.0,0.0,0.0,0.0011490218842420666,0.0,0.0,0.0,0.0,0.0007752912326209682,1.396556456098337e-05,0.0,0.06777002722677891,0.0,0.0,0.022548921979855585,0.0012845283403808835,0.0,0.0,0.0,0.0002137338576289629,0.0,0.0,0.0,5.738025439186646e-05,0.0014899638190678129,0.000653446741813548,0.0,0.020812131987133872,0.009343671089500244,0.025249437127028346,0.0,6.274384078122963e-06,0.0,0.0,0.0,0.0,0.0022639394550272394,0.0,0.0,0.0007135593892716938,0.00019025551720759954,0.0009327580330332155,8.601978171620193e-06,0.000759099273709683,0.0,0.0,0.022702745589512796,0.0,0.0,0.0,0.0
CSM5MCXL,0.05493189607038238,0.011818817430545208,0.0,0.0,0.0,1.1973552571468803e-05,0.00019914985729981444,0.06461522528290332,0.010254273227873282,0.008608370270549072,0.0,0.0027811390143780874,0.028758631191657072,0.0,0.0,0.06044576819857185,0.21288362443734538,0.0002552311120790017,0.08659764442355838,0.22649458590747654,0.00017765886550487046,0.0,0.0,0.0,0.0006314258065466883,0.00425020181064676,0.0006861766665957123,0.0036399599817265164,0.0008005906133897474,0.00011379991845703685,5.3215789206528015e-05,9.415101167308803e-05,0.0,0.0059226103245180696,0.00021050938153428488,0.00021511459406177286,7.184131542881282e-05,0.00041283171857525773,3.633000993907201e-05,0.00036104866215505934,0.0,0.0,0.0,0.0,4.758719611737601e-05,0.00022238059604958726,0.0,0.0,0.0,0.0,0.0012715503478675204,4.308432164605441e-05,0.0,0.055283734307482464,0.0,0.0,0.03611571404945957,0.0031720703889337354,0.0,2.742659905259521e-05,3.868378523089921e-05,0.0003015902515223809,0.0,0.0,0.0,0.0,0.0019343939376572936,0.0041580975600969995,0.0,0.018912277455663058,0.011631948139985361,0.027392622817947965,0.0,3.203181158008321e-05,0.0,0.0,0.0,0.0,0.011609945457909584,0.0,1.5043694256460805e-05,0.0019059439580430342,0.00015606553565376005,0.0006209873248177154,7.961900769745922e-05,0.0016484614087283716,0.0,0.0,0.03704494359945048,0.0,0.0,0.0,0.0
CSM5MCXN,0.0,0.0,0.0036421486952703808,0.043983241774071945,0.0,0.00011493940370289513,0.00017154680640917534,0.014894036623163506,0.0,3.2564473599849376e-05,0.0,0.0,0.0,1.673874811207211e-05,0.0,0.006980463750567089,0.05828685710019145,0.005792316975484734,0.15167233281744175,0.03934670999398623,1.4608361988717475e-05,0.0,0.0009130226242948422,0.0015074003527107845,0.0007302152055193639,0.00022693684561639576,0.0,0.0,0.0,5.041913825272629e-05,0.0,0.0005407122874990566,4.4332320757427335e-05,0.0,0.0,0.0,0.0,0.0020749960841474117,0.0,0.0025250147909665135,0.0,1.268086978187281e-05,0.0011649154216419638,0.0,0.00037575953337645507,0.0028326019683956203,0.0,0.0,4.139035896803285e-05,0.0,0.0029995836616833215,0.0,0.0,0.15618773692937102,0.0008212131270740831,0.0,0.326342691071288,0.0014178226885716348,0.002045880807128232,0.00039949812160812096,0.0005559293312373039,0.0,0.0,0.0016045865387190577,0.0,0.0007820546011876599,0.002048721321959371,0.0007582145659977389,0.0036880027204016326,0.007956180595063509,0.008160900556822065,0.01252169950437074,0.0,0.0,0.0001633296027905218,0.0,0.0,0.0,0.006794511476085705,0.007399946922951442,0.0017994661455268792,0.008727684712592653,0.0,0.0,0.0033236052463497356,0.0020067222812418083,5.275241829259089e-06,0.0,0.10347995529841232,0.0,0.0,0.0,1.988360381797656e-05
CSM5MCXP,0.07367575395843429,0.010738912441214141,0.0,0.0,0.0,0.000161239480863324,0.0,0.06674588476308081,0.0034781947551085894,0.010033351060600836,0.0,0.0027950193436958185,0.015935583264410764,0.0,0.0,0.06586315154514615,0.11873941582300805,0.00025310262474480494,0.1132609036308227,0.2157523409976035,0.00019733937714166668,0.0,0.0,0.0,0.0002335401111191109,0.009665595971977607,0.0016816703079159813,0.00652883766602675,0.0,0.0,0.00012322366830205245,0.00022133874952782746,0.0,0.008094847133073292,0.00015559256971363908,0.00044731603321432464,0.00033851215588378896,0.004893653537396568,0.000180398643692612,0.000253505975541211,5.767916388606711e-05,0.0,0.0,0.0,5.3948169019311025e-05,0.00022900241465954266,0.0,0.0,0.0,0.0,0.0028296066744876386,1.4722304068821326e-05,0.0,0.08762291863426226,0.0,0.0,0.052609246050641094,0.0016659396268561449,0.0,8.510701804167945e-05,4.7292880878610974e-05,0.00034113393606042836,0.0,0.0,2.97471212349472e-05,0.0001445004228124723,0.00086740588767124,0.0042334691213789435,0.0,0.025536743946662502,0.006591457877168792,0.036349570421318055,0.0,8.793047361652189e-05,0.0,0.0,0.0,0.0,0.024030632072882262,0.0,2.5612775571785046e-05,0.0010307629602156958,5.626743609864589e-05,0.0011670955294009453,3.9024189552286666e-05,0.002051240475123037,0.0,0.0,0.02173284342345602,0.0,0.0,0.0,2.0873403714013796e-05
CSM5MCXR,0.024434613921148405,0.006601455661828555,0.0,0.0,0.0,0.0008170007707592793,0.00047176484362042233,0.0644729364302463,0.00045845135923561507,0.008895643421390686,0.0,0.002629972129084293,0.011772067456071601,0.0,0.0,0.07044794691842637,0.15316401562332316,0.00013913099330382554,0.13611056005255476,0.22972671380114415,0.00013039084324967726,0.0,0.0,0.0,0.005442776001743153,0.01989817115409007,0.0026599528763630574,0.01291712874281682,0.0,0.0,0.0001538672928137267,0.0,0.0,0.018156950329930508,0.0007482991261476021,0.001287139539951023,0.00015346077420655703,0.0024337252714731264,0.0,0.002238901228987054,0.0001598634422694796,0.0,0.0,0.0,8.526727785384195e-05,0.003064337260845104,0.0,1.4228151250939062e-05,0.005232707511488218,0.0,0.00024838286898067903,0.0002707413923750119,0.0,0.11355589143026258,0.0,0.0,0.008472864069934211,0.0023888049653808764,5.1322974155173046e-05,0.00017693722377060649,0.0,0.0,0.0,0.0,8.740150054148281e-05,0.00022744716071144012,0.0014587920218284236,0.005433832592385421,0.0,0.02006342096790455,0.0035761441872717405,0.03365323637593541,0.0,0.0001394358822592028,0.0,0.0,0.0,0.0,0.0,5.691260500375625e-05,0.0,0.0,0.00027521309705387845,0.0006096762811027388,0.00018852300407494257,0.0014783049149725684,0.0,0.0,0.02260761767087604,0.0,0.0,3.983882350262937e-05,1.9817782099522264e-05
CSM5MCY4,0.006245656843808994,0.0,0.012207745096966167,0.062200027653242666,0.0,0.0,0.0,0.0,0.012278776851064063,0.0,0.0,0.21469682731532813,0.0,0.002948822961394243,0.0,0.0,0.11920937637023722,0.01524826156482955,0.13588396895957025,0.0,0.0,0.0,0.0,0.0,4.7801243323741085e-05,0.0068432840705037095,0.0015602415168987456,0.0024035760690893273,0.0,0.0019562770515388996,0.00012050827464092672,0.0008097173226568292,0.0,0.002359125380204166,1.898647515195324e-05,0.0005805393990579584,0.0002855789233149672,0.005655065781435296,4.534417006878243e-05,0.0004529949600960137,0.0,0.0,0.0,0.0,0.001456374329302766,0.004136594509870847,0.0,0.0,0.013913065621055428,0.0,0.0017618332089533078,0.00025140326804145137,0.0017630617455807872,0.003985149449247032,0.0005159853835413174,0.0,0.07567249536562483,0.003744021214817226,0.0,0.00012095501523273739,0.0005188891973880867,0.0,0.0,0.0,0.0,0.0,0.0018562071589733108,0.0,0.0,0.0,0.005550863538395458,0.10551532532431697,0.0,0.00048247983915551755,0.0,0.0,0.0008287037978087825,0.0020518795381863817,0.00026770929964254063,0.0,0.0007597940615219875,0.008960276049946496,0.0,0.006898568218740279,0.00012765612410989735,0.012333279203264965,0.0,0.0,0.14246892528285948,0.0,0.0,0.0,0.0
CSM5MCY8,0.0002752899137440079,0.0,0.01581463327915866,0.06961760898444519,0.0,0.0,0.0,0.0,0.00807804787046292,0.0,0.0,0.022126767522513427,0.0,0.0017684878452234698,0.0,0.0,0.16670636514799403,0.02457969453722145,0.20432477728849122,4.3610283365387386e-05,0.0,0.0,0.0,0.0,0.00010690576408320657,0.008666938120490669,0.0014988006414951543,0.00567645379346624,0.0,0.008071990886662172,0.00027422994157887695,0.0009271727952995381,0.0,0.00037538157105137274,0.00016263001505009047,0.0005831361154170376,0.00021366010357139445,0.0017534968103166178,3.3464835499134074e-05,0.0005796533497316074,0.0,0.0,0.0,0.0,0.0005258976184999666,0.005713401394650804,0.0,0.0,0.03211518808373234,0.0,0.0043124210415377345,4.921299338107951e-05,0.0008847739086943005,0.01788824168334482,0.0005502769782979784,0.0,0.04868285587391903,0.003044997181231163,0.0,0.00039158400271837424,0.0005761705840461771,0.0,0.0,0.0,1.559673328692674e-05,0.0,0.0025727038693678186,0.0,0.0,0.006265344043493988,0.00830397336623083,0.15207572077728665,0.0,0.0006812592529891593,0.0,0.0,0.0005189320871291062,0.013748141830938376,0.007523076729719361,0.0,0.0022528951246883113,0.00532893434789831,0.0,0.004416601162910604,0.00012401674332032038,0.00977279193791228,0.0,0.0,0.12940579323244114,0.0,0.0,0.0,0.0
CSM67U9H,0.020112876467813616,0.0,0.0,0.0,0.0,0.0,0.0,0.009885523208168089,0.0,0.01360086152528754,0.0,0.0,0.0,0.0,0.0,0.01012315345004413,0.003100654071983458,0.0,0.006508755412659635,0.006186903124879739,0.004675112143599325,0.0,0.0,0.0,8.506321490164528e-05,0.0,0.0,0.0,0.0002495117539698445,0.0,0.0,0.0,0.0,0.00045160260568920447,0.0,0.0,1.7454256704169487e-05,0.0002990355787148073,0.000319959657534866,0.0,0.0,5.530686160477801e-05,0.0,0.0,0.0006267760494792429,0.0002499323384687402,0.000921185198706198,0.0,0.0021528669037221095,0.0027355867269420334,0.005529739845355286,0.0,0.0,0.229304771720403,0.0,0.00035770711631075055,0.02524421764659,0.00032258831065296376,0.0003294228087600181,0.0,0.0,0.0,0.0,0.0008560997475020961,0.0,0.0,0.0,0.0,0.0,0.007862196330105839,0.003835204899304711,0.0,0.000596493965558756,0.0,0.0,0.6332309700760438,0.0,0.0037648621418644138,0.00021186944131868383,0.0008512630257647961,0.0,0.0,0.0,0.0,0.0004648510174044175,0.0017121994950041921,0.0,0.0,0.0031674218611831423,0.0,0.0,0.0,0.0
CSM67U9N,0.0,0.0,0.0,0.0,0.0,0.0,0.0,0.14815827404421958,0.0,0.08888139971032315,0.0,0.0,0.0,0.0,0.0,0.07397962345751051,0.03303499533069726,0.0,0.14975797505916436,0.031555622703499396,0.0029079945058221863,0.0,0.0,0.0,0.0012084291146520218,0.0,0.0,0.0,0.0,0.0,0.0,0.0,0.0,0.0,0.0,0.0,0.0,0.0,0.002291033792748443,0.0,0.0,0.0,0.0,0.0,0.0005763835016566495,0.0,0.002172342525923225,0.0,0.02162975855506772,0.0,0.0028427435433704905,0.0,0.0,0.14781447865065686,0.012632609718090116,0.0,0.04456102824290852,0.0033368032501060038,0.0,0.0,0.0,0.0,0.0,0.0,0.0,0.0,0.0,0.0,0.0,0.032461535259257976,0.032144986235321166,0.0,0.010661048379495856,0.0,0.0,0.1398475466222804,0.0,0.0,0.0,0.0021588947469233237,0.0008765613163761907,0.0,0.0,0.0,0.0,0.002445273971016879,0.0,0.0,0.01206265776291168,0.0,0.0,0.0,0.0
CSM67UAK,0.0,0.0,0.0,0.0,0.0,0.0,0.0,0.0635908954213769,0.027062380646901352,0.318499423557132,0.0,0.0,0.0,0.0,0.0,0.18456900737632284,0.0,0.016336389813686736,0.1898867499298102,7.818335036689341e-05,0.004957844196091914,0.0,0.0,0.0,0.0064926173565550615,0.0,0.0,0.0,0.0,0.0,0.0007306319073688761,0.000723195990893764,0.0012945930583170245,0.0012291569933360377,5.948733180089715e-06,0.0007092802043474827,0.0011932521394990674,0.004110362172685561,0.000987277253138461,0.0,0.0,0.0,0.0,0.006288129653489478,0.0,0.005211833857406102,0.0,0.003200524678266483,0.013229239000872016,0.0003444953875541241,0.0,0.0,0.0,0.0,0.0,0.0,0.0003091216706082335,0.0018387959169170174,0.0,0.0006191993876204099,0.0,0.0,0.0001790993596719868,0.002680541661899712,0.004094959202844258,0.0,0.005582673634757767,0.0,0.0,0.005309987954877583,0.032168199580848,0.0,0.02780310415520074,0.0,4.036640372203736e-06,0.0,0.0,0.004980045718139035,0.006590771454026541,0.0,3.4523897920163524e-05,0.0,0.0007728041765205835,0.0,0.005236903518665052,0.019869406185768945,0.0,0.0,0.03119441320474296,0.0,0.0,0.0,0.0
CSM67UAM,0.0,0.0,0.0,0.0,0.0,0.0,0.0,0.08379906641811527,0.014618087840684042,0.3550701509988934,0.0,0.0,0.0,0.0,0.0,0.2026855143799947,0.0,0.017174894542628005,0.07346605385126845,0.0,0.006816713989499837,0.0,0.0,0.0,0.0024168285790405627,0.0,0.0,0.0,0.0,0.0,0.0002784521828816181,0.0007333810823176648,2.3062298186090088e-05,0.0015536970017107216,0.0002571947602057438,0.0,0.0005508881140625172,0.011394279366853683,0.00019051463718943986,0.0,0.0,0.0,0.0,0.019775820423710573,0.0,0.0011954292129328957,0.0,0.00030592639898156896,0.00019111626235951177,0.0002092652883233479,0.0,0.0,0.0,0.0,0.0,0.0,0.0,0.00011701609557898753,1.4539274943404621e-05,0.0001358670175745742,0.0,0.0,0.00028577195578415976,0.002487519536524013,0.000217888582427712,0.0,0.0014421958035240596,0.0,0.0,0.004562725289825405,0.05658786078834757,0.0,0.08558860048649418,0.0,0.0,0.0,0.0,0.004058262584720105,1.6644963038656323e-05,0.0,0.0,0.0,0.0016969840630495158,0.0,0.0033262852944659412,0.03758212058232905,0.0,1.1932232539759653e-05,0.009036309783618489,0.0,0.0,0.0,0.0001251380353749584
CSM67UAO,0.0,0.0005392474328986752,0.0014113509684057918,0.0004420616696062106,0.0,0.0,0.0,0.08399541562632011,0.040096010493596825,0.10034573886657974,0.0,0.0,0.0,0.0,0.0,0.2110071403798011,0.0017352692682590062,0.025150668753112816,0.3341156136633731,0.0007720412379945788,0.004944967791035404,0.00023875234026605473,0.0,0.0,0.004149297879090225,0.0,0.0,0.0,0.0,0.0,0.00024388900851618497,0.0006309883278460017,0.00033449983644848283,0.0015509656114443323,0.0,0.0,0.0003026524932976752,0.005471476286673755,0.0010139783125757142,0.0,0.0,0.0,0.0,0.007613261480248071,0.0,0.001588257822940278,0.0,0.00046805321095186975,0.000972679499844667,0.00040230385735020235,0.0,0.0,0.0,0.0,6.225641919157881e-05,0.0,0.000938058355838789,0.00047750468053210947,0.0,0.0002631001477716722,0.0,0.0,0.0,0.0020930895785630805,0.00026710674900677373,0.0,0.0036430278563573865,0.0,0.0,0.0,0.051060228873499876,0.00011218483458284498,0.06423814580247907,0.0,8.413862593713374e-05,0.0,0.0,0.012532956863492834,0.004657622569123116,0.0,0.0,0.0,0.0005204472271031984,0.0,0.005040818020582834,0.00809107436087519,0.0,6.266735265158923e-05,0.016318989563933847,0.0,0.0,0.0,0.0
CSM67UAQ,0.0,0.0,0.0,0.0,0.0,0.0,0.0,0.042463869865706556,0.0626064341333671,0.15231656667788876,0.0,0.0,0.0,0.0,0.0,0.30325082310064816,0.0,0.00872538273216026,0.2702276314404264,5.729575840101562e-05,0.00772190562086415,0.0,0.0,0.0,0.0010019746001492295,0.0,0.0,0.0,0.0,0.0,5.05845419449526e-05,0.00010607728696971249,0.0,0.0005957957534427289,0.0,0.0,2.9549385888635676e-05,0.002810597351353317,2.043415159756501e-05,0.0,0.0,0.0,0.0,0.011209935164640665,0.0,0.0009484852033203093,0.0,0.0,0.0,0.00037983481793120845,0.0,0.0,0.0,0.0,0.0,0.0,0.0,5.839759990872746e-05,0.0,0.0,0.0,0.0013403401104265561,0.0,0.0016090892708984527,5.098521158412054e-05,0.0,0.0007328247700381648,0.0,0.0,0.004628335336848475,0.05125997078917996,0.0,0.04673741223707182,0.0,0.0,0.0,0.0,0.008266014990854215,0.0008460139431031083,0.002558876650546058,0.0,0.0,0.0006198359317928054,0.0,0.0037092993520070096,0.007635761648443043,0.0,0.0,0.005397520876641131,0.0,0.0,0.0,2.6143693955708178e-05
CSM67UAS,0.015500017012962667,0.0,0.0,0.0,0.0,0.0,0.0,0.10320123556389714,0.035872888807101384,0.12227689412158851,0.0,0.0,0.0,0.0,0.0,0.12476944415530236,0.0,0.0233382613879638,0.36852493184244745,1.2080210179550176e-05,0.002615667509127102,0.0,0.0,0.0,0.007246112739366847,0.0,0.0,0.0,0.0,0.0,0.0007656839885471552,0.0027412010265762607,7.540064520402568e-05,0.0022792336556266292,0.00024422158246323935,0.00045169919229701367,0.0016819679306660361,0.007240777313204212,0.0004360955874817614,0.0,0.00021251103074192018,0.0,0.0,0.0017460937130358148,0.0,0.0062264423317946495,0.0,0.0014084518385173875,0.0019224647816572476,0.0,0.0,0.0,0.0,0.0,0.0,0.0,0.0,0.0013508695033281983,0.0,0.00042975347713749754,0.0,0.0,0.0005130062589582308,0.004533702880385181,0.0015300592876581927,0.0,0.002812071592962955,0.0,0.0,0.008778286063806462,0.024763927525987044,0.0,0.0364204243334895,0.0,0.0,0.0,0.0,0.004134149928696558,0.0,0.0,4.026736726516725e-06,0.0,0.0027134165431632953,0.0,0.03315252614308485,0.02050082135362379,0.0,0.00021412172543252685,0.027359058677808912,0.0,0.0,0.0,0.0
CSM67UBX,0.0,0.0001249983900851323,0.006821324288371631,0.09518115682042733,0.0,0.0,0.00020054939494799516,0.026655475458457756,0.0,0.10226880702548449,0.0,0.0,0.0,0.010286666041099745,0.0,0.19548276287149935,0.0,0.011757783248421822,0.3679103948983177,3.553312100856107e-05,0.0,0.0,0.0,0.0,0.0005666900334310323,0.0013772821693188862,0.0004106432851830795,0.0028247106293019224,0.0,0.0,0.00023562254028006998,5.6232026450441304e-05,0.0,0.00019663960169786222,0.0,0.0003301475417979897,0.0,0.0003426818789822394,9.544495287089218e-05,0.0,0.0,0.0,0.003626218245579174,0.0,0.0018606016113867899,0.009059335942315372,0.0,0.0,0.00018893500911671793,0.0,0.0,0.005263846647789265,0.0,0.0,0.0070293482880625265,0.0,0.08658087660324522,0.0,0.0,0.0002996741532307771,0.0,0.0,0.0,0.00019203984493299992,8.279562176752092e-06,0.0,0.000579454358453525,0.00022021335511778135,0.003503404739957351,0.0,0.0007419407661722848,0.0,0.0,0.00454927443436791,0.0,0.0,0.0,0.0053722859135208936,0.0,0.0,2.0698905441880232e-05,0.011400382147792024,0.011775722299804788,0.0,0.0008983324961776021,0.004857458137613683,0.0,0.0,0.018810130320308663,0.0,0.0,0.0,0.0
CSM67UBZ,0.0,0.0002545136334433515,0.00654050175823611,0.0962533056692478,0.0,0.0,0.0,0.09475592435221777,0.0,0.12483525174249156,0.0,0.0,0.0,0.0,0.0,0.11938402064118571,0.0,0.016836163569018226,0.25588159002514665,1.1164780342702387e-05,0.005774901335318567,0.0,0.0,0.0,0.0,0.0,0.0,0.0003740743394433586,3.0567651035359934e-05,0.0004592735370100001,0.00040941141120764,0.0001005914190099788,0.0,8.649994867452918e-05,0.0,0.0002683883119274865,0.0,0.0006107026451532549,0.00014828562629919285,0.0,0.0,0.0,0.0026736939022630785,0.0,0.005177206201244189,0.010442646685973422,0.0,0.0,0.0,0.0,0.0,0.0036647578505478156,0.0,0.0,0.0019588227725531536,0.0,0.16314237186978306,0.00010893790528559126,0.0,0.0013431339148196628,0.0,0.0,0.00011717599563554641,9.690595753763043e-05,8.357325868178195e-05,0.0,0.0011736026870916383,0.0014555404897262877,0.003401030563423593,0.0037322885122323163,0.0015962384012294694,0.0,0.034998659684379235,0.000580893765597496,0.0,0.0,0.0,0.0,0.0,7.11077272311919e-05,7.284206204170877e-05,0.01701176496858306,0.00037060566982232486,0.0,0.0026597108278532864,0.0008377921094053082,0.0,0.0,0.020213563820648525,0.0,0.0,0.0,0.0
CSM67UC6,0.0,4.489638620555116e-05,0.0024726057976503925,0.11474673082519786,0.0,0.0,0.000239751260346395,0.04689644044585531,0.0,0.19294164996726212,0.0,0.0,0.0,0.0017608727310517312,0.0,0.03916469020012166,0.0,0.005754486049188663,0.2583251460101129,4.090812854769763e-05,0.0012953860872708263,0.0,0.0,0.0,0.0011929448405733885,0.004528381694945693,0.0014960524225702569,0.003608917379482261,0.0,1.002761925403173e-05,0.0006121405753711189,1.1736872535968957e-05,0.0,6.0279665742986194e-05,0.0,0.0006332213658483447,0.0,0.0008491570304664142,7.053518543460956e-05,0.0,0.0,0.0,0.005063036121535657,0.0,0.0022464146133406994,0.022315213197440863,0.0,0.0,0.0,0.0,0.0,0.0024894704300321728,0.0,0.0,0.004223564859666888,0.0,0.16106863426788467,3.737567176502736e-05,0.0,0.0010723855090874162,0.0,0.0,0.00023496535115697078,0.000213884560679745,0.0,0.0,0.0015995192212368567,0.0,0.0045835336008428675,0.009001725434213008,0.03777711838584502,0.0,0.0,0.008500002620855034,0.00024806962631848954,0.0,0.0,0.0,0.0,3.54385180454985e-05,0.0,0.02402093402259542,0.0029741007105707745,0.0,0.001680765727238273,0.003796137588963785,0.0,0.0,0.030060751419648805,0.0,0.0,0.0,0.0
CSM67UDF,0.016330212618212974,0.012642330801198236,0.0,0.0,0.0,0.0001820976373135054,0.00023308497576128687,0.0833250462047463,0.010297722555432792,0.010632883373443706,0.0,0.0016640689089832499,0.024031324030909244,0.0,0.0,0.0692068140531221,0.13915395616727766,0.00016894614128530776,0.12141764629294224,0.25186227712893117,0.0002218556214602874,0.0,0.0,0.0,0.0006318788014778637,0.011135574017783043,0.0013840432089367038,0.0040461083357520265,0.0002749674323433931,0.0,4.653606286900693e-05,7.455886594447415e-05,0.0,0.009880921296692992,0.00012311823589474227,6.63644722653664e-05,0.00019878992073391004,0.0007391140767847057,0.0,0.00032079533773395866,0.0,0.0,0.0,0.0,0.0,0.0010423066429116922,0.0,0.0,0.0,0.0,0.0002613101095448802,0.0,0.0,0.04148528140205467,0.0,0.0,0.04745039533902886,0.001567455995853029,0.0,0.00016429253499840706,0.0,0.00016833914916092942,0.0,0.0,0.0,4.511974791212411e-05,0.0009629930053262543,0.0006497850691470251,0.0,0.014223949946620096,0.03798728695461629,0.054858835382420694,0.0,4.683955893119611e-05,0.0,0.0,0.0,0.0,0.00240894941094955,0.0,0.0,0.0,0.00035468573134508327,0.0009874750210095145,7.405303917415886e-05,0.0006290461715640981,0.0,0.0,0.02433856321119875,0.0,0.0,0.0,0.0
CSM67UDJ,0.02080481673603972,0.009461474774438657,0.0,0.0,0.0,0.00011969616649696181,3.083697848735287e-05,0.07508286930781327,0.00255003553353146,0.00911526882846058,0.0,0.0024184711878140366,0.022018617014262297,0.0,0.0,0.06772764131400422,0.18133969224289714,0.0002392908955646889,0.14276709540210503,0.23778556411484578,0.00011787029277073697,0.0,0.0,0.0,0.0002208292834439711,0.009981443036695799,0.0011888466706308411,0.003960928736757088,0.0,0.0,2.2113359573167522e-05,0.0,0.0,0.008594691941628032,0.00015895245161079587,0.0005431974335518902,0.0002150473499775924,0.011316258167995393,0.0,0.00010508917668716308,0.0,0.0,0.0,0.0,1.1665304361992042e-05,0.0004871025351850938,0.0,0.0,0.00017213931741130864,0.00019141242896590418,3.195279020893472e-05,0.0,0.0,0.06817680625065552,0.0,0.0,0.025051596148380227,0.0014606989809798731,0.0020554266285829977,0.0,0.0,0.0,0.00016666169623263412,0.0,0.0,1.2781116083573887e-05,0.001085481930240668,0.006986502938540886,0.0,0.02065032753131525,0.009266004848303366,0.026886396368377724,0.0,3.874909796766052e-05,0.0,0.0,0.0,0.0,0.00461692459161798,0.0,0.0,0.0,0.000915269923984819,0.0013500307456848007,8.713475171261881e-05,0.002005722288257988,0.0,0.0,0.020406573388864233,0.0,0.0,0.0,0.0
CSM67UDN,0.0016508899232106123,0.00610369146065684,0.0,0.0,0.0,0.00015674605702765385,0.0,0.05290321001767085,0.0005723759243719489,0.009776908898989403,0.0,0.0033236231679166913,0.03881173949088476,0.0,0.0,0.0527916675009602,0.24434890013819946,0.00029195217202505593,0.07378198706673114,0.2627438083790577,0.0001491615703972835,0.0,0.0,0.0,0.00011821686494537248,0.006335574498569364,0.0009349143853036515,0.0025984451195648814,0.00035009990285789525,0.0,6.168715792701216e-06,0.0001505773412349526,0.0,0.0005391053096867243,0.00019224145445778708,2.9124428660622133e-05,0.00034797624660139155,0.00032916671975807306,8.039555828192569e-05,0.0006346698412293906,0.00013722864476550082,0.0,0.0,0.0,8.545188270217258e-05,0.0022652333402706105,0.0,0.0,0.003710533112553984,0.0,0.0013050373328657246,0.0,0.0,0.10581673493715898,0.0,0.0,0.02870556274564888,0.0015109308632581782,0.0,0.0,0.0,0.0,0.0,0.0,1.0112648840493797e-05,2.0629803634607345e-05,0.001069311488393814,0.0023722251650030346,0.0,0.01770876501703071,0.017492152078867337,0.033818315746425735,0.0,3.0034567056266578e-05,0.0,0.0,0.0,0.0,0.00451448869537324,0.0,0.0,0.0,0.00016574631449569333,0.002256233082802571,0.0,0.0014503560967036205,0.0,0.0,0.015501578281104536,0.0,0.0,0.0,0.0
CSM67UDR,0.0,6.193561917458732e-05,0.0,0.0,0.0,0.00015378844373399144,0.0,0.0263027266981241,0.0,0.005454937134345963,0.0,0.0003225855189319378,0.027657305716517578,0.0,0.0,0.016524203069185093,0.13194388092592055,0.0,0.03257983666406552,0.21820148767556227,0.0003370938626804276,0.0,0.0,0.0,0.0022656029482555425,0.0005452135523139358,0.0,0.0027111591876488174,0.0,0.0,0.0,0.0,0.0,5.503164870116806e-05,0.0,0.0,0.0,0.0,0.0,0.002685244283987722,0.0005191985911097473,0.0,0.0,0.0,0.00019301100062646032,0.00719673884450948,0.0,0.0,0.0,0.0,0.001228206341466978,2.4113867885420913e-05,0.0,0.06969788325265863,0.0,0.0,0.2615844372098394,5.6732626933749616e-05,0.00017810242670559842,0.0,0.0,0.0,0.0,0.0,0.0,0.0,0.0009455437822291602,0.001450934432392069,0.0,0.020138181468162347,0.009790530534110168,0.009400906461305899,0.0,3.341921939307296e-05,0.0,0.0,0.0,0.0,0.03457788574209028,0.0,0.0,0.0,0.00037571607431433827,0.051352132611464874,0.00015959178123338736,0.01118443216693921,0.0,0.0,0.0517249470170295,0.0001699977657150628,0.0,5.933412305416847e-05,0.00015598970968203817
CSM67UDR_TR,0.0,9.747480156164048e-05,0.0,0.0,0.0,0.0015772284437682094,0.0,0.015476554104475555,0.0,0.012311478173809091,0.0,0.0002224990074700961,0.03905133075143655,0.0,0.0,0.015224401919963068,0.10158016370757679,0.0,0.030343014127234363,0.26801262704407813,0.00025876404155572184,0.0,0.0,0.0,0.0028540181106778786,0.000858940337707611,0.0,0.007712130163021345,0.0,0.0,0.0,0.0,0.0,0.0,0.0,0.0,0.0,0.0,0.0,0.003056881906322608,0.0005235388622416579,0.0,0.0,0.0,0.0006197113283250852,0.02397098717129428,0.0,0.0,0.0,0.0,0.0017984251157600925,0.00013654486590803286,0.0,0.08219790550394021,0.0,0.0,0.17254342211888576,0.0003156660839884164,0.0001187128878217307,0.0,0.0,0.0,0.0,0.0,0.0,0.0006267239039770019,0.0008320921909259875,0.0023043323592197885,0.0,0.0035625887904779637,0.011671430376093446,0.01383370798853584,0.0,9.517066956172503e-05,0.0,0.0,0.0,0.0,0.07622529482120285,0.0,0.0,0.0,0.0006067881531951248,0.04274565578451837,0.0005578003032838789,0.013215900073601988,0.0,0.0,0.05244504970764071,0.0,0.0,0.000158183670776804,0.00025686062816448736
CSM67UDY,0.0,0.00468799975290489,0.0,0.0,0.0,0.0003156761932397541,0.0,0.0712070799251074,0.003644449646446726,0.011788021658211377,0.0,0.0021852473653687257,0.013910072823967895,0.0,0.0,0.033351540341324495,0.21112001141189243,0.00021204255400430214,0.1288460780357239,0.2819403956204017,0.00013126927636490578,0.0,0.0,0.0,0.006807307675269882,0.01046628635153099,0.0016846562472186554,0.004453706446947094,0.0,0.0,0.0,0.0,0.0,0.0007665841255210635,3.332532712669435e-05,7.884284710461833e-05,0.0004878909172633727,0.0,7.213714103644204e-05,0.004195435161715212,4.1859862122555095e-05,0.0,0.0,0.0,0.00042367870158023,0.0021322113264658766,0.0,0.0,0.0132975167348007,0.0,0.0,0.0,0.0,0.027707977473704477,0.0,0.0,0.048473821939525895,0.002141050666283018,0.0,0.0,0.0,0.0,0.0,0.0,0.0,0.00010566567137732354,0.0017591302252182497,0.0,0.0,0.0014544270055446024,0.011340974586999624,0.04143039212937053,0.0,0.00010109359905811243,0.0,0.0,0.0,0.0,0.030552212862682164,0.0,0.0,0.0,0.00034249901751245927,0.004688710964154545,7.650601014146598e-05,0.0011167032635655413,0.0,0.0,0.02042751111419979,0.0,0.0,0.0,0.0
CSM67UE3,0.0,0.0,0.015686831644779096,0.07405579860983383,0.0,0.0,0.0,0.0,0.07522533435995402,0.0,0.0,0.1584384090311049,0.0,0.0019146954887180954,0.0,0.0,0.07684771638208386,0.02695189357534746,0.1516661515240821,2.677895788416917e-05,0.0,0.0,0.0,0.0,0.0,0.006921233077988922,0.001006465990793958,0.004721834984397029,0.0,0.000638889558362836,4.270539073106978e-05,0.0015716429440335283,0.0,0.01459664617512621,0.0,0.0007407905402062797,0.0,0.002877046669944975,0.00015855961905100166,2.8893086138182524e-05,4.016843682625376e-05,0.0,0.0,0.0,0.0005329012618949664,0.00038998619192366364,0.0,0.0,0.006742800653350196,0.0,0.0007166894781105274,7.484014019207279e-05,0.0010736952692715828,0.007941370431492166,0.0025204637044347225,0.0,0.023452447547420954,0.003761597931424163,0.0,0.00017068062104067823,0.00049230999941791,0.0,0.0,0.0,0.0,0.0,0.001492574547333429,0.0,0.0,0.0229850842614004,0.0035606148054092932,0.08893291913332581,0.050923148196303294,0.0010948365518117164,0.0,0.0,0.0005570023239907187,0.030685303130051442,0.02013735350324441,0.0,0.00042310753456987284,0.006937582336486626,0.0,0.00015151252487095713,1.8745270518918417e-05,0.022913062958880348,0.0,0.0,0.08715888364444141,0.0,0.0,0.0,0.0
CSM67UE7,0.0,0.0,0.003013787619915253,0.030791148884573363,0.0,0.0,0.0,0.05909392456402558,0.0,0.0003310941588019984,0.0,0.0,0.0,1.6007612328860388e-05,0.0,0.05729712073711205,0.014265518063070803,0.005994344247147809,0.2758020421660772,0.023004154684597357,8.550901775669727e-05,0.0,0.0,0.00040718097436512595,0.00018793747386098748,0.0004045468103110097,0.0,0.0,0.0,0.0,0.0,5.7748981186395075e-05,0.0,0.00011539664837070876,0.0,0.0,0.0,0.0016103860630837714,0.00013687521681196447,6.200416927381365e-05,0.0,0.0,0.00054983108929573,0.0,5.785029518847646e-05,0.0010793993781751808,0.0,0.0,0.0,0.0,0.007713845490473242,0.0,0.0,0.24391649943102056,0.03102548817138763,0.0,0.06564691421865021,0.0007986582784076358,0.0,0.0,4.8630720999069535e-06,0.0,0.0,0.00028894753393613815,1.9857544407953393e-05,0.0002862120558799405,0.0008273301409966704,0.0,0.0038065696862021677,0.008682204722367214,0.03005520397345411,0.029584701747788114,0.0,5.359510710105788e-05,0.0,0.0,0.0,0.0,9.07773458649298e-05,0.0003132628944356729,0.0017166644512671544,0.010912632478189122,0.0,0.0,0.0019088571132155608,0.0011402890934260992,2.5328500520348718e-05,0.0,0.08678435841489786,0.0,0.0,8.611690176918562e-06,2.4517988503697556e-05
CSM67UEA,0.0,0.0015487702759935313,0.00693591243791146,0.11045362400941178,0.01051471331762194,0.0,0.00023482571217312663,0.025283580560545065,0.10966340391987861,1.323822314939569e-05,0.0,0.0002731147268206096,0.0,0.0,0.0,0.0004889995966415239,0.026276956459178564,0.016382301147377168,0.06866635797845815,0.22586038012641282,0.000754884216972848,0.010972043011190678,0.0,0.0,0.0,0.0025584393723493645,0.0,0.001173415733465281,0.0,0.0,0.0,0.00022525345851125592,0.0,0.00033238123353559643,0.0,0.0,0.0,0.0002385935141464162,0.0,9.327855696035733e-05,0.0,0.0,0.0,0.0,8.411363324154493e-05,0.0002969435284895218,0.0,0.0,0.0,0.0,0.004159144216082832,0.0,0.0,0.009480298927225314,0.11392814842369932,0.00033115924370642145,0.0879529216198412,7.749452166684709e-05,0.00026863409744696794,9.164923718812402e-05,1.0081416090693642e-05,0.0004476556074211035,0.0,0.0003273914417331319,0.0,0.0,0.0004605883331132055,0.00014409296735688388,0.013218365814671599,0.003604971828551976,0.02036160919359975,0.03480970410636444,0.0,0.0007111980805798423,0.0,0.0,0.000552848565215917,0.01689971200754701,0.0,0.0,0.0,0.0016172017064273307,0.0,0.0,0.00020784010344551234,0.00027189273699143455,0.0001307529117217236,0.000629121097053589,0.06990240069066865,0.0,0.0,1.4460212978570678e-05,6.313614117404099e-05
CSM67UEI,0.0477510985750845,0.0,0.009207364314026469,0.045492183700491365,0.0,0.0,0.0010733949090321526,0.0,0.05524546487719907,0.0,0.0,0.0555392069454438,0.0,0.003653337036728736,0.0,0.0,0.07891674831793762,0.0061546210924497725,0.1089392980310648,2.1529716177588604e-05,0.0,0.0,0.0,0.0,0.0,0.01690221277520066,0.0028786935853489636,0.010139323909357335,6.981170344713138e-05,0.001094285128689615,0.00241196770841005,0.005520880041004516,0.0,0.07598007371476385,0.0,0.12457818543075577,0.0,0.0010039029538450846,0.002365391045194178,0.0,0.0,0.0,0.0,0.0,0.0,0.0,0.000907871893072771,0.00033573567306635697,0.08535690460662383,0.0,0.0,0.002212338211377261,0.004509942625438041,0.0,0.0,0.0,0.0,0.004944267345357216,0.0,0.0,0.0,0.0,0.0,0.0,0.00012608739721825407,0.0,0.0007174085128284599,0.0,0.0,0.01619034656554663,0.003873750170665633,0.05420777519054064,0.05759092494751598,0.001116774089647393,0.0,0.0,0.0,0.0,0.0,0.0,0.00670671975482556,0.0,0.0,0.0,0.0,0.0009579657871493385,0.0,0.0,0.1053062117174734,0.0,0.0,0.0,0.0
CSM67UEM,0.012083356951332256,0.0,0.004011223475888703,0.04501345541481201,0.0,0.0,0.0,0.0,0.1494428670381529,0.0,0.0,0.12558015353947025,0.0,0.0091005431142641,0.0,0.0,0.23382376636220326,0.015639999436210063,0.09849126363882403,0.00011833504718039629,0.0,0.0,0.0,0.0,0.0,0.002072536443290591,8.619090840046002e-06,0.0034011946465508586,0.0,0.00018576675787016796,0.0007672004858328005,0.0010954357452354936,0.0,0.029568146030518282,0.0,0.03552687843198255,0.0,2.0990021222229673e-05,0.00047364439192770444,0.0,0.0,0.0,0.0,0.0,0.0,0.0,9.68380206146345e-05,0.0,0.0064843955416383735,0.0035640447628933754,0.0,0.0,0.0005153202311660445,0.0,0.0,0.0,1.713678061138558e-05,0.00042669569711663026,0.0,0.0,0.0,0.0,0.0,0.0,0.0,0.0,6.743171068977167e-05,0.0,0.0,0.004014975315430841,0.003257306530056444,0.056572771643069474,0.10383266633400359,0.00016092349603709418,0.0,0.0,0.0,0.0,0.0,0.0,0.00024447797665118717,0.0,0.0,0.0,0.0,0.00030420320611927065,0.0,0.0,0.05401543669029347,0.0,0.0,0.0,0.0
CSM67UEW,0.0,0.0006039177609735945,0.0,0.0,0.0011463670013564893,0.006739375145308238,0.0,0.0,0.0,1.0976521534053562e-05,0.0,0.0,0.0,0.008471888396583187,0.0,0.0008823032547372577,0.0777429386468897,0.00733377992095232,0.03892034097884647,0.02070004700041983,0.0029797597124444066,0.0,0.06736301719278703,0.00020353607073145033,0.0005905368585320817,0.0,0.0,0.0002745175766516634,0.0,0.0,0.0,0.0,0.0,0.0009472215392386602,0.0,0.0,0.0,0.0,0.000142590241642372,0.011508203329503051,0.0,0.0,0.0,0.0006272298019459177,0.00012356427098334581,0.002736080934388418,0.0,0.0,0.007949301433261915,0.0037871090058491275,0.011182880138893769,0.0010954568490985455,8.425787006140162e-05,0.0015228094208243643,0.0,0.0,0.4314191116084347,0.0,0.00825538957661152,0.0,0.0,0.06883867984016513,4.672862024497088e-05,0.0026421010023968544,0.0002549689144910156,0.0017119192061110582,0.0,0.0,0.0,0.0009197279662533642,0.0,0.0,0.0,0.0002890484003967438,0.0,0.0,0.017404999774197277,0.0730648497073764,0.0014177484289984229,0.0,0.0,0.0003832374089889558,0.01226736046645826,0.022284638556735868,0.009461029794251901,0.011166572164043174,0.011828613219997092,0.002458218132126376,0.009666343016088864,0.002368210655547137,0.005491187839435862,0.003868753418402421,0.026820555407808096
CSM67UEW_TR,0.0,0.0007241661811901986,0.0,0.0,0.001545081628560051,0.005576889299323543,0.000642780532386713,0.0,0.0,0.0,0.0,0.0,0.0,0.010457433021894814,0.0,0.0006373825046599511,0.06021063934655628,0.0060231608608110245,0.038456691415931735,0.014695819061432459,0.0031082258883596506,0.0,0.07217298021373697,0.0003260616363415157,0.0006165170513315064,0.0,0.0,0.00035056037756297316,0.0,0.0,0.0,0.0,0.0,0.0007618485670520165,0.0,4.006997504865491e-05,0.0,0.0,0.0,0.012452834732737417,0.0,0.0,0.0,0.000443157314722041,0.000203775546685258,0.002095265223787696,0.0,0.0,0.009577346885981611,0.0,0.008650235623910273,0.0006757915481003716,1.1418904806611503e-05,0.0011995040458217812,0.0,0.0,0.4452002606001693,0.0,0.011292985429062232,0.0,0.0,0.09529833861163556,1.6401699631314706e-05,0.0024911897959005716,0.0004627770693443098,0.0013040389289150336,0.0,0.0,0.0,0.0008433380240810168,0.0,0.0,0.0,0.0003523251173967222,0.0,0.0,0.019756677671722678,0.06107152096074927,0.0008783213960794539,0.0,0.0,0.0003595916931827477,0.011564236322332014,0.020442227193021426,0.006481162751781659,0.007580699476432833,0.00844905528286288,0.0013971549072016745,0.00921142289104247,0.0018126992339368188,0.005479517183790802,0.004438528298329892,0.03215989207266409
CSM67UF1,0.0,0.005820815506113816,0.0,0.0,0.005496797821236329,0.015479696098036096,0.0,0.0,0.0,2.287639817443758e-05,0.0,0.0,0.0,0.021738394299149883,0.0,0.01590762691360425,0.1781890474526291,0.022887642505743662,0.05911261288274671,0.06262562632217829,0.009676974918161949,0.0,0.035600716121734495,0.0,0.0,0.0,0.0,0.0007448400151371965,6.449334852567431e-05,0.0,0.0,0.0,0.0,0.0007024475936614026,0.0,0.00015561120566114604,0.0,0.0,0.00018249420464579584,0.004984986879028574,0.0,0.0,0.0,0.0029162884090848,0.0029380016005724017,0.006547561195011344,0.0,0.0,0.00239814445269316,0.0,0.028158002758609288,0.0019765466513088923,0.0013053763930046304,0.0026541791689844644,0.0,0.0,0.14831402237906272,0.0,0.0036151171374982686,0.0,0.0,0.042048500032052814,0.0,0.0192168206924647,2.662450860979741e-05,0.004801200222508515,8.194144882821145e-05,0.0,0.0,0.002093384300742178,0.0,0.0,0.0,0.0005919429584120007,0.0,0.0,0.0032236334647843057,0.1327192980642173,1.3312254304898705e-05,0.0,0.0,0.0012738405672726375,0.0008203192045940979,0.036227684525939004,0.014723094770843116,0.021692124522051298,0.003495823829503885,0.0008704663373154639,0.013239489264377754,0.002929342173014846,0.00580776174218377,0.008874491549432668,0.04501196293454818
CSM67UF5,0.0,0.0055961008979432455,0.0,0.0,0.005590564455042276,0.010123329350107475,0.0,0.0,0.0,0.0,0.0,0.0,0.0,0.007434538906957026,0.0,0.0015610509208121442,0.059787481944416826,0.011147232320894943,0.01336644201513867,0.015019013726762759,0.002032213510547715,0.0,0.12341635135306146,6.361259904583361e-05,0.006081161089246556,0.0,0.0,0.00026563627061590553,0.0,0.0,0.0,0.0,2.6891294090423445e-05,0.0002826975538413423,0.0,0.0,0.0,0.0,0.0,0.011966851847499698,0.0,0.0,0.0,0.0019701827523307294,0.001300612127205312,0.004392320027189585,0.0,0.0,0.0016195790314795365,0.0008274157421183651,0.02425775508765206,0.001382980838936063,0.00044359336386135483,0.0029378173850634457,0.0,0.0,0.14670330812632312,0.0,0.004335712723242936,0.0,0.00023422543130020086,0.11278208741523593,0.0,0.006753669418768406,0.0,0.0016511028594258731,0.0,0.0,0.0,0.0010466136855445058,0.0,0.0,0.0,0.0003098148251930298,0.0012147407679249684,0.0,0.0026311662415281125,0.21222089548461276,0.001419137200738313,0.0,0.0,0.0,0.001205701677474406,0.04334774917608691,0.032333052518923336,0.017998410927898792,0.008001402866837927,0.0014399271087746066,0.015106127960980056,0.004798627142942369,0.010005143242466371,0.0004380569209603853,0.06112989986495599
CSM67UFV,0.0,0.0,0.01057575507612062,0.05896853816539864,0.004453223078113894,0.0021654800068250358,0.0,0.03407783479118666,0.002741540175620383,0.0032559038257491436,0.0,0.0025051498513520686,0.0,0.006989786175233932,0.0,0.07993574974264867,0.170058656891648,0.0008905316183358436,0.09629719190442236,0.13557753478338985,0.005157309173006755,0.04573045401179917,0.0010454508987239215,0.0,0.0,0.0014070422169163716,2.1582481804611867e-05,0.00011005935747482701,0.0,0.001031439235143964,0.0,2.3277441108638976e-05,0.0,3.615913181924501e-05,1.7401582188011665e-05,0.0,0.0,0.0,0.0,0.00011706518926480574,0.0,0.0,0.0007491720123799826,0.0,0.0019205018887496507,0.0007038601003189912,0.0011521203375906943,0.0,0.0017563168308328914,0.0,0.022135377529585512,7.118829076913862e-06,0.00024204018861507132,0.04744575282747461,0.0,0.0,0.13733464259523126,0.00011412725980449207,0.0012633096679348728,0.0005135726691202143,0.0,0.0,0.0,0.0012022911329898967,0.0,0.00077922929070473,5.559466517208921e-05,0.0032386152408480666,0.005154936229981117,0.007410814066354266,0.0,0.0010942657266799023,0.0006435195490956261,0.001417098975453599,0.0009675957680256096,0.0,0.0036254049540270536,0.0008678191636618804,0.009791779899364614,0.0,0.0007265725549929546,0.0,0.0,0.002731822408943961,0.000802506731813369,0.003376584928195873,0.0,0.0,0.07671679602972731,5.875858920627314e-05,3.039627018555284e-05,0.00018181263467864135,0.0005977556478868941
CSM67UFZ,0.0,0.0,0.00012011928267644506,0.08605683710728082,0.007261330642783312,0.001580180021203168,0.00020046548222120328,0.05022586082438173,0.003168703246626488,0.004478243437784155,0.0,0.0025268479740185763,0.0,0.0024593023069759707,0.0,0.04423646880853101,0.27975563783453394,0.0009395819437517173,0.11233553030091767,0.15699281661545694,0.0027565718162446988,0.03387889507632089,0.0020411134817494123,0.0,0.0,0.001572179688389323,5.611662016568461e-05,0.0,0.0,0.004734825540171043,0.0,0.0,0.0,9.897554595414027e-05,0.0,0.0,0.0,0.0,0.0,0.0002860690433293454,0.0,0.0,0.0005355651366525419,0.0,0.0009555826093794074,8.823224188983405e-05,0.0,0.0,0.0012677098795881338,0.0,0.02308347455825591,0.000300241061456728,4.971635391460857e-05,0.03395146952398934,0.00021189452909812478,0.0,0.10492676495342207,0.001335826998974586,7.074580016814415e-05,0.00047670554523639614,0.0,0.0,0.0,0.0015428070379156346,0.0,0.00013589136736659674,0.00026766827785750175,0.0,0.0030316689745722,0.0003508717391214903,0.00013200549142844344,0.0031876754644421783,0.00016640692252797715,0.0,0.0009555826093794074,0.0,0.0009335245489069489,0.0015682938124511696,0.00475848366720627,0.0,0.0012291939916129085,0.0,0.0,0.00024503876504119716,0.00034127133974487625,0.001025985538141244,0.0,0.0,0.014945993181887796,0.0,0.0,2.0572284378458718e-05,0.00014446315252428788
CSM67UG8,0.0,0.0,0.006636079996726985,0.06548251161119441,0.0035290515553041495,0.000262041222186053,0.0001654295030177543,0.028883012880376674,0.0025152399706140274,0.0031004690726875884,0.0,0.0030943544069174426,0.0,0.009252934594866704,0.0,0.045061084399286334,0.11720257820991045,0.0007073000659939199,0.1156327767431022,0.14960252448979225,0.002189828575901012,0.034453028694014114,0.0012035885750471826,0.0,0.00018833170572048102,0.0016691925795084427,4.6582635594381084e-05,0.0004035679408296022,0.0,0.0002836093159934753,0.0,0.0,0.0,1.734341563895811e-05,0.0,0.0,8.093593964847117e-05,0.0,0.0,0.0006184706487148973,0.0,0.0,0.0008441574035039034,0.0,0.00227876916892131,0.0005273065408690918,0.0,0.0,0.016357064462363007,0.0,0.04535247601716909,8.449356336928311e-05,0.00014930902053282528,0.0319797019778609,0.0,0.0,0.19914243480209826,2.2791026961451364e-05,0.000344422446471104,0.0002358037472450651,0.0,0.0,0.0,0.0011614529691038166,0.0,0.0001686535995147401,0.0001156227709263874,0.0017101052522977798,0.006564927522310746,0.005896538965763207,0.0,0.003986539730652308,0.00128630332655606,0.0026071823086487606,0.0002676000092498216,0.0,0.005489191049730242,0.0018175010183697899,0.00418443255012247,0.0,0.00016053777040163792,0.0,0.0,0.0026975681863056385,0.0018500755105634737,0.0023707115069560433,8.038006094209432e-05,0.0,0.06791103450361363,0.0,0.0,0.0,7.304246201791973e-05
CSM79HGF,0.0,0.0,0.0,0.0,0.0,0.0,0.0,0.07958884139097581,0.0,0.048460266843933696,0.0,0.0,0.0,0.0,0.0,0.03393698463941624,0.03546722918236675,0.0,0.18718017066340212,0.007879497904277992,0.012124034273089961,0.0,0.0,0.0,0.023695425391528694,0.0,0.0,0.0,0.0,0.0,0.0,0.0002706174399612118,0.0,0.0021012067541374187,0.0005112881587593061,0.0002826838843859111,0.0014015723674034874,0.01515029853480456,0.0026267552563077334,0.0029696616678678255,0.0,0.0003850292720972248,0.0004409736962481036,0.0,0.00022147410266789083,0.000571620380882803,0.002522215969610111,0.0,0.0,0.0,0.01571742142276543,0.0006327204676515078,0.0,0.14760881464734715,0.00606975063047172,0.0005217091789442738,0.12770356914456585,0.0009134298429497409,0.0052199438581249395,0.0,0.0001219807836387789,0.0,0.0,0.0,0.0013732710704801017,0.0,2.018387067404255e-05,0.0,0.0,0.05809850387058628,0.043115161048639834,0.0,0.012902429633432385,0.0,0.0009125522833552173,0.04014462182117748,0.0,0.0,0.0014186847794966974,0.0011866799616945234,0.006223433254462664,0.0,0.0007615023381478444,0.0,0.0028441706458509526,0.0007348464654641905,0.0,0.0,0.06796677120595335,0.0,0.0,0.0,0.0
CSM79HID,0.0,0.0,0.0,0.0,0.0,0.0,0.0,0.054649935806953855,0.055888853517851646,0.18758387716303096,0.0,0.0,0.0,0.0,0.0,0.36153531667896127,0.0,0.016583035260525195,0.12360999230006633,0.0,0.013404994695691027,0.0,0.0,0.0,0.0020003264190137458,0.0,0.0,0.0,0.0,0.0,7.544399853596225e-05,0.00039085445024655135,0.0,0.0011415575842730675,0.0,2.3128079872470355e-05,0.00017472304881822583,0.0036268667087348597,0.00017421806890834655,0.0,1.4038441494643578e-05,0.0,0.0,0.011198333485500613,0.0,0.001191853583297042,0.0,0.00035681880432068895,0.000151897956891683,0.00010059199804794966,0.0,0.0,0.0,0.0,0.0,0.0,0.0,0.0004607436697738417,5.696173383438114e-05,0.0001726021331967329,0.0,0.0,0.00013674855959530508,0.003683727446587265,0.004067007198185628,0.0,0.0021036453085750435,0.0,0.0,0.0026632640447032457,0.04535557857366203,0.0,0.06332761157430113,0.0,0.0,0.0,0.0,0.004052665768745057,0.0,0.0,0.0,0.0,0.0026989156263407216,0.0,0.01386816226903229,0.015632764066114396,0.0,1.666433702601576e-05,0.00782627963929083,0.0,0.0,0.0,0.0
CSM79HIF,1.6250726427912484e-05,0.0,0.0,0.0,0.0,0.0,0.0,0.04377036067822967,0.046920548665406514,0.2372135911672906,0.00024376089641868728,0.0,0.0,0.0,0.0001662888798629787,0.3408278140483542,0.000161894029319581,0.024697526966496304,0.129130929547684,0.00043601005623568974,0.007749654595409034,0.0,0.0,0.0,0.003372076836705136,0.0,0.0,0.0,0.0,0.0,0.0,0.0005132776611382169,0.0,0.0004893614977160061,0.0,0.0,6.254996587347446e-05,0.0020111040498241133,1.4411021549280884e-05,0.0,0.0,0.0,0.0,0.011085550569501081,0.0,0.0024124663308455743,0.0,0.00025163074506616694,0.00011416390830174999,0.00014717639029052817,0.0,0.0,0.0,0.0,0.0,0.0,0.0008223480807483262,0.0005030570784791525,0.0,5.508894053235742e-05,0.0,0.0,0.0,0.0011899824389948748,0.0010730589733751773,0.0,0.0018043416626312393,0.0,0.0,0.0,0.039160366869858645,0.0,0.07809904930184218,0.0,0.0,0.006735261766496886,0.0,0.006109966519415323,3.147939458991853e-05,0.0,0.0,0.0,0.001645616013935968,0.0,0.00216441278971008,0.002349609747492328,0.0,0.0,0.0063881707793950575,0.0,0.0,0.0,5.979040855552707e-05
CSM79HIH,0.0,0.0,0.0,0.0,0.0,0.0,0.0,0.04202590610684713,0.10667448272221312,0.18362702821087168,0.0,0.0,0.0,0.0,0.0,0.23562411227318092,0.0,0.04334160426102759,0.24533643094811494,3.159306179674227e-05,0.004192195474222559,0.0,0.0,0.0,0.0011857589484035366,0.0,0.0,0.0,0.0,0.0,0.0002848471216835311,0.0006880153554509905,0.0,0.0015984051007100185,4.73895926951134e-05,0.0003253066234038752,0.0008500571885375073,0.002956295279354515,0.0009239441879008561,0.0,0.00010945467216032643,0.0,0.0,0.0074315034394143425,0.0,0.001258626816741184,0.0,0.0002589611936307165,0.0,0.00014624530218814566,0.0,0.0,0.0,0.0,0.0,0.0,0.0,0.0002183997788078022,2.405149220655218e-05,0.0002646683273746441,0.0,0.0,0.0,0.003464434008769215,0.00020168602998629984,0.0,0.002494934664019508,0.0,0.0,0.0,0.034029702166091656,0.0,0.05513774014421315,0.0,0.0,0.0,0.0,0.004946861998754418,0.0,9.182370541569285e-05,0.0,0.0,0.0010317682504200605,0.0,0.0035247665654907358,0.009502989162254935,0.0,1.172000679556568e-05,0.006136289818850479,0.0,0.0,0.0,0.0
CSM79HIJ,0.00016315996873689933,7.277276828919074e-05,0.00035792526146108205,0.000796272987463054,0.0003130336229313738,0.0,0.0,0.057867435796652975,0.07948618198124116,0.14116608547428375,0.0,0.0,0.0,4.529425412190296e-06,0.0,0.07996982396136504,0.002629583086521588,0.025275300992900387,0.43648965504399345,0.00021278234047489522,0.0048946984082089305,0.0003475579099620687,0.0,0.0,0.000540612086419424,0.0,0.0,0.0,0.0,0.0,0.0005130329183540875,0.0016629030496621306,0.0,0.0037526792809486845,0.00015520831079105416,2.1036664692172708e-05,0.0013363818043922347,0.0018384434478590167,0.0015885198190041612,0.0,0.0,0.0,0.0,0.01813310169516263,0.0,0.002355301214338954,0.0,0.000244890933952422,5.71714140916464e-05,0.0,0.0,0.0,0.0,0.0,0.001326417068485416,0.0,0.0005271244640809018,8.223423470576602e-05,0.0,0.00040009924474347614,0.0,0.0,0.0,0.002930034972196878,0.0005338682752501629,0.0,0.002821832031794554,0.0,0.0,0.015561797215611224,0.035294390004665326,0.00012591802645889024,0.050413913992250675,0.0,0.0,0.0,0.0,0.0016809200974128432,0.0,0.006199575542511931,0.0,0.0,0.00010085520584477059,0.0,0.0012258638243347914,0.002264108782706856,0.0,0.0,0.016264965347379257,0.0,0.0,0.0,0.0
CSM79HIL,0.0,0.0,0.0,0.0,0.0,0.0,0.00020682550989550773,0.04947893065643798,0.030597287533958406,0.17861846951803367,0.0,0.0,0.0,0.0,0.0,0.05887402583999149,0.0,0.023269107104579988,0.531312670784412,0.0,0.0018976188981190529,0.0,0.0,0.0,0.0005213941194125536,0.0,0.0,0.0,0.0,0.0,0.0007397672151048196,0.0015987220121833217,0.0,0.005859471860853241,0.00014547896035023002,0.00013351896077501622,0.0004390144671660379,0.0039057646888642195,0.0014126202946552102,0.0,0.0,0.0,0.0,0.014788023957528804,0.0,0.002531189565271543,0.0,0.0001462006844625274,0.0001342406848873136,0.0,0.0,0.0,0.0,0.0,0.0,0.0,0.0,0.0002711620593345889,0.0,0.000519744464298731,0.0,0.0,0.0,0.0036208898713959805,0.0031225909235769434,0.0,0.0030436136850026867,0.0,0.0,0.0,0.022374272308775846,0.0,0.040277669948758615,0.0,0.0,0.0,0.0,0.0011302199598577048,0.0,0.002257862333600062,0.0,0.0,5.6294480759196023e-05,0.0,0.0009732965171553305,0.0032195081615140203,0.0,0.0,0.012522531969027311,0.0,0.0,0.0,0.0
CSM79HIN,0.0,0.0,0.0,0.0,0.0,0.0,0.0,0.07387335747634663,0.08937817867069034,0.3267540120046972,0.0,0.0,0.0,0.0,0.0,0.06467223475349317,0.0,0.016721131224900983,0.13590345165349474,1.6264610873730857e-05,0.0025304097712124884,0.0,0.0,0.0,0.0018477002042269403,0.0,0.0,0.0,0.0,0.0,0.0010839706501561,0.002003375765446936,0.0,0.007985418826862916,0.00023063420263805931,0.0007820146135003142,0.0013382441008963522,0.006893770472194993,0.00181123110779578,0.0,7.122081158993949e-05,0.0,0.0,0.018041595378506796,0.0,0.00302804625049198,0.0,0.0007541324234310613,0.0,0.0,0.0,0.0,0.0,0.0,0.0,0.0,0.0,0.0001265811020172967,0.0,0.0005100622378973112,0.0,0.0012123701558735655,5.2026550310381316e-05,0.006065386564340377,0.0017455665297341338,0.0,0.005984063509971723,0.0,0.0,0.012778225868368588,0.05410377347054066,0.0,0.10736057490651386,0.0,0.0,0.0,0.0,0.0012546985531163807,0.0,0.002614965543270331,0.0,0.0,0.00040681731669884577,0.0,0.01108064499183335,0.011845182725326487,0.0,0.0,0.02713866500073949,0.0,0.0,0.0,0.0
CSM79HLA,0.0,0.020964310222332812,0.0,0.0,0.0,0.003041123157002335,0.0,0.09048994415975084,0.0027407136148227306,0.004242540922535001,0.0,0.0005709544526898498,0.0015894375740485825,0.0,0.0,0.057344170264105813,0.08901787128211505,3.801954954217298e-05,0.06485253539151703,0.10226840060791603,0.00017720416134438886,0.0,0.0,0.0,0.008780752718755945,0.03910448422403586,0.006803515739377198,0.007125634995353348,0.0,0.0,0.0003384290917217774,0.0012980645624847986,0.0,0.04523621105324179,0.0007969779196782464,0.0008303690023196332,0.0015789684227253751,0.0016977657398455563,0.0015692706825522992,0.01156477555957889,0.0003394209060576602,0.0,0.0,0.0,0.0002913730115637836,0.009561090197909934,0.0,0.0007266693034234453,0.00010987098809723612,0.000436618710974172,0.0020073220142338573,0.00461744674149869,0.0,0.1884568459929433,0.0,0.0,0.01635722243056445,0.004143249287353848,0.0,0.0007257876906804384,0.0,0.0,0.0,0.0,0.0006649564114129617,0.0014014336566023587,0.0014378001822513938,0.0,0.0,0.04771894273914212,0.003466501305503169,0.03915297292490123,0.0,8.342260580702882e-05,0.0,0.0,0.0,0.0,0.009764852943137408,0.0,1.24527799949726e-05,0.0,0.0,0.028112867149004336,0.0015018273077122707,0.01652671248040753,4.121539573557303e-05,0.0,0.05827867977169313,0.0,0.0,0.0,0.0
CSM79HLA_TR,0.0,0.018096518609846034,0.0,0.0,0.0,0.0009783519105603805,0.0,0.09710107355437438,0.0036461096722374235,0.0,0.0,0.0005191477056815452,0.0020439537079515653,0.0,0.0,0.054833616532830934,0.14059960254521628,5.2654545169712455e-05,0.085166877375506,0.1269442337235173,3.067888788813825e-05,0.0,0.0,0.0,0.009822030901037851,0.03157978104630021,0.005098461279707798,0.006497940761243296,0.0,0.0,0.00010106626541872493,0.0006263062325248649,0.0,0.03845685629084195,0.0004884688177934069,0.00041536168069826896,0.0011406671613727998,0.0010895356815592361,0.000506092859771699,0.010576274623479206,0.0,0.0,0.0,0.0,1.838557465636654e-05,0.004859557599557616,0.0,0.00037456528723,0.000910466711829181,0.0,0.0014335308712836799,0.0014002410142135724,0.0,0.14477824114019286,0.0,0.0,0.01692277917216829,0.0040161057633989776,0.0,0.0004403834686921405,1.3054845909846063e-05,0.001182225087519143,0.0,0.0,0.0003776114179422974,0.00026131449896208537,0.0016758070532939063,0.007525030763200435,0.0,0.04705999974543051,0.003571153098638391,0.046635173301447605,0.0,4.329857226765611e-05,0.0,0.0,0.0,0.0,0.007790805667848385,0.0,0.0,0.0,0.0,0.014947580986008579,0.0005911669389508625,0.005220632879347441,0.0,0.0,0.05153922616748128,0.0,0.0,0.0,0.0
CSM79HLC,0.0,0.011803608523933478,0.0,0.0005170809443413625,0.0,2.3807606175591728e-05,0.0,0.07582722566925965,0.0021840186124825805,0.005007702013870209,0.0,0.0010203838697896166,0.0018757354397492803,0.0,0.0,0.060058485664021985,0.34924036007231424,0.0004478869229884725,0.10293699747588718,0.12089806342852827,0.0001467966865890741,0.0,0.0,0.0,0.001147830544550869,0.006402523808872537,0.0012279659338482866,0.002737976019155498,0.0,0.0,5.399767698549103e-05,0.0001705029838022165,0.0,0.0075156053793032866,0.00023149097919671104,0.00011275687520610038,5.2376733586301806e-05,0.001691960981866202,8.499821949498495e-05,0.0002739394344629789,8.935450488030598e-05,0.0,0.0,0.00012065897427714786,0.0,0.0007456339636270431,0.0,0.0,0.0,7.547517702474823e-05,0.0011398271365173724,4.417070762790636e-05,0.0,0.09744665956490837,0.0,0.0,0.025583045742516176,0.002541335323041355,0.0,0.0,0.0,0.0,0.0,0.0,0.0,0.0,0.0015396936113048641,0.0001919804838414737,0.0,0.03903788904541122,0.003312600454168078,0.023817129218061964,0.0,4.589295998954491e-05,0.0,0.0,0.0,0.0006363215931442197,0.02059682122868522,0.0,9.462257092767095e-05,0.0,4.7311285463835473e-05,0.002340439650504341,0.0002801192811723878,0.0011100423015572706,0.0,0.0,0.025470896721084768,0.0,0.0,0.0,0.0
CSM79HLE,0.002419897535175284,0.007808926636155697,5.591795101201851e-05,0.0,0.0,6.53560080793828e-05,0.0,0.05877605855167637,0.0056013346427538115,0.01737414376271791,0.0,0.003115878130529954,0.021509433541007806,0.0,0.0,0.05194635570738087,0.1466075309809298,0.0007909700729358844,0.12496393495128696,0.3458002624997679,8.839298608251929e-05,0.0,0.0,0.0,0.0,0.007130096918697634,0.0008663730449902034,0.006220389998785232,0.0,0.0,0.0,0.0001252318539906186,0.0,0.001125970356585019,1.5019703720106608e-05,2.0093927949872354e-05,9.86429190266461e-05,0.0008316653512586057,0.0,0.0,0.0,0.0,0.0,0.0,0.0,0.0006684783000293394,0.0,0.0,0.0,0.0,5.4395683743088796e-05,0.0,0.0,0.07179398081314038,6.474710117181091e-05,0.0,0.010779783438198945,0.0018573690370634534,0.0,0.0,0.0,0.0,0.0,0.0,0.0,0.0,0.0012709916850717241,0.0003452502165932613,0.0,0.003078836293652664,0.03107272246236271,0.05287443131900502,0.0,2.4863698725852153e-05,0.0,0.0,0.0,0.0,0.004699847966093629,0.0,0.0,0.0,6.0789206272593634e-05,0.0038541777559608697,0.0,0.000334188407772372,0.0,0.0,0.01380726858264638,0.0,0.0,0.0,0.0
CSM79HLG,0.0,0.015839283420056874,0.0,0.0,0.0,0.0005092390661257787,0.0,0.07240683350521082,0.0002019501278577719,0.008262601738719563,0.0,0.005674595627850769,0.027013721851551837,0.0,0.0,0.10765464051963898,0.05148480025914565,0.0004024795010471976,0.12399737850467195,0.17912164481173884,6.981994370158144e-05,0.0,0.0,0.0,0.00048539068419282564,0.022417073087070544,0.00447273866090625,0.0061954036962759374,0.0,6.505026731499084e-05,0.0003242365118118499,0.0002925739792029932,0.0,0.028454570050207437,0.00015019406493944844,0.0007315871717219485,0.0003792400139721073,0.0010329901263639498,0.0,0.0002614188589756886,0.00018084177278520077,0.0,0.0,0.0,0.00013750875540064367,0.0008595565743494111,0.0,0.0,0.0,0.0,0.0040621405617542175,0.0,0.0,0.10730046667731555,0.0,0.0,0.03713893296047319,0.00031784311580429226,0.0,0.0001825669748824782,0.0,0.00032200389733302024,2.892250574847487e-05,0.0,8.991347401104819e-05,0.00014095915959519856,0.00039101198122411815,0.008277418180260888,0.0,0.026433242087056132,0.018401411499466506,0.07811014867385745,0.0,3.967964823738131e-05,0.0,0.0,0.0,0.0,0.024962558040365262,0.0,0.0,0.0,0.0004682401456963616,0.0021534581473074974,0.0003707154859620305,0.0023763136652852194,0.0,0.0,0.029224213150545804,0.0,0.0,1.4309029159771778e-05,0.0001141677858492429
CSM79HLI,0.0,0.009546217602280974,0.0,0.0,0.0,0.0,0.0,0.0599865563193464,0.018584980146790456,0.006109873205638099,0.0,0.0018378405521502943,0.0015681912636080011,0.0,0.0,0.039992806630637215,0.3825978432955919,0.00015840109607026474,0.0862772598896581,0.18379732334807658,0.00011573894519567025,0.0,0.0,0.0,0.00032119088230227004,0.0027652830521441704,0.00048132704192485083,0.0037273247606224662,0.0,0.0,0.0,0.0,0.0,0.009980187615483787,0.0003348672655969965,0.0002814885457228029,2.2351701056306685e-05,0.0002180056322204159,0.0,0.00018452911191690633,0.0,0.0,0.0,0.0,0.0,4.725496616013697e-05,0.0,0.0,0.0003651798464815768,0.0,0.0002711802269708076,0.0,0.0,0.07965166455873454,0.0,0.0,0.02610137751798546,0.0003805912933286193,0.0,0.0,0.0,0.0,0.0,0.0,9.644912099639187e-05,0.0,0.0006612633385562147,0.00011298325602434475,0.0,0.0100789841754039,0.019984053745328592,0.030135604402244064,0.0,7.032110514975026e-05,0.0,0.0,0.0,0.0,0.008023852428966496,0.0,4.745909128393885e-05,0.0,0.0,0.0022988571442568574,5.73591597883304e-05,0.00087488028061489,0.0,0.0,0.011851096437689987,0.0,0.0,0.0,0.0
CSM79HLK,0.0,0.015619550519483709,0.0,0.0,0.0,0.0,0.0006979397573989028,0.09965212699984825,0.0011661443967482831,0.005513338144703061,0.0,0.0031893775031428613,0.02163369497148217,0.0,0.0,0.12219023895905412,0.2245523669115617,0.0003004228466801447,0.11790835010981987,0.1400988125070967,0.00024253203443954884,0.0,0.0,0.0,0.0003980247248612194,0.011205528430381017,0.0010648862567414865,0.005422236287545492,0.0,0.0,0.0,0.0,0.0,8.307839370667962e-05,0.0,0.00023857108412835018,0.000151937991424441,0.0005202048075374243,0.0002874228046331337,0.0011819881979930776,0.0,0.0,0.0,0.0,0.0003877668791834998,0.0005422439413202476,0.0004379389164586829,0.0,0.0003645089914587692,0.0,0.0005001969303244464,5.5453304356781266e-05,0.0,0.06842338536938704,0.0,0.0,0.0238061238729319,0.0015843801244794647,0.0,0.0,0.0,0.0,0.0,0.0,0.0,0.0,0.0005495564649716912,0.006692076332184386,0.0,0.018509216115745873,0.014384241836532188,0.041129187714716506,0.0,3.4328236030388404e-05,0.0,0.0,0.0,0.0,0.009427264866309801,0.0,0.0,0.0,0.0001610786459887456,0.004272037254870495,6.814865791831545e-05,0.004814687447504713,0.0,0.0,0.030537403456914303,0.0,0.0,0.0,0.0
CSM79HLM,0.0,0.00043350752180145336,0.01566540046207035,0.13142203900708832,0.0,0.0,0.0,0.07219469321607527,0.0,0.1098150419292175,0.0,0.0,0.0,0.005338077508105831,0.0,0.1502290201408674,0.0,0.007461570664809166,0.33074741013114894,4.668711944216821e-05,0.007663404367491936,0.0,0.0,0.0,0.00027010260375386465,0.0013172594572798543,0.0002703228260153843,0.0008885968252318336,0.0,0.00046962397269067785,0.00046433863841420595,6.694756750197705e-05,0.0,0.00013907035814966616,0.0,0.0005548499878987868,0.0,0.0009277963877823333,2.8408671736036315e-05,0.0,0.0,0.0,0.0023428345291769174,0.0,0.0011564972063705017,0.003477749953918492,0.0,0.0,0.0,0.0,0.0,0.002323785303555467,0.0,0.002324776303732305,0.021364422256806907,0.0,0.056844981365893346,3.19322279203509e-05,0.0,0.00039276640342031605,0.0,0.0,0.0004597139709222931,0.0,0.00013653780214219004,0.0,0.0013549174639997164,0.0,0.0045635558143411825,0.007603724134620108,0.012002553697344582,0.0,0.0034584805060355215,0.0017209268626453937,0.0,0.0,0.0,0.0,0.0,0.0003559892857465326,0.0,0.009422980237034029,0.0037714163396549605,0.0,0.002244835622800668,0.0015081921580174008,0.0,0.0,0.02472226118932794,0.0,0.0,0.0,0.0
CSM79HM1,0.0012588134266727925,0.01960639623445865,2.8810152915322467e-05,0.0,0.028211255066747817,0.0011312061927695482,0.0,0.0,0.0,0.007228086855000809,0.0,0.0,0.0,0.02111077544565025,0.0,0.0828105717497153,0.2574567674437661,0.03342222352683291,0.16113708781266656,0.03229468655165164,0.02754549591989798,0.0,0.03211136156918574,0.0,0.0,0.0,0.0,0.0004538958053640426,0.0,0.0,0.0,0.0,0.00012162776820383776,0.0,0.0,0.0,1.9976851313926427e-05,0.0,0.0005680492414436223,0.0013933514049094399,4.4845992745549126e-05,0.0,0.0009325248552119942,0.002491126948541397,0.0012866723009541186,0.005801576594849205,0.0,0.0,0.0012707723580716057,0.0,0.051607273585153074,0.0008954249884861309,0.0003681448313566442,0.013219239691910745,0.0,0.0,0.07718824322890058,0.0,0.009102377557869334,9.37688939225118e-06,0.0001589994288251287,0.002326963435703144,0.0011200626430570178,0.005596508100749103,0.0006133029250323127,0.00030046815139517913,2.677169869961569e-05,0.012828943658076752,0.0,0.003027648098115421,0.0,0.0,0.0,0.0006104490891303232,0.0,0.0,0.00012665595526924783,0.009075605859169718,0.0,0.000880748118133042,0.0,0.0002966630368591931,0.005078876626907295,0.007232843248170791,0.016037334696651508,0.007042043933580636,0.006139552303813389,0.0012305468615483252,0.017446857838338888,0.0045515964697778084,0.004721195860524613,0.003469856765976078,0.017931466353886247
CSM79HM7,0.00021532034167413234,0.01101936774319446,0.0,0.0,0.021998820284018845,0.0014550200019514102,0.00018427518427518432,0.0,0.0,0.0,0.0,0.0,0.0,0.010284373641774366,0.0,0.038077883429869,0.15591986801373087,0.01320261843727548,0.011515092381518377,0.010506235641614705,0.046408962293438834,0.0,0.04487910128704353,0.0,8.980920533267105e-05,0.0,0.0,0.00020755905232439531,0.0,0.0,0.0,0.0,0.001368426187920773,1.9181472250064312e-05,0.0,0.0,9.956625480091186e-05,0.0003716548842902634,0.00018050541516245492,0.005164916311125698,0.0,0.0,0.0014944917020729297,0.004590691774807299,0.00047166464133973165,0.0013756330994598145,0.0,0.0,0.0007355484792307899,0.0007342179724851207,0.05472684696511412,0.0008407693877007957,6.730146621843374e-05,0.0011167386618650159,0.0,0.0,0.14515606844126702,0.0,0.001325184718686524,0.0,0.0,0.003530277898508946,0.0,0.00025257453055286996,0.00022685140013659874,0.0006354278466191825,0.00013260717231836368,0.0,0.0,0.006946797470263176,0.0,0.0,0.0,0.00020456541214663963,0.0,0.0,0.03340702862363513,0.3116468125493397,0.0007487426711253427,0.0,0.0,0.0,0.0001450252352779429,0.015303266837562871,0.007709510462218045,0.012252082243056975,0.0034990109899857196,0.0013214149495737945,0.011036220828639602,0.0014064565057344844,0.0009160538943932448,0.000938450757945343,0.0019371069461322171
CSM79HMN,0.0,0.0,0.009044373816775175,0.10783455522669681,0.00774216261576445,0.003028448556370873,0.0,0.03211434485249374,0.002783159398064957,0.0025495764832840257,0.0,0.0030877385120020424,0.0,0.029894602619640512,0.0,0.023818303492167545,0.12895619545351175,0.0005994030249366832,0.04892039169090833,0.14017251100874648,0.00046456444211186697,0.08085014642559607,0.0005752317998804662,0.0,0.0,0.001400847141823091,0.0,6.915354971240577e-05,0.0,0.0004896027963180828,0.0,0.0,0.0,0.0,0.0,0.0,0.0,0.0,0.0,0.00016713914366227225,0.0,0.0,0.00033492863418704355,0.0,0.007160535738402742,0.0009388840871612206,0.0,0.0,0.0036249250204263106,0.0,0.019956327040360308,0.00029135539439960296,5.668856818117275e-05,0.024931155365047277,0.0,0.0,0.21195021031133618,0.00039432698096196267,0.0,0.00013570571197481508,0.0,0.0,0.0,0.0017557197464601075,0.0,0.0005728471947179694,0.00020908651629346508,0.0004037570104681998,0.008413862533582285,0.009604105683099412,0.0,0.0033447339138329424,0.0,0.0015411052818354,0.001391308721173104,0.0,0.000986901363842405,8.942269359362814e-05,0.02319516280674964,0.0,0.0011855823303358844,0.0,0.0,0.0021857074137157716,0.0006332210617866371,0.00336099258539542,0.0,0.0,0.046630953952623955,0.0,0.0,0.0,0.00015803428758728465
CSM79HMP,0.0,0.0,0.016313949737489994,0.0727427105270964,0.003143955966541098,0.0016740574852430819,0.0008318146931450778,0.02125142285616825,0.007117409270904401,0.0196903364429152,0.0,0.006462640524426781,0.0,0.0028333144855100414,0.0,0.029467490285646495,0.1629819172129446,0.0014985178195354913,0.020584256258713265,0.17076475506481187,0.0013254113769169168,0.02924062119953728,0.0053272522839854074,0.0,0.0,0.0014157882345089436,7.971702310681343e-05,0.0005086594933705101,0.0,0.0016541282294663786,0.0003754115623053423,0.0,6.083057722540269e-05,0.00025027437487022816,0.0,0.0,5.0054874974045636e-05,0.0,0.0,0.0002887424732299114,0.0,0.00011644710497434228,0.001115111381366239,0.0,0.00883514890398363,0.004743742213686116,0.0,0.0,0.0018274664076172401,0.0011213682407379946,0.03409710274968115,0.0014376872423100887,0.00013011950137928994,0.0544924945495803,0.0,0.0,0.09281714861477772,0.0007298510589386886,0.0,0.0005180447824281436,0.0,0.0,0.0,0.003291571500608075,0.0,0.0002137760285349866,0.0006552322175421946,0.004917312127369265,0.008425788086198205,0.012374793291905203,0.0,0.0036969928143446157,0.0,0.003602676452703706,0.0017348880624684846,0.0,0.009820372519502865,0.006795644484323557,0.027304239091745033,0.0,0.0010192887387654617,0.0,0.0,0.0010236917138789193,0.00562016599679649,0.002530436144810608,0.0,0.0,0.12694704194227752,0.0,0.0,0.0,0.0001089157001750067
CSM79HMT,0.0,0.0,0.017761981693406467,0.07217253452273428,0.004895570474798172,0.0006193373869805296,0.0,0.032765403704152055,0.0020586770087435875,0.0020253880606743466,0.0,0.0033778970696414115,0.0,0.004754499827735516,0.0,0.04220200571731865,0.24092003203188297,0.00034126991517138003,0.09382943953516527,0.16078329127596777,0.002045524382408538,0.043342326781075136,0.0033442589368022136,0.0,7.018613876137181e-05,0.000995060199454341,9.195198942202941e-06,7.682064939055622e-06,0.0,0.0014159442421759337,0.00015620198709413098,0.0,0.0,0.00018949093516337198,0.0,0.0,0.0,0.0,0.0,0.0003465076867207361,0.0,0.0,0.0003434814187144415,0.0,0.0023700334286219783,0.0012382091942677832,0.0,0.0,0.0009720140046371741,0.0,0.021483942156378916,0.00020124682241859346,0.00018797780116022465,0.019107623401897707,0.0,0.0,0.0981240630208673,8.310597524978354e-05,0.0,4.9817027180542506e-05,0.0,0.0,0.0,0.0020314405966869358,0.0,0.00022615533600886474,0.00047791755514791485,0.00017144972204892318,0.0036174378218319643,0.009564869218664163,0.0,0.003081439199947856,0.0,0.0006514623858165805,0.0008026593912079934,0.0,0.004614593129906048,0.004685361243284015,0.009356522305923109,0.0,0.00020287635134505982,0.0,0.0,0.001393363627052043,0.0014392232268397387,0.0012925656234577677,0.0,0.0,0.08179944223552749,0.0,0.0,0.0,0.0
CSM79HNE,0.0,0.0,0.0,0.06021424853998729,0.0,0.0,0.0,0.0,0.0,0.0,0.0,0.0,0.0,0.09246693844764815,0.0,0.019234384894513856,0.0,0.0,6.200478676953861e-06,1.2000926471523602e-05,0.0,0.0,0.0010729828342748058,0.0,0.00019041470001484115,0.0,0.0,0.0,0.0,0.0,0.0,0.0,0.0,0.0,0.0,0.0,0.0,0.0,0.0,0.0,0.0,0.0003661282651020659,0.0,0.0014607127670256143,6.720518824053216e-05,6.720518824053216e-05,0.0,0.0,0.0,0.0,0.001612924517772772,0.0,0.0,0.02941617092839567,0.0,0.0,0.05884674296855717,3.43026481644383e-05,0.0,0.0,0.0,0.0,0.0,1.2800988236291842e-05,0.0,0.0,7.500579044702251e-06,0.003322156470479521,0.0,0.0011087855982481849,0.0,0.0,5.1503976106955455e-05,0.0,0.0029778298884673895,0.0,0.0012946999508362045,0.7116539396841436,0.004552551456972478,0.0,0.0,0.0,0.00019331492391212602,0.0,9.200710294834761e-06,0.0034636673951229037,0.0,4.0403119120796126e-05,0.006243081965927769,0.0,0.0,0.0,0.0
CSM79HNI,0.0945823032520946,0.0,0.0,0.28940140574845935,0.0,0.0,0.0001422223724240677,0.0,0.0,0.0,0.0,0.0,0.0,0.25172354103130534,0.0,0.0222253134298454,0.0,0.0,0.0,0.0,0.0,0.0,0.00040182346381481646,0.0,0.0004044385852313835,0.0,0.0,0.00026523366059566235,0.0,0.0,9.555251329764097e-05,0.0006881792589289047,3.19849465564735e-05,0.000288266845380041,9.816763471420797e-05,3.1582620184693955e-05,0.0,0.00035716523654728745,9.917345064365682e-05,0.0,0.0,0.0007725672154096634,0.0,0.008191867837396177,0.0,0.00024873827935270116,5.793499753625389e-05,4.96873069147733e-05,0.0,0.0,0.024179010291206848,0.0,0.0,0.14083736388921664,0.0,0.0,0.07308017147552293,0.0019186944670166305,0.00267697909622812,0.00023656790660637006,2.04180633678117e-05,0.0,0.0,0.0011262120962038798,1.5489565313512328e-05,0.0,0.0007445049509780405,0.0030649223002165425,0.0,0.010882425448671856,0.0,0.0,5.8940813465702745e-05,1.096339363099249e-05,0.0,0.0,0.009016536317951292,0.022899612428947908,0.003749983529764156,0.0,1.2270954339275997e-05,0.01766534633209608,0.0009320896218202514,0.0,0.00020639342872290448,0.005090233255754751,9.082517842923135e-05,0.00015197878693972157,0.010847322472734091,0.0,0.0,0.0,0.00032759424822149117
CSM79HNK,0.030259817561925674,0.0,0.0,0.2741468740976575,0.0,0.0,0.0,0.0,0.0,0.0,0.0,0.0,0.0,0.35414443830488457,0.0,0.0489964924383758,0.0,0.0,0.0,0.0,0.0,0.0,0.0004551086496784143,0.0,0.000755876976039391,0.0,0.0,0.0001502339292512371,0.0,0.0,0.0,0.000231260095094071,3.976191327516076e-05,7.641899201246261e-05,0.0,0.0,0.0,0.00011718246481596495,1.1217466717425704e-05,0.0,0.0,0.0010704668238914815,0.0,0.005850209360996008,0.0,0.0,0.0,0.0,0.0,0.0,0.007789328763818141,0.0,0.0,0.11395644157517672,0.0,0.0,0.09257224424150846,0.0007996451274279181,0.0009291467744424845,4.486986686970282e-05,0.00013971755420365053,0.0,0.0,0.0002609062571329818,0.0,0.0,0.00037949090528862495,0.0019632569874551667,0.0,0.0030984245568775144,0.0,0.0,4.767423354905924e-05,0.0,0.0,0.0,0.0026548338417750283,0.026114062206261373,0.0070326505401560775,0.0,0.0,0.013158188615493185,0.000837604233552064,0.0,6.610292887054434e-05,0.0017261878470967145,0.0,0.0,0.010112145621947937,0.0,0.0,0.0,1.1718246481596494e-05
CSM79HNM,0.050093842783141926,0.0,0.0,0.22597015788414873,0.0,0.0,0.0,4.734701097816003e-06,0.0,0.0,0.0,0.0,0.0,0.4167574570786753,0.0,0.032461009988305284,0.0,0.0,0.0,5.74208431011728e-06,0.0,0.0,0.0003630609097133803,0.0,0.0006090638901573522,0.0,0.0,0.0004280371269068127,3.626579564284598e-05,0.0,7.061756318231954e-05,0.00039489421922210067,2.3572767167849887e-05,0.000184552604493594,3.002001972657806e-05,8.68364329003701e-05,0.0,0.001196368302928997,0.0,0.0,0.0,0.00043508880939292164,0.0,0.023882033814026378,0.0,0.0,0.00013418344387853014,0.0,3.132961790256972e-05,0.0,0.0010641996254750694,0.0,0.0,0.09499855390139875,0.0,0.0,0.05066089879334631,0.0035217109718840354,0.0018748408964139073,0.0024454227478613506,0.0018627522978662918,0.0,0.0,0.00032931357210128754,0.0,0.0,0.001611309448075893,0.0,0.0,0.011808344537953111,0.0,0.0,0.00019492865158029715,5.70178898162523e-05,0.0,0.0,0.010534911419283068,0.02730653230592334,0.017457749592538672,0.0,2.0248402567255674e-05,0.0030763468537256407,0.0003530878159115977,0.0,4.231009491665364e-06,0.0029831639065877723,0.0,0.0,0.014635565523276646,0.0,0.0,0.0,0.0
CSM79HO1,0.021185256175073858,0.0,0.007732654496522032,0.03611379522742656,0.0,0.0,0.0,0.0,0.04181862550902562,0.0,0.0,0.10615699357003838,0.0,0.004023734973381057,0.0,0.0,0.28537948579023353,0.01802858341925571,0.10338136268539497,0.0,0.0,0.0,0.0,0.0,0.0,0.0011204502628780993,7.414479735075118e-05,0.0012333471145076413,4.3071168687572294e-05,0.00010305886880953927,0.00039483904220278664,0.001849780720960974,0.0,0.008429831547339532,0.0,0.012530950653877927,0.0,0.00014013126748491488,0.0002320324240717683,0.0,0.0001080978356197845,0.0,0.0,0.0,0.0,0.0,5.374897930928241e-05,0.0,0.07551911556054546,0.0026915281290724145,0.0,0.0003878804689886385,0.00013197294026832737,0.0,0.0023757528756303803,0.0,0.0,0.0008567443331419323,0.0,0.0,0.0,0.0,0.0,0.0,0.0,0.0,9.945960680222125e-05,0.0,0.0,0.008126653710923111,0.00593662275487034,0.11281022939056573,0.12602935894024286,7.306501874855579e-05,0.0,0.0,0.0,0.0,0.0,0.0,0.0,0.0,0.00034552915270252984,0.0,0.0,0.0008878179618051113,0.0,0.0,0.013594292626239913,0.0,0.0,0.0,0.0
CSM79HPK,0.0,0.0,0.0,0.0,0.0,0.0,0.0,0.0003989118444093274,0.0,0.00502877630273842,0.0,0.0,0.0,0.0,0.0,0.0008298937140459837,0.000858800369437964,0.0,0.0023944528019221073,0.014305412885757951,0.0,0.0,0.0,0.0,0.0017927580428950768,0.0,0.0,0.0,0.0,0.0,0.0,0.0,0.000541045323563102,2.1816343692060562e-05,0.0,0.0,0.0,0.0006092213976007911,0.0,0.0010487116412773512,0.0,0.0009743179092874247,0.00012282601498630097,0.0,0.0007696806054558967,0.0013659212785599117,0.0,0.0,0.0,0.0,0.006663365853866057,0.0010662737979494602,0.00015598685739823303,0.0854549454869566,0.0,0.0,0.028318050439168452,0.0,0.0007271387352563786,0.0,0.0,0.0,0.0,0.0,0.0,0.002601926230433603,0.0,0.006309395677462375,0.0,0.001193135836518792,0.0032545621519815943,0.0,0.0003530975226560002,0.0,0.0,0.8023167648020346,0.0,0.008704284806258324,0.01229830926608838,0.0,0.0014373698041514101,0.0,0.0005973314902886182,0.0,0.0012209516747261693,0.0048702805658155995,0.0,0.0,0.0013942825253595904,0.0,0.0,0.0,0.0
CSM79HPO,0.0,0.0,0.0,0.0007942781804566926,0.0,0.0,0.0,0.09349197808366222,0.0,0.008888625398068698,0.0,0.0,0.0,0.494602878192628,0.0,0.09682285585479802,0.033175752089680634,0.0,0.09592571849285532,0.02105701321028219,0.0,0.0,0.0,0.0,0.0,0.0,0.0,0.0,0.0,0.0,0.0,0.0,0.0,0.0,0.0,0.0,0.0,0.0,0.0,0.0,0.0,0.0,0.0,0.0,0.0,0.0,0.0,0.0,0.020171397752579256,0.027846452400447343,0.0,0.0,0.0,0.04836172662229197,0.0,0.0,0.003184863821042621,0.0,0.03619930925136637,0.0,0.0,0.0,0.0,0.0,0.0,0.0,0.0,0.0,0.0,0.0,0.013930924927147523,0.0,0.0,0.0,0.0,0.002246457093004706,0.0,0.0,0.0,0.0,0.0,0.0,0.0,0.0,0.0,0.0,0.0,0.0,0.0032997686296884067,0.0,0.0,0.0,0.0
CSM79HPS,0.0,0.0,0.0,0.0,0.0,0.0,0.0,0.01139718219649674,0.0,0.02763687861232291,0.0,0.0,0.0,0.004867000935179618,0.0,0.01981720560153853,0.016853887127738044,0.0,0.08659003105341426,0.005520796248379619,0.00502680337209758,0.0,0.0,0.0,0.00394576809930279,0.0,0.0,0.0,0.0,0.0,0.0,0.00016629673981735893,0.0,0.00048419818994196437,0.00014894311075831315,0.0,0.0,0.0018258572905683133,0.0002736124336303537,0.000130524841879694,0.0,8.517118556586884e-06,0.00012669213852922992,0.0,5.067685541169196e-05,5.2060887177137337e-05,0.0012246551844552365,0.0,0.0013478340115798744,0.0006551793449654461,0.0040765058691463974,0.0,0.0,0.06953950495100102,0.009840891708244402,0.0,0.03350442804993757,4.141448898140372e-05,0.0014226781908958817,0.0,0.0,0.0,0.0,0.0,0.0,0.0,0.0,0.0,0.0,0.030497139951588703,0.020849267442632952,0.0,0.013544028392666422,0.0,0.0,0.6066285752734422,0.00034781782905461694,0.0016773400357378296,0.0012955601964388225,0.0006827535162923961,0.0009540237423196885,0.0,0.0,0.0,0.00027009912222576157,0.0016369901865759993,0.0,0.0,0.015040379659076779,0.0,0.0,0.0,0.0
CSM79HPU,0.0,0.0,0.0,0.0,0.0,0.0,0.0,0.0,0.0,0.0,0.0,0.0,0.0,0.2034585586257482,0.0,0.08121395924819075,0.0,0.0,0.12304481691978238,0.13261142305127332,0.0,0.0,0.0,0.0,0.0,0.0,0.0,0.0,0.0,0.0,0.0,0.0,0.0,0.0,0.0,0.0,0.0,0.0,0.0,0.0,0.0,0.0,0.0,0.0,0.0,0.0,0.0,0.0,0.0,0.13939107397396666,0.0,0.0,0.0,0.10601082215720077,0.0,0.0,0.0,0.0,0.0,0.0,0.0,0.0,0.0,0.0,0.0,0.0,0.0,0.0,0.0,0.0,0.0,0.0,0.0,0.0,0.0,0.21426934602383785,0.0,0.0,0.0,0.0,0.0,0.0,0.0,0.0,0.0,0.0,0.0,0.0,0.0,0.0,0.0,0.0,0.0
CSM7KOJQ,0.0,0.0,0.0,0.0,0.0,0.0,0.0,0.05193803972591507,0.04617143674862505,0.26319019219408696,0.0,0.0,0.0,1.5303287338678264e-05,0.0,0.05476813442083289,0.0,0.019649015557767827,0.35658382385774384,0.0,0.0018365971731889238,0.0,0.0,0.0,0.00031376806357978745,0.0,0.0,0.0,0.0,0.0,0.00046497670403878065,0.0012395662744329394,0.0,0.006113815311212616,3.7599467567216136e-05,0.00026633800745726145,0.000943331116214684,0.00157188070611192,0.001211392010325969,0.0,0.0,0.0,0.0,0.023913869450392058,0.0,0.0039696321971436355,0.0,0.00011837244775878288,0.0,0.0,0.0,0.0,0.0,0.0,0.0,0.0,0.0,4.9558327871613725e-05,0.0,0.0003692044753298339,0.0,0.0,4.64165933848652e-05,0.005516784412456632,0.0007594889756030127,0.0,0.003248148074202903,0.0,0.0,0.002837492972902742,0.04850584681855297,0.0,0.06821414994647396,0.0,0.0,0.0,0.0,0.004987047439481325,0.0,0.0019698675231913207,0.0,0.0,0.0005507156516448853,0.0,0.005951458580639354,0.009589789808841669,0.0,0.0,0.013086945677687836,0.0,0.0,0.0,0.0
CSM7KOJS,0.0,0.0,0.0,0.0,0.0,0.0,0.0,0.016669986933801853,0.05528652061714934,0.11848677476088798,0.0,0.0,0.0,0.0,0.0,0.12239265589760397,0.0,0.008369888954914327,0.467099739450375,0.0,0.0046774032809200426,0.0,0.0,0.0,0.0007804722837809695,0.0,0.0,0.0,0.0,0.0,0.0002062554637333808,0.0005086495053941687,0.0,0.003277058408912569,4.9175485990064946e-05,0.00029263939515560125,0.00037620755232890173,0.0013803327621669356,0.00042045543338335695,0.0,0.0,0.0,0.0,0.024096490951961987,0.0,0.002721043558116927,0.0,0.00012389406695247448,0.0,0.0,0.0,0.0,0.0,0.0028039077717279975,0.0,0.0,0.0,0.0,2.9465066247625827e-05,2.202337716119473e-05,0.0,0.0,0.0,0.0014634986658761046,0.0004207571234814555,0.0,0.001033389149353594,0.0,0.0,0.004096549278714286,0.05525615048060741,0.0,0.08587719262078089,0.0,0.0,0.0,0.0,0.002651554272188226,0.0,0.0002391396844261236,0.0,0.0,0.00043413205116382486,0.0,0.005421169936099021,0.004512982177456328,0.0,0.0,0.008522443581186163,0.0,0.0,0.0,0.0
CSM7KOJU,0.0,0.0,0.0,0.0,0.0,0.0,0.0,0.02561335040876673,0.028443998127391474,0.09531202830467432,0.0,0.0,0.0,0.0,0.0,0.06204528194998086,2.4238942284674564e-05,0.008354221892893124,0.5693947896690824,0.0,0.002471871308444147,0.0,0.0,0.0,0.0008255262905383791,0.0,0.0,0.0,0.0,0.0,0.00015965650413955063,0.0005577961553031102,0.0,0.0013179173660402806,0.0,8.794128647084408e-05,0.0003524662723130983,0.001997409037359422,0.00036588783539634787,0.0,0.0,0.0,0.0,0.01505568846909445,0.0,0.0027876786845746383,0.0,0.00010456799894710845,0.0,0.0,0.0,0.0,0.0,0.002400356412612504,0.00020242521635259212,0.0,0.0,0.00024409215846178474,0.0,6.440347061589151e-05,0.0,0.0014863880310106222,1.5424781453883814e-05,0.001142535597691251,0.00044241077715457666,0.0,0.0028954518329147613,0.0,0.0,0.01329686273967757,0.047884831770722856,0.0,0.0924204827475823,0.0,0.0,0.0,0.0,0.0035765460789304103,0.0,0.0,0.0,0.0,0.00027514204320661583,0.0,0.0028128190751260983,0.0037559342840207087,0.0,0.0,0.011811576478770796,0.0,0.0,0.0,0.0
CSM7KOJW,0.0,0.0,0.0,0.0,0.0,0.0,0.0,0.05919608832075144,0.11987307132565037,0.24122182432951972,0.0,0.0,0.0,0.0,0.0,0.1455621630405699,0.0,0.01373697237237183,0.21074077716494885,0.0,0.004248900582062187,0.0,0.0,0.0,0.0005333306065302323,0.0,0.0,0.0,0.0,0.0,0.0003127803557094595,0.0008628527312792687,0.0,0.002805499440554239,0.0,8.99243522664696e-05,0.0010532276977831994,0.0016961316789257518,0.0007776401343712429,0.0,0.0,0.0,0.0,0.012683042923790565,0.0,0.002946350850737505,0.0,6.285682148392023e-05,0.0,0.0,0.0,0.0,0.0,0.023474466446336967,0.0,0.0,0.0,5.30323103109949e-05,0.0,0.00023418426632605688,0.0,0.002000491025058418,6.335807205396745e-05,0.0011840540965655213,0.0007708231266186007,0.0,0.0036552194068982706,0.0,0.0,0.010485560424703593,0.03841845019138248,0.0,0.06602402333582053,0.0,0.0,0.0,0.0,0.0011018490030777787,0.0,0.0016421971175886718,0.0,0.0,0.00018586371137350576,0.0,0.003973012268308202,0.0037067479654991236,0.0,0.0,0.024623232502771163,0.0,0.0,0.0,0.0
CSM7KOJY,0.0,0.0,0.0,0.0,0.0,0.0,0.0,0.031232547603298078,0.09715382089797261,0.13873297410567287,0.0,0.0,0.0,0.0,0.0,0.0912522954679697,0.002561026052052604,0.013343891278911635,0.47601386856967215,0.0010195820920504788,0.002829803020280591,0.0,0.0,0.0,0.0006952793429610211,0.0,0.0,0.0,0.0,0.0,0.00020007387343018969,0.000862862587372633,0.0,0.0017962388928320246,7.343083338564025e-05,0.00017381983574025526,0.0005995174890115286,0.0011702661857651215,0.0006427712675811523,0.0,0.0,0.0,0.0,0.01833296316146093,0.0,0.0002650551314673453,0.0,0.00019725734831402812,0.0,0.0002603273928795027,0.0,0.0,0.0,0.0016326792557292149,0.0,0.0,0.0,3.31947602976182e-05,0.0,0.0002501677844247771,0.0,0.0,0.0,0.0014385402030795084,0.0016483713242335437,0.0,0.0020494243827384032,0.0,0.0,0.005464662266449715,0.025315833055704437,0.0005648138759731096,0.051041269335444936,0.0,0.0,0.0,0.0,0.0004737797606114597,0.0,0.0027411830693042224,0.0,0.0,0.0001406250754426371,0.0,0.003218081125580004,0.0006381441191760298,0.0,0.0,0.023939558175728643,0.0,0.0,0.0,0.0
CSM7KOK1,0.0,0.0,0.0,0.0,0.0,0.0,0.0,0.04794490447614172,0.047042280162273915,0.1873355550947138,5.062958906595295e-06,0.0,0.0,1.8732947954402586e-05,0.0,0.06284104091194827,0.0,0.015534170517215682,0.4435557038890005,2.5821090423636002e-05,0.0027121258270849675,0.0,0.0,0.0,0.0004437177185740116,0.0,0.0,0.0,0.0,0.0,0.00025254039026097327,0.0009606458229373912,0.0,0.003338515103008937,5.0933366600348665e-05,0.0002763362971219712,0.0005194595838166772,0.002063763309506374,0.00046062800132203984,0.0,2.9668939192648425e-05,0.0,0.0,0.023376795122709924,0.0,0.0006395529690811175,0.0,0.00019137984666930214,0.0,0.0,0.0,0.0,0.0,0.001801198260610342,0.0,0.0,0.020400484099878814,1.5290135897917788e-05,1.650524603550066e-05,8.698163401530716e-05,0.0,0.0021785912175079553,0.0,0.0018330949017218922,0.0005038656703843636,0.0,0.002327138431827461,0.0,0.0,0.0,0.04751333785894354,0.0,0.0674090449558348,0.0,0.0,0.0,0.0,0.0015325576610263957,0.0,0.0022866347605746988,0.0,0.0,0.0001374087047249963,0.0,0.005479134128717427,0.00244662426202311,0.0,0.0,0.004412773723810326,0.0,0.0,0.0,0.0
CSM7KOLY,0.00295940351372302,0.0,0.0,0.24209458617566837,0.0,0.0,0.0004403275191313499,0.0,0.0,0.0,0.0,0.0,0.0,0.3867867121936804,0.0,0.037508960035974995,0.0,0.0,2.4155109620919765e-06,1.6707284154469507e-05,0.0,0.0,0.0017990524353080869,0.0,4.9316682142711186e-05,0.0,0.0,0.0001449306577255186,0.0,0.0,6.763430693857534e-05,0.0004599535456983472,5.2738656005674826e-05,9.158812397932078e-05,6.843947725927267e-06,3.019388702614971e-05,0.0,8.675710205513683e-05,1.8518917376038488e-05,0.0,0.0,0.00013697960080863252,0.0,0.0049457586948833225,7.840345997790207e-05,9.662043848367906e-06,0.0,0.0,0.0,0.0,0.004440816257516012,0.0,0.0,0.13510959273881298,0.0,0.0,0.04305024282930408,0.000842510094319664,0.0006371916625418461,0.0004909526030451942,0.0005178251624984675,0.0,0.0,0.0030978928088829603,1.5700821253597847e-05,0.0,0.0004070135971124981,0.0,0.0,0.005905823656024795,0.0,0.0,5.2235424555239e-05,0.0,0.0,0.0,0.014299724249294415,0.08470884940557293,0.014100142656051565,0.0,0.0,0.004124082382611701,0.00022897030994830197,0.0,9.571462187289457e-05,0.0022003291938856163,0.0,6.914400128988283e-05,0.007817801228810683,0.0,0.0,0.0,0.0
CSM7KOMP,0.0008604782926171569,0.06308987453378134,5.8108254921455384e-05,0.0,0.03312029858769888,0.0024985467525817594,3.39776388181322e-05,0.0,0.0,0.004794093344581303,0.0,0.0,0.0,0.019958616534428004,0.0,0.011571117362227167,0.2593792350313352,0.020210851808584264,0.037471167701072956,0.014762959439355976,0.008566585134761375,0.0,0.025204590833482303,0.00020419046003125943,0.00010939934027111992,0.0,0.0,0.0036910103824410487,0.0,0.0,8.35373795146435e-05,7.574632857545394e-05,0.00014088817115034434,0.0005524071533967034,7.466423816723317e-05,0.00012584711447607562,0.0006488214087691742,0.0,0.0012152957374727475,0.0023323376658790492,0.0,0.0,0.0021068300248058406,0.019338145894354217,0.001235530828106476,0.0029165582772774433,0.0,0.0,0.00997557505530564,0.002641166268385257,0.09434616418427913,0.0008614521739845556,0.0003331756366911753,0.004648335766593965,0.0,0.0,0.13401040451569313,0.00018785089486712578,0.03679897313948621,0.0,6.708960530968778e-06,0.06440948378660658,0.0,0.001547497492796524,0.001578228860389994,0.0008288812526971104,0.00040329509514388124,0.0,0.002322815270286706,0.004743884349639858,0.0,0.0,0.0,0.003280357072521266,0.0007191572853035242,0.0,0.013687902618788638,0.027397555254782515,0.001639908013658578,0.0,0.0,8.970529484150189e-05,0.00020970912111318535,0.006327631871111778,0.0095920822146322,0.010157366243886731,0.002510449747072188,0.0010408627636675593,0.01900356354013235,0.0026588043420392553,0.001429225011177994,0.0015732512445121784,0.0026068640024446586
CSM7KOMT,0.0007010437346806934,0.04564369478893317,0.0,0.0,0.023180809136089126,0.002133472017917319,0.0,0.0,0.0,0.0,0.0,0.0,0.0,0.018176391022153175,0.0,0.009331295940559354,0.1409875657148376,0.018013683066054623,0.020184867433612644,0.010125178292344212,0.0150680601077163,0.0,0.08978819013733386,0.00011708990143402011,0.0001742460120792763,0.0,0.0,0.0028165676655168854,0.0,0.0,8.771059222384172e-05,4.1131032894249766e-05,0.00033941114676631565,0.0002549055700926752,0.0,0.00010704751937672276,0.00037573465633526345,0.0,0.0011309431538143585,0.005776292692276095,0.0,0.0,0.0020216169752152943,0.019869921238879533,0.001365763959792439,0.0021023833670803663,0.0,0.0,0.005637622352804052,0.0020695853746166403,0.11652475035866795,0.006195508726242422,0.0003524448766704675,0.06452070221036035,0.0,0.0,0.19899834717348075,9.155661088408324e-05,0.0021474672524865314,0.0,7.745454246319762e-05,0.07093586133564322,0.0,0.0017303878955536713,0.0028955178819035105,0.001039279709078602,0.00042423722499497615,0.0,0.0,0.0021900939593042087,0.0,0.0,0.0,0.0020632821773679108,0.0,0.0,0.009056198772500412,0.006890676599081079,0.0011560491089576018,0.0,0.0,0.0,0.0,0.00503059240759593,0.013413737914554072,0.014728221625543292,0.003366548333931425,0.0027699881061872935,0.024075542643853653,0.0025054674894440143,0.002383676898536366,0.0010638514949634784,0.005750332066319464
CSM7KONU,0.0,0.0,0.0,0.0,0.0,0.0,0.0,0.001328211500388505,0.0,0.024011164431143144,0.0,0.0,0.0,0.11227588931974807,0.0,0.03394651116100114,0.030024531381554906,0.0,0.04176554603132645,0.014975393158378788,0.00010232842324590789,0.0,0.0,0.0,0.0,0.0,0.0,0.0,0.0,0.0,0.0,0.0,0.0,0.00026102322935241085,0.0,0.0,0.0,0.014561849128344767,0.0,0.0,0.0,0.0,0.0,0.0,0.0,0.0,0.0018640923045824382,0.0,0.0,0.0,0.0,0.0,0.0,0.18461991221936286,0.0,0.0,0.06126465583121092,0.0008109670459030443,0.054505720559026465,0.0,0.0,0.0,0.0,0.0,0.0,0.0,0.0,0.0,0.0,0.06681645870939505,0.03525677231228394,0.0,0.0,0.0,0.0,0.3056807252581306,0.0,0.0,0.0,0.0025770755977237584,0.004818125233526038,0.0,0.0003257359528799906,0.0,0.0,0.004263608079623633,0.0,0.0,0.0039437031318671515,0.0,0.0,0.0,0.0
CSM7KOP6,0.0,0.0014399280639009117,0.07291793928805863,0.1062987192971132,0.010902759180909417,1.5969420904128306e-05,0.000321621903523703,0.0,0.07265170782347513,0.00017588697848952504,0.0,0.0,0.0,0.032013328547718524,0.13297502270896322,0.029832330014448415,0.06137260634573416,0.004203977971579791,0.23913705269707883,0.03411012467985778,0.0006371017220842797,0.0,0.0,0.0,0.0,0.0011696763255233558,0.00011044585506421605,0.0007822782757581733,0.0,0.0027948720067665672,0.0,0.0,0.0,0.0,0.0,0.0,3.193884180825661e-05,0.0012685080562936603,0.0,0.0008692725336904527,0.0,0.001019697778151018,0.0008089684267797584,0.0,0.0005970106584158736,0.0003299974739279661,0.0,0.0,0.0014385879726362297,0.0008041664330813142,0.0053363550902361615,0.0005631733539826506,0.0,0.005675063157384561,0.012030669328683513,0.0,0.04479355559044756,0.00027650549761273907,0.0,0.0,7.70552477192205e-06,0.0,0.0,0.0010596771675473672,0.0,2.3116574315766148e-05,0.0003573576705818922,0.0,0.0,0.0025423764776460493,0.0043204542373350766,0.030187007502500945,0.04190889746894729,2.56850825730735e-05,0.0,0.0,0.0,0.0,0.0004282708333379864,0.0005450821219094424,0.00034719531182471965,0.015224330160965062,0.0,0.0,0.001951954601281529,0.004975200494404337,0.0,0.0,0.016388869469973803,0.0,0.0,0.0,0.0
CSM7KOP8,0.0009154397795159017,0.0006812326396631184,0.02587208204907079,0.06043260732328298,0.005555307802188438,6.865798346369262e-05,0.0,0.0,0.04154888132938113,0.0002076850527826964,0.0,0.0,0.0,0.0,0.07737551542949155,0.038660219660630664,0.15170740747989167,0.0019594261262021436,0.24216269653481454,0.028385477574559427,0.0018909820305374034,0.0,0.0,0.0,0.0,0.00023837795193235335,0.0,0.0006278676338245163,0.0,0.0,0.0,0.0,0.0,1.5292977625090414e-05,0.0,0.0,0.0,0.00012544519408553187,0.0,0.00035173848537707955,0.0,0.0,0.0009495548834487956,0.0,0.00017463938784456395,0.00038350082352149806,0.0,0.0,5.015668885431751e-05,0.00020672255768741099,0.010892663937244468,0.00011464386023844002,9.411063153901793e-06,0.019044569618713994,0.15034708107855493,0.0,0.0720857493297024,0.0,0.0002066156137879348,0.0,1.4009650831376531e-05,0.0,0.0,6.630521767521717e-06,0.0,0.0,0.0001854407216916558,0.0,0.0,0.0011985202814292885,0.0011123234984515061,0.027474636382720997,0.009599498304778782,9.304119254425636e-06,0.0,0.0,0.002108078146474002,0.007727766176147085,0.0010034546087847786,0.0,0.0001898254215701782,0.00998802549157566,8.715927807306774e-05,9.261341694635174e-05,0.00016234083940480594,0.002519170496060348,0.0,0.0,0.003262109765721209,0.0,0.0,0.0,1.1442997243948769e-05
CSM7KOPE,0.0,0.0015429008613554672,0.022844399204133996,0.06915772075611212,0.007095897698112873,0.0,0.0,0.0,0.1303934640431786,5.4826558089921587e-05,0.0,0.0,0.0,0.0,0.1020740347863335,0.23644577699422395,0.009579659110287235,0.001476504190287337,0.15113065642115628,0.042120601861499685,0.005013671797704988,0.0,0.0,0.0,0.0,0.0006040124888851314,0.0,0.0005515525448134798,0.0,0.0002651922486028102,0.0,5.469507953335103e-05,0.0,0.00028307333229640573,1.4857076892472756e-05,0.0,0.0,0.0009566379776073608,0.0,0.0,0.0,2.6032754200969964e-05,0.00022390798183965577,0.0,0.0,0.00023731879460985242,3.484181749119717e-05,0.0,0.0,0.0,0.0013952504423267336,0.0,0.0,0.07257169295602316,0.018236733189118882,0.0,0.054487343413969554,1.6434819571319423e-05,0.0,0.0,0.0,0.00010005518155019265,0.0,0.0006353043853489235,0.0,0.0,0.00018420145775534805,0.0011128345028131807,0.0,0.002256566466420442,0.0008317333488653332,0.022704374541386352,0.006281782475827994,0.0,0.0,0.0,0.011924973602392802,0.0005065868784663499,0.000585474012408683,0.0,0.0003829970352900278,0.01513962431054288,0.0003031895514517007,0.0005673299716019465,0.000230350431111613,0.001544084168364602,0.0,0.0,0.005818846478143069,0.0,0.0,0.0,0.0
CSM7KOPG,0.0,0.0,0.0,0.0,0.0,0.0,0.0,0.047055996798250316,0.04801305904796264,0.25225757174343166,0.0,0.0,0.0,0.0,0.0,0.05687393754816516,0.0,0.015813873336012196,0.35129358418000667,9.059276659035402e-06,0.0018903690628520537,0.0,0.0,0.0,0.0002783211106914765,0.0,0.0,0.0,0.0,0.0,9.220330466307142e-05,0.0007433639791886271,0.0,0.005063431041993975,0.0,0.00012461538337650918,0.0003117397757003626,0.0011543531636201997,0.00046182179235171577,0.0,0.0,0.0,0.0,0.017368344552073128,0.0,0.0004898048913651807,0.0,1.6105380727174047e-05,0.0012844041129921303,0.0,0.0,0.0,0.0,0.005454993110923395,0.0,0.0,0.030216814661694402,1.5904063468084374e-05,0.0,0.0,0.0,0.0,0.0,0.0014893450827454199,0.0004902075258833601,0.0,0.0018533266871795535,0.0,0.0,0.0,0.06492703054627036,0.0,0.08016664640072925,0.0,0.0,0.0,0.0,0.001534641466040597,0.0,0.001534037514263328,0.0,0.0,9.35118668471543e-05,0.0,0.0031010910590173624,0.0034597377560856195,0.0,0.0,0.0050667527767689555,0.0,0.0,0.0,0.0
CSM7KOPI,0.0,0.0,0.0,0.0,0.0,0.0,0.0,0.0506294344920949,0.02406057536945614,0.19563687968656254,0.0,0.0,0.0,0.0,0.0,0.056914677216498,0.0,0.02901508701649609,0.3570052465865505,0.00013728727387201907,0.0031747053478170563,0.0,0.0,0.0,0.0001571008950828526,0.0,0.0,0.0,0.0,0.0,0.00021784925656175334,0.0008108498182829433,0.0,0.0026996813225441283,1.2873824949171017e-05,0.00010439867419718373,0.0006066790007296843,0.00877391400988971,0.0002057800456719055,0.0,1.7802086062525548e-05,0.0,0.0,0.027057561586920187,0.0,0.0012982447847179647,0.0,1.3276131978832613e-05,5.169645331151487e-05,0.0,0.0,0.0,0.0,0.004710713587065023,0.0,0.0,0.057733673752131585,0.0002329357701740631,0.0,0.00014191380471312737,0.0,0.0,0.0,0.0076921104071296835,0.00019250391369307287,0.0,0.004350749372275312,0.0,0.0,0.007327720815013694,0.06763927743645937,0.0,0.055466371909716254,0.0,0.00024178652482661816,0.0,0.0,0.010858870191110924,0.0,0.009683027320167499,0.0,0.0,0.0001280342121898024,0.0,0.0023877927977989776,0.005646882045087553,0.0,0.0,0.006964035260199613,0.0,0.0,0.0,0.0
CSM7KOPK,0.0,0.0,0.0,0.0,0.0,0.0,0.0,0.05705840994598638,0.028122858808598737,0.2107932176316989,0.0,0.0,0.0,0.0,0.0,0.0450472325261736,0.0,0.03259327720471287,0.37859393236539557,1.8928221031146384e-05,0.0018061186390364839,0.0,0.0,0.0,0.0003479332672338144,0.0,0.0,0.0,0.0,0.0,0.0003053956522283349,0.0015241288515240826,0.0,0.0022379059607308604,1.058352143677002e-05,1.4755871233958202e-05,0.00043585790686236536,0.005047016785159704,0.0006790753706496764,0.0,0.0,0.0,0.0,0.020315374691767654,0.0,0.0008826046290490999,0.0,0.00018185339237988487,0.0,0.0,0.0,0.0,0.0,0.004608716527196546,0.0,0.0,0.027958712461699602,7.63234718997838e-05,0.0,0.00018164986312148545,0.0,0.0,0.0,0.0026606362304264636,0.0011100485753104557,0.0,0.004743452896256963,0.004826696362942327,0.0,0.00016923457835912062,0.05018726218242184,0.0,0.08544402502717878,0.0,0.0003010197731727473,0.0,0.0,0.0015990276186150707,0.0,0.007637333656809167,0.0,0.0,0.0,0.0,0.0015405129568252364,0.004121263953329926,0.0,0.0,0.016817622621544362,0.0,0.0,0.0,0.0
CSM7KOPM,0.0,0.0,8.150652087212775e-05,0.00010784093732098476,0.0,0.0,0.0,0.06329802418781103,0.01648113920082155,0.09377745775954592,0.0,0.0,0.0,0.0,0.00033123288826166907,0.033218112751555,7.389657543443525e-05,0.03159459097093991,0.49934959999222966,5.407066495202578e-05,0.0014664164596711437,0.0,0.0,0.0,0.0006548558310856456,0.0,0.0,0.0,0.0,0.0,0.0003062001730061016,0.001545519839878737,0.0,0.00315702591717115,3.564658652392811e-05,6.168061038971831e-05,0.0005984821563301077,0.0008735416315582831,0.0005786562458476982,0.0,0.0,0.0,0.0,0.020964198110510618,0.0,0.0027679173912386087,0.0,6.328270416607462e-05,0.0,0.0,0.0,0.0,0.0,0.012740951149056698,0.0,0.0,0.0546552289186738,0.0,0.0,0.00019715766535284955,0.0,0.0019674712882265825,0.0,0.004904309442009761,0.0005902714257262814,0.0,0.00161491052656717,0.0,0.0,0.006356507319415742,0.0630411885292889,0.0,0.058097227266314326,0.0,0.0,0.0,0.0,0.0026387485805198807,0.0,0.00910630102480932,0.0,0.0,4.8162944151711854e-05,0.0,0.0023308461828764004,0.0036782070487920648,0.0,0.0,0.006591614581096032,0.0,0.0,0.0,0.0
CSM7KOPO,6.482597421569701e-05,0.0,0.0,0.0006233032638204107,0.0,0.0,0.0,0.08296984121187036,0.04174772449671102,0.06746628846442586,0.0,0.0,0.00029470963238904514,0.0006031148931335192,0.0,0.043915996088122744,0.00036186893588011147,0.03795981804089616,0.40641929318383796,0.0005325063202788633,0.00429018094461285,0.0,0.0,0.0,4.7072381903103935e-05,0.0,0.0,0.0,0.0,0.0,0.0004090427668821445,0.0023935900401332636,0.0,0.008982709015578523,4.5246298122380074e-05,5.356512423456655e-05,0.0011456646742063637,0.00934295476587577,0.0012778528501109854,0.0,0.0,0.0,0.0,0.02395091486797414,0.0,0.003832949855739381,0.0,0.0001137244398995248,0.0001439562713803976,0.00045865137625847606,0.0,0.0,0.0,0.009771374310653372,0.0,0.0,0.045902369445154585,0.0003340718827735372,0.0,0.00035618778634008175,4.311586704486891e-05,0.0,0.0,0.005230715540784567,0.0015091567956693407,0.0,0.007799913971164108,0.0,0.0,0.014981191337058544,0.05749090001582606,0.0,0.0848007945493428,0.0,0.0,0.0,0.0,0.005412309427867662,0.0,0.003409501316809304,0.0,0.0,0.00017794171952164722,0.0,0.002083561593805924,0.005909815809015984,0.0,0.0,0.015305524106334888,0.0,0.0,0.0,3.4188346339107816e-05
CSM7KORM,0.0,0.0,0.014540153250415185,0.0,0.0,0.003847212134071141,0.0,0.04934584900760987,0.0,0.0011110474417567373,0.009820498882086593,0.0,0.09541689058490282,8.982541346792691e-06,0.0,0.11563628141372811,0.09300151619103078,0.01368567609885132,0.052488912498173806,0.10330645282023405,0.0018888116252669595,0.0,0.0,0.0,0.0,0.0,0.0,0.003191796358560336,0.0,0.001972338935031963,0.0006134972492257721,0.00011501782827962135,0.0003191383368153587,0.00042641259496843464,0.0,0.0,0.00030994930026519146,0.0,0.00027918151496238435,0.0,0.0,0.0,0.0,0.0,0.003248892282293398,0.0002821756954113152,0.0,5.141730564026161e-05,0.0009921062046129997,0.0,0.044948327156545564,0.00029694010245259517,0.0,0.005014942509154191,0.0,0.0019442555873730248,0.22669559664465946,0.0003640510435493222,0.0010190538286533777,0.0,0.0,0.0004859864611419908,0.0,0.0005741599129829213,0.0,0.0019289749423233085,0.004416829152579823,0.0,0.0,0.03372169918708001,0.032444423106606765,0.03538130113660122,0.0,0.0008998028487045782,0.0002300356565592427,0.0,0.0033173454422120597,0.0022864181393646454,6.45297510545452e-05,0.0,0.0017785431866649529,0.0,0.0002502721864899481,0.0016554720454537244,0.00047597144377832534,0.0017690444073097237,5.5134219301003414e-05,0.0,0.02577091112394823,0.0022817719972887183,8.259808134981786e-05,0.0028331141902987523,0.0011122864129769845
CSM7KORO,0.0,0.0,0.0041453331677035864,0.0,0.0,0.0015658334388917003,0.0,0.03910014500761958,0.0,0.0,0.0,0.0,0.09727269815957201,0.0,0.0,0.09030870161984668,0.11945127599158062,0.005729626572233234,0.036024062004270885,0.11284138442807048,0.0004001019071694223,0.0,0.0,0.0,0.0,0.0,0.0,0.0,0.000449668444738716,0.0,0.00015879649999051503,0.0,0.0,0.0,0.0,0.0,0.0,0.0,0.0,0.0,0.0003654257286230028,0.0,0.0,0.0,0.00705792818808196,0.0007489034678422299,0.0,0.0,0.0,0.0015196325304166179,0.016074244553953173,0.001071595905844792,0.0,0.00954482212242282,0.0,0.0,0.22007950635808132,0.0,0.017823657761620038,0.0,0.0,0.0,0.0,0.00013370726492457623,0.0,0.00015889848875094568,7.383986255178734e-05,0.0,0.0,0.0026107082895036634,0.012461088738176699,0.10604485343297226,0.0,0.0,0.0,0.0,0.009711369768206064,0.052770718455743305,0.0019251398418888644,0.0,0.0,0.0,0.0,0.011599895645100328,0.0015304433390222662,0.010245994850383508,0.000868842250108669,0.0,0.0017231001074757557,0.0031563481578076166,0.0003146353259285414,0.0023440076809775256,0.0005930646419042035
CSM7KORS,0.0,0.0,0.0,0.0,0.0,0.0013475705566361276,0.0,0.1082459939841179,0.0,0.0,0.0,0.0,0.0968174578413483,0.0,0.0,0.15830006079859352,0.12143724392667002,0.04941338366746917,0.0,0.11901987727308898,0.0032342908116379412,0.0,0.0,0.0,0.0003777894619415586,0.0,0.0,0.004616481945976109,0.00011428839832047686,0.002626811025702439,0.0,0.0,0.0,0.0,0.0,0.0,0.0,0.0,0.0,0.0,0.0,0.0,0.0,0.0,0.0010770846396190204,0.0004845868580691964,0.001202812000747481,0.0,0.0,0.0,0.020275004813475064,0.0003772833131447451,0.0,0.027256315167922974,0.0,0.002816920513785571,0.10305391962640555,0.002689067327710494,0.0,0.0,0.0,0.0,0.0,0.0,0.0,0.0007437350420376825,0.005238943736297289,0.00029731180324822014,0.0,0.016237962010090996,0.08353064700595782,0.04196621396043416,0.0,0.0006003937027801137,0.0,0.0,0.0,0.0,0.0,0.0003709058383048957,0.0035150009343506805,0.0,0.0,0.0004265822059543751,0.0006693311689061055,0.0023528832968670007,0.0016314188018891097,0.00034944512932000543,0.013621982568640362,0.0003981366435734593,0.0004126124991623239,0.0010435775892699698,0.00180867211053318
CSM7KORU,0.0,0.0,0.0,0.0,0.0,0.00024384328322638182,0.0,0.06533524889124058,0.0,0.0008842580295435706,0.0,0.0001343646733498458,0.10763724187357139,0.00012513274657748895,0.0,0.1332618594886697,0.11628615240084787,0.08627034874707201,0.004175239229828516,0.12492402475480958,0.003334732505423507,0.0,0.0,0.0,0.00043390055830077164,0.0,0.0,0.00215093859092901,0.0005092611779316411,0.0001284441985719213,0.0,0.0,0.0,0.0,0.0,0.0,0.0,0.0,0.0,0.0,0.0,0.0,0.0,0.0,0.0007596270181167532,0.0,0.0009785842378698254,0.0,0.0,0.0,0.010939130796031918,0.0006146255595726703,0.0,0.00963803120331041,0.00013346155007863697,0.0,0.170013959275362,0.006506300739848619,0.0,0.0,0.0,0.0,0.0,0.0,0.0,2.5387798623981317e-05,0.009612543057656294,0.0,0.0,0.022834568789243847,0.07217149066617083,0.028189788746421755,0.0,0.00013707404316347228,0.0,0.0,0.0011658317961004542,0.0,0.0,0.0,0.0055548102001150585,0.0,0.0,2.9602373889622485e-05,0.00043259604690902554,0.0030584771314637414,0.0001478111753878438,9.532967862759784e-06,0.009295245748371594,6.241585274354299e-05,0.0,0.000848835527906158,0.0010052765478855527
CSM7KOS7,0.1492821767369795,0.0,0.0,0.35561910455630197,0.0,0.0,0.0,0.0,0.0,0.0,0.0,0.0,0.0,0.15450202376465802,0.0,0.010045324239777265,0.0,0.0,1.3934958945829782e-05,2.305030803069588e-05,0.0,0.0,0.0009760757709725583,0.0,4.955816226599614e-05,0.0,0.0,0.000636083727519794,0.0,0.0,0.0002927389119898377,0.0007973311096072529,0.00017560143754293773,0.00043627946654462566,0.0002776514376424731,2.462191994187969e-05,0.0001788494354927176,0.0013457188924829904,0.00021426309055805944,0.0,0.0,0.0003778155034485879,0.0,0.019699002791287525,0.0004068379367417823,0.0010372638613813147,0.0003492121666650426,6.506473312300974e-05,0.00039499846034419763,0.0005276425056481112,0.009581908274232866,0.0,0.0,0.06559750956090105,0.0,0.0,0.03893217981210017,0.012168676705914004,7.124640664033273e-06,0.0025385723330715025,0.0031085435861941645,0.0,6.81031828179651e-05,0.001565430237666487,0.0001842976901181548,0.0,0.006279742100580856,0.002338872846223746,0.0,0.09830966852504534,0.0,0.0,0.0,2.9965400439904646e-05,7.973311096072531e-05,0.0,0.008696776445854145,0.0036420534429773615,0.00014196894264360417,0.0,5.5949384038143635e-05,0.018723555665079442,0.0004138578032784033,0.0,9.083916846642423e-05,0.004524356369915953,0.0,0.0,0.025172088884921437,0.0,0.0,0.0,0.0
CSM7KOSH,0.0205905496608673,0.0,0.0,0.3219214711882759,0.0,0.0,0.000524489760395311,0.0,0.0,0.0,0.0,0.0,0.0,0.3389576348722968,0.0,0.06428785934751194,0.0,0.0,7.852841157930939e-05,6.122215017393292e-05,0.0,0.0,0.0017107189381118087,0.0,0.0003582296074719833,0.0,0.0,5.171871182994007e-05,0.00010243706172893352,0.0,0.0,0.0,0.0,1.0803908854223458e-05,0.0,0.0,0.0,0.0006508354722738687,0.0,0.0,0.0,0.00011104017433507443,0.0,0.0082977021086229,0.0001653598271854757,0.0,8.953239281972217e-05,0.0,0.0,7.172595044887239e-05,0.004152202266780121,0.0,0.0,0.004931584247180629,0.0,0.0,0.13745673184558174,0.0029361623035214137,0.0,3.1311328438629096e-05,0.00021167658458830403,0.0004858757898607716,0.0,0.004653783738956754,0.0,5.2018820409224055e-06,0.0016945130748304736,0.00046636873220731257,0.0,0.019435731847782526,0.0,0.0,0.00010343742365988015,0.0,0.0,0.0,0.013086534708257446,0.009369289809052914,0.0029765769255316573,0.0,0.0,0.020283438548066687,0.00015295533924173765,0.0,1.1804270785170075e-05,0.0008788179563366026,0.0,0.0,0.018588225219884555,0.0,0.0,0.0,4.591661263044969e-05
CSM7KOU9,0.0,0.000996009658982819,0.056839542540489875,0.07085288724923233,0.008509498505518668,0.000328307378804625,0.0,0.0,0.047598034123893136,0.0014910967193771379,0.0,0.0,0.0,0.00027870530415408616,0.10011601049930031,0.042502675594262025,0.04892550235230544,0.0020022898651873965,0.37307529361510416,0.016238318711419796,0.0009345030864161508,0.0,0.0,0.0,0.0,0.0023063214051042284,0.0004594902774098146,0.002406692662044142,0.0,5.952248958064655e-06,0.0,3.489651840120258e-05,0.0,0.0002670342277657241,5.4153794442e-05,0.0,0.0,0.00041315610414801717,0.0,0.00026388303714086636,0.0,0.0003161694593607284,0.004457300783479358,0.0,0.0007318932003141853,0.0006214848176802801,0.0,0.0,0.0,9.628638020398706e-05,0.013179796433085632,0.0009782696228725085,5.357024062258189e-05,0.020851661786211555,3.2912435415181035e-05,0.0,0.07039001235966988,0.0003062490444306206,0.0,0.0,0.00010935798575895258,0.0,0.0,0.001194768089876625,0.0,9.056755277368964e-05,0.0010000945357187456,0.0018742581572070644,0.0,0.00676152139483368,0.002858830161329288,0.004880494013321366,0.05080501249388727,8.158082395465086e-05,0.0,0.0,0.001202471000292944,0.0008460363273923664,0.0,0.004455900254312754,0.0015060356971542412,0.005727230605297034,2.450926041556034e-05,0.00040335239998179307,0.0024575785550974005,0.005432769348018659,0.0,0.0,0.019371769300167246,0.0,0.0,0.0,0.0
CSM7KOUB,0.0,0.0012721803952441195,0.07528834700698553,0.08721510495568355,0.007891832736416996,0.0,0.0,0.0,0.04885394839387893,0.00017492079974900258,0.0,0.0,0.0,0.044267883836357005,0.1192398142806708,0.01609132531659277,0.05010850856204211,0.0029828374716661414,0.28563349201504706,0.02531738300542981,0.0008109576027435443,0.0,0.0,0.0,0.0,0.0022270899137762203,0.0006396676376657664,0.0006491718813639723,0.0,0.007765821415474491,0.0,0.0,0.0,0.0001648826097756166,0.0,0.0,0.002308997272388848,0.0008576245071942855,0.0,0.0023353742183827454,0.0,0.00011682744500940709,0.0,0.0,0.0,0.0,0.000713565802150693,6.642291663240512e-05,0.003109382738883827,1.8154173356123587e-05,0.0002858748357314285,0.00018047384101087566,0.0,0.0005337326966700335,0.010599153930090203,0.0,0.013854731159118342,0.00020396747711880033,0.0,0.0,0.0,0.0,0.0,0.0006759759843780136,0.0006943437362442092,0.0,0.00046122279250057516,0.0,0.0,0.0022788827024686903,0.003162563787891765,0.009797166624769683,0.052587834696213406,1.0785714758638131e-05,0.0,0.0,0.000414876255814942,0.0017515573611008182,0.00022126733643463572,0.0005391789486768705,1.7620227080943483e-05,0.08635128667169717,8.073267680723195e-05,0.0,0.0009043982009000628,0.0076682160363715675,0.0,0.0,0.020602637395589478,0.0,0.0,0.0,0.0
CSM7KOUL,0.0,0.0,0.0,0.0,0.0,5.92752651038591e-05,0.0002621751996302668,0.03198246575474363,0.00018073439546049762,0.014440096477263976,0.46182051088658954,0.00018494685084858916,0.056319826462885476,0.0,0.0,0.008097241924923617,0.0002119266246437467,0.04136129708321566,0.14762449611009837,0.05157439517164353,0.004007148336200478,0.0,0.006156202660025164,0.0,0.0002839395524687396,0.0,0.0,0.0004015874136647239,0.0,0.0,0.0,0.00012065675790176396,0.0,0.0,0.0,0.0,0.0,0.00018574922330346372,0.0,0.0,0.0,0.0,0.001391012947081932,0.0003477281626312682,4.162307109661849e-05,0.0,0.00015967211852004008,0.0,0.0,0.0003254623270084988,0.010685695464348988,0.0001477368282537808,0.002180146256451075,0.01055851943025137,0.0002408120330192313,0.0017645173248260462,0.06316015193724807,0.00026327846175571936,0.0016164796069016872,0.0,3.400053277531004e-05,0.0,0.0,0.0,0.0,0.00020520675533417212,0.00032676618224767,0.0,0.0,0.007744298341335663,0.023396177818573966,0.0003414094795491309,0.017481388970909187,0.0010667541787557453,0.0,0.0,0.001975942466685496,0.01178263890671939,0.003688104988830976,0.0,0.0,0.0,0.0,0.001211381813746887,0.00026979773795157523,0.0031917373289341933,0.0,0.0,0.007503586604873291,0.0,0.0,0.001340463482424834,0.00028283629034328713
CSM7KOUN,0.0,0.0,0.0,0.0,0.0,0.0003700290339741882,0.0,0.046424234220646565,0.0,0.015390195365288446,0.30087427266952504,0.00023426804240482527,0.10390535771916716,0.0,0.0,0.0020232605171087974,0.00030425725181595394,0.07588898847818959,0.11379020388047492,0.03507202462013533,0.004393655463104642,0.0,0.012310469321329601,0.00202888375344599,0.0009606696792485911,0.0,0.0,0.0007135485252158973,0.00021167468212146233,0.0,0.0,0.0003547659639160942,0.0,0.001839902846542483,0.00015604480835709322,0.0,5.824066206377996e-06,4.619086991265307e-05,0.0,0.0,0.0,8.605559894596452e-05,0.001938911972050909,0.0,0.00045287135501318555,0.0,0.0,0.0,0.0006641443773962771,0.0002837726051590382,0.00818341550956864,0.0005472613935303462,0.00041230372143772503,0.002930107791415688,7.450788146780125e-05,0.0021224704724864085,0.10687061073769029,0.00028778920254274716,0.0029470779153618586,0.00024591617481758125,0.0,0.0006033933419676789,0.0,0.0,0.0,0.0004954472872805005,0.00043740745508590603,0.0,0.0,0.011135112511921764,0.046491210982019915,0.0,0.07483613788898487,0.002223588311621282,0.0,0.0,0.0005766829693660143,0.0034711434590012856,0.000679809107192742,0.0,0.0,0.0,0.0,5.59311185681473e-05,0.0006982854551578031,0.0017431028495950972,0.0,0.0,0.009852713382238086,0.0,0.0,0.0011354920803745238,0.0002186033126083603
CSM9X1XU,0.0,0.0,0.0,0.0,0.0,0.0002359343434266026,0.0,0.0670257895958166,0.0,7.24458421348901e-05,9.288190479635415e-05,0.0,0.11771580814256528,0.0,0.0,0.16985126940135933,0.1526768023406649,0.03712180128360954,0.000378986782056851,0.12061466363109395,0.003250049225365937,0.0,0.0,0.0,0.00027006256807124754,0.0,0.0,0.0026970493697467193,0.0,0.0003626379319276798,0.0,0.0,0.0,0.0,0.0,0.0,0.0,0.0,0.0,0.0,0.0,0.0,0.0,0.0,0.00015071596212829747,2.728214365305452e-05,0.00032830534665642013,0.0,0.0,0.0,0.008565060402359511,2.401237362722027e-05,0.0,0.0026699715867202793,0.0,0.0021343423843633064,0.06801652991364437,0.0022572653012720126,0.0,0.0,0.0,0.0,0.0,0.00026842768305833045,0.0,0.0001347758332523555,0.007023261654865354,0.0,0.0,0.02979271395101538,0.11992494651626955,0.04973810674797769,0.0,0.00040882343354258855,0.0,0.0,0.0016650282053427845,0.0,0.0,0.0,0.007641963451941179,0.0,0.0,0.0,0.0,0.00172010339421543,0.0,0.0,0.015247039810778414,0.0010359040163096132,0.0016973171843478977,0.0017289930814731668,0.00543292725855022
CSM9X1Y3,0.0,0.0,0.01100791956306109,0.0,0.0,0.002416913314296177,0.0,0.03455660010111452,0.0,0.0,0.0,0.0,0.1148033824290684,0.0,0.0,0.0682977539656011,0.18697823457905205,0.008749923539318827,0.0,0.08385955581156097,0.0009141019293687717,0.0,0.0,0.0,0.0008216940945951895,0.0,0.0,0.0008709715550142535,0.0013908538010305135,0.00010429891929188388,0.0007913617518832503,0.000504363373000849,0.0,0.0014926334227549605,0.00020527236579475117,0.003009552874060012,0.0,0.0,0.0,0.0,0.0,0.0,0.0,0.0,0.0021788900801247473,0.0006021121186173974,0.0,0.0005390289075287797,0.0010450046309727883,0.0020428480114831594,0.040805667331190176,0.0035438455021620102,0.0,0.04981255922238756,0.0,0.010218774793037184,0.13430979963421813,0.0003557248165220774,0.000494286182731102,0.0,0.0002514258972301935,0.0,0.0,0.0022800650704330096,0.0,0.000942116518318669,0.00250569336057265,0.0028467054793008964,0.0,0.027670553674088143,0.10049175680797338,0.044784948224907965,0.0,0.0001462200308140324,0.0,0.0,0.014408467419587293,0.0,0.0,0.0,0.0020039500570419354,0.0,0.0,0.0010440976838485111,0.0004473264760740798,0.00987484028913071,0.0,0.0,0.017658562825386172,0.0005021463911415048,0.00045216352740355843,0.002926416054334597,0.0020386155915698657
CSM9X1Y5,0.0014509690628259934,0.0,0.0,0.2769378299661313,0.0,6.582224271396624e-06,0.00039637331784316546,0.0,0.0,0.0,0.0,0.0,0.0,0.26766717846888616,0.0,0.012966056189363183,0.0,0.0,3.4453830170591705e-05,9.56479464437322e-06,0.0,0.0,0.0037782995790359027,0.0,0.0002942459943822772,0.0,0.0,0.0004134459620471005,0.005675008641740536,0.0,0.0001745317904462511,0.0008557920025358017,0.0,0.0006318935300540758,0.00014552886475040973,0.00047895966299834497,0.0,0.0011718416148170803,7.826676047707549e-05,0.0,0.0,0.0006464978401562371,0.0,0.012833383231392846,0.00018635922468391693,0.0002514615366181991,0.0006603822194787144,7.384432854473087e-05,0.0,0.0,0.004979658355820028,0.0,0.0,0.07262342878964105,0.0,0.0,0.06794233601288141,0.005060599144907358,0.0002431309090247128,0.0018844702394500055,0.0017683556894123992,0.0,0.0,0.009139418400834211,6.623363173092853e-05,0.00013853525146205082,0.0020798800225070926,0.0,0.0,0.025060379051783276,0.0,0.0,0.00012948469308888047,3.7436400543568296e-05,0.0008197954635516014,0.0,0.06751408004622365,0.07456703620027938,0.021017864876603346,0.0,0.0,0.022114833690333287,0.00019746672814189873,0.0,0.00031625530678975965,0.005061216228432802,0.00014244344712319257,0.000283241338178536,0.028563253683962928,0.0,0.0,6.81877295614994e-05,0.0003622280294352955
CSM9X1ZO,0.11700257489994127,0.001299857804033095,0.06173775549979962,0.09191042203104156,0.007838895812630737,3.83215385713423e-05,0.0,0.0,0.08679751623724219,0.0,0.0,0.0,0.0,0.0,0.15571062297206043,0.07280729975898059,0.010374376176959863,0.002398225570019161,0.21747198629648137,0.044190882987542764,0.0007787288009970189,0.0,0.0,0.0,0.0,0.0001379136173226531,0.0,0.0002177410056933289,0.0,0.0,0.0,0.0,0.00026737233931581236,0.0,0.0,0.0,0.0,0.0013156695563376032,0.0,0.00015789791537418405,0.0,0.0,0.0008150738705302977,0.0,0.0001525175274372334,3.843134240679027e-05,0.0,0.0,0.00010332540915654185,0.00017469790219772378,0.008082550523489787,0.0,0.0,0.005805987603146979,0.01287131539504675,0.0,0.024355039721537478,6.302740154713606e-05,0.0,0.0,0.0,0.0,0.0,4.765486458441994e-05,0.0,0.0,0.00029339584831698177,0.0,0.0,0.0024498333726797085,0.001463026303508782,0.042500123529314884,0.00391285967618849,0.0,0.00024047039963105918,0.0,0.0015349478157272037,0.0025936763971165515,0.0003643291260163718,0.0,0.0003860702854350703,0.0026508841953849453,0.0,0.0011835755422936925,5.457250621764219e-05,0.0014992615692066126,0.0,0.0,0.013909291051536434,0.0,0.0,0.0,0.0
CSM9X1ZQ,0.016337516932895726,0.0010782504341185345,0.05973175565717817,0.061304014800941865,0.0061227759948360334,0.0,0.0,0.0,0.06358075059321955,1.977398561726655e-05,0.0,0.0,0.0,0.0,0.17133931250170462,0.04567086087296464,0.007071359086487321,0.0033022555980835137,0.3683416217395652,0.049633158473721045,0.0010617721127708125,0.0,0.0,0.0,0.0,0.00014944132808451444,0.0,0.00035536352313329025,0.0,1.8410262471248168e-05,0.0,0.0,0.0,0.0,0.0,0.0,0.0,0.00033729419144854666,0.0,0.0,0.0,0.0001845571990944878,0.0003599092669533515,0.0,0.00048480357840953507,0.00014273635594992405,0.0,0.0,0.00022592346785704542,0.0001735337703308392,0.0016377178547725762,0.0,0.0,0.004873832880274199,0.010008023237842407,0.0,0.023811628921840477,9.091487640122552e-05,0.0,0.0,0.0,0.00020001272808269614,0.0,3.193385033593046e-05,0.0,0.0,0.00038911567099724517,0.0015265744183720778,0.0,0.0019378505904921219,0.0027511978034965856,0.049071531824752476,0.03163780876964897,0.0,0.0,0.0,0.00019205767639758888,0.0013855427163546768,0.00020899057212731714,0.0,0.0003769558062785813,0.0035902284690843955,0.0,0.0003842289963906793,0.00027342649077668574,0.0018364805033047554,0.0,0.0,0.0067567936141390795,0.0,0.0,0.0,0.0
CSM9X1ZY,0.014748831742090443,0.0013133191413848121,0.026730854967078395,0.07149476018806283,0.007106907078182534,0.0,0.0,0.0,0.09308776613068234,0.00012371346626258964,0.0,0.0,0.0,0.0,0.14253287383274899,0.0720457742126817,0.031639690226083754,0.0037395991499561397,0.29482012292169996,0.05677527443099283,0.00047862726156847475,0.0,0.0,0.0,0.0,0.00018505232906999456,0.0,0.0009422938248912409,0.0,0.0,0.0,0.0,0.0,0.0,0.0,0.0,0.0,0.0,0.0,0.00022061275797710173,0.0,5.604507727430805e-05,0.0006130433811914559,0.0,0.0002894319699073609,0.00013372562585779458,0.003576642621372115,0.0,0.0,0.00030059495244454343,0.004357821234386495,0.0,0.0,0.012501734865585024,0.0,0.0,0.03139053705914561,0.0,0.0,0.0,0.0,0.0,0.0,3.694141643748026e-05,0.0,0.0,0.00028954705220155864,0.0,0.0,0.0016402679392006421,0.0029229751903288507,0.024305840863743242,0.07009156177490958,9.206583535820624e-06,0.0,0.0,0.00041935988005662947,0.007828127815919883,0.000604412209126624,0.0,2.9806314197219273e-05,0.012113562287255988,0.0,8.884353112066904e-05,0.00017722673306454703,0.0007371020943366388,0.0,0.0,0.007499567865985284,0.0,0.0,0.0,0.0
CSM9X211,0.0,0.0,0.0,0.0,0.0,0.0008588631176196963,0.0,0.09968557405287941,0.0,0.005505956655685193,0.2272373807547533,0.00013556752648732442,0.12025393964775626,0.0,0.0,0.006910516865053867,4.898573819541984e-05,0.02070514264576407,0.1226407344635331,0.04432715417555541,0.005071838189825783,0.0,0.0,0.0,0.0,0.0,0.0,0.0,0.0,0.0,0.00019574136538169819,0.0005153581880518141,0.0,0.001113871178595853,0.0,0.0,1.9251596698199974e-05,0.0,0.00030943665897106766,0.0,0.0,0.000570492341946659,0.006323897531108716,0.0,0.0029391442917251903,0.0,0.0,0.0,0.0,6.269368139413814e-05,0.038244355174824156,0.000930930613112958,0.016693251005039184,0.043663830835917426,0.0,0.0018557128105264908,0.12561011686525544,0.0005437820114491564,0.0006027463259436432,0.0014794499284616713,3.6285731996607282e-06,0.0,0.0,0.0,0.0,0.001888470763023428,0.0004542772058575251,0.0003483430271674299,0.0,0.0077500275922753725,0.02433936029262427,0.0,0.03324206463799186,0.0,0.0,0.0,0.0,8.265083399227214e-06,0.0045043696588788415,0.0,0.0,0.0,0.00018636755128257463,0.004866118248145018,0.006323796737408725,0.005839180627854036,0.0003296961926691734,8.20460717923287e-05,0.014449784830648946,0.0,0.0,0.00010170084329049098,0.00022678582497879553
CSM9X213,0.00037315501007458387,0.00035361022711338487,0.0009387509600748194,0.001875397097369202,0.0010515093233125058,0.0004170555994951231,0.0,0.07582002642655115,0.0,0.02315535586689782,0.2992276202462702,0.00012278132885881418,0.13323728659477457,0.00011987466882868715,0.0,0.012911885002105323,0.00699943781185831,0.04843066919232036,0.07609124787625886,0.05774982216753246,0.007504695508819357,0.0009576943650987506,0.0,0.0,0.0,0.0,0.0,0.0,0.0,0.0,0.0,0.0002986843755096051,0.0,0.00018151590739862245,0.0,0.0,5.612860747831505e-06,0.0,9.171013543331836e-05,0.0,0.0,0.0003882896881624866,0.0022866393768040706,0.0,0.0010561198874982245,0.0,0.0,0.0,0.0,0.00022722063063096472,0.013939740126551966,0.0017760695080638264,0.001758930236851698,0.032046127291462924,0.002864363115205871,0.002729453997945492,0.09856604437748212,0.00011376065979979926,0.00145844172753029,0.0006462808232503134,3.6082676236059676e-06,0.0,0.0,0.0,0.0,0.0011081390790718773,0.0003249445454369597,0.0012628936682620889,0.0,0.013442601031744033,0.01651433930565104,0.0004822048760324531,0.018822327599228108,0.0,0.0003458925435851165,0.0,0.0,0.011709630275851056,0.00641620144236489,0.0,0.0,0.0,7.036121866031637e-05,0.00707481051332919,0.0014470155467222045,0.0016712292876668309,6.855708484851339e-05,0.0,0.010820292536288396,0.0,0.0,0.00043970750179887167,0.00020236367589056804
CSM9X215,0.0,0.0,0.0,0.0,0.0,0.0003043748329040201,0.00016499477299760984,0.05430949537414292,0.0,0.0033069995405360843,0.42241263381686445,0.0002177250612751965,0.15720930102250735,0.0,2.2412873954799638e-05,0.009312248955800212,7.774465653071126e-05,0.049022958787527555,0.0891867288570555,0.0550315100994011,0.007851009619925685,0.0,0.0,0.0,0.0,0.0,0.0,0.0,0.0,0.0,0.0,0.0002908670740473328,0.00013988034727147275,4.182402371922432e-05,0.0,0.0,0.0,0.0,3.882229952884938e-05,0.0,0.0,2.1712471643712148e-05,0.00043745127201064296,0.0,0.0008697996128976485,0.0,0.0,0.0,0.0,0.0,0.013722682308718127,0.0006650820231140767,0.001424618300751952,0.005684665271732083,0.0,0.00015538925558841,0.04944099890977378,4.5225977801649275e-05,0.0054246158993726005,0.0002122219002595091,3.2118448837011984e-05,0.0,0.0,0.0,0.0,0.0006392671950768521,0.00010726161106939828,0.0020008492878309304,0.0,0.0034213652321893697,0.01090006099503555,0.0,0.019998186958589015,0.0,0.0,0.0,0.0,0.02021781311185145,0.002298920499935163,0.0,0.0,0.0,0.00035630466139750675,0.0006535754137176396,0.0010236880063908712,0.001765113881413484,0.00016389414079447237,0.0002663529931592707,0.005481048314151649,0.0007579353580696753,0.0001243714389545355,0.00216864567007289,0.0005772315618091031
CSM9X219,0.0,0.0,0.0,0.0,0.0,0.0004367367821703112,0.0,0.04775189340333955,0.0,0.007910991519826958,0.09981149935166246,0.00010286775447813114,0.12751591116517183,0.0,0.0,0.0031058843062607665,0.0,0.050537844956637636,0.1655258472277491,0.09502844955133717,0.003245848619371362,0.0,0.0,0.0,0.0,0.0,0.0,0.0,0.0,0.0,0.0,0.0,0.0,0.0,0.0,0.0,0.0,0.0,0.0,0.0,0.0,0.00016021702890453563,0.0015253703865792272,0.0,0.00044816653266788127,0.0,0.0,0.0,0.00024293232855800365,0.0,0.04477935618621711,9.133774301128409e-05,0.0015934475847182634,0.026695686201614183,0.0,0.003408572172507821,0.17704182215889738,0.00014317266412745738,0.002107385313231811,0.0016296417946272354,0.0,0.0,0.0,0.0,0.0,0.0010803119439589306,0.000585022755730892,0.002808510271385389,0.0,0.02835771228931787,0.015537141625938156,0.0,0.028447345595851443,0.0,0.0,0.0,0.0,0.027259152848950533,0.018957143548943546,0.0,0.0,0.0,0.0,0.004143485077307724,0.002037904461522898,0.001486569391469055,0.0,0.0,0.008402771574130304,0.0,0.0,0.0,5.604588182580439e-05
CSM9X21J,0.0,0.0,0.006932751090827127,0.0,0.0,0.00025183927418938307,0.0,0.01774137982046298,0.0,5.2052800997327686e-05,0.0,0.0,0.09790449865580417,0.00022435860468405014,0.0,0.1398776107262871,0.19570749936438425,0.017380319929152035,0.0,0.08825226452250585,0.0008299362779439047,0.0,0.0006261380281817278,0.001595985014008623,0.0009052573830479378,0.0,0.0,0.0027690284831121776,0.0002832314258505845,6.749814079229581e-05,0.00031051150652741135,0.0005738846383558941,0.0,0.00020018765084906754,3.1592740489707554e-05,0.0,7.742728780334678e-05,0.0,0.0,0.0,0.0,0.0,0.0,0.0,0.0007242259653212008,0.000863133729061661,0.0,0.0,0.00037490052047786296,0.0,0.060438517267438596,0.0016042091559773724,0.0,0.039489120312677886,0.0,0.003145132536561077,0.12282956619155537,5.175191775456856e-05,0.002189928535215125,0.0,0.0,0.000895629119279646,0.0,0.0005499142733494175,0.0,0.0001492380884085233,0.0008233168466032041,0.0012593969597754213,0.0,0.01063602204270637,0.058236051930441846,0.08634115445891419,0.0,0.0009228089055422197,0.002414387434313428,0.0,0.00525973996667217,0.0,0.0009657349148425207,0.0,0.002214300077878614,0.0,0.0,0.00022766832035440044,0.000984088792650827,0.005277191194752198,0.00030058235951636045,7.060726763414007e-05,0.008648989107525144,0.0014290951086915649,0.001127008332961409,0.002952767850023746,0.0040085671488654965
CSM9X21L,7.025591668408886e-05,0.0,0.0066390840469930015,0.00012189701783649606,0.0,0.000770913570110451,0.0,0.013498643570417695,0.0,2.8422621564503185e-05,0.0,0.0,0.04913130360453885,0.0011610240590485968,1.8114417264700974e-05,0.08741987748048673,0.211767545789694,0.006450533979994677,0.0003864075417624888,0.07556634325259473,0.0012958313521731946,0.0,0.0028225464647312795,0.0,0.002558836578032456,0.0,0.0,0.0008913093931460049,0.0,0.00010238148542424916,5.644492451542182e-05,0.0,6.635281020163948e-05,0.0001549233034572216,1.0308204299802212e-05,0.0,0.0,0.0,0.00043654744811395384,0.0,0.0,0.0,0.0,0.0,0.0014848818174384992,0.0004611670428494038,0.0011189906046222187,0.0,0.0007315822663257687,0.0013489736481265438,0.016626733216967383,0.0007408896740916096,0.0,0.03940776463987688,0.0,0.0,0.32272185432385636,0.0016043769235934882,0.0,0.0,0.0,0.00012099630095593082,0.0,0.00042153550010453315,0.0,0.00043184370440433543,0.003513296232471424,0.0010513367589264295,0.0,0.023714774589095457,0.06872369719059399,0.02924247408512435,0.0009540593358253834,5.013990635146513e-05,0.0,0.0,0.004389193358994424,0.00010728538844065991,0.0,0.0,6.985559807050431e-05,0.0001019811668106646,0.0,0.0003083454121135011,0.0013051387599390355,0.003709852671741439,2.8923019831483878e-05,8.546802400030184e-05,0.011724031156397375,0.00019365412932152698,0.00022037539677829585,0.0006364065159460415,0.0012222728069270332
CSM9X21N,0.0,0.0,0.010358980410403368,0.0,0.0,0.0006048920645722278,0.0,0.03812766340772914,0.0,0.0,0.0,0.0,0.11382487131522548,0.0012337311701105058,4.687505891226833e-06,0.1792502252805141,0.25665827093600624,0.02554446145193864,0.0,0.08091154869997627,0.0013917816404864364,0.0,0.00044745300800819616,0.00010220800888914159,0.00015937520030171232,0.0,0.0,0.0005224531022678255,0.0,0.000847521445594208,0.00036053034441653334,0.0,2.873644915926015e-05,0.0002874663938945847,2.42527478719997e-05,0.0,0.000453770950731154,0.0,0.0009157959879229466,0.0,0.0,0.0,0.0,0.0,0.0014457898605375282,0.00025679380099764387,0.0,0.0,0.0008483366640100736,0.0002590356516412741,0.015855284872470794,8.68207612896796e-05,0.0,0.03091878885853219,0.0,0.0,0.06789363152392547,0.0035511933218122585,0.0001085259516120995,0.0,0.0,0.00028063893966171085,0.0,2.669840311959631e-05,0.0,0.0002744228992407361,0.00622296977750957,0.0016413403780432738,0.0,0.009139515562570508,0.053454890551323034,0.06062320798433068,0.0,2.1807092624403088e-05,0.001319838615286303,0.0,0.006811047962254572,0.0,0.00018209941364396413,0.0,0.0027930401950573103,0.0,0.0004694639052365656,0.0003537028901836595,0.0007295185798976716,0.0023529241527919034,1.6813879827226685e-05,0.0,0.018749514053397413,2.4966063985882044e-05,3.342395505048698e-05,0.0006149803924685638,0.0005782955637546147
CSM9X22G,0.08524074014926968,0.00122112123626323,0.0901831434436204,0.136302681518356,0.009398742305856573,0.0008546049248815881,0.0,0.000443890727530942,0.02948831218957453,0.000144852104651597,0.0,8.322248248616599e-06,0.0,0.008026471047348197,0.08114833080441955,0.04051180477175224,0.021149194518832355,0.0018882506499226035,0.19618575617971923,0.03897792444928086,0.0006449742392677863,0.0,0.0049157496073923175,0.0,0.0017160700814275764,0.0007759934177764124,0.00010425302873604846,0.0006678041905443967,0.0003331148555730049,0.0010253234767923988,0.0,0.0,0.0,0.0,0.0,0.0,0.00021986480170331689,0.0005018090768287467,0.0,0.002969580608171909,0.0,0.00040486613101378043,6.635306036059179e-05,0.0,0.0012390028237163385,0.00030544900328706323,0.0,7.996106087522163e-05,0.0035165997362971947,0.00042297264409523003,0.0013816056720845258,0.000558265409542335,0.0004500761823103193,0.003404699236197552,0.013662657442316702,0.0,0.020019393087675568,0.00033727597969731324,0.0,0.0,0.0,0.0,0.0,0.0018386545488734154,6.19670106079425e-05,0.0003395252359807231,0.0011186676125539096,0.0,0.0,0.004810934264585416,0.003859948707959714,0.05086569375835882,0.033736932383307466,0.00015452390667025954,0.0,0.0,0.0005882929809258571,0.0030745084137929805,0.00022098942984502182,0.0008925048932570448,0.00013270612072118358,0.0688831362909854,0.0,0.0,0.001304568644377737,0.004829603091737719,0.0,0.0,0.022388984582247886,0.0,0.0,0.0,0.0
CSM9X22I,0.10454853482644269,0.0007837161688558156,0.056422688095482176,0.06942792155080942,0.005884852900841399,0.0006292336548025058,0.000507664560170884,0.0,0.03283329685521698,0.00011857696559328657,0.0,0.0,0.0,2.438031068273182e-06,0.06467342850889467,0.06897921301465314,0.016903534313902045,0.0011597270513399476,0.3155798496732208,0.01763527609316604,0.0016276073772603739,0.0,0.0017358781206105055,0.0,0.0003342318955414508,0.0005031209568163748,2.050162489229721e-05,0.0008556380853698744,0.0,0.0,0.0,0.0,0.0,0.0,0.0,0.0,2.7483259315079505e-05,0.0020948227856167254,0.0,0.0015288671189953099,0.0,0.0011447664061482715,0.001463594378121996,0.0,0.0024808074315619748,0.0006613713370661068,0.0,5.984258076670538e-06,3.102948632347686e-05,0.00012023925950347284,0.002360235713276465,0.0029925723167113184,0.0,0.004637578370231642,0.06495402372093412,0.0,0.05069974262149292,0.00022729098731946802,0.0,0.0,0.0,0.0,0.0,0.0002328319670200889,0.0,0.0002016916611025996,0.001339587252422101,0.0009815291441679806,0.0,0.004886257539195507,0.0013836934508390433,0.03399889734503958,0.010748946521234422,2.4491130276744236e-05,0.00015359595730121047,0.0,0.0011669303249507547,0.0004038266005812489,0.0,0.0,0.0014834310854502186,0.0214064668774086,0.0,1.640129991383777e-05,0.0015094736900431369,0.004205603592771239,0.0,0.0,0.019259004784635977,0.0,0.0,0.0,0.0
CSM9X22K,0.026689873483449627,0.0011750083695926464,0.06143650367186102,0.13144783835396479,0.010387073987198995,8.211675803895761e-05,0.0,0.0,0.02976234639375211,0.0,0.0,0.0,0.0,0.00042771375275832554,0.06497073613551686,0.058834676482991725,0.048302747249864816,0.0006468702113055828,0.26895111847414005,0.042018192234367015,0.0012760751487175175,0.0,0.0,0.0,0.0,0.00019624513361852586,0.0,0.00016787363312266695,0.0002935647334326229,0.0,0.0,0.0,0.0,0.0,0.0,0.0,7.10893446386804e-05,0.0,0.0,0.0010768322716503726,0.0,0.0,0.0009847587228713588,0.0,0.0001367185137102332,0.002818735339830086,0.0,0.0,0.0,0.0,0.0006092913559318224,6.88410370522161e-05,0.003005880180836733,0.033163928709806556,0.009953685934341499,0.0,0.027980402038080127,0.00022151182839974355,0.0,0.0,0.0,0.004485052448198191,0.0,0.00024035478721963477,0.0,0.0,0.0006365922337674603,0.0,0.0,0.002354834541156288,0.00207829270802118,0.13068769626520782,0.0,0.0,0.00031272887905058045,0.0,0.0007432262507254808,0.011146359577827792,0.0016805563897490455,0.0,0.0002518104496840004,0.002701609220801899,0.0,6.605741813564126e-05,0.00035544672319340196,0.005792282716328143,0.0,0.0,0.009162174601640047,4.175428374862252e-05,0.0,0.0,0.00010492102070166684
CSM9X22S,0.0,0.0,0.0,0.0,0.0,0.0008731785110517949,0.0,0.07424041234465013,0.0,0.003726964343557621,0.12501331309175628,0.00012253555008793403,0.16368364907862384,0.0,0.0,0.0194794453377728,4.2381469899587976e-05,0.04757294948078692,0.11241810131616005,0.0862187382805968,0.005689637189569509,0.0,0.0,0.0,0.0,0.0,0.0,0.0,0.0,0.0,0.0,4.989591491724542e-05,0.0,0.00012043150548298995,0.0,0.0,0.0,0.0,0.0002092021492915832,0.0,0.0,6.362230114949969e-05,0.0025914816050894634,0.0,0.0013533014513799878,0.0,0.0,0.0,0.0,0.00017463570221035898,0.03531458522718221,0.00044335225604178916,0.002063065831447792,0.022194664804153025,0.0,0.007594699290446025,0.15656696868390105,0.00012473978729311355,0.00403826275248911,0.0009867969197187754,1.4628119634373157e-05,0.0,0.0,0.0,0.0,0.0018255091762895816,0.0003480690932178928,0.0004853329555404354,0.0,0.01448193863062966,0.020701795060645078,0.0,0.045267417556769385,0.0,0.0,0.0,6.502499755279574e-05,0.0001113139788615656,0.023349685099667093,0.0,0.0,0.0,0.0009149588253499702,0.004419695981585402,0.002332684118681341,0.0021405147114297815,0.0001836530362315479,0.0,0.009371514863021187,0.0,0.0,0.0007022499350501469,0.00031300168313549135
CSM9X22U,0.0,0.0,0.0,0.0,0.0,0.0004694809362711162,0.0,0.05816118031311276,0.0,0.024894702132864908,0.2802821210047573,0.00014454807504807928,0.1301823588083633,0.0,0.0,0.0020673177603136657,2.6026661712258038e-05,0.025400720498078233,0.08168798116790842,0.06633335188567169,0.0025493115147156744,0.0,0.0,0.0,0.0,0.0,0.0,0.0,0.0,0.0,0.0,2.9430148243861012e-05,0.0,0.0,0.0,0.0,0.0,0.0,0.0,0.0,0.0,0.0,0.0011434713720735522,0.0,0.002097849036553045,0.0,0.0,0.0,0.0,0.0,0.024987096781943424,0.00044675765854541394,0.0024520118409298484,0.016312610638337912,0.0,0.0014044387070114624,0.21509734572095657,0.0,0.0007851042608047684,0.0008071268207151406,1.2412715585846142e-05,0.0,0.0,0.0,0.0,0.0006158308571300441,0.0001716758647558559,0.0003716807497600542,0.0,0.009266993107739568,0.009584718585719212,0.0,0.011945837315746251,0.0,0.0,0.0,0.0,0.0003509595229352949,0.01011756443300517,0.0,0.0,0.0,0.0006286439828960788,0.0026565213404611686,0.004038837385017212,0.002951023027989873,0.0,0.0,0.009502734601325597,0.0,0.0,0.0,2.222276500046648e-05
CSM9X23H,0.0,0.0,0.0,0.0,0.0,0.0,0.0003717878009367051,0.02155498571444155,0.0,0.006183586714475675,0.5584783180660149,0.00013390365481919553,0.1223627209823124,0.0,0.0,0.0401486790924855,9.337227948154667e-05,0.03835168804171309,0.07417621981175627,0.028008781597834886,0.009731633257304478,0.0,0.0,0.0,0.0,0.0,0.0,0.0,0.0,0.0,0.0,0.0,0.0,0.0,0.0,0.0,0.0,0.0,0.0,0.0,0.0,0.0,0.0,0.0,0.0006132747359731168,0.0,0.0,0.0,0.0,0.0,0.001446119441059324,2.5219522432314854e-05,0.00020605951066720747,0.0015836258847974217,0.0,4.573540377606305e-05,0.040222135955443106,6.084710174145806e-05,5.7744700172403456e-05,0.0,0.0,0.0,0.0,0.0,0.0,1.1008521696645374e-05,0.00013040094337026293,0.0,0.0,0.00926587271206641,0.012075547681460217,0.0,0.022793344327844182,0.0,0.0,0.0,0.0010625224986662177,0.0027698441363459454,0.0008343458671357498,0.0,0.0,0.0,9.907669526980835e-06,0.00033225720029875125,0.0005667387124372977,0.0009472332532613496,0.0,0.0,0.005315314585020265,0.0,0.0,0.0,2.9222621231094994e-05
CSM9X23N,0.0,0.0,7.673721381201727e-05,1.3624361721193665e-05,0.0,0.0,0.00018442977888762893,0.06919823336107292,0.0,0.004989421584735664,0.21786857079143213,0.00017140649194825265,0.08596731816160476,0.0007941199659110454,0.00019044052670580264,0.021624166171531314,0.0003428129838965053,0.08525003558863602,0.2178224883914928,0.06371643135089854,0.003445260470246848,0.0,0.0,0.0,0.0,0.0,0.0,0.0,0.0,0.0,0.0,0.0005348563766871542,0.0,0.00011971406071195905,0.0,0.0,0.000458119162875137,0.0,0.0,0.0,0.0,0.0,0.0016715889682340991,0.0,0.0,0.0,0.0,0.0,0.00019534930409064445,0.0,0.0,0.0006246168774385479,0.0022090500023091287,0.007143974140160019,0.0,0.000664287813038494,0.09029565766547161,0.0008806747344927463,0.0,0.0,0.0,0.0,0.0,0.0,0.0,0.0,0.000594963854868891,0.0,0.0,0.04784605352831397,0.028205935032431486,0.0,0.03255370928757711,0.0,0.0,0.0,0.0,0.0,0.002999262982138361,0.00021027599450577575,0.0,0.0,0.0,0.004982409045614462,0.001007501513456211,0.0003671565125601087,0.0,0.0,0.004754902240696589,0.0,0.0,0.0,2.444370779390628e-05
ESM5ME9U,0.0,0.006254924871386189,0.0,0.2484424606436955,0.0,0.00014340143201627405,0.0,0.017548151869817306,0.0,0.012814759899381729,0.0,6.51446273165367e-05,0.0,0.0,0.023231240116436135,0.045332127290520476,0.0,0.013799005722320712,0.0922534296669049,0.07607123367273753,0.00425084302975382,0.0,0.027647026012478627,0.001969532294876635,0.009061659285690202,0.0,0.0,0.00038764175200335334,0.0,0.00024080617829147909,0.0,0.00029190204412601504,5.7235694926669625e-05,0.0001599477510950749,5.7443824726402966e-05,0.0,1.3424372082800693e-05,0.0035091724884040477,0.0021987872692829135,0.005493586063961617,0.0,4.308286854480222e-05,0.009941632078962781,0.010706405028082953,0.001248258473900731,0.015895497195034688,0.0,0.0,0.0,0.0,0.02540578026405011,0.0018731681976000966,0.0,0.11212888895734045,0.00022176230161587813,0.004236482073572218,0.08170072849592501,0.000889442699160446,0.0,0.0,6.243893992000323e-06,0.0,0.0,0.003379403558270308,0.0,0.00016920952718320873,0.0018527714772262288,0.0,0.0,0.01194165538950035,0.0,0.09690846076774087,0.0,0.00018887779325800974,0.0007564477571308391,0.0,0.0001362209539254737,0.004528071922998634,0.0018372658071460948,0.0,0.0,0.0,0.00019439323295094335,0.0,0.0003170857498937497,0.007207222770066106,0.0,4.193815464626883e-05,0.014948714736047706,0.0,0.0,0.0,0.0
ESM5MEBS,0.0002250277970980867,0.0,0.0,0.17169004404071417,0.0,0.0005356483590284594,0.0,0.041340175137387684,0.0,0.02483895870287812,0.0,0.0001446754056228795,0.0,0.0,0.011332256008473374,0.05068704891045958,0.0,0.08607385165694953,0.18365967330279462,0.08037068140574762,0.0036346613090185486,0.0,0.006425417002709888,0.003344591230841426,0.005291544061624324,0.0,0.0,0.0,4.500555941961734e-05,0.001006768199071714,1.5412862814937445e-05,0.00014087356612852824,0.00012700198959508455,0.0002456810332701029,2.6715628879224904e-05,0.0,0.0014504531433043798,0.002509727828365647,0.003194572699442701,0.0023713203202875093,0.0,0.0,0.001487135756803931,0.04647204194024926,0.0013686622179664451,0.006935582761884318,0.0,0.0,0.0,0.0,0.0050550079936244165,0.0008184230154731784,0.0,0.02544324567764244,0.0,0.004138970180323301,0.06422498834016926,0.001397432895220995,0.0,0.0,0.0,0.0,0.0,0.001564508328134917,0.0,6.545329075410102e-05,0.002257265135456972,0.0,0.0,0.017568300303397063,0.0,0.0364573801976155,0.0732417185917452,3.0414715954809894e-05,0.0002568810469156241,7.0385406854881e-05,0.00037011421239603116,0.004643176299209288,0.013727106632658354,0.0,0.0,0.0,0.0007214247321578387,0.0,0.00018793417392347058,0.00216417144405475,5.8157869021697294e-05,0.0,0.008292736708948943,0.0,0.0,0.00018721490699210685,6.637806252299726e-05
ESM5MEBU,0.0,0.0,0.0,0.15987248312143235,0.0,0.00010622236876299304,0.0,0.010278551744001378,0.0,0.016863191947781537,0.0,0.0001532354093048084,0.0,0.0,0.027031038926693316,0.05535550979804926,0.0,0.04956425374407787,0.14572166216012095,0.09752693685648291,0.0009543334504663409,0.0,0.0029265878341717664,0.00284121382041623,0.007760174700875618,0.0,0.0,0.0004981714429031834,0.0,0.0,0.0,0.0,0.0,0.0,0.0,0.0,1.323870542973515e-05,0.0021099577685296782,0.0007180173464568166,0.0018147450616240884,0.0,0.0,0.022002936907769895,0.014519941086718415,0.0011351929301560296,0.022046718453285555,0.0,0.0,0.0,0.0,0.01573790198625405,0.001470747204001049,0.0,0.04713687977055967,0.0,0.01185812736114135,0.06518655160181558,0.0007712848935008691,0.0009601709898684289,0.0,0.0,0.0,0.0,0.0009186827634035896,0.0,0.00048055458292188216,0.0008421693005262225,0.0,0.0,0.00498296533033228,2.3871366483538184e-05,0.047513609545544414,0.028941060970701486,0.00028020189130022107,0.00040185204276873225,0.0,0.0004465717642597274,0.11015228368189868,0.008986162217089122,0.0,0.0,0.0,0.0,0.0,0.0001630341361583132,0.0009708036509222319,0.00017804495176368217,6.390020809785548e-05,0.0066842953407158035,0.0009853974994274517,0.00015803053095652352,0.0014480224970429211,0.0004425063350332733
ESM5MEC3,0.0,0.0,0.0,0.2815725312113022,0.0,0.0012739174170366841,0.0,0.011631806726513984,0.0,0.020195296390053744,0.0,0.00011620522558949738,0.0,0.0,0.0390840163781012,0.04583574613791227,0.0,0.05476271619895419,0.010452285711216666,0.04445473763062644,0.004470157879609433,0.0,0.02218684346353201,0.008134148788042427,0.016890337313063927,0.0,0.0,0.000606415504967041,0.0,0.0004978053921611709,0.0,0.0011497915738299756,0.0001319379592127253,0.01525196298402433,0.0004493051719571509,0.0,0.00038930378096649543,0.002380742352833568,0.006483839281771413,0.0040207442060410875,0.0,0.0,0.002128801611639532,0.03402773279481813,0.0009811800700334499,0.008959195039566738,0.0,9.016483890277528e-05,0.0,0.0,0.004829406714275003,0.005861365538347561,0.0,0.03228931998025704,0.0005377339850808114,0.018351528511022622,0.09202987309760055,0.0028512053389736806,1.0958662730662218e-05,0.0,0.00023675051562678176,0.00016524795384949064,3.3744001081544055e-05,0.005317880967873431,0.0,3.2767486580791975e-05,0.0027844768480889555,0.0010483425673629538,0.0,0.0219282841240551,0.0,0.1119053067378524,0.0,0.0006580622718957065,0.0,0.0,0.0011624862623397525,0.02978705582288544,0.008558390087813608,0.0,0.0,0.0,0.0005108255855045319,0.0,0.00032431131586088484,0.002466350124066167,0.0,0.0,0.017299171384045468,7.736164878180357e-05,0.0,5.793986037795667e-05,0.0002741835714889448
ESM5MEC5,0.0,0.0,0.0,0.13272886781130966,0.0,0.0004818498725289007,0.0,0.009575769053531233,0.0,0.020555543583844163,0.0,8.04982478939918e-05,0.0,0.0,0.046296127464468886,0.07483653779211437,0.0,0.07079453117488903,0.22396850353239162,0.0989537921408846,0.005890358278327925,0.0,0.0029901421244741197,0.0010175724463510776,0.0022825449132566635,0.0,0.0,0.0007367091901855543,0.0,0.0,0.0,0.0,0.0,0.0,0.0,0.0,0.0,0.000311114849968671,0.0013519975997639548,0.00043336444136495196,0.0,0.0,0.0015279126897562304,0.013539971057927246,0.001207473718409877,0.00927687916270219,0.0,0.0,0.0,0.0,0.0008969804765330515,0.0002447063854898438,0.0,0.02357852733583745,0.0003493437476171691,0.013088269177852852,0.03059016301050601,0.0011057371940444973,0.0008111985598583729,0.0,0.0,0.00027858402649542333,0.0,0.0027886375013675383,0.0,9.210159894177441e-05,0.00038715823987110336,0.0,0.0,0.009395502706896038,0.0,0.05780540848768554,0.03471991997003021,0.0004108829487098732,0.0,4.340896508054384e-05,0.0016404237543802653,0.0878708306673253,0.006238666012458685,0.0,0.0,0.0,0.0,0.0,4.9003437907153307e-05,0.0032208623278974402,0.0,0.0,0.00380662435311318,0.0003615687067567972,0.0,0.0004925208114389151,0.0008949084495602331
ESM5MEC9,0.0,1.113638596590559e-05,0.0005235142187710759,0.0,0.0,0.0,9.658473062019055e-05,0.0,0.0,0.009543050145792986,0.0,0.0,0.0,0.0,0.0,0.18560296348597605,0.4274321866949538,0.0,0.07174070247073733,0.059466011333718566,0.00017474758912855594,0.0,0.0,0.0,0.0,0.0,0.0,0.0,5.630640007060677e-05,3.8508998199860454e-05,0.00017016814069397793,7.21263128446035e-05,0.0,0.002576668293064717,0.0,0.0,0.0,0.0,0.0,0.0018041986048502189,0.0,0.0,0.0,0.0,0.0,0.0004697056996647844,0.0,0.0,0.00019275314774632853,0.00012270840237198777,0.0,0.0019529266006004908,0.0,0.02604509257979481,0.0,0.0,0.15471978771342312,0.0,6.994066700082763e-05,0.00011209240827364786,3.6531509103110864e-05,0.0,0.00020794859027924644,0.0,0.0,0.0,0.0001478953687621668,0.00029318877818650514,0.0,0.0009367053616182272,0.0,0.04670943732733398,0.0,0.0,0.0,0.0,0.0,0.0,0.0,0.00010137233580179481,0.0,0.0,0.0014909227005756784,0.0,0.0002894419567400322,0.0010312085247681552,0.0,0.0,0.005683407742431837,1.4675050665352228e-05,0.0,0.0,6.338372946950005e-05
ESM5MEDU,0.0,0.0,0.0,0.11439236964035991,0.0,0.00028485215739089057,0.0,0.023692529114173844,0.0,0.017277414695457703,0.0,0.0002928077671548001,0.0,0.0,0.08095762811243858,0.06620782429054299,7.542331334615529e-06,0.08834105389099056,0.11894876432332628,0.11243239668943313,0.006145450243601803,0.0,0.015338725583639544,0.0014818098082336425,0.004801572111145034,0.0,0.0,0.001251717042724207,0.0,0.0006879019455598656,0.0,0.0,0.0,0.00012222709546370097,0.0,0.0,0.0,0.0015324364158221578,0.002917745710815651,0.002089949016939766,0.0,0.0,0.004550712104563575,0.03229543621796511,0.0011584194373110862,0.007794637815699516,0.0,0.0,0.0,0.0,0.021055812735278113,0.00039561077644168294,0.0,0.03820976049998423,0.0004584290976943712,0.02296185285118205,0.07515623216122404,0.0005750769343626031,0.0013273469952850094,0.0,0.0,0.0,0.0,0.0022709649689705382,0.0,6.612454868704024e-05,0.000789981717595484,0.0012902552562558728,0.0,0.013073856471501092,1.4774703847260556e-05,0.06091972014851159,0.0,0.0007280932728087072,0.0,0.0,0.0016381323741140987,0.01120418485737503,0.030926451420928723,0.0,0.0,0.0,0.00013627856205969703,0.0,0.00036833440010827887,0.002655830506250577,0.0,0.0,0.008422201110582457,0.0002097388028667058,0.0,4.9283452693309687e-05,9.174781130326834e-05
ESM718SY,0.0,0.007241678581387554,0.0,0.2474060025127964,0.0,0.0002762404973791096,0.0,0.012510091394351329,0.0,0.03394656286847298,0.0,0.00010736303641048192,0.0,0.0,0.048504175983473626,0.0713006488779623,6.746743338635343e-05,0.050821254121414236,0.047831068230880666,0.08606170868063573,0.002049297179422642,0.0,0.021306340789912056,0.0014178604886271426,0.0027075746293207625,0.0,0.0,0.0002640211634685781,0.0,0.00011373380024417784,0.0,0.0003340995656392331,0.0,0.0,0.0,0.0,9.566589625681074e-05,0.0016952498122713448,0.0007975987442284537,0.0009677294702135461,0.0,0.0,0.014472913287637902,0.0216979861075573,0.0008914891817119394,0.009750297389344534,0.0,0.0,0.0,0.0,0.010736303641048191,0.003028828228541232,0.0,0.05028798985690848,0.0010852230655071184,0.019337043694040414,0.06493834458312751,0.0014116986022961906,0.0,0.0,0.0,0.00014485654815305296,0.0,0.001396137228341753,0.0,0.0003057966640174038,0.000987259516720122,0.0006126377155485281,0.0,0.01943688714035211,0.0,0.09239027925877732,0.007937553981779618,0.00025723264462939395,0.0,0.0,0.0004174416892341403,0.01970665243514615,0.00863687586096696,0.0,0.0,0.0,0.0002803136086826201,0.0,0.00045430856846847894,0.003242718791351219,0.0,0.0,0.008331496951955043,0.0,0.0,0.0,0.0
HSM5MD3Y,0.0,0.0,0.0,0.0,0.004554810402850848,0.0025832637956498725,0.0,0.09276058941152325,0.0,0.026640353915482515,0.0,0.0,0.0,0.0696276083667151,0.0,0.03218380221934936,0.041413736116502474,0.0,0.12392851492636175,0.00031631186198630986,0.0,0.0,0.0,0.00045934070838177184,0.0005807594339233867,0.0012841437396686032,0.0,0.008015746641736963,0.001978280923932173,0.0,0.0,0.0,0.0,0.00014745138275624927,0.0,0.0,0.0004065718086223779,0.0,0.0010097454609197549,0.0004583355864815929,0.0,0.0,0.00025509993826541285,0.0,0.0005593503374495756,0.005794025193581452,0.0,0.0,0.014014615678574881,0.0,0.0,0.0004420526116986942,0.00023761081720229948,0.045419247400905534,0.0,0.020901911962980958,0.14859219611295238,0.0,0.04108164384068336,0.0,0.0,0.0,0.0007516301569538052,0.001309673835933148,0.0,0.004243423638175415,0.0,0.004803477560955115,0.0,0.0,0.017291313073158197,0.10888284520258332,0.0,0.0026013559898530932,0.0044964128204504515,0.0,0.0,0.0,0.0018759595144939582,0.08015746641736964,0.0,0.0,0.0013174132745645258,0.0,0.0005632703128602733,0.003620750621014566,0.0003316902270590475,0.0008523433713517342,0.008651687267980173,0.002884599341323516,0.002240617739878875,0.0218396906958479,0.045637258341054344
HSM5MD41,0.0,0.0,0.0,0.0,0.012003942829988222,9.944034116630633e-05,0.0,0.12195969085512047,0.0,0.012146965049073095,0.0,0.0,0.0,0.18433292871754192,0.0,0.11913709927818797,0.18463370505810667,0.0,0.19811748794464903,0.0,0.0010540471553872985,0.0,0.0,0.0019503401892947158,0.0048058739368605,0.003968508512533116,0.00019949451159907133,0.0009123548997130862,0.0,0.0027804419673023387,3.069146332293405e-05,0.00048195827904780775,5.29939266709328e-05,0.0026267800409321826,2.158632920379695e-05,0.0,0.002504014187640446,0.0024291270171324874,0.008614070705970157,0.0008540411193995116,0.0,1.7289524338586184e-05,0.00041648315729221505,0.0007069267052049143,0.0007127580832362718,0.001079827984578563,0.0,0.000262309706533343,0.010399086212832002,0.0,0.0,0.0011828489964658784,0.00012450503621336915,0.01103092113777347,0.0006607872053427702,0.002318023919903466,0.03038915240920315,0.0017376483484667828,0.0,0.00010506710944217757,1.4322682884035892e-05,0.0,0.00031704281612590873,0.0002870674869471765,8.194620707223392e-05,9.299513386849017e-05,0.0007479509611799029,0.0,0.0,0.0022321901274769936,0.028918826706279124,0.028634009926642296,0.0,0.0003219534502575782,0.00047735455954936765,0.0,6.496359736687708e-05,0.0,0.0005432389008159327,0.0,0.0023545467612577577,0.0,0.0003918276817561247,0.0,0.0012262262646289585,0.0025621233581985346,0.0,3.324908526651189e-05,0.002852566906111234,0.0,0.0,0.000802172546383753,0.00018220498726048516
HSM5MD43,0.0,0.0,0.0,0.0,0.004929150049686398,5.26532051322294e-06,0.0,0.060226761153518306,0.0,0.012082391735390911,0.0,0.0,0.0,0.0632057174900379,0.0,0.22231094512300695,0.15335043482434382,0.0,0.14760819778001932,0.0,0.0,0.0,0.0,0.0011544215225241295,0.013439021816855544,0.002833856253914816,7.85747830434808e-05,0.0008406286711687855,0.000694516026926849,1.3568325937920653e-05,4.354015039780509e-06,0.0,0.00031136270342616425,0.0004246683506241733,0.00012677271697221387,0.0,0.008661958525070314,0.0,0.009829745861204935,0.0007504094292979847,0.0,0.0,0.002075346331519565,0.0026921988808763756,0.0002720753119044239,0.0020464883248605546,0.0,0.0,0.004167804954707105,0.0007288418664265139,0.0,0.0004251746314427524,0.00023390173818355753,0.015532189233189095,0.0007606363018332833,0.0005682495907732143,0.203359841521953,0.0004729675407166222,0.0010137767111228478,0.0002546592517453018,0.0,0.0,0.0003065024075678046,0.000757294848430661,7.594212278686933e-06,2.106128205289176e-05,0.00023187661490924104,0.0,0.0,0.0007907093824568834,0.005402927639712747,0.0047785821342409655,0.0,3.0478105278463558e-05,0.0,0.0,0.0012754226381645414,0.0,0.0010889087845999904,0.0011102738351440296,0.0009491752786721508,0.0,0.0016638412821784491,0.0,0.0006377113190822707,0.010946095066171913,0.0,5.629842702599913e-05,0.03173469427017696,5.062808185791289e-06,0.0,0.0004491723422434031,0.00026944265164781237
HSM67VGY,0.0,0.0,0.0,0.0,0.010533881786808967,0.0005582890523557563,0.0,0.05446633330117455,0.0,0.02711037855902745,0.0,0.0,0.0,0.018518031264186934,4.594112269245049e-06,0.0909274009143954,0.014552268259403625,0.0,0.26204294325561345,0.0,0.0003580275220736653,0.0,0.0,0.004738095924228889,0.0375348369445144,0.0077409747620354255,0.0004806067903485219,0.006696753925564522,0.0005046214681195756,0.00037786573414540534,0.0,4.3644066557827965e-05,0.00035593928922400845,0.0005639272810498298,0.0,0.0,0.00013688366329500589,0.0002990349440708596,0.0002489173556790954,0.004387272805486539,0.0,7.674255722488889e-05,0.010885540198691179,0.00018449537226718189,0.0012911543709428245,0.007476500071626386,3.184555095726682e-05,0.0,0.00015672187536674588,0.0,0.00033056726010067785,0.00022939237853480395,0.00042464214997771854,0.02312749204487696,0.0005801110856346703,0.05452814499352439,0.23571972406926417,0.0016673495188085044,0.00047288032880479157,0.0011263927991048998,0.0,0.0,0.0,0.0004726715055198259,0.00020610858226113017,0.0004687038631054779,0.0010618664040505034,0.001308799938522425,0.0,0.0,0.03216484175997935,0.04357703428335399,0.0,0.0005939978340848884,0.0,0.0,0.008803363224298344,0.0,0.005084429342344475,0.0,0.005868038719178206,0.0,0.0,6.442198341191353e-05,0.00046640680697085537,0.0037935882063290993,8.029255306930552e-05,0.0002354482537988088,0.006254883854577134,0.001044325248113386,0.00020015711863960816,0.005175476294589513,0.0015839246164647135
HSM67VH1,0.0,0.0,0.0,0.0,0.002139070624256293,0.001116188252963614,0.0,0.05433024300702631,0.0,0.012901407331281766,0.0,0.0,0.0,0.00017022434175312226,0.0,0.022594362358256483,0.0488737437248978,0.0,0.09434894105505907,0.0,0.0,0.0,0.0,0.004662631127538591,0.005625084881722761,0.000491008119352869,0.0,0.0027369042480908145,0.0,0.0,0.0,0.0,0.0002494984936886919,7.886446639585089e-06,0.0,0.0,0.0,0.0,0.0,0.0005972190955249435,0.0,4.670415152793246e-05,0.0011730321215995844,0.0,0.0008433376835109559,0.007797340034696268,0.0,0.0,0.0,0.0,0.00626798391492634,0.0034577459552258775,0.0005178425222044442,0.033036120130452075,4.1275818126659606e-05,0.06835142333974424,0.3452133263331731,0.00016940497067368486,0.0008569597277066029,0.0004437918609002881,0.0,0.0,3.123852240355132e-05,0.00010190927800502809,0.0,0.0009968673395205408,6.811022097823485e-05,0.0006258970833052528,0.0,0.00016459116558199008,0.007605095095183266,0.03713912081073491,0.0,0.001341924985348621,0.00022983358778219396,0.0,0.00032989928085848787,0.2189052260101975,0.0006535508572362654,0.0,0.001033636616710295,0.0,8.818481242445144e-05,0.0012631629403376998,0.0005098536541799294,0.003280556959297537,0.0,0.00017954468778172284,0.0036888085996272272,0.0003835680865616383,0.00024007572627516161,0.001917123483113684,0.00016151852403409979
HSM6XRR5,0.001238959385587616,0.0,0.0007654377010115806,0.005137094862022655,0.0030480490976265155,0.00012865670095886397,0.0009922125538749933,0.0,0.0,0.0,0.0,0.00011832236306595883,0.0,0.00027055064371313454,0.08591840796389623,0.024544052495649706,0.15546792140236732,0.0030564094608657197,0.08167970380161972,0.02865677062855765,0.0,0.0010513156773299228,0.05608805134563529,0.01050061622844042,0.011557041016638746,0.006488570802871226,0.0001963524199651976,0.002157786528807373,0.0,0.0,0.0,0.0,0.0,0.000951339666927773,0.0,0.0,0.0004130251672479054,0.0014857062173002388,0.0017488254270229696,0.033783763384999596,0.0,0.0018268554839222084,0.0014795520610269358,0.0,0.004467220757481421,0.028411649423030424,0.0,0.0,0.014770091172083444,0.0,0.0020459666704830174,0.009416439678934182,0.00045970386200012856,0.10430830418624286,0.03735015500345677,0.0007589351962699773,0.1956835909060613,0.0,0.0,0.00018195401660879045,0.0,0.0,0.0,0.0,0.00012517321627586225,0.0013749314043807837,0.0004673675283027324,0.0,0.0,0.005806388385783387,0.0,0.00629558575143293,0.0,0.0016558163859868233,0.0,0.0011430474406489684,0.0004983705419814478,0.0,0.005544198105309457,0.0,0.0,0.0,0.0,0.0,0.002667304221774426,0.01062207372772108,0.0,0.0,0.04519438192879617,0.0,0.0,0.0,0.0
HSM6XRR7,0.0,0.0,0.001600484240540762,0.00973408721790092,0.004578710063639808,0.00025870111397964887,0.0010361362505851574,0.0,0.0,0.00017479804998624923,0.0,0.00012030545154609154,0.0,0.0,0.01616010746695096,0.00991687603588654,0.3334536387848795,0.020789425727920124,0.045597430879301896,0.03678649933110613,5.338276955135611e-05,0.0042271162716674675,0.06686153042296245,0.008911038113965666,0.01770221470794076,0.0017199018289758123,0.0,0.0012870685623431952,0.0,0.0,0.00012241412643481455,0.0,0.00022385248687127916,0.00047744838796244076,0.0005832150810652316,0.0,0.00013462224421163194,0.0,0.002948482408879164,0.03846888894364045,0.0,0.0014043774758895225,0.005016315594494273,0.0,0.0009463510934811093,0.005664566648443277,0.0,0.0,0.014745852513951106,0.0,0.008666098878207157,0.002759034617560734,0.0007681125739395752,0.08876389256057281,0.006561308390594955,0.0004210690804113204,0.1791319317970194,0.0,0.00031452550708636846,0.00017468706709736909,0.0,0.0,0.0,0.0,5.6490290440000544e-05,0.0005346045757357223,0.0006701146830583955,0.0,0.0,0.013692180966922882,5.870994821760371e-05,0.004285826219885071,0.0,0.001259766771678676,0.0,0.0,0.0023482869458152683,0.0,0.00023295308375945216,0.0,1.9754954220668167e-05,0.0,0.0,0.0,0.005095224428488064,0.002129317706054716,0.000293882689754659,0.0005859896532872356,0.02932389889991541,0.0,0.0,0.0,0.0001464974133218089
HSM6XRR9,0.0,0.0,0.0,0.0,0.0,0.0,0.0,0.0,0.0,0.0,0.0,0.0,0.0,0.0,0.0,0.0,0.3858723858723859,0.0,0.0,0.26379326379326384,0.0,0.0,0.0,0.0,0.0,0.0,0.0,0.0,0.0,0.0,0.0,0.0,0.0,0.0,0.0,0.0,0.0,0.0,0.0,0.0,0.0,0.0,0.0,0.0,0.0,0.0,0.0,0.0,0.0,0.0,0.0,0.0,0.0,0.0,0.0,0.0,0.0,0.0,0.0,0.0,0.0,0.0,0.0,0.0,0.0,0.0,0.0,0.0,0.0,0.0,0.0,0.0,0.0,0.0,0.0,0.0,0.0,0.0,0.0,0.0,0.0,0.0,0.0,0.0,0.0,0.0,0.0,0.0,0.35033435033435034,0.0,0.0,0.0,0.0
HSM6XRRB,0.0,0.0,0.0,0.0,0.0,0.0,0.0,0.0,0.0,0.8537932420845779,0.0,0.0,0.0,0.0,1.9333097524978937e-05,2.369863567578063e-05,3.679525012818572e-05,0.0,0.0,5.373769580867801e-05,0.0,0.0,0.0,0.0,0.0,0.0,0.0,0.00034581298637422,0.0,4.5630267814332006e-05,4.084896412535872e-05,0.0,0.0,0.008926070339005866,0.0,0.014357215564141346,0.0,0.0,0.004725071399935578,0.0,0.0001751412329547823,0.0,0.0,0.0,0.0,0.0,0.0,0.00039508120264755345,0.0,0.0,0.008142560182321505,0.0,0.0,0.0,0.0,0.0,2.9727235979268686e-05,0.0,0.0,0.0005521366346918716,0.0,0.0,0.0,0.0,0.0020606379485629427,0.0,0.00015892637696609028,0.0,0.00587487099574911,0.0022297505812142373,0.0,0.0,0.0,0.003327787367525407,0.0,0.0,0.08585017868043711,0.0,0.001174225821181113,0.0,1.715032844957809e-05,0.0,0.0006038994441942345,0.0,0.0015199348661707902,0.002033197423043618,0.0,3.32612430537272e-06,0.00267576306228781,9.209206670500718e-05,0.0,0.00015331354220077384,0.00056284259729979
HSM6XRRD,0.0,0.0,4.6452884340920394e-05,0.013237977188036432,0.003561074985434597,0.0,0.0,0.0,0.0,3.941456853169003e-05,0.0,2.3773866733400336e-05,0.0,0.0,0.06978865501695063,0.015691534079134137,0.39195911520549936,0.0,0.05861697094348626,0.031662411092385725,4.59836632869717e-05,0.0010652881994815111,0.01086559553927185,0.0023628408206676243,0.001186660045436239,0.0,0.0,0.0015187121446139293,0.0,0.0,0.0,0.0,0.0,0.0,0.0,0.0,0.0,0.0,0.0,0.0010419835538020596,0.0,0.0002557254744020365,0.0007202543178112405,0.0,0.0013640256038288442,0.010695581110724443,0.0,0.0,0.00012825375474597548,7.460614757784184e-05,0.010429689180153518,0.0004304321134889324,0.00032454456231451116,0.08550443218387212,0.004987506989438618,0.00025228452000641274,0.08967674579558388,0.0,0.017734366141008755,0.0,0.0,0.0,0.0,0.0,0.0,0.0,1.3451003546529138e-05,0.0,0.0,0.006365140003831973,0.00011918214770296746,0.01353108393973638,0.0,0.0011800909506809573,0.003706220698122726,0.0578831092151105,0.0,0.0,0.05897983522520657,0.0,0.0,0.0,0.0,0.0,0.00021803138306815834,0.0009947486343712245,0.008378723953343789,0.01043469420472897,0.010888587370915337,0.0,0.0016347661519572388,0.000379443425626508,0.0
HSM6XRTM,0.0,0.0,0.0,0.0,0.009242148331388585,0.00010664370898647924,0.0,0.1475472917350002,0.0,0.04858141904981477,0.0,0.0,0.0,0.028982062303420354,0.0,0.07203261581389325,0.03876856343671406,0.0,0.14402212468794715,9.19342318848959e-06,0.0,0.0,0.0,0.0019437961094863154,0.0052683422327372284,0.0036726704146550523,9.704168921183457e-05,0.0014150721270016254,0.0,0.0003546618367826206,0.0,0.0,0.0,2.696737468623613e-05,0.0,0.0,0.0,0.0006691790589755034,0.0,0.0004578324747867816,0.0,0.0,0.0007128988936940983,0.009274938207427532,0.000679291824482842,0.00441815488609502,0.0,0.0,0.00015424521127354758,0.0,0.0,0.0005789813625817666,0.0007579466673176973,0.13338635555033007,0.003705664588987076,0.0009855349658060841,0.16971161355098321,0.0006368999286692511,0.0027937791578354475,0.0003904140380711913,0.0,0.00020909930296486877,0.0,0.0002155346991968115,0.0,0.00010541791922801396,0.00048275686654224224,0.0025625134900716653,0.0,0.0038659365999064114,0.028100106572204585,0.050715008273570124,0.0,0.0001388206901461928,0.0,0.0,0.0550953679754458,0.0,0.006994969256682113,0.0,0.001821114984493249,0.0,0.0002515933479249985,0.0,0.0010283354582058298,0.005813001482081968,0.0005404711343366492,0.00026221685916503085,0.004679758850380818,0.0021400246199872993,0.000733328723001853,0.0017217238649110227,0.0011385543873211664
HSM6XRTO,0.0,0.0,0.0,9.338272333229048e-05,0.003752175416360447,0.0007898450607841309,0.0,0.19413219167811835,0.0,0.043858101043809036,0.0,0.0,0.0,0.05168476625419888,2.0774570609165944e-05,0.24519752605717363,0.025458927748305993,1.6866483068827795e-05,0.14072200477486022,0.0007082894444818111,5.039376038857085e-05,0.0,0.0,0.005789214624557228,0.02592111052215546,0.0055834229622357375,0.0002215268568917992,0.0031743955268441386,0.0,0.0009137725735764326,0.0,0.0,0.0003956424412547593,0.00035532743294390263,0.0,0.0,0.0012198375346302835,0.0,0.001299747640389303,0.0018582956254307892,0.0,0.00014449639458355518,0.001268585784475554,0.009152843863880898,0.0036178606182635624,0.0023840362440152264,0.0,0.0,0.0018475998068993374,0.0013199051445447313,0.001204308028877887,0.001653738096016774,6.705455463948611e-05,0.02412503576414321,0.0014355022602115753,0.022523131250240396,0.09732762917103498,0.003126058654634693,0.0,0.000556902474498186,0.0,0.0,1.0798662940408038e-05,6.58204217320109e-06,0.0,0.0004739070364704785,0.0020090655289606765,0.00044757886777767417,0.0,0.0,0.011055568273980795,0.0336075988031379,0.0,0.00034442592559453833,9.482254505767821e-05,0.0,0.00910625534662371,0.0,0.000686692118600995,0.0,0.006432609246987635,0.0,0.0005913553514985355,0.0,0.0012153123806362075,0.00513347867305207,0.0,0.0,0.003733663422748319,0.0,0.0,2.0774570609165944e-05,5.7284335788640744e-05
HSM6XRTQ,0.0,0.0,0.0,0.0,0.0,0.0,0.0,0.017463207653934373,0.0,0.12795803874041836,0.0,0.0,0.0,0.0003304789234675634,0.0,0.018736879800777526,0.03322258924392054,0.0,0.043713435455925424,0.00017310294737255972,0.0,0.0,0.0,0.01617338348253589,0.1503955386407965,0.0003285661837175903,0.0,0.0,0.0,0.0,0.0,0.0,0.0,0.0,0.0,0.0,0.00017862863998359293,0.0,0.0005422617191173556,0.028792365193024663,0.0,0.0002763908938711036,0.008050615344317063,0.004347976241647039,0.0050105280383738095,0.018782679291457438,0.0,0.0,0.004718835226502922,0.00016906494123372775,0.002840631055348844,0.0009010066855567427,0.0,0.018030228726481936,0.0,0.010640039912502782,0.43733838013258475,0.0011278788725674334,0.0013326482891339911,0.0003056133067179139,0.0,0.0,0.0,0.0,0.0,0.00019616208769167908,0.0015457062446170985,0.0007949558927526822,0.0,0.0031110712033311427,0.0025358678551864735,0.00017193405085868732,0.0,0.0,0.0,0.0,0.0038690474609176795,0.0,0.0,0.0,0.01724090478965973,0.0,0.0,0.0,0.004176786034024453,0.0007490501387533293,0.0003498188476061796,0.00140618250618851,0.007620780217170346,0.0,0.0005211153185482092,0.0020496069054155505,0.0017800168639887954
HSM6XRTS,0.0,0.0,0.0,0.0,0.016022821932066264,0.0008357040364858283,0.0,0.14647474639988428,0.0,0.01820508813030083,0.0,0.0,0.0,0.019952979437648708,3.574759867584244e-05,0.11424890969824039,0.01818108320212025,2.2134414296379187e-05,0.2920516461353521,0.00015722708371090005,0.0007966310797936283,0.0,0.0,0.0036131054022103663,0.035888614639223604,0.00353173804824762,0.00027153626552318694,0.0013598635938141693,0.0,0.0007099639364923127,0.0,0.00020159982974166958,0.0006861668431877547,0.000423879229647562,9.1135593135796e-05,0.0,6.453272900493651e-05,5.912902222835567e-05,0.00028275934882839325,0.002029507564358148,0.0,0.0004372845791510029,0.0016003285453720162,0.0,0.0016859565142932202,0.0015806881495879052,0.0,0.0,0.0005721694136895015,0.00012958504519992886,0.01238508809704725,0.0012846273686940822,0.0,0.04235269495327042,0.003222375835288367,0.0028155390654746367,0.12460012569853303,0.0034659583099865493,0.0004269967527878971,0.0008419390827664984,0.0,0.0,0.0,0.0,4.884119586524984e-05,0.0005002585465857718,0.0006968703393029054,0.0005870296073250987,0.0,0.011831312069885724,0.03750110152484292,0.04504613102908192,0.0,0.0005068053451804755,0.0,0.0,0.013057433920979519,0.0,0.0002704970911430752,0.0,0.0025244663216053504,0.0,4.884119586524984e-05,0.00025729957651565667,0.000511377712452967,0.0060212881106812164,0.0,0.0001128543376801305,0.006418044889007864,0.0,0.0,0.0003146620022978224,0.00014527657833961552
HSM6XRUX,1.9862710523356104e-05,0.0,0.0003091216538403102,0.021875552883809053,0.012726078094653044,0.00012733181315634906,0.0,7.379457353379322e-05,0.0,0.0024124643112473573,0.0,2.3940485531462323e-05,0.0,5.695730898419334e-05,0.08492558389463024,0.0814901242208654,0.23247132238954973,0.0009036875582480559,0.0718673644485105,0.05183785977320992,0.0001907346374759361,0.00652259843715984,0.04900630542403267,0.0038208751825955286,0.005499603074642354,0.007316054529059734,0.00032556429500202886,0.000553525072068096,0.0,9.181570824703684e-05,0.0,0.0,0.0,0.00023940485531462325,0.0,0.0,0.0,0.00046341939850187783,0.000942360650260418,0.004652872825378491,0.0,0.0025971480567757808,0.0017897486051707495,0.0,0.001950754947426298,0.005266643734663124,0.0013456657526750527,0.0,0.006430651187783509,0.0015470552216237826,0.001387364290661171,0.004011083655554289,9.668273003090554e-05,0.053770330503664386,0.04463953455486809,1.8810381489006113e-05,0.06686367143130557,0.0,0.0005889096358481144,0.0,0.0,0.0,0.0,0.0,0.0,0.00018363141649407368,0.0004133022282409595,0.0,0.0,0.015336511805487495,5.5378815432668346e-05,0.07955397033879072,0.0,0.0009830068592121867,0.0,0.0003809431104346972,9.260495502279932e-05,6.73490581983995e-05,0.001591384582195776,0.0,0.0,0.0,0.0,0.0,0.0021034741985363407,0.0009945824785900365,0.0002204629326963234,0.013946648233369743,0.050288305270129556,0.0,0.00025571595534704816,0.00048249286224947153,0.0
HSM6XRUZ,0.0,0.0,3.551689205661616e-05,0.012967130663304568,0.007337641396212341,0.0006613319552284207,0.0,1.4355259507203745e-05,0.0,2.0419119126626016e-05,0.0,0.0,0.0,0.0,0.04219357275431147,0.032860055277649285,0.2245781348112321,0.00020134488981224562,0.062455897796492424,0.05586250235438633,9.49179658795282e-05,0.0009371756917935687,0.04329558642596362,0.007035438433138277,0.0064797908884197866,0.0008733195374339381,0.0,0.0,0.00010952072986099408,0.0,0.0,0.0,0.0,0.0,0.00011434706710910569,0.0,0.0,0.0006378190301735181,0.0034677851888867527,0.009192687430807032,0.0,0.0037232098063252747,0.006431898772650063,0.0,0.0017359963824746046,0.00844757521104088,0.0,0.0,0.0037192497347370806,0.0005734678668653634,0.00979226701970705,0.0010370437471583394,0.0028151158902575066,0.1425959902790143,0.0029178302470762923,0.0026875273337753766,0.16579829721871803,0.0,0.0060190613095808245,0.0,0.0,0.0,0.0,0.0,0.0,0.0011036224507348534,0.00013946877124671223,0.0,0.0,0.007638730589152227,0.0,0.01043367486475737,0.0,0.0,0.0,0.007385162255270672,0.0,0.0,0.007874107344175516,0.0,0.0,0.0,0.0,0.0,0.00195701787799069,0.003758850450619022,0.01222016215998145,0.04733894326974697,0.028741457073690253,0.0,0.0,0.00011818338646016876,0.001569797128007582
HSM6XRV2,0.0,0.0,0.0005736126692707432,0.014823170173193484,0.00782861118292397,0.0,0.0,9.374866222811395e-05,0.0,9.075922784583992e-05,0.0,0.0002200223705353695,0.0,0.0,0.13019345466929327,0.035454213464268976,0.1441744413883125,0.002319561925894075,0.03778932044895088,0.03988874042693429,0.0,0.005444238319622195,0.018647374212373728,0.00013308961869884034,0.001922086730426918,0.0020695256341606736,0.0,0.0,0.0,0.0,0.0,0.0,0.0,0.0,0.0,0.0,0.0,0.0,0.0,0.0015841610678546602,0.0,0.0025129185417395597,0.010821154576955578,0.0,0.012741567224128423,0.01690692551501378,0.0,0.0,0.0048155004803423175,0.0031503855294156766,0.022748878184853716,0.0002877031649500538,0.011760913169367244,0.22962562954498664,0.012082337154149352,0.002074667461298185,0.09203703167819913,0.0,0.0018648091676625473,0.0,0.0,0.0,0.0,0.0,0.0,0.0003699723991502354,0.0008268775501369999,0.0,0.0,0.008631094948501613,0.00014086214809275286,0.014546946436271363,0.001579497550218313,6.720248491352047e-05,0.0,0.006976981116101741,0.0,0.0,0.03881924038233193,0.0,0.0,0.0,0.0,0.0,0.002980346501751929,0.0067934298450301155,0.01610826822544545,0.010975768123206792,0.02199243170876309,0.0,0.0002721581061622288,0.0003824084461804955,0.0018559604418910164
HSM6XRV4,0.0,0.0,0.0006415477243085695,0.01086985523502679,0.00210520642990117,7.3968854357175e-06,0.0,0.0,0.0,0.0,0.0,2.3115266986617183e-05,0.0,0.0,0.09411968741818848,0.023886920642250432,0.17037008467056253,0.0004134330609606388,0.09463667687524917,0.0208207795419056,6.987414991954567e-05,0.002031501750023842,0.015030603292617883,0.004259153051334121,0.0006563414951800046,0.0,0.0,0.0007406131542512147,0.004924212304349078,0.0,0.0,0.0,0.0,0.0,0.0,0.0,0.0,4.887227877170491e-05,0.0,0.0017066992270518895,0.0,0.0008034866804548133,0.0028521597716687137,0.0,0.0033373162039078276,0.005699036053740486,0.0,0.0,0.0,0.0,0.0151165920858081,0.0004542480180970086,0.0005891090900589295,0.10647499575339525,0.0155983142498092,0.00194155033963592,0.266916610947866,0.0,0.03828561857907416,0.00023300189122510125,0.0,0.0,0.0,0.0,0.0,4.966480221124607e-05,0.00035254084335589297,0.0008268661219212776,0.0,0.004312384209023302,0.0,0.015246830104372696,0.0,0.001122345277630207,0.0,0.006811738962856276,0.0,0.0,0.016688298153658142,0.0,0.0,0.0,0.0,0.0,0.0007580486699211202,0.0009725583475569276,0.007127823727993275,0.008516192706829465,0.021289689243634124,0.0008423203289923304,0.0016168799039038915,0.0007827489837868197,0.007018455493336595
HSM6XRV6,0.0002669512578755031,0.0,0.0007042750421153829,0.0265742921234679,0.008631081005594805,9.378573927564482e-05,0.00023005436044887796,0.0,0.0,1.2935964038019974e-05,0.0,0.00022314537965584456,0.0,0.0,0.10505502194703897,0.021563811052605273,0.14805504840696543,0.0026183567209683155,0.034185048965563875,0.03280883879142815,0.0002050644299208848,0.002547502917941888,0.01582259501318586,0.002674804564043312,0.0006813431058661656,0.00023049535922290134,0.0,0.0003974868949864319,0.0,0.0,0.0,0.0,0.0,0.0,0.0,0.0,0.0,0.001282571434451412,0.0,0.003068028470880851,0.0,0.0007094200278123226,0.001996842448777992,0.0,0.0012978593919508903,0.004264017146032334,0.0,0.0,5.6153843892313975e-05,4.395287781099968e-05,0.006593078671241293,0.0006310692456274971,0.00029135319003813166,0.1366058382357697,0.011560635861432305,0.0008173177278567164,0.19112445867400488,0.0,0.09146182273613279,0.00032222310421977025,0.0,0.0,0.0,0.0,4.997986105598626e-06,0.0001802214989842328,0.00036720497917015787,0.0005568344520002234,0.003991038904911844,0.0047480868003186944,4.895086391659831e-05,0.032331384118752145,0.0,0.0008850845394649803,0.0,0.010115188879774913,0.00019653845362309892,0.0,0.016180245018918845,0.0,0.0,0.0,0.0,0.0,0.0010104751908789694,0.0019646495382742834,0.010042424082061052,0.00839646965781435,0.029606011695287485,0.00018227949326300873,0.0028263611427160234,0.002279816662109679,0.018377153911512126
HSM6XRV8,0.0,0.0,0.0010180444122900526,0.00788530197061046,0.0010342205929343852,3.493117269573238e-05,0.0,0.0,0.0,0.0,0.0,5.544444525195105e-05,0.0,0.0,0.033944894551229385,0.012871785482276415,0.04338346151979672,0.0004695781134869258,0.004848634320088168,0.015840583505312703,0.00013503594277007952,0.0005002894129710932,0.13580724181819334,0.0063056627650813005,0.0013636051408370963,0.0018017686426379273,1.922386685268493e-05,1.0784120429554962e-05,0.0,4.688748012849984e-05,0.0,0.0,0.0,9.52988033611759e-05,1.0315245628269964e-05,0.0,0.0,0.00042913766187609474,0.0006713114967397963,0.02063447669235085,0.0,0.0009035217420761917,0.003481043743440149,0.0,0.0024621788002478474,0.005218342100901389,0.0,0.0,0.00940222917146775,0.00026819638633501905,0.002604716739838487,0.0025500928254887844,0.0003946753639816473,0.16522093028980447,0.004057408092919733,0.0008930892777476005,0.2007381964871431,0.0,0.10468098813488871,0.0007663758627003297,0.0,0.0,0.0,0.0,0.0,0.00035177331966406995,0.00020653934996604176,0.0005321728994584731,0.0,0.002236063927328157,5.790603795869729e-05,0.012284519793666956,0.0,0.00028015269376778653,0.0002915229076989477,0.01228944297908045,0.0030842584428527192,0.0,0.04756828633996565,0.0,0.0,0.0,0.0,0.0,0.0024109542282074615,0.0028169998061202696,0.017497000959552284,0.01081975491445262,0.05732346101810069,6.8572939687931e-05,0.005829285966975742,0.0013406302755741316,0.029850797005109096
HSM7CZ1V,0.0,0.0008273656092899389,0.0076587520307791245,0.00024256946599390857,0.007456226096821447,0.0,0.0,0.0,0.0,0.0,0.0,0.0,4.2753244730411685e-05,0.039243564633070785,0.00018807413292204578,0.06505508344108624,0.15368587163830033,0.04344913909416914,0.13715863139838438,0.3424183643853027,0.004072597819624663,0.0,0.0003848795623031193,0.0,0.00044559719859865705,0.002378324867655625,0.0,0.0035783261522601617,0.0,0.00022992414008773048,0.00013147124553248665,0.0002687633553709918,2.840180342419368e-05,0.00027197486671224334,5.770684441311437e-05,0.0,8.831656188441853e-06,0.0010080131222353402,0.00016177988381554844,0.0,0.00042231374137458304,0.0,0.007134472804319804,0.0,0.0004996910927528634,0.0031683566576035144,0.0,3.492518583611095e-05,0.0,0.0,0.00675581554524036,0.000541440740189134,0.0,3.6029142859666185e-05,0.0,0.0007504900565587291,0.04443968962348643,0.00023413924872312317,0.0027865882469122324,0.0004966803008704401,0.0,0.0,0.0,0.003204887599110251,9.2330951060983e-06,8.500469081375281e-05,0.00045332489776354364,0.0004887518822467252,0.008087288075377383,0.00824465213109871,0.0012045174724281717,0.0,0.08134437076256132,0.0008372008627725219,0.0001545539832977324,4.1147489059785895e-06,3.7935977718534317e-05,0.004369963697878677,0.001493653852870228,9.925577239055672e-05,0.0,0.0,0.00032396120654875336,0.0015839776093429288,0.002470655818716608,0.002209218723592846,0.0,0.0,0.00553985706365898,0.0,0.0,0.0,0.0
HSM7CZ1Z,0.00010877635218710527,0.007571477636443481,0.09490300792562352,0.00017593121847055672,0.025771795724238242,0.00023260286760620508,0.0,0.0005015337154275694,0.0,4.919846463424418e-05,0.0,0.00020956054872687554,0.00010535114262396169,0.034793071153954136,0.004030122330840576,0.07105182061824616,0.0966472699470971,0.020621526072020526,0.1039447308184891,0.15142955272886963,0.006854363306996239,0.0005564408626670528,0.0007454501540150669,1.100218829373393e-05,0.00592011145009153,0.0035801743473185326,0.0,0.0029117395113596035,0.0,9.175409860057352e-05,0.001013031676857011,0.0003555990291918155,0.00024101020017028478,0.0010926418506428026,5.459576455192497e-05,0.0,0.00017177944930310996,0.014498081726953294,0.0007596699634135719,0.0,0.001509479475054458,0.0,0.004604208212469278,0.0,0.0013257636893949387,0.005949381422722029,0.0,0.00036784674823578346,0.0,0.0,0.01871005154732804,0.003515925719452294,0.0,0.00014780298236110486,1.5361545919553037e-05,0.0022756884749067586,0.04287635813451461,0.001433398305060996,7.161801813845671e-06,0.00047122580050520794,1.972090354537214e-05,0.0,0.0,0.0037979346401511155,5.324643957250478e-05,0.0003771882288625387,0.001997416146458639,0.004105788323917294,0.013369942249928822,0.0173489978200098,0.0011977854048083921,0.00015288889959122717,0.09834451318274934,0.0025666236993155908,0.0002711105266342738,0.055322012773540596,0.00400562689275264,0.0,0.0018436968930339226,0.0,3.290277065201562e-05,0.0,0.00991027300269543,0.019894551290800602,0.009795995556361459,0.008661213248669072,0.0,0.0,0.012716142400285142,0.0,0.0,0.0,0.0
HSM7CZ22,0.0,0.0028188076734140194,0.043505824288963144,0.0,0.022102403488503786,0.0004002430724405956,0.0,0.0,0.0,0.0,0.0,0.0,0.0,0.039242679101819104,0.0,0.1303376520220365,0.08166009779574683,0.01921548029735464,0.143835035551457,0.18729603344070034,0.02891385221282174,0.0,0.003331271318946224,0.0,0.0023101568480878663,0.005303529857422167,0.0,0.002559329801013036,0.0,0.00035304654124136985,0.00014406277427187248,0.00031265125689618103,0.00010675896576942766,0.0004492944891454678,0.0,0.0,0.0,0.004616706974359197,0.0003415050314284587,0.0,0.0001876525836545635,0.0,0.004077553587384637,0.0,0.00018940441996545177,0.009035456445588017,0.0,0.0002585504296481603,0.0008119246054993441,0.00047474764025072703,0.0,0.0006904296048795033,0.0,0.0,0.0,0.008847288615959664,0.112165957018387,0.00038190031577364764,0.00012417427968355245,0.0002806029573264011,5.5749614364150933e-05,0.0,0.0,0.005250665620511243,8.037837191134515e-06,0.0007395840707791336,0.0008518046438707424,0.0,0.014157413621846351,0.006371119515116442,0.02172277025501482,0.0,0.04931924156204856,0.0013060454943646005,0.00038293080772122895,0.0,0.0006452940575754402,0.01805318842967764,0.006717777006282808,0.0,0.0,0.0,0.0008299582145820177,0.0035831235509351054,0.0020749985856498023,0.005126079144048658,0.0,0.0,0.006078665900392856,0.0,0.0,0.0,4.348676018793289e-05
HSM7J4GP,0.0,0.004193064340997444,0.0607189581129794,0.0,0.021860003357511263,0.00017593855258185166,0.0,3.204521227989073e-05,0.0,7.44275898113591e-05,0.0,0.0,0.0,0.022388232501866882,0.0,0.049476050442058515,0.07317844676235846,0.04122523525320678,0.1025373399083217,0.21510400428702908,0.00665465350235563,0.0,0.0004739590267848354,0.0,0.0008305912279642644,0.007235498817841778,0.0,0.004613786966736654,0.0,0.000771566014377756,0.0007209139046450256,0.0010774427341719388,5.37532593082038e-06,0.0004647589497109313,0.0,0.0,0.0001448236851746029,0.01908943632678342,0.0003818548843932785,0.0,0.00020777702155671084,0.0,0.001926124001326464,0.0,0.00021749395689319383,0.006871217114376183,0.0,0.00016425755584756894,0.0,0.0,0.011606155657861326,0.001476043826272773,0.0,0.0,0.0,0.004275658291357548,0.11094155862950685,0.0014758370829677416,0.00453408742264699,0.0011023553024282408,0.0,0.0,0.0,0.0028172910176649736,4.7654331809772985e-05,0.0007180194983745838,0.004631463519316851,0.000654549303729897,0.016416865622640536,0.00404824065582284,0.0017488416172619075,0.0,0.1641118018175217,0.0025444932266758397,0.0,0.0,0.0,0.0016651105787241283,0.0005673036290065816,0.003780714819112011,6.78118040503494e-05,0.0,0.0007672244049720935,0.0040517552920083764,0.00148493378838913,0.0015780716473058445,0.0,0.0,0.009852558944583693,0.0,0.0,2.067433050315531e-05,0.00019764659961016474
HSM7J4GR,0.0,0.0026033294863120667,0.030397022896391894,0.0,0.008600299338451715,3.76723269085351e-05,0.0,0.0,0.0,0.0019836045589373447,0.0,0.0,0.0,0.03919537969615095,0.0,0.02461184626014286,0.05937714210860191,0.023160300194916408,0.20835119738915614,0.295488400508748,0.0037514769723609328,0.00019785546491640822,0.0005318564973199622,0.0,0.00026400928294614145,0.0019065429357973652,0.0,0.0028360293286639835,0.00012301580207666423,0.0007475886428337181,0.00019310854972954188,0.00039641791720107316,0.0,0.0008205093399596225,3.2622417135273026e-05,0.0,0.00017977678792812998,0.0015871866417362713,0.0012092513943053375,0.0,0.0009168616184334629,0.0,0.0029454103743528403,0.0,0.00015967814703054693,0.004736310376342504,0.0,0.0,0.0013744844420864725,0.0017250491785463261,0.006647398230935805,0.00021593414190468647,0.0,5.15090796872732e-06,0.0,0.0032532528741308965,0.07325944507349483,7.231470795311297e-05,0.0028887503866968393,0.0006064941637687756,0.0,0.0,0.0,0.0025142490779117236,0.00014372043214703873,0.0002745130952745266,0.0005900314579079412,0.0016676822035220687,0.012795966374468781,0.0061001900079051255,0.0021249010343932177,0.0015335565999442281,0.1513306461753447,0.0016324338333046995,0.0,0.0,0.0006019492449728397,0.003378591634703261,0.0,0.0,1.161479247850278e-05,0.00013543858011888895,0.0,0.0011089601862083525,0.0005382193836342723,0.0021109632834190144,0.0,0.0,0.0039050952276635654,0.0,0.0,2.2724593979679354e-05,8.857541742301686e-05
HSM7J4HM,0.0,0.0,0.0,0.02697403011966144,0.0,5.5869987820342664e-05,0.0,0.003943213140379536,0.0,0.0,0.0,0.0,0.0,0.0,0.0,0.05221528528373448,3.22133263108282e-05,0.0,0.0,0.0003070332664000813,0.008556463468024298,0.0,0.0,0.019514732412455004,0.01653379172896674,0.0,0.0,0.025291689153078434,0.0,0.00018885062549723036,0.0,4.32866572301754e-05,0.0,0.006590242563327122,0.00020173595602156162,0.0016307996444856778,0.0,0.0,0.0006521185245048285,0.0046488863198761166,0.00030793926620257335,0.0026294127601213524,0.008459219489223485,0.00039622391362318694,0.0,0.048726481377627064,0.0,0.0,0.0004594425665081872,4.711198972958625e-05,0.013788410994126405,0.0,0.0,0.4704615374393849,0.0,0.0,0.15079863379256453,0.0007548991687653146,0.0009248244650549336,0.0015669769917323495,0.0,0.00024743861272504914,0.0,0.0,0.0,0.0006420518600326946,0.0,0.001642476975273353,0.0,0.0,0.05702634556825668,0.04248897473740351,0.0,0.0,0.0002570019439735763,5.456132143896527e-05,0.0,0.0,0.004300982395719172,0.0,0.0,0.0,0.0001718379625393242,0.0,0.010519463040090393,0.013454298400296286,0.000568363876096675,0.000482293894859931,0.0003191132637666419,0.0002540826112766575,0.0,0.0008693571438134761,0.0
HSM7J4HO,0.0,0.0,0.0,0.045089606299164295,0.0,1.7791707571404306e-05,0.0,0.017336383009246472,0.0,0.0,0.0,0.0,0.0,0.0,1.5133176554987573e-05,0.04295071584526408,0.00023323497109409898,0.0,0.0,0.0005717886709154764,0.022861117214939268,0.0,0.0,0.011848663735397636,0.012646734296287352,0.0,0.0,0.012659822448983558,0.0,0.0001488777369193372,0.0,0.0007636119088692379,0.0,0.0033615079678730843,6.646327541041839e-06,0.00048610217123250623,1.17588871879971e-05,0.0,0.0008068641634824793,0.0028118055546324547,0.00021104646222631319,0.0006043045502701119,0.004658564350305634,0.0009120806410168185,0.0,0.015195243029101609,0.0,8.916304024289977e-05,0.00039244007850028584,0.0005765944769836143,0.008061484051319056,0.0014066696612632706,0.0,0.2708961304774302,0.0,0.0,0.2866213414395352,0.00019120973079612676,0.0007213821661853873,0.0014286536677451782,0.0,0.0,0.0,0.0,0.0,0.00033569066641908244,0.0,0.0,0.0,0.0,0.07413518241663945,0.0631937935161905,0.0,5.08188428907353e-05,0.0,0.0,0.00031063912414900166,0.0,0.0021783594143746977,0.06783517966608237,0.0,0.0,0.0006646327541041839,0.0,0.007735200494650371,0.012770867244515424,0.000905741067054594,0.0006418307380787635,0.001190408388197063,0.0005301724353892605,0.0,0.0009270093151859279,0.0
HSM7J4HQ,0.0,0.0001512258195901126,0.005386778396018262,0.0406648543045378,0.0016529193374759613,0.000636999776330674,0.0,0.0022837815389596646,0.0,0.0,0.0,0.0,0.0,0.001971469533631847,0.0,0.046583790624582753,0.010999037205676873,0.0016760610131284735,0.004036612545665819,0.12577299485178206,0.024595475963395497,0.0,0.0012334513122789024,0.010264037463756865,0.013402451146161915,0.0,0.0,0.04066465307257561,0.00017919706233532305,0.0,0.0,0.0,0.0,0.002291528969504201,0.0,0.00039401218197929536,0.0,0.0,0.00023272476427939486,0.009076366422877498,0.0,0.0,0.006249661049913675,0.005051827794943422,0.0,0.024143609592284922,0.0,0.0,0.0064747389996296315,0.0015503916527372223,0.013085007725798107,0.0008683159168746985,0.0,0.10376224282680999,0.0,0.0,0.32383253516352456,0.00094699761409324,0.0003524577817858712,0.001960502391692178,0.0,0.0,0.0,6.147636445080424e-05,0.0,0.0016108618573770477,0.00010011290119238991,0.0,0.0,0.03504303697667489,0.059499864118117515,0.05351532617839675,0.0,0.0005733098602957162,0.0,0.0002748828603594063,0.0013995682970715012,0.0,0.0,0.001131124859502359,0.0,0.0,0.0,0.0009743651609518632,0.002681415896258483,0.005533878960383361,0.0011001351373242122,0.0003024516391802252,0.0005686815251652139,0.0003895850788109887,0.00020284181789332467,0.002495980643095092,0.0001123880508863312
HSM7J4HS,0.0,0.0,0.0,0.037382187515152994,0.0,2.94437913390573e-05,0.0,0.0004155074889665569,0.0,0.0,0.0,0.0,0.0,0.0,0.011402983273764562,0.00041561043928592416,0.04583451168553042,0.0,0.0,0.010267544201462243,0.009108632456344174,0.0,0.018302301876485762,0.005778086674491577,0.014939738545309927,0.0,0.0,0.010717540047416858,0.000288878596144737,0.0,0.0,0.0,0.0,0.0007663621773704285,0.0,0.00046657084737275413,0.0,0.0,2.2443169622078643e-05,0.009021330585520675,0.0,0.00405809568882154,0.00856093675730996,0.0,0.0,0.03762226765991762,0.0,0.0,0.0,0.00040428590415551754,0.0021664865207661602,0.006141089500580794,0.0,0.45100578858760704,0.0,0.0,0.2411827426850452,0.0,0.0,0.0,0.0,0.0,0.0,0.0,0.0,0.0003917259651927029,0.0,0.001123702735894442,0.0,0.004009709038718894,0.024676676800752938,0.005542948145056588,0.0,0.0004092275194851495,0.0,0.0,0.000896285480412003,0.0,0.0,0.0,0.0,0.0,0.0,0.0,0.015398794019368866,0.013877908951355251,0.00021732812418444043,0.0027159323752296177,0.0,0.0001627644549197538,0.0002895992483803083,0.0013919912681657123,0.0025940391970986952
HSM7J4HU,0.0,0.0,0.0,0.1411045120756572,0.0,0.0,0.0,0.03303925518114746,0.0,0.0,0.00014822135383026752,0.0,0.0,0.0,0.06174512658063313,0.0017301895762199346,0.2731837442991206,0.0,0.005938023523162132,0.0755119783207881,0.014689330662191748,0.0,0.00033332171208057444,0.0034666264154837013,0.0027201792440529585,0.0,0.0,0.026343499108152823,0.0010439982644700218,0.0,0.0,0.0005122755695942081,0.0,0.004445532229529281,0.00015789453531749097,0.0009466618757548358,0.0002608736132335572,0.0,0.0038366256073699974,0.0016444408528279851,0.0,0.0,0.005131018205129084,0.007032503703518601,0.0,0.008637546494247583,0.0,0.0,0.07082401198023527,0.0,0.000624424017461705,0.00080257177651807,0.0,0.10036590824221568,0.0,0.0,0.05099026172606236,0.0012699073571195525,0.0,0.000765088198255079,0.0,0.0,0.0,0.0,0.0,0.0002546263501897254,3.929729979184523e-05,0.0,0.0,0.0063169905603855415,0.06858396512979295,0.019174160191512874,0.0,0.0020332825961529356,0.0,0.0,0.0,0.0,0.0,0.0005581224193513608,0.0,0.0,3.7886627491625144e-05,0.0,0.0005555025993652379,0.0014331422947164482,0.0,0.0,0.0017674716298686083,0.0,0.0,0.0,0.0
HSM7J4JZ,0.0,0.0,0.0,0.010544168471342236,0.0005222401872579799,0.00015329985952849693,0.0,0.0035770300773924147,0.00016130507412528524,0.0,0.037399361944370574,0.0,0.0,0.0,0.034396205688385424,0.001996800715986394,0.08338761869481782,0.0,0.03279886518077877,0.03477755409873993,0.0021452974467568177,0.0,0.009704821720868978,0.013921668574909701,0.0027076637721811995,0.0,0.0,0.009582341937538116,0.028828478871136667,0.0,0.0,0.0,0.0,0.000756592844578959,0.0,0.0,0.0,0.0,0.0,0.010984755469712976,0.0,0.0,0.0034785659378519175,0.0,0.0,0.06260408029790608,0.0,0.0,0.0,0.0,0.002200633492657118,0.0,0.0,0.34727621572692463,0.0,0.0,0.18447916973116293,0.0,0.0057320338468478385,0.0,0.0,0.0026819470202890175,0.0,0.0,0.0,0.0003107023915378479,0.0,0.0,0.0,0.007580337832063809,0.009686910053208663,0.0001517988817915991,0.0,0.00013008473719781067,0.0,0.0,0.0,0.0004020619031236949,0.0,0.002000403062554949,0.0,0.0,0.0,0.0,0.009080214851954566,0.023126464579026784,0.005565225187687261,0.0032262015476881654,0.0007922160495346672,0.0033250659479585015,0.00023135070184718333,0.0016984063418911083,0.005893839246885423
HSM7J4K2,0.0,0.0,0.002806177815828401,0.07197554277531597,0.012738371445801755,0.0,0.0,0.01981923773995318,0.0067215722204113475,0.0,0.062333867786187894,0.0,0.0,0.0,0.032276901305351706,0.022796803534116217,0.27606278566331555,0.0,0.15537241246198832,0.03533115120664345,0.002537383001676239,0.0,0.004451382276080405,0.0011988148601386,0.00230983342530087,0.001047749171291072,1.711877587337792e-05,0.007220219136348747,0.0,0.0,0.0,0.0,0.0,0.0002576826263045308,0.0,0.0,0.0,0.0,0.0,0.0014686107722950532,0.0,0.0,0.0012240425298467358,6.306917427033971e-05,0.0,0.0017862591690566212,0.0,0.0,0.0,0.0,0.002839614489171724,0.0,0.0,0.06427149297349333,0.0,0.0,0.11432639318804864,3.7841504562203825e-05,0.0004861331908837613,0.0002640896535319939,0.0,0.0,0.0,0.0,0.0,9.670606721452089e-05,0.0,0.0,0.006467293327321406,0.005667215802291954,0.00841553015347233,0.00533775444907975,0.055990610501598155,0.00048733450848891067,0.0007380094487634037,0.0,0.0,0.0029984887424527222,0.0,0.0,0.0,0.0,0.0,0.0,0.0010970031931021946,0.002971358986536433,0.00011652780769948479,0.0,0.0008245043163341553,0.002573322420030289,0.00032495641219289315,0.0018508299903333978,0.0
HSM7J4K4,0.0,0.0,0.0,0.0,0.0,0.0,0.0,0.0018307762136530667,0.0,0.0002459266581592405,0.003809709464950743,0.0,0.0,0.00205907228450639,0.012850394148808768,0.001304262765471817,0.13657394213220517,0.0,0.02908425827968943,0.0954425833378328,0.0008491732306378335,0.0,0.0,0.0,0.005438635488709362,0.0,0.0,0.002806068247803113,0.0,0.0,0.0,0.0,0.0,0.0,0.0,0.0,0.0,0.0,0.0,0.0,0.0,0.0,0.0020577700252167484,0.0,0.0,0.0252387867711693,0.0,0.0,0.009239529660007148,0.0,0.0,0.0,0.0,0.23708131236882868,0.0,0.0,0.19788230601270143,0.0,0.0,0.0,0.0,0.0,0.0,0.0,0.0,0.0,0.0,0.0,0.0,0.0,0.0,0.0002869979126787063,0.0,0.0,0.0,0.0,0.0,0.080021228829897,0.0,0.0,0.0,0.0,0.0,0.0,0.003725964175247637,0.009604663130064348,0.0,0.0004260391352958247,0.14214059972646542,0.0,0.0,0.0,0.0
HSM7J4K6,0.0,0.0,0.00014809056868815394,0.02510226804678115,0.0029585521590464203,0.0,0.0,0.015236217697617398,0.000676898156465936,0.0,0.01743415062216373,0.0,0.0,0.0,0.023875071855499468,0.016017818126855977,0.30293280436278497,0.0,0.10592651530058723,0.02468620891810776,0.001164354457526118,0.0,0.0029169971714090286,0.003727930533097531,0.006980524969862452,0.0,0.0,0.01812673374945358,9.07487597669499e-05,0.0,0.0,0.0,0.0,0.006125184807659483,0.0,0.0007238512184777922,0.0,0.0,0.00043877178123010114,0.00708624574723405,0.0,0.0015955893047239472,0.003251270380786279,0.0030186439303848045,0.0,0.01925248688267928,0.0,0.0,0.023290246514779123,0.0,0.003971658683627622,0.001409304813574956,0.0,0.06046596992804064,0.0,0.0,0.07356393907061051,0.00032337521016842415,0.0,0.0,0.0,0.0,0.0,0.0,0.0,7.404528434407697e-05,0.00016550699733029582,0.0,0.0,0.007825781936535759,0.0035934879260353827,0.0037338378597714735,0.016658661220518883,0.0017135321372830133,0.0,0.0,0.0,0.002451846121065976,0.0,0.0004725861339154293,0.0,0.0,0.00030178291267056397,0.0,0.0024535775788842007,0.008094259748820474,0.0,0.0,0.1766107344681105,6.864720996961192e-05,0.0,0.002083860409463294,0.0011794283255906618
HSM7J4K8,0.0,0.0,0.0,0.023544956454680167,0.0022108788604329097,5.804023854033343e-05,0.0,0.008755092400059757,0.0006870954847722603,0.0,0.03068622740468279,0.0,0.0,0.0001625126679129336,0.013476842449520134,0.006512518522406561,0.09352159904390063,6.63172812539114e-05,0.04076483912255273,0.008021463784909942,0.0006781118652416694,0.0,0.003659563214399632,0.0027014450505303367,0.0020052650066821978,0.0,0.0,0.015335038538718393,0.019528370068598516,4.925849810031776e-05,0.0,0.0,0.0,0.00045937587060357815,0.0,0.0,0.0,0.0,0.0,0.0026007073843333753,0.0,0.0016882138949340462,0.003547318440039892,0.0031834313792783227,0.0,0.013088023321072544,0.0,0.0,0.0,0.0,0.0012615424370036297,0.0,0.0,0.2413767346460858,0.0,0.0,0.11608451466247835,0.0003275488244580556,0.0,0.0,0.0,0.0,0.0,0.0,0.0,0.0008302277599899869,0.0,0.0007375652574160285,0.0,0.003982166001138598,8.408264122451783e-05,0.005407937078325049,0.019233828475449487,0.001651270021358808,0.0016159411805081701,0.00292542990152338,0.0,0.019397249599270007,0.0,0.0,0.0,0.0,0.0,0.0,0.0025437774807912047,0.017567114703661686,0.0,0.00017886487424951448,0.26780169820690997,0.0,0.0,0.0,0.0
HSM7J4KA,0.0,0.0,0.0,0.0,0.0,0.0,0.0,0.0,0.0,0.0,0.0,0.0,0.0,0.0,0.0010643402023058398,0.00489313791791919,0.07180141057908247,0.0,0.0023415083456021003,0.054529465792845726,0.0,0.0,0.0,0.0,0.0,0.0,0.0,0.023848458486120667,0.0,0.0,0.0,0.0,0.0,0.0,0.0,0.0,0.0,0.0,0.0,0.0,0.0,0.0,0.0,0.0,0.0,0.014744575393721666,0.0,0.0,0.0,0.0,0.0,0.0,0.0,0.0,0.0,0.0,0.1153371052232167,0.0,0.03456574378403066,0.0,0.0,0.0,0.0,0.0,0.0,0.0,0.0,0.0,0.0,0.0,0.0,0.0,0.0,0.0,0.0,0.0,0.0,0.0,0.0,0.0,0.0,0.0,0.041089727177235844,0.0,0.0,0.08403866631566262,0.0,0.0,0.08420898881766108,0.15808915596027506,0.002526767900453866,0.08462852953035299,0.22229241857351345
HSM7J4M4,0.0,0.0,0.001068140864134113,0.005653038131451087,5.379208126205509e-05,4.122172121976432e-05,0.0,0.0,0.0,0.0,0.0,1.6760480056387693e-05,0.0,0.0,0.0028422603274001236,0.00372207228387361,0.0066035158957298825,0.00030384032426546067,0.017160919633951117,0.06886077205112943,0.0,0.002753135342235413,0.09664194722351324,0.009477371992966034,0.008009584276676569,0.0016786526748367213,0.0,0.0,0.0,0.0,0.0,0.0,0.0,0.0,0.0,0.0,0.0,0.0,0.008080363330968747,0.06015472188021784,0.0,0.004155919575062943,0.015121690144928323,0.0,0.005171061083343073,0.012403887706595566,0.0,0.0,0.008761201210016063,0.0034518661662077924,0.011587154043307268,0.00116236194120786,0.00026703521603352825,0.09176068390006406,0.0023372942424580104,0.0,0.3536948251791333,0.0,0.045084785379787946,0.0010616858143826663,0.0,0.0,0.0,0.0,0.0,7.11187937527802e-05,0.0005883154992765815,0.0,0.0,0.028500969842913535,0.0,0.0005687238570485066,0.0005459613131881423,0.0,0.001729500347440222,0.00011924855067146107,0.0,0.0,0.0004980580492431964,7.847981539916669e-05,3.7824326613739786e-05,0.0,0.0,0.0,0.0018972183944909661,0.004178229132975837,0.02797686510169082,0.006307602825545146,0.06204865612658964,0.001804582768233364,0.00033713479140450107,0.0016412813341704514,0.011926667010935987
HSM7J4M6,0.0,0.0,5.863705976824149e-05,0.026272985488581653,0.0,0.0,0.0,0.0,0.0,0.0,0.0,8.479086035733494e-06,0.0,0.0,0.05162031751430456,0.005220011980590296,0.11038671320052773,0.0,0.07673274302971357,0.08495948668807375,0.0,0.002882769828402406,0.0872239997783495,0.006132051136293067,0.002520199332564562,0.0,0.0,8.777645403188898e-05,0.0,0.0,0.0,0.0,0.0,0.0,0.0,0.0,0.0,0.0,0.0023676952076683417,0.019788037179956298,0.0,0.002783170423419283,0.006357881441836335,0.0,0.002693483189435679,0.005913863950556657,0.0,0.0,0.004082739638079169,0.0,0.016044819254547413,0.0003231606593337301,0.0,0.05521115073856421,0.0005365708951908534,0.00015393720986000666,0.3160023999396193,0.0,0.027815582028350237,0.0002400417314341454,0.0,0.0,0.0,0.0,0.0,0.0,0.00043458301526808714,0.0,0.0,0.00912457138817208,0.0,0.0008197245992855592,0.0017449003671563673,0.00018558450281027958,0.0,0.0021904703671468133,2.6273224336075616e-05,0.0,0.00026846458321589994,0.0003526583248383241,0.0,0.0,0.0,0.0,0.0004505857973636968,0.0038667020797884376,0.013085618228076424,0.002358380155403733,0.04747010345918048,3.9529260251095584e-05,0.00013650134280061103,0.001766754912854103,0.0012578903269631113
HSM7J4M8,0.0,0.0,0.00022063081277894601,0.0189148627579505,0.000804701594783919,2.0184627504366826e-05,0.0,0.0,0.0,0.00020452978043442223,0.0,0.0,0.0,0.0,0.04032048521511038,0.026148426549948964,0.10814340046102625,0.00036145650871981743,0.06711610326082075,0.041820681402689276,9.275594720214811e-05,0.010093130471215381,0.10299037006589407,0.011026523650608066,0.003190571235459047,0.00048454773425222786,0.0,0.000668659538887435,0.0,0.0,0.0,0.0,7.467145435141484e-05,9.065581254851459e-05,0.0,0.0,0.0,0.0004014757412862789,0.00019986281453745878,0.042717905596380494,0.0,0.0012857491046134241,0.006471448261024336,0.0,0.0030387781696603116,0.005691714933789172,0.0,0.0,0.0002697506288444861,1.866786358785371e-06,0.015292130480432639,0.0022827296943522366,4.07192774510059e-05,0.10603451524633589,0.0014408090465400341,2.4734919253906167e-05,0.23918666918527262,0.0,0.04487859413252714,0.0007422809259120331,0.0,0.0,0.0,0.0,0.0,0.0001670773791112907,0.000977729355413838,0.0,0.0,0.016908534118845922,0.0,0.008730493103449484,0.0,0.000962561716248707,0.0,0.0005236335736392966,0.0006180229589053819,9.158920572790726e-05,0.0013951894548972165,0.0007840502706898557,3.6285659848890645e-05,0.0,0.0,0.0,0.0014670607297104536,0.0019979281004900433,0.01195758334705227,0.012598357764705347,0.034905404684863715,0.00012519136018604394,0.000314553501455335,0.0001181909113405988,0.0025314789766603873
HSM7J4MA,0.0,0.0,0.00037663520387982643,0.02701420782318693,0.0005836889162009739,3.184576118852431e-05,0.0,2.3631130210565743e-05,0.0,0.00017745853496220086,0.00016384250279325582,0.0,0.0,0.0,0.03633612604529772,0.011848311100003228,0.11652510306829969,0.00010712779028789804,0.07024297190494928,0.03153506809085112,4.2085917613102806e-05,0.0049680512746012725,0.08342137804823292,0.014806703543983103,0.004899295938607673,0.00029550165682355067,0.0,0.0004727351334027938,7.303144526979605e-05,0.0,0.0,0.0,0.0,0.00013661043845536577,0.0,0.0,0.0,0.0005298999626740671,0.0002778345737613658,0.07207359679192778,0.0,0.0012244301324817422,0.005167565531093334,0.0,0.0030035166497629066,0.006210598606911115,0.0,0.0,0.00040544267689842083,0.0,0.015337841327763436,0.0007159107161886631,0.00016361744441029807,0.10630340143112374,0.008686353348638052,0.002011009180919145,0.25540525531579455,0.0,0.01960978702387633,0.0008615234899623397,0.0,0.0,0.0,0.0,0.0,0.00017171954619677775,0.0008493703372826202,0.0,0.0,0.015675766489774527,6.89803943765562e-05,0.0020706496524029536,0.0,0.0005016551356128671,0.0,0.002062322492233516,0.0003353369906070758,0.0,0.010531832088891758,0.0,0.00012963362858367495,0.0,0.0,0.0,0.0007512448823130328,0.0033264754293073047,0.01204478706832536,0.0029100048916439534,0.044660585514139685,4.456155982563826e-05,1.800467063662152e-05,7.33690328442327e-05,0.0017047047217136214
HSM7J4MC,0.0006046482542068321,0.0007599331710386435,0.0026417251567652698,0.033573528736287356,0.004319975473173506,7.360261560452926e-05,0.0,0.0,0.0,0.002811730596717987,0.0,1.2838952496429165e-05,0.0,0.0009092413341221171,0.0477468468473454,0.04192216827771539,0.22969550099861588,0.001811288427621235,0.04784170014294402,0.03757452264829958,0.0002739345467988119,0.018900819645368206,0.08075280533879062,0.010742218737012319,0.004334363954419504,0.0024366339586973105,9.518533747352657e-05,0.0006835635398098838,0.0,4.449361123762521e-05,0.00011211947309381674,0.00012905360871410694,0.0,0.007787488772834103,0.00018306575369908483,0.0,0.0007207522297995407,0.009005418369995367,0.005879465478989773,0.031257093936306615,0.0,0.00042047569425805514,0.0040267824976300505,0.0,0.0017405635082659054,0.003899499778915451,0.0,0.0,0.0025955713361531063,0.0002699500442999201,0.0041645798757167255,0.0015854999526840326,8.23463849770974e-05,0.07521744592283014,0.0012104033146633562,0.00015229653995764252,0.15870384133711046,0.0,0.01928211439838716,0.0002299943386860328,5.534031248460847e-07,0.0,0.0,0.0,0.0001953513030706679,0.0003095737080388998,0.0007043714973040965,0.0,0.003336467439697044,0.008280681637696933,0.0,0.007515989199784615,0.0015031535677069352,0.0005086881523585211,0.0,0.0001529606237074578,0.0006460428079453193,0.0,0.001022910335965503,0.0,2.8444920617088755e-05,0.0,0.0,0.0,0.0006420583054464274,0.0022833412931149454,0.0064832282881968515,0.0069901455505558645,0.059622324503417534,0.0,3.5639161240087846e-05,0.00014952952433341208,0.0003694519261472461
HSM7J4ME,0.0,0.0,0.00010421171829588101,0.020352129014787636,0.0003957550564228779,5.4317098001879224e-05,0.0,0.0,0.0,1.655594218846423e-05,0.0,1.4514798630982339e-05,0.0,0.0,0.008592987583270154,0.004565697947494078,0.06910019361380612,8.822276042893953e-05,0.028130927112351125,0.029195043286985016,5.454389173048832e-05,0.004763575475705517,0.07645182572353437,0.01215194816946844,0.006779658326176103,0.002165539917623982,0.0001554671009615374,0.0005457791078977969,0.0,0.0,1.8370292017337024e-05,0.0,0.0,0.00015852881629776025,3.401905929136486e-06,2.3019563453823554e-05,4.842046105804265e-05,6.747113426120697e-05,0.00039121918185069585,0.07026183109174193,0.0,0.002999687251448249,0.008592760789541545,0.0,0.0017454045353756263,0.007136745051871129,0.0,0.0,0.0015418571639489599,0.00037307568356196794,0.009644403309101938,0.0011064132050194898,0.00045664917255442095,0.14003492169833126,0.0001943622254179979,0.0005076777614914682,0.3080663952248127,0.0,0.06873766383862448,0.001056518584725488,0.0,0.0,0.0,0.0,0.00034608722985748517,0.00018132158602297472,0.0006579286066949963,0.00017168285255708798,0.0,0.015922960891916235,6.463621265359323e-06,0.003406555200572972,0.0,0.0006973907154729796,0.0,0.0006045186836075536,0.00033247960614093925,0.0,0.001959724608911225,0.0,2.0411435574818914e-05,0.0,0.0,0.0,0.0013926268905241727,0.0013630303089406852,0.005345754977045074,0.006703795823956359,0.07032079746118029,0.00016726037484921056,7.586250221974363e-05,0.0017382605329244398,0.001739394501567485
HSM7J4NC,0.0,0.003251634113843206,0.035118657157322306,0.0,0.025075561278853027,0.0008358318680721206,0.0,0.0,0.0,0.0,0.0,0.0,0.0,0.04026569083682749,0.0,0.0412095574539589,0.08888970035437618,0.06968281663436553,0.09588371466439073,0.13143118201615842,0.001702429934522469,0.0,0.0010715715585964442,0.0,0.0021092498625860535,0.00368468096511446,0.0,0.004790952760570283,0.0,0.0010702602124360609,0.000530994322173744,0.001186566529583919,0.0,0.0010817597095348084,0.0,0.0,5.366431979415498e-05,0.004389277344366664,0.0023032282215412416,0.0,5.850621330941708e-06,0.0,0.004570343987281154,0.0,5.9615813906664644e-05,0.004073848156403652,0.0,0.0,6.25411245721355e-05,4.2063949913839516e-05,0.007537617729884279,0.0005031534344609868,0.0,0.0,0.0,0.0017860534704423083,0.11911965902578885,0.00019428097729989188,0.0035703921035979613,0.0008488444568943874,0.0,0.0,0.0,0.0015299374780412566,0.0,0.0025597477050685654,0.003120802116149561,0.0002772992765303234,0.0424443411731323,0.012355200904788503,0.0020026273324687195,0.0,0.210740389068336,0.002460690633568828,0.0,0.0,1.9771065187320254e-05,0.010830105320262509,0.0013737864121740539,0.0,0.0,0.0,0.0,0.0014586204214727086,0.00047864134853997246,0.00307833467510945,0.0,0.0,0.00727645809840483,0.0,0.0,0.0,0.0
HSM7J4NE,0.0,0.006855172974457748,0.06963845285610995,0.0,0.02803749733631201,0.0007249953090350244,0.0,0.0,0.0,0.0,0.0,0.0,0.0,0.040303087660893945,0.0,0.0661160206000083,0.15495684106928548,0.026621790794869135,0.05097539224473658,0.24050074460087384,0.002587523962927212,0.0,0.001279494057358287,0.0,0.0025634019329649816,0.002008492596897681,0.0,0.0026914026621688153,0.0003103016875566868,0.0005514193402429777,0.0001634139221271073,0.00017798978704045484,0.0,0.0016958300298127763,0.0,0.0,0.00012882190469190932,0.0017806163989566148,0.00663961440883782,0.0,4.054553972374836e-05,0.0,0.005377878271409175,0.0,0.00045226240005781076,0.014024034985360496,0.0,0.00013272248826026994,8.273343042364854e-05,0.0007858649420886517,0.017749913468632948,0.001730319400311965,0.0,0.0,0.0,0.001972360875422341,0.08333237529526392,0.0,0.0037245440731043275,0.0007702626078152094,1.2009691513110272e-05,0.0,0.0,0.0035228428438456804,0.0,0.0019126203586648182,0.0016769429935870302,0.004828203929078358,0.03845102899447472,0.013336813748776963,0.0007088797400815346,0.0,0.057173624828733595,0.0011340433490328401,0.0,0.0,0.00011804397641091295,0.0007818617115842816,0.0004521597531218013,0.002551084300643843,0.0,0.0,0.0,0.02071343315816292,0.0027961025368984944,0.006389053238038656,0.0008636713195838447,0.00016885420973561025,0.004924589401991269,0.0,0.0,0.0,0.0
HSM7J4NM,0.0,0.0009058042063257364,0.013325264083386143,0.0,0.0055923121141329595,0.0007623750202588631,0.0,0.0,0.0,0.0,0.0,0.0,0.0,0.03922604877753613,4.88963134318886e-06,0.02216174472640526,0.06513151936839001,0.021079404455126478,0.07789569825514524,0.17926712779285808,0.0025965979778725845,0.0,0.006963446236618836,0.0,0.003314253244805199,0.0021487892406922044,0.0,0.006231325810295954,0.0,0.0005084197923719918,0.0002721894781041799,0.00041398878705665684,0.00010675695099295678,0.0005505928627069956,0.0,0.0,0.0,0.003653165817279977,0.0011610837093680548,0.0,0.0010009482828786196,0.0,0.003872791758444877,0.0,0.0006174178243972434,0.005053943329783936,0.0,0.0008566022909348985,0.000184787317844679,0.0002890994531660414,0.0038901092027853372,0.0015429842907350346,0.0,2.7707910944736876e-05,0.0,0.03334280359848344,0.23146903574738167,0.0006424771850310863,0.013703904910524329,0.0012972803157397944,0.00017806407474779432,0.0,0.0,0.009127413707938856,0.0,0.0013758200191897655,0.00503448667173083,0.0022486192139489773,0.008974612728464204,0.004859784218531478,0.0012968728464611955,0.0,0.16396665638146293,0.004247459760116723,0.0001336499233804955,5.195233302138164e-06,0.00010522894119821027,0.01974066414028923,0.0058210042467466885,0.0,9.850569810132559e-05,0.0,0.0006466537451367268,0.0047316351304120706,0.003161655999969847,0.005614824791775558,8.709655830055158e-05,0.0,0.00746188303166515,0.0,0.0,0.0,1.7521178979760083e-05
HSM7J4NO,0.0,0.0,0.0,0.0,0.0,1.9225510971358263e-05,0.0,2.0649622895162575e-05,0.0,0.0,0.0,0.0038492558540494147,9.73143147932949e-06,0.0006452413774770053,0.0,0.0018366296777329659,0.0,0.00012508449730747905,0.011406543129704317,0.029493476617981025,0.0,0.021712959798269798,0.0,0.0010397203803708007,0.0012996208064650883,0.0025759811181747063,0.00016424757521209775,0.0006971027867022125,0.0935859897767752,0.0,0.0,0.0,0.0,0.00036991307220817095,0.0,0.0,7.191765215211795e-05,0.0,0.0002622739459672948,0.0040823355055787216,0.0,5.6133744996620105e-05,0.0,0.013154403164186814,0.0008798638169237664,0.0,0.0,0.0,0.0007013751224736255,0.0,0.000545790894798004,0.0003618431046399465,0.0003080828795163336,0.0017047806487874163,0.0,0.0,0.04698513132210753,1.9937566933260417e-05,0.0,0.0,0.0,0.0,0.0,0.0,0.0,0.0,7.191765215211795e-05,0.0,0.0,0.0,0.003151678363372601,0.047422096330728164,0.0,0.00025040634660225883,0.0,0.6894268234329073,7.761409984733521e-05,0.0,0.008522835159994227,0.0,0.0036888059106341287,0.0,0.0,3.8451021942716526e-05,0.0006056035955977852,0.0,0.0,0.0,0.008175589202573276,8.485333546000714e-05,0.0,0.00020305462513576535,0.00029502852021479406
HSM7J4NS,2.7012917017287522e-05,0.00019748487142120556,0.0,0.0,0.0,0.0003272760185241887,0.0,0.00014109137135324276,0.0008079122233019021,0.0,0.0,0.005447138573358528,2.1524236667161372e-05,0.0018285915260586943,0.0,0.004741896958958986,0.0,0.00033728478857441863,0.01647583457806201,0.022860784143008756,0.0,0.027659289844402378,0.0,0.004573146943488441,0.0020491073307137625,0.007227623430466117,0.0008012397099350821,0.00481260407641061,0.0002293407416886044,1.3452647916975857e-05,0.0,2.529097808391461e-05,0.0,0.0006969547832826852,4.218750386763628e-05,0.0005414421733624444,4.595424528438953e-05,7.974729685183288e-05,0.0013707710121481718,0.028482914760471306,0.0,0.0016687740688050212,0.0,0.12047976232076907,0.0017626197406738447,0.0,0.0,0.0,0.0017813458265742749,0.0014992707050511254,0.023412880813521445,0.005862125856301399,0.0014645090628336596,0.025690790780007133,0.0011419683763762465,0.015305023724551765,0.21146809177202697,0.00026442524745607743,3.583785405082368e-05,0.0016531689972213292,0.0,0.0,0.0,0.0002148118819382705,3.5514990500816264e-06,0.0004082071483927154,0.0008330955802024808,0.002576773992609223,0.006658199749436363,0.00979180574462505,0.00455571231178804,0.06605659087731822,0.0,0.000864736208103208,0.0,0.23043094427579613,0.012789055700527272,0.0004947345797947041,0.05281036038998044,0.0,0.00024386960143893833,0.0,9.858100393559908e-05,0.0001554049887369051,0.0026045402579098617,0.004721126070575175,0.0009853795546226475,0.0014593432460335409,0.05126965552934503,0.0004850486732944815,0.00026012040012264516,0.0015620138549359006,0.0023108420485864448
HSM7J4NU,0.0,0.021214548820847716,0.0,0.0,0.0,9.967531916610302e-05,0.00020845289408469121,0.0007082903457767163,0.003680457782782645,0.0,0.0,0.01695143429637821,8.93369546077248e-05,0.06231662747265306,0.0,0.015808033650927145,3.93307347329606e-06,0.002279272264538971,0.040362660838825684,0.036577808048708985,0.0,0.08897376336584788,0.0,0.008008861326908864,0.001128454966252544,0.00866905580278356,0.0012479080263129358,0.003782605319560534,2.876762311896547e-05,1.0225991030569757e-05,0.00021924075275430325,0.00016001990359924544,0.0,0.001765163374815272,0.00015282799781950407,0.00044387543484341257,0.0011057555136352354,0.004470443683276111,0.0009327002808102087,0.014350998489362667,0.0,0.0012117237503586119,0.0,0.012311643706694755,0.0010523780879262174,0.0,0.0,1.3597196864823522e-05,0.002373216533786843,0.0,0.008865259982337129,0.0038484562068562913,0.00226039351186715,0.026783218991395897,0.01912147949188736,0.012088245133411538,0.17203375745724778,0.0,0.0006246844410872229,0.0009955170828551373,0.0,0.0,0.0,0.0005967034326629166,0.002761916566476302,0.0004090396412227903,0.0028687837914221463,0.0,0.05554511106044314,0.002548631610695847,0.006640488878785261,0.06714576745669378,0.0,0.0005097263221391695,0.0004900609547726891,0.15977942424973535,0.000285541134161294,0.00012080154239409329,0.011246230289542756,0.0,9.169679869170244e-05,0.0,0.0011485698277302581,0.00037004602707325506,0.0011935192388536418,0.005722621903645768,0.0010830560610179266,0.0037741773049749,0.07261206534340844,0.0001778872945207904,4.921960518010499e-05,0.0008404416144794639,0.002653700859196756
HSM7J4PC,0.0,0.0,0.0003102057934472566,0.009150385621436087,0.0018602068327965642,0.0005557663442247241,0.0,0.0,0.0,0.0,0.0,3.9518116543722674e-05,0.0,0.0,0.04834561859443881,0.023089658839871446,0.07512165526542353,0.0026562798741542144,0.02497293694302012,0.02676450103580866,0.0001595572509005219,0.00127108993934997,0.03912327802091444,0.008802831781428723,0.002968084666536766,0.0015613082461060374,0.0,0.0,0.0348049529677306,0.0,0.0,0.0,0.0,0.0004195087920956456,0.0,0.0,0.0,0.0,0.004916579083403555,0.0195387390614196,0.0,0.00118611456736,0.0024151736775536404,0.0,0.004765245255598837,0.013261982955128204,0.0,0.0,0.003674499553308225,0.0,0.01484065176110316,0.0035786738314001806,0.00017851680970473567,0.15315668659095477,0.01053991569620756,0.0006127592348470293,0.3105541467867316,0.0,0.018538108370553835,0.0005416037822263957,0.0,0.00029901280090019065,0.0,0.0,0.0,0.0009852117725611324,0.0004278464294011131,0.0,0.0,0.0,0.0,0.027768672367174008,0.0,4.237347178532113e-05,0.0,0.0010139937533964448,1.4390990417656233e-05,0.0,0.016573281321705106,0.0,0.0,0.0,0.0,0.0,0.002794821710476572,0.006654919354488697,0.0067530293605900195,0.0035887246818506074,0.06052873412508145,0.00016983652977027637,0.00028153802682160805,0.0013384763230516938,0.0064883950367986745
HSM7J4PE,0.0,0.0,0.0007063255484274108,0.0165751798362004,0.0021976720249936525,0.0,0.0,0.0,0.0,7.883344178108906e-05,0.0,0.00023939962880631952,0.0,0.0,0.041981638020858136,0.025237056025173687,0.17829611801214368,0.005721568291229234,0.038941925432952294,0.047261545751215744,0.0002157910148928935,0.0014334984693748646,0.020767434581704373,0.003966661323664571,0.0018773680233612066,0.002736942469121383,1.214946213088588e-05,0.0,0.0,0.0,0.0,0.0,0.0,0.00010589360743624396,0.0,0.0,0.0,7.621026245737506e-05,0.008167199793348694,0.007265654478409094,0.0,0.001957996272047995,0.0035952743562545357,0.0,0.003294160982306103,0.007168734905501345,0.0,0.0,0.005460078731275849,0.00035675238802510353,0.004870277569649208,0.0004016225606675798,0.00010906903503863459,0.12488915341581437,0.009342660254511902,0.00447003562967832,0.3028874715436817,0.0,0.0362524763157971,0.0004442837401953496,0.0,0.00023070171841716255,0.0,0.0,0.0,0.0001136250833377168,0.00013737175932081194,0.0,0.003727675881067259,0.005358879234208357,0.0,0.008951254286999841,0.0,0.00024285118054804842,0.0,0.00954782049004027,0.0,0.0,0.01579789038396304,0.0,0.0,0.0,0.0,0.0,0.001146881612741693,0.003025216070590584,0.00426501345621962,0.004066894386244379,0.02838183384809776,0.00045712351267458126,0.0010840633710422264,0.0003836744916105893,0.003719116032747771
HSM7J4PG,0.0,0.0035354751335490192,0.0002339929275449553,0.06425540376409387,0.007593108118275527,0.00012317680062770727,0.0,0.0813962187086858,0.0,0.001571847759493535,0.0,5.76114879026624e-05,0.004973075228135044,0.0025921945032621437,0.03893311263260854,0.05861882906800522,0.020051592377226268,0.0009440330191214251,0.1031477799155175,0.1811386867590314,0.0008163418854864195,0.00150004836785365,0.007864720487547966,0.0032768683427023665,0.0009573610499048768,0.005576706041682342,0.0009985274675666672,0.003234949536206026,0.0,0.0,0.0,0.0,0.00010748411922138507,0.0001230693165084859,0.0,0.0,0.0,5.041005191482959e-05,0.00018035835205348414,0.0068464159420445645,0.0,0.0009339295119146149,0.0052991820458527265,0.00043918011113857936,0.003033846749142815,0.004831303674882037,0.0,0.0,0.0008108601954061289,0.00015789417113621466,0.00528004987263132,0.0003679181400948011,0.00032331223061792626,0.052335629910680706,0.0006790846652407108,0.001010458204800241,0.16031256381869582,8.663220009243636e-05,0.02014252394208756,0.00033438309489772894,0.0,0.0,0.0,0.00012758364951578408,0.0,0.0001782086696690564,0.0007680815159560177,0.0,0.008849489987854297,0.008419660995087978,0.011227683609746662,0.04699775358190828,0.0,0.0002782763846641659,0.0006299644227565378,0.0005171060975740835,0.00013188301428463948,3.213775164719413e-05,0.007179401743392415,0.0,0.0,0.0,0.001481346131109129,0.0,0.0017399529219557816,0.003760761847437042,0.00850994765523394,0.005311542719563186,0.03460246998505972,3.966163999269109e-05,0.00010898889689048446,0.00034921590335028005,0.001680729172264798
HSM7J4PI,0.0,0.0,0.0002606266983284934,0.010281115807765688,0.0014216418496335237,0.0003062421011142192,0.0,0.0,0.0,0.0,0.0,0.00013719004305154205,0.0,0.0,0.035781157469069486,0.01130539936227833,0.02934296742865401,0.0020210603334761008,0.03423825658388999,0.039880927753110175,0.00012630194439665777,0.0016287449472059017,0.029630069398448592,0.014317162061784112,0.00202174800286483,0.0029397866368187585,0.0001127777797516436,3.908254359279519e-05,0.0,0.0,0.0,0.0,0.0,0.0,3.667570073224182e-05,0.0,0.00010658875525307779,0.0,0.0023148097740284005,0.018748618214322017,0.0,0.0028532549054036253,0.009411901700411557,0.0,0.009029099074018783,0.007953354926916215,0.0,0.0,0.004576783616689414,0.0,0.01013911207899304,0.002737382613402699,0.001321012895749435,0.10054700661526489,0.0025996195125272156,0.00028767502761852177,0.4405702933929985,0.0,0.026783805798497047,1.2607272126708125e-05,0.0,0.0,0.0,0.0,0.00045340335030233955,0.0006614233403930236,0.000780848590902386,0.0,0.0,0.023300301898322804,0.0,0.0069754890561428175,0.0,0.0002056131472301307,0.00041867604617149804,0.0004194783271250158,7.73628062320726e-05,0.0,0.0076950204598834875,0.0,0.0,0.0,0.0,0.0,0.004224696889659893,0.0023599667305549727,0.01253598373340983,0.009851437051374519,0.06797955742285809,0.0005296200408865296,0.00015736167845427506,0.0010014758531197783,0.004550422956788116
HSM7J4PK,0.0,0.0,0.0,0.0,0.0,0.0,0.0,0.0,0.0,0.0,0.0,0.0,0.0,0.0,0.0,0.0,0.09537185687706798,0.0,0.04249633412503667,0.24842673438020682,0.0,0.0,0.08240455046116003,0.0,0.0,0.0,0.0,0.0,0.0,0.0,0.0,0.0,0.0,0.0,0.0,0.0,0.0,0.0,0.0,0.0,0.0,0.0,0.0,0.0,0.0,0.0,0.017802985732321315,0.0,0.0,0.04960501146563813,0.0,0.0,0.0,0.08911960259042355,0.0,0.0,0.33727513633687733,0.0,0.0,0.0,0.0,0.0,0.0,0.0,0.0,0.0,0.0,0.0,0.0,0.0,0.0,0.0,0.0,0.0,0.0,0.0,0.0,0.0,0.0,0.0,0.0,0.0,0.0,0.0,0.0,0.0,0.0,0.0,0.03749778803126823,0.0,0.0,0.0,0.0
HSM7J4PM,0.0,0.0003849502414723371,0.002200273402793929,0.024704747849783517,0.004485099770825769,8.812248355930057e-05,0.0,0.00019799671938956775,0.0,5.722384058977367e-05,0.0,0.0002739605311666357,0.0,0.0,0.05631986007488181,0.0125910296889109,0.045909806080339816,0.002356774471697345,0.03158555215149928,0.041255935021380856,3.770303726967544e-05,0.004101153456381323,0.04475584773550315,0.009613493671634433,0.003932939905485848,0.0011903228127358185,7.585226432952455e-06,8.689546163632297e-05,0.0,5.32081324782106e-05,0.0,0.0,0.0,0.00026113257469914257,0.0,0.0,0.0,3.625292045161099e-05,0.0004348119505242451,0.02354788927131072,0.0,0.0016527985302508313,0.006632945873274291,0.0,0.006682584487431113,0.012421366021197361,0.0,0.0,0.005754175081527241,0.0,0.004338526424753717,0.0019730512521479856,0.0003292880651481713,0.12557788549542961,0.002034513895744409,0.0,0.3748741605357401,0.0,0.0089004823869369,0.0004567867976902985,0.0,0.0002213101359261422,0.0,0.0,0.0005697843620517814,0.0003156792765478742,0.0003860657159477713,0.0004454089580408699,0.007676360697595428,0.012448137408607781,0.0,0.004463124923659715,0.0,0.00023012238428207226,0.0003360924594483198,0.0006166342900200172,6.268966551940117e-05,0.0,0.0040306554695338824,0.0,0.0,0.0007571840739247245,0.0,0.0,0.0017894441534915188,0.0043296026289502436,0.019011366127167438,0.010026107680097537,0.06858037467672155,0.0002839998014455434,8.064880457389154e-05,0.00046660297307411937,0.0007734700012660636
HSMA33IA,0.0,0.007263956438123818,0.00034629687862660556,0.080519808276973,0.007970665268885254,0.0,0.0,0.0,0.0,0.006007184254030571,0.0,0.0,0.0,0.0,0.0725773731551042,0.10587377027728481,0.4707769689970371,0.019456196098063046,0.08497677539766037,0.0038902416129135316,0.00031138064415889077,0.0,0.0,0.0,1.3159918158044464e-05,0.00100758276606834,3.120174143923445e-05,0.0,0.0,0.0,0.0,4.9986463326120504e-05,0.0,0.0,0.0,0.0,0.0,0.0,0.0,0.0,0.0,0.0,0.0014585222197258474,0.0018525768658614853,0.0,8.002079267068973e-05,0.0008021182374072587,0.0,0.0,0.0,0.0,0.0,1.4964100486163464e-05,0.018697378236530643,0.0,0.0,0.03730794346456709,0.0,0.0,0.0,0.0,0.0,0.0,0.00013499528949219807,0.0,0.0,0.0006210632343619049,0.00040466748335986726,0.01642803525287367,0.001298162249267741,0.008597034921859273,0.037021609116257376,0.00853760303340359,4.775776750903233e-06,0.0,0.0,0.0,0.0,0.0013489977395718,0.0003340921158187417,0.0001092060950373206,0.0,0.0,0.0,0.0,0.0009486815194738666,0.0,0.0,0.0029250040673698668,0.0,0.0,0.0,0.0
HSMA33IC,0.0,0.00455408001453617,7.513288933323594e-05,0.028929934755940186,0.005932249833937453,8.718349222489863e-05,0.0,0.0,0.0,0.0016304989651675752,4.296301900505821e-06,0.0,0.0,0.0,0.06278447936837236,0.05030592289227882,0.35791233678899215,0.011791881686971234,0.046997560853186876,0.004358965035542467,0.0,0.0,0.0016992397955756682,0.0,0.00042711528162101773,0.0015586144992225266,4.1810352641507874e-05,4.788804801295513e-05,0.0003109055546048969,0.0,0.0,0.0,0.00029644483113490166,1.3098481403981163e-05,0.0,0.0,0.0,0.0014790805201375528,0.0,0.0,0.0,0.0,0.009531502948049012,0.008545449267957311,0.00018987558643211095,0.0024188179699847776,0.0,0.0,0.00011516184850380238,0.0,0.0,0.00044073770228115816,0.00033207270055373047,0.12110855906120983,0.0,0.0,0.10869958171833424,0.0,0.0,0.0,0.0,0.0,0.00012040124106539485,0.0006364814083822526,0.0,9.252767263772294e-05,0.001266151606434435,0.0,0.009112351543121617,0.00359474723650859,0.015095842636311443,0.0407095562643173,0.043198267731073714,2.6301750659194175e-05,0.0004983710204586753,1.6975631899559587e-05,0.00021261455014942224,0.017654866751244433,0.001731304878052614,0.0,0.0020180044390229537,0.0,0.0002525387214687568,0.0,0.00018065425552370819,0.021548888090871188,0.0,0.0,0.008946158011067903,0.0,0.0,0.00011631451486735273,0.0003502009988168404
HSMA33IO,0.06755051163178595,0.0,0.0,0.0,0.0,0.0,0.0,0.0,0.0,0.0,0.0,0.0,0.0,0.0,0.0,0.0,0.0,0.0,0.1372827742937605,0.2926926977612107,0.0,0.0,0.0,0.0,0.0,0.0,0.0,0.0,0.0,0.0,0.0,0.0,0.0,0.0,0.0,0.0,0.0,0.0,0.0,0.0,0.0,0.0,0.0,0.0,0.0,0.0,0.0,0.0,0.0,0.47148533312285273,0.0,0.0,0.0,0.0,0.0,0.0,0.0,0.0,0.0,0.0,0.0,0.0,0.0,0.0,0.0,0.0,0.0,0.0,0.0,0.0,0.0,0.0,0.0,0.0,0.0,0.0,0.0,0.030988683190390172,0.0,0.0,0.0,0.0,0.0,0.0,0.0,0.0,0.0,0.0,0.0,0.0,0.0,0.0,0.0
HSMA33IS,0.0,0.0029396087638988064,6.43681473117716e-05,0.043004294200664,0.006291043633931715,0.0,0.0,0.023276172251242795,0.0010768335916945067,0.0,0.0,0.0,0.001121566203159657,0.0,0.02882275599959897,0.031912427070564006,0.0474926395998824,0.0,0.019492885629245456,0.02163445940313953,3.315934861515507e-05,0.0,0.0,0.0,0.0022089327644142717,0.0,0.0,0.0,0.0,0.0,0.0,0.0,0.0,0.0,0.0,0.0,0.0038817243745529182,0.0005656594763761748,0.0,0.031448456263274305,0.0,0.00017619967597464753,0.0018398887198267809,0.007011186663856142,0.0034966858206334117,0.012786374862665033,0.0,0.0,0.0025071068286281954,0.002023240412169403,0.0,0.0024748577366416917,0.00017164839283139097,0.1243141378848939,0.0,0.006540583986843412,0.3018410980607763,0.0,0.0011856742771489568,0.0,0.0,0.0,0.0,0.0024928027958922463,0.0,0.0,0.0008249525788805639,0.0051815708402669965,0.0,0.006926272724069098,0.0007828207006401316,0.05416872178773362,0.0,0.0,0.0,0.12693918796526305,0.0,0.0,0.004411493732427984,5.682602096008928e-05,0.0,0.0,0.0025471581202888534,0.0003025953106959445,0.0030406472496791025,0.0,0.0010777438483231577,0.0022729108017423352,0.051797113160113234,0.0,0.0,0.0028765409831993933,0.0026649713353685805
HSMA33LB,0.0,0.0,0.0,0.0,0.0,0.0,0.0,0.0,0.0,0.0,0.0,0.0,0.0,0.0,0.04250273681303171,0.013670952357819892,0.08059603156854214,0.007853405748452662,0.026686707304914445,0.09415367162293649,0.004451491545120594,0.0,0.004005656320021388,0.0,0.004261826224738355,0.0,0.0,0.0,0.0,0.0,0.0,0.0,0.0,0.0,0.0,0.0,0.0,0.0,0.0,0.0,0.0,0.0,0.0008232847045763453,0.00023901814003829378,0.0,0.0034324554101147382,0.0,0.0,0.0033102905829840547,0.0053335348757896864,0.0,0.0009957982602799103,0.0,0.3748158536748652,0.0,0.0,0.2698370947522129,0.0,0.001426584195080409,0.0,0.0,0.0,0.0,0.0,0.0,0.0,0.0,0.0,0.0,0.0,0.0012493124078853412,0.0,0.004974122413361734,0.0,0.0,0.0,0.0,0.0,0.0006066191868934845,0.003056001839554426,0.0,0.0,0.0,0.0,0.004462225230113054,0.01589481696909285,0.0,0.002847192936659861,0.026953389581531245,0.0,0.0,0.00034624433341658395,0.0012136809999722252
HSMA33LH,0.0,0.004770581540708502,0.0018226673039477164,0.011155789660278085,0.0029388879010670103,0.0,0.0,0.0,0.0,0.000444139216546687,0.0,0.0,0.0,0.0,0.0562599541179394,0.042908372361360095,0.22390315068053673,0.01824309444537789,0.03353740464573535,0.0229831169459665,0.008609710488438947,0.0,0.0019428371948106177,0.00046915195401136335,0.0010206284395912482,0.0007508171280701094,0.0,0.0,0.0,0.0,0.0,0.0006508749292438593,0.0,0.0005909531103610913,0.0,0.0,0.0,0.0,0.0022448388119384703,0.00044305170622213586,3.316906489880988e-05,0.0,0.0,0.029001507833064984,0.0006351060295378678,0.0,0.0009863718643678872,0.0,0.0019006417942180336,0.0015839587877087404,0.0,0.0011901712991887715,0.0,0.0,0.0,0.0,0.3936635123429702,0.0,0.0,0.0,0.0,0.0,0.0,0.0,0.0,0.0,0.007663467755046998,0.0022774641216750046,0.0,0.0,0.0017340352124967982,0.011493135362953849,0.09177597504816311,0.0,0.0,0.0,0.0,0.0,0.0,0.00042021398940656184,0.0038736030250187178,0.0,0.0,0.0,0.001590157596558682,0.0,0.0,0.0,0.01448748629057297,0.0,0.0,0.0,0.0
HSMA33LH_TR,0.0,0.004667542561350233,0.0028383792507107315,0.013217309211275993,0.0051870842435593235,3.322209882070207e-05,0.0,0.0,0.0,8.895298120722183e-05,0.0,0.0,0.0,0.0,0.04191438502810947,0.027766207758020193,0.15756040280766778,0.027689266675735114,0.028154376059224943,0.013849719457230987,0.005249849120810161,0.0,0.0021387672999751,0.002232589969934542,0.0031505804073808474,0.0019433304580526638,0.0,0.0,0.0,0.0,0.0,0.0012367927277583191,0.0,0.01751659508765278,0.0,0.0004736583926326155,0.0,0.0,0.00421163147883682,0.0012766159602209197,0.00017541701038553114,0.0,0.0,0.040289748645063225,0.000871566071341806,0.0,0.00012141757288868966,0.0,0.0009218861884480813,0.0,0.0,0.0007733065738525635,0.0,0.0,0.0,0.0,0.46595562717965927,0.0,0.0,0.0,0.0,0.0008741632386763236,0.0,0.0,0.0,5.086119363429958e-05,0.008036717886052964,0.0025860211580401213,0.007014948970531567,0.0,0.0007503649290643262,0.007957612497655787,0.0721846949578269,4.382719876998156e-05,0.0,0.0,0.00010074844951815514,0.0,0.0006208312082552697,0.0,0.004537034902790733,0.0,0.0,0.0,0.0025407871602972764,0.003421984393837918,0.0,1.3310482589401808e-05,0.017759863094652575,0.0,0.0,0.0,0.0
HSMA33LJ,0.0,0.008838866887165644,0.0013013827725496074,0.051493579912383,0.00929501356758373,0.0,0.0,0.0,0.0,0.00028058468546771266,0.0,2.6957695961669754e-05,0.0,0.0,0.11177705356426794,0.03050521642649232,0.11693462242040123,0.01718317237716782,0.029258872283197786,0.012584077122373787,0.0020678799277264173,0.0,0.008250515172802201,0.0008616353571748695,0.00496875266066843,0.004688055651467543,0.00010300086332021318,0.00026418542042436357,0.0,0.0,0.0,0.0,2.9878113024183973e-05,0.0022009835515371615,0.0,0.0003228184091409953,0.0006364262721617534,0.0,0.00627395444014594,0.0005248888051203448,4.931011886322092e-05,0.0,0.0,0.020304761245796003,0.0011078489802914533,0.0,0.0,0.0,0.0006485572353445049,0.0,0.0,0.0002811463041335808,0.0,0.0,0.0,0.0,0.372695762856743,0.0,0.0006157587052578066,0.0,0.0,0.0,0.0,0.0,0.0,2.145383303616218e-05,0.016603806561458267,0.0,0.037167361688486306,8.008682175279388e-05,0.005157007237467424,0.01916164261328803,0.06483977356433983,0.00037055599573978544,0.0,0.0,0.002169195935049026,0.0,0.006300238193708569,0.0,0.0013705741921845598,0.0,5.616186658681199e-05,0.0,0.002878071015107767,0.015472931215866223,0.0,0.0,0.01164898204370337,0.0,0.0,7.660478602441155e-05,0.0002500326300444869
HSMA33LX,0.0,0.00114639962125138,0.0,0.0,0.0,0.00023034407396638635,0.0,0.0,0.0007687373209609669,1.1195741804910982e-05,0.0,0.008406782757271771,0.0,0.014208615688648412,0.0,0.015089199578729728,3.159194469702604e-05,0.001980094414466583,0.029175216352167927,0.024137575935673034,0.0,0.07751887286148858,0.0,0.005266876001173667,0.002078639112135552,0.0038015640118754662,0.0004229995121538644,0.0032228217548117017,4.3452780074505984e-05,0.0,1.0863195018626496e-05,0.0002354431246894151,0.0,0.0003654689181266486,0.00010175931660305229,0.0006818317608119549,0.0007584283705861479,0.0005408319234273335,0.0007773835374043635,0.017015753960604507,0.0,0.0014303945767383296,0.0,0.03994208365170068,0.0034924063495596572,0.0,0.0,0.0,0.0009387795776811,0.0,0.007221918557740153,0.0014440289949759935,0.001143074153388535,0.04139165509311475,0.0005206574183927414,0.013936038172823895,0.2403736850407264,0.00043951600253932713,9.632771909373904e-05,0.002848152375597849,0.0,0.0,0.0,0.0001378960673792996,0.0,0.00020229929498972812,0.0016680546800029747,0.0,0.015357786533118829,0.002671902578867072,0.00670048519684608,0.10389227169028097,0.0,0.0006021313810324401,0.0,0.2141224417314292,0.0016661702482140294,0.004464551454797967,0.021150973248052075,0.0,0.0003219052891233811,0.0,6.4957472254236e-05,0.0010632629246802587,0.0017953092502211707,0.0035811963414976145,6.573341475556646e-05,2.5827800401428304e-05,0.05635659302270284,9.865554659773043e-05,0.00011506118805443167,0.00037090051563596184,0.00025617187436781467
HSMA33LZ,0.0,0.0055477937122909255,0.0,0.0,0.0,0.0,0.0,1.558934056209379e-05,0.004143118695353233,8.54899321147079e-06,0.0,0.04717447602529145,0.0,0.0005074078911984721,0.0,0.029283570481985953,3.394453186907519e-06,0.0018885731768046204,0.016255910591611702,0.04328556415749107,0.0,0.0797475230863676,0.0,0.0,0.0009638989845933315,0.0029809585005468216,0.0002574755602513555,0.0015618256274426707,0.0,0.0,0.0,0.0,0.0,0.000395013774565312,0.0,0.0,0.0,4.412789142979774e-05,3.394453186907519e-05,0.0005113052263389956,0.0,0.0,0.0,0.0018420565960951469,6.21059212715672e-05,0.0,0.0002217709415446246,0.0,0.0040220498650201985,0.0008191947024403479,0.0,6.537465397007072e-05,0.0,2.9167153309723868e-05,2.8664271356107935e-05,0.0006312425722763945,0.05419081076262929,2.778422793728006e-05,0.0,0.0,0.0,0.0,0.0,1.26977693288022e-05,0.0,0.0,0.00018166610574375423,0.0005869889603581928,0.022562176010443854,0.0014558432557181136,0.01200731240648753,0.21442257899741182,0.0,0.0008097656658100492,0.0,0.4364939925093219,0.0,0.003034766869583726,0.003043315862795197,0.0,0.0,0.0,0.00011176551419114017,0.0,0.00010246219804924548,0.003096495629390081,0.0,0.0,0.005515986428724718,0.0,0.0,0.0,1.1943446398378308e-05
HSMA33M2,0.0,0.016279967071856857,0.0,0.0,0.0,0.0,0.0,0.000402556854286097,0.006268597932030176,9.846384945564376e-05,0.0,0.04524196346075242,0.00014620736715681055,0.012485101618127423,0.0,0.022884830499062876,0.0001296059041671962,0.0038478756424479947,0.025702385000520942,0.02778546788074883,0.0,0.09313615375015599,0.0,0.0011315328188024733,0.00032973940282820234,0.004244707854323879,0.00038343654863598947,0.0021615104812477887,0.0,0.0,6.285657366412607e-05,0.0,0.0,0.0011690864730134632,9.445659976849547e-05,6.995513025278876e-05,0.001252551759354352,0.0005026236036166001,0.0010340994049806678,0.0015920230542799145,0.0,0.0004205322314541622,0.0,0.00017380014357403165,0.0020804495447191893,0.0,0.0,0.0,0.000918690613990797,0.0,0.00458005740671409,0.0006037207885809413,0.00027879008537731693,0.009785245764623312,0.0019999610724316104,0.011166487485359226,0.14570130876774784,0.0,0.0,0.0007014976809473596,0.0,0.0,0.0,0.001667702826942915,6.984063740458452e-06,1.900581280190333e-05,0.0019278305780629414,0.0,0.05086779854296401,0.002813890730315531,0.008038657365267678,0.1573395067877085,0.0,0.0005584961135402677,0.0,0.22905095733195027,8.163340076962092e-05,0.0008494224408272337,0.02332299462914049,0.0,2.7249297872608387e-05,0.0,0.0008145021221249415,4.4079746558631215e-05,0.0008134716864911033,0.01326136312895215,0.00020860596942811967,0.00025028136617446194,0.05989945238070704,0.0,0.0,0.0006505483634964743,0.0006372671931047827
HSMA33M8,0.0,0.001225015451990837,0.0,0.0,0.0,1.2867085306477889e-05,0.0,0.0,0.00010707253130033387,0.0,0.0,0.014244437857722204,0.0,0.0023236577447216227,0.0,0.017488896394688654,0.0,0.004889837070532308,0.003582564180332201,0.048927666301333356,0.0,0.06169560612013722,0.0,0.0005761467215355948,0.0006471454601016959,0.0022521994673945765,0.00011373584333404562,0.00031179704930161595,0.0,0.0,0.0,0.0,0.0,0.00023137776613612918,0.0,0.0,0.0,0.0,7.410062520248426e-05,0.0022278439130644576,0.0,0.00022402514596099897,0.0,0.01738078990117619,0.0016065475082659535,0.0,0.0,0.0,0.0012400653464118066,0.0004956125536798716,0.00029479411514662734,0.0006608167382398287,0.00021632787171515952,0.007067361489273218,0.0,0.00047321003908377165,0.018085377706396094,0.0,0.0,3.090398167359422e-05,0.0,0.0,0.0,0.00015991948880908233,0.0,4.9400416801656185e-05,6.96201222832643e-05,0.0,0.009400210009213752,0.0029400141078399613,0.00234295837268134,0.059132298911582455,0.0,6.881592945160942e-05,0.0,0.6815488294398913,0.00022471445410241744,0.006407234059174806,0.018969185628384788,0.0,0.0,0.0,0.000587979844629945,0.00021575344826397748,0.0008519848627932146,0.002766078686822037,6.7781967239481744e-06,0.0,0.005182563261254679,0.0,0.0,0.0003678607781369839,0.0
HSMA33MA,0.0,0.000343107513714026,0.0015441012338601786,0.03562212190978667,0.002975007517952965,0.00021182955329914543,0.0,0.010622124845340352,0.004303639111955088,0.001755108832129893,0.03828772207023229,0.0,0.0,0.0,0.023795363257741255,0.008410596127581979,0.11007292972131846,4.931730176587643e-06,0.013884934045741324,0.012163407947671052,0.0008874765874916525,0.0,0.005116904902503803,0.013178052720430428,0.00643121099456441,0.001445466630328426,0.00022756412100540123,0.005400009699069346,0.0,0.0,0.0,0.0,0.0,0.000218287771387534,0.0,0.0,0.0,0.0,5.7771696354312395e-05,0.008228239533195297,0.00020736751171080423,0.00032056246147819684,0.004899556508292762,0.0012068648274992332,0.002539841040942636,0.016590575158334953,0.0,0.0,0.021334312477476962,0.0,0.0023132162971137276,0.0006882112039280994,0.0,0.1564016030001828,0.0012477277346766736,0.0,0.14393489364665157,0.00019996991644592277,0.0008522499433731693,0.0,0.0,0.0,0.0,0.00021899230426990367,0.0,0.00032655099097833893,0.00014348986370928807,0.0009781264850232158,0.003189420358487466,0.0040363863052428626,9.205896329630266e-05,0.006356295664739102,0.013445188104995592,0.0007439867237823644,0.0,0.0,0.0,2.2662474382890836e-05,0.0029398982959815433,0.00022967771965251024,0.0,0.0,0.0010795792200844474,0.0,0.006982155708577486,0.007765596273772552,0.0028696798520387004,0.002350321695585197,0.28624818744238234,0.001257004084294541,0.0,0.0003052975823601874,0.0004945820834235036
HSMA33MC,0.0,0.0035280039669042156,0.008949405579073758,0.1282328425245575,0.0029320462750851363,0.0,0.0,0.036855736643458085,0.0026510230760719445,0.00014742704461537828,0.061921510210270495,0.0,0.0,0.0,0.12438785504407442,0.021312479765919864,0.14749671132165937,0.0,0.04488195591326904,0.014659719120232438,0.004443096644113778,0.0,0.0,0.0033203357115634434,0.0008451186178125473,0.00600188919715268,0.0012122006892905878,0.009525692671472302,0.0,0.0,0.0,0.0,0.0,0.00870628926436056,0.0,0.0,0.00016207754314213234,0.0,0.0012115859830586961,0.0018020113187907497,8.913240362430793e-05,0.0006743327363852813,5.8806896184313505e-05,0.0,0.0,0.00030499674205697097,0.0,0.002027506054856384,0.01686415811883501,0.0,0.0,0.0,0.0,0.003967826275822784,0.0,0.0,0.06849743257697144,0.0006403189915539363,0.0,0.0,0.0,0.0,0.0,0.0001224289911851126,0.0,0.0,0.0003331707776853441,0.0,0.048446637352009464,0.004650457546338604,0.0,0.03900136874587634,0.005310037333158483,0.0008975735496006457,0.0,0.0,0.0,0.0,6.84372938172847e-05,0.0,0.0,0.0,0.0002248800298337424,0.0,0.0025721357763124997,0.012066375978919672,0.0007520930747195914,0.0,0.15724287862830352,0.0,0.0,0.0,0.0
HSMA33ME,0.0,0.0,0.005605783160912849,0.0013654037925588257,0.0,0.0,0.0,0.009603735361964417,0.0,0.0,0.08991052075625416,0.0,0.00022596543219672045,0.0,0.11939052317336858,0.01103181644408731,0.25096682019705624,0.0,0.047706415076822634,0.06597597588693224,0.0049474160034853895,0.0,0.0,0.0032680122822948323,0.00903831054746312,0.0,0.0,0.021849425838196282,0.0,0.0,0.0,0.0,0.0,0.0,0.0,0.0,0.0,0.0,0.0,0.006196667429086988,0.0,0.00024140469928346468,0.0049556979944392066,0.0,0.0006252391936121924,0.03476421938605499,0.0,0.0,0.0,0.0,0.0,0.0037400857666623696,0.0,0.21107932030824963,0.0,0.0,0.008399779269604063,0.0,0.00032524707684061885,0.0,0.0,0.0,0.0,0.0,0.0,0.00020704977384541126,0.0,0.005350268402967326,0.0,0.00696178024769697,0.0,0.007454507586048098,0.04212977225445099,0.0009428177603103888,0.0,0.0,0.0,0.0019630363496582967,0.002293395766593864,0.00574146466703278,0.0,0.0,0.0010434286133789738,0.0,0.0007160343536984766,0.011799792173150463,0.0,0.0,0.002182866973741079,0.0,0.0,0.0,0.0
HSMA33MG,0.02757515731137186,0.0,0.0011971257075406086,0.0,0.0,0.0,0.0,0.001618922100293512,0.0,0.0,0.02713703927674801,0.0,0.0,0.06129597737225055,0.04130247933952166,0.0033525063010263023,0.31640272655593743,0.000946039317500793,0.025254096655120725,0.03372749243019701,0.0031882633639601925,0.0,0.0,0.007583096404342295,0.0017204447657675013,0.0,0.0,0.011064841366472492,0.044437774356278034,0.0,0.0,0.0,0.0,0.0,0.0,0.0,0.0,0.0,0.0,0.009801402573091441,0.0,0.0,0.0,0.0,0.0033341316224420312,0.02127366907532355,0.0,0.0,0.0,0.003658716726818931,0.0,0.0,0.0,0.004335602931202637,0.0,0.0,0.2423589309714651,0.0,0.002719144474965116,0.0,0.0,0.0,0.0,0.0,0.0,0.0,0.0,0.0,0.0,0.0009824807191623362,0.0,0.0,0.04523353138636333,0.0007921642158369814,0.0,0.0,0.0,0.0,0.0,0.0055654745743208,0.0,0.0,0.0035542171581106185,0.0,0.0014911205648889454,0.041861726540231764,0.0,0.0022154319173504898,0.0,0.0014844481955706347,0.0,8.047903916239385e-05,0.0014533446893637402
HSMA33MI,0.0,0.0,0.0,0.0,0.0,0.0,0.0,0.013454105006687438,0.0,0.0,0.041711207048773714,0.0,0.0,0.0,0.015736706840632355,0.020129234721119105,0.46104735368353184,0.0,0.03573388360151271,0.03837654346492676,0.0,0.0,0.0,0.005328038476087156,0.011323469870926353,0.0,0.0,0.018949817074714097,0.0,0.0,0.0,0.0,0.0,0.0,0.0,0.0,0.0,0.0,0.0,0.002452276304069857,0.0,0.0,0.0,0.0,0.0020923183185099945,0.009050372208362252,0.0066329111847189745,0.0,0.0,0.0,0.0,0.0,0.0,0.09607196598587123,0.0,0.0,0.17893053261076292,0.0,0.0015837951276815399,0.0,0.0,0.0,0.0,0.0,0.0,0.0,0.0,0.0,0.0,0.002022787801566108,0.0024760867544765404,0.0,0.006143696468379973,0.00046660479284357917,0.011176905543843195,0.0,0.0,0.0,0.0,0.002525408401747528,0.0,0.0,0.0,0.0,0.001086176722963709,0.009000250209817092,0.0,0.0,0.0,0.0,0.0,0.0007184153124806479,0.005779136462993609
HSMA33MK,0.0,0.0,0.00030114873704969563,0.0023333834901747104,0.0,0.0,0.0,0.00436551439890764,0.0,0.0,0.024560860238636486,0.0,0.0,0.0,0.2307588543180523,0.018538404719603004,0.11227240294780998,0.0,0.010382985387120989,0.03386137168265195,0.0008283667156708353,0.0,0.0,0.004611002541799185,0.004210370877131003,0.0,0.0,0.017119059568570166,0.0,0.0,0.0,0.0,0.0,0.0003543170657977798,0.0,0.0,0.0,0.0,0.0,0.0023316181355092468,0.0,0.00042534662998467353,0.0,0.0,0.0030733786281802733,0.02928868772153254,0.0,0.0,0.0,0.0,0.0007022996236783074,0.0,0.0,0.33417333062091775,0.0,0.0,0.05177037554182109,0.0,0.0015907922423669958,0.0,0.0,0.001062431975432909,0.0,0.0,0.0,0.0,0.0,0.0,0.0,0.0,0.011063685377245386,0.015930352812360556,0.020561708855008614,0.00022066933318296662,0.0,0.0,0.0,0.0,0.04806967294104868,0.0,0.0,0.0,0.005971260233735034,0.0,0.0049785078453919,0.0042878387936272355,0.0,0.0,0.0,0.0,0.0,0.0,0.0
HSMA33MX,0.0,0.0,0.0,0.0,0.0,0.0,0.0,0.0,0.0,0.0,0.0,0.0,0.0,0.0,0.0,0.0,0.0017105180720221806,0.0,0.0,0.044415991426150485,0.0,0.0,0.0,0.0,0.0,0.0,0.0,0.0,0.0,0.0,0.0,0.0,0.0,0.0,0.0,0.0,0.0,0.0,0.0,0.0,0.0,0.0,0.0,0.0,0.0,0.0,0.0,0.0,0.5922777088573836,0.0,0.0,0.0,0.0,0.0,0.0,0.0,0.03877489246974986,0.0,0.0,0.0,0.0,0.0,0.0,0.0,0.0,0.0,0.0,0.0,0.0,0.0,0.0,0.0,0.0,0.0,0.0,0.21774657719226,0.0,0.0,0.0,0.0,0.0,0.0,0.0,0.0,0.0,0.0,0.0,0.0,0.10507431198243386,0.0,0.0,0.0,0.0
HSMA33MZ,0.0,0.0,0.0,0.0,0.0,0.0,0.0,0.0,0.0,0.0,0.0,0.0,2.6468552447130087e-05,0.0,0.0010212364656531697,0.0003230389740748193,0.0045433934544189545,0.0,0.0011912892504872409,0.0037470885869747943,0.0,0.0,0.0,5.130198196316333e-05,0.00014481057458526383,0.0,0.0,0.0,0.00028962114917052765,0.0,0.0,0.0,0.0,0.0,0.0,0.0,0.0,0.0,0.0,0.000891244192630971,0.0,0.0,0.0002194130583165571,0.014878903306698884,0.00024015868050484827,0.000781179980331515,0.00011701348475661756,0.0,0.0,0.0,0.0,0.00012222543909948873,3.33156297210981e-05,0.10180949857218,0.0,0.00521123897658882,0.04705199087969306,0.0,0.000686649435877479,0.0,0.0,0.0,0.0,0.0009819935153068456,0.0,0.0,0.0,0.0,0.0,0.0,7.991663325735802e-05,0.0014568945316072838,0.0,0.0,0.00123441561779492,0.7934015022896319,0.0,0.0004640683268819217,0.0009787232694446518,0.0013589915461078605,0.0,0.0,8.584395388258405e-06,0.0,0.0006443406300353482,0.0,0.0006945184649833825,0.0009439769071588439,0.0003064833543974638,0.006367884059973447,0.0009286476296798112,0.0016727307585120666,0.005095247443664138
HSMA33N4,0.0,0.0,0.0,0.0,0.0,0.0,0.0,0.0,0.0,0.0,0.0,0.0,0.007838000783800078,0.0,0.0,0.40556304055630404,0.0,0.06380290638029062,0.0,0.0,0.0,0.0,0.0,0.0,0.0,0.0,0.0,0.0,0.0,0.0,0.0,0.0,0.0,0.0,0.0,0.0,0.0,0.0,0.0,0.0,0.0,0.0,0.0,0.0,0.0,0.0,0.0,0.0,0.21255902125590212,0.3102370310237031,0.0,0.0,0.0,0.0,0.0,0.0,0.0,0.0,0.0,0.0,0.0,0.0,0.0,0.0,0.0,0.0,0.0,0.0,0.0,0.0,0.0,0.0,0.0,0.0,0.0,0.0,0.0,0.0,0.0,0.0,0.0,0.0,0.0,0.0,0.0,0.0,0.0,0.0,0.0,0.0,0.0,0.0,0.0
HSMA33NW,0.0,0.02224776441819074,0.00323120342122732,0.09944779701143018,0.007365031439633642,5.657318400079355e-05,0.0,0.0,0.0,0.00014979162026041817,0.0,0.0,0.0,0.0,0.14776561386665196,0.040394360483885595,0.2422339742894252,0.024540915808031125,0.014570528714599684,0.0084497751907878,0.0012391852221543683,0.0,0.0031231497468931237,0.0,0.0019848220014994653,0.007847508809252933,0.0005181262252910251,0.0003268180805681851,0.0,3.6202409331231884e-05,0.0,0.0005309686701914009,0.0010953719814165391,0.01312198949842281,0.0,0.000431550432945388,0.0,0.0,0.0,1.4835238074572087e-05,0.0,0.0,0.0007682217686526546,0.041263550440030855,0.0,0.0012788196641744939,0.00015399862807261022,0.0,0.04252233146173149,0.0,0.0,0.0009145813562241791,0.00036545612600121234,0.016781975584298024,0.0,0.0,0.03499942651840875,0.0,0.0,0.0,0.0001809013359242596,0.0,0.0,0.0010269527491024676,0.0,0.00032061827958179673,0.007798685376485126,0.0,0.019549965303256613,0.01437656351231125,0.0,0.08419418308100877,0.029219551338116323,0.0001198997226474744,0.002482909584316628,0.0,0.0,0.0,0.0,0.0012137217538174161,0.007666607473328675,0.0,0.0,0.0,0.005175726716315262,0.02881446077009498,0.0,0.0,0.01806411657042951,0.0,0.0,1.3617420023674379e-05,9.2997014795825e-06
HSMA33O1,0.0,0.007641431656035492,0.05946717936745652,0.0,0.028011026750525993,0.0003541869501943323,0.0,0.0,0.0,0.0,0.0,0.0,0.0,0.05681259877388574,0.0,0.04945370710783384,0.1228927520902849,0.014750368531521679,0.05091447528670675,0.2467964549326959,0.0020916257353047582,0.0,0.0015506304679507865,0.0,0.0023071737935658806,0.007088596424917882,0.0,0.005549704724459251,0.0,0.0,0.0005814737759476094,0.00010463694471455416,0.0,0.0,0.0,0.0,0.0,0.0031902124585360928,0.0010972711717020414,0.0,0.0005369474164946078,0.0,0.006667012757915142,0.0,0.0003653185400575827,0.01374265606008306,0.0,0.00011010154337469529,0.0,0.0033679131112621637,0.004725157504406845,0.0,0.0,0.0,0.0,0.012746277571050662,0.10170731265508962,0.0006216486957267952,0.0037337376326771667,0.001239957914494615,0.0002040116833119354,0.0,0.0,0.003226339527455915,0.0,0.0005393761270102261,0.0024750584079579942,0.0,0.03784882228285229,0.027193360876934507,0.030737557893121964,0.0,0.038750987043132984,0.002643651396250496,0.0,0.0,3.0460077716712575e-05,0.0007212258268671447,0.005216060617376189,0.0010792582353778724,0.0,0.0,0.0,0.02191334421598037,0.005208268504471913,0.004718579746760379,0.0,0.0,0.007274089190548228,0.0,0.0,0.0,0.0
HSMA33O3,0.0,0.001183956132321822,0.02317869584126894,0.0,0.01155969893457971,0.0,0.0,0.0,0.0,0.0,0.0,0.0,0.0,0.08700525007417254,0.0,0.0805423721071955,0.04980498780084455,0.04530525333956763,0.0347257739236767,0.31171501554868947,0.001106628371395219,0.0,0.0,0.0,0.0,0.004737527342675568,0.0,0.0018254159522362846,0.0,0.0,0.0,0.0,0.0,0.0,0.0,0.0,0.0,0.012138855817581808,0.0,0.0,0.0,0.0,0.0005963853478717537,0.0,0.0,0.006171396381100855,0.0,0.0,0.0010641582021816444,0.00353053314686525,0.0,0.0,0.0,0.0004417298260185478,0.0,0.0028077389462870554,0.13558801852420568,0.0009465639128968881,0.0,0.0,0.0,0.0,0.0,0.0005501088899079058,0.0,0.0,0.002521065304095426,0.0,0.03024787553996713,0.027987440849771988,0.02321074879916598,0.0,0.051331309589704104,0.000959785758029416,0.0,0.0,0.0,0.008448959370672223,0.01648804154223608,0.0,0.0,0.0,0.0,0.0058036888547257776,0.0,0.01126521238390068,0.0,0.0,0.005209807644189729,0.0,0.0,0.0,0.0
HSMA33OD,0.0,0.020347999638734206,0.0,0.0,0.0,0.0,0.0,3.834747550721569e-05,0.0028101740738492426,0.0,0.0,0.05148141183856157,0.0,0.00905977616326845,0.0,0.043966639176906235,0.0,0.0007447405474953473,0.028789330222104434,0.06819084309664009,0.0,0.19948238311052807,0.0,0.0030387783293826056,3.464598173238792e-05,0.00514315157024769,0.0004733470239249752,0.001594159338942824,0.0,0.0,0.0,2.7983292937697936e-05,0.0,0.000419601334314476,0.0,0.0,2.3541500407904614e-05,0.003468891906017593,7.092062072570007e-05,0.0024096724474128783,0.0,0.0008329841590872413,0.0,0.018828610474042905,0.0014275921190755742,0.0,0.0,0.0,0.001070620059431184,0.00014198930120239324,0.00229936793292301,0.00020802395014532065,0.00133934850748368,0.003387014863718402,0.0006853685873471098,0.003576087165736605,0.13553463635784857,3.8791654760195025e-05,0.0,8.972420910182514e-05,0.0,0.0,0.0,0.0018781379413476105,0.0,0.0,0.001388652404564386,0.0,0.040241455841919564,0.0,0.009669930397111058,0.14730050059001812,0.0,0.00015590691779574566,0.0,0.14484552185880134,3.8199415756222586e-05,0.00013132899913088927,0.008596793321912991,0.0,0.0,0.0,0.002064545167847937,0.001254954449417607,0.00015383408128184212,0.01010833531980166,0.0,0.0,0.020990875077546295,0.0,0.0,7.906390703032116e-05,2.5466277170815057e-05
HSMA33OJ,3.5167983664160905e-05,0.0008242729174713049,0.0,0.0,0.0,0.00023387330479134567,0.0,9.431978657631847e-05,0.001276858770845418,0.0,0.0,0.015587121409821084,2.27411343128673e-05,0.005071521488756434,0.0,0.045585908549324386,0.0,0.00021175351294604305,0.019349350050925224,0.046931860602563,0.0,0.06808844735464685,0.0,0.00711101600429074,0.002060247353950967,0.004982545247401171,0.00048042199592101083,0.006612947882290892,0.0,0.0001236471510453714,0.0,0.00010177589618709463,0.0,0.0012809596311313448,9.50653975373961e-05,0.00012638105790265599,0.0003260805269779442,0.0013809957684092584,0.001280711094144319,0.0033787360701232182,5.095008234030378e-06,0.0002899183953656798,0.0,0.0031811491654376504,0.001962945123530338,0.0,0.0,0.0,0.05603055116059315,0.0,0.00064333799091647,0.004782100167364805,0.0011684966445021378,0.009572402055301465,0.0016900515117759306,0.0038246114248476335,0.037359085741781,0.00024132941440212184,0.0,0.00023039378697298349,0.0,0.0,0.0,0.0015603152045484251,0.0,0.0005449173440542246,0.0004422715684125394,0.0,0.0023545151465895996,0.0,0.00673261844154385,0.10466948805854336,0.0,0.0017398831776746179,0.00027612459258574397,0.44312902101777873,0.0013147606613668635,0.02695135087308557,0.02387930944495228,0.0,0.00014750670179985512,0.0,0.005361564152615626,0.00010624956195356034,0.0009402154219188742,0.014009657153167872,0.0,0.0,0.012204035942424913,0.0,0.0,0.0,0.0
HSMA33OL,0.0,0.0037469132522051345,0.0,0.0,0.0,0.0,0.0,0.0,0.0012780951775374569,9.51464408153168e-06,0.0,0.022382155911599207,0.0,0.003806437793837156,0.0,0.021223109817325794,3.2837125305773974e-05,0.0025291548420139764,0.008955136596639659,0.029460122850299603,0.0,0.03785296718816972,0.0,0.0004330323379545882,1.763690122430263e-05,0.0028074001652763298,0.0001840271404062103,0.0013617544261079974,0.0,0.0,0.0,5.801612244836391e-06,0.0,0.00028555535469084717,0.0,0.00011127492285596197,0.0,0.0001703353355083964,0.0003105022873436436,0.0005434950350962731,0.0,0.0,0.0,1.7752933469199354e-05,0.00024262342407905784,0.0,0.0,0.0,0.00670515533584721,0.0,0.005757171895040944,0.0006548859901971317,0.0,0.004309669639954264,0.000283466774282706,0.0010213158195809982,0.01975878288672909,1.8565159183476448e-05,0.0,0.00020015562244685546,0.0,0.0,0.0,7.63492171420469e-05,0.0,2.227819102017174e-05,0.0002802178714255977,0.001307799432231019,0.011926490323955066,0.0019510821979384781,0.0041417709815886996,0.09213853693085892,0.0,0.0001655780134676306,0.0,0.6759214758744595,0.0037516705742459003,0.002347564378750597,0.020233354768356707,0.0,0.00016731849714108152,0.0,0.0018188054387562086,0.0,0.00026815051795633796,0.0009614431812142866,0.0,0.0,0.005869143011366286,0.0,0.0,0.00017416439958998844,0.0
HSMA33OP,0.0,0.0022610800067452254,0.0072291582679354415,0.025778943046347733,0.028466571565062215,0.0,0.0,0.09753138415095713,0.005541090978095004,0.0,0.007605055438876777,0.0,0.0,0.0,0.03450402496893591,0.08710787679107905,0.18418650631701977,0.0,0.061146733931095106,0.06298312989241199,0.010703177341013828,0.0,0.001026492412242667,0.0025747247115152348,0.011069441434827156,0.0341629311734248,0.006623724549513808,0.08439145262245505,0.0,0.0,0.0,0.0,0.0,0.0001338272650471772,0.0,0.0,0.0,0.0,0.0,0.007979916795073167,0.0,0.0,0.0024506341050705618,0.017243208059135904,0.0,0.0007922946984101071,0.0011959517045160278,0.0,0.0,0.0,0.0,0.0,0.0,0.004926127764019856,0.0,0.0,0.03857601989427231,0.0,0.030052196776627373,0.0,0.0,0.0,0.0,0.0,0.0,0.0,0.0,0.0,0.0,0.0,0.0,0.01768757258471825,0.03391008879418319,0.012860468710315345,0.0,0.0,0.0,0.0,0.0,0.0001802317656208114,0.0,0.0,0.0,0.0,0.0,0.0,0.0,0.0,0.07056529382542544,0.0001802317656208114,0.0,0.006372435892389619,0.0
HSMA33OR,0.0,8.665232289904975e-05,0.0,0.010509502620681161,0.0022031152513002617,0.000519312185151944,0.0,0.006661698198985627,9.437481000926599e-05,0.0,0.05095447433381263,0.0,0.0,0.0,0.04000589316029346,0.006927572398065929,0.25052049061662657,0.0,0.038677224209174695,0.02261063992239001,0.0019695350892263183,0.0,0.0021378251330047967,0.0006565116964087727,0.0011074247100130873,0.0001334887057623093,0.0,0.00486596921575937,0.11194196380440205,0.0,0.0,0.0,0.0,0.0,0.0,0.0,0.0,0.0,0.0,0.0018469782158667828,0.0,0.0,0.0008533849716990907,0.0006218106504329959,0.0,0.0035059088559977803,0.0036637685275754473,0.0,0.013186497762835602,0.0041213008158456615,0.01618984320442697,0.0,0.0,0.0901600370117746,0.0,0.0,0.04556588329556837,0.0,0.01181801287168105,0.0,0.0,0.0,0.0,0.0,0.0,0.0,0.0,0.0,0.0,0.0011858530855999585,0.0,0.009850684207343363,0.004513442693780018,0.0,0.0,0.0,0.0,0.16798315013487777,0.003267013215783039,0.0,0.0,0.0,0.0,0.0,0.00124893677900679,0.0015155130223698389,0.0006046607115258923,0.0006133861190400328,0.0626136246135121,0.0006350491997647951,0.0,0.0005204153975962606,0.0013311762521285733
HSMA33OT,0.0,0.0,0.0016735570476787535,0.011899937829868921,0.004172978552055746,0.0,0.0,0.005232844613422241,0.0005199701895773464,0.0,0.05025146911854691,0.0,0.0,0.0,0.04671200710595888,0.019933492278197372,0.31917137999167133,0.0,0.1279138681847033,0.030966612867324703,0.004832829033341075,0.0,0.0,0.0,0.0012233768103708876,0.0,0.0,0.01822899535210934,0.0,0.0,0.0,0.0,0.0,0.0,0.0,0.0,0.0,0.0,0.0,0.0016021650305078218,0.0,0.0002398090899360186,0.000544902324606185,0.0016586378182839867,0.0,0.010304681704248609,0.0,0.0,0.0,0.0,0.0,0.0,0.0,0.029001980652863482,0.0,0.0,0.07215670277420569,0.0,0.0015913510924230245,0.0,0.0,0.0,0.0,0.0,0.0,0.0,0.0,0.0,0.0,0.004557474128404101,0.0,0.015318744329566382,0.04566896272605763,0.0005761425901844889,0.0,0.0,0.0,0.020201537762021472,0.0,0.0054644431207383215,0.0,0.0,0.0,0.0,0.0,0.0031332384310137342,0.0,0.0,0.14103978618040797,0.0002640403215704723,0.0,0.0018831271625998755,0.0020589537855341756
HSMA33OV,0.0,0.0008058323704193224,0.0021917990692468608,0.03925257499332704,0.005863478777429345,0.00020336175355296744,0.0,0.014871399326845187,0.004856721339470669,3.898697621784299e-05,0.06654823018926047,0.0,0.0,0.0,0.040207045210576886,0.047699651645275794,0.1574474820555843,3.65502902042278e-05,0.06958149816187577,0.017821515389245875,0.013131707041707843,0.0,0.000497083946777498,0.004775193886598461,0.0002824525204115604,0.0005739410847902771,0.00011239214237800048,0.007425292983572778,0.0,0.0,0.0,0.0,2.9037174995580977e-05,0.0003521011289673945,0.0,0.0,0.0,0.0,1.725985926310757e-05,0.0008712167784513298,0.0,0.0,0.0005963789018323169,0.0007578093502343231,0.00012853518721820108,0.002431609584420155,0.0,0.0,4.0611433560253117e-05,8.54870676443328e-05,0.006483107724974906,5.431779238683854e-05,0.0,0.1335710049796725,0.0,0.0,0.0811533200405343,0.0007311073326684566,0.0014710476521362682,6.934402280413219e-05,1.2995658739280995e-05,0.0,0.0,5.076429195031639e-05,0.0,7.756783810008344e-05,0.000959952760780483,0.0004099724217907552,0.0021854027684611206,0.010542626623657807,0.0,0.016236349608805295,0.007164973694451556,0.0009205596702270374,0.0,0.006282690300355057,0.0,0.04100800420896898,0.001854622642112859,0.0,0.0,0.0,3.959614772124678e-06,0.0,0.0001836652082762447,0.002472017960812607,0.002556794328369635,0.0018247732384460728,0.17991474238695532,0.0012137742205320648,0.0,0.0010563033869021834,0.0
HSMA33OX,0.0,0.0012796194230797655,0.002967587092185856,0.031577378499437134,0.0023925784908509938,7.998887040932226e-05,0.0,0.015459216105019914,0.003403273306579924,1.3871487653262214e-05,0.10070396281064282,0.0,0.0,0.0,0.04547903916963856,0.01917717980303297,0.11418158121594014,0.0,0.06701315685290976,0.012612827339264386,0.005137209263237701,0.0,0.003570743675766024,0.005330498824771114,0.005734290742736148,0.0010005696422593958,0.0001607877546962073,0.009415905067993575,0.00011765451571599047,8.525396061348018e-05,0.0,7.988761867462691e-05,0.0,0.0005204339163340715,0.0,0.00020240221765599394,0.0,0.0,0.0,0.0015902597451250826,0.00029383253408589015,0.00024158663898309228,0.0022674313467675477,0.0007599955206232568,0.0009278708967481382,0.005302755849464589,0.0,0.0,0.0,0.0,0.0,0.00015056132949197747,0.0,0.09062739017376212,0.0,0.0,0.111096440859773,0.0006427460118460477,0.005277645419260143,0.0007126097087858355,0.0,0.00014509373581842884,0.0,9.031654734824741e-05,0.0,8.819026091964518e-05,0.0005667059590898439,0.0,0.0017582363729846595,0.008171217493383702,0.0,0.016727900340752583,0.007207604734288108,0.0012630141385897291,0.0,0.0,0.0,0.0002951488066369296,0.00820584558664951,0.006514435358563778,0.0,0.0,0.00017749429092093916,0.0,0.001727455845637275,0.0018841935309456682,0.002122135107479728,0.00038830040255664666,0.26913824851104257,0.0035820838700519023,0.00018812572306395033,0.002170229681460017,0.0
HSMA33OZ,0.0,0.00010108283568019661,0.0003134703668284749,0.024459155203556463,0.0073938119132368535,7.45473006752829e-05,0.0,0.009909215429928325,0.0005764509413713358,0.0,0.07592766475108326,0.0024979540792757883,0.0,0.0017769515853485024,0.13201996546043904,0.008688580819702293,0.27760815915043335,0.0001856454939254275,0.016080947217413585,0.04053917316098933,0.003540274024313158,0.0,0.0032008876291335807,0.0037862181658762104,0.0008077334254608561,0.001138136974160171,0.0002014429135976135,0.025668019187360083,0.00022343539980791162,0.0,0.0,0.0,0.0,0.00020856724011644246,0.0,5.0386541176645504e-05,0.0,0.0,0.0,0.003974857941961726,0.00044377326634676713,4.832151899727478e-05,0.0018492273616264774,0.0005688103593076641,0.00017583663857341657,0.00868465727756149,0.0,0.0,0.0025115832256596355,0.0,0.0003644764146589316,0.00044769680848757157,0.0,0.12505567816051127,0.0,0.0,0.03865556318007633,3.0355826036749547e-05,0.002209263978599762,0.0,0.0,0.0002066054690460403,0.0,0.00031212810241188394,0.0,0.0002348962729034191,0.0,0.00021724033326979945,0.0,0.00650058656955005,0.0,0.014081902496673765,0.061594242552962135,0.0037841531436968393,0.0,2.0340468466801567e-05,0.0,9.519752246899007e-05,6.122790761834177e-05,0.0024886614794686203,0.0,0.0,0.0029097195018423093,0.0,0.0017476282704014382,0.016482284277974286,0.0016023539600827082,0.00023799380617247517,0.060390128120171076,0.001118312761238212,0.0004802209078126603,0.00171365865555079,0.001722538250922084
HSMA33P6,0.0,0.007459179345153906,0.0019230839515903125,0.06108258554498739,0.0049917411660144965,0.0,0.0,0.0,0.0,0.006237499685577388,0.0,0.0,0.0,0.0,0.08598152420473656,0.07786780834861377,0.14419474809965127,0.02580082096013165,0.11651910840281271,0.005931031695304388,0.0,0.0,0.001592967080973552,0.0008165313413236454,0.0003974086846858237,0.005169107768592697,0.0002998033058124864,8.1481142275319e-05,0.0,0.0,0.0,0.00017199185704552824,0.0001888685580181207,0.0001272739742136909,0.0,0.0,1.3221874010374985e-05,0.001591784636956364,0.0005791825786008164,8.051368807943792e-05,0.0,0.00044771630287164066,0.002928268861110772,0.023315431130913115,0.00031646501696377195,0.001240383774030219,0.0,0.0,0.0,0.0,0.0002198270922863158,0.0004966264872189628,0.0006537840465943143,0.16812634005842997,0.0,0.0,0.10779482145417828,0.0,6.546440058795419e-05,0.0,4.418040827857007e-05,0.0,0.0,0.0008594218106743738,0.0,9.190814860870416e-05,0.0015989867959701454,0.0,0.01868347543085573,0.005599947370491746,0.0193015711671131,0.03192760088773598,0.033334171793636444,4.783523524078754e-05,0.0,0.0,7.922374915159645e-05,0.0,0.002147533325034727,0.002077339148378021,0.0027111291415907925,0.0,0.0,0.0,0.0003653752013110941,0.006983084385869753,0.0,0.0,0.01898542863488129,0.0,0.0,0.0003539807407818278,0.00010341010404862384
HSMA33RD,2.006197031735718e-05,0.0015363033450563118,0.0009357548165111022,0.01699238804488034,0.0012373900687198092,0.0,0.0,0.004168958083083776,0.00019648633240466906,0.0002983083928093462,0.0,0.0,0.0017517426946452178,0.0,0.006573370103530855,0.0024236674793948945,0.005026279668906919,0.0,0.0009441223719701005,0.006798890845239036,0.0017518435085664107,0.0,0.0,0.0,0.0,0.0,0.0,0.0,0.0005066907679147597,0.0,0.0,0.0,0.00010867740704578413,0.0,0.0,0.0,0.0,0.0001165408928988186,0.0,0.002378704470542928,0.0,0.0002888318842172278,0.0007985470697677699,0.0,0.001868888471071193,0.01793630878900805,0.0,0.0,0.0,0.0,0.0008426027533290016,0.0001705771546581324,0.0002945782777252145,0.1552000072586023,0.0005266519243109242,0.0032023542066876927,0.1443181526050569,0.0,0.0,0.0001770292456144684,9.879764276889464e-06,0.00018751389341851435,0.0,0.009010647462286771,0.0,4.1132079846641857e-05,0.00016493157507133842,0.0021683058170136596,0.002744255748787838,0.001763739551267155,0.0008165927616612721,0.00715869572997596,0.0,0.0,0.00010726601214908562,0.5425986703651933,0.0002148344660617495,0.00013529228224067004,0.0026410222934864624,0.0,0.0,0.0004625342704323354,0.00010686275646431463,0.0,0.0015345895083960352,0.0024345553828837114,0.0006383537489924908,0.0,0.04380314468864376,0.001801242329950858,0.0,6.522660701170902e-05,0.0
HSMA33RF,6.274111054599135e-06,0.001172550399832906,0.0003580291114705119,0.017406205581570626,0.001639769282721361,0.0,0.0,0.011754547060791478,0.0,0.00940104704793967,0.0,0.0,0.0014714814329826779,0.0,0.03979152545700321,0.01081029334707431,0.03889159530202659,0.0,0.005129591763832744,0.04498608462885293,0.002690986470385487,0.0,0.0,0.0,0.0,0.0,0.0,0.0,4.675224689072258e-05,0.0,0.0,0.0,0.0,0.0,0.0,0.0,0.0,0.00011860093799984171,0.0,0.007671517499001706,0.0,0.0009304911475328878,0.003249685940263581,0.0,0.00349194758324278,0.012498029220761476,0.0,0.0,0.0,0.0,0.008347198781446198,0.0010924036908773816,0.005054909603215097,0.22196792957775838,0.00014814997716021183,0.0018564285047842116,0.0854462076945293,0.0,0.0,0.00024044012686657329,0.0,0.0,7.923595089921166e-05,0.002776192946320527,0.0,0.00010240968366539233,0.0008434631554852225,0.0003389031922879436,0.003330136235237876,0.002766073412361496,0.00026371505497234425,0.008073870169212773,0.0,0.0,0.0,0.3970905125523711,0.0003253430167828422,0.0,0.016496864260012113,0.0,0.0,0.0,0.00018812213629838372,0.0,0.0023091764541112525,0.002248155664338296,0.0029030919021667736,0.0003120864272965118,0.01683343995948948,0.004723292475377655,3.835303370472697e-05,0.00028688878773852497,0.0
HSMA33RR,0.0,0.0,0.0,0.0,0.0,0.0,0.0,0.0,0.0,0.0,0.0,0.0,0.0,0.0,0.09549089754040414,0.00939332670812122,0.06545364685325253,0.008798348096674062,0.005964954899466613,0.01365507609239873,0.0025479030796142733,0.0,0.02011845009882916,0.0,0.020123430893902162,0.0,0.0,0.0,0.0,0.0,0.0,0.0,0.0,0.0,0.0,0.0,0.0,0.0,0.0,0.0,0.0,0.0,0.0,0.0064908815792199415,0.0005952050112232028,0.0,0.001791954227398878,0.0,0.0,0.0011391304731721357,0.0,0.0,0.0,0.0,0.0,0.0,0.6241683345726835,0.0,0.0,0.0,0.0,0.0,0.0,0.0,0.0,0.0,0.001481220534776647,0.0,0.0,0.0,0.007243094835130588,0.0019193041014243827,0.028026028276652827,0.0,0.0,0.0,0.0,0.0,0.0,0.001438996976544191,0.0,0.0,0.0,0.0,0.002936518295196102,0.002793094037071378,0.0,0.0,0.07836409408223814,0.0,0.0,0.0,6.610873460523973e-05
HSMA33RT,0.0,0.00975616653278047,0.0024267090913089873,0.0,0.006753310410341109,0.0,0.0,0.0008080302390784997,0.0,0.0077939570021083125,0.0,0.0,0.0,0.0,0.0706730582923383,0.14885456607781175,0.2402274424455194,0.04362692987261085,0.16658724265310415,0.010220247153565542,0.0,0.0,0.0007801707389365837,0.0,0.00022633225491233152,0.0,0.0,0.0018092964847804384,0.0,0.0,3.906614117644593e-05,0.0007884448010088069,0.0,0.0017928530955989316,0.0,0.0,0.00045685390834224437,0.0,0.0037463696243471073,0.0,0.0,0.0,0.0,0.0,0.0002758718923827308,0.0,0.0,0.0,0.00678473089922297,0.000918839829868526,0.0,0.001797461433968271,0.0,0.0,0.0,0.0,0.09765278474556209,0.0,0.0,0.0,0.0,0.0,0.0,2.92210546601298e-05,0.0,0.0,0.008756471311522624,0.0,0.0,0.0,5.456691569149686e-05,0.07566682132529526,0.05887518839201457,0.00306789653442481,0.0,3.1315753918920465e-05,0.0008182942654465739,0.013192939606678316,0.0015012709587752708,0.0,0.0018386222744035076,0.0,8.9548393313301e-05,0.0,0.0,0.006689422082947994,0.0,0.0,0.0044888357766254584,0.0,0.0,0.0,0.00010284973360662173
HSMA33RX,0.0,0.022804125215601493,0.003013390347143558,0.0,0.00871197362110544,0.0,0.0009332643365510669,0.037390832660528624,0.0,0.02996141151576956,0.0,0.0,0.0,0.0,0.018330740573712763,0.10315513935101059,0.21491335534300557,0.012703284675106613,0.3053667164988717,0.035803433203270306,0.00022231340012850273,0.0,0.0012774950079020254,0.0,0.000406857195491708,0.0,0.0,0.003233444027328838,0.0,0.0,0.0002869844327893111,5.0682290155142684e-05,0.0,0.0013464702690261154,0.0,0.0,0.0005222105183076591,0.0,0.003815268109852949,0.0,0.0,0.0,0.0,0.0,8.490090643823264e-05,0.0,5.810708425430371e-05,8.393245503399426e-05,0.0016379741417018724,0.0,0.0,0.00017797984695670064,0.0,0.0,0.0,0.0,0.08614396761842842,0.0,0.0,0.00024534102240706014,0.0,0.0,0.0,4.8099753077173634e-05,0.0,0.0,0.008475241055624942,0.0,0.0,0.0,0.0,0.0319154236323879,0.044867923135518524,0.004731961166820382,0.0,0.0,0.0015337042071788718,0.0,0.0003662898422252775,0.0005506184261653188,0.0025445522617805923,0.0,0.0003124869864342555,0.0,0.0,0.007937427709137888,0.0,0.0,0.0040346761557687365,0.0,0.0,0.0,0.0
HSMA33RX_TR,0.0,0.028486360204586073,0.004375842197310703,0.0,0.014381645811015918,0.0,0.0,0.03026263089624998,0.0,0.0,0.0,0.0,0.0,0.0,0.018091440799230585,0.07745022402122663,0.2168959441602006,0.01268921474847677,0.37029640132510055,0.031922590392586665,0.0014168028517637164,0.0,0.0015135659470359435,0.0,0.0003524088037692212,0.0,0.0,0.0031171617548807263,0.00014270113040146584,0.0,0.00018863916553070483,4.9847655140238065e-05,0.0,0.0008466499334930195,0.0,0.0,0.00024402544901985825,0.0,0.001820688319011092,0.0,0.0,0.0,0.0,0.0,0.0,0.0,0.0001087091564169462,6.0164707947041154e-05,7.895260411100888e-05,0.0008528401651771014,0.0,0.0,0.0,0.0,0.0,0.0,0.08398689147850535,0.0,0.0,3.583818343415809e-05,7.22193696476216e-05,0.0,0.0,0.0,0.0,0.0,0.010961597105838626,0.0003821653560751585,0.0,0.0,0.0,0.03037068844933176,0.044659046382863006,0.003667875173652289,0.0,0.0,0.00100281753282126,0.0,0.00023175358620755566,0.00020406044446297892,0.0018619565302383045,0.0,0.00015681920266340693,0.0,0.0,0.0029372106338189084,0.0,0.0,0.0038236083707570852,0.0,0.0,0.0,0.0
MSM6J2HD,0.0,0.0,0.0,0.0,0.0,0.0,0.0,0.0,0.0,0.0,0.0,0.0,0.0,0.16179735755889862,0.0,0.0,0.00010717444784876342,0.0,0.46795569147902033,0.24349533736062187,0.03745176023012658,0.0,0.0,0.0,0.0,0.0,0.0,0.0,0.0,0.0,0.0,0.0,0.0,0.0006129977764807777,0.0,0.0,0.0023923940998763684,0.0,0.003858981263803092,0.0,0.0,0.0,0.0,0.009702693073515761,3.3454453814473815e-05,0.0013475934779039842,0.0,0.0,0.0008060119456439245,0.0017677774112923605,0.0,0.0,0.0,0.0,0.0,0.0009204982950748933,0.04314332438910815,0.0022489606332226964,0.0,0.0,0.0,0.00036389230750893226,0.0,0.0,0.0,0.0,0.0007580338517004126,0.003576521504052145,0.0,0.0,0.0,0.0,0.00022817139457895615,0.0,0.0,9.956205716044004e-05,0.002284518510779996,0.00478118233047932,0.0014224152653273734,0.0,0.0,0.0,0.0010054365490709226,0.0,0.0019091074542032062,0.0037861627370871565,0.0,0.0,0.0017509500213497508,0.0,0.0,5.1684126252300866e-05,0.0003403539941963534
MSM6J2HF,0.0,0.0,0.0,0.0013695877795190036,0.0,0.0,0.0,0.00037790366331177423,0.011239754383652446,0.00023998334940233528,0.0,0.0,0.0,0.09127810764915877,0.0,5.188287770885212e-05,0.0,0.0003546665443379254,0.2560420014931852,0.36354372474590907,0.020440151097362927,0.00012750367436943774,0.0,0.0,0.0,0.0,0.0,0.0,0.0,0.0,0.0,0.0,0.0,0.000780947485513359,0.0,0.0,0.0,0.0,0.0,0.0,0.0003990374223785074,0.0,0.0,0.020939148195327214,0.0004909842983181334,0.0040301377420291174,0.0,0.0,0.006021518774089731,0.0,0.0,0.0,0.0,0.0,0.0,0.009620167255173414,0.05288577974456397,0.004691994992801501,0.0,0.0,0.0,0.0,0.00010967519515674338,0.0006137804528954553,0.0,0.0008748975613645237,0.0015019992936717113,0.0068386240180063635,0.0,0.0,0.0,0.0,0.002283748059149686,0.0,0.0,7.882591651904752e-05,0.05145269052784918,0.06657624889999285,0.0008357350030939422,0.0,0.0,0.0,0.003053377465162851,0.0,0.010097830274079815,0.007541046066987405,0.0,0.0,0.003022528186525155,0.0,0.0,0.0,0.0001940099114325223
MSM6J2HH,0.0,0.0,0.0,0.0,0.0,0.0,0.0,0.0,0.0,0.000628802221943475,0.0,0.0,0.0,0.05167891003832188,0.0,3.840090913899082e-05,0.0003554363832706591,0.0,0.19362670547151148,0.3408126280832435,0.02580936248614173,0.0,0.0,0.0,0.0,0.0,0.0,0.0,0.0,0.0,0.0,0.0,0.0,4.6405320278780467e-05,0.0,0.0,0.0,0.0,0.0,0.0,0.0,0.0,0.0,0.018677736125569146,0.0007192824643210972,0.03125013298467874,0.0,0.0,0.0005698330158250247,0.0003562469565506378,0.0,0.0,0.0,0.0,0.0,0.01013348318131369,0.20014168820934028,0.0,0.002465459952715207,0.0,0.0,0.0,0.0021595698611832463,0.0,0.0,0.0006479520156829718,0.0,0.0,0.0,0.0,0.0,0.0,0.0,0.0,0.0028198831193858936,0.0,0.0005318373933260233,0.06300282140294429,0.0,0.0,0.0,0.0,0.009883725289420255,0.0,0.013500097978045217,0.027249041953043895,0.0,0.0,0.002100296690084804,0.0,0.0,0.0005515951170255041,0.00024266537569362273
MSM6J2HJ,0.0,0.0,0.0,0.0,0.0,0.0014425590962136798,0.0,0.0,0.0,0.0,0.0,0.0,0.0,0.2312291199282484,0.0,6.632108583820393e-05,0.0,1.9423322559595384e-05,0.23511982277878707,0.16740086155015424,0.04884452364955576,0.0,0.0,0.0,0.0,0.0,0.0,0.0,0.0,0.0,0.0,0.0,0.0,0.0031040079673865305,0.0,0.0,0.00033945526939645193,0.0,0.00022653833721061764,0.0,0.0009314137320676438,0.0,0.0,0.0486365028841118,0.00026307028585897583,0.014518883293809052,0.0,0.0002104361008917821,0.00932601271996158,0.0,0.0,0.0,0.0,0.0,0.0,0.0021392827339342954,0.08337979499437831,0.0008255415282713001,0.00015719808206263205,4.357667703784871e-05,2.0530351306515327e-05,0.0,0.002147535130047699,0.00016434344942911535,0.0,0.00199416132911079,5.998083028766242e-05,0.0,0.0,0.0,0.00047592172219858324,0.0,0.0,0.0,0.0,0.0,0.0,0.10925065425398943,0.003916868984556747,0.0,0.0,0.0,0.013437316208068265,0.0,0.0034545335242521817,0.009035870549291562,0.0,0.0,0.001392944080556268,0.0,0.0,0.006117541494456604,0.0003074520747127663
MSM6J2HL,0.0,0.0,0.0,0.0,0.0,0.0,0.0,0.0,0.0,4.563372788828224e-05,0.0,0.0,0.0,0.10636761630521122,0.0,0.0,0.0,0.0,0.283421476813513,0.40476215971224344,0.0382689846065227,0.0,0.0,0.0,0.0,0.0,0.0,0.0,0.0,0.0,8.095983741583407e-05,0.0,0.0,0.0015985815115952204,5.674193796635095e-05,0.0,7.325414213645308e-05,0.0,0.0,0.0,0.00014440673101489318,0.0,0.0,0.022747012316803355,9.697167176259976e-05,0.0026951920164193367,0.0,0.0,0.006693947496594735,0.001499208064680606,0.0,0.0,0.0,0.0,0.0,9.707174572726705e-05,0.02810677371645384,0.0003666710065409345,0.0,0.0,0.0,0.0009335900163811075,0.0003803811397003527,1.3810207124085417e-05,0.0,0.00027049992649567304,0.0001400034765695326,0.00047815340318029074,0.0,0.0005468041429420487,0.0,0.0,0.0,0.0,0.0,0.0,0.0,0.09094221539139581,0.0001984466719352274,0.0,0.0,0.0,0.003360783955421453,0.0,0.0005064743351811326,0.003719949414612341,0.0,0.0,0.0010322629455430513,0.0,0.0,0.0003539616130281892,0.0
MSM6J2OH,0.0,0.0,0.0,0.0,0.0,0.0,0.0,0.0,0.0,0.0,0.0,0.0,0.0,0.09058052753557796,0.0,0.0,0.0,0.0,0.28980476815618544,0.26124179100656714,0.062213550229159816,0.0,0.0,0.0,0.0,0.0,0.0,0.0,0.0,0.0,0.0,0.0,0.0,0.0006936994450404439,0.0,0.0,0.0010086991930406456,0.0,0.0017363986108811112,0.0,0.0,0.0,0.0,0.014927888057689553,0.00024259980592015524,0.0038439969248024604,0.0,0.0,0.01901438478849217,0.0,0.0,0.0,0.0,0.0,0.0,8.999992800005761e-05,0.07128904296876562,0.0012119990304007757,0.0,0.0,0.0,0.001869198504641196,0.0,0.0,0.0,0.0,0.0008880992895205683,0.0,0.0,0.002867097706321835,0.0,0.0,0.0,0.0,0.0,0.0,0.00025049979960016034,0.1570328743737005,0.0,0.0,0.0,0.0,0.002686097851121719,0.0,0.0017885985691211447,0.011249691000247199,0.0,0.0,0.0034684972252022194,0.0,0.0,0.0,0.0
MSM6J2OJ,0.0,0.00039827087428131504,0.006482807704642967,0.026892271363839433,0.0008431951826189099,0.0003388937763915044,0.00021145517513820327,0.01029980587324323,0.14278273394778535,0.0026929735485127053,0.0,0.0,0.0,0.05693940546964055,0.0,0.003293510285163563,0.0,0.010658189071221015,0.06660423992871518,0.3974852385303241,0.0005105622566851747,0.0036968302323946915,0.0,0.0,0.0,0.0,0.0,0.0,0.0,0.0,0.0,0.0,0.0,0.0010160754404205355,0.00012420719456542027,1.0300108817620218e-05,0.00019812562255069476,0.0002723469949129581,0.0005300516782714561,0.0,5.947807934880694e-05,0.0,0.0,0.03009055613316951,0.0009634641002834755,0.006110792009700685,0.0,0.0,0.021568831789932717,0.0,0.0,8.957055412969738e-05,0.0,0.0,0.0006806150336349045,0.004271919641378487,0.08601792542074937,0.00010663642070006814,0.0002710342359460065,0.00011703751097668463,0.0,0.0003927168940365199,4.907698907219045e-05,0.001256411312831674,0.0,0.002817685650373107,7.927044531207716e-05,0.0011358394507901197,0.007287932877220281,0.0006603177603766529,0.0010548523206751056,0.0023035890426230626,0.019707541537713348,0.0,0.001659125371308825,0.0,0.0,0.026087651098557103,0.02090932188122804,0.0,9.189312768661173e-06,0.0,0.002459201470936325,0.0034748729855208754,0.011646999517712555,0.006680125475521692,0.0,0.0,0.006384754707957583,0.00034000457244046345,0.0,0.0004396732724697885,0.0005344948624672923
MSM6J2OL,0.0,0.0,0.0,0.0,0.0,0.0008279216553226681,0.0,0.0,0.0,0.0,0.0,0.0,0.0,0.03315361155666092,0.0,1.962421628289309e-05,0.0,0.0,0.18027646115306287,0.6374305893472545,0.005402867138048352,0.0,0.0,0.0,0.0,0.0,0.0,0.0,0.0,0.0,0.0,0.0,0.0,0.0,0.0,0.0,0.0,0.0,0.0,0.0,0.0008583592152716452,0.0,0.0,0.002986184952231053,0.00030457584659469785,0.0074191552375631525,0.0,0.0,0.006187935912916539,0.0,0.0,0.0,0.0,0.0,0.0,0.0035204442281775708,0.03399464939735634,0.0,0.0023589108960457203,0.0,0.0,0.004593167969274084,0.00023088491198138502,0.0002507093753692056,0.0,0.0021681755286022952,0.0,0.0,0.0,0.0,0.0,0.0,0.00025741765338427623,0.0,0.0,3.163904257854192e-05,0.0007494247901910958,0.03680441665014628,0.015436648824649617,0.0,0.0,0.0,0.010799426492291488,0.0,0.006484501875314137,0.005996399557053404,0.0,0.0,5.967363726838919e-05,0.0,6.007413147824415e-06,0.001104362783675055,0.00028585274228397844
MSM6J2ON,0.0,0.0,0.0,0.0,0.0,0.0,0.0,1.778210888778937e-05,0.0,0.0,0.0,0.0,0.0,0.09583973999944746,0.0,0.0,0.0,0.0,0.2768192127147102,0.3985714034554556,0.049665229195811664,0.0,0.0,0.0,0.0,0.0,0.0,0.0,0.0,0.0,0.0,0.0,0.0,0.0003532310443472736,0.0,0.0,0.0002062523703199524,0.0,0.0005480305309767853,0.0,0.0,0.0,0.0,0.021737874636132345,0.0,0.004620535321848637,0.0,0.0,0.005832732642978956,0.0,0.0,0.0,0.0,6.90186938187079e-05,0.0,0.0009346155874751668,0.03660190931626787,0.00022704839596838404,0.0,0.0,4.219483464899172e-05,0.0,0.00030179353163231224,0.0,0.0,0.00012055667042569065,0.0,0.001038394787933282,0.0,0.0,0.0,0.0,0.00031997749608818723,0.0,0.0,0.0,0.0034985545757535426,0.09723709227357324,0.0002616079748237487,0.0,0.0,0.0,0.001899772198124842,0.0,0.0005411989863193296,0.0009515939852267848,0.0,0.0,0.0011736191865940986,0.0,0.0,0.0005690274844092598,0.0
MSM6J2OP,0.0,0.0,0.0,0.0,0.0,5.302836487237023e-06,0.00010545640863297777,0.0,0.0,0.0,0.0,0.0,0.0,0.027300302932038344,0.0,0.0,0.0,0.0,0.23650250519002614,0.5760101078066657,0.012189019906748118,0.0,0.0,0.0,0.0,0.0,0.0,0.0,0.0,0.0,6.023221821352241e-05,3.171696540479502e-05,0.0,0.0001203643829084177,0.0,0.0,0.0003634944331723038,0.0,0.00016859017888668648,0.0,0.0,0.0,0.0,0.005223393993447094,5.9631897101759725e-05,0.0009674174716055617,0.001720620359830473,0.0,0.00025003374304915696,0.00010545640863297777,0.0,0.0,0.0,0.0,0.0,0.0007531028347062843,0.10447188200968696,0.0002526351345334619,7.113805174387779e-05,0.0004020150378437426,0.0,0.0,0.0,0.00036189357687427005,0.0,6.893687433408128e-05,0.00012906903902897658,0.0,0.0,0.0,0.0,0.0,0.0,0.0,0.0,0.0,0.008323652321626837,0.017788114862640023,0.001237962185973277,0.0,0.0,0.0,0.00045374270697396037,0.0,0.0018793052403730753,0.0010458594302092188,0.0,0.0,0.001343618701643509,0.0,0.0,0.00011796309846136698,0.00011546176049568913
MSM79H7C,0.0,3.209702239173603e-05,0.013108789607065406,0.0836980645292352,0.0,0.0021484690431329127,3.473791663915734e-05,0.06810043523968654,0.024292570453472013,0.008847503593139768,0.0,0.0,0.08446463487097707,0.0002598233648039897,0.14808916065270716,0.01846442156798017,0.0,0.0,0.057419338455991016,0.2558488189616207,9.903353427829946e-05,0.0,0.0,0.0,0.0005363046779378679,0.0,0.0,0.000586684814350213,0.0,8.521962590717257e-05,0.0,7.323402893810657e-05,0.0,0.00014108469652570043,5.881068343295936e-05,0.0,4.3981046505131964e-05,0.0,6.602235618553296e-05,0.0009403614977933296,5.9927984845329926e-05,2.6307369618543137e-05,0.0006381822521749287,0.0,0.0,0.0,0.0,0.0,3.687094660822841e-05,0.0,0.0065727794904089825,0.0,0.0,0.016150287197249404,0.0,0.0,0.13404061898498243,0.0006185786910306089,0.0009027795411954108,0.0,0.000754991036195487,0.0,0.002959934587080948,0.003929041203028902,0.0,0.0017797595770506288,0.0009956171312778372,0.0,0.0,0.005235775991224104,0.001664169667298111,0.0027753767083284657,0.000711009989690355,0.0006135000482471064,0.00018587832587619284,0.0,0.006984352701584028,0.0197469820165259,0.017249711787022035,0.0007138540296491164,0.0,0.0,0.0008445782948964717,0.0,0.0008069963382985529,0.004040974489977298,0.00047444680883480697,0.0,0.0003691157575049643,0.0,0.00013184156665972584,0.0001506325449586852,0.0003955246999791775
MSM79H7E,0.0,0.0,0.008318991579594256,0.04863950477565752,0.0,0.003333232996612726,0.0,0.0699807212082265,0.008093840018957578,0.018325357237445904,0.0,0.0,0.08026486469997264,0.0004023233136006693,0.11496668989226057,0.022604954061606876,0.0,0.00016969700397919267,0.04213687719936912,0.23823944206857411,0.0,0.0,0.0,0.0,0.0009630304975819185,2.969697569635872e-05,0.0,0.00126545480110198,0.0,9.424244328130166e-05,0.0,5.111112143659017e-05,2.3838388654219926e-05,0.0002118182246097423,0.0,0.0,0.0003567677488419694,0.0,1.8888892704826804e-05,0.0018461619891236337,0.00024252530152026289,0.0005666667811448042,0.0012583840926028468,0.0,0.0,0.0,9.444446352413403e-05,0.0,0.0,0.0,0.017317377235833778,0.0001629293258443082,0.0,0.032855461182921444,7.93939554331223e-05,0.0,0.2152667101548909,0.0006243435604734465,0.0004687879734925198,4.505051415161901e-05,0.0004068687690643977,0.00030040410109173757,0.005305657637506592,0.0023978792722988422,0.0,0.0029763642376493403,0.0010412123315580466,0.0011894951897970078,0.0,0.0003989899795939352,0.002189192361453002,0.006660910436547562,0.0,0.0010173739429038267,0.001930909480991814,0.0,0.006872526640914471,0.015335659663769626,0.008654244172574578,0.0,0.0,0.0,0.0019285862481992417,0.0,0.0076300015414144514,0.001923838772492681,0.0002820202589939917,0.0,0.00134808108042042,0.0,4.535354451586757e-05,0.00017949498575656276,0.0006653536697684181
MSM79H7G,0.0,0.0,0.022839543097423944,0.09210381327982159,0.0,0.0009478434251626684,0.000265473343338178,0.04014923786096732,0.018868411241567233,0.0177814329731095,0.0,0.0,0.10210364773982555,3.9099937714307014e-05,0.1291526799757438,0.06338546759920187,0.0,0.0,0.063949826959925,0.3017458985434816,0.0003902884691846282,0.0,0.0,0.0,0.0015741533365500225,0.0,0.0,0.0010661588211033637,0.0,0.00012115902777446302,0.0,0.00011384683163048872,0.0,0.00017853945584870578,4.062331191096832e-06,0.0,0.0001888984003860027,0.0,3.534228136254244e-05,0.0007533593193889076,5.9411593669791174e-05,0.0,0.0004536608357657388,0.0,0.0,0.0,0.00015741533365500225,0.0,0.0,0.0,0.01127611736196681,0.0,0.0,0.006291535432211219,0.0,0.0,0.0726559104938444,0.002093420821051975,0.0001820939956409155,9.485543331211103e-05,0.00034387633532634683,0.00010480814473029828,0.0007261417004085588,0.0,0.0,0.0006548477880048094,0.0017983940182985678,0.00020413214235261582,0.0,0.004880383134703957,0.0024365862484198803,0.0059487762379624234,0.0,0.0014007933529699651,0.00022363133206988064,0.0,0.014151536937304924,0.0,0.012426975788404543,0.0,2.9350342855674615e-05,0.0,0.00042654477506516743,0.0,0.00042065439483807696,0.0009003141502268355,0.00024790376093668416,0.0,0.0014988986512349538,0.0,0.0,6.123964270578475e-05,9.160556835923357e-05
MSM79H7M,0.0,0.0,0.005797299693492412,0.04225853028345618,0.0,0.0,0.0,0.06167084631557614,0.02579517187222939,0.001963067102363401,0.0,0.0,0.09269782404944649,0.0018976112673202113,0.10442232185829721,0.06586569394837499,0.0,0.0,0.0633450363502799,0.24184512500949915,6.596245915343109e-05,0.0,0.0,0.0,0.002069154191047951,0.0,0.0,0.002962535147047647,0.0,0.0,0.0,0.0,0.0,0.003678293689996706,0.0,0.005780277123388301,0.00021815234186994953,0.0,7.133267472199e-05,0.0010197330090939024,0.0,0.0,0.0,0.0,0.0,0.0,0.0,3.394381538617422e-05,0.007802213947361753,0.0,5.4512754261975315e-05,0.0,0.0,0.058494211819540474,0.0,0.0,0.0983830584897535,0.000398814499582035,0.0,0.0,3.211996858930515e-05,0.0,0.009647744256149147,0.0,0.0,0.0,0.00047207234592294234,0.0,0.0,0.00615051802315272,0.02491222737290067,0.003727030929401929,0.0557162904982648,0.00378650859994427,0.00029313271018567767,0.0,0.0,0.0,0.0,0.0003006307470172505,0.0,0.0,0.0012201535071054029,0.0,0.0003742938926463509,0.004485447222433314,0.0,0.0,0.000291106213744712,0.0,0.0,0.0,0.0
MSM79HAJ,0.042627786459415895,0.0035921782116189785,0.02942655714726511,0.0004237543670851613,0.0061383637782671235,0.0002734276883299072,0.012055994711779698,0.02166138644817433,0.0,0.014477030024936373,0.08763298861147331,0.0002232212123678311,3.483714658593036e-05,0.0,0.012147771564340113,0.01686132532215578,0.008999547409843513,0.01534751956588817,0.07958955986339156,0.0061462680048034275,0.0,0.013752036802078753,0.0,0.0,0.0,0.0,0.0,0.0,0.0,0.0,0.0007340684459178183,0.0,0.0,9.265509995333578e-05,0.0,0.0,0.0027411564878769656,0.004564690824715287,0.00019848391080051078,0.024823955310088665,0.003920349987441063,0.001697066712257465,0.014188379381795806,0.0,0.0014685760155320978,0.006461558818862646,0.0,0.001279752826053736,0.0,0.0,0.019379992470492352,0.0023674622221883934,0.00018765219295446522,0.09474049838783054,0.08325726735080187,0.004536147784445302,0.10084607426342855,0.0,0.0,0.0015818699292191151,0.0,0.0,0.0,0.0,0.0007631969844497517,5.123109792048582e-05,0.0005361700333792559,0.0,0.0035043534723267177,0.003967775346658884,0.030745245607738413,0.019419513603173868,0.0,0.0,0.0,0.0,0.04205868214880205,0.0004271209820913647,0.003913616757428656,0.0,6.118456837360879e-05,0.028545382263032753,0.0,0.0,0.004256279615233962,0.02201897951165932,0.0020710537270770112,0.004849682103718675,0.09233131941447832,0.0,0.0,0.0,0.0
MSM79HAL,0.08644611320434864,0.006049370067999916,0.05836779073106586,0.0014909148452453183,0.01763254024039592,0.0,0.0062971238128862106,0.022667627607720942,0.0,0.029792417500792704,0.27107013828980114,0.0001405560296815397,0.0001466103856897817,0.0,0.020981430102994095,0.013397458856199192,0.002744997528991759,0.006246195994699233,0.03379802692099077,0.017937988436654877,0.0005263728341283336,0.014310598197677573,0.0,0.0,0.0,0.00023398305278911715,0.0,0.0,0.0,0.0,0.00012785375335052217,0.0001079099923821956,0.0,0.0,0.0,0.0,0.00023398305278911715,0.0020112333233654103,0.0,0.004179761190082205,0.0,0.00024383622041037375,0.0030842788911791237,0.0,0.0005739766921539226,0.0016864349304526627,0.0,0.0,0.007508113727397516,0.0,0.0030733573077917067,0.0006886533177218004,0.0,0.009992061670857429,0.08256906981467853,0.003224834920860664,0.09033763956329337,0.0,0.0,4.70102937110555e-05,0.0,0.0,0.0,0.0,7.431425217959785e-05,8.286157830888066e-05,0.00020929077730452237,0.000218312954885432,0.0033918639189703986,0.001097619130435402,0.045685695586742486,0.02415533720566778,0.0,0.0,0.0,0.0,0.005403334668061623,0.0029970249369426953,0.0013496465383863385,0.0,5.591375842905844e-05,0.007509300856026583,0.0,0.0013797996055646417,0.0016229235487975754,0.0012287968439473119,0.001663760773637482,0.0020946884659888243,0.07981125129649286,0.0,0.0,0.0,0.0
MSM79HAN,0.1268406912461354,0.005758317009958576,0.03405700470556218,0.0012156615792588185,0.011839662794414082,0.0,0.007465610156672752,0.02663683629263723,0.0,0.023678312959441027,0.05126486903854004,0.000174298833261078,0.00010569319228249827,0.0,0.009318342199114581,0.016012202184115008,0.00175957013882516,0.005483134974003905,0.02341781404959985,0.012695081469198661,0.0010716150489384795,0.022032030733301896,0.0,0.00752839317867529,0.0,0.008820128540642829,0.00014961599194959635,0.0,0.0,0.0,4.139122619925382e-05,0.0,0.0,0.0,0.0,0.0,0.002035891382840362,0.002935992329332392,0.0002298668708802597,0.019408307991228096,0.0013557841707039987,0.0017734937928983033,0.009264039948229321,0.0,0.0023548696397887397,0.005314405602372084,0.0,7.214984383356169e-06,0.07369511627833385,0.0031068735384118806,0.008167615479305968,0.0014288200652513058,0.0,0.05168688233562968,0.03415472344142097,0.005667433522462967,0.05789430047878383,0.0,0.14253644674676985,0.00019569062906436206,0.0,0.0005384656766104762,0.0,0.0,0.0007299792094528952,8.480771117278306e-06,0.0002551826055587024,0.0025911920230120024,0.0,0.0017658990724947706,0.03208250397931704,0.01729558335363866,0.0,0.0,0.0,0.0,0.01054261112816407,0.003608251663718438,0.0008494694771351448,0.0,0.0,0.020402077156030363,0.0,0.0002501194586230139,0.0024760054302250885,0.002000196196943758,0.0032910455081975507,0.007699274387754778,0.07303361613118613,0.0,0.0,0.0,0.0
MSM79HAR,0.05543082549103564,0.006374967612227067,0.04894497425291176,0.0026626645413784845,0.021603471408673882,0.0,0.008755994470842372,0.09458586311130485,0.0,0.047635672955416375,0.06290599636001235,0.0006059919089709338,0.004163797875182709,0.0,0.017623769502876977,0.06629674812745137,0.011563962530079568,0.06475289825020257,0.0366287072437952,0.01584638009808212,0.0026282446494165826,0.01529319525462928,0.0,0.0014241090153096765,0.0,0.00451999330437802,0.0,0.0,0.0,0.0,2.8701929453572445e-05,0.0,0.0,0.0002675109518602494,0.0,0.0,0.031030821948141222,0.0006755043943663045,0.00037346143363222584,0.005457627038832029,0.0006397390994612671,0.00028769199600729256,0.0025818282478783836,0.0,0.0006596959097844541,0.0013644628181639713,0.0,0.0,0.05906924351692366,0.0,0.001215010974563924,0.00038377618952960344,0.0,0.013814597420122587,0.047620088704658385,0.0019844693411259075,0.06714143694191706,0.0,0.0026106422942438843,0.0,0.0,0.0,0.0,0.0,0.0005124864044229674,0.0,0.00017927494217289978,0.0,0.011762633698016013,0.0019259443130994823,0.05242530743298128,0.016548680434399218,0.0,0.0,0.00028612235924030036,4.282866035650263e-05,0.0018368113681167086,0.009305367339289657,0.0006104765854480545,0.0,3.116850151598883e-05,0.008655201367019085,0.0,5.0340493455679796e-05,0.0010032221279318992,0.018433702074644977,0.00023051237092400372,0.00011222902883994538,0.048593151383281644,0.0,0.0,0.0,0.0
MSM79HAT,0.1699267098777137,0.007890139143787809,0.04522655545887347,0.004481918752756924,0.02022534468468888,0.0,0.008495339484273693,0.05270920217015555,0.0,0.03565876262488872,0.08232094143824537,0.00016745411601594662,2.6643257120752846e-05,0.0,0.00206435442205235,0.023523630514796286,0.0029184326643344276,0.008880670702912619,0.031828109657172254,0.01182786314479328,0.00012811173634231157,0.033523442517982026,0.0,0.01694971807325427,0.0,0.009617717815785782,3.660335324066045e-05,0.0,0.0,0.0,5.615004187597913e-05,0.0,0.0,0.0,0.0,0.0,0.014258500101655231,0.008767001105944174,0.00016147805834400208,0.019697086086729283,0.0,0.0017273296695949766,0.00424959951076008,0.0,0.0012527310894813793,0.0030710711373720116,0.0,0.0,0.028378305864840754,0.0,0.006212858957195367,0.0017219761179305263,0.0,0.053480362612239395,0.022675777332589152,0.0022778739826228695,0.04046986255440859,0.0,0.0005465602745799299,0.0,0.0,0.0,0.0,0.0,0.0010312434520149338,0.0,0.00011603511979692361,0.002942087892619208,0.0076012963563104885,0.002650257076305915,0.07196343748315344,0.02587632971951996,0.0,0.0,0.0,6.959617163785439e-05,0.00046401597798619563,0.004106298627834909,0.0,0.0,0.0,0.03229287264236744,0.0,0.0,0.002324935436789433,0.01081442336459268,0.0012354254224730397,0.0009298994739948739,0.05814965567325208,0.0,0.0,0.0,0.0
MSM79HBZ,0.0,0.0,0.0,0.0,0.0,0.0,0.0,0.0,0.0,0.0,0.0,0.0,0.0,0.3542640741851268,0.0,0.0,0.0,0.0,0.0,0.0,0.0,0.0,0.0,0.0,0.0,0.0,0.0,0.0,0.0,0.0,0.0,0.0,0.0,0.0,0.0,0.0,0.008559121078025964,0.0,0.0,0.0,0.008758247032605915,0.0,0.0,0.0,0.0,0.0,0.0,0.0,0.1805170684881255,0.008045874753838365,0.0,0.0,0.0,0.0,0.0,0.0,0.1780820864621809,0.0,0.0,0.0,0.0,0.0,0.0,0.0,0.0,0.0,0.0,0.0,0.0,0.0,0.0,0.0,0.0,0.0,0.0008376909297194116,0.0,0.0,0.0,0.0,0.0,0.0,0.0,0.0004580006787635959,0.0,0.0,0.0,0.0,0.0,0.0010621881449215194,0.0007712423899947172,0.002023660073433874,0.008712776461620752,0.2479079693216428
MSM79HDA,0.0,0.0,0.0,0.0,0.0,0.0,0.0,0.0,0.0,0.0,0.0,0.0,0.0,9.355160787514298e-05,0.0,0.0,0.0,0.0,5.958035361880615e-06,0.0001848036231544724,0.0,0.0,0.0,0.0,0.0,0.0,0.0,0.0,0.0,0.0,0.0,0.0,0.013873546657479445,0.0034471938280607154,0.0,0.007049714683275021,0.04714143916030585,0.0,0.017588538496016267,0.0,0.10595372885211027,0.0,0.0,0.0,0.0,0.0,0.0,0.0005325647398031882,0.05688439488102325,0.0,0.0,0.0,0.0,0.0,0.0,0.0,0.5789673825786209,0.0012464837138671287,0.018976133573717413,0.0,0.0,0.0,0.0,0.0,0.0,0.0,0.0,0.0,0.0,0.0,0.0,0.0,0.0,0.0,0.0,0.0,0.0,0.0,0.0,3.5225577490416966e-05,0.0,0.0,0.05462305914384913,0.0,0.0,0.00833654579450506,0.00028953961320016323,0.0005502297920164835,0.0,0.00710500943251072,0.0023509153214746827,0.029314892830622878,0.045449148063659406
MSM79HDC,0.0,0.0,0.0,0.0,0.0,0.0,0.00010389792896080863,0.0,0.0,0.00013817353439117848,0.0,0.0,0.0,0.0,0.0,0.0,0.0,0.0,0.0,0.0,0.0,0.0,0.0,0.0,0.0,0.0,0.0,0.0,0.0,0.0,0.00022247010149649437,0.0035765523153921245,0.008633061006507438,0.011477614923427226,0.0,0.021357986633799217,0.009264160591494123,0.0,0.02342405586238173,0.0,0.001877446287448509,0.0,0.0,0.0,0.0,0.0,0.0001565966723100023,4.680762366584884e-05,0.01685320807884589,0.0,0.0,0.0,0.0,0.11479007369897835,0.0,0.0,0.6127385716027037,0.004280808895719255,0.01751429881858415,0.0,0.0,0.0,0.0,0.0,0.0,0.0,0.0,0.0,0.0,0.0,0.0,0.0,0.0,0.0,0.0,0.0,0.0,0.12311904581855823,0.0,0.0,0.0,0.0,0.006025222989591142,0.0,2.3671590000349182e-05,0.005149052825777312,0.0,0.0,0.0001587388976494004,0.00035753740914554557,0.000709612143675626,0.001374773111558741,0.01662656063793757
MSM79HDE,0.0,0.0,0.0,1.5317975284816624e-05,0.0,0.0,0.0,0.0,0.0,0.00010553556765194349,0.0,0.0,0.0,0.0,6.972319784813084e-06,0.0,0.0,0.0,6.338472531648258e-05,5.514471102533984e-05,0.0,0.0,0.0,0.0,0.0,0.0,0.0,0.0,0.0,0.0,0.000632685199867357,0.0018141764797665921,0.004585990517856375,0.005837733201648045,0.0,0.00897876326470634,0.004025352622432087,0.0,0.010080072867080224,0.0,0.0006978658257344732,0.0,0.0,0.0,0.0,0.0,0.00028121689798746107,0.00012180431381650735,0.003724486459596516,0.0,0.16023552918797937,0.0015640180971842076,0.0,0.03168771444505141,0.0,0.0,0.7061174605585906,0.003785124513482618,0.007004012147471325,0.0,0.0,0.0,0.0,0.0,0.0,0.0,0.0,0.0006000420663293685,0.0,0.0,0.0,0.0,0.0,0.0,0.0,0.0,0.019039398149356176,0.013233885516410677,0.0,0.0,0.0,0.0,0.004564756634875354,0.0,0.00026473686940517557,0.002779103281501179,0.0001646946446139939,3.074159177849405e-05,0.00016321566768994262,0.0010986685721523647,0.0015221841784753291,0.0005592645597090979,0.00455894636838801
MSM79HDG,0.0,0.0,0.0,0.0,0.0,0.0,0.0,0.0,0.0,2.8782688383222617e-05,0.0,0.0,2.815010182534959e-05,0.0,1.9083027829169575e-05,2.8782688383222617e-05,0.0,0.0,6.979538355199037e-05,0.0002887757636690357,0.0,0.0,0.0,0.0,0.0,0.0,0.0,0.0,0.0,0.0,0.0008783464356066946,0.0003726989136801903,0.0008491420228515566,0.004206384316576677,0.0,0.006391549149656061,0.001267703461977541,0.0,0.00567704263253848,0.0,0.00021845322465215115,0.0,0.0,0.0,0.0,0.0,0.0,0.00034201846562334867,0.0034575072631479946,0.0,0.052369943366634086,0.005352947452721533,0.0,0.05322404065085565,0.0,0.0,0.7876198171656157,0.0034652037329354498,0.0004386987778849425,0.0,0.0,0.0001302073998288642,0.0,0.0,0.0,0.0,0.0,0.0,0.0,0.0,0.0,0.0,0.0,0.0,0.0,0.0,0.053873074459233374,0.010939635638577149,0.0,0.0,0.0,0.0,0.0028965084174076006,0.0,0.0004452355056496305,0.0016904821448226793,0.0,0.0,0.0,0.0007798737947644605,0.0006072830955581036,0.0005550947045335791,0.001487738153024375
MSM79HDG_TR,0.0,0.0,0.0,0.0,0.0,0.0,0.0,0.0,0.0,0.0,0.0,0.0,0.0,0.0,0.0,0.0,0.0,0.0,0.0,0.0,0.0,0.0,0.0,0.0,0.0,0.0,0.0,0.0,0.0,0.0,0.0014594874639710649,0.00012854095752983706,0.00034573482657576806,0.0026165866484795623,0.0,0.004240929331524768,0.0006696810962249538,0.0,0.0035100327658394164,0.0,0.0002056655320477393,0.0,0.0,0.0,0.0,0.0,0.0,0.0009339105802235069,0.0041390188324607535,0.0,0.0528860154124643,0.002034866763550811,0.0,0.042183222626713146,0.0,0.0,0.8288124959794925,0.004039990417646288,0.0025550253289092187,0.0,0.0,0.0,0.0,0.0,0.0,0.0,0.0,0.0,0.0,0.0,0.0,0.0,0.0,0.0,0.0,0.0,0.0332232838283486,0.00705361299234357,0.0,0.0,0.0,0.0,0.0016725311316976468,0.0,0.0005626981288817352,0.0006107712941641944,0.0,0.0,6.271415327016266e-05,0.001256242882692946,0.0011665524208470147,0.0002465911283913197,0.0033837974757092173
MSM79HDI,0.0,0.0,0.0,0.0,0.0,0.0,0.00010468100710835416,0.0,0.0,0.0,0.0,0.0,0.0,0.00044847997932924736,0.0,0.0,0.0,0.0,0.0,0.0,0.0,0.0,0.0,0.0,0.0,0.0,0.0,0.0,0.00027711567219174734,0.0,0.00035921212664175516,0.0013161121302702685,7.042955283977202e-05,0.0026704360392089243,0.0,0.004681424547953053,0.0016809971540252577,0.0,0.003344440437737867,0.0,0.0012181743782210415,0.0,0.0,0.0,0.0,0.0,0.0,6.293704721851967e-05,0.0011870269619955495,0.0002941343635314491,0.10433496038444688,0.0032640565560012884,0.0,0.22805902681557058,0.0,0.0,0.44556646500052605,0.001187455105173907,0.004615383462691442,0.0,0.0,0.0,0.0,0.0,0.0,0.0,0.0,0.0,0.0,0.0,0.0,0.0,0.0,0.0,0.0010032465026856886,0.0,0.04859553517308598,0.11065895623616763,0.0,0.0,0.0,0.0,0.006614169890852389,0.0,0.0010427427108891474,0.004150205899406262,0.00015177675672765458,0.0,0.0,0.0019468740677851266,0.0012623801613864303,0.0010795630242278731,0.018751600854102827
MSM79HEA,0.0,0.0,0.0,0.0,0.0,0.00012295135442208347,0.0,0.0,0.0,0.0,0.0,0.0,0.0,0.013164727715443395,0.0,0.0,0.0,0.0,0.43815245767211436,0.24010442333807408,0.029135757365287975,0.0,0.0,0.0,0.0,0.0,0.0,0.0,0.0,0.0,0.0,0.0003678503787403559,0.0,0.000253831816598734,2.54935869577218e-05,0.0,0.002012889316681538,0.0,0.00021699659449840367,0.0,0.0,0.0,0.0,0.01727571916505492,0.00018437684740683048,0.002296831669057109,0.00416348415031581,0.0,0.0011611626280074153,0.0010583853325558125,0.0,0.0,0.0,4.014738103578237e-05,0.0,0.006006951519026346,0.21508056073847096,0.0019390181355756987,0.0,0.00011953882703404198,0.0001784551087040526,0.00012525982883164098,0.00022071022724421354,0.0008608602178597633,0.0,0.00025242665826248156,0.0010504562248012455,0.0003768835394734069,0.0,0.0,0.0,0.0,0.0001652064729622444,0.0,0.0,0.0,0.009076419536117087,0.004536854793948586,0.000494013523645302,0.0,0.0,0.0,0.0015178721085103417,0.0,0.0022395212826285295,0.002839323155303118,0.0,0.0,0.0031368152487782656,0.0,0.0,0.0,4.536654057043407e-05
MSM79HF3,0.03573383513698298,0.00386166764924056,0.03788144420327076,0.0008839651669942303,0.007635383809290253,0.0,0.0004992505970980927,0.02240186499317585,0.0,0.02140500337401119,0.10179969124459905,0.0,0.0,0.0,0.045282368783053535,0.0037791033351532613,0.0009072705549422763,0.001972877212928564,0.056872876018381036,0.0048786726187924805,0.0,0.010800817632645718,0.0,0.0014503212278824255,0.0,0.002254649893345644,0.0,0.0003382209065022969,0.0,0.0,0.0,0.0,0.0,0.0,0.0,0.0,0.0,0.0018760251735665838,0.0,0.007942101452686898,0.0,0.0008471918412872631,0.0040828931659936205,0.0,0.00012566171491584647,0.0016658082320251631,0.0,0.0,0.1574413635268102,0.0048751592437249365,0.004077505990890052,0.0009528273183181051,0.0,0.18087791747737794,0.061131203712747384,0.0011948988604719305,0.08676677911809132,0.0,0.0,0.0,0.0,0.0,0.0,0.0,0.00036574234453139653,0.00018257839101006954,0.0001443997152760845,0.002753197815430228,0.004963462070422558,0.0005068629097444394,0.03728815226686473,0.012143746695963529,0.0,0.0005819320236876431,0.0006012555865591386,0.0,0.0025021086106030376,0.002519675485940761,0.004371575484043539,0.0,0.0,0.0145460754546483,0.0,0.0010144284945023878,0.0007932029777493273,0.01210357710769127,7.612312646346709e-05,0.0001318686775351753,0.027913413574135373,0.0,0.0,0.0,0.0
MSM79HF5,0.05443035192126183,0.014276807958524304,0.09146771717812503,0.0015041121106172087,0.02335189007241122,0.0,0.002703695898891994,0.10871131693307526,0.0,0.03417265835156265,0.07302269219379742,0.00012705943607937856,0.0,0.0,0.019927500161989273,0.019835197926721466,0.007259881546999276,0.014808639166968876,0.03896443337073378,0.014461872789335573,0.0015165418380597567,0.018058552532919506,0.0,0.0007908989535665666,0.0,0.0023057144405926357,0.0,0.0003847461003744226,0.0,0.0012128191461997203,8.516665099523563e-06,0.0,0.0,1.392589833841015e-05,0.0,0.0,0.009627054084391176,0.00021119027645440187,0.0038435479414012015,0.0007782390459861937,0.0040531269568908285,0.00031626750937149666,0.003759647281164003,0.0,0.0007812313877779182,0.0010206187311158777,0.0,0.0,0.07533887983066109,0.0,0.0015222963415053806,0.0005719976424950285,0.0,0.031997801319323504,0.03784046375773449,0.00031246953709738475,0.09382326561855676,0.0,0.0,0.0,0.0,0.0,0.0,0.0,0.003761718902404428,1.0243016133210771e-05,0.0002858837311786018,0.0,0.032729774157606875,0.0013554157415822839,0.05188294833595298,0.017262474526251875,0.0,0.0008126509765910253,0.0,0.0,0.00048096139798525637,0.004205276027993128,0.00040891501484604354,0.0,0.0,0.00573459286370217,0.0,4.557566728934231e-05,0.000969403650449824,0.019486475017916647,0.0006921516744396582,0.0004825726589500311,0.05027732678455497,0.0,0.0,0.0,0.0
MSM79HF7,0.03521093905288384,0.0013994847004024135,0.012340937815264717,5.22050247336306e-05,0.0015610502510866669,0.0003973882486189295,0.0005576036693531751,0.019646791003634097,0.0,0.0445323862421758,0.05418056487936963,1.1701126233399962e-05,0.0,0.0,0.07861086629588097,0.004538986877486957,0.004643246912515329,0.004632145844037488,0.053666915440611154,0.015386530953604283,6.285604989480237e-05,0.005414471142847498,0.0,0.0001036599772728125,0.0,0.010802539744450402,9.840947191167148e-05,0.008390007538225554,0.029248465164772103,0.0,1.1851140672289707e-05,0.0,0.0,6.22559921392434e-05,0.0,0.0,4.8004620444717796e-06,0.00043069145405245246,3.585345089464861e-05,0.0017248660183542665,0.0,0.0008582326048882204,0.003534790223559017,0.0,0.0005793557629921879,0.0036470010238485446,0.0,0.0,0.28824974403786363,0.0,0.0038411197077718724,0.004481831376269965,0.0,0.02515682134405436,0.00831064990005288,0.00044764308564699347,0.057353220247448815,0.0,0.0,0.0014197366496525288,0.0,0.0,0.0,0.0,0.009742837748133256,0.0006144591416923878,4.4254259472474214e-05,0.0,0.015975037597368746,0.0006536129102426108,0.023897900172891638,0.010735333275827796,0.0011026061258396118,0.01255440836180482,0.0008748842076049819,0.0,0.0035134881732366736,0.005257706054207717,0.041463990909125,0.0,0.0,0.024619019580634633,0.0,0.003094047802100952,0.0018582288545272478,0.006105437648373656,0.00044044239258028575,0.00021212041659009675,0.05154946163568242,0.0,0.0,0.0,5.01048225891742e-05
MSM79HF9,0.15217881865172464,0.0013885671684432154,0.020494966170855528,0.0,0.0027948465330216296,0.0003072030901111429,0.007770593475885077,0.028771967436242427,0.0,0.019610736535223005,0.015607320151625602,0.0,0.0,0.0,0.003988694558238277,0.002297754898629882,0.0006199268647319583,0.013957670611579133,0.050771780193026146,0.009427488914350492,0.0,0.009511794367383615,0.0,0.0017505170466086092,0.0,0.006691644697025986,0.0,0.0011709601873536304,0.001058361226208438,0.0,0.001786631524442716,0.0,0.0,0.0009218392988546652,0.0,0.0,0.021574720049538944,0.004979772441985083,0.008197641425560356,0.017561182411007143,0.0021836607520966528,0.006445859222084948,0.038125732209536675,0.0,0.003045922663951104,0.007460400014997861,0.0,0.0008657123396729963,0.058444151490343293,0.0,0.008470915308789139,0.00585238563729517,0.0009464523506269544,0.14122831089826832,0.0010834343350231998,0.0031296530456811347,0.058204576785475644,0.0,0.0,0.000206795640591477,0.0,0.0,0.0,0.0,0.006036063411502394,0.0007793366299487475,0.0,0.0,0.0,0.0010866547343205085,0.058051492804592854,0.022767187903628174,0.0,0.00167552774868556,0.0009020568460283393,0.0,0.0,0.0008162562076071814,0.00026418775663994583,0.0013549830043427088,0.0,0.04447877492330275,0.0,0.005901726755100366,0.007457524658482407,0.032686362782121364,0.010387167904948535,0.012063155710676569,0.05240417759397989,0.0,0.0,0.0,0.0
MSM79HF9_TR,0.17335596268130524,0.00213160096373589,0.025461891893034515,0.0,0.002729355848062686,0.00032788440806294993,0.00409937716054921,0.03153186374101077,0.0,0.01146256645178807,0.016017247283562228,2.1490990929627453e-05,0.0,0.0,0.002993002157554564,0.002040469767225557,0.0006764377472931918,0.013658992699639558,0.048147687968662124,0.011664910590431503,0.0,0.010224779323928653,0.0,0.001432850165750735,0.0,0.008416952469444036,0.0,0.000899215942886106,0.001634959430176357,0.0,0.0015747141933080571,0.0,0.0,0.0004826665175998296,0.0,0.0,0.020267531129054453,0.004056630052907765,0.0075910172825146924,0.015615377496889085,0.0031024535430540876,0.004820088697899612,0.038718075309129685,0.0,0.003609781853523981,0.00950406778657825,0.0,0.0006624627313334887,0.05413322253533563,0.0025492073230023115,0.010095246192806363,0.004291856582044617,0.0015398353719632521,0.1535889485104042,0.0014660848675708694,0.0026862564290945266,0.05273384194562284,0.0,0.0,0.0,0.0,0.0,0.0,0.0,0.0063793011928322,0.0008747890242338517,0.0001638247669225699,0.0,0.0,0.0006121996487221197,0.05440191864051043,0.021748060761020645,0.0,0.0024432790507699404,0.0,0.0,0.0,0.00023405215804780057,0.00017486385515964628,0.0009703828308825771,0.0,0.03967871085997315,0.0,0.005824880601691374,0.00741415699650366,0.029348590449356646,0.011532676405804397,0.0074765161013322515,0.04870293061956529,0.0,0.0,0.0,0.0
MSM79HFB,0.11772076823269755,0.0049868649781612965,0.04713001787565279,0.0011723614135945133,0.02326045634208863,0.00024634291849055166,0.007886240539157742,0.015621321055828797,0.0,0.02486821960719739,0.06474723931484867,8.385678480889691e-06,0.001425892056497256,0.0,0.018898923387787966,0.002330782998025989,0.005671550180880173,0.003826809819999777,0.07082141096772689,0.01565900215653513,0.0,0.014191726232210107,0.0,0.0,0.0,0.0,0.0,0.0,0.0,0.0,8.668831260763888e-05,6.948133598451459e-05,0.0,0.00014473463248184935,0.0,0.0,3.376052375423122e-06,0.002384799836032759,0.0,0.015011017910284565,0.0,0.0009754613266666099,0.010065536799951036,0.0,0.0020145231238895777,0.006056529056593745,0.0,0.0,0.002889574118616184,0.0,0.02147996988125661,0.0010275178761973277,0.00022238383711658115,0.0533189753092954,0.05693309382964352,0.008888383570081726,0.10407999196717344,0.0,0.0,0.0,0.0,0.0,0.0,0.0,0.0003468621553458917,3.931467443637894e-05,0.0004964975090178714,0.003192547593081575,0.0,0.004114536606318096,0.037719653046364515,0.04427681799875891,0.0,0.0,0.0,0.0,0.0013478072322011792,0.0004938837910498019,0.005613177146259954,0.0,0.00010716243669085008,0.01911139687760895,0.0,0.0,0.005809532708611176,0.00414187174006749,0.00030841872023220263,0.00012349817399128453,0.1466306670578531,0.0,0.0,0.0,0.0
MSM9VZEU,0.0,0.0,0.0,0.0,0.0,0.0,9.152155194344583e-05,0.0,0.0,3.98231361364658e-05,0.0,0.0,0.0,0.2406832544531531,0.0,0.0,0.0,0.0,0.0,9.827817658356598e-06,0.0,0.0,0.0,0.0,0.0,0.0,0.0,0.0,0.0,0.0,0.000618026408369779,0.0033364417219114576,0.00036813366978594094,0.0034808901668691777,0.0,0.0057822374685343484,0.0011696126744450432,0.0,0.008073142713937515,0.0,0.0032105228081637637,0.0,0.0,0.0,0.0,0.0,0.0,0.0,0.00022849676055679093,0.0,0.021837717956170188,0.007703166328340632,0.0,0.1433868359044167,0.0,0.0,0.41326177999590713,0.004279195605409436,0.00469452327457561,0.0,0.0,8.148898808387346e-05,0.0,0.0,0.0,0.0,0.0,0.0,0.0,0.0,0.0,0.0,9.858529588538963e-05,0.0,0.0009460298227174305,0.0,0.023121579010893626,0.08306471484842996,0.0,0.0,0.0,0.0,0.0006850807892679413,0.0,0.0003748902944260611,0.0021164614819673367,0.0002363794893035978,0.0,0.022466084047701364,0.00030435522810723093,0.00037683538333761085,8.630052381244388e-05,0.0037860643797812715
MSM9VZEW,0.0,0.0,0.0,0.0,0.0,0.0,7.529063474233743e-05,0.0,0.0,0.0,0.0,0.0,0.0,0.37778880894444505,0.0,0.0,0.0,0.0,2.5165636817986758e-05,0.0,0.0,0.0,0.0,0.0,0.0,0.0,0.0,0.0,0.0,0.0,0.0005647828984233421,0.0030867097487242115,0.00030332843394138956,0.002892501166231306,0.0,0.004234324670337895,0.0017853162840956998,0.0,0.0037347248967873705,0.0,0.0010309660066909656,0.0,0.0,0.0,0.0,0.0,0.0,2.557818824123244e-05,0.0009710429124645299,0.0,0.030783452686179054,0.0043865561455155525,0.0,0.04583807294754895,0.0,0.0,0.3643881073388671,0.0019245523894411184,0.001920530013064473,0.0,0.0,0.00020111881883227122,0.0,0.0,0.0,0.0,0.0,0.00028197889778842537,0.0,0.0,0.0,0.0,0.0001615138822006855,0.0,0.0,0.0,0.0024604566882372625,0.04954268159043939,0.0,0.0,0.0,0.0,0.0025987645528803786,0.0,0.0005459086708098521,0.001990044927881371,1.1551439850879167e-05,0.0,0.09468271752985664,0.00017275590848413042,0.0003703680402188133,0.0002789878999698942,0.0009413392099908407
MSM9VZEY,0.0,0.0,0.0,0.0,0.0,0.0,7.495270939550846e-05,0.0,0.0,0.0,0.0,0.0,0.0,0.47639900681448505,0.0,0.0,0.0,0.0,0.0,2.7227296368810395e-05,0.0,0.0,0.0,0.0,0.0,0.0,0.0,0.0,0.0,0.0,0.00110555246358375,0.0022252879674812907,0.001430313029017051,0.005156001020350696,0.0,0.008185581252049812,0.0013326881602878182,0.0,0.003598247680192939,0.0,0.0005925819179280256,0.0,0.0,0.0,0.0,0.0,0.0,0.00022527223155335144,0.0001973202542925955,0.0002389376426586099,0.07507197116515436,0.017762963920001856,0.0,0.02519963923314682,0.0,0.0,0.2486214498918362,0.0038321125566079307,0.00038118214916334556,0.00017878912862713138,0.0002765175231980706,5.942383313953296e-05,0.0,0.0,0.0,0.0,0.0,0.0006313005827262578,0.0,0.0,0.0,0.0,0.0001392422570952471,0.0,3.074717498683151e-05,0.0,0.008215293168619579,0.0333289024273083,0.0,0.0,0.0,0.0,0.005669696246898366,0.0,0.00021367733728222305,0.003529610047141527,0.0,0.0,0.07297702223238156,0.0002072587350964198,0.0007698181589295593,0.0002598498626833235,0.0018545619283303022
MSM9VZF1,0.0,0.0,0.0,0.0,0.0,0.0,0.0,0.0,0.0,5.192623948951823e-06,0.0,0.0,0.0,0.1432604221053463,0.0,0.0,0.0,0.0,0.0,1.7308746496506073e-05,0.0,0.0,0.0,0.0,0.0,0.0,0.0,0.0,0.0,0.0,0.00012930651794448655,0.002600384620710383,0.00036175280177697697,0.0014476221040430786,0.0,0.0,0.0016822065271486668,0.0,0.0006616013807899792,0.0,0.00053779293526203,0.0,0.0,0.0,0.0,0.0,0.0,4.75481447874608e-05,0.0008574956646680833,0.0,0.025044330754262226,0.015763889963614976,0.0,0.05570524793048481,0.0,0.0,0.515545087044668,0.0034848615666818435,0.0065523787104861675,0.00032957889652464805,0.00033976051211082807,0.00021809020585597655,0.0,0.0,0.0,0.0,0.0,0.0,0.0,0.0,0.0,0.0,0.0,0.0,0.0,0.0,0.002426380810342566,0.08087633979879497,0.0,0.0,0.0,0.0,5.090807793090022e-06,0.0,0.0004659107292235988,0.003236735594846636,4.317005008540339e-05,0.0,0.11376631807529997,0.0018020441425980061,0.0015874156860413305,0.0006314637986548863,0.020567270748707137
MSM9VZF3,0.0,0.0,0.0,0.0,0.0,0.0,0.000178181358216289,0.0,0.0,4.3278407257312524e-05,0.0,0.0,0.0,0.4533884459017881,0.0,0.0,0.0,0.0,0.0,0.0,0.0,0.0,0.0,0.0,0.0,0.0,0.0,0.0,0.0,0.0,0.00044646694137813036,0.0016346467265712795,0.0009285093416492741,0.003760964538869077,0.00015426167645346526,0.006589061488988026,0.0006989412094764102,0.0,0.000873575157261772,0.0,0.0009455369117177248,0.0,0.0,0.0,0.00016865402734465582,0.0,0.0,0.0001916615178538126,0.0008115461520124154,0.0,0.05730425997369645,0.002847861093948401,0.0,0.09584727972405606,0.0,0.0,0.14073083952407128,0.002652246747328698,0.010426041965662686,0.000653230292209319,0.0008085055145001921,0.0,0.0,0.0,0.0,0.0,0.0,0.00015476844937216915,0.0,0.0,0.0,0.0,0.00012821354843208513,0.0,0.0007667474259989912,0.0,0.005454295569426267,0.1502591839415419,0.0,0.0,0.0,0.0,0.0009578008163503591,0.0,0.0004192025583518609,0.0023208172584963517,0.0008776293406114031,6.952924444617422e-05,0.048782569281939255,0.00026342056314228394,0.0007825587410625526,0.0003504841505756129,0.006328782917941707
MSM9VZF5,0.0,0.0,0.0,0.0,0.0,0.0,0.00018847117310790773,0.0,0.0,0.0,0.0,0.0,0.0,0.23209797766913123,0.0,0.0,0.0,0.0,0.0,0.0,0.0,0.0,0.0,0.0,0.0,0.0,0.0,0.0,0.0,0.0,0.0004756509819448637,0.0014443425527400139,3.2567818713046456e-05,0.0022018458916953166,8.674699860913299e-05,0.0,0.0018555615229717208,0.0,0.00029934248187485287,0.0,0.000327889582228264,0.0,0.0,0.004567837610422747,0.0,0.0,0.0,2.1812397101021852e-05,0.002345687091011272,0.0,0.05530236756985068,0.006418272717485933,0.0,0.05018710915476358,0.0,0.0,0.4246310814998606,0.016147405968213607,0.004623223005826724,0.0006241160073743995,0.00093340976718935,0.00048761261906477883,0.00043695156773337326,0.0,0.0,0.0,0.0,0.0,0.0,0.0,0.0,0.0,0.00017248881762835713,0.0,0.00035422528748387563,0.0,0.0010883079419943024,0.054253362149821814,0.0,0.0,0.0,0.0,0.003159279451083488,0.0,0.0005462145891564642,0.0031145489593325444,0.0,0.0,0.12454677708765496,0.0011555544565592037,0.0004788675566325719,0.00013760908585852034,0.005255480967879385
MSM9VZIM,0.0,0.0,0.0,0.0,0.0,0.0006373467511882029,0.000394339881137016,0.0,0.0,0.0002446330138909272,0.0,0.0047862494903055395,0.0,0.07003303511210432,0.0,0.0,0.0,0.0019203742407432776,4.644673342258152e-05,0.10287697368126847,0.0,0.0,0.0,0.0,0.0,0.0,0.0,0.008043009065345368,7.449771465810123e-05,0.000471988249484614,0.003557392917411813,0.0070586838723525865,0.00010915490524256577,0.026346579223491925,0.0,0.0008242516587683504,0.0003497225595341423,0.0,0.021265591162233456,0.0,0.0002972794207025185,0.0,0.0,0.12107657226766164,0.0049626860969173596,0.0,0.0,0.0013669771652816663,0.0017949578971033092,0.0,0.0008259794365980744,0.0,0.0,0.0,0.0,0.0,0.03382440167053757,0.008111713642574396,0.0,0.0,0.0,0.000548315375962423,9.441797669491955e-05,0.0,0.0,0.0011332189883190022,0.0,0.0,0.0,0.26327980203324897,0.0,0.0,0.00028010327639526185,0.013179692553114937,0.0005259558981659942,0.0,0.0,0.2557517723951513,0.0,0.0,4.1974837863295774e-05,0.0,0.0042795024162464775,0.0,0.0002558127527891416,0.028129137773817214,0.00016068333816433562,0.0007810572130252494,0.009303372175134064,8.649052547618572e-05,0.00010305686584353974,0.00032736308173771355,0.0004374326928901332
MSM9VZIO,0.0,0.0,0.0,0.0,0.0,6.342837170410451e-05,0.0005044744491072838,0.0,0.0,0.0,0.0,0.006799256737584609,0.0,0.14737577074889155,0.0,0.0,0.0,0.001695461756000726,0.0,0.14597688499092304,0.0,0.0,0.0,0.0,0.0,0.0,0.0,0.009312873220734907,0.0002032151363104215,0.0006717502351583974,0.004039053550955431,0.007401978985559407,0.0,0.01604717441875737,0.0,0.000783742544748309,2.9525245255522162e-05,0.0,0.031197901304842762,0.0,0.0,0.0,0.0,0.06135569948716685,0.0008608136159842755,0.0,0.0,0.0009327941276934278,0.03711985101357622,0.0021365078334039055,0.0031808870259250996,0.0,0.0,0.0,0.0,0.0,0.18034325235644544,0.008372341442560723,0.0,0.0,0.0,0.0003615315375943421,0.0,0.0,0.0,0.0006771462282568203,0.0,0.0007905638945142399,0.0,0.1805987984446915,0.0,0.0,0.0,0.015165591319903691,0.0005090559526814166,0.0,0.0,0.10488487037857372,0.0,0.0,0.0,0.0,0.001790247974390006,0.0,0.0001929322060662569,0.019528709890336112,0.0,3.125603549463898e-05,0.009031568901283156,0.0,0.0,0.0,3.3088636924292075e-05
MSM9VZIQ,0.0,0.0,0.0,0.0,0.0,2.291416405293459e-05,0.0002714919258771804,0.0,0.0,1.8003986041591463e-05,0.0,0.004895242886558624,0.0,0.026998511499994944,4.705587260870496e-06,0.0,0.0,0.001844487910885998,0.0,0.4622543875253655,0.0,0.0,0.0,0.0,0.0,0.0,0.0,0.002737526536699029,0.0,0.002248554643069443,0.0014138243811411115,0.001542511963188396,0.0,0.004971759827235388,0.0,0.00029655429281007754,0.00017124245814559153,0.0,0.007183385839844522,0.0,0.0002555338473403152,0.0,0.0,0.028505220081850628,0.0017170278733415496,0.0,0.0,0.00029297395467680655,0.0005966889237534262,1.8003986041591463e-05,0.009592544222034979,0.0,0.0,0.0,0.0,0.0,0.09637942909564856,0.004089053034321224,0.0,0.0,0.0,0.00030289660607472907,0.0,0.0,0.0,0.00010014717235635251,0.0,0.0023487018154257954,0.0,0.12393084709879577,0.0,0.0,0.0003066815349584728,0.005730382329987901,0.0002339495231654527,0.0,0.0,0.16851526344179135,0.0,0.0,0.0006991888897402139,0.0,0.0011376268680030606,0.0,0.0034923641105677984,0.033527923005953704,0.00017850542978736992,0.0004763895624755195,5.810377313422699e-05,0.0001900648071890735,3.866765183932712e-05,0.00015712569636298004,0.0002535902352108252
MSM9VZIS,0.0,0.0,0.0,0.0,0.0,7.654674545716329e-05,0.00017334395267548089,0.0,0.0,3.8577129654998956e-05,0.0,0.005112330323912211,0.0,0.032020030136737196,0.0,0.0,0.0,0.0019175162241637015,5.366372366705892e-06,0.5091310344604133,0.0,0.0,0.0,0.0,0.0,0.0,0.0,0.001957713390759593,0.0,0.0013245827037971034,0.0011693629143978556,0.0011041564275269388,0.0002620409751893368,0.005025253338339248,0.0,0.00010378361652591583,0.0001384119061374897,0.0,0.002777350830542314,0.0,0.0018253766231504495,0.0,0.0,0.025984582513442763,0.0024187151527522706,0.0,0.0,0.0,0.0,9.446840411578487e-05,0.000827028858325542,0.0,7.442044697224209e-05,0.0,0.0,0.0,0.046725206701525815,0.005173284213813286,0.0,0.0,0.0,0.0,0.0,0.0,0.0,0.00016888885108802694,0.0,0.00026264848904217143,0.0,0.09937509100051255,0.0,0.0,0.00035812941624601395,0.004120260202233261,0.0,0.0,0.0,0.2249269413965812,0.0,0.0,0.002257217720207065,0.0,0.001208142548670466,0.0,0.0026216247795990367,0.018537475200778267,4.2829726624841364e-05,0.00037564606566941244,0.00014286700772494365,0.0,0.0,0.0,0.00014175323232808016
MSM9VZIU,0.0,0.0,0.0,0.0,0.0,0.00037867628070890045,0.0,0.0,0.0,1.902790808642183e-05,0.0,0.009779717462747643,0.0,0.09632763464910969,0.0,0.0,0.0,0.0032427946434975055,0.0001969702133781249,0.14346519952434414,0.0,0.0,0.0,0.0,0.0,0.0,0.0,0.012695064808845845,0.00015483698832961942,0.002314295458247438,0.002286694536627573,0.0031196359856634124,0.002835681049604502,0.008538616930363502,0.0,0.00029472347744847885,0.00023878979159004101,0.0,0.006818264031670803,0.0,0.004760218038916882,0.0,0.0,0.03333365395009963,0.007721253274211602,0.0,0.0,0.0005546321560355376,0.0,0.0,0.00410814626564758,0.0,0.0015385422824163938,0.0,0.0,0.0,0.11385798363976281,0.009822373432523799,0.0,0.0,0.0,0.00018013783314782864,0.00017407399430710083,0.0,0.0,0.000861483311165472,0.0,0.0009036165362139775,0.0,0.1677100999927025,0.0,0.0,0.0,0.02871509973237561,0.0,0.0,0.0,0.31115229874903005,0.0,0.0,0.0033235064294465035,0.0,0.002129243824659709,0.0,0.008755869639174406,0.006111513159889421,0.0001387364507180317,0.000193938293957761,0.00016382819764518137,0.00014793675792465326,5.5724587967378226e-05,0.0006148523486606967,0.00026461338113589923
MSM9VZIW,0.0,0.0,0.0,0.0,0.0,7.687663994565341e-05,0.0,0.0,0.0,6.227722492277368e-06,0.0,0.01471610824925142,0.0,0.04522367886269127,0.0,0.0,0.0,0.004214534626290197,0.0,0.42964342817542117,0.0,0.0,0.0,0.0,0.0,0.0,0.0,0.00470652470318011,0.0,0.0015314071702321396,0.0008198133051309387,0.0012290053010169666,4.665687178640585e-05,0.002904466839062276,0.0,7.554942039811889e-06,1.0617756380276168e-05,0.0,0.0014999622763367062,0.0,0.000905878388097985,0.0,0.0,0.019542286899332333,0.0040789540448189785,0.0,0.0,0.0,0.0,0.0,0.00222758486981967,0.0,0.00038407691829422057,0.0,0.0,0.0,0.08559259280812395,0.004163181439181747,0.0,0.0,0.0,0.0,5.3905532392171316e-05,0.0,0.0,0.00014783183883307588,0.0,0.0,0.0,0.13051672842831782,0.0,0.0,0.00023971626904700425,0.00948063550947313,0.0002690171929041125,0.0,0.0,0.22461761528662885,0.0,0.0,0.005902757890754107,0.0,0.00033742004650781475,0.0,0.002291291408101327,0.0020336066282569325,0.00010760687716164501,0.0,0.0001567140004204223,0.0,0.0,7.401801322788674e-05,0.00023971626904700425
MSM9VZLL,0.0500149539911164,0.006026112317959326,0.04266016822464261,0.007456229441245852,0.01003182467095849,0.0,0.0010516725436368918,0.05676012294496,0.0,0.033891854359345004,0.02990762419629757,0.00014619823717149257,0.00013008659470769543,0.0,0.0021466675036764383,0.05461238133178598,0.0033299781335175394,0.02143648062533223,0.029708436557245144,0.012970230219855893,0.00029514142083681723,0.008553491965780303,0.0,0.0019335164411553886,0.0,0.008622712355624765,2.553993694261176e-05,0.0,0.0,0.000719534017883207,0.0007116572149009063,4.690278139460945e-05,0.0,0.00024823863944220775,0.0,0.0,0.05833536419592044,0.0010910565585483959,0.004873831518048501,0.002967883887331165,0.0008744444765351233,0.0010689776410980074,0.0010174203852138565,0.0,0.0003940788401145049,0.003061570104620652,0.0,0.0,0.3524141327031255,0.0,0.0007937669187164057,0.0001960846560593978,0.0,0.008722485193400577,0.010378762038678923,0.0017247811621244169,0.005634062351340262,0.0,0.0005055475368640347,0.00012698361171466783,0.0,0.0,0.0,0.0,0.003976353360065134,0.0,2.4704518444488945e-05,0.0,0.01808752655735733,0.000751995993810265,0.06769658650388577,0.00999518560254082,0.0,0.0,0.0,0.0,0.0011843847393386876,0.00039992676960136456,0.0,0.0,3.102982993027597e-05,0.009980625451573535,0.0,0.0,0.0007671528722762075,0.019095876684591565,0.00045184206198471086,0.0009206311849313417,0.029017187422798383,0.0,0.0,0.0,0.0
MSM9VZLN,0.1773463197637745,0.006161186098916164,0.05049552126937753,0.0042820769136343445,0.04011274891403319,0.0,0.00969221006751206,0.0384502010073821,0.0,0.05254334267827346,0.07656723081687078,7.951213339796694e-05,0.0003611717560142422,0.0,0.005771186764077102,0.010406283372500637,0.0027780806905197547,0.01151283707444025,0.04677191962256664,0.04776942473739433,9.463479769951192e-05,0.05371251366208665,0.0,0.0024838976115287626,0.0,0.003665946489161243,0.0,0.0,0.0,0.0,0.00018300786721166538,8.719161136359526e-05,0.0,0.0,0.0,0.0,0.019305971313959856,0.0017652166197608087,0.00019753980243893127,0.006011613497308696,0.0,0.0015102579513019488,0.003387594949360931,0.0,0.001929203010780687,0.0020807840912407042,0.0,0.0,0.06594036920803432,0.0,0.0024137189975044055,0.0005023560047669472,0.0,0.030660492996493306,0.02828977907559642,0.004304760910086663,0.04373876211777317,0.0,0.0,0.0002411356081207289,0.0,0.0,0.0,0.0,0.0006223921526604605,0.0,0.00023026619315399344,0.0,0.005348579184337833,0.0023834736689013155,0.04330741174773457,0.021942867755726906,0.0,0.0,0.0,0.0,0.00026003893849766015,0.0004554521162691866,0.00014756412275491936,0.0,0.0001297241047116905,0.018576184615595456,0.0,0.0,0.0022718258738625655,0.0031924180632191155,0.0011787407948165175,0.0028398709516893484,0.04350518784180322,0.0,0.0,0.0,0.0
MSM9VZLP,0.1141500899059428,0.0036604240131215297,0.044271288080299426,0.001173063863676871,0.018129302117809498,0.0,0.0047324141945352515,0.04678278859582032,0.0,0.0501320951807256,0.06156661951398899,0.00022008343091004665,0.0011419295597654548,0.0,0.0142226238096205,0.013799603376041475,0.006808147260745283,0.009415419602428473,0.04530390916002806,0.03250195717453935,0.0011009811817950053,0.019054532410133537,0.0,0.0020806965059640237,0.0,0.00520112083494081,0.0,0.0,0.0,0.0,0.00044693518875735765,0.0,0.0,0.0001166408342188561,0.0,0.0,0.00947182232690568,0.003119183469038288,0.000208238858769834,0.016786014831660426,0.0005315392754731624,0.0009405718333818395,0.003602893234154782,0.0,0.001969695944192888,0.008169709029624966,0.0,0.0,0.16793572796740372,0.0,0.0020334310228521273,0.0004560724301226646,0.0,0.051065447465374364,0.022377668130881392,0.008056113942527879,0.036768823281239774,0.0,0.00015375382692485576,0.00040914536335763155,0.0,0.0,0.0,0.0,0.0007075157758420362,0.0,0.0002065467770355179,0.0,0.004398848481977073,0.0016769658041562037,0.05349211828328155,0.020286931939960427,0.0,0.0,0.0,0.0,0.0021279619890759204,0.0006044115954977089,0.0011739663072685062,0.0,0.0,0.025574574554249267,0.0,0.0,0.0022897250028765387,0.010279734952317137,0.0006277623234312709,0.0031031650952867626,0.04338125308804917,0.0,0.0,0.0,0.0
MSM9VZLR,0.0903067082022469,0.005595963461536715,0.05826885440518644,0.0011547803338057142,0.022855060580801223,0.0,0.006573487343434831,0.01861999489137816,0.0,0.01710820188328163,0.01927652551902053,0.00016293958463813778,8.15834182497789e-05,0.0,0.0029126871078201007,0.022222845902330788,0.0030985791304616577,0.026773791679127648,0.023821903625212595,0.023451142213305874,0.0,0.007662705515220877,0.0,0.01253237202765928,0.0,0.018484098278249,7.112983262445905e-05,0.0,0.0,0.0,1.3066982031649823e-05,0.0,0.0,0.0,0.0,0.0,0.011299985183178636,0.0062420405035537654,0.0008271967755687889,0.04192944556908866,0.0014646382468518802,0.0023120604380870483,0.006230337032690636,0.0,0.0033487834298850747,0.008171863310732379,0.0,0.0,0.23363991124451303,0.0,0.0058573031021697105,0.0015142927785721494,0.0,0.1025916029528198,0.01991896653125486,0.002374100196254708,0.039752599988546515,0.0,0.00371977209365322,0.00010987627499656852,0.0,0.0,0.0,0.0,0.0017472259365276463,0.0,0.0002295243800341969,0.0,0.005292241348748888,0.0005029083693224532,0.038070140832523566,0.008489675038928245,0.0,0.0,0.0,0.0,0.0024730683819031165,0.0012454538265122932,0.00011703470863129841,0.0,0.0,0.018897128536379842,0.0,0.0003036084868571159,0.003917708464950037,0.011654498086993832,0.0003475817220418853,0.0012386362706696932,0.03312036803893461,0.0,0.0,0.0,0.0
MSM9VZLT,0.041963542332917124,0.0005454677707040578,0.003613336679616547,0.00024049566303695273,0.0008901290399398379,0.004491957338134985,0.0026416161662660134,0.009748189237332188,0.0,0.022411835101419093,0.05072481409168847,7.480447923910124e-05,0.0003979244191476451,0.00025805332187216586,0.017475329645044634,0.00482452005254314,0.010742041253416185,0.001222249124293323,0.01483917258278621,0.003270445930599444,0.0,0.0015942059135670395,0.0,0.009829485624039772,0.0,0.010846649489669681,3.3492340803305685e-05,0.0,0.0,0.0,1.5049421858754099e-05,0.0,0.00473938753869509,0.0,0.0,0.0,0.0,0.0027761757028854617,0.0,0.019651446537150168,0.0,0.009444102389774422,0.011400969861467124,0.0,0.006214378424204548,0.01569049772126671,0.0,0.0008371609767310858,0.1175579686762514,0.0,0.00881409227862854,0.03686798514356485,0.0002611517322548505,0.06459123335766324,0.04168763626550663,0.0009678843862100674,0.13907996982443377,0.0,0.0,0.003164804890885053,0.0,0.0036226319107646016,0.000153002455564,0.0,0.00023902022952138863,0.0031724771451659864,0.00042212152880289684,0.0,0.004832634936878742,0.000285643928613215,0.018224849870951212,0.012609349910714144,0.0,0.0,0.00587001224167188,0.0,0.0014463674753075137,0.015113160586626467,0.02834115977041665,0.0,0.0,0.04913178852493388,0.0,0.0033361027220420478,0.005252838402111405,0.018307179061119692,0.00015152702204843587,0.0008530956586991783,0.12624591138929922,0.0,0.000777553462702295,0.004340872946141218,0.0008290460923954831
MSM9VZLV,0.08433454441447237,0.0012725923498633801,0.008258830166561659,0.007060839514013575,0.003282474681873025,0.00038961792107309326,0.0017691862897282187,0.014553242809100165,0.0,0.008613540123607972,0.0702840888936934,4.6872387181119964e-05,0.00046365658671053796,0.0,0.009630375333807404,0.004040878351938715,0.011969631197360053,0.0018843262678488076,0.021394499968751736,0.0164707879459422,0.0009632064428840957,0.003886044640529609,0.0009413889653673582,0.004631639339924181,0.0,0.02384608065203572,0.00019860942436204283,0.0,0.0,0.0,0.00026941065785184265,0.0,0.0003037555902007714,9.585614315418226e-05,0.0,0.0,0.00016862798751646159,0.001700637182949824,0.00013470532892592132,0.019897680253184082,0.0,0.005252522522674692,0.009427261656022552,0.0,0.003486714423013581,0.014573230433663886,0.0,0.0,0.16698393501713582,0.0,0.008731636018037281,0.005532208508647321,0.00020804020496605194,0.10152474608678906,0.015229866127957955,0.004240332323817534,0.14145185600577442,0.0,0.0,0.0038754877965698977,0.0,0.0,0.0,0.0,0.0007467207627502745,0.00043550500281797343,0.0010751089888570398,0.0,0.004576039961736366,0.0006455158186565049,0.01552137577916546,0.012521542999573783,0.0,0.0,0.0008814260916761959,0.0018095838126140488,0.010922955308234504,0.00954197936038475,0.012052959885682045,0.0,0.0,0.02050941417116951,0.0,0.00011331012516757228,0.004013430557643464,0.009543246181659916,0.0019195157477145132,0.00041495434657640135,0.08885864470392695,0.0,0.0,0.00013808351899302908,0.0004832219375158703
MSM9VZLZ,0.0,0.0,0.0,0.0,0.0,0.0,0.0,0.0,0.0,0.0,0.0,0.0,0.0,0.0,0.0,0.0,0.0,0.0,0.0,0.0,0.0,0.0,0.0,0.0,0.0,0.0,0.0,0.0,0.0,0.0,0.0,0.0,0.0,0.0,0.0,0.0,0.0,0.0,0.0,0.0,0.0,0.0,0.0,0.0,0.0,0.0,0.0,0.0,0.0,0.0,0.0,0.0,0.0,0.0,0.0,0.0,0.0,0.0,0.30566180373171015,0.0,0.0,0.0,0.0,0.0,0.0,0.0,0.0,0.0,0.0,0.0,0.0,0.0,0.0,0.0,0.0,0.0,0.0,0.0,0.0,0.0,0.0,0.0,0.0,0.0,0.0,0.0,0.0,0.0,0.0,0.0,0.0,0.6922289006790091,0.0021092955892807828
MSM9VZNR,0.0,0.0,0.0,0.0,0.0,0.0009679547764680709,0.0,0.0,0.0,0.00012442075819217967,0.0,0.07882386208758876,0.0,0.0,0.0,0.0,0.0,0.024182972902055597,0.0,0.6922980901260768,0.0,0.0,0.0,0.0,0.0,0.0,0.0,0.0,0.0,0.0,0.0018947416689806622,0.0,0.002731855942976367,0.009205301893569813,0.0,0.0002760490040480055,0.0,0.0,0.016339268200102414,0.0,0.0008288603170640372,0.0,0.0,0.017257699234980477,0.0031162253941646565,0.0,0.0,0.0,0.009924415153653523,0.0031323257052165523,0.003924196067142374,0.0,0.0,0.0,0.0,0.0,0.06381949309495363,0.011173513969312605,0.0019343810423932402,0.0,0.0,0.00047047554510507245,0.0,0.0,0.0,0.0007904437520857802,0.0,0.0,0.0,0.0140575076616591,0.0,0.0,0.0011243723553583213,0.0,0.0,0.0,0.0,0.028989730956669277,0.0,0.0,0.00041962709437788355,0.0,0.003080662048866483,0.0,0.0,0.006102425491479829,0.0,1.885163002911813e-05,0.0008063402617319555,0.0,0.00012839488560372348,0.0010793322446941579,0.0009762087333997387
MSM9VZNX,0.0,0.0,0.0,0.0,0.0,0.0006332173947238268,0.0,0.0,0.0,0.00014650714562638862,0.00012613932496807444,0.03413031674481893,0.0,0.22199109563246364,2.0367820658314176e-05,0.0,0.0,0.010389605151646995,0.0,0.22116629972659727,0.0,0.0,0.0,0.0,0.0,0.0,0.0,0.011015562729106471,0.0,0.0,0.001828263981072043,0.0,0.00027647804081731424,0.0015335355662985163,0.0,0.000551141127318541,0.0,0.0,0.02847300331077916,0.0,0.00033475824052278745,0.0,0.0,0.022817202338669462,0.003994008634141005,0.0,0.0,0.0,0.09792102024631953,0.0,0.0013858184511280696,0.0,0.0,0.0,0.0,0.0,0.01743787940737708,0.006510946947372878,0.0,0.0,0.0,0.00011071221328133151,0.00038719025409864575,0.0,0.0,0.000512119609522662,0.0,0.00117477959648524,0.0,0.03855910776845821,0.0,0.0,0.0004313541424567725,0.021450945061837003,0.0004931634199990824,0.0,0.0,0.23577063212338056,0.0,0.0,0.00013874317438534808,0.0,0.007194176416584446,0.0,0.0002467329561925485,0.002685628233832664,8.409288331204961e-05,4.638216585556694e-06,0.00751582665371327,0.0,5.384364471059292e-05,0.00018532700183159135,0.00031781866690597173
MSM9VZNZ,0.0,0.0,0.0,0.0,0.0,0.0022733264600969085,0.0004842309804859431,0.0,0.0,1.2845920311336934e-05,0.0,0.020190374531838962,0.0,0.0806051391910663,0.0,0.0,0.0,0.0057855817189708045,0.0,0.2730550900303314,0.0,0.0,0.0,0.0,0.0,0.0,0.0,0.009738813336032315,0.0,0.0,0.0010503547029566591,0.0,0.0,0.001382341456002773,0.0,7.727623937288626e-06,0.0,0.0,0.005847402710469114,0.0,0.0,0.0,0.0,0.03156674163130944,0.0025206104260901445,0.0,0.0,0.0,0.0001252477230355351,8.701103835882128e-05,7.306117177072881e-05,0.0,0.0,0.0,0.0,0.0,0.057483084783174404,0.005667058032348235,0.0,0.0,0.0,0.0006974933294046226,0.0004556287360427319,0.0,0.0,0.002317283593662264,0.0,0.0,0.0,0.08159076249870412,0.0,0.0,0.00015374960872631397,0.018562455208634306,0.0,0.0,0.0,0.3544068983394942,0.0,0.0,0.00012133373169067464,0.0,0.00665107559994713,0.0,0.0010181395434258845,0.02732628326478663,0.00024959221729917933,5.5699107599937495e-05,0.007702935684190274,0.0001145093365252769,0.0,9.37350747717867e-05,0.0005263816565075174
MSM9VZO2,0.0,0.0,0.0,0.0,0.0,0.0,0.0,0.0,0.0,4.830967467661201e-05,0.0,0.010311297479100527,0.0,0.10716494875450612,0.0,0.0,0.0,0.0033464514229111443,0.0,0.6224590872410324,0.0,0.0,0.0,0.0,0.0,0.0,0.0,0.004036474609542085,0.0,0.0018398940890898836,0.002859932740855431,0.001421008951581427,0.00018820644092763428,0.0025757108215080306,0.0,0.0003617186891411324,0.00034199223864818254,0.0,0.002449401151259805,0.0,5.293935183312066e-05,0.0,0.0,0.040600758985247225,8.283096303927434e-05,0.0,0.0,6.078967396807011e-05,0.0006039715786132264,1.2077418669153001e-06,0.0012997315391120156,0.0,0.0,0.0,0.0,0.0,0.03919605454886915,0.005231736477165928,0.0,0.0,0.0,0.0,0.00027556643596784097,0.0,0.0,0.0,0.0,0.0,0.0,0.04762961536038312,0.0,0.0,0.000307772885752249,0.006993731215839774,0.0,0.0,0.0,0.07606267697192542,0.0,0.0,0.00016697031310104025,0.0,0.0030746088576996257,0.0,1.1473547735695352e-05,0.012241168337275602,0.0003470244964269962,0.0009967896208274278,0.004460392004829356,6.783483485840936e-05,2.8583224183662103e-05,0.0005666322258944283,0.00023470450280387335
MSM9VZOS,0.0,0.0,0.0,0.0,0.0,2.2919557873394238e-05,0.00039442475503941173,0.0,0.0,0.0,0.0,0.0,0.0,0.47384623206114856,0.0,0.0,0.0,0.0,0.0,0.0001340794135593563,0.0,0.0,0.0,0.0,0.0,0.0,0.0,0.0,2.7607649256588513e-05,0.0,0.0006864407583081574,0.0027315945792745315,0.0,0.009315445938024058,6.500820051362729e-05,0.01593284319511555,0.002367381968704594,0.0,0.0004662046431065419,0.0,0.0023168547615746112,0.0,0.0,0.0,0.0,0.0,0.0,0.0009418896487879878,0.003754848658513069,0.0,0.0,0.003102995596632033,0.0,0.0,0.0,0.0,0.1724884253628244,0.0073606160110405595,0.002294872821977856,7.542618136517012e-05,0.00015783240990087396,0.00019752491694525215,0.0,0.0,0.0,2.1877759788239954e-05,0.0,0.0008596917798693147,0.0,0.0,0.0,0.0,0.0,0.0,0.0,0.0,0.0,0.22994358975908316,0.0,0.0,0.0,0.0,0.0021501670679499258,0.0,0.000919803529382717,0.0028439004128541635,4.625583498085019e-05,0.0,0.0592139279236162,0.0008582332625500988,0.0008858409118066873,0.00014720606943230025,0.00342803659920017
MSM9VZOU,0.0,0.0,0.0,0.0,0.0,0.00030291643262130876,0.0,0.0,0.0,0.00020502270744491018,0.0,0.0,0.0,0.4103060543677533,0.0,0.0,0.0,0.0,0.0001129779784268499,6.403111583865063e-05,0.0,0.0,0.0,0.0,0.0,0.0,0.0,0.0,0.0,0.0,0.0005172770111260221,0.0010531271504039604,0.0,0.004679402154606003,0.0,0.0,0.0008936650446134748,0.0,0.0004028624371515102,0.0,0.01396145121598578,0.0,0.0,0.00654256396595597,0.0,0.0,0.00155439638257032,0.0,0.0017683465052042728,0.0,0.0,0.0027564164000926815,0.0,0.0,0.0,0.0,0.3065448625188323,0.0021124111388693295,0.0009259884444358706,4.135342897912853e-05,0.00012005834219746991,0.0,0.0,0.003564193553749505,0.0,0.0,0.0,0.0,0.0,0.0,0.0,0.0,0.0,0.0,0.0,0.0,0.0,0.12382940551008276,0.0,0.0,0.0,0.0,0.006465398262252981,0.0,1.9907109731888175e-05,0.0017158081537469183,0.00010671852639775104,0.0,0.0876418715063792,0.0009322478964649694,0.004194858999173137,0.0004743843726315414,0.016190021366280352
MSM9VZOW,0.0,0.0,0.0,0.0,0.0,4.599123568868788e-05,7.250007292591769e-05,0.0,0.0,0.0,0.0,0.0,0.0,0.6150156700231042,0.0,0.0,0.0,0.0,0.0,0.0,0.0,0.0,0.0,0.0,0.0,0.0,0.0,0.0,3.0447901405010955e-05,0.0,0.0005121848030052717,0.000275521569357232,0.000452885918101107,0.0105430649368568,0.00010443843104306205,0.01960940665557057,0.00033716260052332064,0.0,0.000376553242201132,0.0,0.002211518377224799,0.0,0.0,0.0,0.0,0.0,0.0,0.0001472358309200355,0.0032318424578738378,0.0,0.0,0.009547759236732858,0.0,0.0,0.0,0.0,0.1990749799799725,0.0022439890413105627,0.0017072117025550898,0.0006272693534207152,0.000624501362383896,0.0,0.0,0.0,0.0,1.2136576084514856e-05,0.0,0.0009252542346536722,0.0,0.0,0.0,0.0,0.00013701555632254932,0.0,0.00044192041514755413,0.0,0.0,0.046102487636129265,0.0,0.0,0.0,0.0,0.0015527365104618348,0.0,0.0002533776410626786,0.001463096185346383,4.151986555228767e-05,5.0569067018811904e-05,0.0788427114644014,0.0009871081882072083,0.0007652430604867789,4.83333819506118e-05,0.001584355484997808
MSM9VZOY,0.0,0.0,0.0,0.0,0.0,0.0006205893479418748,0.00011142212596502825,0.0,0.0,4.393097671936017e-05,0.0,0.0,0.0,0.25021623402885224,0.0,0.0,0.0,0.0,0.0,0.0,0.0,0.0,0.0,0.0,0.0,0.0,0.0,0.0,0.0,0.0,4.4754039515039046e-05,0.0002478447843488024,0.0006045396234261366,0.0009833542751373407,0.0,0.0,9.660699564280842e-05,0.0,0.0001476368889748989,0.0,0.001981523680596901,0.0,0.0,0.005555159456585134,0.00012016716816911634,0.0,0.00012109311381425507,2.1605398386570573e-05,0.002446245511607088,0.0004063872553664465,0.013817063799609721,0.010836033236510282,0.0,0.0437706852399017,0.0,0.0,0.31588429918209154,0.0020078616900586254,0.0005008337111705979,9.300609591171333e-05,0.0003353980892391432,0.00020483975327458098,0.0001156403227928825,0.0026773203914939336,0.0,0.0002649233373591392,0.0,0.0,0.0,0.0,0.0,0.0,0.00016985958445822865,0.0,0.0012239972600239528,0.0,0.00010483762359959721,0.08865980993628154,0.0,0.0,0.0,0.0,0.0007978564975612134,0.0,0.00047233516187021666,0.00276075838240588,0.0,0.0,0.2511030841911962,8.17918653205886e-05,7.500159725623784e-05,4.310791392368129e-05,0.00023056046563954598
MSM9VZP1,0.0,0.0,0.0,1.1013178025294745e-05,0.0,0.0001981361661247981,8.52763509481538e-05,0.0,6.062299830437474e-06,6.769568143988512e-05,0.0,0.0,0.0,0.4284732481822699,0.0,0.0,0.0,0.0,0.00010568609371062661,0.00019540813120110125,0.0,0.0,0.0,0.0,0.0,0.0,0.0,0.0,4.102156218596023e-05,0.0,0.00011498162011729741,0.0005692499540780788,0.0,0.0037026506597701942,0.0,0.006326717141375055,0.0007166648782882166,0.0,1.5964056220152016e-05,0.0,0.002309938312057692,0.0,0.0,0.00021228153239581887,0.0,0.0,0.0,0.0,0.001704920788980032,1.9298321126892625e-05,0.0,0.004134791599349879,0.0,5.344927683835706e-05,0.0,0.0,0.1734838238643241,0.002259318108473539,0.0003389835988519621,2.6269965931895716e-05,9.699679728699958e-05,0.00015731668059985242,0.0,0.005801115746076126,0.0,0.00010922243527838181,0.0,0.00031948320106405485,0.0,0.0,0.0,0.0,0.00018338456987073356,0.0,0.0,0.0,0.0,0.33406000100634176,0.0,0.0,0.0,0.0,0.0006837263825428397,0.0,8.113377939735485e-05,0.001972773403154861,0.0,0.0,0.028934346707372986,0.0006711976295599357,0.000517619367188853,1.646924787268847e-05,0.0012223617224772093
MSM9VZP3,0.0,0.0,0.0,0.0,0.0,0.00017638106061199595,0.0,0.0,0.0,0.0,0.0,0.0,0.0,0.5752259553750764,0.0,0.0,0.0,0.0,0.0,0.00013679583134548135,0.0,0.0,0.0,0.0,0.0,0.0,0.0,0.0,9.133466960971852e-05,0.0,0.0003077133056264219,0.0005980049869141954,0.0,0.0035807107775322495,0.0,0.0054502881680986775,0.0004747134915945303,0.0,3.70080659028092e-05,0.0,0.00526359845403186,0.0,0.0,0.0,0.0,0.0,0.0,0.0005781092857463899,0.003945018590625641,0.0,0.0,0.006417961467902772,0.0,0.0,0.0,0.0,0.11472706602939949,0.00497598702264234,0.007275332175740277,0.00011205506305390975,0.00047388879931814455,0.00023338791421715884,0.0,0.01833878523652381,0.0,4.2059306095671737e-05,0.0,0.0007108847422444909,0.0,0.0,0.0,0.0,0.00015432054221867792,0.0,0.0,0.0,0.0,0.23133855391034033,0.0,0.0,0.0,0.0,0.001988333078365972,0.0,0.0006796495222763818,0.002717567223760045,0.0,4.535807520121462e-06,0.010312364570065239,0.0010015887696704572,0.0006767630993090317,0.0005405857871708396,0.0014126978694487388
MSMA267V,0.001702769995575522,0.009313996213736549,0.01043216868924653,0.028580959784165905,0.015031117818992914,0.001568187171521972,0.0,0.011369600215505477,0.0007377733125827157,0.006964147676165404,0.0,0.0,0.02598367342791317,0.0,0.04254017135150018,0.011464402734939183,0.030168496614728507,0.004169905572582895,0.012678458716421452,0.018095066063951813,0.0011627091208995884,0.013921593235791594,0.006974092752320365,0.0,0.00451084872685189,0.0,0.0,0.0005944344975666452,0.0,0.0,0.0,0.0,2.7673255387717983e-05,0.0,0.0,0.0,0.0,0.0013489631014973933,0.0,0.003957491717751388,0.0,0.0002339254869493036,0.0028903418068625133,0.0,0.003912846973707921,0.048593479770255764,0.0,0.0,0.0,0.0,0.002618581791062814,0.0031737764772789057,0.004289786979711721,0.007174507656573603,0.3217253755860704,0.0016191016374892187,0.17869572272003456,7.339898596976761e-05,0.00035942802407875897,0.0,0.0,0.0,0.0,0.004350754620487787,0.0,0.0006228644435313711,0.0010313692564617863,0.002000689885608924,0.007658573428550951,0.005967802383553698,0.0004317460235099438,0.007501181788533306,0.006033634463753387,0.0011389274170507684,0.0,0.0,0.0022383988254432666,0.022628939804075515,0.004575491721859137,0.003707891925992635,0.0004783365433228597,0.009317455370660014,0.0,0.0012517824116788055,0.005207976945583894,0.010337474268466682,0.0,6.421060039181439e-05,0.06475487711399079,0.0,0.0,0.0,4.064509385071079e-05
MSMA267X,0.0011861865172258922,0.01199582736313725,0.003343011364850894,0.0309914869657698,0.017525097206524592,0.0006684679750344612,0.0,0.01406647770201011,0.006748359354864051,0.029488021575411024,0.0,0.0,0.016523346521017567,0.0,0.05913563386443316,0.023857132960664017,0.05314001443926637,0.011291994265030482,0.010377761067632774,0.0188252131392176,0.001256245273691918,0.011533730549322201,0.00039047124809898464,0.0,0.0011644750176182102,0.0,0.0,0.0010150685641323561,9.893281264531453e-05,0.0,0.0,0.0,6.15532205372432e-06,0.0,0.0,0.0,0.0,0.0007139054432855898,0.0,0.00090606340630822,0.0,0.0012644150647814069,0.0029706703380737885,0.0,0.0007596786563760125,0.026479076325657713,0.0,0.0,0.0,0.00018465966161172962,0.0066366682383255625,0.0010793077433839519,0.0030315520689324434,0.002185586988857859,0.4077307711376276,0.0,0.07524791678720837,8.348855003778806e-05,0.0,0.0,0.0,0.0,0.0,0.007176769769803264,0.0,0.0007112194845712374,0.0008133978306630611,0.0010264838886683539,0.015032303689712673,0.005831775943591284,0.0007271114069644894,0.009387425706661744,0.00962289475395331,0.0017960110603303253,0.0,0.0,0.0006052360303007478,0.002998313329842332,0.0001313881471104064,0.012803853276371607,0.00012153963182444749,0.0029875694949849227,0.0,0.003528342516141212,0.0021497742059998267,0.005433470649242105,0.0,4.286342448320754e-05,0.06316938427865834,0.0,0.0,0.0,0.0
MSMA2684,0.0,0.001976667019142718,0.0020008268014385694,0.007166001514013025,0.0029658175261830185,0.0004684896914760787,0.0,0.0028978900223367112,0.001290389145231571,0.01620736236101998,0.0,0.0,0.012188785239143332,0.0,0.06349144101780145,0.0023052167155814727,0.05890341666007234,0.003585335035489203,0.0650682461328592,0.02805405908852495,0.0006645690840221206,0.004438280393064486,0.0019479553938056187,0.0,0.013951398921423287,0.0,0.0,0.0009518020513172452,0.0,0.0,0.0,0.0,0.0,0.0,0.0,0.0,0.0,0.0016501014594142503,0.0,0.0017251485126327651,0.0,6.057452662583081e-05,0.0026747329993914537,0.0,0.0013645024870570096,0.0,0.0,0.0,0.00011006123045887948,0.0,0.011831057061670938,0.0002275921520623701,2.170878988902607e-05,0.00150666004665289,0.3200354156731394,0.00021136891660766783,0.2920964365138112,4.131672914363026e-05,0.0,0.0,0.0,0.0,0.0,0.0002529190735995672,0.0,0.0003373032407488459,0.00038305509900958903,0.0004959174636476976,0.003971074554753887,0.006638921432621403,0.0002687921672818658,0.015514665221281433,0.0,0.0010382870691009458,0.0,0.0,0.0026792848424327014,0.0002742777217161896,3.1629473440462715e-05,0.0010309340918804692,0.0005550914231839139,0.006795784946658236,0.0,0.0022661175509963985,0.0018715077734974895,0.001093842896988991,0.0,0.0,0.030419967044656385,0.0,0.0,0.0,0.0
MSMA2688,0.0,0.0030972748519434547,0.007229351771113927,0.0009809927919342274,0.003029959232450667,0.0001351714927535762,0.0,0.06815052766585519,0.0,0.012245175803978645,0.010265577947273393,0.00017255705349916963,0.0007937408359454602,0.0,0.010920905767857278,0.019716669313910126,0.0035795053652601695,0.004532188859751202,0.012775813054908151,0.003992907548533697,3.5224545673593794e-05,0.02379245179045501,0.0,0.0013606831400845606,0.0,0.0052419742601494766,1.998938941599648e-05,0.0,3.446819039839393e-05,0.0,0.0,0.0,7.487917224478682e-05,9.227534357438375e-05,0.0,0.0,0.0,0.0007503044329982678,0.0,0.001566843977953324,0.0,0.0011280498675838014,0.00032598912361114264,0.0,0.00011053592093278054,0.0003272857326543424,0.00016629010979037073,0.0,0.6391137244986714,0.0,0.00011021176867198059,0.00011021176867198059,0.0,0.024048099873472565,0.0031494633659322454,1.9341084894396597e-05,0.037137692316835065,0.0,0.0,0.0008190247122878558,0.0,0.0,0.0,0.0,0.0005764507704558986,0.0,6.591095969598839e-06,0.0,0.0,0.0,0.0335117251275269,0.021455422040841023,0.0,0.0,0.0019791656536908516,0.0,0.0,0.0002715315437967522,5.467368132159037e-05,0.0005974126166542949,6.483045215998858e-06,0.021921228839610542,0.0,0.0,0.0005237220026991078,0.004016894815832893,0.0,0.0,0.013914451896344751,0.0,0.0,0.0,1.0913126113598079e-05
MSMA26AV,0.0,0.0,0.010757489091973077,0.05277211476861903,0.0,0.009395286749431839,0.00032950776008545057,0.04356732310637373,0.014664059984425298,0.007189260220046195,0.0,0.0,0.015854248106447352,0.0,0.07936699579194727,0.00786127327281831,0.0,0.0,0.1015554086337938,0.11636853407023925,0.00014307440183679505,0.0,0.0,0.0,0.004507199059141109,0.0,0.0,0.007934790566593923,0.0,0.0,0.0,0.0,0.0008568217194456185,0.0015041597689201172,0.0005472164311557761,0.0,0.0007044053410517014,0.0,0.00010875279231171575,0.007215864544589304,0.00014063736447406753,0.0,0.004057464122494433,0.0,0.0,0.0,0.00028147781539502903,0.0008501198666981179,0.0,0.0,0.06547415658960178,0.0009122643194476698,0.0,0.010046584984620771,0.0,0.0,0.32997079718436884,0.0012675640582886533,0.001648452689438276,0.0002752836787647632,0.0005604170502038835,0.0,0.003731510375229627,0.0004244506740083771,0.00018064539451217768,0.011022313818722802,0.002687036778853989,0.0,0.0,0.015389789402400865,0.00263017257372368,0.008060704163668178,0.0,0.0077308917739123875,0.0,0.0,0.0,0.01164071204951491,0.0,0.0,0.0,0.0,0.0011655131187244382,0.0,0.008577762257460203,0.019677045839555814,0.00013769261099410508,4.173426483670885e-05,0.00803206897465613,0.0,0.0,0.0,0.00018095002418251863
MSMA26AX,0.0,0.0,0.012609809073241605,0.025951452666917684,0.0,0.000895435238670751,0.0,0.01772863351018749,0.009206934219957504,0.006374904352833624,0.0,0.0,0.03111928701822778,0.0,0.07630642806203251,0.03856668496838812,0.0,0.0,0.10811305904318791,0.25058126461447033,0.0006334129710965036,0.0,0.0,0.0,0.0060145609660737925,0.0,0.0,0.0022474259500868173,0.0,0.0,0.0,0.0002927538942042664,0.0,0.0004934133386708613,0.0,0.0,0.0002709605511365731,0.0,0.00014271124654005577,0.0016519755765921022,7.341444139393438e-05,0.0,0.0019798800241313573,0.0,0.0,0.0,0.0,0.0,0.0,0.0,0.012059050117558518,0.0,0.0,0.004183920148387561,0.0,0.0,0.20619816737066535,0.0016331951380959794,0.0001132852118910506,0.0,0.0003040020712714629,0.0,0.001161072991730883,0.0,0.0,0.0021048151336991476,0.0019262503227574028,0.014916890533845518,0.0,0.016128580322378787,0.002478415300573889,0.009791236846537408,0.0014981165831372356,0.0015649026344737148,0.0004539442887832878,0.0,0.0,0.12565017225277592,0.0,0.0,0.0,0.0,0.001059035956907029,0.0,0.0029313552878333198,0.001462162588583161,0.0,0.0,0.0011270271700721363,0.0,0.0,0.0,0.0
MSMA26AZ,0.0,0.0,0.010829157318844323,0.06448328845257736,0.0,0.0011145549071138012,0.0,0.03967970353532374,0.00909873389293405,0.018971175539544742,0.0,0.0,0.04454276195020819,0.0,0.13980337653685637,0.03227307960650853,0.0,0.0,0.05517943488255243,0.2530604151324724,0.00042277274726779676,0.0,0.0,0.0,0.0006240203191776302,0.0,0.0,0.0024510425796046235,0.0,0.0001801547884235875,0.0,0.0,0.0,0.0004177797695343376,8.814134162126878e-05,0.0,0.0003706012248283868,0.0,3.15882264769865e-05,0.001482099206799254,0.00031832780488421237,0.0,0.001167134019572269,0.0,0.0,0.0,0.0,7.061497080177951e-05,0.0,0.0,0.007827053033473433,0.00015682025983252331,0.0,0.0006011952781103882,0.0,0.0,0.2134508170804266,0.0032580708173392463,0.000492470640526696,0.0,6.266696543015064e-05,0.0,0.00035562229162800933,0.0,0.0,0.0014113823384927099,0.0032272977709003757,0.007143626469018114,0.0,0.0019489935736300673,0.003600548330852639,0.008777349162906905,0.0,0.002602971759208452,0.0002525020168063631,0.0,0.0,0.059052355243640504,0.0,0.0,1.100493051456304e-05,0.0,0.0012202226195545593,0.0,0.0024647987427478275,0.0024395281615662385,0.0,0.0,0.002381752276364782,5.6043627620459925e-06,5.308859998229022e-05,0.00016415688017556534,0.0003781416401809578
MSMA26AZ_TR,0.0,0.0,0.015618440352460917,0.08213744917952892,0.0,0.000652488566561152,0.0,0.03854901239940254,0.00978520871811131,0.005808702747951963,0.0,0.0,0.0378750232040237,0.0,0.12015015716152128,0.028924200391109555,0.0,0.0,0.09236882118108707,0.21581382353151962,0.0002800128842265835,0.0,0.0,0.0,0.00036419844494935583,0.0,0.0,0.002548581579290836,0.0,0.00011032951782972449,0.0,8.085447738482096e-05,0.0,0.0001787681391367265,3.623814904013824e-05,0.0,0.0002489227730723701,0.0,0.0,0.0014027898529548775,0.00016524192194625708,0.0,0.0009653075745705903,0.0,0.0,0.0,0.0004369775687876279,0.0,0.0,0.0,0.008529491241622954,0.0,0.0,0.0003314932630858328,0.0,0.0,0.24117951844042307,0.0036391580757522664,0.00032785935398988575,0.0,3.9367348539425936e-05,0.00015373454314242488,0.00025205197257165786,0.0,0.0,0.00028253643220988,0.0039006985887411194,0.0011635575041383662,0.0,0.010421445635660033,0.0030427932163396296,0.009249308068378457,0.0,0.0031161779916938927,0.0,0.0,0.0,0.05210753100405816,0.0,0.001378563792315231,0.0,0.0,0.0010226425847510877,0.0,0.0009586454078946876,0.0010963301858633464,0.0,0.0,0.0027042340189005662,0.0,0.0,2.2308164172341365e-05,0.0005790028492875568
MSMA26EH,0.0,0.0,0.0,0.0,0.0,0.0,0.0,0.0,0.0,0.0003705702659412944,0.0,0.0,0.0,0.0,0.0,0.0,0.0,0.0,0.0,0.0,0.0,0.0,0.0,0.0,0.0,0.0,0.0,0.0,0.0,0.0,0.0,0.0,0.0,0.0,0.0,0.0,0.0,0.0,0.09586120364897455,0.0,0.006662137212769762,0.0,0.0,0.0,0.0,0.0,0.0,0.0,0.16536079715247495,0.04170470332116239,0.0,0.0,0.0,0.0,0.0,0.0,0.004592903944559107,0.0,0.018111533404683227,0.0,0.0,0.0,0.004109372176698645,0.0,0.0,0.0,0.0,0.0,0.0,0.0,0.0,0.0,0.0,0.0,0.0,0.0,0.0,0.0,0.0,0.0,0.0,0.0,0.23973281247754613,0.0,0.0,0.04414639151019516,0.0,0.0,0.009074024296499561,0.017310908453124746,0.0859571066684037,0.0012786205457065325,0.26572691492126027
MSMA26EJ,0.0,0.0,0.0,0.0,0.0,0.0,0.0,0.0,0.0,1.4730644368260077e-05,0.0,0.0,0.0,0.0,0.0,0.0,0.0,0.0,0.0,6.588193701710018e-05,0.0,0.0,0.0,0.0,0.0,0.0,0.0,0.0,0.0,0.0,0.009094143084200246,0.0,0.002236158210832173,0.02116758798921253,0.0,0.0,0.0035925373859694433,0.0,0.0036426447746866746,0.0,0.024760821311136376,0.0,0.0,0.0,0.0,0.0,0.00015820944030162792,0.0,0.0,0.0012286749275037716,0.10532004760665883,0.0,0.0,1.4614655042525744e-05,0.0,0.0,0.2855181643343726,0.0,0.0035119248045840834,0.0,0.0,0.0,0.0002700231503095233,0.0,0.0,1.7862356163087022e-05,0.0,0.02672359268121273,0.0,0.0,0.0,0.0,0.0,0.0,0.0,0.0,0.0,0.41906943387813905,0.055430370853831054,0.0,0.0,0.0,0.02485303282509517,0.0,3.1549096599738116e-05,0.005422384988754254,0.0,0.0,0.00037151381032706317,0.0006776096409399635,0.0018259039657098435,0.00038032899908287235,0.004600252647949314
MSMA26EL,2.245931775330461e-05,0.0,0.0,0.0005012919722537589,0.0,0.00013722643147269116,0.0,0.0,0.0,0.0,0.0,0.0,0.0,0.0,0.0,0.0,0.0,0.0,0.0014342520317260324,0.0028550284728000824,0.0,0.0,0.0,0.0,0.0,0.0,0.0,0.0,0.00031589030420022934,0.0,0.004683890717451677,0.00019326242926718618,0.002011905684341027,0.0073749661706526345,0.0005162274185597065,0.0,0.0018017987667588624,0.0,0.001993489043783317,0.0,0.006710731848098651,0.011393499599662661,0.0008154978276224904,0.0,0.007823029559831062,0.0,0.0,0.00046546936043723804,0.0019644042272927878,0.002457386251977824,0.12842911670872176,0.0,0.0,0.0013404843801059856,0.0,0.0,0.38715371943146487,0.02690435362644989,0.0651406683219184,0.0,0.0,0.0,0.0,0.0,0.0,0.0004062890581572804,0.0,0.011060427917381155,0.0,0.0,0.0,0.0,0.0,0.0,0.0006807419211026627,0.0,0.0,0.17275707215841907,0.04917344095838401,0.0,0.0,0.0,0.020135452145370183,0.0,0.0020723212490974165,0.0401134644732897,0.00036406554078106777,0.0006934314356332798,0.0013370031858542233,0.005369012205516234,0.007362388952710784,0.0010633363990302067,0.022971502494668724
MSMA26EN,0.0,0.0,0.0,0.0,0.0,0.0006268116024503803,0.00045546792241442293,0.0,0.0,0.0,0.0,0.0,0.0,0.0,0.0,0.0,0.0,0.0,0.0,0.0,0.0,0.0,0.0,0.0,0.0,0.0,0.0,0.0,0.0,0.0,0.003983016281995277,0.0016863280780350443,0.0005522108818550148,0.02432604301843828,0.0007697014708861636,0.0,0.00486891277261597,0.0,0.003816949490656079,0.0,0.0026377200695390465,0.009343300513844797,0.0013971338837714567,0.0,0.004059065560272106,0.0,0.0,0.0,0.0008379906187265813,0.0011930941874967538,0.06444571043787209,0.0,0.0,0.007566851454341566,0.0,0.05015920683603342,0.586362698563631,0.0915512252418212,0.0056033315171179175,0.0,0.0,0.0,0.0,0.0,0.0,0.00032582200992344794,0.0,0.004032163774759214,0.0,0.0,0.0,0.0,0.0,0.0,0.0003312023670260263,0.0,0.0,0.05760562106600188,0.04656668031759835,0.0,3.97318678344249e-05,0.0,0.005398257136785027,0.0,0.004152704467538133,0.008537074695704593,8.805161335181141e-05,0.0004686084099534124,0.00021935302033588745,0.0013403297289769273,0.0009972284952817375,0.0009872955283231311,0.00266710509679159
MSMA26EP,0.0,0.0,0.0,0.0,0.0,0.0,0.0,0.0,0.0,0.005401101296078349,0.0,0.0,0.0,0.0,0.0,0.0,0.0,0.0,0.0,0.0,0.0,0.0,0.0,0.0,0.0,0.0,0.0,0.0,0.0,0.0,0.0,0.0,0.0,0.0,0.0,0.0,0.0,0.0,0.0,0.0,0.0,0.0,0.0,0.0,0.0,0.0,0.0,0.0,0.46625600752418017,0.0,0.0,0.0,0.0,0.0,0.0,0.0,0.004966201204759191,0.0,0.0,0.0,0.0,0.0,0.0,0.0,0.0,0.0,0.0,0.0,0.0,0.0,0.0,0.0,0.0,0.0,0.0,0.0,0.0,0.0,0.0,0.0,0.0,0.0,0.0,0.0,0.0,0.0,0.0,0.0,0.0,0.031951843443856466,0.1101018542494402,0.0,0.3813229922816857
MSMA26ER,0.0007702753001833497,0.0,0.0011740810690341289,0.0,0.0,0.0005497042969988558,0.0,0.024321399523015205,0.0,0.03001517574454202,0.02496674202842609,0.00027858577225124876,0.005846567593524404,0.0,0.0643584830229256,0.003105226154206703,0.007272237463065845,0.011948170409480879,0.04078581866306401,0.01612063855305422,0.0,2.355054981917773e-05,0.0,0.0,0.0,0.0037528662742340904,0.0,0.0,0.0,0.0,0.0,0.0,0.02806191611868558,0.0,0.0,0.0,0.0,0.0,0.0,0.006351181203674346,0.0,0.0049651451862676175,0.004210378784745677,0.0,0.0035615898574100375,0.0036879586613178202,0.0036618232950550744,0.0,0.15204464724722794,0.0,0.032857612226985945,0.005463440356222171,0.00043338755703828293,0.03026475413225989,0.04494363951345713,3.015619184163002e-05,0.033920258987119575,0.0,0.0,0.0,0.0,0.0031029285395901976,6.950284214928062e-05,0.0,0.0,0.0,0.0,0.02912915810805222,0.009521889374451446,0.0,0.05823131924436051,0.012277303703295238,0.0,0.0,0.01633718873065983,0.00017863953643327497,0.0,0.001318830789873953,0.006840573116989941,0.0,0.0,0.14395359737520508,0.0,0.0019116153609322803,0.007106522008850411,0.010055510369134765,0.0015715683976895187,0.00045004526300794517,0.06613855994706297,0.0025293864909451008,0.0008096219504910003,0.03492345496905113,0.0037953721446394354
MSMA26ET,0.0,0.0025949035167056604,0.011990340305259316,0.0009809133953136936,0.0041328917921386816,7.786692193339837e-05,0.0003692850429416258,0.03571876939023323,0.0,0.010567170769503536,0.007425916559531652,0.00017555027609535622,0.00029981096289326443,0.0,0.014096360782161576,0.008919609280571422,0.0026771999940783837,0.0034465438335401044,0.011555544468715042,0.004520827594824834,0.0,0.008250396707488129,0.0,0.004390621978358358,0.0,0.0012025077345283496,0.0,0.0,0.0,0.0,0.0,0.0,0.0007300606767498114,1.2472695579152133e-05,0.0,0.0,0.0,0.00393449433535628,0.00015736578534444282,0.004743937308268733,0.0,0.0015789033796225764,0.0016748382250584848,0.0,7.005691629037788e-05,0.0029988090324230636,0.0,0.0,0.5981018888673498,0.0,0.0010184480492995533,0.000211919257597183,0.0,0.004191874819830747,0.0001469913002365499,3.3687934788551095e-05,0.03858154444376965,0.0,0.0,0.0,0.0005726948914053686,0.0,0.0,0.0,0.000230336882844903,0.0,0.0,0.007155014274242403,0.0026717213334034296,0.0,0.001192133249420457,0.011300262194711834,0.009436818161736823,0.0,0.005615394057331737,0.0,0.0,0.00023604867801666423,0.00026577332635950346,6.271317964097055e-05,0.0001974649187951749,0.15313905691733948,2.3196882432254905e-05,0.0,0.0017107409375666982,0.0036068238000946293,0.0,1.29389645727653e-05,0.010749831647751493,0.0,0.0,0.00018650759744526558,5.4203770507530306e-05
MSMA26EZ,0.0,0.0007723819159016265,0.005783396970905897,0.00015608058123514311,0.002376054004144091,0.0006767874908317452,0.0003512141806900314,0.01617465561681021,0.0,0.016910614347368843,0.00881888156889518,5.982869794607424e-05,0.0012460148170043944,0.0,0.024762243384195182,0.008097781394090188,0.009523019321645131,0.010231627790285558,0.03458098741283091,0.00603033827803277,0.0,0.0019872332133165273,0.0,0.0,0.0,0.002160539199894386,0.0,0.0,0.0,0.0,0.0,0.0,0.00039855117247154066,0.00018803305068766188,0.0,0.0,0.0,0.0014145871044041025,0.0,0.0005058483538429618,0.0,0.00043116110014324705,0.0005101875780896001,0.0,2.4983412329129903e-05,0.000107034198083746,0.0016203715270098303,0.0,0.05501084411586729,0.0,0.0,0.0025856516844211075,0.0,0.31833075039914294,0.0005919753805565412,0.001447460015363484,0.2804927149684565,0.0,0.0,0.0,0.0,0.0,0.0,0.0,0.0,0.00026929488657925283,2.564087054831753e-05,0.0016340466579689331,0.0,0.0006305024322009362,0.018341243432321123,0.009144191895749219,0.061440654007878466,0.0,0.0,0.0,0.0,0.0006804692568591959,0.001669549401805065,0.0,0.0,0.021033008873319114,0.0,0.0,0.006770767724481878,0.012493152572647163,0.0,0.0,0.051407315616499895,0.0,0.0,0.0,0.00010032812424803218
MSMAPC55,0.028226638245203873,0.005578987837845434,0.02946510391867621,0.06136637955453724,2.0325757015521523e-05,0.00024239546398297475,0.0,0.018273720482784295,0.0,0.038103550650272856,0.20219587369834063,0.0,0.0,0.0023612475171222876,4.216513423432656e-06,0.03545330979005223,2.9731825421640527e-05,0.015565313360466055,0.031214524526485536,0.019095400021709636,2.2488071591640834e-05,0.0,0.011730772806904875,0.0,0.0031741696820143423,0.001076616427449805,0.0,0.0010126119159966733,0.0,0.0010855900329407,6.108538677537054e-05,2.0001409829103624e-05,0.00016617387517476904,0.0011606223487320402,0.0,0.0,2.0217641286715557e-05,0.0018051002081444008,0.000530415765522067,0.0,0.0,0.0012406279880484547,0.002323190780582588,0.027087098463588997,0.00028196582072595813,0.0,0.00010314240528089113,0.00015092955741312792,0.0002785061174041672,0.0,0.006262495475356748,0.012000305318818147,0.0,0.21750397973997732,0.01769962596282462,0.0036402565888968602,0.04562678363923597,2.4650386167760142e-05,0.0,1.8812136812238004e-05,2.8434436675968936e-05,0.0012075445750338292,0.0,0.007208291870951335,0.009725550384740631,0.0011219169178195044,0.001013801189013539,0.0019193785334923063,0.013676639693954641,0.007701948288679373,1.3298234643133764e-05,0.029276766319096214,0.0,0.0002560180458125264,3.9029778098953564e-05,0.0,0.0026121841236809336,0.012071445468372471,0.003993362559177143,0.0,9.081721219701104e-06,0.0,0.0,0.012230051242530822,0.0020856605243958814,0.007602049355262662,0.0,0.0,0.042902591620512055,0.0,0.0,0.0,0.0
MSMAPC57,0.0,0.0,0.0,0.0,0.0,0.0002957850880556195,0.0,0.0,0.0,0.0,0.0,0.002796922526391126,0.0,0.0243682744165836,0.0,0.0,0.0,0.001262582112823659,0.0,0.26681798430590703,0.0,0.0,0.0,0.0,0.0,0.0,0.0,0.002216803414871048,0.0,0.0007470797229251337,0.0008739616082611253,0.002873399279196381,0.00038463308028525425,0.0030481302558597254,0.0,9.201748332183117e-06,0.0,0.0,0.0011057434245840044,0.0,0.0005155023898985253,0.0,0.0,0.019459243923012043,0.004270531400966184,0.0,0.0,0.0,0.0009120977430156175,0.0008059709122511056,0.003414257597832478,0.0,0.00015141988088847994,0.0,0.0,0.0,0.0640797484855456,0.004321345500089462,0.0,0.0,0.0,0.0,0.0003150065179050687,0.0,0.0,0.00016931216931216934,0.0,0.0,0.0,0.076612529713979,0.0,0.0,8.169107686015901e-05,0.005913656928149683,0.0,0.0,0.0,0.4876793701914476,0.0,0.0,0.01119597167906347,0.0,0.0034177338138690803,0.0,0.0025998006287861366,0.004212253661529025,0.0009731360069524323,0.0005202055057127522,0.0005566035324489431,0.00036316233417682704,0.0001212585946885464,8.803005904455182e-05,0.00044965876849934833
MSMAPC59,0.0,0.0,0.0,0.0,0.0,0.0018444248521282797,0.0,0.0,0.0,0.00017233289075273072,0.0,0.004289279379180756,0.0,0.08736088695677792,0.0,0.0,0.0,0.001696921364438824,0.0003461387121956557,0.17323243056709936,0.0,0.0,0.0,0.0,0.0,0.0,0.0,0.009500718579758144,0.0,0.0005356207245556483,0.0009020648384089825,0.005486772030308706,0.0006882794696607841,0.004678659128067116,0.0,0.00025113468267812467,0.0,0.0,0.006189675597536418,0.0,0.0008677665951944585,0.0,0.0,0.07936245247168291,0.008142360855393977,0.0,0.0,0.0003539242029866826,0.0057085533085179585,0.0,0.02348356524977748,0.0,0.001880932491378095,0.0,0.0,0.0,0.1650766029168236,0.003555654686128991,0.0004562928859551851,0.0,0.0,0.0,0.0008170556957177698,0.0,0.0,0.001834009127961906,0.0,0.00031194567831614565,0.0,0.032986177597565884,0.0,0.0,0.0001493972557197055,0.018800487329639785,0.0,0.0,0.0,0.33164297001744375,0.0,0.0,0.007624310089785647,0.0,0.0038180467676536003,0.0,0.007973710291366733,0.0041274674219294125,0.0002541857533935271,0.0004825952197086543,0.0007635041441957063,0.00023619495710615413,0.00043188432023196557,0.0010304202271259125,0.0006521926677510243
MSMAPC5B,0.0,0.0,0.0,0.0,0.0,0.00016482535426774636,0.0,0.0,0.0,0.00011845869075997809,0.0,0.013911320908965566,0.0,0.12408064871029499,0.0,0.0,0.0,0.0033369762346446017,0.0,0.10058546047180929,0.0,0.0,0.0,0.0,0.0,0.0,0.0,0.0022243796730174086,0.0009330274218142137,0.002351582953824904,0.0004802406836561172,0.0006421172808148169,0.0,0.0022362763827332172,0.0,0.0,9.863084123362983e-06,0.0,0.0006462862132793312,0.0,0.001391203267792292,0.0,0.0,0.007698391361483863,0.004098467337735998,0.0,0.0,0.0,0.0009880369940898773,0.0,0.008873521910078772,0.0,3.538508530855998e-05,0.0,0.0,0.0,0.08123652977248204,0.004989195347227335,0.0,0.0,0.0,0.00025705027488517136,0.0,0.0,0.0,0.00027789493720774256,0.0,0.0,0.0,0.07692056617763394,0.0,0.0,0.00043651773341852874,0.005644327831833806,0.0,0.0,0.0,0.5245930410145677,0.0,0.0,0.02118905681665198,0.0,0.0006257465947956268,0.0,0.0019310291813070762,0.003940963035601056,9.2224920617425e-05,0.0,0.0013669014419625627,0.0,0.00026559150237344447,0.0003451062630380821,0.0010817871339016368
MSMAPC5D,0.0,0.0,0.0,0.0,0.0,0.0003550440718440628,0.0,0.0,0.0,0.00012039520121881879,0.0,0.012904946665031752,0.0,0.02511272358087731,0.0,0.0,0.0,0.0036038085121207378,0.0,0.30289611344806994,0.0,0.0,0.0,0.0,0.0,0.0,0.0,0.011722807679625514,0.0,0.0005173711109543963,0.0008363072112807659,0.00455966381678413,0.00089952263355661,0.0034514349900856625,0.0,0.00034657299348214064,0.0,0.0,0.006744778480241953,0.0,0.002029670375516551,0.0,0.0,0.04140705458699364,0.0038547642085926814,0.0,0.0,0.00015703261513413217,0.0,0.0,0.030177157779552478,0.0,0.0016602254704572205,0.0,0.0,0.0,0.1197694003048318,0.009258570984142355,0.0,0.0,0.0,0.0,0.0,0.0,0.0,0.0004216479254646758,0.0,0.0,0.0,0.033280855002881235,0.0,0.0,7.475726654396312e-05,0.021078372511011877,0.0,0.0,0.0,0.32934811451796714,0.0,0.0,0.01973845969111484,0.0,0.0013202175627055695,0.0,0.006335095952963492,0.002615021890325373,0.00045870889329808535,0.0007165473409390913,0.0012460956270387506,0.00031480644962493255,0.0,0.0004501319264566391,0.0002158007212699672
MSMAPC5Z,0.0,0.0019795781841850705,0.0015637289024291018,0.021589018866901108,0.008766283663451366,0.00017470189934639337,0.0,0.2619974777837041,0.0007705641989929214,0.026147653615628697,0.0,0.0,0.007502350452462098,0.0,0.031174457813898403,0.08027201967147905,0.03356400914868419,0.024353286565356135,0.012319534972020573,0.01203714166900205,0.016141054268331265,0.0037861495068569925,0.003078866720305197,0.0,0.004723392426118951,0.0,0.0,0.0007893226176808265,3.932487773127095e-05,0.0,0.0011318332625184192,0.0016205691711038987,0.0,0.00040364500935660875,0.0,0.0,4.587902401981611e-05,0.002072240252402433,0.0,0.011188040717068803,0.020364184528598672,0.003045304971206957,0.003435050670330961,0.0,0.0009118173517632912,0.0017037390274550926,0.0,0.0,0.027031107334315695,0.0,8.124881347351672e-05,0.004402917273113535,0.0,0.0,0.0071371263006590295,0.00011616659283835214,0.09372677798168452,0.003659812687019174,0.0,0.00026736396756375596,0.0001683737581022808,0.00029086849218474555,0.0,0.0004730285579974144,0.0,0.0001276928501044143,0.002746300297422638,0.0012233653055136189,0.01813181970221575,0.014316063534538088,0.00022193695363280504,0.014716092463183774,0.0,0.0013413399387074317,0.0,0.0,0.0016494978167912705,0.0009133993870743193,0.0064022708986864576,0.0,0.0013591943372176065,0.009163487529041645,0.0,0.0,0.005227948687814711,0.002158574179375683,0.0,0.0,0.18425400254933688,0.0,0.0,0.0,0.0
MSMAPC64,0.0,0.0012808542280511473,0.00046559371811852345,0.012077900882729475,0.0163417988489286,0.009865230547474336,0.0,0.02189120320833426,0.002395990789215928,0.009914266882895947,0.0,0.0,0.004374041119607668,0.0,0.05733680393236203,0.03246394006200706,0.018174248983376173,0.003777180903591294,0.011811344392745334,0.015380183737891477,0.0031061375134755612,0.0037149424778638654,0.011754386803140233,0.0,0.06301961227095314,0.0,0.0,0.0015305623361211952,0.0,0.0,0.0010277512967596031,0.0,0.003909704743423031,0.0004014692794902634,0.0,0.0,0.0,0.0016996748262290574,0.0,0.015314424754749164,0.0,0.026308748358854432,0.009166525634813079,0.0021939359404402146,0.0014468233633242909,0.04511217124594789,0.0,0.0,0.00024618755065516305,0.0009982037613132481,0.00024140965130639076,0.03358900962444956,9.95814811638862e-05,0.00432462758160589,0.17484471198445514,0.0008261993847574446,0.041359759978454175,0.0,0.0,0.0006958130262133159,0.0013804357092150334,0.0,0.0,0.0011041976863399602,0.00036437769244058353,0.00245294837882103,0.0022986725235330397,0.005187667085026238,0.0039738291820512915,0.002948341100772686,0.0021743214062715705,0.014878630040463773,0.0,0.0023924702318010435,0.0005106065593516942,0.0,0.00033684190408844836,0.004984480628510025,0.000333069878286786,0.012029744686661585,0.0002754836177147407,0.027390439624577805,0.0,0.0071576704270410975,0.04528945645862602,0.01932295657417575,0.0,0.0,0.1785702161345637,0.0,0.0,0.0,0.0001601853623772614
MSMAPC66,0.0,0.003942910360709998,0.001840233322220964,0.015069247988671637,0.015025966041184148,0.003168838999286348,0.0008004658438509924,0.029243710513823015,0.00029847030839638504,0.004620785717457698,0.0,0.0,0.0184398609223433,0.0,0.059836792032118696,0.013989325871158647,0.05508040622484471,0.02165986268614521,0.02698479315044417,0.019320260767478992,0.0038070600862261453,0.007753473032281953,0.014522344305390414,0.0,0.00389512508920647,0.0,0.0,0.0008228573715974103,0.0003247396984899479,0.0,0.0,0.0,0.0,0.0,0.0,0.0,0.0,0.0016428376195179067,0.0,0.0026454526747555535,0.0,0.0010512759730776278,0.003448545457615902,0.0,0.0016225726614457294,0.028035318569519123,0.0,0.0,0.0038320785529819194,0.000694637729474068,0.0012166480383332945,0.01937480102500658,0.000736168384288653,0.021539899138051273,0.23025745878676696,0.0006275882385685934,0.09160711750360732,0.00044220139990830724,0.0,0.0,0.00037302533932859184,0.0,0.0,0.006492667400124716,0.0,0.0006503550433163478,0.002047010949957437,0.011160112558081933,0.006469900595376962,0.0054675357248068724,0.0014719614915759693,0.01894160627313035,0.004015213729634186,0.001178494876530739,0.0004176833024876486,0.0,0.004599144743713953,0.016444763290904097,0.00027795516565665027,0.015662686020118596,0.0001683742812663597,0.02631767573440145,0.0,0.0029832019759585037,0.008921960522110382,0.008744454500478165,0.0,0.00022153852312237966,0.1277505458716715,0.0,0.0,0.0,0.0
MSMB4LYH,0.0,0.0011904281990148308,0.0004925123721987383,0.015703286071342182,0.006715565166645549,0.00253058975747035,0.00028662900296779186,0.02500727070639591,0.00020228400962900674,0.010142275486345467,0.0,0.0,0.023183475196093102,0.0,0.09247630661552694,0.01020706395918038,0.07092022187412414,0.009959907933180526,0.01919682450098478,0.024195615116158524,0.0008942009037752,0.0033300075250611402,0.025011709916571635,0.0,0.006769555560674643,0.0,0.0,0.004174537266329574,0.0,0.0,0.0,0.0,0.00019640505561250535,0.0,0.0,0.0,0.0,0.00015057321001447416,0.0,0.005578767425699618,0.0,0.0020685519632347004,0.006801469882478507,0.0,0.005419795709947285,0.045993936758771864,0.0,0.0,0.0,0.0,0.007100936601359884,0.031468001213224135,0.002752910202216821,0.018696753473621968,0.11151823867497491,0.006914009859365819,0.23115807235576638,0.0002150017468891934,0.0,4.559188829123521e-05,0.0003407393756502842,0.0,0.0,0.006085197321692522,0.0,0.002385655544165581,0.0009263551828858606,0.004548390750317702,0.008507806291104685,0.0027683874485051607,0.0006206495740277889,0.010657583802689823,0.0030599355762622703,0.0058892721806936095,0.0,0.0,0.0014338648867593473,0.00177172477472808,0.0027326338097925606,0.02017081120926964,0.00010642106556401482,0.005752256558513107,0.0,0.01059267535120151,0.013205450486249484,0.012963333563692345,0.0,0.0,0.0568115720850946,0.0,0.0,0.0,0.0
MSMB4LZ4,0.0,0.0,0.007144277722789308,0.027913471537875132,0.0,0.001580117577597012,0.0,0.011775210698223418,0.0018051752636730318,0.008890079479262248,0.0,0.0,0.01863726367563932,0.0,0.03205116311396795,0.03035751376246806,0.0,0.0,0.02961725049111017,0.09744325843412203,0.00014051061416778252,0.0,0.0,0.0,0.000845571012168861,0.0,0.0,0.0005904254001468492,0.0,0.0,0.0,2.6377081745986297e-05,0.0,0.0001043048099461055,0.0,0.0,6.22820067082034e-05,0.0012017117622829194,0.0,0.0025271851932903524,8.474765808121072e-05,0.0,0.0006248259288117666,0.0,0.000823606826228287,0.0,0.0,0.0,0.0,0.0,0.052052713645085034,0.0002341843569463042,0.0,0.10913091326784263,0.0,0.013816977352918433,0.3935149687933047,0.000992700970044762,0.0,0.0,9.517813907582128e-05,0.0,0.013673658532329026,1.7250410875702066e-05,0.0,0.0016662693388890355,0.00103693022118537,0.0,0.0,0.0052569624212837176,0.002653755068436492,0.00777281449580108,0.0,0.0008650278709472693,0.0,0.0,0.000431159978806065,0.0978768254470038,0.014326265646097592,0.0,0.0,0.0,0.00078710014274715,0.0,0.004151732608200946,0.004321027338190395,0.0,0.0,0.0009992200206663936,0.0,0.0,0.0,8.003388301633865e-05
MSMB4LZP,0.0,0.0,0.0,0.0,0.0,3.1449923934949344e-05,0.0,0.0,0.0,3.124636455672961e-05,0.0,0.010434148388476382,0.0,0.07776283765030188,0.0,0.0,0.0,0.0033135395586608766,0.0,0.3071141051076814,0.0,0.0,0.0,0.0,0.0,0.0,0.0,0.003546716826411585,0.0,0.002857770110826886,3.124636455672961e-05,0.001745114549477804,0.0,0.002094015323746433,0.0,0.0,0.0,0.0,0.0017017564019170003,0.0,0.0006138333050216165,0.0,0.0,0.005061198600366428,0.0018314237258429725,0.0,0.0,0.0,0.0001721094542847875,0.0008880277874836021,0.0030294724463552337,0.0,0.00021363556744161385,0.0,0.0,0.0,0.10971443367287377,0.0018588024622135273,0.0,0.0,0.0,0.0,0.00039185180307299344,0.0,0.0,6.727637450162303e-05,0.0,0.0,0.0,0.03504193272301482,0.0,0.0,0.00023083633490118163,0.005582412388298063,0.0,0.0,0.0,0.400035907874318,0.0,0.0,0.012113004360343663,0.0,0.0027984325520758325,0.0,0.0018715249233522608,0.005718186493570629,9.77085015454737e-05,0.0006251308505128119,0.00040070663602555196,0.00022208328163773292,5.3637896160900664e-05,0.00028416889199475265,0.0004183145222415593
MSMB4LZR,0.0,0.0,0.0,0.0,0.0,0.00046935391431710715,0.0,0.0,0.0,0.00020720529440113047,0.0,0.032925844417185324,0.0,0.07623219583224844,0.0,0.0,0.0,0.010458584355188353,0.0,0.4741119618181701,0.0,0.0,0.0,0.0,0.0,0.0,0.0,0.003493461243767852,0.0,0.003606684533998851,0.0019808514725089283,0.0021827181441879686,0.0028075594452859564,0.0047959739666511795,0.0,0.00040573532687886415,0.0,0.0,0.018101934994927748,0.0,0.004209726458981636,0.0,0.0,0.05021853318448955,0.006198808308187121,0.0,0.0,0.0,0.001404725103750015,0.0,7.340606242874188e-06,0.0,1.5014876405879018e-05,0.0,0.0,0.0,0.02443632207599462,0.005387671318349522,0.0,0.0,0.0,0.00016182700126336278,0.0013433309424459763,0.0,0.0,0.00016182700126336278,0.0,0.0,0.0,0.014410166161295581,0.0,0.0,0.00037970954110867387,0.008600187541367372,0.0,0.0,0.0,0.22980546392464615,0.0,0.0,0.0027363778089914185,0.0,0.008101693644692189,0.0,0.003980610567158593,0.005133530632516682,9.275856979631927e-05,4.070699825593868e-05,0.0010241257921876595,0.0001680553944391348,0.0,4.7157834045131146e-05,0.00015426395240706817
PSM6XBSE,0.0,0.0,0.00021185552336038175,0.0,0.0,0.0008454158858339475,0.0,0.0048298445048669605,0.0,0.0,0.021057756911435365,0.0,0.0,0.0875485928560151,0.0,0.00738003530524148,0.0,0.0013096523262278144,0.005244828548494753,0.04530347802169474,0.0,0.007715172286087613,0.0,0.0,0.0038866259981635183,0.0,0.0,0.0,0.0,0.0,0.0,0.0,0.0,0.0007908470389077886,0.0,0.0,0.0,0.0,0.0009918690411872416,0.0,0.009925912759259702,0.0,0.00014976339790580016,0.0,0.003274030505189157,0.0011990099766698119,0.0,0.0,0.0,0.0,0.0,0.0008159246340025308,0.0009033952856929914,0.1450096889796408,0.0,0.00111555174019451,0.2501981631564387,0.0,0.0013353317836048303,0.0,0.0,0.0,0.005227575163069571,0.0,0.0,0.004835160955027046,0.0,0.009523668133940039,0.0,0.0,0.0,0.0,0.0026704629464489025,0.0,0.0,0.0,0.0034053367931052266,0.21621802180306307,0.052023972575944495,0.0,0.0,0.0,0.03922065655551407,0.0,0.012116992397877514,0.0056010307092204704,0.00010713148624473849,0.0015866092864541465,0.0241764066374175,0.003449172429330836,0.0013168746736151001,0.006005783094049609,0.011472397893562261
PSM6XBT3,0.01963712694146078,0.0,0.0,0.0,0.0,0.012756622805275624,0.0,0.07374007786305804,0.0,0.0,0.0,0.0,0.0,0.019039172847642467,0.0,0.3583551383630694,0.0,0.10484558531057021,0.0,0.2229767993408393,0.012622758503759993,0.0,0.0,0.002040825789522175,0.0,0.0,0.0,0.0,0.000107353524935351,0.0,0.0,0.0,0.0,0.0,0.0,0.0,0.00015876225518608248,0.0,0.0,0.0,0.0005629759969614416,0.0,0.0,0.005465554437107669,0.0011692966096244805,0.0,0.00299339932063867,0.0011670789781234685,0.01612137460090193,0.002806916671689938,0.0,0.005953332565898432,0.0,0.00019646199070328554,0.0,0.0,0.042305554541941154,0.0,0.0,0.0,0.0,0.0,0.0011469186917506327,0.007079687765548772,0.0,0.008350592218492346,0.0,0.0,0.0,0.005840233359346823,0.00973802312667091,0.0,0.030850782229191413,0.0001116879865055107,0.0,0.0,0.005166476588766648,0.0,0.014688885452680078,0.002586564741634842,0.0,0.0,0.007565349064270388,0.0,0.0,0.0,0.0,0.0,0.0013627345573718407,0.0,0.0,0.0,0.0004898949588599117
PSM6XBT5,0.006955672220697487,0.0,0.0,0.0,0.0,0.0018603336353581444,0.0,0.04552657620913154,0.0,0.0,0.0,0.0,0.0,0.007742489349660207,0.0,0.20860290871375375,0.0,0.13753438936947618,0.0,0.4285302420662272,0.00125400862145985,0.0,0.0,0.0,0.0006208808296292966,0.0,0.0,0.0,0.0,0.0,0.0,0.0,0.0,0.0015493411033950786,0.0,0.0,0.0,0.0,0.0,0.0,0.0024129527084558447,0.0,0.0,0.0012289123874408808,0.00020368103529795354,0.0,0.0,0.0,0.0,0.004745999007795292,0.0,0.005267799905517698,0.0,0.016684578685427137,0.0,0.0,0.05251346814494862,0.0,0.0,0.0,0.0,0.0,0.0,0.004908622604238212,0.0,0.0,0.0,0.0,0.0,0.004937433080891989,0.006589066434148385,0.0,0.029214024096801596,0.0,0.0,0.0,0.01978095203868755,0.0,0.006321942119250478,0.0,0.0,0.0,0.0012082330906092503,0.0,0.0,0.0,0.0,0.0,0.003587657230415752,0.0,0.0,0.0,0.00021783531128465213
PSM6XBT7,0.0,0.0,0.0,0.0,0.0,0.0019755108012729132,0.0,0.08390444231880254,0.0,0.0,0.0,0.0,0.0,0.010199840961008391,0.0,0.08197963960181126,0.0,0.05324118358280676,0.0,0.23776980634221845,0.0002968326988977005,0.0,0.0,0.00017467231403737066,0.0020098840678907095,0.0,0.0,0.0011804160568251228,0.0,0.0,0.0,0.0,0.0,0.0009846988856748158,0.0,0.0,0.0005532793148596233,0.0,0.0,0.0,0.0004548695544553215,0.0,0.0,0.0,0.003238803509680885,0.0,0.0,0.0005873519406615201,0.00044474798032005224,0.0,0.0,0.0002959307764500032,0.0,0.028149600874263495,0.0,0.0,0.03573587100905581,0.0012085760799143376,0.0,0.0,0.0,0.0,0.00033671771380697956,0.0037306518844917942,0.0,0.0003601676974471085,0.0006656187664005828,0.0,0.0,0.012232473517302129,0.003514992205886848,0.0,0.020602113404722164,0.003258645803530225,0.0,0.0,0.0023507105395149763,0.3719297683011339,0.025107216030970016,0.0,0.0,0.0,0.0016583347404993747,0.0,0.0,0.0022638253437201397,0.0,0.0,0.007398670265671279,0.0,0.0,0.0,0.00020413511399548139
PSM6XBT9,0.0,0.0,0.0,0.0,0.0,0.007411598517680297,0.0,0.03842279231544154,0.0,0.0,0.0,0.0,0.0,0.007194998561000289,0.0,0.11921597615680478,0.0,0.05418568916286218,0.0,0.24059695188060964,0.00017279996544000692,0.0,0.0,0.0,0.0,0.0,0.0,0.0,0.04831369033726194,0.0,0.0,0.0,0.0,0.00038889992222001564,0.0,0.0,0.0,0.0,0.0,0.0,0.0008309998338000334,0.0,0.0,0.0,0.0021693995661200872,0.0,0.005140298971940207,0.0,0.0008385998322800336,0.0,0.0,0.0026572994685401066,0.0,0.014393497121300577,0.0,0.0,0.021831795633640873,0.0,0.0,0.0,0.0,0.0,0.0019262996147400772,0.0,0.0,0.005352198929560214,0.0,0.0,0.0,0.002374399525120095,0.0017043996591200683,0.0,0.026205794758841053,0.00026159994768001053,0.0,0.0,0.0,0.3564449287110143,0.03366769326646135,0.0,0.0,0.0,0.00723339855332029,0.0,0.0,0.0,0.0,0.0,0.0010639997872000427,0.0,0.0,0.0,0.0
PSM6XBTB,0.0,0.0,0.0,0.0009012012038130589,0.0,0.0006254099701918927,0.0,0.06416570775190802,7.483883860640372e-06,0.0007242174638654825,0.0,0.0,0.0,0.01907530749154978,0.001093456112178969,0.18920370868921388,0.0,0.16209081106490203,0.003012870055301856,0.22160791447012987,0.0013921035316447935,0.0,0.0,0.0,0.0007061145556079874,0.0,0.0,0.0003550799491176804,0.03480319509251395,0.0,0.0,0.0004816991733544607,0.0,0.0013453798242986333,0.0,0.0,6.624248552323573e-05,0.0,0.0,0.0,0.001784097232237254,0.0,0.0,0.0,0.00024170922198554716,0.0,0.0016202608558286405,0.0,0.0014307365537362074,0.0,0.0005153766507273425,0.0008461845440807837,0.0,0.022743118518223353,0.0,0.0,0.010088275444143221,0.0,0.00015898196525576574,0.0,0.0,0.0,0.0008632761166814354,0.0020971056180302534,0.0,0.00027791503850053707,0.000263452938607678,0.0,0.0,0.006438971859989881,0.009302669905907352,0.0,0.025345386296846833,0.00110235586595919,0.0,0.0,0.0005692808412370899,0.18088142756905043,0.013289456198749298,0.0,0.0,0.0,0.005186230381858094,0.0,0.0,0.0006706166740527879,0.0,7.68615099200903e-06,0.012198932959975175,8.131138681020081e-05,0.0,0.0,0.0003372804415572384
PSM6XBTD,0.0,0.0,0.0,0.0,0.0,0.0,0.0,0.0,0.0,0.0,0.0,0.0,0.0,0.0,0.0,0.0,0.0,0.0,0.0,0.0,0.0,0.0,0.0,0.0,0.0,0.0,0.0,0.0,0.0,0.0,0.0,0.0,0.0,0.0,0.0,0.0,0.0,0.0,0.0,0.0,0.0,0.0,0.0,0.0,0.0,0.0,0.0,0.0,0.0,1.0,0.0,0.0,0.0,0.0,0.0,0.0,0.0,0.0,0.0,0.0,0.0,0.0,0.0,0.0,0.0,0.0,0.0,0.0,0.0,0.0,0.0,0.0,0.0,0.0,0.0,0.0,0.0,0.0,0.0,0.0,0.0,0.0,0.0,0.0,0.0,0.0,0.0,0.0,0.0,0.0,0.0,0.0,0.0
PSM6XBVI,0.0,0.0,0.021603682497017246,0.0,0.00015190626625589406,0.00019166070738656167,0.0,0.09725370258408529,0.0,0.0,0.08956465739249571,0.0,0.0,0.14963408426868963,0.0,0.004500995493175409,0.0,0.05771062450846139,0.07002540786774197,0.10980083374739351,0.0045431981550208686,0.16664921823649295,0.0,0.0,0.01763616595578886,0.0,0.0,0.0,0.0,0.0019189387126416087,1.0259210614365832e-05,0.0,0.0,0.0036623050254510022,7.67109157301445e-05,0.007473718350626708,0.0026641304654487267,0.0,0.004225862117608325,0.0,0.0008461517118075818,0.0,0.003280499175882274,0.0067224643370020105,0.0008428874175211927,0.0013370782560927468,0.0,0.0001720749416682269,0.0,0.0002518169878071613,0.0,0.00010002730349006685,0.0010525017434828946,0.011293292411518387,0.0,0.0013000051995544703,0.04392026354979412,0.0,0.00017941960381260243,0.0,0.0,0.0,0.00025694659311434424,7.694407960774374e-05,0.0,0.0009570211356060125,0.0017592214564861408,0.0,0.008097198559327033,0.004320060324158412,0.0,0.002777564691900749,0.05393453551074197,0.0,0.0,0.0,0.0,0.0,0.001271559206487365,0.0002007540986129314,0.0,0.0,0.001650450507586103,0.0,0.000506198778267914,0.024079299967427,0.0,0.0,0.018528367533422293,0.0,0.0,0.0006799058670793355,0.0003074265726145761
PSM6XBVK,0.0,0.0,0.0,0.0,0.0,0.0,0.0,0.02709803888506531,0.0,0.0,0.4524510183934078,0.0,0.0,0.1393164567217502,0.0,0.029473272300945423,0.0,0.0049978398556805624,0.011097754292991242,0.1846075168909714,0.006430876101483394,0.019820480800213692,0.0,0.0,0.0015932221025226495,0.0,0.0,0.0,0.0,0.00027945132128656176,0.0,0.0,0.0,0.0001813657581859805,0.0,0.0,0.0,0.0,0.0,0.0,0.0006453701043840134,0.0,0.0011368260704435298,0.0,0.00022958601929098325,0.0001842445797444881,0.0002801710266761887,0.0,0.0,0.0,0.0,0.00014157633164517866,0.0005423494186117047,0.026695106681929905,0.0,6.86804571815391e-05,0.05667320090617077,0.0,0.0009828091170633717,0.0,0.0,0.0,0.0,0.00011566693761861,0.0,0.0010138592638729896,0.0,0.0,0.0,0.0,0.0,0.0010057368744757717,0.016633728150001408,0.0,0.0,0.0,0.0,0.0,0.0029450344543533024,0.0022432188844114073,0.0,0.0,0.0008714604117825231,0.0,6.898890234852207e-05,0.003995907138264247,0.0,0.0001683082461170352,0.0018479978104505746,5.5622945112593795e-05,0.0008695069257249644,0.0011606791633568786,0.002077069754463253
PSM6XBVM,0.0,6.531355897745008e-05,0.02879378129541334,0.0,0.0009455525041506662,0.0,0.0,0.15189137714813045,0.0,0.0,0.27345463797238545,0.0,0.0,0.06749323892607009,0.00011109708316262342,0.027152618043852512,0.00012006168929678324,0.007657161018093245,0.03244653813057868,0.11938507497665736,0.00881850439847333,0.08367830169378764,0.0,0.0,0.0016725393730303883,0.0,0.0,0.0,0.0,0.0007654066094546928,1.3126744696448302e-05,0.0,0.00046114360840124476,0.0006871797487839887,1.771576926512535e-05,0.00010885593162908348,0.00010746855210832065,0.0,0.0006887805713079458,0.0,0.00011664660124567474,0.0,0.0017658139654262895,0.0027095522040498045,0.00014236648313058564,0.000235214189520098,0.00042453813335342554,7.929407568667552e-05,0.0023605728938271542,1.931659178908246e-05,0.0,0.0001034131350476293,0.0019320860649146346,0.007980100281926193,0.0,0.0006022294335126647,0.057551704166290046,0.0,0.002777427079065586,0.0,0.0,0.0,0.0003041562795518509,0.00040383416204358026,0.0,0.0,0.0008306134469305458,0.0,0.029132835505987456,0.0015040261220085034,0.0,0.014898748508967224,0.0,0.0,0.0,0.0,1.3340187699642583e-05,0.0,0.03453678546086027,0.0,0.0,0.0,0.0018539659257455275,0.0,0.0,0.009548052583391383,0.0005602878833849884,2.3798894856162367e-05,0.009485620504957057,5.250697878579321e-05,0.0005664777304776226,0.00844369848486417,0.002505500692996071
PSM6XBVO,0.0,0.0,0.025772709155913294,0.0,0.00013844490676871206,0.0,0.0,0.10578066973805247,0.0,0.0,0.23525899743173875,0.0,0.0,0.043438603739851187,0.0,0.06136105404164486,0.0,0.0010840885160490633,0.13838217392033247,0.1162007040139829,0.013860065728882686,0.08499803419048393,0.0,0.0,0.003919288782555507,0.0,0.0,0.0,0.0,0.0003821295746983279,0.0,0.0,0.0,0.0003879702192026329,0.0,0.0,0.0,0.0,4.110083169696139e-05,0.0,0.0003201538469026466,0.0,0.0007771301993228095,0.0013532989636641604,0.00030782359739355816,0.0005045667891219076,0.0,0.0,6.565317063172517e-05,0.0,0.0,0.00017932941829884732,0.000395757745208373,0.02975256758518011,0.0,0.0006906021325923644,0.07667922585501896,0.0,0.0028561833226885777,0.0,0.0,0.0,6.965509371800824e-05,0.0,0.0,0.00010578056157796906,0.00017489485487891203,0.0,0.004570953285119172,0.0027433723556887597,0.0,0.012532508865070832,0.005091311446419386,0.0,0.0,0.0,0.0,0.0,0.0040418341570625,0.0019327125305079029,0.0,0.0,0.0012519529655061264,0.0,6.327364879663793e-05,0.008745175384279253,0.0001058887216613821,0.0010785723517949973,0.0024511238103066815,0.00029462806721716533,0.0007708569144848522,0.001818062842090063,0.007269114725941273
PSM6XBVQ,0.0,9.133291349719709e-05,0.002210304387582889,0.0,0.0010828277005185385,0.0001582465421275158,0.0,0.070870151290637,0.0,0.0,0.19173567608441075,0.0,0.0,0.05492016868937747,0.0,0.021987411379841615,0.0,0.004793960488400061,0.05370770331478624,0.15876724746658896,0.008292741259841179,0.025037427940665446,0.0,0.0,0.01022964541881647,0.0,0.0,0.0,0.0,0.0019263703498170286,4.0698808111463975e-06,2.9207379938815323e-05,0.00017320933922731872,5.997089077601015e-05,0.0,0.00040746689062183344,7.780654491897524e-05,0.0,0.0022003690903086197,0.0,0.0001817082079800068,0.0,0.001291588645654989,0.0034133132744070447,0.003380993632671471,0.005014571968839555,0.0,6.595600961593132e-05,0.0027752996060714475,0.0005343514100281623,0.0,8.223553286051692e-05,0.0018904596367775018,0.11043082920350157,0.0,0.005556584330982817,0.19790034848952953,0.0,0.0021960598047438768,0.0,9.169202062759237e-05,0.000963364728473712,0.00019403755279024442,0.00048730837594638187,0.0,0.003602802136878949,0.0008200809834459991,0.0,0.0028036690693726742,0.0013567067386333312,0.0,0.007018150351691567,0.010576303502024703,0.0,2.8249760924427936e-05,0.0,0.0,0.0,0.002143271056575772,0.003350589228964671,0.0,0.0,0.0014863444127060242,0.0,0.0013255841206657412,0.0021097543910722134,0.00029374963266333117,0.0012647753132521422,0.006754805122735035,0.0007568781284964315,0.0009030347305673066,0.00022049177806269602,0.007970741866253421
PSM6XBVS,0.0,0.0,0.0,0.0,0.0,0.0,0.0,0.08710085388269001,0.0,0.0,0.38556530258159083,0.0,0.0,0.021570073056993096,0.0,0.09600862192175123,3.7392682999790598e-06,0.00041526651842545227,0.08873927660946417,0.10435986219549892,0.01931674843200016,0.014105558713159898,0.0,0.0,0.00355334357061899,0.0,0.0,0.0,0.0,0.00046439634914462164,0.0,0.00024097506822087276,0.0,0.0010106411266332293,3.323794044425831e-05,0.0003220964166176407,0.0,0.0,0.0,0.0,0.00023391200587646787,0.0,0.0007200168848737458,0.0,0.0006239384632770614,0.000608565915821592,0.0,0.0,0.0,0.0,0.00038742974330338597,0.00021230734458769997,5.048012204971731e-05,0.06460396163012154,0.0,0.0009094731454060181,0.06923546089390117,0.0,0.0015272833634136693,0.0,0.0,0.0,2.0981449905438057e-05,0.0,0.0,0.00015808795423800362,0.0002404557254014312,0.00021635821857934393,0.0,7.18770462107086e-05,0.0,0.008567183018071467,0.0,0.0,0.0,0.0,0.0,0.0,0.016437096366760728,0.0,0.0,0.0,0.0007554360651596583,0.0,0.0002258102578931799,0.0007608372304818504,0.0003467132662591695,0.0013309717776647688,0.0008796628675700739,0.0005164344996526635,0.000555489079674667,0.0029454008661807278,0.004048381146110663
PSM7J127,0.0,0.0,0.0,0.0,0.0,0.0,0.0,0.0654460900874716,0.0,0.0,0.0,0.0,0.0,0.020546778885545264,0.0,0.1836427370515233,0.0,0.29513531662411274,0.0,0.2139668905865934,0.0003351532569449839,0.0,0.0,0.0,0.0002132793453286261,0.0,0.0,0.00026108679256629276,0.0,8.920047807447238e-05,0.0,0.0,0.0,0.0012727605292895785,0.0,0.0,8.569259410525156e-05,0.0,0.0,0.0,0.0005274855237145486,0.0,0.0,0.0,0.0002959651817459741,0.0,0.00013931310620619844,7.597074424769671e-05,0.00018661942716254783,0.0007054855788384395,0.0,0.0004932084860724479,0.0,0.007227243229157533,0.0,0.0,0.016071119841844547,0.0,0.0,0.0,0.0,0.0,0.0014194903044592723,0.0020821796988732175,0.0,0.0,0.00037323885432509566,0.0002254066013365038,0.0,0.0021405107980185466,0.005340603005254309,0.0,0.03205253807933331,0.0009244777637740823,0.0,0.0,0.0002813322943315101,0.13647172019112958,0.005037221154544839,0.0,0.0,0.0,0.004188613909762191,0.0,0.0,0.000994234542133445,0.0,0.0,0.001655320332447175,5.963402747675401e-05,0.0,5.21171332569951e-06,3.086937892914326e-05
PSM7J12B,0.0,0.0,0.0,0.0,0.0,0.0,0.0,0.0657042736154146,0.0,0.0,0.0,0.0,0.0,0.03358661452307336,0.0,0.11704858873385421,0.0,0.2382196296244722,0.0,0.39719100217463116,7.94436102141842e-05,0.0,0.0,0.0,0.0006209224414974951,0.0,0.0,0.000937995614672644,0.0,0.0006831349029640883,0.0,0.0,0.0,0.002217007684791799,0.0,0.0,0.0,0.0,0.0,0.0,0.0003228836768225922,0.0,0.0,0.0,0.000586159600710204,0.0,0.0,0.0,0.0017474588814199432,0.0,0.0,0.0013262975480776602,0.0,0.007422517685219573,0.0,0.0,0.022828867744221236,0.0,0.0,0.0,0.0,0.0,0.0003756791151364322,0.0014550302581977444,0.0,0.0,0.0036764459112738103,0.0,0.0,0.0,0.007710638521254874,0.0,0.050224691174235676,0.0022751127212662335,0.0,6.511771329031491e-06,0.005422902981720056,0.03193502895183624,0.003949439401606285,0.0,0.0,0.0,0.0006662042975086064,0.0,8.315031081686366e-06,0.00024243825563471092,0.0,0.0,0.0012709975823295774,0.0,0.0,0.0,0.00025776596353227737
PSM7J12D,0.0,0.0,0.0,0.0,0.0,0.0,0.0,0.16053093231121776,0.0,8.31221646453793e-05,0.0,0.0,0.0,0.049866188336998886,0.0,0.19170274552509822,4.857138536507104e-05,0.16423137084573194,5.558168840745243e-05,0.2242115236763471,0.003914152630120488,0.0,0.0,0.0007320759319972563,0.0002541735588794851,0.0,0.0,0.00018837685746741985,0.0,0.00019568760206876043,0.0,0.0,0.0,0.001157401032297167,0.0,0.0,0.0,0.0,0.0,0.0,0.0003162648143977203,0.0,0.0,0.0,0.006062910659796703,0.0,0.0,0.0031593432868286518,0.0007101436981932346,0.0,0.0,0.0009503967981742766,0.0,0.0019036978647518257,0.0,0.0,0.11541963223349357,0.0,0.0004618788233066137,0.0,0.0,0.0,0.0004448538016322589,0.001406767526233305,0.0,0.0,0.0018898775530397022,0.0,0.0,0.0,0.006020948988728734,0.0,0.040137189627595674,0.0005909685464727509,0.0,0.0,0.0029730695202739464,0.003778152751098289,0.01390914226638891,0.0,0.0,0.0,0.0010506441316803306,0.0,0.00010555513438099975,0.0,0.0,0.0,0.0002871219831786777,0.00030014111740024314,0.0,0.000182668467847195,0.0007667268584638843
PSM7J12F,0.0,0.0,0.0,0.0,0.0,0.0,0.0,0.1478919852108015,0.0,0.0,0.0,0.0,0.0,0.015837598416240162,0.0,0.13090898690910133,0.0,0.1459089854091015,0.0,0.4379759562024044,0.0036758996324100374,0.0,0.0,0.0019377998062200196,0.0004328999567100044,0.0,0.0,0.00019149998085000194,7.499999250000076e-05,0.0003781999621800038,0.0,0.0,0.0,0.0007040999295900072,0.0,0.0,8.129999187000083e-05,0.0,0.00020129997987000203,0.0,0.0004803999519600049,0.0,0.0,0.0,0.001185899881410012,0.0,0.0010465998953400105,0.0,0.0,0.0004198999580100043,0.0,0.001869399813060019,0.0,0.0007103999289600072,0.0,0.0,0.05138129486187052,0.0,0.0,0.0,0.0,0.0,0.0,0.00040429995957000413,0.0,0.0,0.0008232999176700083,0.0,0.0,0.0,0.006708199329180068,0.0,0.0294413970558603,0.000486599951340005,0.0,0.0,0.0008664999133500088,0.0006565999343400067,0.013418598658140136,0.0,0.0,0.0,0.0002840999715900029,0.0,0.0029801997019800303,0.0,0.0,0.0,0.0006347999365200065,0.0,0.0,0.0,0.0
PSM7J12V,0.0,0.0002521378240435158,5.650147317501754e-06,0.014732960921361449,0.0014807421791367095,0.0,0.0,0.037311756766000966,0.0002453778263600762,0.003616296074176748,0.0,0.002150890009187543,0.0,0.02275536294831144,0.0,0.01198789738444591,0.07787446704480949,0.0019238751616093472,0.028513064855821352,0.024571683519912627,0.0011772485517966154,0.01782924165135241,0.0,0.0,0.0,0.001277034189243209,0.0,0.0003560601764904231,0.0,0.0,0.00032609421661010125,0.0,0.0,9.585071342190477e-06,0.0,0.0,0.0,0.00012470682293628873,0.0,0.0,0.0,0.00013126502964410324,0.001199950036554435,0.0,0.0025382277868998505,0.0007273555716405383,0.0,0.0,0.0,0.0,0.011252671964755993,0.000201286498186,0.00023649902343257344,0.5413285070313055,0.0,0.0,0.11229566898046923,0.003307253195006964,0.0,0.0006511794783420772,0.0,0.0,0.0,0.0018093587829421244,0.0,0.0,0.0011423387130134798,0.000531517429796415,0.0,0.0066159189268433045,0.003173667569143173,0.0033137105062269663,0.002560323898730795,0.00010180354720284411,0.0,0.0,0.0,0.011548396639534523,0.0,0.00040670971137231376,0.0,0.024113315318780297,0.0,0.0,0.0011959142170419339,0.00586081709605432,0.0,0.0,0.013805428701900848,0.0,0.0,0.00026818020660570826,0.0011606007963075478
PSM7J12Z,0.0,0.0034708564891986877,6.524932890045705e-05,0.04046844940067472,0.009564430143966528,0.0,0.0,0.027801311715415056,0.0020312931703323537,0.011777809722761719,0.0,0.03262109612755428,0.0,0.01956531712703127,0.0,0.012763482397464249,0.18173059571617764,0.0012947913703684447,0.031737171625105906,0.018171428338395253,0.0011043448916402358,0.049839068647391606,0.0,0.0,0.0034698369684346177,0.004853632501506342,0.00017984346278188476,0.002854963995624217,0.0,0.0,0.0,0.0,8.533388795262899e-05,0.0,0.0,0.0,0.0,0.0007922695857585184,0.0,0.0040980656632543305,0.0,0.00015578277274984123,0.0013062100029260246,0.0,0.003931985730787386,0.0026231249738747804,0.0,0.0,0.0001751536672671644,0.0,4.965066121019154e-05,0.0012954030828268865,0.00013467869293359966,0.18273176510649405,0.017650249323802852,0.0,0.12357509229211716,0.0005697082029621157,0.00041300786152461175,0.00022969802814489022,0.0,0.00019156795156868563,0.0,0.005086491044019848,0.0,7.829919468054846e-05,0.0008747488155717524,0.0020345556367773764,0.016545292719704178,0.011514875317708157,0.004939883958146634,0.04530974570093582,0.0,0.003933616964009897,0.0005833697812006489,0.0,0.0,0.0,0.008856169069167346,0.0,0.0,0.06423296865075603,0.0,0.0,0.014208245272227336,0.0019743019596208606,0.0,0.0,0.024403860721229378,0.0,0.0,4.893699667534279e-06,4.496086569547119e-05
PSM7J169,0.0,0.0,0.0,0.0,0.0,0.0016215791015953384,0.0,0.10471159650732496,0.0,0.0,0.0,0.0,0.0,0.00982995386761077,0.0,0.05337900535942751,0.0,0.1165259156422586,0.0,0.2053519816431201,0.0005625437344977717,0.0,0.0,0.0003313613778548519,0.0,0.0,0.0,6.575186507116813e-05,0.0,0.0001222964674535273,0.0,0.0,0.0,0.0004748745810695476,0.0,0.0,0.0003308609831435036,0.0,0.0008192462214194555,0.0,0.0006297967837029848,0.0,0.0,0.0,7.605999612494335e-06,0.0,0.0026464875493789498,0.0,0.0,0.00023658661952548167,0.0,0.0004502551612712107,0.0,0.09550153160813249,0.0,0.0,0.12250663323229363,0.0,0.0,0.0,0.0,0.0,0.0015250029223051141,0.0022791978312492896,0.0,0.002590343262765669,0.0004791779755871431,0.0,0.0,0.0,0.004262762467033996,0.0,0.024734710739831578,0.0003847034540845819,0.0,0.0,0.012174603327104419,0.17234394490374005,0.05395916298776475,0.0,0.0,0.0,0.006587296059131442,0.0,6.104815478449401e-05,0.0008699862451501745,0.0,0.0,0.0016093694706384393,0.0,0.0,0.0,3.2825893064449234e-05
PSM7J16B,0.0,0.0,0.0,0.0,0.0,0.0,0.0,0.014398296781465708,0.0,0.0,0.0,0.0,0.0,0.004559340717753784,0.0,0.0,0.0,0.0042807942936979575,0.0,0.0245828825330269,0.0,0.0,0.0,0.0,0.0,0.0,0.0,0.04931780498918428,0.0,0.0,0.0,0.0,0.0,0.0,0.0,0.0,0.0,0.0,0.0007597353716122662,0.0,0.0006506380221904009,0.0,0.0,0.0,0.0,0.0,0.0,0.0,0.5182356219558648,0.05478938524572089,0.0,0.0,0.0,0.0006849920811572862,0.0,0.0,0.036994679066934474,0.0,0.0,0.0,0.0,0.0,0.0,0.0,0.0,0.0,0.0,0.0,0.0,0.0,0.0,0.0,0.0036705455029956507,0.18911027397594152,0.0,0.0,0.0,0.0,0.0,0.0,0.0,0.0,0.0016262468724459326,0.0,0.0,0.0,0.0,0.0,0.0071010768372631984,0.016345800529656028,0.0032710635064955866,0.002956770291352596,0.06666405142524082
PSM7J16F,0.0,0.0,0.0,0.0,0.0,0.0010261077287967938,0.0,0.08833677238109254,0.0,0.0,0.0,0.0,0.0,0.011500836484542306,0.0,0.06156295960345326,0.0,0.21184834550265663,0.0,0.3904625744501278,0.0002647115655126083,0.0,0.0,0.0,0.0,0.0,0.0,0.0006507659515249449,0.0,0.0009273915398423945,0.0,0.0,0.0,0.001491155089540389,0.0,0.0,0.00045723816932529587,0.0,0.005146257144659264,0.0,0.0011124093057528711,0.0,0.0,0.0,0.0002532981319012478,0.0,0.0,0.0,0.005144755377078822,0.0,0.0,0.0001920260146192068,0.0,0.01957483958619295,0.043324492928176465,0.0,0.04408378661684803,0.0,0.0,0.0,0.0,0.0,0.0015268971579549128,0.0009161783419084262,0.0,0.0014247769624848446,0.005014502068935137,0.0,0.0,0.0,0.012789152832884305,0.0,0.06176229422029728,0.001848075184492147,0.0,0.0,0.008901977627667765,0.002042704262917454,0.006822830471464914,0.0,0.0,0.0,0.007549886216076321,0.0,0.0,0.0006459602952675298,0.0,0.0,0.001394040786005128,0.0,0.0,0.0,0.0
PSM7J16H,0.0,0.0,0.0,0.0,0.0,0.0,0.0,0.0,0.0,0.0,0.0,0.0,0.0,0.0,0.0,0.0,0.0,0.0,0.0,0.0,0.0,0.0,0.0,0.0,0.0,0.0,0.0,0.0,0.0,0.0,0.0,0.0,0.0,0.0,0.0,0.0,0.0,0.0,0.0,0.0,0.0,0.0,0.0,0.0,0.0,0.0,0.0,0.0,0.437706288594381,0.5523764873060727,0.0,0.0,0.0,0.0,0.0,0.0,0.009917224099546283,0.0,0.0,0.0,0.0,0.0,0.0,0.0,0.0,0.0,0.0,0.0,0.0,0.0,0.0,0.0,0.0,0.0,0.0,0.0,0.0,0.0,0.0,0.0,0.0,0.0,0.0,0.0,0.0,0.0,0.0,0.0,0.0,0.0,0.0,0.0,0.0
PSM7J18Q,0.0,0.00020754656673950382,0.13095966103338086,0.0,0.0031542632985912455,0.0,0.0,0.06795737135340896,0.0,0.0,0.23515311771774564,0.0,0.0,0.01764410410053171,0.0,0.09412760695315928,7.40859748687673e-06,0.008157395018586058,0.03294635053546168,0.06484501954917204,0.005398115803152297,0.13821902819945048,0.0,0.0,0.000786581378892398,0.0,0.0,0.0,0.0,4.868506919947566e-06,0.0,0.0,0.0,0.0,0.0,0.0,3.9371403787402053e-05,0.0,0.00010456706167191728,0.0,0.0,0.0,0.00016182493653477887,0.002098326482497401,7.429764908267807e-05,0.0003308467963425237,0.0,4.455742202821577e-05,0.0,0.0,0.0009523222883845259,3.577294215091907e-05,0.0006779925071561762,0.013171322123490318,0.0,0.0002571841699015779,0.021987870644194493,2.3601674851050154e-05,0.00015145290005315145,0.0004989161221876701,0.0,0.00013854077300459486,0.0,0.0001767479686154877,0.0,3.3762037118766814e-05,0.0009025788481154966,0.0006248622794645745,0.028821878477410457,0.0016974155213504143,0.0,0.01650593185233353,0.07256848242924104,0.0,0.0,0.0021320885196161672,0.0003273541718129961,0.023563573492546216,0.006681496562093257,0.0,0.0,0.0,4.466325913517115e-05,0.0,3.513791950918678e-05,0.0017341409974639319,0.0,0.0,0.003089173477813686,1.079538490944895e-05,2.2543303781496337e-05,0.0002457537623503967,0.0004644132253202156
PSM7J193,0.0,0.0,0.0,0.0,0.0,0.0,0.0,0.04086777014977036,0.0,0.0,0.0,0.0,0.0,0.005799180790464461,0.0,0.29489235646902123,0.0,0.24485987403336532,2.9898890580595317e-05,0.19890387456512412,0.0014667512798581305,0.0,0.0,2.789225362887751e-05,0.00021621513154759366,0.0,0.0,0.00023497718704615513,0.0,0.0001438758694381667,0.0,0.0,0.0,0.000179293011635986,0.0,0.0,3.702245175919353e-05,0.0,0.0,0.0,0.0006884771381343794,0.0,0.0,0.0,0.0006560699513641368,0.0,0.0,0.0,0.0,0.0,0.0,0.0016770468323981569,0.0,0.004310657499680191,0.0,0.0,0.08275661751242233,0.0003041058300328336,0.00300774812692982,0.0,0.0,0.0,0.0,0.0016813611018443502,0.0,0.0,0.0012803347070435465,0.0,0.0,0.007000454001610325,0.009425474757761294,0.0,0.05702350524359318,0.0006332946219621396,0.0,4.274136707158927e-05,0.0026531753775612837,0.022608979198699697,0.010562435254604605,0.0,0.0,0.0,0.0002473180042992196,0.0,0.0,0.0,0.0,0.0,0.004607439104839256,0.00042861765288692346,0.0,0.00011217100560102537,0.0006329936264193821
PSM7J1AM,0.0,0.0,0.0,0.0,0.0,0.0,0.0,0.10839827952560058,0.0,0.0,0.0,0.0,0.0,0.03754101411335525,0.0,0.13702048506220688,0.0,0.26076826990479335,3.5677666875191825e-05,0.18920920856799175,0.002854213350015346,0.0,0.0,0.0016395509641281335,0.0009169768528973308,0.0,0.0,0.0019538590464575935,0.0,0.0,0.0005602001841454126,0.00043340256692704616,0.00026677164549859344,0.0016276921941724587,0.0,0.0,0.003450800700093127,0.0,0.0,0.0,0.00046228931425497133,0.0,0.0,0.0,0.0007068637749647381,0.0,0.0,0.0,0.013750294442108731,0.0,0.0,0.0009539721608787087,0.0,0.007848478570493193,0.0,0.0,0.11115012229736607,0.0009890416857048915,0.00012477047705500323,0.0,0.0,0.0,5.06785040840793e-05,0.002534229275228469,0.00016997570269800197,0.0,0.004460924643496996,0.0,0.0,0.008531320734522077,0.0058335012481101995,0.0,0.031779273627028114,0.0026731897334270147,0.00037998742362242656,0.0,0.01875692521758309,0.015738918942368004,0.006731422983471917,0.0,0.0,0.0,0.0006111827592539963,0.0,4.6522866749184794e-05,0.0010416459729441659,0.0,0.0,0.01718133052560907,0.0,0.0,0.0004469844060215794,0.00036975036579744254
PSM7J1AO,0.0,0.0,0.0,0.0,0.0,0.0,0.0,0.06129452745918608,0.0,0.0,0.0,0.0,0.0,0.030425706831329315,0.0,0.27570642932088707,0.0,0.20841323250961802,0.0,0.2480140783353634,0.0,0.0,0.0,0.00041437019348665926,0.005463495624138194,0.0,0.0,4.824101209643377e-05,0.0,0.00169858613633714,0.0,0.0,6.773842115207576e-05,0.000975272461216236,0.0,0.0,0.0008652226523712465,0.0,0.0,0.0,0.00022713476528737566,0.0,0.0,0.0,0.0002388935119858814,0.0,0.0007328613754316565,0.00011557742481437258,0.0014465268481332735,0.0006197965033306397,0.0,0.00044040023959702665,0.0,0.007082886098950354,0.0,0.0,0.05814177631446706,0.0007787908390318027,0.0006013041153603401,0.0,0.0,0.0,0.0006344698111766384,0.0004983899562212814,0.0,0.0,0.0028582799667137013,0.0,0.0,0.010595635796439008,0.004517871284939557,0.0,0.02117338221755892,0.0004684403278780788,0.0,0.0,0.010043879220586045,0.007753235162873715,0.027488231203090636,0.0,0.0,0.0,0.0026473260409003376,0.0,0.0,0.0,0.0,0.00020532580773544625,0.005987513618035706,0.0005806006810022873,0.0,0.00016723550860097043,0.000567334402675768
PSM7J1AQ,0.0,0.0,0.0,0.0,0.0,0.0,0.0,0.04602158149375199,0.0,0.0,0.0,0.0,0.0,0.014433907701387335,0.0,0.17455861358892177,0.0,0.19297261143041208,0.0,0.3495936928754164,0.0006722570640544066,0.0,0.0,0.00012762474042128777,0.0008393203517117631,0.0,0.0,0.0005539414223462012,0.0,0.0006763610753150128,0.0,0.0,0.0,0.0015620267249209375,0.0,0.0,0.000275569341474357,0.0,0.0,0.0,0.00019469029028972918,0.0,0.0,0.0,0.0003309234445747273,0.0,0.0,0.0,0.0,0.0,0.0,0.00018628207209726784,0.0,0.007808431961399071,0.0,0.0,0.0322523234209116,0.0005458334976606134,0.0,0.0,0.0,0.0,0.000378369818660759,0.00124962137993675,0.0,0.0,0.0018754330482613705,0.0,0.0,0.01624327617813651,0.0037763910446069983,0.0,0.021970373843394533,0.0007823646832414001,0.0,0.0,0.003389913301260652,0.1100996113601434,0.0049044936520955575,0.0,0.0,0.0,0.0011981710924257368,0.0,0.0,0.0007589417897052578,0.0,0.0,0.009749829483337013,0.0,0.0,0.0,1.721682772742078e-05
PSM7J1AS,0.0,0.0,0.0,0.0,0.0,0.0,0.0,0.08686480934960228,0.0,0.0,0.0,0.0,0.0,0.0341543378687916,0.0,0.16890112348200043,0.0,0.16755720233499533,0.0,0.33856490467680544,0.005886995974450064,0.0,0.0,0.0008846228161531904,0.004238512831490527,0.0,0.0,5.5721115416469226e-05,0.0,0.000390448679249216,0.0,0.0,0.0,0.00029834849027846923,0.0,0.0,5.24139269115349e-05,0.0,0.0,0.0,0.0007177601234042312,0.0,0.0,0.0,0.001311450568956684,0.0,0.0,2.1546834198814538e-05,0.0020017510059866118,0.0015902565817059958,0.0,0.0011702436415793366,0.0,0.04136420924521539,0.0,0.0,0.020215440280994763,0.00015613938456629324,0.001073132560934447,0.0,0.0,0.0004595989843523882,0.0004379519323200908,0.0021031714534712645,0.0,0.0,0.0007258777679163428,0.0,0.0,0.004728377601554739,0.005471593054663615,0.0,0.024870959517607465,0.0004248233961338364,0.0005468887173159579,0.0,0.0016861650483490911,0.012156423201470715,0.060070068300457864,0.0,0.0,0.0,0.001674940650999011,0.0,1.5132892855911606e-05,0.0006605357404855192,5.391719441377777e-05,3.4374716884620405e-05,0.004412390772583286,0.00010903700282934985,0.00020524612297289382,0.00039555978875684177,0.0012855943679181065
PSM7J1AU,0.0,0.0,0.0,0.0,0.0,0.0,0.0,0.12037268762590099,0.0,0.0,0.0,0.0,0.0,0.036711298175617385,0.0,0.1621710111900148,0.0,0.2169678318716944,0.0,0.3159435322870559,0.000573574945942162,0.0,0.0,0.0008456528032374759,0.00039996145480300456,0.0,0.0,0.0003336180861429115,0.0,6.524264911972954e-05,0.0,0.0,0.0,0.0001713119866456702,0.0,0.0,0.0,0.0,0.0,0.0,0.0001886233030532058,0.0,0.0,0.0,0.0017294305287366345,0.0,0.0,0.0,0.00021864292688130222,0.0,0.0,0.00035663313107778537,0.0,0.03218934217297846,0.0,0.0,0.05448541711716947,2.6517334381485165e-05,0.001285640423144609,0.0,0.0,0.0,0.0,0.00448062898716891,0.0,0.0,0.00010957162697255192,0.0,0.0,0.0010294729664781864,0.003640579847046012,0.0,0.019412089683025786,0.0010298732281292277,0.0,0.0,0.008285516241967371,0.006237477439001873,0.008476140853275782,0.0,0.0,0.0,0.0002078358623031875,0.0,0.0,0.0002915906127835765,0.0,0.0,0.0007193702523339504,0.0001510987732680853,1.6911054756494313e-05,7.765076030200938e-05,0.0007982217975890836
PSM7J1B7,0.0,0.0,0.013510944332737142,0.0,5.574774157243047e-05,0.0,0.0,0.08340779246259618,0.0,0.0,0.3867574279743815,0.0,0.0,0.012307061033678538,0.0,0.0631549780002512,7.93452144376552e-06,0.007732448761282089,0.15482003114248138,0.08377556268380136,0.01418012332307238,0.03726927158723093,0.0,0.0,0.00020464882580932886,0.0,0.0,0.0,0.0,5.615992450457414e-05,0.0,0.0,0.0,0.0006717551336611353,1.3705082493776807e-05,5.585078730546639e-05,0.0,0.0,0.0,0.0,0.0,0.0,0.00010861020261985531,0.0029681292943665198,0.00014550057504671317,0.00016466708139139353,0.0005806627056573857,0.0,0.0,0.0,0.0,0.00015972088620566955,0.00030645801004881374,0.011219619412950518,0.0,0.002210330973620395,0.0059276027471580235,0.0,0.0073357226890938135,0.0,0.0,0.0,0.0,0.0,0.0,0.0,1.0613710502699331e-05,0.0,0.015598547838311761,0.0,0.0,0.050913247961317444,0.008817520330150283,0.0,0.0,0.0,0.0,0.014297904595932432,0.008806185299516333,0.0,0.0,0.0,0.00013334117854847511,0.0,3.5962960829534634e-05,0.0,0.0,0.0,0.001687270832730086,5.729342756796921e-05,0.0008102485988614063,0.004759888500395025,0.004963506868873995
PSM7J1B9,0.0,0.0,0.0216668506897545,0.0,0.0,3.175435989436797e-05,0.0,0.16864055641940323,0.0,0.0,0.31024424706469333,0.0,0.0,0.018967107464225492,0.0,0.029914059834346005,5.1886208977725445e-06,0.0046594853386177,0.05404509036087064,0.09098537307014432,0.0081291161329582,0.05062921367903107,0.0,0.0,0.0009282442786115082,0.0,0.0,0.0,0.0,0.0003468074208071169,0.0001762055656883556,0.00022809177466608105,0.00014061162632963593,0.0012151750142583297,0.0,6.952752003015209e-05,0.0,0.0,0.00029492121182939145,0.0,0.0,0.0,0.0018158097693844796,0.017406058980921645,0.0012027223241036758,0.0010241299928023448,5.582956086003258e-05,0.0,0.0015238979576757963,0.0,0.0,0.0009565741487133463,0.0009863568326665606,0.07943477654477696,0.0,0.0023956900409195393,0.047626454993072144,0.0,0.0,0.0,0.0,0.0,0.0,0.000614955348804002,0.0,8.270661711049436e-05,0.0007222560289699382,0.0014040408149372506,0.013239803944846203,0.0010132338889170226,0.0,0.03522751895091896,0.003548912921658465,0.0,0.00018201682109386086,0.0,4.7112677751774705e-05,0.001871846875080423,0.02043444945411557,0.0,0.0,0.0,2.677328383250633e-05,0.0,0.0002751006799999003,0.0012987118107124678,0.0,0.0,0.0036839208374185068,0.0,0.0,0.00022196920200670946,0.00035874124887199375
PSM7J1BB,0.0,0.0,0.007317080507697924,0.0,0.0,0.00024397183660484145,0.0,0.029006301257295166,0.0,0.0,0.24333597463273784,0.0,0.0,0.013595102389855585,0.0,0.03214961697355219,0.0,0.0008623035194285914,0.06212267737929851,0.08561243517812486,0.004759421674719363,0.009877125119690902,0.0,0.0,0.001676372810956991,0.0,0.0,0.0,0.0,0.000180904287006311,0.0,0.0,0.0,0.00022820494920520884,0.0,1.1928895072090462e-05,0.0,0.0,0.0,0.0,0.00011213161367765034,0.0,0.0007315005917250604,0.000671959845886974,0.002170955173598098,0.003302851721655934,0.0,0.0,0.0,0.0,0.00014003485519410543,0.000542712861018933,0.0008118909715587135,0.13524255126079604,0.0,0.008999884549041607,0.0768125411482049,0.0,0.030305824713496465,0.0,0.0,0.0,0.0,0.00013204768197192312,0.0,0.0006232069703749521,0.00011939268024327063,0.003027242380729461,0.003909980616064156,0.00026782962674902234,0.0,0.009679001731971835,0.0026475923288698864,0.0,0.00315057678282264,0.0,0.0016359182972342492,0.11692702949663071,0.053919435562027815,0.0,0.0,0.0,0.0001703238757249786,0.0,0.000696751201732449,0.002270016867457632,0.00024480167278376945,0.0004806826066440626,0.004816784100587763,0.0013309535014781975,0.004154263641236095,0.006084462593422698,0.03288744506614157
PSM7J1BD,0.0,0.0,0.02703401681508619,0.0,9.580892726522813e-05,0.0,0.0,0.04041887497812552,0.0,0.0,0.36424530595620774,0.0,0.0,0.017341415835006292,0.0,0.013952381517755885,0.0,0.002486489444241115,0.10881230483964137,0.02861310899452764,0.00276018498969383,0.04396060477320489,0.0,0.0,0.0008992411168966994,0.0,0.0,0.0,0.0,0.0,0.0,0.0,0.0,0.0006424773215210287,1.5796083913340414e-05,0.0003764217120786873,0.0,0.0,0.0,0.0,0.0,0.0,0.0,0.019597571532772487,0.0006430967757921402,0.0007184637121106924,0.0,0.0,0.0,0.0,0.0,2.5707352251122632e-05,0.0017368465338178157,0.07673675619673662,0.0,0.0019432280484764266,0.05186669963539954,0.0,0.0011572438208145928,0.0001680785922282235,0.0,0.0,0.0,0.00013349239542450429,0.0,0.0,0.00036114184005793965,0.00037724765110683575,0.020980296708271628,0.0007813383206284984,0.0,0.029739276859408144,0.0,0.0,0.0,0.0,0.0022328229202210007,0.09899343843063325,0.02001198644014601,0.0,0.0,0.0,0.0,0.0,0.0009244322572552292,0.0007108237761003186,0.0,0.0005081589870683759,0.004675640838348763,0.00038003519532683704,0.0010792958250330762,0.0029512866323316935,0.008911159417072883
PSM7J1BF,0.0,0.0,0.01916193255282836,0.0,8.762935275515271e-05,1.8321549261830015e-05,0.0,0.04530678334945979,0.0,0.0,0.2756880160526086,0.0,0.0,0.01780906935533483,0.0,0.018957673452200757,1.4029072006201271e-05,0.0026813325608270205,0.08114038347944857,0.032756626799673436,0.005017591828128374,0.04380745245243883,0.0,0.0,0.00043479653762502896,0.0,0.0,0.0,0.0,0.0,0.0,0.0,0.0,0.0006210481726924323,0.0,0.00015253998442563618,0.0,0.0,0.0,0.0,0.0,0.0,0.00010835887706282324,0.006797085387004516,0.0013597730389294186,0.0003843337562295885,0.0,0.0,3.6014931120397295e-05,0.0003246578529196279,0.0,0.000215461419319121,0.0009125178478063454,0.141915579745119,0.0,0.002949350652885791,0.0671322503866894,0.0,0.00174934152351953,0.0,0.0,0.00028738658699270514,0.0,0.0001924286145328204,0.0,0.0001496085365437434,0.0004012942761176826,0.001670820598111687,0.015188773727191506,0.0008544123630045416,0.0,0.03060358302499039,0.0,0.0,0.0012813568080887862,0.0,0.0022639153213589273,0.11203993804594292,0.046220871615774296,0.0,0.0,0.0,5.9885292444381543e-05,0.0,0.003968238180977961,0.0023583498209827597,3.1827148431979e-05,0.0002626786691310372,0.0033174567511977584,0.00048169970373531377,0.0006736048454320819,0.0018673323007657153,0.00828458579793069
PSM7J1BH,0.0,0.0,0.0,0.0,0.0,0.0,0.0,0.0,0.0,0.0,0.0,0.0,0.0,0.0,0.0,0.0,0.0,0.0,0.0,0.0,0.0,0.0,0.0,0.0,0.0,0.0,0.0,0.0,0.0,0.0,0.0,0.0,0.0,0.0,0.0,0.0,0.0,0.0,0.0,0.0,0.0,0.0,0.0,0.0,0.0,0.0,0.0,0.0,0.0,0.0,0.0,0.0,0.0,0.0,0.0,0.0,0.0,0.0,0.0,0.0,0.0,0.0,0.0,0.0,0.0,0.0,0.0,0.0,0.0,0.0,0.0,0.0,0.0,0.0,0.0,0.0,0.0,0.0,0.0,0.0,0.0,0.0,0.0,0.0,0.0,0.0,0.0,0.0,1.0,0.0,0.0,0.0,0.0
PSM7J1BV,0.0,0.0020232688822213484,0.0,0.037079896222002286,0.014474865506910033,0.00014147831291197102,0.0,0.027989484592140946,0.003904844438897121,0.010059366063201467,0.0,0.019709025553068946,0.0,0.023644294279621152,0.0,0.05134899463855251,0.4838354039587484,0.0005635481126782311,0.04515985598023779,0.02405507591612316,0.0003367097842251469,0.057239373242473336,0.001909419692727597,0.001048831626724308,0.002117229403106655,0.0014848772476748814,0.0,6.880404275354214e-06,0.0,0.0,0.0,0.0,0.0,0.0,0.0,0.0,0.0,0.0,0.0,0.0009631490922327875,0.0,1.4083327501115657e-05,0.0005710735548543998,0.00010621624100078068,0.0004817358055915974,0.0011437597044608356,0.0,0.0,0.0,0.0,0.001898991579997763,0.0019994024798912135,0.0,0.0019501645867957102,0.0,0.0,0.022793166769496477,0.0,0.0,0.0,0.0,0.0,0.0,0.001001851366281655,0.0,0.00018544839648415655,8.374742078907707e-05,0.0,0.011873212640291722,0.0035227669889813574,0.006303095354125275,0.10729947464888176,0.0,1.4513352768325295e-05,0.0,0.0,0.00022028044312813726,0.0033675278675186784,0.0017067702855550547,0.010851042580134411,0.0,0.0062180578575345685,0.0,0.0,0.0015830305149154814,0.0,0.0,0.0,0.005596993865367049,0.0,0.0,0.0,0.00011771941689863851
PSM7J1BX,0.0,8.670760103987261e-05,0.0,0.01946322736825935,0.0013492774968000155,0.0,0.0,0.022464691912222216,0.00018042604259188713,0.0027350526045014753,0.0,0.010023852322830649,0.0,0.040850208752931286,0.0,0.029083234657471473,0.18457893458937352,1.5671290556552484e-05,0.07540354861940571,0.014412638483431479,0.00023774997383822384,0.11594796100529269,0.002025720505625942,0.001650743638822117,0.008685503489181913,0.0005787036440390072,0.0,0.0,0.0,2.309453345176155e-05,0.0,0.0,0.00012970054947462515,0.0005423091337333294,0.0,0.0,0.0,0.0,0.000451477508862785,0.007166213109962456,0.0,0.003575116258809302,0.009406279754187561,0.0,7.021150571718579e-05,0.0006070563078748751,0.0034376831646521673,0.0,0.0,0.000549423074841238,0.0006753089022724919,0.0004950890608721383,0.0,0.0,0.00024836933520220347,0.0,0.3302363632708252,0.0004560139350765239,0.0,0.0015418694096923841,0.0,0.0,0.0,0.0,0.0,0.0,0.00030115684023480135,0.0,0.00709022797088233,0.012326191726898895,0.0060995343461592195,0.05931851537204108,0.0,3.278598945384006e-05,0.0004279705730279563,0.0,0.0,0.0,0.0004963262680213398,0.00031301340874798246,0.0,0.0,0.0,0.0,0.0025832885275327566,0.000449003094564382,0.0,0.0,0.020904882998866413,0.0,0.0,0.0,0.00027167006984549864
PSM7J1C4,0.0,0.006097658850444202,0.00021511085654038375,0.027820053696400747,0.007572493520273852,3.062452056785041e-05,0.0004119526025351188,0.013730556597493263,0.005262348651507316,0.011423579782578573,0.0,0.01578493391862072,0.0,0.012575061755929748,0.0,0.08378868827363872,0.19266308296414938,0.0003671774414290203,0.03867190536051607,0.030258082338986823,0.0,0.010750368339061171,0.00749614342244435,0.0017215204630934393,0.003036896422380145,0.004738141340821766,0.00014573047718494334,0.0001530170010441905,0.16117896378449792,0.0,0.0,0.0,0.0,0.0,0.0,0.0,0.0,0.00315686006157007,0.0,0.004142019207699299,0.0,0.00029241137052544064,0.0016841374276416496,0.0,0.0016550969339997224,0.001664389891965139,0.0,0.0,0.0,0.0,0.0010742870611611802,0.001158662895415361,0.00012714456125411,0.0067116276869320715,0.004026702047492082,0.0,0.10362830871544285,0.00015945871054294525,0.00021574446731075308,0.0010092363554032634,0.0,0.0,0.0,0.0,0.0,6.103783754557772e-05,0.0009710085055909811,0.0,0.012192888859601987,0.00831814779520348,0.015543105807929761,0.11659916599926329,0.0,6.980278653568662e-05,0.0,0.0,0.0019012547182882028,0.00032461991801921436,0.001056862764976024,0.010784477718866052,0.0,0.01078426651527593,0.0,0.0,0.003675892884297603,0.0,0.0,0.0,0.051117288112110235,0.0,0.0,0.0,0.0
PSMA264K,0.0,0.0,0.0,0.0,0.0,0.0,0.0,0.016893597267485926,0.0,0.0022255830105923375,0.0,0.05750430475538319,1.1506937421539591e-05,0.025427909188461124,0.0,0.011271650832683375,0.5354127513218594,1.9077290988341953e-05,0.021804637033341952,0.03179427372399924,0.0011708813516654322,0.0034374452095660597,4.27977321643227e-05,0.0,0.0022114516839343065,0.0,0.0,0.0,0.0,0.00014191889486565496,0.0,0.0,0.0,4.784463454219094e-05,7.994293366543296e-05,0.0,0.0,0.0,0.000234882836665988,0.0001438367177692449,0.0,5.7534687107697963e-05,0.000642975362940414,0.0,0.0018716942158562163,0.004020261496162285,0.0007231201727009617,0.0,0.0,0.0,0.0,0.0,0.0,0.0,0.0,0.0,0.2793884405949813,0.0001743200081315691,0.00037801298810233135,0.0,0.0,0.0,0.0,0.0,0.0,0.0,0.0,9.710240175018497e-05,0.0,0.0,0.0,0.0,8.610015456643221e-05,0.0,0.0,0.0,0.0,0.0,0.0,1.2213503754441146e-05,0.0,0.0,0.0003047319655756845,0.0,0.0003796279968632492,0.0,0.0,0.0,0.001979294174552367,0.0,0.0,0.0,8.276919899703916e-06
PSMA264O,0.0,0.0,0.0,0.0,0.0,0.0,0.0,0.08129381085671908,0.0,0.0,0.0,0.0,0.0205865632634162,0.0,0.04476387477675835,0.01095194308615747,0.007895140281103986,0.027902270281961176,0.004894553552625383,0.0295162295491224,0.00013024106290439503,0.0,0.0041901360740172625,0.0,0.0009458033035956726,0.0,0.0,0.0,0.0,0.0,7.595607292941655e-05,0.0,0.0,0.0007824119207263205,0.0,0.0,0.0002766817967301769,0.0,0.001305843671888218,0.0,9.194117867303669e-05,0.0,0.0,0.01356030466967852,0.0005903760866251119,0.0,0.0,0.0,0.0,0.0,0.0021988639417532788,0.0,0.0,0.003456323166055103,0.0,0.0,0.17567953060005195,0.002365473802289132,0.0038745106975224277,0.0,0.0,0.0,0.0,0.000904392224286697,0.0,0.0010831250173663693,0.00010460052416127278,0.0,0.0,0.004258689648313728,5.857629353031276e-05,0.005607017225399755,0.011315309214705398,0.0,0.001046005241612728,0.49327676107856344,0.019856397963476075,0.002520711708403349,0.0168298488484877,0.0,0.0,0.0,0.0005444591385830353,0.0,1.9310865999004206e-05,0.0004211914439560584,0.0,0.0,0.0001298119325488616,0.00045155241661004836,0.0002650952771307744,0.0030383501997655452,0.0009400100437959715
PSMA264Q,0.0,0.0,0.0,0.0,0.0,0.0,0.0,0.11873007081858797,0.0,0.0,0.0,0.0,0.02665101017386252,0.0,0.05021826854221649,0.011725758602944157,0.013703324964961508,0.01800975355062808,0.004235483539784847,0.03738664599901021,0.0,0.0,0.000703020394235833,0.0,0.0011535535859076992,0.0,0.0,0.0,0.0,0.0,0.0002354475314231898,0.0,0.0,0.0009896941068243776,0.0,0.0001875435502915713,0.00018507869220202493,0.0,0.0014752711504650118,0.0,8.380517504457644e-05,0.0,0.0016143748809098457,0.02991769731671262,0.0,0.0,0.0007724650917152262,0.0,0.0,0.0,0.0,0.0,0.0,0.00165016890707978,0.0,0.0,0.11250255327147755,0.003171200683815935,0.00033243433885968813,0.0,0.0,0.0,0.0,0.0006370050645331999,0.0,0.0,0.00011616983343775046,0.0,0.0,0.0018968690515204641,0.00023791238951273617,0.02170907687206508,0.015486167537904699,0.0,0.0,0.5005226570827269,0.00785839626044591,0.004874953462407593,0.002710379388813788,0.0,0.0,0.0,0.0004901852565906555,0.0,0.0,0.0007021630522916429,0.0,0.0,0.007036205335967661,0.0,0.0,8.41266782736477e-05,3.1078645476888963e-06
PSMA264S,0.0,0.0,0.0,0.0,0.0,0.0,0.0005745100191242023,0.05237501573201878,0.0,0.0,0.0,0.0,0.017185085241056903,0.0,0.070696090450315,0.0054036571169957925,0.01294496187660419,0.009765716869427846,0.0027995577660660464,0.02256077432466734,2.1717601681811076e-05,0.0,0.002733027747255425,0.0,0.0012680960591769685,0.0,0.0,0.0,0.0,0.0,6.218649847425903e-05,0.0,0.0,0.001487390866403061,0.0,0.0,0.0,0.0,0.0002792565757719707,0.0,0.0,0.0,0.0017656939864914398,0.01721570176245224,0.0,0.0,0.0008587457523549296,0.0,0.0,0.0,0.002260113728193939,0.0,0.0,0.0061728839746135016,0.0,0.0,0.09745196384326545,0.003168439176095637,0.0019907095278190825,0.0,0.0,0.0,0.0,0.000583620817878523,0.0,0.0002041454558090241,0.00022215517427686744,0.0,0.0,0.0018049975485594982,0.00010318509286870237,0.014022578678103616,0.014665525627405621,0.0,0.0,0.5831101893901994,0.00700186072173629,0.0018787314547572566,0.014224923162065856,0.0,0.0,0.0,0.0001907970762387402,0.0,0.0,0.00047471499090827036,0.0,0.0,0.024806162459525806,0.00018465258405559368,0.0002506529052642195,0.0032324266464166806,0.0019973837176042245
PSMA264U,0.0,0.0,0.0,0.0,0.0,0.0,0.0,0.030091739219302995,0.0,0.0,0.0,1.30005079484177e-05,0.025388650701011123,0.0,0.07051475511221761,0.007493348331379646,0.014883105313709996,0.006205266258141181,0.0031867753055145167,0.037838081562504226,0.000342037173404799,0.0,0.0003774274450421583,0.0,0.00021265116572768953,0.0,0.0,0.0,0.0016050468384570299,0.0,1.289732931390645e-05,0.0,0.0,0.0004914398361770913,0.0,0.0,0.00010142459772456031,0.0,0.0004322152999676329,0.0,3.2398091236532994e-05,0.0,0.0009181866685156279,0.005313493320060435,1.0214684816613907e-05,0.0,0.0001888169011555904,0.0,9.843241732373401e-05,1.0111506182102656e-05,0.009312490836447524,0.0,0.0,0.011884424658909492,0.0,0.0,0.25244716505867926,0.0029405910835706706,0.004732081714589532,0.0002333900712644511,0.0,0.0,0.0,0.0012657954881840343,0.0,1.9397583288115298e-05,0.00019490444059175427,0.0,0.0,0.0013429731067984506,0.00017437189232401518,0.00821415427207525,0.010312910876668618,0.0,0.0,0.4009284426247861,0.013014746599980252,0.01127917878886649,0.012563443252628039,0.0,0.0,0.0,6.727246970133603e-05,0.0,3.291398440908926e-05,0.0007978803806755085,0.0,0.0,0.051333640599306916,0.0006138096967074357,2.4040621841121622e-05,0.0002506209032278301,0.0002578434076436177
PSMA264W,0.0,0.0,0.0,0.0,0.0,0.0,0.0,0.038732311229375746,0.0,0.0,0.0,0.0,0.019241392516356766,0.0,0.06956403436118228,0.009688460458730877,0.017735914329408492,0.006952513365357424,0.008656863619007719,0.02938522008179343,0.0005001965317834905,0.0,0.0031267223834359546,0.0,0.0018701463176267743,0.0,0.0,0.0,2.5483083860876515e-05,0.0,1.2793548224031883e-05,0.0,9.67317060841435e-06,0.0004288438969730362,0.0,0.0,3.151581391773708e-05,0.0,0.0003242072342626616,0.0,4.212509781083669e-05,0.0,0.0019061346727935633,0.005335533684944419,0.0,0.0,0.001278314696531316,0.0,0.0,0.0,0.022681088774639157,0.0,0.0,0.007697763552554078,0.0,0.0,0.3101842572580764,0.003796979495270601,0.0033431725773726243,0.0013883600137754274,0.0,0.0,0.0,0.0003157822147004943,0.00011607804730097222,0.00021957057155228704,0.0002657521602634265,0.00028218614903901217,0.0,0.0030885497639382337,0.0001394808794181037,0.00947762694450232,0.012228551850430735,0.0,0.0004243713557239844,0.3238140666830938,0.0047428699631514625,0.009124712236175975,0.012476101807936393,0.0,0.0022906692076248305,0.0,0.00015653894371681288,0.0,5.980723763266937e-05,0.0010485508914346781,4.254114815958569e-05,0.0,0.0536644622585647,4.472541249051797e-05,4.035688382865342e-05,0.000502068758352861,0.0014945568652936108
PSMA265X,0.0,0.0,0.018845971703340066,0.0,0.0,0.0001403174269085491,0.0,0.0,0.0,0.0,0.0,0.0,0.0,0.12926123906478434,0.0,0.00888890264549937,0.0,0.013470679332377935,0.056892629311278725,0.3703564991214684,0.0010669283173980195,0.0,3.951586360733406e-05,0.0,0.005791395446493146,0.003762467358142692,0.00023410311886433674,0.0,0.0,0.0017437535530745506,0.0,0.0,9.430156484883375e-05,0.00017364281579932954,0.0,0.0,7.253172876228679e-05,0.00033552372963720716,0.0006364839754403232,0.0,0.0,0.0,0.0,0.00048430147199171294,0.003638245165497182,0.0,0.0,0.0,0.0006845633290722232,0.0,0.004919570257245176,0.001497063135619888,0.0008089918708749513,0.1270120332511032,0.0,0.006140641395085381,0.11763036881816613,0.0008592378906576449,0.0004145554568518753,0.00013619044376418003,0.00010699203801776871,0.0,0.0,0.0,0.0,0.0010090473787982429,0.00868286301201674,0.004423197359556184,0.0,0.011311441751244026,0.006021165233055896,0.02847215988758097,0.0,0.0,0.0,1.9293646199925505e-05,6.3968238737720925e-06,0.011183092575454147,0.00031860309874529394,0.0,1.991269367158087e-05,0.0,0.00020511106227514387,0.0032509277973981426,0.001860134477745759,0.009755053232923833,0.0,0.0,0.03721961018580709,0.0,0.0,0.00010234918198035348,0.0
PSMA266U,0.0,0.0,0.0005424947320580093,0.0,0.0,0.0002382969053423129,0.00018572077841589885,0.0,0.0,0.0,0.0,0.0,0.0,0.02352384001983225,0.0,0.002663925959591786,0.0,0.0006442383175639384,0.010310601991488658,0.13653679295955046,0.0,0.0,0.0020689583935875715,0.0,0.0022990951534933683,0.0,0.0,0.0,0.0,0.0,0.0,0.0,7.323472296822707e-05,0.0,0.0,0.0,0.0,6.672726521505597e-05,0.0,0.0,0.0,0.0,0.0,0.0002805437342478205,0.0006901004007767631,0.0,0.0,0.0,0.00031772920712308387,0.0015738751394455232,0.0011774366814031316,0.0034929554187497413,0.004410816840887493,0.462432343097963,0.0,0.011593604098665453,0.1636646283518572,0.0,0.014635685658802626,0.0,0.0,0.0,0.0,0.0,0.0,0.0003981944387059455,0.0003527455274139569,0.0014602528612155516,0.0,0.0014262694707267692,0.002079390984588687,0.013508036193860264,0.0,0.0,0.0031262653390075608,0.0,0.0,0.020409246787588316,0.0004039788455976532,0.0,0.0,0.0,0.0,0.055815291492790145,0.00965427839524026,0.03375191092013387,5.5984795273313225e-05,1.7353220675122915e-05,0.013980911457257364,0.0,0.0,7.468082469115397e-05,6.156261620460273e-05
PSMA266Y,0.0,0.0,0.0028348684552141476,0.0,0.0,0.0,0.0,0.0,0.0,0.0,0.0,0.0,0.0,0.06475852454740211,0.0,0.033901766899999485,1.9408555270840285e-05,0.010091534201583348,0.01557551802805826,0.47106697567254435,0.004148756516219199,0.0,0.0006420065560270624,0.0,0.0008451358857988411,0.0019013271082339925,3.383795238319275e-05,2.3574789648350504e-05,0.0,0.0002670454620511427,0.0,0.0,0.0,2.4895790792439108e-05,0.0,0.0,9.39943121755354e-05,0.011099458074522953,0.0002343252798667942,0.0,0.0,0.0,0.0,0.009622375564486647,0.00041398143546284455,0.0,0.0,8.027622337153834e-05,0.0,0.0,0.0026526719128025424,0.0,0.000320393585177798,0.1018034612465515,0.0,0.004047242659069621,0.16066625607241355,0.0007764438263062335,0.009507550080423562,0.0,0.0,0.0,0.0,2.4590944374572503e-05,0.0,2.1644095668528693e-05,0.0006021732907591598,0.0008034735420237388,0.0,0.005008321799130393,0.004514470602186499,0.04163307851898698,0.0,0.0,0.0,0.0,0.0017269549572142965,0.010635278595584743,0.001246110540766044,0.0,0.0,0.0,0.0,0.0020558842420923596,0.00011035440326770967,0.0017340680402978504,0.0002313784311607504,6.269674660789767e-05,0.02115705270825049,8.119076262513816e-05,0.0,0.0007070404585052707,0.00019063062663924802
PSMA2671,0.0,0.0,0.005763542191493507,0.0,0.0,4.174130542285411e-05,0.0,0.0,0.0,0.0,0.0,0.0,0.0,0.054772697822633686,0.0,0.011715122885086084,3.8600576131328676e-05,0.00549262896163741,0.027540042018905364,0.2714664034667978,0.0016007588001968325,0.0,0.00011387676527982529,0.0,0.000814765966530565,0.001106144593705634,0.0,0.0,0.0,0.0,0.0,0.0,0.0,0.0,0.0,0.0,0.0,0.00897620431517968,0.0,0.0,0.0,0.0,0.0,0.012937981031818728,5.085955175308923e-05,0.0,0.0,0.0,7.010918289469672e-05,4.315969929644624e-05,0.007022366754306521,0.0002346428722313838,0.0002837800885665397,0.24146635990184306,0.0,0.03545265355658717,0.15797057825588007,3.7384809953964e-05,0.008889479661194332,0.0,0.0,0.0,0.0,0.0,0.0,0.00014508143049885217,0.0002644291435768185,0.0012599390151422664,0.0,0.0016051152956657226,0.0023642599595818533,0.03570097379831391,0.0,0.0,0.0,0.0,0.00025591878033526575,0.03410791485057372,0.0018303359800225301,0.0,0.0,0.0,0.0,0.02665354584791028,0.0035898535802135674,0.004723960795998588,0.0,0.0,0.03349922125110647,0.0,0.0,0.0,9.756523573351579e-05
PSMA2675,0.0,0.0,0.008123361648315635,0.0,0.0,6.998858075688934e-05,0.0,0.0,0.0,0.0,0.0,0.0,0.0,0.04001533432485521,0.0,0.012956343120086857,0.0,0.020832045030673242,0.035486349832674326,0.14339305250763382,0.0015943541322348152,0.0,0.0006944863974086093,0.0,0.004189025403409799,0.00036736364222611777,0.0,4.89003184327611e-06,0.0,0.000495421351121911,0.0,0.0,0.0,9.189184838823024e-05,0.0,0.0,0.0,0.010682070810309861,0.00023390652317004063,0.0,0.0,0.0,0.0,0.004149293894683182,0.0013022766052624693,0.0,0.0,0.0,0.0,8.496430327692241e-05,0.016312738726515497,0.00016065792118430056,8.832620016917475e-05,0.13744555127824928,0.0,0.015808046690024044,0.3469375717140999,0.00031693518884233295,0.0005189546293676773,3.0460823357074106e-05,0.0,0.0,0.0,8.170428204807168e-05,0.0,0.0004729068295101605,0.0015687833407210174,0.002360560996678141,0.0,0.008007936521681639,0.00820384342240289,0.030007986033254056,0.0,0.0,0.0018102286629827753,2.8015807435436053e-05,0.0019765916213175644,0.04343356845896862,0.003132269146945152,0.0,0.0,0.0,0.00013590213497771523,0.015075662545830044,0.002434115225654086,0.009162900917665416,0.001159956303490454,2.292202426535677e-05,0.06825109131757529,0.0,0.0,0.0002517347642653181,3.565648219055497e-05
PSMA267J,0.0,0.0,0.0,0.0,0.0,0.0,0.0,0.03680654683809327,0.0,0.0,0.0,4.1381422224306615e-06,0.03647560156650965,0.0,0.09297588555978294,0.008127629643486314,0.011762510107942907,0.011611627076140437,0.010139191188430942,0.01811848434917474,0.0,0.0,0.0004092516551773093,0.0,0.0018213131089236487,0.0,0.0,0.0,0.0,0.0,0.00011119930895147008,0.0,0.0,0.00028585013198021027,0.0,0.0,2.64204464970573e-05,0.0,0.0002247329545412344,0.0,0.0,0.0,0.0003553497000748791,0.0004918022872042593,0.0,0.0,0.00023332755761859038,0.0,0.0,0.0,0.007693973559817747,0.0,0.0,0.001571645194836999,0.0,0.0,0.2053070294621932,0.0016722338827053133,0.0004738703375737265,0.00044808652834165856,0.0,4.732337003087372e-05,3.5439474417739506e-05,0.00039131970554677644,0.0,3.2892925357782183e-05,0.0001254175412028985,0.0,0.0,0.001956280209101387,0.00010398408661492431,0.008703680262090828,0.009938438237537638,0.0,0.0,0.47515316166268,0.007039086026565387,0.002190774935039125,0.007570890355253143,0.0,0.0007116543560472422,0.0,1.899301173884842e-05,0.0,8.530939350857056e-05,0.0005879345142176485,0.0,0.0,0.03811642801080882,0.0,0.0,0.0,4.329133401927462e-05
PSMA267P,0.0,0.0,0.0,0.0,0.0,0.0,0.0,0.05587532394315656,0.0,5.8365701978889115e-06,0.0,0.0,0.02057250484732559,0.0,0.08258681979232833,0.006690222631646812,0.010642877671217136,0.044544271411755,0.012623204322434186,0.009413955390661638,0.0,0.0,0.006137153563080191,0.0,0.0005959786679844344,0.0,0.0,0.0,0.008961296946425364,0.0,0.000509402876715749,0.00021054886565717777,0.0,0.00036629882223417634,0.0,9.965403189728846e-05,1.7293541327078258e-05,0.0,0.0004966488899870287,0.0,2.8318173923090647e-05,0.0,0.0007222215196721057,0.015251714519516785,1.9887572526139996e-05,0.0,6.701247264242825e-05,0.0,0.0,4.431469965063803e-05,3.0155612689092713e-05,0.0,0.0,0.0017303268944074738,0.0,2.9182850989444557e-06,0.0459514252526127,0.0022533484349182968,0.0021904431783410496,0.0003577601362039315,0.0,0.0,0.0,0.0006505614077980253,8.862939930127606e-06,7.533498940608466e-05,9.662766216504977e-05,0.0,0.0,0.0005997616301497328,0.00010808463329423912,0.03299369899013284,0.0043060917904424855,0.0,0.0,0.5286008692814717,0.009377314699974892,0.0094953431195322,0.007016638224195414,0.0,7.652392037232128e-05,0.0,0.0,0.0,7.252478894043445e-05,0.0008684600285192112,0.0,6.0851648544656615e-05,0.07533747535265042,0.0005015126984852695,8.236049057021019e-05,0.0003379806483110857,0.0003339815168791988
PSMA267R,0.0,0.0,0.0,0.0,0.0,6.097515383589006e-05,0.0,0.01093477227675643,0.0,3.9491679945524653e-05,0.0,0.0,0.00860360473735874,0.0,0.05100081921540879,0.002319793935573379,0.005132338725720384,0.0041541034856831085,0.005409833596804271,0.007829462499279936,2.643309777687117e-05,0.0,0.0011267239566324487,0.0,0.00026706906757826806,0.0,0.0,0.0,0.00613542739633671,0.0,0.0,0.0,0.0,4.823250510680078e-05,0.0,0.0,0.0,0.0,2.9276498732948947e-05,0.0,0.0,0.0,0.0032789678580902814,0.02228942009469368,0.0,0.0,0.002397092317120086,0.0,0.0,0.0,0.0009783405511837975,0.00019008661947112534,0.0,0.06179731795678263,0.0,0.0,0.1143910735744741,0.0008788215177210752,0.004755219510027255,5.581490765634152e-06,0.0,4.854843854636498e-05,0.0,7.161157963455137e-06,0.0,0.0009848698422681241,6.84522452389094e-05,0.0012476211528390149,0.0,0.00034857989498583095,2.9276498732948947e-05,0.015024109407328878,0.0,0.0,0.003486852061323524,0.5910535442940262,0.0008564955546585387,0.009206616362340271,0.006486956003425141,0.0,0.0012767923404254425,0.0,0.0,0.0,0.00140758878440502,0.0001477515385695229,0.0,0.0,0.05335368085098989,7.624527008149294e-05,7.94046044771349e-05,0.0002282092545118718,0.0005009651240022954
PSMA269S,0.0,0.0,0.01120033004049623,0.0,0.0,0.0007462523243044676,0.0,0.0,0.0,0.0,0.0,0.0,0.0,0.09924358219933045,0.0,0.01857848187507836,0.0,0.016622599224355744,0.04145141730671328,0.20079679335468284,0.0025029161826815873,0.0,0.00045304889635038937,0.0,0.008604451905945002,0.007584733949847998,0.0006112580707643968,0.0,4.397540077441703e-05,0.0004319816113282268,0.0007151627386406937,0.0,0.0,0.0003416786371798309,0.00019492352064195083,0.0,0.0006157578792157324,0.050446738937681125,0.005079874668062425,0.0,0.0,0.0,0.0,0.023576644112399486,0.0035065780040772353,0.0,0.0,0.0,0.00044773094090790175,0.0,0.006744803795056632,0.0013396134296374154,6.575856441383756e-05,0.056162109281120816,0.0,0.004409300940439512,0.2798359288023944,0.0011937787284645813,0.00021435451168180951,0.00013253981256661505,7.414457107314499e-05,0.0004969220287509125,0.0,0.0,0.0,0.002826902391177757,0.007760124211076196,0.0003421899790493009,0.0,0.008978140544153653,0.008684630311077893,0.03981297568855762,0.0,0.0,0.0,0.00018858288146052327,0.0,0.0014104854127459526,0.00028962403486778844,0.0,0.0,0.0,0.0002506597844141771,0.0032099997197846553,0.005968382300453437,0.009057500802295391,0.0,0.0,0.06664921968208035,0.0,0.0,0.0,0.00010441600974576695
PSMA269W,0.0,0.0,0.011301739576819007,0.0,0.0,0.0003348022747089431,0.0,0.0,0.0,0.0,0.0,0.0,0.0,0.23830546792889426,0.0,0.00954813696484219,0.0,0.0059792917872115246,0.02583038479876555,0.1863808360735176,0.0011879208616530168,0.0,0.0014862798655037835,0.0,0.0032293928713285425,0.004259212658813447,0.00025996920813963154,0.0,0.0,0.00017280815083491315,0.00029100546551736624,0.0,0.00027359488211034435,0.004602990575899924,9.170294862828932e-05,0.0,0.0029885644909096744,0.008801536543462817,0.003555760205007997,0.0,0.0,0.0,0.0,0.02747000756657466,0.0017240803183736046,0.0,0.0,0.00019811297392337979,0.0012003569926580325,0.0,0.009220796368736257,0.0008929142061601238,0.0,0.05651345605595782,0.0,0.0039049451355749145,0.16637272339049158,0.0026255376058328265,0.003290275843118315,5.3529433456371716e-05,6.8128369853564e-06,0.0,0.0,6.8777211471217e-05,0.0,0.0014097165546207307,0.006772392524522697,0.0,0.0,0.004325178223274834,0.006442024000867716,0.0467971609718739,0.0,0.0,0.0,0.0,0.00014004164914343712,0.0,0.0001389602464473488,0.0,0.0,0.0,0.0006831220831189902,0.004471059446977149,0.0014537296443515254,0.011152506004758818,0.00020514209144795385,0.0007242153855703462,0.12556058564011846,0.0,0.0,0.005806916197455048,0.0014935252635675752
PSMA26A1,0.0,0.0,0.030846687474380748,0.0,0.0,0.00012433767778698523,0.00012944458995091005,0.0,0.0,0.0,0.0,0.0,0.0,0.126693110744224,0.0,0.009513447802511328,0.0,0.011392061919955088,0.04707624588593929,0.23722545005705667,0.0,0.0,0.0010605701669407894,0.0,0.002187530192012601,0.004091261979487096,0.0001343430567203889,5.106912163924792e-06,0.0,0.001186575407883342,0.0,0.0,0.0,2.2199434508489402e-05,0.0,0.0,0.0,0.031263786708667016,3.387237659746035e-05,0.0,0.0,0.0,0.0,0.022856350169085687,0.0009337311444204533,0.0,0.0,0.0,5.3153575583707016e-05,0.0002107382937848149,0.009271025808770733,0.00020750739017090327,0.0,0.043115053832586445,0.0,0.0003413293334051774,0.22503973229774876,0.0009635388358262184,0.002202329815018261,0.0,0.0,0.0,0.0,0.0,0.0,0.0007440458354746753,0.007750833547076713,0.0004890128953701046,0.0,0.01637578285576235,0.0035882832426891156,0.07098930998216851,0.0,0.0,0.0,0.0,0.00019135287210134526,6.0761832480982725e-05,0.0006495158490934551,0.0,2.345010687516486e-05,0.0,7.201788378106185e-05,0.012198224482974647,0.0009025685579507897,0.003451126173143707,0.0,0.0,0.07368555115932636,0.0,0.0,0.00021521986976540195,0.00043241997077804
PSMA26A3,0.0,0.0,0.0013956377410748835,0.0,0.0,0.0005511883184326823,0.0,0.0,0.0,0.0,0.0,0.0,0.0,0.0517880781214997,0.0,0.011293098181373846,0.0,0.0036503879600024436,0.017849825876219375,0.19388530232368692,0.0016325886402052826,0.0,0.005048367716840111,0.0,0.0015434902144471825,0.000638657515834063,0.0,0.0,0.0,0.0003840905850966336,0.0,0.0,0.0,1.6394110339490456e-05,0.0,0.0,0.0003039529153004908,9.642995336333829e-05,0.0011638800073315275,0.0,0.0,0.0,0.0,0.013623912999205751,0.001310103252347107,0.0,0.0,0.0,0.004632507178787447,0.000480113231370792,0.005438873388591329,0.00032981691546341365,7.199152801254505e-05,0.2716656823412011,0.0,0.005261083844164308,0.25595279310836405,0.0007211372013929902,0.0001291163472700242,0.0,0.0,0.0,0.0,0.00011129666211840417,0.0,0.0022652383764739424,0.0016520375537136223,0.00045832230209966803,0.0,0.007684968331873816,0.0027405657495468707,0.0195848522493534,0.0,0.0,0.0,0.0,0.004718245321059813,0.022340793841516812,0.0017370629085799237,0.0,0.0,0.0,9.907744944300755e-05,0.004300246420788953,0.0006290857992383357,0.006469767631305623,0.0,0.0,0.07380526648066309,0.0,0.0,0.00037737001812516546,0.00016730138688063865
PSMB4MBI,0.0,0.0,0.0,0.0,0.0,0.0,0.0,0.0026288390241460922,0.0,0.0,0.0,0.0,0.0125260618560786,0.0,0.02503898525207857,0.002727794568706587,0.011152154316427302,0.001019899031977031,0.0016037263175346832,0.011151111581500426,2.2627347913200665e-05,0.0,0.001956379269804013,0.0,0.0006595298412488213,0.0,0.0,0.0,0.0006364853993648703,0.0,0.0,0.0,0.0,0.0,0.0,0.0,0.0,0.0,0.0,0.0003719435484165289,0.0,0.0,0.0003916512385344779,0.014123844584530093,0.0,0.0,0.0006467042016482513,0.0,0.0,0.0,0.001618220333018254,0.0,0.0,0.0303088632990152,0.0,5.4430763182906675e-05,0.20632908818565693,0.0009115588730746554,0.0005993640359680987,6.141708719297324e-05,7.090597502754126e-06,0.0,0.0,1.8769228683760922e-05,0.0,0.0,4.963418251927888e-05,6.7882043739602e-05,0.0,0.00018320852665204408,0.00011230255162450284,0.02082112247286674,0.00033179825373181806,0.0,0.0,0.532393342554586,0.0007718323928733241,0.0018998630367673556,0.0023798339236081973,0.0,0.000587685404787092,0.0,0.0,0.0,0.00010104101441424628,0.00025692988598214955,0.0,0.0,0.113416192526406,3.1386321298955765e-05,0.0,0.0,2.940512493789211e-05
PSMB4MBK,0.0,0.0,0.0,0.0,0.0,0.0008594553546031735,0.0,0.026883442634283966,0.0,2.796950374184465e-05,0.0,0.0,0.014489891663029754,0.0,0.05528916508920425,0.0017094116324638336,0.009126924024801034,0.008779363361322188,0.005591895387723288,0.010753904780199282,0.00036423682042681463,0.0,0.00901356837567371,0.0,0.001953854540637842,0.0,0.0,0.0,0.0,0.0,0.0015165803745908143,9.868485282499903e-05,0.00018238227345625493,0.0014314053197996117,0.0,0.00033616177138783097,6.934326022034691e-05,0.0,0.005383021244685135,0.0008632549853001788,4.69676572268712e-05,0.0,0.006939708832188783,0.1875117748972121,0.00018744844771892866,0.0,0.0,4.643993074117602e-05,0.0,0.0,0.01074947187771944,0.0014622245465642104,0.0,0.057441022607274926,0.0,0.00029024956713235016,0.32191526718000385,0.010102373660960009,0.0026566806742866853,0.003514447304135634,0.0,0.0,0.0,0.000191248078415934,0.0007264682802079876,0.0031345897797322424,0.0007281570049622122,0.002478309122121714,0.0,0.0013636452390363503,5.94220022892775e-05,0.018356860259609767,0.0,0.0,0.000881092140516676,0.02244336307423898,0.0013077062315526612,0.0013817990301442646,0.017332015424389724,0.0,0.004625733737712549,0.0,9.098004613384939e-05,0.0,0.00022407266582617432,0.003211637846643739,0.00012422681473264586,9.182440851096168e-05,0.16311920127540938,5.9105366397860386e-05,6.332717828342185e-06,0.0002565806173449975,0.00021763440270069307
PSMB4MC1,0.0,0.0,0.03584803666432087,8.681475535150958e-05,0.0,0.0006370173606961417,0.0004230041267245337,0.0,0.0,0.0,0.0,0.0,0.0,0.1584025921020507,0.00015989494492131635,0.02567072342007908,0.0,0.023808049808505313,0.022072677172311202,0.2807396494159838,0.0030400538886963097,0.0,0.0006343524449474532,0.0,0.001689966571706836,0.009419144713739877,0.0005891513739793118,3.618135612642607e-05,0.0,0.00031763745789176883,0.00013601319994268384,0.0,4.0896207066413606e-05,0.0005898688512962663,3.997373623032909e-06,0.0,0.00015825499676827722,0.005726186466614859,0.001200442048024652,0.0,0.0,0.0,0.0,0.015630448343375628,0.001928476531214466,0.0,0.0,4.8275973755089746e-05,0.0024593072490013235,0.0014029756449249861,0.004694249091314979,0.0013068336844530664,0.0005263208603659996,0.09718127761390825,0.0,0.0014193751264553775,0.15793213197564762,0.0015700453630158487,0.0007032302673750971,1.250460466692346e-05,6.488044880461106e-05,0.0,0.0,0.00028606845594576535,0.0,0.0021786711213125005,0.00299157292142209,0.0,0.0,0.01661902958937954,0.013328268626787368,0.05127892381682354,0.0,0.0,0.00017291203338606456,1.3427075503007975e-05,0.0014035906254823757,0.0014254224352697091,0.0006839608765768872,0.0,0.0,0.0,0.0003074902786948391,0.0016088916348909635,0.0017347576556367174,0.007575535499445187,0.0,0.0,0.038432082469712726,0.0,0.0,0.0012219663675332908,0.0004264890165497419
PSMB4MC3,0.0,0.0,0.008393411691986596,0.0,0.0,0.0,0.0,0.0,0.0,0.0,0.0,0.0,0.0,0.08303939290176829,0.0,0.0473702830152808,0.0,0.0139735733973322,0.026347006299469535,0.45102648389177386,0.007551211137326655,0.0,0.0,0.0,0.00026231312724599924,0.011562361118279296,0.0006206488797343492,0.0,0.0,0.0003485002776747195,0.0,0.0,0.0,0.000312301674494657,4.643966458394575e-05,0.0,0.00041207597569684615,0.000490962567501016,0.0004130899421724781,0.0,0.0,0.0,0.0,0.02036886275243837,0.000254606982031196,0.0,0.0008055963648896265,0.0,0.0,0.0,0.0015156770877747183,0.00013404636807855082,2.149608928339847e-05,0.022363436206654083,0.0,0.005692813380788319,0.191062716969814,0.0014246228982629646,0.0003217315627180346,0.0,0.0,0.00024355474744680719,0.0,0.0,0.0,0.0,0.002570202222432002,0.0007098779295899655,0.0,0.005030591875553058,0.0027931734504234793,0.038507607638371716,0.0,0.0,0.0,0.0,0.00014154971999822766,0.018536118347733523,0.0004468550258110238,0.0,0.0,0.0,0.0,0.00032974189787552744,0.0003485002776747195,0.0008517318395308827,0.0,0.0,0.03229838113154401,0.0,0.0,0.0008072187112506378,0.0002492329597103464
PSMB4MC5,0.0,0.0,0.0021375640643682223,0.0,0.0,0.00026196581538582165,0.0,0.0,0.0,0.0,0.0,0.0,0.0,0.04550688612499983,0.0,0.0072402245774383,0.0,0.005813594810199891,0.005051300625830863,0.28391279678695786,0.0,0.0,0.0002745272079255903,0.0,0.002735749733298337,0.0003286222370887879,0.0,0.0,0.0,9.238701609894404e-05,0.0,0.0,0.0,0.0,0.0,0.0,0.0,2.704751458159875e-05,0.00018011416077184488,0.0,0.0,0.0,0.0,0.0027252143718133693,0.0009639855758745084,0.0,0.0,0.0,0.0,0.0001061640272715936,0.002929337000584611,0.0009746222389122157,0.000972191001646454,0.18091748208507363,0.0,0.006963468735352428,0.19228351630250953,0.00020027316976711887,0.0020546993942268444,0.0,0.0,0.0,0.0,0.0,0.0,0.0012868336244571124,0.0011253589493894402,0.008257798674712305,0.0,0.0035300552083332272,0.001954512158566915,0.016203588566985193,0.0,0.0,0.0,6.73655325721467e-05,0.0005317318503326287,0.09302258204083526,0.001784325549963597,0.0,0.0,0.0,0.0,0.06506710164202725,0.015639035013564784,0.03226160680268291,0.0,0.0,0.013797170181644827,0.00010069374342362982,0.0,0.0005172457282907987,0.00019926015423971818
PSMB4MC7,0.0,0.0,0.0,0.0,0.0,0.0007322866954292083,0.0,0.01738004442769861,0.0,0.0,0.0,1.8760457776131143e-05,0.03527804518126113,0.0,0.08318271690207196,0.004372549153185426,0.015871766506713673,0.009038872402161328,0.007289538319807112,0.025123816401146797,0.0004853613405657168,0.0,0.0006734899534604397,0.0,0.0005052746756353532,0.0,0.0,0.0,0.0,0.0,0.0004058128073138535,0.0,0.0,0.001230329686223483,0.0,0.0,0.0,0.0,0.0009136028515895819,0.0014459177401089677,0.0,0.0,0.002637468826460001,0.04857134921753693,0.0003897773322314621,0.0,0.0017194640797497625,0.0,0.0,0.00015637208380998694,0.007211142663848754,0.0014525205827899525,0.0,0.12498657159970632,0.0,3.091807287127758e-05,0.12709319283602047,0.0025300416241106466,0.0009230354839909886,0.00019860931556295257,0.0,0.0,0.0,0.0001113050623365993,0.0,0.0021060972011807556,0.0003242729405550265,0.0032550966346987765,0.0,0.0002889529725630925,0.00019724682421608272,0.03358792706898241,0.005032728614257213,0.0,0.0014283101596263418,0.2847292493877959,0.001838315248007487,0.006430959157225736,0.027585314229807218,0.0,0.003180578838727663,0.0,0.0,0.0,0.002084297339630838,0.000383384103603842,0.0,0.0,0.1041343751850499,0.0001467298373552156,0.00012419632661852178,0.0006098720882642855,0.0005721415586586586
CSM5FZ4A_P,0.0013526199726764299,0.006114918868097498,0.0,0.0,0.0,3.8146149738106975e-05,4.431833842252216e-05,0.049798027773230176,0.0006397827713370037,0.0013832785492563938,0.0,0.006004021838620137,0.013036168418590155,0.0,0.0,0.06630337096614589,0.3318735263899518,0.0003348159402742599,0.12534096283310348,0.24795402063453756,0.0,0.0,0.0,0.0,0.0002389952405342405,0.005028613659640425,0.0006057851418621922,0.0014534998434692485,0.012139784491455167,2.0135500790141346e-05,9.915975263486693e-06,0.0006077076268622559,0.0,0.0006681141292326799,1.740354842162971e-05,6.435265579160752e-05,2.2057985790205094e-05,0.0005939466815986417,1.1939643684606427e-05,0.00017868992158487246,0.0,0.0,0.0,0.0,0.0,0.00043903486396192613,0.0,0.0,0.0,0.00032469759816866124,0.0008111874866058451,0.0,0.0,0.005519252068340905,0.0,0.0,0.021080857493067432,0.001556808116367411,0.0,0.0,4.381242131724223e-05,0.0,0.0,0.0,1.6290530790013852e-05,0.0,0.0016805554403188827,0.0,0.0,0.027497404139332826,0.027175539676953735,0.02393058736368824,0.0,9.915975263486693e-06,0.0,0.0,0.0,0.0,0.0014742424447857258,0.0,0.0,0.0,0.0,0.0004651401865943707,0.0,0.000265302930008797,0.0,0.0,0.015830449774472285,0.0,0.0,0.0,0.0
CSM5FZ4E_P,0.0,0.0006486486005194976,0.02639325334224316,0.07839454796827632,5.0752189745520055e-05,0.0,0.0002292752431486213,0.0005251070860073764,0.0,0.05619959144487255,0.0,0.0,0.0,0.0,0.0,0.21067834976138677,1.9365967139737916e-05,0.027550425528173363,0.43452555717779534,0.0007462575268502456,0.007502642786722603,0.0,0.0,0.0,0.0,0.0042110961649374935,0.0008911683844131121,0.0,0.0,0.0,0.00044575114019914,8.84824360694922e-05,0.0,1.3467138068438437e-05,0.0,0.0006648982051310018,1.8698175169402126e-05,8.792594276087905e-06,0.00018375409050406497,0.0,0.0,0.0,0.001293179150555258,0.0,0.00019043201020742286,0.0018493385631832486,0.0,7.902204982306851e-06,0.0,0.0,0.0,0.0077973616429641325,0.0,0.0,0.00532408278216381,0.0,0.051657604358633674,0.0,0.0,0.00020868499072993445,0.0,0.0,2.5042198887592137e-05,0.00010684671525372645,0.0001530356598686186,0.0,0.0007454784362181872,0.0,0.0031616610835547986,0.004918955653493431,0.00010606762462166801,0.00018397668782751023,0.03507076480210986,0.0,0.0,0.0,0.0,0.0,0.0,3.1497521267504774e-05,7.212153279626535e-05,0.006289042179299028,0.003392717105290982,0.0,0.0019659795606685663,0.0013538369211940921,0.0,0.0,0.02410450766257896,0.0,0.0,0.0,0.0
ESM5GEZ4_P,0.0,0.0,0.0,0.0,0.0,0.0,0.0,0.03850055317521731,0.0,0.026216843422476224,0.0,8.891631322870597e-05,0.0,0.0,0.0331643116646207,0.07109253841658247,3.6829242165736206e-06,0.0982015965371252,0.06610070293343859,0.09876950345132085,0.0013098583042259549,0.0,0.0048157917055916665,0.0007945645931242116,0.0047606530687492495,0.0,0.0,0.0012213628966220003,0.0,0.0005720107440369772,0.0003193621427800268,0.00033198931152256494,0.00031389036965826027,0.0006097870238584037,7.786754057898512e-05,0.0,0.0005894783274641549,0.004508741052335614,0.001434551595558519,0.0004861459965877179,0.0,0.0,0.0009290439402322428,0.02065068221435923,7.544733323666531e-05,0.0014268700679068084,1.7467583427177742e-05,0.0,0.0,0.0,0.0381387847907436,0.0,0.0,0.033519450785504584,0.0,0.008963711411109253,0.22615364444291974,0.003439956444685949,0.0013944603348009603,0.0,0.0,0.0,0.0,0.0004826735251835199,0.0,2.1676639674690452e-05,0.0016269054660698497,0.0,0.0,0.024980643602581742,1.5152602491045752e-05,0.10137154202353321,0.0461873421472374,0.0007286928628506377,0.0,0.003558441378053432,0.0002732729768697627,0.019523076045650574,0.0014972665336464583,0.0,0.0,0.0,8.912676604108162e-05,0.0,1.252194233635031e-05,0.00018656641817100083,0.0,0.0,0.0024730309982260923,0.005839434184986757,0.00026496009078092505,0.0018734509357679068,0.0
ESM5GEZ6_P,0.0005655837716336841,0.0006338059386400817,0.0016510602783191945,0.17491912110147256,0.0,0.00027236468824827584,0.0002603131533700336,0.016894155980186436,0.0,0.020927857101911865,0.005608050760645723,7.733941513167665e-05,0.00023180865348410397,0.0,0.01679659094565041,0.03352118706989775,0.0010008013746714253,0.03432130418985757,0.014121359794591544,0.039110688946426525,0.0006666070726999934,0.0,0.02168280716506715,0.004527918847688825,0.029534015352397882,0.0012176242065243237,0.0,0.0012018000172494142,0.0,0.0009472506414298444,0.0012489581972077537,0.0024805202658086532,0.000730951789354261,0.007087140876050174,0.0008409875425903863,0.003845801973580311,0.0011519171424490375,0.004766329646367096,0.01356321653579573,0.005315984432770408,0.00016945505998363297,0.0,0.0019670200840400686,0.007570983802422736,0.001175391436472744,0.005225335931294933,0.0,0.0004867772131255258,0.005856626767003903,0.005257717881532993,0.018148877954944655,0.0,0.0,0.07053993915337234,0.0,0.006212409035800709,0.1765403145324848,0.007019966668598406,0.0011301195837127383,0.0,0.0,0.0014675625603035227,0.002405486361697162,0.00030244112746615013,0.0,0.00029038959258790784,0.0025297743648762523,0.0013281839395377637,0.0,0.04713271454116191,0.0,0.04225980740808897,0.026758913655782802,0.0006037294994222075,0.0,7.513870006695413e-05,0.005937319652710395,0.0618104360633064,0.00838619153996923,0.0,0.0005688324462530363,0.0013783812022045295,0.006197632806080429,0.00024668967915984666,0.00042966341739820356,0.004087566242833397,0.0004964184410281196,0.0008025274269354739,0.00936184188532954,0.00022227222153697312,0.00020854395137132322,0.003217550220579767,0.0024698310783514295
ESM5GEZA_P,0.0,0.0,0.0,0.2107964142224696,0.0,8.38081470386364e-05,0.0,0.021391515868775256,0.0,0.019489016861225925,0.0,1.8600001665348985e-05,0.0,0.0,0.005107322550306786,0.06834473286342375,2.5412792973005876e-05,0.04602700179544085,0.01601492585249917,0.06075896009120921,0.00044348027226509404,0.0,0.0082922484168641,0.001762674576425514,0.013344203520353103,0.0,0.0,0.0003661604979004166,0.0,0.0004160128279453346,3.2225584280662776e-05,0.00013895931476728748,0.0,0.009042953135241151,0.00024201630073866873,0.0,8.629535656365401e-05,0.000252830255195267,0.007246106462732787,0.0014032187302881886,0.0,0.0,0.0020881746055691213,0.0044708131909914125,0.00026299537238446937,0.00271268047543767,0.0007270221581171002,0.0,0.00048781748553714693,0.0,0.010650014907036216,0.00016448024728485933,0.0,0.03242283080995113,0.0,0.019774937817058382,0.13918208222909337,0.0022169688031472064,0.0032737084326459874,0.0,0.0,0.0,0.0,0.002904952585675987,0.0,9.67848923865543e-05,0.003961259656996503,0.0,0.0,0.018408594671467195,0.0,0.1047147651895778,0.1052885536130449,0.00014263605928253086,0.0,0.0,0.0008562489138734491,0.028601503723623002,0.005955136579704088,0.0,0.0,0.0,8.986396153433142e-05,0.0,6.812791307656895e-05,0.00018578373756435786,0.0007306989026323435,0.000635211684780581,0.009907096235867918,0.005362748154571636,0.000400765152161531,0.0015933280496351855,0.0005343174897005194
ESM5MEAB_P,2.4822491725653035e-05,0.0005576273915537189,0.0004330755967887165,0.0005036988807692248,8.567054666375826e-05,0.0,0.0,0.00016420188110553667,0.0,0.006040762046102616,0.0,0.0,0.00036289164894494526,0.0,0.002240724131394016,0.048542798918266565,0.38118890069970873,0.0,0.0645118986504253,0.042706108507678385,7.743299409993536e-05,0.0004195660105840469,0.0,0.0,0.00015266930751618458,0.0,0.0,0.0,0.005288838248076861,0.0,0.0005577372255879032,0.0,0.0,0.006827942569101534,0.0,0.001616866817227161,2.548149593075887e-05,0.0,0.0,0.005372421948091117,0.00024163487520547204,0.0,0.0,0.002924550828225502,0.0,0.0010282662280334679,0.0007423682370517207,0.0,0.007418959507047281,0.0,0.03984075822387823,0.0003898009873201001,0.0,0.0,0.0,0.0,0.14345313370777954,0.0,0.02265810224801711,0.0,0.0,0.0,0.0006461536231062692,0.0,0.0,0.0,0.000200996282557279,0.0,0.0,0.0,0.00022768595286406523,0.1416002335510903,0.0,0.0,0.001036284112528922,0.0,0.005756621399667818,0.0,0.0,0.0,0.0,0.0,0.008517739185027073,0.0,0.00010368332826998437,0.007927381251286432,0.006637160851723395,0.005813954765512026,0.029844213602593667,0.0,0.0,0.0007969557520413204,0.004491223491830435
CSM5MCUA_P,0.02399475221973937,0.013430803291871832,0.0,0.0,0.0,0.0,0.0,0.054885404101326904,0.000642274252341685,0.0032762578523074085,0.0,0.0021905918975393362,0.03110024586868108,0.0,1.4316247767077329e-05,0.055519541781196655,0.31259166518354464,0.00013028815413922894,0.11564850336503919,0.19380697660622123,8.14687193076127e-05,0.0,0.0,0.0,0.0002608852920432149,0.01144723051671973,0.0015822028647326754,0.0034358994640985587,0.0,0.0,2.2658809415518072e-05,0.0002218503430955724,0.0,0.009292583730480466,1.0402453413487843e-05,9.269512942711939e-05,9.248914025061469e-05,0.00027818838286961054,0.0,0.0005516390146796127,6.581354189325476e-05,0.0,0.0,0.0,0.00014388343978853976,0.00016798417343959082,0.0,2.090790141522804e-05,0.0,0.0,4.294874330123198e-05,6.509257977548829e-05,0.0,0.030258162115129824,0.0,0.0,0.0016810776694549364,0.0025102870994746455,0.0,0.0,6.447461224597415e-05,0.0,8.651545413197808e-06,0.0,0.0,0.0,0.0022108818314250495,0.002745835722807781,0.0,0.0365221899780498,0.01662569541945988,0.04832094102447481,0.0,2.00839447092092e-05,0.00014336846684727799,0.0,0.0,0.0,0.00031464846711094416,0.0,0.0,0.0,0.0006847080227016552,0.00044040485936706946,2.307078776852749e-05,0.0009236554674471186,0.0,0.0,0.02139341790424964,0.0,0.0,0.0,0.0
CSM5MCUS_P,0.00015405839847938105,0.0,0.006455672225578787,0.023087384879719616,0.0,1.966944866194312e-05,0.0,0.0,0.004121829608909965,0.0,0.0,0.08011116308292345,0.0,0.0016101660806383726,0.0,0.0,0.11016255605508629,0.0036630653005230254,0.05726720184242475,8.254346663913703e-05,0.0,0.0,0.0,0.0,3.001580605059528e-05,0.003341077562889367,0.000404076419332635,0.0016985080552645564,0.0030339840320459657,0.00085078892680532,1.6031169140658842e-05,0.00058712735774725,0.00010050747177547813,0.0004400044296053171,2.160228465762539e-05,2.7059703939551804e-05,7.799561723753168e-05,1.8646182546581916e-05,5.764399116534775e-05,0.00023410054794763515,0.0,0.0,0.0,0.0,0.0006784254344844774,0.001814023430065332,0.0,0.0,0.11666370677468113,0.0,0.004731127732490041,9.311721649786945e-05,0.00044546184888724356,0.09887865951229317,0.0019098693562041647,0.0,0.16636487896012514,0.0003301738665565481,5.207287564838121e-05,0.00025183716061389597,0.00031812206564229396,0.0,0.0,0.0,0.0,0.0,0.00045921909332709976,0.00562421165873029,0.0,0.005500851243711745,0.003707179439718597,0.08549706743300961,0.0,0.0002553617439001402,0.0005841712556362066,0.0,0.00028708299347633746,0.029828775743954258,0.01476186437267079,0.0,0.0009109342351415506,0.002126005899015459,0.0,0.009735694910251603,0.0007942818979903736,0.0028667368703019294,0.0,0.0,0.1468546050272382,0.0,0.0,0.0,0.0
HSM5MD47_P,0.0,0.0,0.0,0.0,0.0,0.0,0.0,0.02118571280509764,0.0,0.07374185482567004,0.0,0.0,0.0,0.021252612564248215,0.0,0.01652197621065149,0.015060988393509325,0.0010855257842478652,0.034164471925721925,0.0,0.0,0.0,0.0,0.0028354176382141306,0.0069406956278125565,0.0,0.0,0.0,0.0,0.0,0.0,0.0,0.0,0.0,0.0,0.0,0.0,0.0,0.0,0.0,0.0,0.0,0.0,0.006492878932329247,0.0,0.005819249819036152,0.0,0.0,0.059579587504318895,0.025948769811205794,0.0,0.0,0.0,0.1305080501509413,0.0,0.04816165122603072,0.4490126573315086,0.0,0.0025092555816784825,0.0,0.0,0.0,0.0,0.0,0.0,0.0,0.0,0.0,0.0,0.0,0.0,0.006258215161770308,0.0,0.0,0.0,0.0030351906113083855,0.0,0.0,0.007420932975807298,0.010741631174629061,0.0,0.0,0.0,0.0,0.0,0.0,0.0,0.0,0.05172267394426262,0.0,0.0,0.0,0.0
ESM5MEA9_P,0.0,0.0002476147879674781,0.001559741748505423,0.0,0.0,0.0,0.0,0.0,0.0,0.005606150271671502,0.0,0.0,0.0,0.0,0.0,0.04946184281362769,0.37599895315957105,0.0,0.16769432764380332,0.050388347083983494,0.00017577073521395748,0.0,0.0,0.0,0.00027506910388060975,0.0,0.0,0.0,0.0,3.8814722497875714e-05,0.0005292056067393298,0.00013516780056848317,0.0,0.003735469987383638,0.0,0.0,5.0806262781772275e-05,0.0,0.002110511089965795,0.01303911703553977,0.00014968387564898953,0.0,0.0,2.3246757918781928e-05,0.0,0.0008024864984723409,0.0,1.2201918183614046e-05,0.006002291856839523,0.001049364963790808,0.04355548327905935,0.001705954388809074,0.0,0.0,0.0,0.0,0.04358356872867163,0.0,0.021888242631356282,0.0,0.0005565547337026027,0.0,0.0,0.0,7.78398228954689e-05,0.0,0.0003591150748177444,0.0,0.0,0.010773873000331767,0.0,0.10116105459075082,0.0,0.0,0.0,0.0,0.008498110070137888,0.03660280926024609,0.0,0.0,0.0,0.0,0.0005864283954624854,0.0,0.00029189933585800843,0.010424330119951168,0.0015456464292243515,0.008735837096818645,0.023124949114845507,3.765764404942955e-05,6.995065165606328e-05,0.0009929836866665223,0.006341526220133965
HSM5MD44_P,0.0,0.0,0.0,0.0,0.0,0.0005493707230467298,0.0,0.0006063762463032595,0.0,0.0026172060645011956,0.0,0.0,0.0,0.011862319964737836,0.0,0.00038167844944976743,0.0002682830133390462,0.0004051947668190918,0.0029290742943257958,0.0,0.0,0.0,0.0,0.144876520865499,0.20481850574118263,0.0,0.0,0.0,0.0,0.0,0.0,0.0,0.0,0.0,0.0,0.0,0.0,0.0,3.829096702544441e-05,0.07439343907057604,0.0,0.0,0.000540752177413993,0.0,0.0008852477585625251,0.025566669375352437,0.0,0.0,0.005213850741564291,0.0,0.0,0.0,0.0,0.10766102521293965,0.0,0.0,0.12360225658149081,0.0,0.02783740990541762,0.0,0.0,0.0,0.0,0.0,0.0,0.0007940142969359839,0.0,0.0,0.0,0.0,0.0,0.0,0.0,0.0,0.0,0.0,0.0,0.0,0.0,0.0007498134700480915,0.0,0.0,0.0,0.0,0.004189844398314706,0.006836230395886738,0.051781207138125736,0.1490971457839306,0.0015807643911243754,0.008860480520855649,0.009093427497100475,0.005406906163737592,0.026556694024392945
CSM5MCYU_P,0.28238033649247885,0.0,0.0,0.0,0.0,0.0,0.0,0.0020544827205661044,0.0,0.018196264706079067,0.0,0.0,0.0,0.0,0.0,0.00407259736611532,0.005714386040009897,0.0,0.011952764976958524,0.007947782968705061,0.00019187294750289268,0.0,0.0,0.0,0.0008134744135961419,0.0,0.0,0.0,0.0072668221158026375,0.0,0.0,0.0,0.0,0.00045345137212148766,0.0,0.0,0.0,0.005371815494304842,0.0001522651876425461,0.0,0.0,0.0,0.0,0.0,0.0,0.0,0.0005994462020025013,0.0,0.00029533385056817796,0.0008815077953087689,0.002420880625764983,0.0,0.0,0.1536707928407563,0.0,5.716476159263742e-05,0.06289848123574537,0.0015500324386508195,0.0,0.0,0.0,0.0,0.0,0.0007053107422097073,0.0,0.0,0.0001749429815467551,0.0,0.0,0.021694288289312632,0.006541655240681411,0.0,0.00029909606522509746,0.0,0.0,0.38791568291720446,0.0011918905045046248,0.0009999130510390398,0.0028670165804980164,0.0,0.0006343511935416986,0.0,0.0,0.0,0.0,0.002060962090253021,0.0,0.0,0.005972933791710418,0.0,0.0,0.0,0.0
HSM6XRQE_P,0.0,0.0,0.0,0.0,0.0,0.0,0.0,0.0,0.0,0.0144643501750145,0.0,0.0,0.0,0.0,0.05506284703773255,0.031075382645645997,0.08292347898271217,0.0,0.008287129234925025,0.09580384315347872,0.0,0.0,0.10270518743248523,0.0,0.0,0.0,0.0,0.0,0.0,0.0,0.0,0.0,0.0,0.0,0.0,0.0,0.0,0.0,0.0,0.0,0.0,0.0,0.0,0.0,0.0,0.0,0.0,0.0,0.12122603437017088,0.06703224349796459,0.0,0.0,0.0,0.14996004883370986,0.0,0.0,0.2206120978350659,0.0,0.0,0.0,0.0,0.0,0.0,0.0,0.0,0.0,0.0,0.0,0.0,0.0,0.0,0.0,0.015269863030366941,0.0,0.0,0.0,0.0,0.0,0.0,0.0,0.0,0.0,0.0,0.0,0.0,0.0,0.0,0.0,0.03557749377072763,0.0,0.0,0.0,0.0
CSM5MCYQ_P,0.0,0.00878637839937177,0.0,0.0,0.01936286853201769,0.006982262662819879,0.0,0.0,0.0,0.0,0.0,0.0,0.0,0.026684161445618595,0.0,0.02421558909640303,0.18991695759427765,0.02913619573382045,0.1455429392082217,0.03159849962442598,0.008227551982860168,0.0,0.04942746299742221,0.0,6.321807193949846e-05,0.0,0.0,0.0018049159653106173,0.0,0.0,0.0,0.00018511958618570433,0.0,0.0004027818085596737,0.0,9.215967871348825e-05,0.0,0.0,0.00022659811017976345,0.001646470671082507,0.0,0.0,0.0,0.001881737926148489,0.001254758693685235,0.001721692174402923,0.0,0.0,0.0039004483414992242,0.0,0.0382021207129078,0.0002221968520067604,8.469087696536185e-05,0.002584605519231098,0.0,0.0,0.11425759577137787,0.0,0.05277321943766326,0.00027047732045000603,0.0005108126909879305,0.022441748681223013,0.0,0.006481052716936683,0.00026634280519657893,0.0021396783293784255,2.4006862761834855e-05,0.0,0.0,0.005104392509005242,0.0,0.0,0.0,0.0013039727623469965,0.0,0.0,0.0013029057906686927,0.054811268714683246,0.001736096292060024,0.0,0.0,0.0,0.01274297612544173,0.038421383392799234,0.004466876931218739,0.01296117183365485,0.01256079071137136,0.0012703631544804278,0.007048815021254077,0.0037357345886610796,0.006918644476501017,0.01691576898782799,0.025379521825972657
CSM67U9P_P,0.0,0.0,0.0,0.0,0.0,0.0,0.0,0.15190640934386115,0.0,0.04036767349047444,8.807945707086962e-05,0.0,0.0,0.0,0.0,0.02152275689109353,0.022611897184502346,0.0,0.3136108919342719,0.039203124102728845,0.0006438383515122384,0.0,0.0,0.0,0.02793600404143699,0.0,0.0,0.0,0.0,0.0,0.0002490134998627718,0.0,0.0,0.004783470653498481,0.001345919499463451,0.0002527941726140736,0.0037072050835130176,0.002569631306749686,0.00736985953676745,0.0,0.0,0.0,0.0,0.0,0.0,0.0,0.0020090699361107176,0.0,0.00900760610049355,0.0037077159852361664,0.0002464589912470273,0.0,0.0,0.011222875972067165,0.06599940858016529,0.0,0.015272283029745311,0.0026818253251531836,0.0,0.0,0.0,0.002992964474550861,0.0,0.0,0.001963088781027317,0.0,0.0,0.002204643115732115,0.0,0.052090211347781225,0.025306801593768143,0.0,0.01563757776179677,0.0,0.0,0.01220544216602712,0.0,0.0,0.0,0.0002023170823669627,0.002921744774343905,0.0,0.0,0.0,0.0,0.004156696419539415,0.0,0.0,0.13200270001342648,0.0,0.0,0.0,0.0
CSM67UEP_P,0.0,0.0043428946661493,0.0,0.0,0.0032138912933170156,0.017429036205712917,0.0013593665386042184,0.0,0.0,0.0,0.0,0.0,0.0,0.03499633295099371,0.0,0.007142004340762659,0.23382234426767748,0.026889916041633793,0.021965516947309617,0.026672558107802707,0.0054989745054813835,0.0,0.26006732872535926,0.0001907078683785247,0.00039697937498134485,0.0,0.0,0.0011862477134243839,0.0,0.0,0.0,0.0,0.0012114053752116012,0.002474831678186601,0.0,0.0,0.0,0.0,0.00016160599690432834,0.0049709834087352505,0.0,0.0,0.0,0.006309136495239231,0.002532182619040512,0.010523364645383566,0.0,0.0,0.005419557310432753,0.0,0.011741059436041973,0.006160962131322993,0.0033631316598513555,0.0017437670826919546,0.0,0.0,0.04307258198626135,0.0,0.011690317711420296,0.0,0.0,0.025154357179101226,0.0,0.0034455336622306737,0.0,0.0050998631252638345,0.0,0.00479104216679956,0.0,0.0010073724741067962,0.0,0.0,0.0,0.0009279552790581651,0.0,0.0,0.0006103930991254513,0.07332349768251029,0.005636169042431166,0.0,0.0,1.4817436391623774e-05,0.011576362031545146,0.0049806840325599825,0.02281277582817743,0.0036319775201367884,0.009458001628851999,0.002867760243219156,0.009144916659915315,0.006548560683265037,0.008241159640288074,0.022626758371318553,0.021551055129391393
CSM67U9R_P,0.0,0.0,0.0,0.0,0.0,0.0,0.0,0.07158586868079195,0.0,0.07201469836039584,0.0,0.0,0.0,0.0,0.0,0.04094930310927017,0.06756999985762342,0.0,0.442042011283448,0.029509134518430423,0.012975497845120232,0.0,0.0,0.0,0.014843180726209671,0.0,0.0,0.0,0.0,0.0,1.7318938992921753e-05,0.0,0.0,0.00038409794146878614,8.181339278864879e-06,0.0,2.1462734212087082e-05,0.0037796724956761078,0.0010579427948007479,0.001275332667067729,0.0,0.0,0.0005241369696446811,0.0,0.0,0.0,0.0004469986278725265,0.0,0.00033554116159292575,0.0005338058251560668,8.712595076193766e-06,3.80379150887484e-05,0.0,0.00956706690061755,0.0016370116138892362,0.0003342661476793364,0.014358144183248395,0.002838712227447181,0.0,0.0,0.0,0.0,0.0,0.0,0.0,0.0,0.00021250231893155528,0.0,0.0,0.03547513712243384,0.061457051900078837,0.0,0.022077290918437138,0.0,0.0,0.06832863313620907,0.0,0.0,0.0,0.00022557121154584593,0.00481285877032133,0.0,9.350102032988433e-06,0.0,0.0008744470424033499,0.004618206646180025,0.0,0.0,0.013252813371325911,0.0,0.0,0.0,0.0
CSM79HGH_P,0.0,0.0,0.0,0.0,0.0,0.0,0.0,0.0837433465563464,0.0,0.047100953504292546,0.0,0.0,0.0,0.0,0.0,0.03660360989089142,0.06356539319262981,0.0,0.26233429296529603,0.05780988889508124,0.012653084311473075,0.0,0.0,0.0,0.021114363951997877,0.0,0.0,0.0,0.0010159524603704716,0.0,0.0,0.00019516352145280678,0.0,0.0006361270241066979,0.00044429074436219673,1.8507782002450507e-05,1.2061251192608198e-05,0.012902211534382464,2.5578170632600143e-05,0.00019495556884603768,0.0,0.0,0.0,0.0,0.0,0.0,0.00023165920394078502,0.0,0.00027283382008106815,0.0011491461050060843,0.0,0.0,0.0,0.028936813184527985,0.047260037248470915,0.0,0.0753258409395465,0.0007996817493306004,0.0,0.0,0.0,0.0,0.0,0.0,0.00027980023240783324,0.0,0.0,0.0,0.0,0.06604876322266648,0.05215305810944461,0.0,0.008787349327938763,0.0,0.0,0.03371358853831776,0.0,0.0,0.0,0.0005658390430187398,0.003936438869835808,0.0,0.0,0.0,0.0,0.0011621431429291536,0.0,0.0,0.07900722593718,0.0,0.0,0.0,0.0
MSM6J2N6_P,0.0,0.0,0.003189366089389013,0.017127765767896607,0.0,0.004122007937544383,0.0,0.0,0.0,0.008474149734976143,0.0,0.0,0.0,0.0,0.0,0.007983503897310751,0.0,0.0011746579238966495,0.0059992859460850055,0.015847400961450618,0.0,0.01481118206188953,0.018718077053927886,9.741175072680488e-05,0.003992760816039198,0.0,0.0,0.0,0.0009056266215441387,0.0,0.0,0.0,0.0,0.0,0.0,0.0,0.0,0.0,0.0,0.005066980387057577,0.0,0.013504586703464171,0.0,0.0,0.0035215076514183838,0.0013006542504984085,0.0,0.0,0.0,0.0,0.0034952770994390136,0.0,0.0,0.008963786705257713,0.0,0.0,0.0279577329404729,0.0,0.006355528228950122,0.0,0.0,0.0,0.0,0.0,0.0,0.00026230551979369783,0.0,0.0,0.0,0.0037358359222925503,0.0,0.008664265188638583,0.0,0.0,0.0,0.7963797354413431,0.0,0.0005562222176138157,0.0,0.0002065936209315321,0.0,0.0,0.0,0.0,0.0007621432602894665,0.0,0.0021958559090763875,0.0028438850586179976,0.005366053518172784,0.0005077965831903638,0.0001486397945497621,0.002885248621354696,0.002876168814900299
CSM67UET_P,0.0,0.005386042053585845,0.0,0.0,0.014030309039576035,0.003486562861098082,0.0,0.0,0.0,0.0,0.0,0.0,0.0,0.031845434449058886,0.0,0.02610727211016662,0.372942416257025,0.03065639288996687,0.025564155171909707,0.025138941325573982,0.02584349969427824,0.0,0.05311152933339945,0.0,0.0,0.0,0.0,0.0013542965666365396,0.0,0.0,0.0,0.0,4.925870417192624e-05,0.0,0.0,0.0,0.0,0.0,3.972476142897277e-05,0.0017598069313034938,0.0,0.0,0.0,0.01124846344622793,0.0019951364180087285,0.0030500671825165293,0.0,0.0,0.004757596327779495,0.0,0.032209948859931135,0.009580341264302506,0.00017606014265320733,0.0042294158998198725,0.0,0.0,0.10225407830290736,0.0,0.00043554228430725745,0.0,0.0,0.02111672978136763,0.0,0.0036588094266541086,0.0020752215370495376,0.001355249960910835,0.0,0.0,0.0,0.012375534377490746,0.0,0.0,0.0,0.0012394125565839504,0.0,0.0,0.0008353322833284395,0.0392061149437561,0.0,0.0,0.0,0.0,0.02746776573958608,0.013400115424266812,0.021807463933094608,0.02134300202246706,0.0013431736334364275,0.0,0.023031304383198403,0.0005346952888339735,0.0011677490869660837,0.01259815194053871,0.00819188140283705
HSM7CZ1T_P,0.0015738249384862225,0.0023845893784490394,0.03353009774345163,0.0,0.019196329369078398,3.1701345372687284e-05,0.0,0.0,0.0,0.0,0.0,0.0,0.0,0.020830923659716737,0.0,0.01831942761752336,0.23386477482220397,0.015495880952028869,0.14717628115467435,0.2874289074541509,0.0015763569948258943,0.0,1.91423459279166e-05,0.0,0.0011488446024357567,0.002149513267873937,0.0,0.0030623702194523088,0.0007364232658300614,6.107319891287677e-05,0.00027042361707691707,0.0002765005522921287,0.0,0.00036714816925236866,0.0,0.0,2.805518424356031e-05,0.0005758908938948878,0.0016436084112075693,0.0,0.00010675149528055078,0.0,0.0008004336500969571,0.0,0.0005585716285315347,0.001156542053708358,0.0,0.00025077485988106614,0.0029945111095491125,0.0016285173554231272,0.0001659003313752772,0.0002160350469007731,0.0,0.0,0.0,0.005430248026059516,0.06382675954114274,0.00039560848251027646,0.0005108676870921235,0.0005042843406089776,0.0,0.0,0.0,0.002274698133307296,5.185651383647248e-05,7.413860962558176e-05,0.0012078921562768963,0.0,0.01036866942870124,0.009730084819836084,0.0002065145150636082,0.0,0.06836460963084845,0.00209552982671214,0.0,0.0,0.00012731179275868342,0.004677417035148384,0.011969030317627218,0.0,0.0,0.0,0.0008823709932487272,0.007094214170238045,0.0013735899231449996,0.0007658964016238378,0.0,0.0,0.00816993298558409,0.0,0.0,0.00010067456006533916,0.00017167341982972825
CSM79HNG_P,0.00605426259696022,0.0,0.0,0.31528839907896117,0.0,0.0,0.0005982409634141326,0.00010417678871095886,0.0,0.0,0.0,0.0,0.0,0.30737056284187075,0.0,0.07779144007047596,0.0,0.0009930319638605618,2.0515121696202275e-05,0.0017665020886895734,0.0,0.0,0.00025899090219400723,0.0,0.0,0.0,0.0,0.0,0.0,0.0,0.0,5.504057040444513e-05,0.00111231989099165,0.0,0.0,0.0,0.0,0.0015010063918114043,0.0,0.0,0.0,0.0010451703950982271,0.0,0.0095542424320967,0.0,0.0,0.00034335308555936587,0.0,0.00023987681319900903,0.0,0.01237992524289654,0.0,0.0,0.07690538696072877,0.0,0.0,0.07025988856386042,0.0004224113594130234,0.0013645057772083804,0.0,0.0001751290876505072,0.0,0.0,0.001189476763322245,0.0,0.0,0.00022266412572707344,0.0010586803532884092,0.0,0.004461588636984322,0.0003332456353578223,0.0,0.0006958128836765581,0.0,0.0,0.0011957814104776633,0.0018180400773410085,0.08000467144332088,0.008327037859606317,0.0,0.0,0.0,0.0019181138417127266,0.0,0.00010918047692954477,0.004520131789141776,0.0,0.0,0.007804352588292832,0.0,0.0,0.0,0.0007368431270689626
MSM79HF1_P,0.0014543530862698105,0.0010781442933520153,0.01580706413471237,0.0,0.002416104698610841,0.0,0.0010084074272107572,0.03264401218284537,0.0,0.012787889829081727,0.06696195600924426,3.110387657981772e-05,5.8998623036320926e-05,0.0,0.027824392449953612,0.006581061886346434,0.003384644855443499,0.003340457602207091,0.06256878029850833,0.0013847396482102184,0.0,0.010315501925231216,0.0,0.0,0.0,0.002462513657317236,0.0,0.0020493998679813235,0.0,0.0,0.0,0.0,0.0,0.0,0.0,0.0,0.0,0.0015645743631974981,0.0,0.0076888289192982755,0.0,0.0016419637704020444,0.006446772133493887,0.0,0.0009905103553691954,0.00774042185743464,0.0,0.0,0.018601229047465993,0.005508842140914383,0.005003897858819009,0.001684423030495129,0.00018514212249891502,0.2214052928923692,0.04432154298926026,0.0010291433449306356,0.13782103026900902,0.0,0.02066000944965393,0.0002622846735401296,0.0,0.0,0.0,0.0,0.0,0.0009386705610694992,0.0002806754577083552,0.0,0.015170422089479432,0.0027209720603257213,0.037742209096057154,0.010036801316829517,0.0,0.0026796236529676304,0.0,0.0,0.026288700257865942,0.0020553244159012885,0.008490247453555245,0.0,0.0,0.07118307297413785,0.0,0.016724134781490325,0.012051394465781044,0.016045033476164306,0.0,0.0,0.04087728237037212,0.0,0.0,0.0,0.0
CSM79HQT_P,0.0,0.015660177063763808,0.0,0.0,0.008116761569060507,0.016792168031084447,0.0,0.0,0.0,4.1710328605592944e-05,0.0,0.0,0.0,0.019999874641088888,0.0,0.0029764764003302633,0.16505779900522002,0.01790387364733461,0.01867813586740674,0.025208537397697156,0.006353417540332805,0.0,0.2539623387642232,0.000862697233727701,0.0008720421707376972,0.0,0.0,0.0010117603753017873,0.0,0.0,0.0,0.0,0.00013185478195811758,0.0004899254171460219,0.0,0.0,0.00011008791648361416,0.0,0.0003979575614500834,0.016326630620281588,0.0,0.0,0.0003726578539352156,0.00895917345171773,0.0012777491921472897,0.006120363928315216,0.0,0.0,0.012501816279678009,0.005059827540327106,0.02090724523223023,0.022406309883809383,0.0012660110395615626,0.026249244285200635,0.0,0.0,0.08627906830978009,0.0,0.009479071044883618,0.0,6.484474583765679e-05,0.03098279676870312,0.00038519374504618613,0.03582529754222458,0.0008940369615051274,0.006498605951927136,7.772252488801745e-05,0.0,0.0,0.0010838987305130995,0.0,0.0,0.0,0.001015749067928005,0.0,0.0,0.00033789924676388814,0.016756383760094952,0.000938140505686451,0.0,0.0,0.0014379806730747862,0.0024296836225990207,0.0023553799771049043,0.04442788187315843,0.01206921407370306,0.009824263901021162,0.003883277178239288,0.017901594394405345,0.0038375781570074772,0.003693187483938389,0.004703922195422006,0.02674270254438702
CSM79HPQ_P,0.0,0.0,0.0,0.0,0.0,0.0,0.0,0.0017999833013976941,0.0,0.008543698089270307,0.0,0.0,0.0,0.0024466077944664613,0.0,0.008070886091902176,0.006479897875969294,0.0,0.054416964099580384,0.00829699987029702,8.559346465016167e-05,0.0,0.0,0.0,0.002813766999886051,0.0,0.0,0.0,0.0,0.0,0.0,0.0001769631753810091,0.0,0.0004491818997653269,0.0002966890032352229,0.0,0.0,0.00572320963939946,0.00018662525973415616,0.0003291410039430756,0.0,0.0,8.569848730617414e-05,0.0,0.0,0.0,0.0004271271420027086,0.0,0.0,0.00023871649711634042,0.0030891364039507424,0.0,0.0,0.08713393696855254,0.006698029932507191,0.0,0.05958575913789002,0.00022107269090624576,3.927847334866314e-05,0.0,0.0,0.0,0.0,0.0009839572641808154,0.0,0.0,0.0,0.0,0.0,0.04939530580234421,0.010736361101498622,0.0,0.0025385026184773715,0.0,0.0,0.6450249980176974,0.0001136345138054907,0.002693200990783737,0.0025161327927467154,0.0010425599062357728,0.0007119485851085226,0.0,0.0,0.0,0.0009378523181913419,0.0017561888538404947,0.0,0.0,0.02391439393263112,0.0,0.0,0.0,0.0
CSM79HPM_P,0.0,0.0,0.0,0.0,0.0,0.0,0.0,0.037383581837366835,0.0,0.02882843675594397,0.0,0.0,0.0,0.0,0.0,0.02536263905651431,0.03545482062399949,0.0,0.14480859888474829,0.02265921145417156,0.010594572921786692,0.0,0.0,0.0,0.01990824550908131,0.0,0.0,0.0,0.0,0.0,0.0,0.0,0.0,0.0008862113225353593,0.0011985590941673088,0.0,0.0,0.0,0.0010609943286647315,0.0005921982004157245,0.0,0.0,0.0,0.0,0.0,0.0,0.0014103407642826098,0.0,0.0,0.0,0.0049049030036657235,0.0,0.0,0.05676231827699967,0.04671482055593073,0.0,0.011012097904393477,0.0005481730839220825,0.0,0.0,0.0,0.0,0.0,0.0,0.0007950870165759506,0.0,0.0,0.0,0.0,0.08570427615627138,0.029234433964905285,0.0,0.011063259261715265,0.0,0.0,0.368635145634756,0.0,0.0006354547986663355,0.00015963221790961504,0.005426836679004313,0.0027568945143936333,0.0,0.0,0.0,0.0,0.0,0.0,0.0,0.045498256177212405,0.0,0.0,0.0,0.0
HSM7CZ2X_P,0.0,0.0,0.0,0.0,0.0,0.00033896034694044195,0.0,0.0,0.0,0.0,0.0,0.0,0.0,0.0,0.0,0.15577700058729338,0.0,0.0,0.0,0.0007342951515825573,0.023523032533974784,0.0,0.0,0.016241552623925178,0.00589250705980494,0.0,0.0,0.02676563425291661,0.0,0.0,0.0,0.0,0.0,0.0210810908345428,0.0,0.0024986219860181147,0.0004246943775500394,0.0,0.0,0.0017610646596680104,0.0005347927759547543,0.0003766792426902054,0.00589077402945968,0.002414519042792291,0.0,0.007799554040320684,0.0,0.0,0.06623764311135219,0.0025002530734018883,0.0,0.002059145879052627,0.0,0.32510018189682616,0.0,0.0,0.03507571864435841,0.0012803016533007548,0.0008546897890973429,0.002856034008987495,0.0,0.0005668028658613104,0.0,0.0,0.0,0.0005874972870429374,0.0,0.0,0.0,0.0,0.1930646776099717,0.08141623647586443,0.0,0.0,0.0,0.0,0.0010489930736893676,0.0,0.0,0.0021024716376841124,0.0,0.0,0.002447242733429248,0.0,0.00043988387881143065,0.008896154477023941,0.0,0.0,0.0013714386608691023,0.0,0.0,3.985969794096626e-05,0.0
CSM79HM5_P,0.0006463463331399282,0.10183949022046308,0.0,0.0,0.05578428801826407,0.0,0.0014987884582395238,0.0,0.0,0.0,0.0,0.0,0.0,0.03858601781446691,0.0,0.03355301112774231,0.24080527226706583,0.028483142673635702,0.15705093537009818,0.010018258128542373,0.012000320862428913,0.0,0.020465213109981097,0.0,0.0,0.0,0.0,2.5968289857171105e-05,0.0,0.0,0.0,0.0,0.0,0.0003906246991227009,0.0,0.0,0.0,0.0,0.0005003297202565975,0.0002800393969766969,0.0,0.0,0.0,0.003868394907706387,0.0,0.0,0.0,0.0,0.0050762504914443835,0.010396888998875111,0.007318436264408687,0.0,0.0,5.567777401579906e-05,0.0,0.0,0.2001032789697455,0.0,0.00015591977426954005,0.0,0.0,0.006299400957767748,0.0,0.0006976227020951899,0.0012008133356411366,0.0,0.0,0.0,0.0,0.006252636028999537,0.0,0.0,0.0,0.0004051493358224746,0.0,0.0,0.007582960708546989,0.006296540044478398,0.0,0.0030880257904730927,0.0,0.0,0.0,0.0047560482732902825,0.0020538056363732997,0.004463244801638027,0.002785319157434628,0.0,0.020985129082757088,0.00012764074675558677,0.00013193211668961082,0.0003504618779452965,0.0036203757325451004
CSM7KONS_P,0.0,0.0,0.0,0.0,0.0,0.0,0.0,0.00021169113984998125,0.0,0.004356437039455618,0.0,0.0,0.0,0.004320443137271237,0.0,0.004688926705627663,0.0027939599027929666,0.0,0.010359835419217346,0.0048236101200327215,0.0010989354883534092,0.0,0.0,0.0,0.0003822616496080136,0.0,0.0,0.0,0.0,0.0,0.0,0.0,0.0,0.0,0.0,0.0,0.0,7.732814593914552e-05,0.0,0.0,0.0,0.0,0.0,0.0,0.0,0.0,0.00018755279595185023,0.0,0.0,0.0,0.004062825059915962,0.0,0.0,0.06034116024474572,0.004183623586238026,0.0,0.038680948448935173,0.0002117979466813889,0.00014162585844655658,0.0,0.0,0.0,0.0,0.0002532389972675608,0.0,1.4098501745811063e-05,0.0,0.0,0.0,0.010178370612655734,0.006716013558913634,0.0,0.0034586188146428325,0.0,0.0,0.8241642338740642,0.0,0.00047849460470631485,0.0022515948129048714,0.00013105198213719829,0.0,0.0,0.0005448216470104715,0.0,0.0003921946849289259,0.0009939443730796799,0.0,0.0,0.009500360846879911,0.0,0.0,0.0,0.0
PSM7J1C2_P,0.0,0.0,0.0,0.0,0.0,0.0,0.0,0.0,0.0,0.00022560272732245252,0.0,0.3207676308175562,0.0,0.0,0.20411912556016884,0.0,0.24802778075440987,2.4908818474087817e-05,0.10735090750450851,2.4095469299423726e-05,0.0,0.0,0.0,0.0,0.0,0.0,0.0,0.0,0.0,0.0,0.0,0.0,2.9483907581573336e-06,0.0,0.0,0.0,0.0,0.0,0.0005004130797120826,0.0,0.0,0.0,0.0,0.0,0.0,0.0,0.0,0.0,0.006295119274606405,0.0,0.0,0.0,0.0,0.0,0.0,0.0,9.251846861804046e-06,0.0,0.0,0.0,0.0,0.0,0.0,0.0,0.0,0.0,0.0,0.0,0.0,0.0,0.0,0.1052911007196717,0.0,0.0,0.0,0.0,0.0,0.0,0.0,0.0,0.0,0.0,0.006657059657331927,0.0,0.0,0.0003225946164011455,0.0,0.0,0.0,0.0,3.1517280518233563e-06,6.089951945297389e-05,0.0003174095154126619
CSM7KOMR_P,0.0014286042980354654,0.0369322515302866,0.0,0.0,0.06424604571217234,0.003393346076134688,0.0,0.0,0.0,0.0,0.0,0.0,0.0,0.021728054854509408,0.0,0.011395356226468662,0.07421900631714579,0.022093758076605578,0.038808732710509754,0.01388747029422188,0.006430362814361424,0.0,0.1783156250110326,0.0003535293465270551,3.8104230531325156e-05,0.0,0.0,0.004220439182300257,0.0,0.0,0.00021389499374932362,0.0,0.0006662762098975802,0.0007830236766053783,0.0,0.00022826016692087752,0.0003463467599412781,0.0,0.0009522405470160555,0.012561856983501114,0.0,0.0,0.00408019613574407,0.03954707826377648,0.0014564824730887353,0.005091966934293091,0.0,0.0,0.03466596285434043,0.010346089891166772,0.03028239373941406,0.009796561147976989,0.0019254201600109862,0.004913010963427122,0.0,0.0,0.16196976228438395,0.0,0.008735851369640134,0.0,0.0,0.045496207776890854,0.0,0.004336091000206835,0.0015751777598875915,0.0008364669903537863,0.0005207983968466742,0.0,0.0,0.002744113292033867,0.0,0.0,0.0,0.003961013893922449,0.0006027285794268078,0.0,0.005398383382367676,0.006898326591238146,0.0002758600203961112,0.0,0.0,9.946056339965702e-05,0.0,0.0018307074080832833,0.04216470498864726,0.013795070578652308,0.006109946409382358,0.0023946013244446193,0.03245068271702886,0.00729458624101279,0.0041039351931038415,0.0033756939565594735,0.007682080700377671
CSM79HQR_P,0.0,0.0,0.0,0.0,0.0,0.00997562074466564,0.0,0.007697992338066745,0.0,0.0,0.0,0.0,0.021182638422319825,0.0,0.0,0.012305058177391618,0.018243823224287074,0.001706071230364897,0.019142502591487486,0.09075552895565023,0.0,0.0,0.0,0.0,0.0,0.0,0.0,0.0,0.0,0.0,0.0,0.0,0.0025307673082558303,0.0,0.0,0.0,0.0,0.0,0.0,0.0,0.0010948283401175526,0.0,0.0,0.0,0.0029809877453001957,0.0008293588902423709,0.0,0.0,0.013473040862400615,0.0,0.09281514498030635,0.0046627087333853635,0.0,0.048782964529053875,0.0,0.0034828099723671377,0.4050212064705743,0.0,0.11264836550812013,0.0,0.0,0.0007169333035465971,0.0,0.0028124011742826625,0.0,0.004872535289200056,0.0,0.0014511708218196409,0.0,0.00023117187457905166,0.004707989822220435,0.014000767602531099,0.0,0.0,0.002238875255055836,0.0,0.011506888320877751,0.0,0.0,0.0,0.0,0.0,0.0,0.012692175220613194,0.003954686582332625,0.011522120174559116,0.00112881506125692,0.002100027065035249,0.0019736130412851623,0.012438518228694987,0.0009723518023531246,0.013477081966438528,0.027870458368960672
CSM7KOMV_P,0.0001189487757277629,0.06348746237039406,0.0,0.0,0.044275520513412915,0.0010278888799826141,0.0,0.0,0.0,5.100866418595958e-05,0.0,0.0,0.0,0.03475008112092182,0.0,0.009690253101562537,0.19014872669086216,0.037059616269106276,0.07238783130448871,0.02866494037344343,0.030636275218747868,0.0,0.07352684620287646,0.00033573559851809114,0.0,0.0,0.0,0.0007574143665259713,0.0,0.0,0.0,0.0,5.465214019924241e-05,0.0010103144662714852,0.0,2.164653396126856e-05,0.00023286098167245835,0.0,0.00042328618389609316,0.002558470288739044,0.0,0.0,0.0009105475201430642,0.013010102716018478,0.0002426126380609506,0.001721113772039279,0.0,0.0,0.013658748607442034,0.0,0.0334466811576995,0.0015747317651526808,0.0,0.009377128486538641,9.097973927285648e-05,0.0,0.1635985026599518,0.00043668131629786823,0.0011104028955775487,0.0,0.0,0.056664624891285105,0.0,0.0006215341434423646,0.0012433897700623719,0.00024368424865309262,0.0002722962514632842,0.0,0.006214269823831505,0.003384039088925247,0.0,0.0,0.0,0.0006903315434578816,0.0007920273886521581,0.0,0.010510142365610386,0.020524021865999807,0.009912397977313574,0.0,0.0,0.0,0.0,0.014733788353478897,0.008024648758196213,0.004090873435502116,0.0025293224806327815,0.00039467418108590156,0.024489624023280525,0.0008580386011281058,0.0006448952543510604,0.0006061029509155197,0.002157259283041076
HSM7J4JT_P,0.0,0.00019478446438729222,0.0,0.0,0.0,0.0,0.0003733919139356399,0.0,5.414347823646767e-05,0.0,0.0,0.021194090393417294,0.0,0.0012026014840815422,0.0,0.015782823905930325,0.0,0.003556522214727972,0.0124785310654259,0.02181123800713703,0.0,0.04515995271029376,0.0,0.002796422612737561,0.000126885021151722,0.001919892522994746,0.00014867446971030045,0.0025252650306752515,0.0,0.0,0.0,0.0,0.0,1.4856442199030763e-05,0.0,6.23970572359292e-05,0.0,3.037317071801845e-05,0.0005266883878856387,0.002217131414695354,0.0,0.0,0.0,0.0034339290546559703,8.066497875473741e-05,0.0,0.0003762531546554532,0.0,0.002841872321094596,0.0031045562287174582,0.0,0.0,1.8267921518808198e-05,0.0018190888114813224,0.0,0.00605163417012519,0.1912838464143206,0.0,0.0,0.0006838365320353864,0.0,0.0003856072108548429,0.0,7.681330855498869e-05,0.0,0.0,0.0005339515374051649,9.596161183373946e-05,0.007104130564136526,0.002065265561105262,0.002296255725370192,0.06630672258411414,0.0,0.00034070774109777217,0.0,0.5011210010997068,0.00020138732758686147,0.001169477120363703,0.037272612522968325,0.0,0.0004866310178082521,0.0,1.9368398718736404e-05,0.0,0.00010179414099335894,0.0007218029954329094,0.0,0.0,0.03782989417701197,0.0,0.0,0.0,0.0
MSM9VZN4_P,0.0,0.0,0.0,0.0009318406976315084,0.035240004806814315,0.0,0.0,0.06270754225123552,0.0,0.23622275231753737,0.0,0.0,1.797824254163146e-05,0.0,0.0,0.11994648161062342,0.058703314525568366,0.003286044247293564,0.023323836405562653,0.026892990661722332,0.0041325356040169065,0.0,0.0,0.0,0.0,0.0020023977298210785,0.0,0.0,0.0,0.0,0.0,0.0,0.0,0.0,0.0,0.0,0.0,0.0,0.0,0.0017037696589716632,0.0,0.0,0.00025150615092450746,0.0,0.0004449141917407953,0.0,0.0017796567669631812,0.0,0.0,0.000365431435240951,0.03703139474259414,3.595648508326292e-05,0.0,0.01652976392675096,0.0,0.0003730012215742695,0.0993682067081554,0.0,0.00973720540520593,0.0,0.0,0.0,0.0,0.0029433221710525688,0.0,0.0,0.0,0.0,0.010817035425653815,0.0024280089664119116,0.0015870057047802253,0.01298464374219957,0.0,0.0,0.0,0.0,0.04903802209052897,0.051040609065008374,0.0011873209863810079,0.0,0.0,0.0,0.0,0.0,0.0008595492381483165,0.00044794210627412275,0.0,0.0,0.1179242131916774,0.00037054104101594097,0.0,0.000349913373257648,0.006993347104036304
HSM7J4JV_P,0.0007181555911115504,0.004022083155724961,0.0016180380092212206,0.041492610462111244,0.00869529404739106,0.0,0.0,0.009254065429894629,0.00014970583935142572,0.0004988478622129694,0.0,0.0,0.00978205136125234,0.0,0.016917274653586452,0.006940729254827344,0.020139965693269826,0.0,0.0069447447484550645,0.0168010312611327,0.0017346932471752545,0.0,0.0,0.0,0.0,0.0,0.0,0.0,0.0,0.0,0.0,0.0,0.0,0.0,0.0,0.0,0.0,0.0,0.0,0.0015809719141961084,0.0,0.0,0.0,0.0,0.0,0.0005988233574057029,0.0005659786787584505,0.0,0.0,0.0,0.0,0.0,0.0,0.037373125845570294,0.0,0.0033279175650046643,0.06695835624223928,0.0,0.0006557609978192781,0.0,0.0,0.0,0.0,0.00089576396310688,0.0,0.0,4.447931403013473e-05,0.0004263630541638609,0.009379266461979452,0.0007063150329785283,0.0005604187645046837,0.036726425448757156,0.0,0.0,0.0004965827119614348,0.6759445161742024,9.52392719395246e-05,0.0,0.0025460288827249345,0.0006944744748455064,0.0,0.0,0.0027641010751226786,0.0,0.00016504708423681938,0.0007997010001667973,0.0010984949106192302,0.0006366101820563034,0.0019725340235863917,0.005204079741525764,0.0004056678177748399,0.0014242647013399394,0.00024340069066490397
CSM5MCXB_P,0.0005029272163327039,0.0009760766811314735,0.007736766703861402,0.006049318545659683,0.02790251347031437,0.0033373890208543097,0.0,0.011921364434315223,0.0,0.00013203581743982803,0.0027965743674635366,0.0,0.0002644517763885999,0.020384961703277252,0.0009232370113882794,0.014569810327126974,0.2295421144839237,0.02538179512450775,0.07235195325577265,0.02911959986811624,0.00411921339091548,0.0,0.04783079850751375,0.0007723208323375738,0.00043399488937755375,0.0016054643061061624,0.0,0.004582986031826968,0.00210877166394781,0.0,2.5849622608181305e-05,8.971339611074688e-05,0.00012025143066256892,0.0007573685996524493,0.0,0.0005111636156931538,8.768597472971305e-05,0.001731671287075518,0.0003425074995584023,0.004271269994493017,0.0,0.0,7.248031437195934e-05,0.018437496752957944,0.0010064880018469807,0.0011927573412294638,0.0,0.0,0.026583042292770292,0.0,0.04800224232804742,0.0014730483471573903,0.0010171319640974086,0.008337897143337932,0.0,0.0006006235841312715,0.08464332209212655,0.000236828160072014,0.00769659841774967,5.828836470472255e-05,6.246992130310481e-05,0.03835589811092479,0.0,0.018839306327911587,0.0019980237710088373,0.001364201161763137,0.0004296866189428569,0.0,0.0,0.009137968305828406,0.00027028061285907216,0.000959477168574259,0.002843205059227314,0.004225526299583441,0.0,0.0008536711152515561,0.0010846704388530978,0.03400885324231563,0.00015002918219650326,0.0,0.0,0.0007548343229261571,0.006907424645182251,0.05452040206807118,0.017391727461853433,0.02248460997101041,0.003717023674452894,0.0005827569332109109,0.022390841732137595,0.0021517276544584644,0.00808713046127131,0.005701995920321327,0.018084091863476485
CSM5MCYI_P,0.0,0.0,7.053732591161122e-05,0.00020502273289469848,0.025546286204389736,0.002920763790695338,0.0,0.0013848216205005449,0.0006727510961370822,0.0019256797994277079,0.0,0.0,2.030783655648225e-05,0.01132561563530582,0.0009803932158863452,0.009321945101868645,0.3110598854335561,0.058349491385912625,0.0378480822597005,0.022784204391893718,0.0023910317137113544,0.0,0.09586022591387965,0.0,0.0,0.0,0.0,0.0011455564185185866,0.0,0.0,0.0,0.0,0.0006421813208951435,0.0003163917727337049,0.0,3.164997931409202e-05,0.0,0.0,0.0001248715907409228,0.005765373194303868,0.0,0.0,0.0,0.04141070331006934,0.0026602185684919595,0.003543717479106153,0.0,0.0,0.01157092998009184,0.0037674277424491033,0.015871546452555816,0.004909851569158446,0.0008180385438417026,0.004568075000729138,0.0,0.0,0.048065516537384244,0.0001190384887512949,0.01986128019305407,0.0,0.0,0.0336402553170345,0.0,0.0026820386907494566,0.00045422581234046735,0.001128705234992995,0.0002319198142913159,0.0,0.0,0.0049083392834574305,0.0007421001975693248,0.0,3.164997931409202e-05,0.0008093969112644762,0.0006372123821632383,0.01533004015118536,0.00023732083465208249,0.04184267691852345,0.0018172273105835155,0.0,0.0,0.0,0.008016950562300229,0.017999008372661763,0.008760455025163353,0.007212198528546013,0.007309200854225381,0.0024385606928861,0.017789124721442378,0.0022706969800734755,0.012798797948908508,0.02574072293737733,0.03731176093787639
CSM5MCYM_P,0.0007495022432042294,0.0,7.645465462103032e-06,0.00012553361032936912,0.0223544778134758,0.002326564465701579,6.449320059161105e-05,0.0022187880654777393,0.0009767698697631954,0.011575974593378387,1.6770698433000196e-05,0.0,0.00010272052790212622,0.0302851684628989,0.000307051758074783,0.07167118283489421,0.19838996362484837,0.026396339449787913,0.07770357839845256,0.03541453590421564,0.016757627153339182,0.0,0.017248663338340704,0.0,0.0006858722403260815,0.0,0.0,0.0032360049138146414,4.759918819954468e-05,0.0,2.8238896626154745e-05,1.960691949152229e-05,0.0,0.0002992829786536138,0.0,0.00015549890238245037,7.744116629355973e-05,0.00047007281196027027,0.0005063271159257266,0.0030705175807478305,0.0,0.0,0.0,0.002954849087143755,0.0006334638077229559,0.0004911594989605866,0.0,0.00022665105676363502,0.03766180949423766,0.0,0.012614524756633737,0.0003075450139110477,4.5502850895419654e-05,0.008497194977373121,0.00028830803629672396,0.0,0.18672076367841595,0.0004436836247201082,0.01135228307163234,0.0,3.736412959705191e-05,0.0007751515466899945,0.0,0.0031849529347612437,9.100570179083931e-05,0.00040348327406453414,0.00036044670235043806,0.006117728823232154,0.0,0.012291195555962219,0.002975319204348741,0.0,0.004378508744562779,0.002672583434841274,0.0,0.009641795145425385,0.007604648541652127,0.09011278541324111,0.0007231130559640674,0.0,0.0,9.001919011830988e-05,0.008946551044210275,0.007506737258153581,0.004380605081866904,0.004742778179644269,0.005475016468579234,0.0004577414160536525,0.005294484832506349,0.002368984467620344,0.003392613641828687,0.0005732865956986612,0.029873546467536
CSM67U9T_P,0.0014652440543664689,0.0,0.0,0.0001657379130463344,0.0,0.0,0.0,0.059637236483015305,0.05133825052701131,0.08785550152645123,0.0,0.0,0.0004494570395742844,3.606940600035728e-05,0.00047464517225609816,0.305422229171908,0.001496880349014827,0.051287370498994046,0.11423825696509804,0.0016252390731613497,0.014410634469919277,0.0,6.448161966544318e-06,0.0,0.004574164895017375,0.0,0.0,0.0,0.0,0.0003130381129695812,0.0005262304679884526,0.0006065302349780748,0.0,0.0024702505483708372,4.060326988308375e-05,0.003274255743574332,0.0005094047953570012,0.024528505863142404,0.0008615348902487573,0.0,0.0020608930160260002,0.0,0.0,0.013973670744155172,0.0,0.0035375221063646493,0.0,0.0,0.00028311461134358643,0.0005284470236644523,0.0,0.0,0.0,0.0005921226230840774,0.0,0.0,0.0006043136793020753,0.0019945978508074664,0.00036321287327175414,0.001214370252855604,0.0,0.0,0.0,0.001219911642045603,0.0001396430075879754,0.0,0.004279967505293791,0.0,0.0,0.012180577954802216,0.05890154150364489,0.00011868648119670635,0.13098534262258238,0.0,0.0,0.0024993680297510142,0.0,0.0,0.004923574671579496,0.0,0.0,0.0,0.0,0.0,0.010631608547401398,0.009418245819853066,0.0,1.1385035972179811e-05,0.011410627114984534,0.0,0.0,0.00010911499077761713,0.0004044206583392014
CSM5MCYO_P,0.004553096367220871,0.004674156018511899,0.0023058509965705257,0.014995673299474743,0.016548227592144422,0.0041450560711799945,0.0,0.011495279113416726,0.0,0.007296015587117315,0.001886375456447663,0.0022378992576987224,0.009247703879956323,0.01103358113360653,0.02361092021828121,0.014943884838295748,0.16910197049047296,0.012689052623014084,0.014161780115649895,0.04948766807884599,0.0026390124347283957,0.00445809587792437,0.15822749318558407,0.009458046398502859,0.0015738854210533833,0.0006088167930957513,0.0,0.0035240343541121234,0.0,0.0,0.0,0.0,0.0003801119114560253,0.00032876326735710605,0.0,0.0,0.00012996594716257505,0.001346719899193925,0.00044476502222725553,0.007953762030371566,0.0,0.0,0.0005993607258741087,0.027878025529182403,0.002841878062913633,0.003193621772704731,0.0,2.913788155506124e-05,0.011358605955782987,0.00013634329482368278,0.022249796309714784,0.004941124986118272,0.0010280724246785758,0.019516003294229922,0.007262039717681414,0.0024293296418019736,0.13593206585381135,0.0005051299164677409,0.006014278661504679,4.739029037823167e-05,8.642405623501183e-05,0.027642283574261454,3.5295320676130784e-05,0.0012197227173218652,0.00075296684109079,0.0017268318106499502,0.000738452877448269,0.0,0.0,0.005953693858724155,0.01012546881751879,0.002542912402731703,0.0,0.0017148467952178682,0.0,0.06793953394783107,0.001027082836248404,0.008883755246193106,0.0027718371929114673,0.0,0.00015250657251649036,0.0002494862386733357,0.003054859483940628,0.003767912925014485,0.002459347157517188,0.004901431494641377,0.003513148881380233,0.001137257014807541,0.01594314924422932,0.0016468950563460652,0.003287632673571061,0.003942080488724738,0.011333316473678594
PSM6XBSG_P,0.0,0.0,0.0008900581646771891,0.003502836384537984,0.0,0.0011702809162899255,0.0,0.13882099942510143,0.003367144105927735,0.01738566417835102,0.000545680519652557,0.0,0.0025306350013917555,0.008812199702849506,0.009360999585228735,0.07613262240977217,0.028793277648549512,0.08187204186933425,0.026271168905277326,0.15563124515913895,0.019469398479768175,0.0,0.0,0.0,0.0007297229205262282,0.0,0.0,0.0,0.0,0.0,0.0,0.0,0.0,0.0006339584848173857,0.0,0.0,0.0,0.0,0.0,0.0,0.0,0.0,0.0,0.00043691873924924635,0.002654993595428428,0.0,0.0022025820213033755,0.0,0.0009608676985726523,9.846788340529182e-05,0.005374869935571642,0.0006582895140854304,0.0,0.02895704419169981,0.007171726844892496,0.0,0.13189289480916205,0.0,0.0025549660306598003,0.0,0.0,0.0,0.0030140322452684204,0.0032345711900441587,0.0,0.0,0.0,0.0,0.0,0.008052322942632112,0.017529778736323283,0.00037130814323157037,0.023685113226108355,0.0,0.0,0.14709043001350997,0.009184027739868855,0.004114023521450662,0.005555792973718641,0.0,0.0,0.0,0.0021694127976430925,0.0,0.00050918397575049,0.0025972853849849887,0.0,0.0,0.0076076057965661845,0.0,0.0003018503331843318,0.0013658649592522846,0.0047338408952404655
CSM79HGJ_P,0.0,0.0,0.0,0.0,0.0,0.0,0.0,0.031404045619114244,0.0,0.05962022874228391,0.000371105307463388,0.0,0.0,0.0002747451143549742,0.0,0.029673226848493536,0.028222434679322117,0.0,0.45864541712430573,0.016428873997730038,0.014969890134289893,0.0,0.0,0.0,0.010737155477279365,0.0,0.0,0.0,0.0013340605258421007,0.0,0.0,0.0,0.0,0.0,0.0,0.0,0.0,0.0060726323039463495,0.0,0.0,0.0,0.0,0.0,0.0,0.0,0.0,0.0,0.0,0.0,0.0,0.0,0.0,0.0,0.013902167457632234,0.011005433464580085,0.0,0.007744815789275133,0.0,0.0,0.0,0.0,0.0,0.0,0.0,0.0,0.0,0.0,0.0,0.0,0.021523137763818364,0.05114193295960525,0.0,0.015199904286519598,0.0,0.0,0.2065869844756615,0.0,0.0,0.0,0.001026656419863134,0.0,0.0,0.0,0.0,0.0,0.0,0.0,0.0,0.014115151508619065,0.0,0.0,0.0,0.0
CSM79HGD_P,0.0,0.0,0.0,0.0,0.0,0.0,0.0,0.13556322650878597,0.0,0.05247928987662288,9.142546262519564e-05,0.00013622501364130208,9.830117309289542e-05,0.0,0.0010829243986627169,0.05456692746737822,0.11118453558174791,0.0,0.08633765174504991,0.021084366149201405,0.009646084621302514,0.0,0.0,0.0,0.021095646611687474,0.0,0.0,0.0,0.0,0.0,0.0001399851678033254,0.00041941833852968715,0.0,0.0028848977060803504,0.000650936401934266,0.00022668357948197744,0.0008728929304696998,0.018504900394053406,0.003460201292869919,0.0020484245544942483,0.0,0.0,0.0016588725833086321,0.0,0.00021368418937898253,0.0,0.0004883903091588007,0.0,0.004668070242687868,0.0,0.001194762126738896,0.0,0.0,0.0795908608486195,0.0018277572216715081,0.0004529374270597236,0.1000722057032084,0.0019426030730773061,0.0,0.0,0.0,0.0,0.0,3.3304222577920855e-05,0.0,0.0,5.167526148380623e-05,0.004941487166754992,0.0,0.06312718699966446,0.08311702598878891,0.0,0.013608427644266634,0.0,0.0,0.020695781074800308,0.0037269573724214595,6.660844515584171e-05,3.72792426920598e-05,0.0,0.008453148855156602,0.0,0.0,0.0,0.0011398638759733558,0.0069410297171429375,0.0,0.0,0.0793751354326954,0.0,0.0,0.0,0.0
CSM79HGL_P,0.0,0.0,0.0,0.0,0.0,0.0,0.0,0.22080830631420442,0.0,0.09626997318134559,0.0,0.0,0.0,0.0,0.0,0.15809854516184352,0.08887544156326506,0.0,0.05633815471619833,0.009055605777123828,0.07305053742319215,0.0,0.0,0.0,0.001297187730693045,0.0,0.0,0.0,0.0,0.0,0.0,0.0,0.0,0.0029803870830650506,0.0009147700490471733,0.0,0.0,0.0,0.0004411561390616693,0.0,0.0,0.0,0.0,0.0,0.002289452111703699,0.0010317977213746324,0.0049206654584289505,0.0,0.000725638954805867,0.0023596462529749673,0.006295010589207374,0.0,0.0,0.059910980351592896,0.02640501435498266,0.0,0.0320771502122053,0.0,0.00037096199779040065,0.0,0.0,0.0,0.0,0.0,0.0,0.0,0.0,0.0,0.0,0.025609967433287764,0.05290290959769547,0.0,0.011238025862217097,0.0,0.0,0.04083940063412824,0.0015441587973418767,0.0005047239533969302,0.002676362218390932,0.00044385159408648605,0.0025997663714357236,0.0,0.0,0.0,0.001037750184554436,0.0030258728866088326,0.0,0.0,0.0130608273227494,0.0,0.0,0.0,0.0
CSM79HGN_P,0.0,0.0,0.0,0.00010437721883304963,0.0,0.0,0.0,0.025385019014522166,0.0,0.017916273345414072,0.0001018712939550119,0.0,6.667939240691689e-05,0.0,1.6560894846162363e-05,0.030423889177978197,0.012467847894282222,0.0,0.032848970740385314,0.0035758458477042686,0.011431702433841406,0.0,0.0,0.0,0.0012276852837273522,0.0,0.0,0.0,0.0023514291616439217,0.0,0.0,0.0,0.0,0.0002796830070401236,9.642363117666902e-05,0.0,8.69446979423524e-05,0.0004993327702629087,0.0003282761590229421,7.071066286289063e-05,0.0,0.0,0.0,0.0,0.00028676496865196935,5.9052664517236854e-05,0.0009909298593805704,0.0,0.0,0.0,4.9573731282920234e-05,0.0,0.0,0.016912813861643314,0.00021856023066711645,0.0,0.004518073601846453,0.0007364150543763909,0.005767004770409343,0.0,0.0,0.0,0.0,0.0,0.00014240190502588297,0.0,0.0,0.0,0.0,0.010939778484957044,0.019207042564114638,0.0,0.0072911518625341145,0.0,0.0,0.7883705038260026,0.0,2.21175108800721e-05,0.0010056385488820961,0.0,0.0005837715433272233,0.0,0.0,0.0,0.0,0.0,0.0,0.0,0.003618882383653177,0.0,0.0,0.0,0.0
ESM5MEC7_P,0.00034034267072251316,0.011568438812580522,0.014447154509148522,0.02066120268286127,0.005840429266026426,0.00047691656992146806,0.0,0.017076619627686446,7.5803010844198854e-06,0.007417388850944557,0.0007500643683193778,0.01052775340946525,1.7730195756778715e-05,0.0592530294223605,0.0009824841083484553,0.0007742185480460039,0.10748545738508905,0.0020822701639863234,0.06017512808139238,0.33232553872814363,0.0005944754765696748,0.00038518207883204774,0.0013539188614850295,0.0,0.0005782870369656594,0.0016423557417311761,0.00015520345271151224,0.0001336188665728251,0.0009977731901966921,0.0,0.0,0.0,0.0002348608539376195,0.000528308441680247,2.7109212352755864e-05,0.0,0.0027971311001509375,0.0003612848584642156,0.0002608137491758028,0.001007923084869051,0.00013734477727533656,0.0,0.0019343900530004372,0.008836960828601427,7.066382366832096e-05,0.0,0.00040766602272651354,1.2334049222106931e-05,0.01824565623051927,0.0006508780558249345,0.00011935762215976395,0.0,7.361885629445075e-05,0.004868865930426711,0.0005980729075927893,1.5289081848236717e-05,0.06434750566980825,0.0005595290037737051,0.003246424539002062,0.0012185012794006472,0.0,0.0,0.0001888651287135124,0.030016322058470588,4.7922920415061306e-05,0.00025991439142002425,0.0017470666804396881,0.0,0.008493020726855798,0.015808268232679782,0.01331640485077599,0.008370579592390508,0.0,0.00142586748194732,0.000620685331166652,0.014274477820039025,0.0022040689000546294,0.10637899038612254,0.0013329766737433272,0.0,0.0010491650619554708,0.002000942526928056,0.0024079661512575847,0.0,0.00010625269486127534,0.006372592098088581,0.00031850112522503217,2.5695935879389445e-05,0.010354819760996961,0.0007504498073575687,0.0,0.0034819277913366664,3.5203432154763534e-05
MSM79HD8_P,0.0010451317271838424,0.0007724568156053859,0.0036039681891968274,0.02265707269050137,0.001057585981608436,0.0,0.0,0.009963110498394353,0.0025506313061567825,0.0018276984669691925,0.009029627499110985,0.0009030067061031852,1.0549486100832279e-05,0.001853486099660116,7.076946925974987e-05,0.0019619113734742253,0.009463035553086844,0.00422023400225378,0.009634464702225369,0.029533286339279968,0.0001570701263901695,0.00123135946099159,2.8131962935552746e-05,8.498197136781559e-05,0.0,0.0011764142208830885,0.0,0.00010739962933208419,3.5604515590308945e-05,0.0,0.0,0.0,0.001116633799645039,0.00013611767482879427,0.0,0.0,0.13497876989182525,0.001240004178768661,0.006561487313437099,2.6813277172948712e-05,0.006098775131403372,0.0,5.611740523081616e-05,0.009831534963414526,0.0,0.00012600775064883002,0.0,7.809550127421673e-05,0.543729304875313,0.05038566430333757,0.00022608134796644734,0.00012410298232506863,0.0,0.0030351750635936206,0.0004715034204510872,0.0005336281719337661,0.022800516397344633,0.0049381851396715325,2.476198820889799e-05,7.5604650389298e-05,0.0,0.00013157553497982483,0.0,0.0,4.981701769837466e-06,7.326032014466861e-05,0.00020131935975754934,0.0,0.002446894692831932,0.0019961972033019303,0.013079018434787397,0.003734078517773759,0.0,6.315039596470433e-05,0.0,0.027575770585014422,0.00030681422076587214,0.003323820724963615,0.0004994888627463506,0.0005808078181069327,0.00011780259479262713,0.0,0.03634884044297878,3.26741027845222e-05,4.205142376303978e-05,0.002808068071145148,9.655710195067324e-05,0.0,0.004643971693970544,0.0,0.0,0.0017535590229827878,0.0005654231508765524
CSM79HM9_P,0.0,0.011934407314594008,0.003027375861404851,0.0035402912944728243,0.0175262353619447,0.0032773346494496727,0.0,0.02911944893085753,1.499752728268927e-05,0.010375789291740526,0.019906092982919444,0.0018551941248686626,0.02134260613781303,0.007556504121382987,0.000825863835700089,0.012711154248443289,0.08735272271984158,0.013315804556723711,0.019079729229643266,0.02797788714585683,0.006154985196815676,0.0019210582655184729,0.027623820522591342,0.0,0.00048604486335315474,0.00012922869341917254,0.0,0.0009542176733611047,0.00020734081468317913,0.0,0.0,0.0,0.0031669778445278835,0.0002835782450368496,0.0,0.0,1.4372630312577215e-05,0.0001499752728268927,0.0003709388414585146,0.0015984864495466311,0.0,0.0,0.0023288660282135987,0.02823596959451311,0.0017293398750880952,0.002988632249257904,0.0,0.0,0.003607780167244926,0.0,0.017944166455555643,0.00649067984915987,0.0007946189871944864,0.011760935915690902,8.336125581294784e-05,0.0,0.08642550059558932,0.0007148821338081885,0.006609535252875183,0.0,6.0615006100869127e-05,0.029572499234188768,0.0,0.0025951971168753554,0.00038218698692053153,0.001406643079722231,0.0003608155105426993,0.0,0.0,0.009389326934721639,0.009309965019517408,0.0012640415911426605,0.0,0.0009775888200432956,0.0,0.32913198436407803,0.001420390813064696,0.014769689847386415,0.0033735687828469283,0.0,6.39894497394742e-05,0.0021233999044407556,0.0012349213923354388,0.007769843946979243,0.02820722433388795,0.010674740002242132,0.003706013970946541,0.0010554509825192572,0.019308316541310253,0.0015683664155872303,0.0035005478471736976,0.0024092277785700087,0.010848711318721326
MSM79HD6_P,0.0,3.756627257520342e-05,0.016723066703929167,0.11510366671121965,0.0,0.0008118770175417277,0.0,0.040136473914223335,0.014774278342790716,0.011641494226337297,0.00035379125708291306,3.695873177883894e-05,0.06764825007999285,0.00012495089045229385,0.1287166308217597,0.017602076979469167,0.001364941655832189,6.84495963903976e-05,0.06033356014856397,0.34795076489386256,0.0002671154368015812,0.0,0.0,0.0,0.0003440706043410815,0.0,0.0,0.0008188637366999192,0.0,0.00011421766971652145,0.0,0.0001794270485263085,0.0,0.0002452439681324601,0.0,0.0,3.7059988578233026e-05,0.0,1.721365589699348e-05,0.00020403245077906977,0.0,0.0,0.00013973438316382941,0.00029121455505737206,0.0,0.0,0.00010915482974681748,0.0,0.0,0.00018813513327419932,0.005469082248873011,0.0,0.0,0.004458235620521918,0.0,0.0,0.10678845834497785,0.0003835607561047724,0.006641737242655843,0.0,0.0009623446214413297,0.0,0.00029394848864101224,0.0013749660789722027,0.0,0.0005629878046310809,0.0009197155088964223,0.0001780094533347914,0.0,0.0032606714540881414,0.0021387461168017427,0.009870816575333032,0.0,0.0012234859070786603,0.0,0.00043418915580181207,0.00784183282907447,0.012723524384662429,0.0027017339214328237,0.002739300194008027,0.0,0.0,9.315625544255296e-05,0.0,0.0003352612627937966,0.000768842877799244,0.0,0.0,0.0011852108369076982,0.0,0.0,8.201800750920424e-06,0.0002576985544579318
CSM7KOU7_P,0.0,0.0005354269113785813,0.04771509301897795,0.07056544722833925,0.0031322586002528814,0.0,0.0,0.0001801509403532857,0.06594775310006486,0.0006736952710545687,5.908236047544212e-05,3.372943830545089e-05,8.488203017265787e-05,0.00542072280846046,0.15803358714921803,0.07468903859150333,0.06587180602043669,0.00349870325945879,0.2651826309475638,0.04869782589199007,0.0006385139032856382,0.0,0.0,0.0,0.0,0.00040866230052862516,0.0,0.0006682226138460684,0.0,0.005729648723536212,0.0,0.0,0.0,7.449515016468789e-05,0.0,0.0,0.00013011521730414002,0.00028513660925104676,0.0,8.231323189111691e-05,0.0,9.270011189908688e-05,0.001145795720449075,0.0,0.0003160738755113444,0.0,0.0,0.0,0.00288621239963398,0.0006261166594051579,0.008403767734620354,4.802535917663538e-06,0.0,0.013617088003566832,0.0,0.0,0.05422085388418495,0.00028781709441439384,0.0,0.0,5.305126885791117e-05,0.00042876593925372835,0.0,0.0013594527253441996,0.0,0.0,0.00048416263262956826,0.0,0.0,0.003313749783187841,0.0024716306943696298,0.01343682537633174,0.03671393516107426,4.746692476760473e-05,0.0,3.294763013280799e-05,0.0044107383362876375,0.0020991549435461906,0.0009016481968208776,0.0,0.0009609539310599319,0.012624973432482992,0.00011928158976894553,0.0005398943866508264,0.0005986416864808503,0.0015817096201383956,0.0,0.0,0.017880846403397606,0.0,0.0,0.0,0.0
MSM79H9U_P,0.0004933208441785659,0.000559773792318616,0.0002888857328866065,0.009421782053481471,0.003272576956494201,9.206502190236101e-05,0.00014155862390250246,0.008550394697054738,0.00043817412679845503,0.006044910886711914,0.0001594409276554673,0.0024355697711538134,0.0002668501198748885,4.061013497447503e-05,0.05115377200662638,0.0027625275055789904,0.021213719257291395,0.007976084322330487,0.0031207504291464474,0.033599695054804646,0.0013486718120784462,0.010527139164817963,0.0,0.0,0.0,0.0016007546101444348,6.73759057531063e-05,0.00011386989551081493,0.0,0.0,0.0,0.0,0.0,0.0,0.0,0.0,0.0,0.0,0.0,0.00035660774774460885,0.0,1.9266740172549233e-05,0.00046067121861670114,0.0,0.0005054346628499293,0.0023901141087107934,0.0,0.0,0.004782881720559124,0.0024903703794290286,0.0024972925615269503,1.5921018825220326e-05,0.0,0.026603330238733368,0.0,0.0035346969186021765,0.05155952724726623,0.0,0.00012909869612624306,0.0,0.0,0.0,0.0,0.005023889027268437,0.0,5.653115379969535e-06,0.00011052417416348602,0.0,0.009370904015061745,0.0013970117170622675,0.002021161802891557,0.007428308978981602,0.0023145469541418127,0.00014225084211229463,0.0,0.6750800406147498,0.0025532468668184854,0.0020344293185792406,0.004385779207541672,0.0,2.1112655398661734e-05,0.003930299625498412,0.0,0.0,0.0001700549402056142,0.0036432598078379175,0.0,0.0,0.019332039423672964,0.0,0.0,0.0,0.0
CSM7KONW_P,0.0,0.0006189757707677329,0.0016540760268997133,0.006981715771612229,0.0007557499690297228,0.0,0.0,0.01667527817647868,0.0014866807394745914,0.010693421547856302,0.00018286699563386242,0.0009511877275831869,0.0,0.00919073188808239,0.00026839116045439975,0.01207212265712406,0.04170893182789314,0.0008664156596894634,0.1578210935467827,0.03312030725093423,0.0009021939849221755,0.0005754615914306505,0.0,0.0,0.0045174164696978525,7.82180803886321e-05,0.0,0.0,0.0,0.0,0.0,0.0009495760913114432,0.0,0.0011304016810010967,0.0015167646165471422,0.0,0.0006879538031983672,0.021912666289973546,0.001274589406113108,0.000609198510719154,0.0,0.0,0.0001151782722206231,0.00019876847351506786,0.0,0.00047274663971151273,0.00045061350157956466,0.0,0.010935596758290337,0.0025625016720726315,0.008343655863653852,0.0,0.0,0.15527041054070287,0.04274037904180917,3.3736919288503404e-05,0.06823302670341626,0.0025528318544421687,0.0,0.0,0.00012044295070831949,0.0,0.0,0.004278249646971074,0.00033629476870387156,0.0,0.00034188177444591667,0.003998577032614467,0.0,0.1215496076149169,0.006539697663481964,0.0023177478436038077,0.0305492101854123,0.0,0.0012645972612282967,0.1809641904090236,0.0008905902037656203,0.004080125827964704,0.0012026029859752187,0.0023330046669763154,0.0049597569050824665,0.0,0.0002354063380927101,0.0,0.0005449479446856347,0.001272870327423248,0.0,0.0,0.011066998835646512,0.0,0.0,4.136533097475737e-05,0.0
CSM7KOQ5_P,0.0,0.0,0.0,0.00569217234079862,0.00016514283490820376,0.0,0.0,0.0024744137252494204,0.0017856448024223647,0.00017888789338281558,0.0,0.0,0.0,1.8191989157574465e-05,0.0,0.0007752819379319652,0.0002758107689501151,0.0007514302188142564,0.011062548606721033,0.22978301504932308,0.0,0.0003421104627688309,0.0,0.0,0.001811012520636538,0.0,0.0,0.006960760384720145,6.690609345730164e-05,0.0004802685137599659,0.0,0.00012340232645221348,0.0,0.0012283635345620002,0.0,0.0,0.0,0.0,0.0,0.0,0.0,0.0,0.0,0.02442274544404372,0.004371939260990869,0.0,0.0,0.00031270008029741884,0.0010715081613811362,0.0008008517893590004,0.0,1.233012598457825e-05,0.0,0.13761431264853635,0.0,0.0,0.4445364150562967,0.008896893364118223,0.0,9.975274054736665e-05,0.0007655795437145922,0.0,0.0,0.0,0.006197404306347035,0.0008192459117294368,0.0015429838803816076,0.0,0.0,0.03492508185131789,0.00033958379760805666,0.001912887659918955,0.0001393708502683066,3.3351980122219855e-05,0.0,7.084769110810944e-05,0.03447877171731873,0.0009408290392658929,0.020410805435159964,0.0,0.0005491959393458869,0.0,0.0010493745745727538,0.0,0.0,0.00045904452640946233,1.4351458113197634e-05,0.0,0.0008492626938394346,0.0,0.0,0.006435921497524122,0.0019512929703627234
CSM7KOUJ_P,0.0,0.0,0.00025298660852880235,0.0002982378736871001,0.0,0.0,0.0,0.18737727972019502,0.0,0.023444960796085886,0.1624099942825227,0.0006767667090046314,0.2256366237310249,0.0,0.0003930452809988436,0.0036331159570677624,0.0006663549134814832,0.11356365626618396,0.09166905186886225,0.08062153613829108,0.0034692302909966706,0.0003999531068747785,0.00022285246956276768,0.0,0.0,0.0,0.0,0.0002942333369474278,0.0,0.0,0.0,0.0,0.0,0.0,0.0,0.0,0.0,0.0,0.0,0.0,0.0,0.0005982777889070529,0.0002049321676527338,0.00010151500635069472,0.0027868572305564977,0.0,0.0,0.0,0.0,0.0,0.005959051008887969,0.00011613156545049889,0.00674914610762533,0.0010831270746628856,0.0,1.782018849154207e-05,0.03376685446942842,0.0,0.0007954011099174255,0.0003301740541859873,5.0457162919871924e-05,0.0,0.0,0.0,0.0,5.5062380170495164e-05,0.0,0.0,0.0,0.0032717065163123307,0.01083207165397679,0.0002683039615580492,0.011289289636228885,0.0013318088061965402,0.0,0.0037302259730048175,0.004022757381837885,4.144695525560908e-05,0.002496227976674775,0.0,0.0,0.0,0.00012654336097364706,0.0036577438580167473,0.0010812249197115413,0.003076084896579335,0.0,0.0,0.00654391359971712,0.0,0.0,0.00020743500311502902,0.00037852883531753123
HSMA33P2_P,0.0,0.005476415371599352,0.0020633554166234495,0.02209173983700599,0.004075680422996717,0.0,0.0,0.0005719612359277556,9.962552977259146e-06,0.0017055890697067655,0.0030925978342073997,0.00015796181220609776,0.0008060812308933455,0.0,0.04414739309322769,0.06649505984671616,0.18290251010950062,0.026598909498951107,0.040359741146306846,0.008573551702163059,0.0005503757044770275,0.0,0.005990815190325165,0.0003795732684335734,0.00036673264459621715,0.012240435367992908,0.001321920085049208,8.014320395039578e-05,0.0,2.966626886561612e-05,0.000135933500623047,0.0,0.0,0.00848776305152555,9.3315912886994e-05,7.925764368575054e-05,0.0,0.00045041808960519404,7.914694865266988e-05,5.036624005169901e-05,0.0,0.0003323064893081328,0.0009343767742338271,0.024071409808620464,0.0,0.001395200196948603,0.0,0.0,0.0015148615277087933,0.0004945854078043762,0.0,0.0,0.0020958997563491626,0.0023071058794670567,0.0,0.0,0.43156119071990406,0.0,0.0,0.0,0.0005541393356017698,0.0010379873251973222,0.0,0.0014254199409796222,0.00030551829130261377,0.0,0.0025712242283975045,0.00012574955757962655,0.013945360267501188,0.0034568951880758424,0.0001717986913411799,0.020917708316152542,0.02163634047091217,0.0,0.0,0.0003882074810138647,0.0001330554297629499,0.0,0.0051917077465159014,0.0,0.0006911797865556234,0.0,0.0,0.0,0.00013095222413441742,0.0009384724904578114,0.0,0.0,0.022206973366442957,0.0,0.0,0.0,0.0
MSM9VZJF_P,0.0,0.0004413836104129381,0.00040301998462224356,0.0007460042601123827,0.0007505809733646059,0.0003678869799507654,0.0,0.04016685081207047,0.0,0.0013875517707034356,0.000919246317630361,0.003250947110424784,0.0,0.002930442573555859,0.00039992397271632784,0.004262266129952812,0.006268751063412786,0.0008142511312558288,0.0026015922654622917,0.020799007983941666,0.00013151320139476684,0.0,0.01515215148597803,0.0,0.00035644519682020737,0.0,0.0,0.0,0.0,0.0005100343091962861,0.0,0.0,9.880316256270098e-05,0.00021483630442788935,0.0005111111829026917,0.0,0.0008110205101366123,0.0,0.0,0.007801007738414455,0.00040100084642273327,0.0031979110803843154,0.014587196617755064,0.0,0.009209423937179497,0.11655300264695559,0.0,0.0,0.01974690237278353,0.0036199109640819554,0.03518509843702551,0.000864594977030284,0.008818922609394217,0.0376487162588546,0.002856407506240484,0.0,0.2939044102285773,0.0030830894214388333,0.0,0.00048015106384353463,0.0,0.0,0.0,0.0032960411968805127,0.0,0.00142389625829462,0.0010950459502010526,0.0002836216124245381,0.008019613100814765,0.027096834637427396,0.0007761567238917356,0.0062870579164216785,0.00036129112849903197,0.0,0.0005225529660332496,0.10012233285304768,0.08758402307094229,0.0,0.01757754029122973,0.0,0.0,0.0,0.0,0.0,0.0014917393017981639,0.02376687191879511,0.0003818863381340364,0.0006583736622536384,0.05700175207352033,0.0,0.0,0.0,0.0
HSM5MD43_P,0.0,0.0,0.0,0.0,0.0042752438694383605,0.0,0.0,0.08446804294706527,0.0,0.011787287018979712,3.592641907091059e-05,0.0,0.0,0.01887304358257043,0.0,0.2911519267881972,0.16738994162912924,2.958646276427931e-05,0.1318288248025531,4.0857496198290476e-05,0.0,0.0,0.0,0.0006949799722792956,0.02033012655659764,0.0003296777279448266,0.0,0.001027676727036804,0.0008399938935150999,1.1673570342368709e-05,0.0,0.0,0.00015437290435511722,6.400336842884912e-05,0.0,0.0,0.0009203000067324295,0.0,0.0010853401391590217,0.0004331297133927148,0.0,0.0,0.0014521518968998316,0.00178152772216339,0.00011905029064674294,0.0008544852222159715,0.0,0.0,0.0009286526475808485,0.00038804557965667016,0.0,0.00038995762997136844,2.8781388947564227e-05,0.009049029699877536,0.000752542750174424,0.00033289802321168695,0.21653869179731416,0.0002849961311171395,0.001056458115984368,0.00016725408542255855,0.0,0.0,0.00034980457336270367,8.835685138448039e-05,0.0,0.0,0.00017842448462948034,0.0,0.0,0.001084434431115217,0.008898782798833084,0.006282393528736152,0.0,9.419363655566474e-05,0.0,0.0,0.0009439490500984352,0.0,0.0010175126701007758,0.0004520489480855193,0.0004642256895633349,0.0,0.0007725689613652118,0.0,0.0002711086077788043,0.000807086501256871,0.0,4.4379694146418964e-05,0.007714317945991017,3.3209294939497187e-06,0.0,0.00028851832906526796,0.00034809379150218416
CSM67U9H_P,0.031180199174315935,0.0,0.0,0.0,0.0,0.0,0.0,0.009450831817654541,0.0,0.012277910194481106,6.774565695621265e-06,0.0,0.0,0.0,3.095455402460794e-05,0.010694120958932478,0.0022635387350385026,0.0,0.005693761906950611,0.0015809751851827536,0.003834925304159761,0.0,0.0,0.0,0.00010245227813531853,0.0,0.0,0.0,0.0001981299905750158,0.0,0.0,9.901288324369543e-06,0.0,0.0002802585716234705,3.8875584684103565e-05,1.9489904385864255e-05,5.753169636896828e-05,0.0006647412308718835,0.00013528286573717544,0.0,0.0,1.88645598601146e-05,0.0,0.0,0.0008891356915283848,0.00022283109934212716,0.0,0.0,0.0020776029627156047,0.00032528337747744567,0.003415944471907492,0.0,4.304454818910127e-05,0.22532518175899202,0.0,0.00040876687166502463,0.02413881981437482,9.004961170795036e-05,0.0003433141446365607,0.0,0.0,0.0,0.0,0.0008639134623231487,0.0,0.0,2.37630919784869e-05,0.0001467475153759191,0.0,0.006414575696964713,0.0036737948646915998,0.0,0.0012129599317790814,0.0,0.0,0.6433388144781016,1.6675854019990807e-06,0.004849651021276202,0.0004364904789732594,0.0,2.657714234436035e-05,0.0,0.00015279251245816578,0.0,0.00033966630156968776,0.0014243263814824648,0.0,0.0,0.001257463617194932,0.0,0.0,1.7301198545740462e-05,0.0
CSM79HGF_P,0.0,0.0,0.0,0.0,0.0,0.0,0.0,0.09159028898894307,0.0,0.04906158492204525,2.9624145278538324e-05,0.0,0.0,0.0,3.730047489450993e-05,0.03262213040419011,0.03522516296523423,0.0,0.19317321302614754,0.006529745452909935,0.011432865848463633,0.0,0.0,0.0,0.03385628959526498,0.0,0.0,0.0,0.0,0.0,1.7839357558243884e-05,0.0008485047158612,0.0,0.0022132696277261245,0.0005345320228361076,0.00030770188855007327,0.0014227157945995834,0.01743207961932325,0.0032307617124572347,0.004142731294298369,0.0,0.00014747202248148277,0.0003730047489450994,0.0,0.0,5.643724027517156e-05,0.0004659856428850372,1.697441900996539e-05,0.0,0.0,0.012052702435623706,0.00011795599452147924,0.0,0.10675363479613183,0.006333620637087787,0.0001925569443104991,0.14882673248272396,0.0016332202137868612,0.0054006762954509,0.0,0.0005001507155420376,0.0,1.373089945392105e-05,0.0,0.0017276066328677515,0.0,0.00010076534087444423,0.0,0.0,0.05183046944972178,0.04436994200154565,0.0,0.007294351129588121,0.0,0.0,0.03123671508448504,0.0,0.0,0.0011488546267509059,0.0011099323920783738,0.0076183787332369515,0.0,0.0010861465820007155,0.0,0.0021091526499771008,0.0036304714390804323,0.0,0.0,0.08014401659298112,0.0,0.0,0.0,0.0
PSM6XBSE_P,0.0,0.00018122903303307325,0.007878138636863569,0.0,0.002806261092925669,0.000750878433450965,0.0,0.015583060044616622,0.0,5.942933036227248e-05,0.07131854313763135,0.0,0.0,0.13082768729341085,0.0,0.027311833911045247,0.00036844156519818416,0.005588081113125557,0.01744899903665664,0.05058906534802516,0.0018310521496430541,0.05124785874398646,0.0,0.0,0.0010209472163088687,0.0,0.0,0.0,5.080903500255719e-05,0.00017889648252397382,0.0,0.0,0.0,0.0002780805867804627,0.0,0.0,3.488684239696542e-05,0.0,0.0007151802691377911,0.0,0.007631293943857133,0.0,2.504956416293738e-05,0.00038101705489941595,0.0015767027289116898,0.00031600988636320995,0.0,0.0,0.0,0.0,0.0,0.00072319207306035,0.0010974143069115195,0.09466838788611191,0.0,0.0029821151182638605,0.1652419346741848,0.0,0.0012437564975476276,0.0,0.0,0.0009833221624446996,0.0022274843209504312,0.0003539391859459573,0.0,0.0034494365419999555,0.00011064402632293392,0.004741061032603884,0.009930377423912964,0.0,0.0,0.0008343431755809142,0.011231230701313764,0.0,0.0,0.0,0.00451764325992797,0.16915554876749553,0.04611148110770999,0.0,0.0,0.0,0.017584895457621565,0.0,0.005861090937929716,0.0034853375367921817,1.1257091587392912e-05,0.0007043288385085024,0.039867344810090334,0.003890085757740696,0.00043405722517154646,0.007303621304948426,0.00525523629700102
CSM67UF1_P,0.0,0.01159458801811321,1.4089740090791474e-05,0.0,0.009784338211248321,0.015446863856336505,0.0,0.0,0.0,0.0,0.0,0.0,0.0,0.021566601567370874,0.0,0.016789334292187118,0.18420362605097138,0.02663158133520859,0.06930376817417964,0.06499554834661835,0.01249661317872568,0.0,0.03967276296844336,0.0,0.0002475567333952061,0.0,0.0,0.0011328151032996344,0.0,0.0,2.5784224366148394e-05,5.4386396750455085e-05,2.1979994541634696e-05,0.0007113909771840613,0.0,0.00021698199739818866,0.0,0.0,0.00020359674431193674,0.007901385345514949,0.0,0.0,0.0,0.002846972882745325,0.003546387580852214,0.005174879740545891,0.0,1.9162046523476403e-05,0.002291696225767233,0.0,0.019739021380194312,0.0022113847072497213,0.0012863932702892613,0.002896146075662187,0.0,0.0,0.15581843566406287,0.0,0.003631489611000594,1.5357816698962705e-05,0.00033463132715629744,0.053564542210959215,0.0,0.01728698391219387,0.0001110271519154368,0.005958269289593897,0.00010905458830272598,0.0,0.0,0.0023249480123815006,0.0,0.0,0.0,0.0010096707749061168,0.0,2.155730233891095e-05,0.0063512321407260715,0.08815189528843322,0.00011060445971271305,0.0,0.0,0.00159932639770574,0.001258918277112218,0.04463770558163646,0.01117175491798856,0.014970067051664123,0.002499519892106407,0.000305606462569267,0.01220270120043177,0.002207298682623392,0.004910978908645367,0.00017964418615759128,0.04622914172489136
CSM67UEW_P,0.0,0.0007423564660776203,0.0,0.0,0.0014724039913226214,0.006130807538674481,0.0,0.0,0.0,0.0,0.0,0.0,0.0,0.0107027301655213,0.0,0.000979409688664442,0.047193328044733245,0.007650855619944051,0.03880998433368946,0.01633587449294592,0.002071085406647083,0.0,0.06554436715278496,0.0005313005754217617,0.0008912309832169715,0.0,0.0,0.0006222381814006813,0.0,0.0,0.0,0.0,0.0,0.000561754592826604,0.0,7.00336288752472e-05,0.0,0.0,8.03264500887305e-05,0.011275838695150406,0.0,0.0,0.0,0.0006574672189561086,0.0002561533031891617,0.0018661839864075342,0.0,0.0,0.013131517637226654,0.0005987875268833636,0.010633757652235072,0.00045288413339326526,4.9872432683888155e-05,0.001442798866388994,0.0,0.0,0.4185665941288051,0.0,0.011340460634521658,0.0,0.0,0.1110245240790472,0.00012860720938909033,0.002690670799075217,0.00040184447356145627,0.001560264362093386,0.0,0.0,0.0,0.0006925901449526341,0.0,0.0,0.0,0.0004413179734729593,0.0,0.0,0.023923487623784444,0.06357918108192195,0.001346661794023882,0.0,0.0,0.0003154696646153181,0.012472670968004822,0.022824277985119767,0.007247525584557968,0.010630786528585819,0.011052261640544125,0.0012578464192230007,0.007162211891200849,0.0022864918712179193,0.004902141798149501,0.005790932215511729,0.03760583036327081
MSM5LLIQ_P,0.0,0.0,0.0,0.0,0.0,0.0,0.0,0.0,0.0,0.010372198962780103,0.0,0.0,0.0,0.05170879482912051,0.0,0.0,0.0,0.0009264999073500093,0.002476899752310025,0.6738209326179067,0.0,0.0,0.0,0.0,0.0,0.0,0.0,0.0,0.0,0.0,0.0,0.0,0.0,0.0,0.0,0.0,0.0,0.0,0.0,0.0,0.0,0.0,0.0,0.0,0.0,0.0,0.0,0.0,0.0,0.0,0.0,0.0,0.0,0.0,0.0,0.0,0.0301414969858503,0.0,0.0,0.0,0.0,0.0,0.025003297499670247,0.0,0.0,0.0,0.0,0.0,0.0,0.0,0.0,0.0,0.0,0.0,0.0,0.0,0.0,0.0,0.0,0.0,0.0,0.0,0.18932598106740187,0.0,0.0,0.0,0.0,0.0,0.016223898377610162,0.0,0.0,0.0,0.0
MSM5LLHV_P,0.06243309913137641,0.014723715814087757,0.131834707836857,0.0,0.0,0.0,0.0,0.0,0.0,0.005009537042536178,0.0,0.0,0.0,0.0,0.0,0.00033815871314611,0.14204162229628417,0.034064713771323696,0.32449539768063185,0.027389589683880316,0.0,5.81246256428814e-05,0.002143129761327627,0.0,0.0004546381609690724,0.013768975676052706,0.0016302518764470734,0.0,0.0,0.0,0.0,0.0,0.0,0.0007613750467874464,0.0008130541693887411,6.387953907286967e-05,0.0008067237646157539,0.02293160354447421,9.449567852040719e-05,0.00040998003275236343,0.0,0.0,0.0,0.024111590994159004,0.0002449291155803002,0.0018179771525332906,0.0,8.459722742082739e-05,0.010305553675617172,0.0017946122040075382,0.006443546371020652,0.0,0.0,0.010082032837996429,0.0,0.0,0.043723415177410185,0.0002801491857718284,0.0,0.0,0.0,0.0,0.0,0.0,0.0006166965231575417,0.0,0.0013240904819716982,0.004535447274173746,0.005501927435605974,0.012249448333998606,0.014817866197802365,0.0,0.0008571368062624511,0.0010990733668591573,0.0,0.0,6.215306504387317e-05,0.0,0.0,0.0004146990617649538,0.0,0.0,0.0015138875268927109,0.0028803341717091226,0.0004074478708431686,0.002397381836664508,0.0,0.0,0.06615319027078942,0.0,0.0,0.0,1.4041988769171349e-05
MSM5LLFK_P,0.0,0.0,0.0,0.0003583067016571508,0.0,0.0,0.0,0.0,0.0009343621676556509,0.0,0.0,0.0,0.0,0.0,0.0,0.0,0.0,0.0029097410182166313,0.13256641640021535,0.5489599721669048,0.0305132816655944,0.0,0.0,0.0,0.0,0.0,0.0,0.0,0.0,0.0,0.0,0.0,0.0,0.0012702683940191133,0.0,0.0,0.0,0.0,0.0,0.0,0.0,0.0,0.0,0.02137358503664395,0.0,0.016936171964614513,0.0,0.0,0.014281816545354301,0.0,0.0,0.0,0.0,0.0,0.0,0.0,0.11390338977714956,0.0,0.006605415829507762,0.0,0.0,0.0049390020931327,0.0,0.0,0.0,0.0,0.0,0.004953431228119174,0.0,0.0,0.0,0.0,0.0,0.0,0.0,0.0,0.004072345866567431,0.017225662791720782,0.0,0.0,0.0,0.0,0.015880726146722705,0.0,0.0044809022830725855,0.009067651857059942,0.0,0.0,0.0013978098389345283,0.0,0.0,0.04535410106287228,0.0020156391642645014
ESM5MEEJ_P,0.0,0.0,0.0,0.0,0.0,0.0,0.0,0.02855038051100824,0.0,0.011059959313558288,0.0,0.00011150122593819758,0.0,0.0,0.01517002420287868,0.05387768524710126,0.0,0.12400065980275163,0.16758550580292755,0.045830978575970356,0.0038157267563090503,0.0,0.0012991043397302196,0.00019455185764075749,0.0013875940556248867,0.0,0.0,0.00023576338017326204,0.0,0.00019685300864511054,9.330121344922349e-05,0.0004320933999537469,0.0,0.00026337719222549856,0.00014591389323056813,1.2447134978091475e-05,0.0006260176709569535,0.00046577388283564145,0.0012217019877656169,0.0004819865376390379,0.0,0.0,0.0003370140243647961,0.021377274439348094,4.100232698665426e-05,0.0004960026392110064,0.0005469417546255489,0.0,0.0,0.0,0.0,0.0,0.0,0.0,0.0,0.003809241694387692,0.3259747754102769,0.0012532905151890086,0.0009766294058020175,0.0,0.0,0.0,0.0,0.0001366046914402308,0.0,1.1505755021765228e-05,0.0008170132043182563,0.0,0.0,0.007461168338295975,0.0,0.03960092602500326,0.1243583841861556,0.000262958801133798,0.0,0.0,0.0006352222749743657,0.0016310976709946088,0.00240648096168866,0.003722739336178602,0.0,0.0,0.0,0.0,9.152305130949613e-05,0.0,6.757016130963943e-05,1.6421850349246734e-05,0.0017411345281118545,0.0038536957478808756,0.00014873803309954685,0.001165742179250668,0.0
MSM5LLFM_P,0.0014751548586350919,0.0,0.0,0.0,0.0,0.0,0.0,0.005674753600451972,0.0,0.0,0.0,0.0,0.0018394513528158846,0.0,0.0,0.004477765064598633,0.041275826754279855,0.0,0.2763523691719839,0.3504213050307047,0.05296664232669515,0.0,0.0,0.0,0.0,0.0,0.0,0.0,0.0,0.0,0.0,0.0,0.0,0.00020990464847948123,0.0,0.0,0.0,0.0,0.0,0.0,0.0,0.0,0.0,0.014670839194969998,0.0,0.000978250023640624,0.0,0.0,0.0,0.006445809365622176,0.0,0.0,0.0,0.0030434668257297522,0.0,0.0,0.058037982803278085,0.0,0.004832424616524987,0.0,0.0,0.0,0.0001909319184160561,0.0,0.0,0.0,0.0,0.0029857455570182737,0.0,0.0032897107772936773,0.0011915677558352186,0.004384708340954214,0.0,0.0,0.013083956037072514,0.0,0.0,0.09819251117232801,0.0,0.0,0.0,0.0,0.006163326495788957,0.0,0.011533412182259473,0.015803882603572534,0.0,0.0,0.0032483522334517136,0.0,0.0,0.01722994928759908,0.0
CSM5MCTZ_P,0.0,0.0,0.001966388768865903,0.06922797180567959,0.006740525976102649,0.007965023576841698,0.0,0.057579455947646234,0.001505184729848287,0.006125119445530645,0.0027696802464854025,0.004162940983601381,0.0,0.008219220858141252,0.0,0.04124785076988094,0.12619974011880436,0.0020391919929786118,0.07859485216296624,0.17030358242737179,0.0026905615619677364,0.0618080075476769,0.0003113872838555605,0.0,0.0005041842556624682,0.0017192086657940805,8.981988131495605e-05,0.00013911555836476592,0.0,0.0007445226099622529,1.4209785911155157e-05,4.140135154361256e-05,0.0,8.666215111247712e-05,5.5260278543381166e-05,0.0,0.000516288888105304,0.0,0.0,0.0008692529529601702,0.00015946537522518563,3.5612179505734526e-05,0.0007564518129493955,0.0001557813566556269,0.004491344924659189,0.0029130061117868073,0.0,0.0,0.0,0.0,0.013702443925290209,0.00014367672421279103,0.00019051638888289505,0.0260674136803749,0.0,0.0,0.18480791439463592,0.0003712087282469668,0.002485835387173686,0.001648861454061078,0.0,0.0,0.0,0.0014399249723303891,0.0,0.0020263856427130025,0.00010543310287165739,0.0,0.007311373424928561,0.0028938843011162402,2.3682976518591925e-05,0.011013461228423713,0.0,0.0014308026406343389,0.0,0.0,6.333003350527175e-05,0.00012630920809915695,0.017125423464777363,0.0,0.00022928629859110853,0.0,0.0,0.007380668059927405,0.0011053810003233166,0.003271934778135245,0.0,0.0,0.05223710273341898,0.0,0.0,0.0,4.947110650550314e-05
MSM5LLFO_P,0.0,0.0,0.0,0.0,0.0,0.0,0.0,0.0,0.0,0.00011609193479579788,0.0,0.0,0.0,0.0,0.0,0.00047819059250659113,0.0030945161635732355,0.0,0.31589426799327325,0.32231788816450235,0.019612224891412972,0.0,0.0,0.0,0.0,0.0,0.0,0.0,7.622602448628317e-05,0.0,0.0,0.0,0.0,0.00024420374204672584,0.0,0.0,0.0,0.0,0.0,0.0,0.0,0.0,0.0,0.001976768190849932,0.0,0.0067848173385057515,0.0,0.0,0.0,0.0008532106131066492,0.00011028232977581836,0.0,0.0,0.0,0.0,0.0,0.13343661074855057,0.00204698427910865,0.00927062712783044,0.0,0.0,0.0011575137174290252,0.0013103664288167628,0.0002548212960487574,0.0,0.00024220042997087082,0.0009001882812854492,0.0014345717775197733,0.0,0.0,0.0,0.0008874672496037698,0.0,0.0,0.0025978950999687783,0.0,0.018283528157102137,0.06136355236111864,0.0,0.0,0.0,0.0,0.00923086138312472,0.0,0.007586442665659133,0.0015689940178096446,0.0,0.0,0.004514864425354439,0.0009373497202925596,0.0008899713896985886,0.006862846343860304,0.06366365512101156
CSM5FZ4G_P,0.0,0.0002296271900154218,0.012996036505332908,0.10909232037197454,0.0,0.0,0.000169040109832949,0.0,0.0,0.07983824758877979,0.0,0.0,0.0,0.0,0.0,0.1552861957943727,4.538640704060684e-05,0.029631394456929017,0.25670594944644226,4.6033244195579866e-05,0.00505729629615655,0.0,0.0,0.0,0.0,0.002653541622084315,0.000794423832499363,0.0,0.0,0.0,0.0009167838609817591,0.00012289905944487363,0.0,0.0,0.0,0.0004521391713261404,9.271332554613275e-06,0.0004257266541647421,0.00025183526566949547,0.0,0.0,0.0,0.002650199630116955,0.0,0.0007033275998406628,0.003315687256391696,0.0,1.7788021761758028e-05,0.0,6.1018304952454806e-05,0.0,0.011565448330917582,0.0,0.0,0.02602872711611429,0.0,0.21180898251976504,5.314845290028307e-05,0.0,0.0007490374254587561,0.0,8.840107784631262e-05,0.00010047537140580897,5.42265148252381e-05,0.00022423688039064661,0.0,0.0019856822595746733,0.000169471334602931,0.002180811467991534,0.0061751387061424225,0.0005584360771267065,0.0,0.008398210201592194,0.0,0.0,0.0,0.0,0.0,0.0,8.085464437162739e-06,0.0001522223438036505,0.005998013131872312,0.0014269227638704803,0.0,0.0025552223745284163,0.002018886566863288,0.0,0.0,0.05622804459510961,0.0,0.0,0.0,0.0
CSM5MCUQ_P,0.007120895949014709,0.0,0.013486667981115568,0.040693297119914214,0.0,0.0,0.0012232350620525836,0.0,0.004835115443761976,0.0,0.0,0.07477063902742667,0.0,0.002499955135927583,0.0,0.0,0.156010853234899,0.003008414623318316,0.08230768590176141,4.65648019594281e-05,0.0,0.0,0.0,0.0,8.914168637069359e-05,0.01642224446333362,0.0017474116362507803,0.00265102683598739,0.0,0.02147212099623341,0.00017488191365618965,0.0006616424379172138,0.0,0.000689205985676573,0.00010814294057076249,0.0011692808834597953,0.0024733299217089676,0.0021599265191004245,0.0002118287968229903,0.0009975658455036172,0.0005266396997426503,0.0,0.0,0.0,0.0015977474365020895,0.002636599957798449,0.0,0.00011846460951894806,0.016453561345255954,0.0005126819883240812,0.004204438012689319,0.0004841801070239778,0.0014456201112089454,0.0026679168397207844,0.019115379016961902,0.0,0.09088944988202216,0.001514939501531419,0.0,0.0002446704707490353,0.0005009528190647794,0.0,1.0790835718557645e-05,0.0,5.4071470285381246e-05,0.0,0.0019411775124144458,0.0,0.0,0.0305671534232812,0.0031106929792594274,0.08630780178595368,0.0,0.000387062585556959,0.0,0.0,5.38368869001952e-05,0.0031906859136078655,0.0020957679632520433,0.0,0.0035844341256426266,0.006071018008614606,0.0010575019004186491,0.006744389615791121,0.0004080577985311092,0.003974311711821818,0.0,0.0,0.27049692854109186,0.0,0.0,0.0,0.0
CSM5MCUG_P,0.0,0.0,0.008895489747960738,0.06624687968263641,0.0023529194878906044,0.000667011944341546,0.0,0.0475972764159025,0.0011321574304888633,0.002291276476969422,0.0,0.0016308321057540579,0.0,0.021578625660429965,0.0,0.050096180380124214,0.14544985283451267,0.0005398084227397034,0.037012307286376715,0.20770929386490727,0.0006674728266661904,0.061735993930179776,0.00021511682502775372,0.0,0.00041018526893347784,0.0007646037765849886,1.1867719859592196e-05,5.668852593125593e-05,0.0,0.0008421472277064017,0.0,0.0,0.0,0.0,0.0,0.0,0.0,0.0,0.0,0.00046410850091686763,0.0001205207278944994,0.0,0.0008035483330174368,0.0,0.007604558356631893,0.002197256482741973,0.0,0.0,0.0,5.761029058054465e-05,0.0069163458253567065,0.00013930168262375696,0.0006645923121371631,0.04953436482638274,0.0,3.8022791783159467e-06,0.16556390968780402,0.0002559049107587793,0.006226174544201782,0.0021091127381537397,0.0,0.00019334013518830786,0.0,0.0031749031138938156,0.0,4.19402915426365e-05,0.0001655719751284853,0.0032008277446550605,0.006789372744917187,0.005129850714454018,0.0,0.003381724057077971,0.0,0.0007298071610743396,0.0005259819530003726,0.0,0.000911049135240733,9.897447921737571e-05,0.0080644036960458,0.0,0.00039002166723028724,0.0,0.0,0.0037722066066329025,0.0018944567954506302,0.0033885220713664754,0.0,0.0,0.055718483858460725,0.00016960469546912344,0.00015669999037908145,0.0006196562854843382,0.0009175014877857541
CSM5MCU8_P,0.1691574352462789,0.00810899836135706,0.00011399626502124941,0.002518271423826159,0.0,0.0022375502843075394,0.0,0.031028438439028225,0.0046579428925677,0.001331770972537574,0.0,0.0006138506742857729,0.004577569121443167,0.0023762030448530474,0.0,0.018818990155333788,0.12055638716376439,0.0,0.07904189341391916,0.14549467120830062,0.0014089426013862288,0.0,0.00023194183884941478,0.0,0.004820078029802979,0.047599311240544076,0.007369837186008603,0.01579979694148448,0.0,0.0,0.0004649510584574555,0.0006997748253551603,0.0,0.08149804327759329,0.0006842978043550843,0.00634931444268635,0.00024122805144946038,0.0029451169892006682,0.00017195504021463748,0.004798089986175285,0.0010385614781430307,0.0,0.0,0.0005041239322990271,0.0007038308722379388,0.0014318912876966864,0.0,0.0007278469393070223,5.977332248305213e-05,0.00017953344360088156,0.0022840880853836295,0.0013527983734825048,0.0,0.013306502227410168,0.002766650926358413,0.0,0.02068135610298431,0.006221228751651239,0.0,0.00028072113951861985,0.0,0.0,0.00045609179816086026,0.0,0.0001990665114837361,0.0009303290692183614,0.005139758567011445,0.0,0.0,0.05177437107790941,0.007299069841711704,0.02643197667815738,0.0,0.0001514613296490196,0.0,0.0,0.0,0.0,0.0006565459046308102,0.0,0.0001312878333109895,0.0,0.003305891685616233,0.0018068621482019759,0.0002860580433117495,0.011386070766490392,0.0,0.0,0.0727896038821919,0.0,0.0,0.0,0.0
CSM5FZ4K_P,0.0,0.0005012344489986424,0.02359124180198068,0.10534350650192531,0.0,0.0,0.0015895961786719073,0.0,0.0,0.09662225860641545,0.0,0.0,0.0,0.0,0.0,0.1388292089339658,0.0,0.013674555533535714,0.3313680621280679,0.0,0.0033060637097924316,0.0,0.0,0.0,0.0,0.000333268817244132,0.0,0.0,8.276735127806683e-05,0.00023244313477812335,0.0007225647645841862,0.00019933619426689664,0.0,5.2785891164753107e-05,0.0,0.0006101632287925738,0.0,0.002998377528397884,0.0002946054671366155,0.0,0.0,0.0,0.004299734959262258,0.0,0.0016647234667550757,0.0066219668949116265,0.0,0.0002816405114119393,8.890255354063681e-05,5.104951316591255e-05,0.0,0.023951250840406956,0.0,0.0,0.003739579416836292,0.0,0.15408965637310923,0.00014747637136819182,0.0,0.0022893565122046543,0.0,0.0,8.774496820807645e-05,0.00015199095416517725,0.00022619217398229732,0.0,0.004016242311318222,0.0,0.0,0.013598849452786265,0.0005192927801865844,0.0,0.0,0.0,0.0,2.2225638385159203e-05,0.0,0.0,0.0,0.0,0.00010568754086276226,0.006864133746483258,0.0002555948414293309,0.0,0.011311345077113708,0.003430619891575928,0.0,0.0,0.041832702989533586,0.0,0.0,0.0,0.0
CSM5MCUK_P,0.0,0.0,0.008349054885153806,0.1390878986940094,0.0138104848180566,0.001288964834060386,0.0,0.013914976900604429,0.0008705382052614057,0.003554678575708753,0.0,0.0026910148495623365,0.0,0.012907980284910496,0.0,0.030087876466526903,0.04706841275380864,0.0005305952130252131,0.02286898594787724,0.18138427719549668,0.0018184143005664341,0.15247136378437326,0.0006551378596584256,0.0,1.764449639513773e-05,0.001355991005431526,5.8433072477404166e-05,9.658643156559159e-05,0.0,0.0021014136908001366,4.812135380492107e-05,0.00019271456452351726,0.0,0.0004139582173742377,3.643473930944024e-05,0.0,4.1590598645681787e-05,0.0,0.0,0.0006664807501981569,0.00027142735039013816,1.0311718672483088e-05,0.0002713127757382217,0.0,0.0021315468242541708,0.0006558253075699245,0.0,0.0,5.3735511748828534e-05,0.0,0.03975431069941638,0.00013347946948269774,0.00024129421693610425,0.06059452328580854,0.0,0.0,0.16435160944159294,0.0001989015957270071,0.0001719765525266346,0.002340530989349828,0.0,0.0,0.0,0.008610399666175295,0.0,0.0002702816038709734,0.0002956026019445152,0.0024626675682927943,0.010702303660866363,0.0059157184277516305,0.0,0.0034850171873435343,0.0,0.0012567693568718554,0.00025699094424866186,0.0,0.00832132781939002,0.0,0.0009292004270426427,0.0,0.00015971706477157138,0.0,0.0,0.0012634146866830113,0.0011418509809996273,0.0009310336214733064,0.0,0.0,0.044112615883667314,1.7186197787471813e-05,0.0,0.00011216858422623269,0.0001849234881931967
MSM5LLFU_P,0.0,0.0,0.0,0.0,0.0,0.0,0.0,0.0,0.0,0.0,0.0,0.0,0.0,0.0428431759898354,0.0,0.0,0.0,0.0,0.2638326505317484,0.459014437382138,0.015697746409423292,0.0,0.0,0.0,0.0,0.0,0.0,0.0,0.010068099310418278,0.0,0.0,0.0,0.0,0.00520061673865054,0.0,0.0,0.00035415525313441907,0.0,3.56357462170303e-05,0.0,0.0,0.0,0.0,0.017130883989730096,0.0,0.00795748215034501,0.0,0.0,0.0006258277678339142,0.0003460471198659375,0.0,0.0,0.0,0.0,0.0,0.00983036083495354,0.04717702327204418,0.00020220282965843035,0.0035462572506481252,0.0004046058601383047,3.393403923475638e-05,0.0,0.00036016127777773886,0.0,0.0,0.00026776859868133724,0.0,0.0,0.0,0.0,0.0,0.0,0.0,0.0,0.0,0.0,0.00028398486521830047,0.09468527880316745,0.0006367387126026117,0.0,0.0,0.0,0.008844672090574053,0.0,0.00188689274210961,0.006354073771400091,0.0,0.0,0.001469273828577446,0.0,0.0,0.0005098113918071217,0.00040020144206653695
CSM5MCUC_P,0.049227268820955225,0.030839501113608375,0.0,0.00018754172591729283,0.0,1.0795291220972839e-05,0.0,0.04369436456164133,0.015638355204028887,0.003517359886645209,0.0,0.0011766867430860395,0.0036625671371861377,0.00012689758994065132,0.0,0.042658228276804815,0.31839864766751863,6.54067644564825e-05,0.15980841109823674,0.10373534010035812,7.302697002422803e-06,0.0,8.826738115971909e-05,0.0,0.002396237142490647,0.007252953993855575,0.0009053227559235456,0.0037028907249821246,0.0,0.0,0.00020913230835923854,0.000681055872617257,0.0,0.014891680894578267,0.00024892671521302076,0.005802257358896019,6.879352248659161e-05,0.008947391370794547,0.0,0.000314650988234826,5.7680722700296055e-05,0.0,0.0,0.0,0.00011419724732774209,6.477174732583703e-05,0.0,8.911407066724637e-05,0.0,6.805266916750525e-05,0.000168491211997929,0.00015505001606593342,0.0,0.028029338638125328,3.4714269808618535e-05,0.0,0.007378475713346494,0.003579591565448464,0.0,0.0,0.0,0.0,0.0005490781456314421,0.0,0.0,0.0,0.003363685741029007,0.0,0.0,0.05396407327081661,0.00510818363510053,0.043859045670855384,0.0,1.8733005354041102e-05,0.0,0.0,0.0,0.0,0.0019073797880820832,0.0,2.4765668095172983e-05,0.0,0.002825508722806979,0.001141760800900539,2.963413276345485e-06,0.00191859842405682,0.0,0.0,0.02729208374944595,0.0,0.0,0.0,2.0426384369095668e-05
HSM5MD87_P,0.0,0.0,0.0,0.0,0.0052583980137230245,1.595841278030498e-05,0.0,0.07089646080785526,0.0,0.016318689099212243,0.0,0.0,0.0,0.004026065138200866,0.0,0.12248081808884072,0.08815720127416818,0.0,0.10884849547518399,7.241887318657385e-05,0.0,0.0,0.0,0.0007197446169142612,0.012619569417782563,0.0010816369776220636,1.3938360529633463e-05,0.005990767957203982,0.0,0.0005507672461455889,0.0,0.0,0.00028997850058389615,0.0003600743136821978,0.0,0.0,0.0,0.00016907837338120591,1.7069441518174315e-05,0.0013581821307389942,0.0,0.0,0.001351515958311778,0.009889872811450144,0.0003371467206370761,0.0017702727898759834,0.0,0.0,0.014651034963670375,0.0,0.0,1.3938360529633463e-05,1.6059415392838555e-05,0.03641538092024289,0.004529260153843141,0.034384925400480416,0.28397894539940177,0.0031524935423979687,0.0011632470885491928,0.0009407383331377252,0.0,0.00014261568889740905,1.0706276928559037e-05,0.0,0.00010534572487251958,1.858448070617795e-05,0.0022735688081307916,0.0004085555676983142,0.0,0.0033945968046409495,0.012045773575979319,0.08824153845563372,0.0,0.0015862460298398083,0.0,0.0006974230395443411,0.0008096369420691437,0.0,0.0008323625298891983,0.0066908170646741965,0.011098874083477046,0.0,0.00034027780162561696,0.003604985246548388,0.00010766878496079183,0.001007703065247486,0.0019537945368494907,0.0030079588038624213,0.023147273727382237,0.0007069172851224972,0.00023028595657655288,0.0033154107564146262,0.0023809345852539828
ESM5MEA7_P,0.0,0.0,0.00013826404177701203,0.0031614330821225917,0.0,0.0,0.0,0.0,0.0,0.010753784635498817,0.0,0.0,0.0,0.0,0.0,0.07225825749369726,0.18861912598485722,0.0003290486830870841,0.014360162587987084,0.0729446436170312,0.002091832980984802,0.0,0.0,0.0,0.0007165388683685755,0.0,0.0,0.0,0.0,0.0,0.0,0.0,0.0,0.0,0.0002619451195918174,0.0025241685216087183,0.0,0.0,0.0,0.0,0.016375901005139016,0.0,0.0,0.0,0.0,0.006043377629360485,0.004494732644381486,0.0,0.15174944581995786,0.0,0.0,0.0,0.0,0.0,0.0004452738094024154,0.0,0.11171208273123785,0.0,0.018152281449888716,0.0,0.0,0.0,6.447205120133472e-05,0.0,0.0,0.0,0.0,0.0,0.0,0.0001548206399596677,2.456078141003227e-05,0.0,0.000812918006133836,0.0,0.0,0.0,0.0,0.0,0.0,0.0,0.0,0.0,0.07856105837670121,0.0,0.0,0.010285704386215658,5.745468508418264e-05,0.0013826404177701202,0.13319180183045803,0.0040422221761707575,0.001528470057392187,0.013254598485498889,0.0795069774000242
CSM5MCWM_P,0.0,0.00011356321905172835,0.005861056341400009,0.07381144812344799,0.0,0.0,0.0,0.0,0.0,0.22640436622379967,0.0,0.0,0.0,0.0018049585438961653,0.0,0.15536156063065076,0.0,0.03995722415223178,0.36568020000395873,6.74523501670441e-06,0.0,0.0,0.0,0.0,0.0,0.0006610330316370322,0.00016398661524217442,0.0,0.0,0.0,0.0001879819594819262,0.0,0.0,0.0,0.0,0.0,0.0,0.00013855376190050208,0.0,0.0,0.0,0.0,0.0007557980547405679,0.0,0.0005951287681951333,0.001347056606122838,0.0,0.0,0.00015237596480358485,0.0,0.0,0.00378064893805121,0.0,0.0,0.0013292536087836674,0.0,0.09344572148084228,0.0,0.0,0.000236525536077553,0.0,0.0,0.0,1.3711625279858145e-05,0.0,0.0,0.0006145904298826739,0.00014043358149532132,0.0028976866166022797,0.002890609648715901,0.0005597439287632415,0.0,0.0,0.0,0.0,0.0,0.0,0.0,0.0,0.0,1.3379892410184157e-05,0.003712754277391267,0.00456829334828048,0.0,0.0009946457209058389,0.0004953877520464878,0.0,0.0,0.01130357637889467,0.0,0.0,0.0,0.0
CSM5MCUY_P,0.0002869025063441304,0.0,0.008511195715869588,0.03867391117397478,0.0,0.0,0.0,0.0,0.008383882071610612,0.0,0.0,0.06915664540427181,0.0,0.0015135710457443916,0.0,0.0,0.17062130950756427,0.01323094695068578,0.162208726672219,0.0002891102574006444,0.0,0.0,0.0,0.0,9.545895044355821e-05,0.007574793874899574,0.0013602900438207046,0.004149310414214048,0.0,0.002653611638927151,7.558919093493211e-05,0.00045889682674684094,0.0,0.0006193267368535258,3.395731386923932e-05,0.0001445551287003222,8.032008605603356e-05,9.903340453505709e-05,2.5757095659330135e-05,0.00045542750365803325,0.0,0.0,0.0,0.0,0.0005141957341623824,0.0007767078478821674,0.0,0.0,0.20682106766420572,0.0,0.002016833155626895,4.510120015450052e-05,0.00017735600153995893,0.011024352335201371,0.00014034988859267644,0.0,0.03191672110700423,0.000541004139848624,0.0,0.00021898787860565172,0.00035450174107453557,0.001872278026926573,0.0,0.0,0.0,0.0,0.0009770875390114869,0.0,0.0,0.008933927477690675,0.0048169974123055,0.09212146163212519,0.0,0.0004994773937856223,0.0,0.0,0.0003244342743048686,0.03339486300484171,0.011494498179236165,0.0,0.0013946678817007086,0.0027300418778836116,0.0,0.001320445393800761,0.00017094301037579918,0.0007359170188380039,0.0,0.0,0.09396325166827132,0.0,0.0,0.0,0.0
CSM5MCUE_P,0.30667758761030095,0.009062677668335047,0.0,0.0006954355252887593,0.000585254402199627,0.00031770079617837645,0.0,0.052540903085662616,0.0006633290925662092,0.00137130141539425,0.0,0.0010451408290064396,0.027460071319089226,0.0,0.0015532378674887,0.04474209768958034,0.12057953028390854,0.00024390696350813437,0.13032255855041192,0.16918051541118964,0.00015451857780122513,0.0005361264638749631,0.0,0.0,0.001326556259949172,0.007183788840374767,0.0008945973333518159,0.004943065611890511,0.0,0.0,0.00022882203638769816,0.00014524338612582175,0.0,0.015823578923421372,0.0002250508046075891,0.000166749599790768,4.3522053246123433e-05,0.0008143822141370638,1.0600219057603835e-05,0.0018669635815204751,0.00024064535764425628,2.1098512931961476e-05,0.00019620597774891712,0.0018717540651330463,0.00012190251916244409,0.0009615621787445631,0.0,9.631929816765024e-05,0.00012659107759176887,0.000315866142879945,0.000919772853613625,0.0,0.0,0.010173764090901772,0.0,0.00036815376188524085,0.006057719415870853,0.0018540190832482093,5.320494565451155e-05,9.468849523571116e-05,0.0,0.0,0.0001330123641362789,7.257073047128778e-05,0.00027958077764430114,0.0001966136784819019,0.0013538722090591512,0.0,0.0,0.013839401381167776,0.003085377222045439,0.018264890912534127,0.0,0.0001590032858640575,0.0,0.0,8.684025612575449e-05,0.00017164200858658517,0.00243356567518605,0.0,1.6409954502636704e-05,0.0,0.0011914034669647233,0.0007109281531421802,0.00013127963602109364,0.00048210611675448205,0.00022668160753952816,0.0007609734181160599,0.031514043557523214,0.0,0.0,0.0,1.1721396073311931e-05
CSM5MCUW_P,0.0011473371182860023,0.0,0.015086133297086479,0.03264376572779845,0.0,3.226042014945348e-05,0.00045272572879191203,0.0,0.004687749503641715,0.0,0.0,0.0924263736898591,0.0,0.0007332159090034782,0.0,0.0,0.15977141805063644,0.0036965852142800543,0.09408515320122579,0.0003100509836121115,0.0,0.0,0.0,0.0,7.086493965884133e-05,0.01643121734223001,0.0021965431677491904,0.0077605882680865206,0.0003304330900663687,0.00032327910568176184,0.0001368705691696478,0.0020653417937522497,0.0,0.0008394458280730176,1.7547508867903564e-05,0.0008861491978291301,7.73440198562211e-05,0.0007454991652110108,2.0652068129148043e-05,0.00012350746626255203,0.0,0.0,0.0,0.0,0.000116623443552836,0.0004107466883463889,0.0,0.0,0.1374712338962799,0.019382033429624163,0.0035246196273746,0.0,5.561210502750976e-05,0.0038875830992653126,0.001057439880547358,0.0,0.08430039229480786,0.0005063131212577406,0.0,0.0007359155257523866,0.0009918391935488876,0.0,0.0,0.0,0.0,0.0,0.0007734401985622111,0.0,0.0,0.013480401254835857,0.004297924845099365,0.11988485054719206,0.0,0.0010284190004965946,0.0,0.0,0.0022853605587882715,0.01026488774521125,0.0156782942309595,0.0,0.0008331017287130832,0.0023037179526808477,0.0,0.0014854641160867595,8.395808089104629e-05,0.0060027328220349195,0.0,0.0,0.13205904223806866,0.0,0.0,0.0,0.0
