,Akkermansia_muciniphila,Alistipes_finegoldii,Alistipes_indistinctus,Alistipes_onderdonkii,Alistipes_putredinis,Alistipes_senegalensis,Alistipes_shahii,Anaerostipes_hadrus,Anaerotruncus_colihominis,Anaerotruncus_unclassified,Bacteroidales_bacterium_ph8,Bacteroides_caccae,Bacteroides_cellulosilyticus,Bacteroides_dorei,Bacteroides_eggerthii,Bacteroides_faecis,Bacteroides_finegoldii,Bacteroides_fragilis,Bacteroides_massiliensis,Bacteroides_nordii,Bacteroides_ovatus,Bacteroides_stercoris,Bacteroides_thetaiotaomicron,Bacteroides_uniformis,Bacteroides_vulgatus,Bacteroides_xylanisolvens,Barnesiella_intestinihominis,Bifidobacterium_adolescentis,Bifidobacterium_bifidum,Bifidobacterium_longum,Bilophila_unclassified,Bilophila_wadsworthia,Burkholderiales_bacterium_1_1_47,C2likevirus_unclassified,Clostridiales_bacterium_1_7_47FAA,Clostridium_asparagiforme,Clostridium_bartlettii,Clostridium_bolteae,Clostridium_citroniae,Clostridium_clostridioforme,Clostridium_hathewayi,Clostridium_leptum,Clostridium_symbiosum,Collinsella_aerofaciens,Coprococcus_catus,Coprococcus_comes,Desulfovibrio_desulfuricans,Dialister_invisus,Dorea_formicigenerans,Dorea_longicatena,Dorea_unclassified,Escherichia_coli,Escherichia_unclassified,Eubacterium_eligens,Eubacterium_hallii,Eubacterium_ramulus,Eubacterium_rectale,Eubacterium_siraeum,Eubacterium_ventriosum,Faecalibacterium_prausnitzii,Flavonifractor_plautii,Haemophilus_parainfluenzae,Holdemania_filiformis,Holdemania_unclassified,Lachnospiraceae_bacterium_1_1_57FAA,Lachnospiraceae_bacterium_2_1_58FAA,Lachnospiraceae_bacterium_3_1_46FAA,Lachnospiraceae_bacterium_3_1_57FAA_CT1,Lachnospiraceae_bacterium_5_1_63FAA,Lachnospiraceae_bacterium_7_1_58FAA,Lachnospiraceae_bacterium_8_1_57FAA,Odoribacter_splanchnicus,Oscillibacter_unclassified,Parabacteroides_distasonis,Parabacteroides_goldsteinii,Parabacteroides_merdae,Parabacteroides_unclassified,Parasutterella_excrementihominis,Peptostreptococcaceae_noname_unclassified,Prevotella_copri,Pseudoflavonifractor_capillosus,Roseburia_hominis,Roseburia_intestinalis,Roseburia_inulinivorans,Roseburia_unclassified,Ruminococcaceae_bacterium_D16,Ruminococcus_bromii,Ruminococcus_callidus,Ruminococcus_gnavus,Ruminococcus_lactaris,Ruminococcus_obeum,Ruminococcus_torques,Streptococcus_parasanguinis,Streptococcus_salivarius,Streptococcus_thermophilus,Subdoligranulum_unclassified,Sutterella_wadsworthensis,Veillonella_atypica,Veillonella_dispar,Veillonella_parvula,Veillonella_unclassified
CSM67UH7,9.544181257081277,-3.7490523673862732,3.7854709101996864,4.800031437458594,3.646375700401336,-3.7490523673862732,-3.7490523673862732,1.6429189922881289,-3.7490523673862732,1.7577338457362295,-3.7490523673862732,6.266513608288864,4.2506994813065955,-1.2121591258477231,-3.7490523673862732,-3.7490523673862732,-3.7490523673862732,5.932751224709803,7.041414296334091,-3.7490523673862732,4.775054399773621,-3.7490523673862732,6.473791622138743,-0.5510684859149038,7.440243004894622,0.7538230694143859,-3.7490523673862732,-3.7490523673862732,-3.7490523673862732,-3.7490523673862732,3.3640840374393166,-3.7490523673862732,5.8540425653796495,2.4884035389804984,-3.7490523673862732,-3.7490523673862732,-3.7490523673862732,5.521139350016711,-3.7490523673862732,-3.7490523673862732,-3.7490523673862732,1.6584665731542323,-3.7490523673862732,-3.7490523673862732,2.53044460998748,3.6185188853725263,4.253751585139877,-3.7490523673862732,2.3660561612288378,2.425524139880028,1.4653678196986775,1.534988697913347,0.8820313849433159,4.076946782977384,2.123544123054499,-0.06346302870751508,5.474715522919665,2.2105583633235497,-3.7490523673862732,6.074399458568806,-3.7490523673862732,3.8567979034901914,3.992763273932777,-3.7490523673862732,-3.7490523673862732,-3.7490523673862732,4.593455862089227,2.8105624278055146,3.094801983226959,0.204424876628007,-3.7490523673862732,-3.7490523673862732,-2.1708217716591776,0.18679048038226043,-3.7490523673862732,-3.7490523673862732,4.690364926678426,5.017630477468909,1.456522506964177,-3.7490523673862732,-3.7490523673862732,1.8569999546138547,1.2769601719517425,4.5376605811482325,-3.7490523673862732,-3.7490523673862732,-3.7490523673862732,-3.7490523673862732,-3.7490523673862732,-3.7490523673862732,2.542138709652882,4.972325743958191,-3.7490523673862732,-1.4157177697299037,-3.7490523673862732,7.80591080297563,-3.7490523673862732,-3.7490523673862732,-3.7490523673862732,-2.1501510969230093,1.0896930455781213
CSM79HGX,-3.5522768202782746,0.7187448879995451,-3.5522768202782746,4.969674533221302,6.875660590891661,-3.5522768202782746,-3.5522768202782746,-3.5522768202782746,-3.5522768202782746,-3.5522768202782746,-3.5522768202782746,7.2546811430978275,0.21285575414864333,-3.5522768202782746,-3.5522768202782746,-3.5522768202782746,7.560410322112639,-3.5522768202782746,-3.5522768202782746,-3.5522768202782746,6.3002266769932636,8.524159719608791,6.085164738764715,7.628267776084785,7.953111240262539,5.986208697238874,-3.5522768202782746,-3.5522768202782746,-3.5522768202782746,-3.5522768202782746,-3.5522768202782746,-3.5522768202782746,-3.5522768202782746,-3.5522768202782746,-3.5522768202782746,1.9142132711226676,-3.5522768202782746,2.877115700389262,0.9535696980855946,-3.5522768202782746,-3.5522768202782746,2.958080602647315,-0.007515432726380666,6.1109680184043595,-3.5522768202782746,6.080705463677922,-3.5522768202782746,-3.5522768202782746,-3.5522768202782746,-3.5522768202782746,2.758652145130715,-3.5522768202782746,-3.5522768202782746,6.858664842444675,-3.5522768202782746,-3.5522768202782746,6.796674654168055,6.828847742010243,3.1723038761714157,8.523365226284897,4.459499537136183,-3.5522768202782746,1.8430998817200237,2.303620675014648,4.467133790936287,3.3460096966162762,-3.5522768202782746,-3.5522768202782746,-3.5522768202782746,1.826905998888213,-3.5522768202782746,4.631273824466151,5.398454154271339,7.051702828453217,-3.5522768202782746,6.3021422856922475,4.2356101084055515,-3.5522768202782746,-3.5522768202782746,-3.5522768202782746,-3.5522768202782746,-3.5522768202782746,-3.5522768202782746,-3.5522768202782746,2.570930004652065,-3.5522768202782746,-3.5522768202782746,-3.5522768202782746,5.691529194902556,-3.5522768202782746,2.6264060639756774,5.730300705014076,0.3480126436954123,1.0457802418586546,-3.5522768202782746,6.200459534725733,6.506095697201021,-3.5522768202782746,-3.5522768202782746,-3.5522768202782746,-3.5522768202782746
CSM79HGZ,7.912879683942183,-3.402977535587741,4.812373266517467,7.922704906437865,7.679297509643652,4.004488462007105,2.2970287097402853,-3.402977535587741,-3.402977535587741,-3.402977535587741,-3.402977535587741,7.184940784304095,7.25127188911789,-3.402977535587741,-3.402977535587741,-3.402977535587741,-3.402977535587741,5.42924341508325,9.017770246921387,0.5798104378706501,5.484539255557893,-3.402977535587741,7.213977880808914,-3.402977535587741,8.300586146589843,0.5816959023094874,-3.402977535587741,-3.402977535587741,-3.402977535587741,-3.402977535587741,4.102956146993695,-3.402977535587741,5.029268727132112,-3.402977535587741,-3.402977535587741,-3.402977535587741,-3.402977535587741,-3.402977535587741,-3.402977535587741,-3.402977535587741,-3.402977535587741,-3.402977535587741,-3.402977535587741,-3.402977535587741,1.4569897218884478,2.419062324316534,-3.402977535587741,-3.402977535587741,2.1423059146737504,-0.8980835785799979,-3.402977535587741,-3.402977535587741,-3.402977535587741,5.694997768987614,-3.402977535587741,1.3334866378248975,7.224288131617731,3.819236125884909,-3.402977535587741,7.502265238674517,-3.402977535587741,4.292648587541973,-3.402977535587741,-3.402977535587741,1.8994745300090834,-3.402977535587741,5.9495094929622745,-3.402977535587741,-3.402977535587741,2.2586869899075825,-3.402977535587741,-3.402977535587741,3.799368229554527,2.222474184923067,-3.402977535587741,-3.402977535587741,6.250287098895876,3.319168163404952,-3.402977535587741,-3.402977535587741,1.148652490397227,3.076970429913305,6.4659796201702875,4.700645955985276,4.966074302713585,-3.402977535587741,-3.402977535587741,-3.402977535587741,-3.402977535587741,-3.402977535587741,0.5645973592215405,4.227510664730247,-3.402977535587741,-3.402977535587741,-3.402977535587741,7.912783471371353,-3.402977535587741,-3.402977535587741,-3.402977535587741,3.1677953064235504,2.2477109941088784
CSM79HOV,-3.8741156640763794,2.3020451733802627,2.2778642370085382,3.823753728069603,7.481863414717864,-3.8741156640763794,5.693433272965458,-3.8741156640763794,-3.8741156640763794,1.9899532974614464,-3.8741156640763794,6.563693809056291,6.899557480361797,-0.2851451318300686,-3.8741156640763794,1.7512957431668816,-3.8741156640763794,-3.8741156640763794,-3.8741156640763794,5.060722916809459,2.118785741242018,6.183334535971195,6.518471169960742,7.543935227390245,8.628933644303224,3.5792392754248796,6.37311090164538,-3.8741156640763794,-3.8741156640763794,-3.8741156640763794,-3.8741156640763794,-3.8741156640763794,2.7960848205009032,5.04641803298603,-3.8741156640763794,-3.8741156640763794,-3.8741156640763794,-3.8741156640763794,-3.8741156640763794,-3.8741156640763794,-3.8741156640763794,-3.8741156640763794,-3.8741156640763794,1.1257908659734266,-3.8741156640763794,-3.8741156640763794,-3.8741156640763794,-3.8741156640763794,-3.8741156640763794,-3.8741156640763794,-3.8741156640763794,-3.8741156640763794,1.3893939583584256,5.4487800876255905,-3.8741156640763794,-3.8741156640763794,3.9446972965519844,6.507344083282303,1.6058977106444896,7.4723641873655,-3.8741156640763794,4.583553264625162,-3.8741156640763794,-3.8741156640763794,-3.8741156640763794,-3.8741156640763794,6.323289553703061,-3.8741156640763794,-3.8741156640763794,1.3042399156506317,3.7258682277707873,5.5251158849460795,3.4742312807352205,6.973444339090834,-3.8741156640763794,4.769998332014972,4.307519533923672,1.5401661515284228,-3.8741156640763794,-3.8741156640763794,1.5567858100353416,3.186916469407058,4.136802449913796,-3.8741156640763794,2.871474336995533,-3.8741156640763794,4.471505065722042,2.8003328439180715,-3.8741156640763794,-3.8741156640763794,2.06666116620403,4.3608513519365975,2.715104587728474,2.241021811393809,-3.8741156640763794,7.610299349345237,-3.8741156640763794,-3.8741156640763794,-3.8741156640763794,-3.8741156640763794,1.0672133249884315
CSM79HOX,6.590451734612523,-3.639408154221849,3.348943221682304,7.416701545355036,6.976077925033132,3.9940154809935517,2.3178943408627193,-3.639408154221849,-3.639408154221849,1.5196319449949307,-3.639408154221849,6.746825094227241,7.894060129364366,0.16353098962038892,-3.639408154221849,-3.639408154221849,-3.639408154221849,5.6069495089382775,8.447605452322684,-3.639408154221849,5.6767193023744715,0.3105903987642371,7.142781402609127,1.2913517079484933,8.188969887897047,1.1732806554921158,-3.639408154221849,-3.639408154221849,-3.639408154221849,-3.639408154221849,2.651373188965805,-3.639408154221849,4.395135562290988,3.394416597159781,-3.639408154221849,-3.639408154221849,-3.639408154221849,-3.639408154221849,-3.639408154221849,-3.639408154221849,-3.639408154221849,-3.639408154221849,-3.639408154221849,-3.639408154221849,1.8414427918506266,2.4236522823088933,-3.639408154221849,-3.639408154221849,1.0019232729962564,-3.639408154221849,1.772324788429298,-3.639408154221849,-3.639408154221849,5.664430937486585,-3.639408154221849,0.25845930955430063,6.902371570804528,3.835787454235267,-3.639408154221849,7.912135969218237,-3.639408154221849,3.361963202828507,-3.639408154221849,-3.639408154221849,2.450905380187935,-3.639408154221849,6.260445519221775,-3.639408154221849,-3.639408154221849,1.736826650597454,3.5044989633295414,-3.639408154221849,3.4476273271336133,1.2387022572595807,-3.639408154221849,-3.639408154221849,5.882364185195563,2.615770359043988,-3.639408154221849,-3.639408154221849,1.9233742117539538,3.6632306733110607,7.065853964691378,4.860502107605079,2.1841325283372193,-3.639408154221849,-3.639408154221849,-3.639408154221849,-3.639408154221849,-3.639408154221849,1.5108463726667445,4.4142533307103555,-3.639408154221849,-3.639408154221849,-3.639408154221849,7.786397459106125,-3.639408154221849,-3.639408154221849,-3.639408154221849,-0.1945782475587876,-1.3237266742787401
CSM79HOZ,7.632999390217696,-3.4450794834379614,4.671251865024226,7.798259279606146,7.676259881057521,3.738220383215779,1.9214632788665025,-3.4450794834379614,-3.4450794834379614,-3.4450794834379614,-3.4450794834379614,6.8858258858600685,7.420715940754398,-3.4450794834379614,-3.4450794834379614,-3.4450794834379614,-3.4450794834379614,6.0050637386166805,8.703657253795273,-1.5904953095198167,5.295135191471831,-3.4450794834379614,7.700717123150378,-3.4450794834379614,8.370602292999568,1.2479874656618541,-3.4450794834379614,-3.4450794834379614,-3.4450794834379614,-3.4450794834379614,4.4519256169803505,-3.4450794834379614,5.383067024216126,0.9744328835427432,-3.4450794834379614,-3.4450794834379614,-3.4450794834379614,-3.4450794834379614,-3.4450794834379614,-3.4450794834379614,-3.4450794834379614,-3.4450794834379614,-3.4450794834379614,-3.4450794834379614,0.9151719567426522,2.4904305748305093,-3.4450794834379614,-3.4450794834379614,-0.3200957922478551,0.7996327886295589,2.1329682015817006,-3.4450794834379614,-3.4450794834379614,5.297702677310241,-3.4450794834379614,1.5095272898047636,6.9769943301411566,6.016130292507688,-3.4450794834379614,7.751603756306254,-3.4450794834379614,1.1594370667425746,0.9817514640312375,-3.4450794834379614,-3.4450794834379614,-3.4450794834379614,6.533143403346404,-3.4450794834379614,-3.4450794834379614,2.0813073818479566,3.261035467203997,-3.4450794834379614,3.8504746941317336,2.1692008388556516,-3.4450794834379614,-3.4450794834379614,6.613167662139025,3.7029466404427174,-3.4450794834379614,-3.4450794834379614,2.694256994368976,3.429603458928163,6.227509710118514,4.899279137234229,6.128717661490092,-3.4450794834379614,-3.4450794834379614,-3.4450794834379614,-3.4450794834379614,-3.4450794834379614,1.4366778294405673,2.1984230890847307,-3.4450794834379614,-3.4450794834379614,-3.4450794834379614,7.700363311994506,-3.4450794834379614,-3.4450794834379614,-3.4450794834379614,-3.4450794834379614,-3.4450794834379614
CSM79HP2,6.582041429225409,-3.7065509803849377,3.722144388627175,7.347951880085599,7.205478988029211,3.6721505856939896,2.0567430219265024,-3.7065509803849377,-3.7065509803849377,0.8685372147094874,-3.7065509803849377,7.303554121803273,6.899488797867506,0.35137979525018714,-3.7065509803849377,-3.7065509803849377,-3.7065509803849377,5.948574202079207,8.672184611238926,-0.5444314513014774,5.767897831901757,-1.1638281069645195,6.8405292137618705,-3.7065509803849377,7.933442112106343,1.2448221461819546,-3.7065509803849377,-3.7065509803849377,-3.7065509803849377,-3.7065509803849377,3.4014516611038843,-3.7065509803849377,4.510921152983884,3.2467484253801935,-3.7065509803849377,-3.7065509803849377,-3.7065509803849377,-3.7065509803849377,-3.7065509803849377,-3.7065509803849377,-3.7065509803849377,-3.7065509803849377,-3.7065509803849377,-3.7065509803849377,-1.2294779065912884,1.067900997398862,-3.7065509803849377,-3.7065509803849377,0.14464062482672801,-3.7065509803849377,-3.7065509803849377,-3.7065509803849377,-3.7065509803849377,4.368825750057359,-3.7065509803849377,0.7195596573510858,6.6442138336370755,6.668345750640889,-3.7065509803849377,7.97355451484996,-3.7065509803849377,2.7064762519841707,-3.7065509803849377,-2.0499692293846046,3.4431398686748107,-3.7065509803849377,5.427485996692782,-3.7065509803849377,-3.7065509803849377,1.1063704158983594,3.4780427963828044,-3.7065509803849377,3.396230540455373,1.9888347859848317,-3.7065509803849377,-3.7065509803849377,5.97658074721539,2.533514762721711,3.2956125501512927,-3.7065509803849377,2.2749964340267095,3.10262877224104,6.838048349547947,5.125791210977835,5.171802054618703,-3.7065509803849377,-3.7065509803849377,2.3122842859048793,-3.7065509803849377,-3.7065509803849377,0.7917761717896301,3.3666316103074774,-3.7065509803849377,-3.7065509803849377,-3.7065509803849377,7.15376229148024,-3.7065509803849377,-3.7065509803849377,-3.7065509803849377,-0.7065210770592678,0.36868418477312304
CSM79HP4,7.565355271165503,-3.2216596747156743,4.2431833813713125,7.870277294432796,7.672212042884849,3.9718354505809748,2.2503895410815247,-3.2216596747156743,-3.2216596747156743,-3.2216596747156743,5.0130722003627515,7.406020320179282,7.648137283281177,-3.2216596747156743,-3.2216596747156743,-3.2216596747156743,-3.2216596747156743,5.170302891996353,8.838459567134894,-3.2216596747156743,5.92182100126199,-0.7316889391776034,7.29179972550017,-3.2216596747156743,8.328543497683711,1.6378557012058828,-3.2216596747156743,-3.2216596747156743,-3.2216596747156743,-3.2216596747156743,4.433304465514846,-3.2216596747156743,5.16698498192934,-3.2216596747156743,-3.2216596747156743,-3.2216596747156743,-3.2216596747156743,-3.2216596747156743,-3.2216596747156743,-3.2216596747156743,-3.2216596747156743,-3.2216596747156743,-3.2216596747156743,-3.2216596747156743,-3.2216596747156743,2.2405324078809574,-3.2216596747156743,-3.2216596747156743,-3.2216596747156743,-3.2216596747156743,3.08008372325365,-3.2216596747156743,-3.2216596747156743,5.386295318056558,-3.2216596747156743,1.489700618087939,7.708295083510335,6.007695399613165,-3.2216596747156743,8.471215413775361,-3.2216596747156743,-3.2216596747156743,-3.2216596747156743,0.2488536197617357,1.8167807973866612,-3.2216596747156743,6.803029707257336,-3.2216596747156743,-3.2216596747156743,2.124677785039413,-3.2216596747156743,-3.2216596747156743,4.673605859788071,1.8161226231237073,-3.2216596747156743,-3.2216596747156743,5.540520517753139,3.9732071035857146,-3.2216596747156743,-3.2216596747156743,-3.2216596747156743,3.8538889724259233,7.809044525457681,6.215903017549973,6.259085373864179,-3.2216596747156743,-3.2216596747156743,1.532569892944025,-3.2216596747156743,-3.2216596747156743,1.6680822544025062,-3.2216596747156743,-3.2216596747156743,-3.2216596747156743,-3.2216596747156743,8.104184464747144,-3.2216596747156743,-3.2216596747156743,-3.2216596747156743,-3.2216596747156743,-3.2216596747156743
CSM79HP6,6.4698967584958185,-3.821822776187428,2.6530175429195895,6.590829942940062,7.064852724004663,3.4375892657650056,1.7309476949720146,-3.821822776187428,-3.821822776187428,1.4421684700015334,4.751763323345594,7.059787537433332,7.5457337466140135,0.7626059895634558,-3.821822776187428,-3.821822776187428,-3.821822776187428,4.928550559366965,8.092273458769196,-1.2556661310742996,5.318287969964069,-3.821822776187428,6.8003288227705125,-3.821822776187428,7.706475992500713,0.9820230793184717,-3.821822776187428,-3.821822776187428,-3.821822776187428,-3.821822776187428,3.040066718943182,-3.821822776187428,4.566481645791225,-3.821822776187428,-3.821822776187428,-3.821822776187428,-3.821822776187428,-3.821822776187428,-3.821822776187428,-3.821822776187428,-3.821822776187428,0.6160693841955123,-3.821822776187428,-3.821822776187428,-3.821822776187428,0.6749974771761256,-3.821822776187428,-3.821822776187428,-1.5788536429968794,0.29033749114205776,1.7494869247946934,-3.821822776187428,-3.821822776187428,5.799668881178124,-3.821822776187428,-3.821822776187428,6.87253596771498,5.735150209953479,-3.821822776187428,8.123673143829002,-3.821822776187428,2.867646531438349,0.019736069435838388,0.8736398667336189,-3.821822776187428,-3.821822776187428,5.648646831245633,-3.821822776187428,-3.821822776187428,1.4574622129894568,-3.821822776187428,4.603837034361569,3.9307392164740245,2.070913136365104,-3.821822776187428,-3.821822776187428,5.763337478022194,2.8227053474798316,3.761896435161786,-3.821822776187428,0.24387650399347116,3.9201377383343097,6.855411293962201,4.71076799820528,6.314957926317476,-3.821822776187428,-1.6700982280977943,1.4858404163352699,-3.821822776187428,-3.821822776187428,1.0994564388312416,3.3223924961262608,-3.821822776187428,-3.821822776187428,-3.821822776187428,7.449556991487945,-3.821822776187428,-3.821822776187428,-3.821822776187428,1.974603154896828,-0.22922780630853268
CSM7KOOH,7.30388435601786,-3.867894776778522,3.3619617693344876,7.30586633154897,7.213019025219738,4.370437168173321,2.4400333522459112,-3.867894776778522,-3.867894776778522,-3.867894776778522,5.770156370570995,6.2923489739786,8.391052561978944,3.7387453259870123,-3.867894776778522,-3.867894776778522,-3.867894776778522,5.55231911486673,8.128712753254694,-0.7520709749415282,5.0510578910133335,-3.867894776778522,5.862270302377831,6.968216406644666,6.540057419562055,2.2387637168999976,-3.867894776778522,-3.867894776778522,-3.867894776778522,-3.867894776778522,2.9882437661139294,-3.867894776778522,5.077476706121032,-3.867894776778522,-3.867894776778522,-3.867894776778522,-3.867894776778522,-3.867894776778522,-3.867894776778522,-3.867894776778522,-3.867894776778522,1.076816623597363,-3.867894776778522,-3.867894776778522,0.6644406088326757,1.3373141471260226,-3.867894776778522,-3.867894776778522,-3.867894776778522,0.5156954732478649,1.4712006446021366,-3.867894776778522,-3.867894776778522,4.593634833875892,-3.867894776778522,-3.867894776778522,1.9774730525407538,5.309804660747934,-3.867894776778522,6.916247125582489,-3.867894776778522,3.260576099357648,-3.867894776778522,-3.867894776778522,1.4193673888572462,-3.867894776778522,4.29204880451244,-3.867894776778522,-3.867894776778522,1.345058049467779,2.1923927244573562,-3.867894776778522,2.898690368212675,0.49140950067261,4.7493800551610565,-3.867894776778522,-3.867894776778522,2.2590706457310237,-3.867894776778522,-3.867894776778522,2.183379130717423,3.5145308112096085,4.81243913570716,4.193162421676157,7.170631441433283,-3.867894776778522,-3.867894776778522,2.431703646710112,-3.867894776778522,-3.867894776778522,2.0184837585125326,4.26224920686038,1.7422454721919625,-0.6062119957997751,-3.867894776778522,7.497462246066757,-3.867894776778522,-3.867894776778522,-3.867894776778522,2.6039094613446006,0.9575809587437512
CSM7KOOJ,6.512661160443434,-4.25032182573587,2.1888896290635715,6.939397059829199,6.683980945573662,3.0294382602391705,1.1367975108727606,-4.25032182573587,-4.25032182573587,1.1874904411994027,4.737286996596272,6.473270712135567,7.768838765930839,-0.5698821168435675,-4.25032182573587,-4.25032182573587,-4.25032182573587,5.115312620001889,7.56710111828701,-0.06764290625302749,5.134885771560254,-1.735391632969348,5.779468278847069,6.861405453148249,6.691259451501783,0.4764666762648311,-4.25032182573587,-4.25032182573587,-4.25032182573587,-4.25032182573587,3.1424306978311707,-4.25032182573587,5.179418339006601,-0.5496207791981575,-4.25032182573587,-4.25032182573587,-4.25032182573587,-4.25032182573587,-4.25032182573587,-4.25032182573587,-4.25032182573587,-0.5030841446175156,-4.25032182573587,-4.25032182573587,-1.0416462562788134,2.2976999407067957,-4.25032182573587,-4.25032182573587,-0.26372929042726767,0.4746678787323457,1.7733914833754616,-4.25032182573587,-4.25032182573587,4.495266454322797,-4.25032182573587,-0.47477062910783907,6.2898423941164925,5.058119888782474,-4.25032182573587,7.017527683041655,-4.25032182573587,4.041446233678909,0.18062037382716944,-4.25032182573587,-4.25032182573587,-4.25032182573587,5.095419604598997,-4.25032182573587,-4.25032182573587,1.3549277908796942,1.0616123259911792,4.098980550978288,2.9132528986218933,1.086819331824989,3.7452764618045533,-4.25032182573587,3.691362819685718,2.674606062469186,2.5961984017050472,-4.25032182573587,0.8702255387105389,2.421975585097809,6.041970970830363,4.367259482491526,5.606442482332598,-4.25032182573587,-1.06236344053983,2.412686219543427,-4.25032182573587,-4.25032182573587,1.122771079217383,3.072365497165948,-4.25032182573587,-4.25032182573587,-4.25032182573587,6.752994347495012,-4.25032182573587,-4.25032182573587,-4.25032182573587,2.001100825784671,1.8093392067317762
CSM7KOOL,6.191649746179701,-3.6422286267690485,2.815196754698251,7.25689734623613,7.470979685127752,3.629800894152096,1.7326643745893975,-3.6422286267690485,-3.6422286267690485,-3.6422286267690485,5.227531786672384,7.22766351494702,7.094892276177734,1.4868934250198649,-3.6422286267690485,-3.6422286267690485,-3.6422286267690485,6.080410872115819,8.302144603244487,-0.9326503889259339,6.714080044961694,-0.018422180999468907,5.227374642335559,7.610300750003904,8.314946710208408,2.5851682723019165,-3.6422286267690485,-3.6422286267690485,-3.6422286267690485,-3.6422286267690485,2.3183905117228205,-3.6422286267690485,4.475348913396798,4.754066764269955,-3.6422286267690485,-3.6422286267690485,-3.6422286267690485,-3.6422286267690485,-3.6422286267690485,-3.6422286267690485,-3.6422286267690485,-3.6422286267690485,-3.6422286267690485,-3.6422286267690485,-3.6422286267690485,-3.6422286267690485,-3.6422286267690485,-3.6422286267690485,-3.6422286267690485,-3.6422286267690485,-3.6422286267690485,-3.6422286267690485,-3.6422286267690485,6.244321596901326,-3.6422286267690485,-3.6422286267690485,4.869027793453778,5.689738631484798,-3.6422286267690485,7.917251719416175,-3.6422286267690485,1.5560531249035172,-3.6422286267690485,-0.18629438592683734,3.2232707224014856,-3.6422286267690485,5.805526316274356,-3.6422286267690485,-3.6422286267690485,2.260967615997977,-3.6422286267690485,5.089674699231746,2.7258761033140653,2.3465479902380206,5.564840998620646,-3.6422286267690485,5.512768751821347,1.8651456658228458,-3.6422286267690485,-3.6422286267690485,1.6327711793620736,3.671960873031913,6.811034134418412,5.443055934512045,4.450680425539984,-3.6422286267690485,-3.6422286267690485,2.2554025251908723,-3.6422286267690485,-3.6422286267690485,-1.142621866645369,3.650204288060106,-3.6422286267690485,-3.6422286267690485,-3.6422286267690485,7.500040316435495,-3.6422286267690485,-3.6422286267690485,-3.6422286267690485,-3.6422286267690485,-3.6422286267690485
CSM7KOON,6.705105810995535,-3.7219383709103457,3.6849780116016992,7.495100884017615,7.2901724601784705,3.9213853728220025,1.9516226938128796,-3.7219383709103457,-3.7219383709103457,-3.7219383709103457,6.2725430970621865,6.627327112961,7.574221307541768,-3.7219383709103457,-3.7219383709103457,-3.7219383709103457,-3.7219383709103457,4.702903748868781,7.314389771970459,-3.7219383709103457,5.8778007891600375,0.2772594669262425,6.58954626606349,7.721074250244595,7.744506478823646,0.6409150456782058,-3.7219383709103457,-3.7219383709103457,-3.7219383709103457,-3.7219383709103457,2.503389081020142,-3.7219383709103457,4.493962151342095,-3.7219383709103457,-3.7219383709103457,-3.7219383709103457,-3.7219383709103457,-3.7219383709103457,-3.7219383709103457,-3.7219383709103457,-3.7219383709103457,-3.7219383709103457,-3.7219383709103457,-3.7219383709103457,2.0306202672068885,3.9389900803857882,-3.7219383709103457,-3.7219383709103457,1.0949870034403677,3.548863545079585,-3.7219383709103457,-3.7219383709103457,-3.7219383709103457,5.512771072598311,-0.003095209525469045,3.2824080542130334,7.477413596421351,5.139208016996992,-3.7219383709103457,7.491203429575274,-3.7219383709103457,-3.7219383709103457,-3.7219383709103457,0.7146688067316411,-3.7219383709103457,-3.7219383709103457,5.805041081823509,-3.7219383709103457,-3.7219383709103457,1.9300542977216235,-3.7219383709103457,-3.7219383709103457,4.547989070371026,0.6538047821246131,5.229981654198474,-3.7219383709103457,4.3165376292731095,2.9627225565893403,-3.7219383709103457,-3.7219383709103457,1.54033790800667,4.671299715886822,5.2795557434770926,4.260957114150614,6.259735352135657,-3.7219383709103457,-3.7219383709103457,2.511015318871422,-3.7219383709103457,-3.7219383709103457,2.544824754572944,4.392763615398929,-3.7219383709103457,-3.7219383709103457,-3.7219383709103457,8.183747341251664,-3.7219383709103457,-3.7219383709103457,-3.7219383709103457,-3.7219383709103457,-3.7219383709103457
CSM7KOOP,7.337079953297752,-4.025330882511559,3.2391912386729222,6.697363499088894,6.630407044729367,2.8516165391112676,0.8767754656340543,-4.025330882511559,-4.025330882511559,-4.025330882511559,5.555166904961769,5.8007933974503825,6.830054591969237,-4.025330882511559,-4.025330882511559,-4.025330882511559,-4.025330882511559,4.4800401952093125,6.841204744503818,-4.025330882511559,5.183995075907171,-4.025330882511559,5.584461411494747,7.502712196767597,7.588178456177916,-0.3621092956336138,-4.025330882511559,-4.025330882511559,-4.025330882511559,-4.025330882511559,3.991269289638783,-4.025330882511559,4.4367724948280705,2.042532612564554,-4.025330882511559,-4.025330882511559,-4.025330882511559,-4.025330882511559,-4.025330882511559,-4.025330882511559,-4.025330882511559,0.6359663851512334,-4.025330882511559,-4.025330882511559,1.031398584502119,2.8381125059375183,-4.025330882511559,-4.025330882511559,-4.025330882511559,1.7285832462895563,-4.025330882511559,-4.025330882511559,1.4641571829839926,5.812810501880279,-4.025330882511559,0.6619747117689734,6.832088631220611,5.410452721995384,-4.025330882511559,7.473644532587447,-4.025330882511559,2.1786699460771297,2.5274252875959586,-4.025330882511559,2.714576457572858,-4.025330882511559,6.5759409039070515,-4.025330882511559,-4.025330882511559,2.0005413039834865,2.7471272408533247,-4.025330882511559,4.323678557591996,1.975291821299236,4.611570138327653,-4.025330882511559,3.361390368204506,3.55531668877592,1.8829355162063361,-4.025330882511559,-4.025330882511559,3.453150311439665,6.526935806255669,5.061984281318997,6.55254346073685,-4.025330882511559,-4.025330882511559,1.6439398314945333,-4.025330882511559,-4.025330882511559,1.2309110919144537,2.763537023807049,-4.025330882511559,-4.025330882511559,-4.025330882511559,7.53811607997236,-4.025330882511559,-4.025330882511559,-4.025330882511559,1.0662703510116405,-0.022003163460045272
CSMA8M9R,6.569247636297232,-4.335606873313656,2.635118081453106,6.65939737714568,6.3714574670921795,2.8181015105669074,1.0782066199287588,-4.335606873313656,-4.335606873313656,0.3386536626709713,5.00639295804446,6.377375114835852,7.117399854898446,-0.7027602432681501,-4.335606873313656,-4.335606873313656,-4.335606873313656,5.597632242826778,7.380944597717097,-0.6295728010849366,4.847191139389206,-2.881178637614454,5.7179862130526615,7.148490505860401,6.7592504883325955,0.03707635920081209,-4.335606873313656,-4.335606873313656,-4.335606873313656,-4.335606873313656,2.4233160159021123,-4.335606873313656,3.3184544399298783,3.81949235132151,-4.335606873313656,-4.335606873313656,-4.335606873313656,-4.335606873313656,-4.335606873313656,-4.335606873313656,0.14143345351520864,-4.335606873313656,-4.335606873313656,-4.335606873313656,-0.31071819946830104,1.8202255353958092,-0.361457118584946,-4.335606873313656,0.928671205105136,0.8486174459493299,-4.335606873313656,1.6478074628415857,1.63060049482484,2.0050186080644785,-2.6473145662923656,0.09489956150277123,6.744521034663107,3.329047426244923,-4.335606873313656,6.873040155589347,-4.335606873313656,2.891379922550728,0.7277941597868889,-4.335606873313656,-4.335606873313656,-4.335606873313656,5.577255778049674,-4.335606873313656,-4.335606873313656,1.254896506346478,1.5628793905194627,4.259202033272381,3.2539831839007416,1.5906300435946346,4.556354444564928,-4.335606873313656,3.479439838687016,1.545565398330572,2.5688301078068623,-4.335606873313656,0.6058472907832204,3.10498627177002,6.15292271207287,4.592525278731665,5.761275472978548,-4.335606873313656,-4.335606873313656,-4.335606873313656,-4.335606873313656,-4.335606873313656,1.2525965532923742,3.6865195496733474,-4.335606873313656,-4.335606873313656,-4.335606873313656,7.004698186481493,-4.335606873313656,-4.335606873313656,-1.5775510546255642,2.162477057040788,1.1933082263999655
CSMAAEUA,6.331091618580086,-3.908264219978646,3.0298957593831197,6.5376608925796615,7.023292439953647,3.2714531824033832,1.2032976143130085,-3.908264219978646,-3.908264219978646,-3.908264219978646,5.4534519354461395,6.621065955350323,6.68499210701391,0.001790675990484658,-3.908264219978646,-3.908264219978646,-3.908264219978646,4.854591407887235,8.085393856595047,-3.908264219978646,5.862074254399074,-1.2721072048430688,5.8969507974003985,7.790591428095571,8.065170194544674,1.6191070175746933,-3.908264219978646,-3.908264219978646,-3.908264219978646,-3.908264219978646,2.460202501339052,-3.908264219978646,4.299060084725897,-3.908264219978646,-3.908264219978646,-3.908264219978646,-3.908264219978646,-3.908264219978646,-3.908264219978646,-3.908264219978646,-3.908264219978646,0.7814925864288966,-3.908264219978646,-3.908264219978646,-3.908264219978646,1.0577415130430339,-3.908264219978646,-3.908264219978646,1.0011175604144213,1.6330995391449807,1.5925897540716019,-3.908264219978646,-3.908264219978646,4.62192674215342,0.9458411726916793,0.789830778261674,6.512071842965154,4.700229199501408,-3.908264219978646,6.930996958112955,-3.908264219978646,3.762243485285671,-3.908264219978646,-3.908264219978646,2.1856218351512835,-3.908264219978646,5.758269430874839,-3.908264219978646,-3.908264219978646,1.1723138397239055,-3.908264219978646,4.380355092310889,2.618366113221769,3.0589341501419103,3.7494123641008867,-3.908264219978646,7.133075212894665,2.987053749018182,2.364629728656511,-3.908264219978646,1.4133126557534155,4.429104201187134,6.976416492001287,4.697286190480408,-3.908264219978646,-3.908264219978646,-3.908264219978646,2.0650898296785503,-3.908264219978646,-3.908264219978646,1.9110197745444726,2.553144346012153,-3.908264219978646,-3.908264219978646,-3.908264219978646,6.9496964873803915,-3.908264219978646,-3.908264219978646,-3.908264219978646,-3.908264219978646,0.8619018549919044
CSMAE44D,5.996456909213654,-3.856992024123066,2.830210360863669,7.388745100411601,7.268737102084149,4.55285378021695,2.9822696221110148,-3.856992024123066,-3.856992024123066,1.738273744062635,5.692906465174261,6.441282248194955,6.5829869088845,-3.856992024123066,-3.856992024123066,-3.856992024123066,-3.856992024123066,5.658611329606883,8.224061978178234,-0.9686386777977773,5.408821868564337,-0.408500306867019,6.198323041566002,6.7884539670830355,8.366916540626152,1.2188776727121198,-3.856992024123066,-3.856992024123066,-3.856992024123066,-3.856992024123066,1.8362111250336355,-3.856992024123066,3.864106357304445,3.155746516305226,-3.856992024123066,-3.856992024123066,-3.856992024123066,-3.856992024123066,-3.856992024123066,-3.856992024123066,-3.856992024123066,-3.856992024123066,-3.856992024123066,-3.856992024123066,-3.856992024123066,-3.856992024123066,-3.856992024123066,-3.856992024123066,-3.856992024123066,-3.856992024123066,1.7191071514961855,0.8222405538982169,1.2515277791948716,3.8159815248584676,-3.856992024123066,-3.856992024123066,5.915255379051359,5.45756701473736,-3.856992024123066,7.491434803315449,-3.856992024123066,3.3383166808579814,-3.856992024123066,-3.856992024123066,1.2956360799534572,-3.856992024123066,5.872517617797763,-3.856992024123066,-3.856992024123066,1.7806468921385274,0.9232467347329951,4.474599069545035,3.586085405736096,1.5868899972550121,5.072155431041748,-3.856992024123066,5.005605754946031,1.9703540110006719,-3.856992024123066,-3.856992024123066,1.6991712658598388,4.59474212154271,6.453199260570444,3.7607112436616728,5.189123208588996,-3.856992024123066,-3.856992024123066,2.2729919661052245,-3.856992024123066,-3.856992024123066,-0.33946099677189956,-3.856992024123066,-3.856992024123066,-3.856992024123066,-3.856992024123066,7.385549572115299,-3.856992024123066,-3.856992024123066,-3.856992024123066,1.5314914146398877,1.9621926388736268
CSMAG78W,-2.380972223143962,-2.380972223143962,-2.380972223143962,-2.380972223143962,8.90124543364784,-2.380972223143962,-2.380972223143962,-2.380972223143962,-2.380972223143962,2.826729666506992,-2.380972223143962,7.027863550664469,-2.380972223143962,-2.380972223143962,-2.380972223143962,-2.380972223143962,-2.380972223143962,-2.380972223143962,10.22974089895596,1.5615479692757503,-2.380972223143962,0.526833525315876,-2.380972223143962,10.01980919130048,1.057161797679285,-2.380972223143962,-2.380972223143962,-2.380972223143962,-2.380972223143962,-2.380972223143962,-2.380972223143962,-2.380972223143962,-2.380972223143962,-2.380972223143962,-2.380972223143962,-0.05772132402261221,-2.380972223143962,7.035174254596036,-2.380972223143962,-2.380972223143962,-2.380972223143962,3.0311799861932283,-2.380972223143962,-2.380972223143962,0.3862436847780337,3.1382366832174977,-2.380972223143962,-2.380972223143962,-2.380972223143962,-2.380972223143962,2.654330328074712,-2.380972223143962,-2.380972223143962,-2.380972223143962,-2.380972223143962,2.6549811619572523,5.508131312012328,8.586795839038201,-2.380972223143962,9.171178527068271,-2.380972223143962,-2.380972223143962,3.693027064774996,-2.380972223143962,-2.380972223143962,-2.380972223143962,6.638159137385772,-2.380972223143962,-2.380972223143962,4.012737417561635,4.276838555939757,6.455005867690743,5.515047876314491,-2.380972223143962,8.773339625095328,-2.380972223143962,-2.380972223143962,-2.380972223143962,-2.380972223143962,-2.380972223143962,4.1569647594268195,6.1841949082595615,7.713898373468192,6.7962613738301405,-2.380972223143962,-2.380972223143962,-2.380972223143962,-2.380972223143962,-2.380972223143962,-2.380972223143962,3.237842672345023,3.996029551084435,-2.380972223143962,-2.380972223143962,-2.380972223143962,8.578273727495388,-2.380972223143962,-2.380972223143962,-2.380972223143962,-2.380972223143962,-2.380972223143962
CSMAHYLR,-2.7689171037206997,-2.7689171037206997,-2.7689171037206997,4.057583982474879,8.597619784341731,5.906382129543241,3.804268202348948,-2.7689171037206997,-2.7689171037206997,2.45531794762252,7.2371172792397225,8.77883517675754,-2.7689171037206997,-2.7689171037206997,-2.7689171037206997,-2.7689171037206997,-2.7689171037206997,-2.7689171037206997,9.80493553385397,3.1802010344217937,1.8142156172417057,2.0825738210641447,-2.7689171037206997,9.5102633030608,2.2040602324979073,-2.7689171037206997,-2.7689171037206997,-2.7689171037206997,-2.7689171037206997,-2.7689171037206997,-2.7689171037206997,-2.7689171037206997,-2.7689171037206997,2.9979780288371582,-2.7689171037206997,-2.7689171037206997,-2.7689171037206997,-2.7689171037206997,-2.7689171037206997,-2.7689171037206997,-2.7689171037206997,-2.7689171037206997,-2.7689171037206997,-2.7689171037206997,0.8794051637747753,3.757430154491601,-2.7689171037206997,-2.7689171037206997,1.7071105166218281,-2.7689171037206997,2.2145325293314606,-2.7689171037206997,-2.7689171037206997,-2.7689171037206997,-2.7689171037206997,2.1827807757945585,6.956116631705311,7.300498248698014,-2.7689171037206997,8.217570551970415,-2.7689171037206997,-2.7689171037206997,-2.7689171037206997,-2.7689171037206997,-2.7689171037206997,-2.7689171037206997,5.660768409334206,-2.7689171037206997,-2.7689171037206997,3.390042723866144,-2.7689171037206997,6.0220280899412275,4.958905055456531,-2.7689171037206997,8.143903948698405,-2.7689171037206997,-2.7689171037206997,-2.7689171037206997,-2.7689171037206997,-2.7689171037206997,2.8428149289034614,5.16267313967809,6.931785077835127,4.9725632812836675,6.259988986570215,-2.7689171037206997,-2.7689171037206997,3.587967152127203,-2.7689171037206997,-2.7689171037206997,3.074895270634862,4.898586968720623,-2.7689171037206997,-2.7689171037206997,-2.7689171037206997,8.42589206309993,-2.7689171037206997,-2.7689171037206997,-2.7689171037206997,-2.7689171037206997,-2.7689171037206997
HSM5MD5B,2.1712184875236895,2.4228164801642587,-5.458372068309904,3.049048456070511,-5.458372068309904,-5.458372068309904,-5.458372068309904,0.8240605962196073,-1.0586530235572287,-0.832207209991557,-5.458372068309904,4.164792591147736,-5.458372068309904,-1.5450005189423202,6.792577871225211,-5.458372068309904,3.6398144121549,-5.458372068309904,-5.458372068309904,-5.458372068309904,3.6261176045809886,3.783053070800098,2.3178829152615785,5.138914555893537,3.7025409510136926,-1.4850497166675858,-5.458372068309904,3.491449057638359,3.2098358347678246,3.2398671586473853,2.1078932510309407,-2.283084140473461,4.506030690564993,-5.458372068309904,0.2205419237229922,-0.11194684576992309,-0.03799772174849281,1.4882484708217083,-0.005944810026907277,-5.458372068309904,2.4726128585760936,2.604463665421772,0.6150881605852252,1.6638548746505792,-5.458372068309904,2.2420844059136282,-5.458372068309904,5.6619583520413315,-0.4370223297657052,3.2267333287492903,-5.458372068309904,4.034617073236801,2.0498684961497107,1.5204543665392096,1.4139382321760285,-5.458372068309904,4.865652448045908,-5.458372068309904,2.9188181039367542,6.660012659623434,-0.2519343797035578,5.824810267703997,0.48988816026458615,-5.458372068309904,1.978073028201778,-0.03705404717757155,1.4207669226947406,1.022159132305383,0.5952382384723469,0.8961534914819307,-5.458372068309904,-5.458372068309904,2.1011343628926076,-5.458372068309904,-5.458372068309904,4.613590597823994,-5.458372068309904,3.9641013062276693,-5.458372068309904,-5.458372068309904,-2.6766430288330945,2.3844937983594843,4.245857054739695,3.2922302627065196,-5.458372068309904,0.9716863386719492,3.0149525323630213,0.3377020593279738,0.934365141440523,-5.458372068309904,2.186544556651609,2.7224021080103045,2.756921312985071,3.672865039348344,-0.27261000548585557,5.934001361921374,-5.458372068309904,2.4773557615209905,2.916607092810957,1.3182121436643666,5.408964281643158
HSM5MD5D,4.3006348976516575,5.243116666747248,-4.980490819321197,4.8858973977428946,-4.980490819321197,-4.980490819321197,-4.980490819321197,-4.980490819321197,2.7785312948870287,-4.980490819321197,-4.980490819321197,5.848532908061344,-4.980490819321197,1.5377871911024483,6.448481903902273,-4.980490819321197,4.524315069696722,-2.6633615884703445,-4.980490819321197,-4.980490819321197,4.934630582278212,3.822184279743044,4.039583957799208,5.486963887930445,5.850167056214096,0.4405379026174181,-4.980490819321197,2.8889259349382774,2.2025547734275372,2.1869909530847655,4.4738197938540845,-0.6483250811286556,3.888764716139362,3.293028701983374,-0.2615516753714662,1.9150440927602794,-4.980490819321197,2.4957718411180503,0.23230823268366052,-4.980490819321197,2.157085912515461,5.5280866468342325,1.3315871762819746,3.2781731610745677,-4.980490819321197,1.9741534981264044,-4.980490819321197,4.755346652626232,0.5014622062153027,3.24950550383231,-4.980490819321197,0.9479706881044301,-4.980490819321197,1.260602325686433,2.4608574483379995,-4.980490819321197,5.86343283457029,-4.980490819321197,5.120461840791444,7.587807203767845,2.679075212054312,1.542066938510951,1.667094358876719,-4.980490819321197,3.8560754282045275,-4.980490819321197,2.0817161295888527,0.6259248365941712,-4.980490819321197,3.036252942059705,-4.980490819321197,-4.980490819321197,3.714463341726953,-4.980490819321197,-4.980490819321197,6.201986099198582,-4.980490819321197,3.6454965847417133,0.6854023942882002,-4.980490819321197,-0.32396093796019443,2.6621900866838955,-4.980490819321197,1.1053784458149316,-4.980490819321197,4.628229040598729,5.4718042218259475,2.9052453055489664,-4.980490819321197,-4.980490819321197,0.9700723303874375,3.356000302537505,-1.3653765073497048,-4.980490819321197,-4.980490819321197,5.641409574131405,-4.980490819321197,-4.980490819321197,0.09628657663493989,1.4957750627657989,1.7376837572613546
HSM5MD6I,-3.3389897271394897,4.842403888659414,-3.3389897271394897,6.434126131872596,-3.3389897271394897,-3.3389897271394897,5.179644016263183,3.9233433751761995,2.0988406477843125,-3.3389897271394897,-3.3389897271394897,-3.3389897271394897,-3.3389897271394897,-3.3389897271394897,-3.3389897271394897,-3.3389897271394897,-3.3389897271394897,-3.3389897271394897,9.003326300155324,-3.3389897271394897,7.69204097556874,9.537050629449151,-3.3389897271394897,-0.7422405544490065,0.17561393003872716,-3.3389897271394897,-3.3389897271394897,-3.3389897271394897,-3.3389897271394897,-3.3389897271394897,4.720036982820558,-0.7815656047727035,4.072339908892348,-3.3389897271394897,1.800549102543993,2.1307347530806258,-3.3389897271394897,5.072809455439974,0.9646393219841531,-3.3389897271394897,1.4700425079564639,4.2047317201404555,0.9055581030898487,-3.3389897271394897,-3.3389897271394897,2.3297265473660556,-0.33078242834838534,-3.3389897271394897,1.6828920553797673,3.9534511362036415,-3.3389897271394897,-3.3389897271394897,0.4856359489573716,2.3883595429446114,4.38408386967812,2.2524985374223156,8.144141777585233,-2.0330899073602637,-3.3389897271394897,8.579662365243973,3.2152496189585467,-3.3389897271394897,1.7424862240892853,-3.3389897271394897,1.056807447422763,-3.3389897271394897,3.1874520430760427,1.527451228954659,2.8655824258456724,2.975372864233343,3.0961144933009663,-3.3389897271394897,4.706228050817164,-3.3389897271394897,-3.3389897271394897,-3.3389897271394897,0.7343557184871905,3.421727737791307,-3.3389897271394897,-3.3389897271394897,-3.3389897271394897,4.898408583800887,-3.3389897271394897,4.114235567845939,-3.3389897271394897,-0.5659292840020669,4.783966407139614,-3.3389897271394897,1.2810575465385643,-3.3389897271394897,3.6223513069529734,4.132954736451884,-3.3389897271394897,-3.3389897271394897,-3.3389897271394897,5.525631361047518,-3.3389897271394897,-3.3389897271394897,-3.3389897271394897,0.8024483763735457,1.9459391379420268
HSM5MD6K,-3.1479441264961086,5.837968394101299,-3.1479441264961086,7.230486228685115,-3.1479441264961086,-3.1479441264961086,5.965411467020829,4.330836100068634,-3.1479441264961086,3.798778525088208,-3.1479441264961086,-3.1479441264961086,-3.1479441264961086,-3.1479441264961086,-3.1479441264961086,-3.1479441264961086,-3.1479441264961086,0.18384096566520292,9.126927536295968,-3.1479441264961086,7.549847468638244,9.523436326750348,-3.1479441264961086,1.4647254328594421,-0.9174911539373234,-3.1479441264961086,-3.1479441264961086,-3.1479441264961086,-3.1479441264961086,-3.1479441264961086,6.247040295824588,-0.18407533696674072,4.232505017436262,-3.1479441264961086,0.6704410928138707,-3.1479441264961086,-3.1479441264961086,5.221203508453649,-3.1479441264961086,-3.1479441264961086,0.8263379402726247,4.293313702078989,-3.1479441264961086,-3.1479441264961086,-3.1479441264961086,3.482766512287645,1.991440966071325,4.13005637437064,2.8094999754568866,4.715111157246898,-3.1479441264961086,-3.1479441264961086,-3.1479441264961086,2.8513026987149592,4.232957824184788,3.6784043625520884,7.867280468057242,-3.1479441264961086,-3.1479441264961086,9.288810628196718,3.510984426659962,-3.1479441264961086,1.2684257718010983,-3.1479441264961086,-3.1479441264961086,-3.1479441264961086,1.5285789981300404,1.319742020129958,3.387136312054988,2.7973446736049388,3.2082633791047463,-3.1479441264961086,4.650750008053432,-3.1479441264961086,-3.1479441264961086,-3.1479441264961086,1.3304039377721946,3.47974935354992,-3.1479441264961086,-3.1479441264961086,-3.1479441264961086,3.0561717895367693,1.4129241383313929,5.286410377755779,-3.1479441264961086,-3.1479441264961086,5.389705972284398,-3.1479441264961086,-3.1479441264961086,-3.1479441264961086,3.9650546189567724,4.062754948169601,-3.1479441264961086,-3.1479441264961086,-3.1479441264961086,6.181305879597021,-3.1479441264961086,-3.1479441264961086,-3.1479441264961086,-3.1479441264961086,-3.1479441264961086
HSM5MD6M,-2.4054549996053325,5.62016411438794,-2.4054549996053325,7.210478793057037,-2.4054549996053325,-2.4054549996053325,5.726751707836465,1.6336553686732067,-2.4054549996053325,-2.4054549996053325,-2.4054549996053325,1.3324913795547602,-2.4054549996053325,-2.4054549996053325,-2.4054549996053325,-2.4054549996053325,-2.4054549996053325,-2.4054549996053325,9.589782667525702,-2.4054549996053325,8.131906352696097,10.648322936782817,-2.4054549996053325,1.7950666942836442,2.150779213819508,-2.4054549996053325,-2.4054549996053325,-2.4054549996053325,-2.4054549996053325,-2.4054549996053325,5.788085579542044,0.5520650676669696,4.198182346171062,-2.4054549996053325,-2.4054549996053325,-2.4054549996053325,-2.4054549996053325,-2.4054549996053325,-2.4054549996053325,-2.4054549996053325,-2.4054549996053325,4.12017295249534,-2.4054549996053325,-2.4054549996053325,-2.4054549996053325,-2.4054549996053325,-2.4054549996053325,3.647499196343544,-2.4054549996053325,4.4206654752784225,3.5463813688438544,-2.4054549996053325,-2.4054549996053325,4.365316531881292,0.19786750760046523,-2.4054549996053325,9.196312777062143,-2.4054549996053325,-2.4054549996053325,9.68098973044323,1.2134120087574125,-0.21999514251253593,-2.4054549996053325,-2.4054549996053325,1.7904459935650578,2.8877675223225623,1.3566032641607197,-2.4054549996053325,0.6239818526793535,-0.45253876899697865,-2.4054549996053325,-2.4054549996053325,4.329770544990934,-2.4054549996053325,-2.4054549996053325,-2.4054549996053325,-2.4054549996053325,3.529166245927976,-2.4054549996053325,-2.4054549996053325,-2.4054549996053325,5.188145884217959,-2.4054549996053325,6.382022459705518,-2.4054549996053325,-2.4054549996053325,5.663914887361259,-2.4054549996053325,4.8394378936411435,-2.4054549996053325,0.921830817371907,4.796673824495432,-2.4054549996053325,-2.4054549996053325,-2.4054549996053325,4.718702497564616,-2.4054549996053325,-2.4054549996053325,-2.4054549996053325,-2.4054549996053325,0.42138542793701106
HSM5MD6Q,-4.04114206384739,5.023096327337271,-4.04114206384739,7.246121249229306,7.4033877742425105,-4.04114206384739,-4.04114206384739,1.0400646673579068,-4.04114206384739,-4.04114206384739,-4.04114206384739,7.338841171627571,-4.04114206384739,-1.1986540723202186,-4.04114206384739,-4.04114206384739,-4.04114206384739,-4.04114206384739,-4.04114206384739,-4.04114206384739,7.133276533384424,8.19074392809408,-4.04114206384739,8.094146612020536,5.573392605587622,5.217269044139111,-4.04114206384739,2.859715389242745,-4.04114206384739,1.6694545926657955,-4.04114206384739,-4.04114206384739,-4.04114206384739,-4.04114206384739,0.3716434085756095,1.0450712427709963,1.8136736720368187,1.3713426256821677,1.821171035578705,-4.04114206384739,1.9265918220454852,3.0026480661764827,1.6757870986729682,-4.04114206384739,-4.04114206384739,2.0683334877640362,-4.04114206384739,4.504427974291834,1.915673837249928,3.348959079642423,-4.04114206384739,4.5601915866449545,-4.04114206384739,4.302001437860368,2.677391838711248,-4.04114206384739,5.553257432369663,3.0792342433670763,-4.04114206384739,7.486333712948245,2.690484677394905,3.3986397742147583,-0.40189056564420866,-0.565861088116069,-4.04114206384739,-4.04114206384739,2.924483307437564,3.25920021725046,2.089864029940477,2.624394506961095,2.6021465092630205,-4.04114206384739,4.681549999093359,-4.04114206384739,-4.04114206384739,-4.04114206384739,6.453347488638663,-4.04114206384739,-4.04114206384739,-4.04114206384739,-4.04114206384739,3.663006662206021,-4.04114206384739,3.2429742448538663,2.7590205602933846,-4.04114206384739,-4.04114206384739,-4.04114206384739,-4.04114206384739,4.176708167367146,2.543492588260418,3.574594526770043,-4.04114206384739,1.4256966376223073,-4.04114206384739,4.839974781579576,-4.04114206384739,1.4829047781066897,3.006606759542822,5.689810808363261,5.657938204428869
HSM5MD6W,-2.8403589377358003,-2.8403589377358003,-2.8403589377358003,-2.8403589377358003,-2.8403589377358003,-2.8403589377358003,-2.8403589377358003,-2.8403589377358003,-2.8403589377358003,-2.8403589377358003,-2.8403589377358003,6.978812925394471,-2.8403589377358003,1.0677016283300205,-2.8403589377358003,-2.8403589377358003,-2.8403589377358003,-2.8403589377358003,1.3943646235690696,-2.8403589377358003,8.709790107819266,10.368638217052778,-2.8403589377358003,7.2353656456805595,7.076828740801986,6.695690398427414,-2.8403589377358003,-2.8403589377358003,-2.8403589377358003,4.890549767276106,-2.8403589377358003,-2.8403589377358003,-2.8403589377358003,1.2152250462019083,1.3376312193265534,0.5859332527833185,3.4306417632368076,3.443814756894241,-2.8403589377358003,1.0118418745883204,2.3150183422359607,-2.8403589377358003,4.682514140957231,-2.8403589377358003,-2.8403589377358003,4.388309917951093,-2.8403589377358003,6.544072461211476,2.60803606867327,4.667339988224964,-2.8403589377358003,-2.8403589377358003,-2.8403589377358003,-2.8403589377358003,-2.8403589377358003,4.633612862807265,-2.8403589377358003,-2.8403589377358003,-2.8403589377358003,9.074889046670322,3.740431451005054,-2.8403589377358003,-2.8403589377358003,-2.8403589377358003,-2.8403589377358003,1.2493592734856591,3.918668813606744,5.896909949492125,-2.8403589377358003,3.323785291410796,-2.8403589377358003,-2.8403589377358003,5.4598546991092265,-2.8403589377358003,-2.8403589377358003,-2.8403589377358003,7.901157008729801,-2.8403589377358003,3.246916641760289,-2.8403589377358003,-2.8403589377358003,6.147371697432164,-2.8403589377358003,-2.8403589377358003,-2.8403589377358003,-2.8403589377358003,-2.8403589377358003,-2.8403589377358003,5.6356273754448285,3.3862931406701247,2.975564583496661,6.1925455351243315,0.7833535318714144,-2.8403589377358003,-2.8403589377358003,7.112572578813659,-2.8403589377358003,-2.8403589377358003,-0.9070434835646353,-2.8403589377358003,2.841904317879406
HSM67VDT,5.830486104000084,4.12347199653227,-4.0843016223941895,5.702258982924831,7.532663899716267,-2.8039045483343177,4.484104985891277,-4.0843016223941895,-4.0843016223941895,0.6874804678146766,-4.0843016223941895,6.319667083436886,-4.0843016223941895,3.5289715445519745,-4.0843016223941895,5.803681338177442,-2.774261887188697,0.6717792039712371,-0.09450510556739466,-4.0843016223941895,6.175071975381055,8.923453362175499,5.433805414850616,7.141230060193935,7.220688062756015,-4.0843016223941895,-4.0843016223941895,-4.0843016223941895,-4.0843016223941895,3.197453275661851,-4.0843016223941895,-4.0843016223941895,0.28304010748987807,-4.0843016223941895,-4.0843016223941895,-4.0843016223941895,-4.0843016223941895,-0.22482600204964776,-4.0843016223941895,-4.0843016223941895,-4.0843016223941895,3.1617453152638406,-4.0843016223941895,2.0731531168696753,-4.0843016223941895,-4.0843016223941895,-0.24557661775359207,4.4493201350283895,-0.30806125818464025,2.315808819679738,-4.0843016223941895,3.0966109583011496,1.298420913038413,0.34429153944899227,-1.0181208286628642,-4.0843016223941895,5.6525543503130855,4.172323638267564,3.557795267236057,5.608127942073659,0.5953942293798367,2.33979829521326,-4.0843016223941895,-4.0843016223941895,-4.0843016223941895,1.6844235730915518,-1.0913608983428649,-4.0843016223941895,-4.0843016223941895,-0.3667908991291764,1.5661009371315036,4.714939764920519,4.445350879779217,-2.2603757047678084,4.012708695694878,6.7542980684091205,-4.0843016223941895,2.9799212734927583,-4.0843016223941895,-4.0843016223941895,-4.0843016223941895,1.563432985860727,-1.2062729456292853,0.7190505217743599,1.2273022832866012,3.6731500248893196,-4.0843016223941895,-4.0843016223941895,2.3771923504475287,3.546092039670169,2.8396255626708964,3.3097661504833633,-0.5077748110868523,1.565339391385784,-4.0843016223941895,5.564055678460891,-4.0843016223941895,-4.0843016223941895,-4.0843016223941895,1.3053611247245431,0.7011327106508372
HSM67VEO,0.8742248390079972,3.2099080674305673,-4.464011641013105,5.225305477634253,6.8697317626121706,-0.9232365094108754,3.5187790403257155,1.2430986579741,-4.464011641013105,-4.464011641013105,-4.464011641013105,5.217988764206034,3.9050243249095393,7.060243835018076,-4.464011641013105,-4.464011641013105,-4.464011641013105,3.5303189600960874,-4.464011641013105,-4.464011641013105,5.1033834962785685,7.692943882992491,4.406723332670297,6.2701901610517545,-0.15071870050093672,2.5723193583927007,-4.464011641013105,-4.464011641013105,-4.464011641013105,2.0491660057456853,1.807101499243199,-4.464011641013105,2.3824787519107113,-0.06355823142976469,-4.464011641013105,-4.464011641013105,1.109992871300518,-4.464011641013105,-4.464011641013105,-4.464011641013105,-4.464011641013105,0.23303073290491483,-4.464011641013105,1.5607393652952375,-4.464011641013105,1.6719465500667559,-4.464011641013105,3.4742596546245945,1.5003904443472553,2.112846863684017,-4.464011641013105,-4.464011641013105,-4.464011641013105,3.544301965058164,1.6418415424934167,1.023433086679427,7.949142110915233,5.109601876216836,-4.464011641013105,6.918780566441088,-4.464011641013105,3.799200788945364,-4.464011641013105,-4.464011641013105,-4.464011641013105,1.9920588911091208,4.550731331211777,-4.464011641013105,-0.6969329640553532,-0.5447254513621669,1.5247104335543629,3.9693825063379746,3.5365232272845244,4.183064772877355,-4.464011641013105,6.6529121320889555,-4.464011641013105,2.648039748390498,2.0171593130239573,-4.464011641013105,-4.464011641013105,2.148918779620666,5.666085979413858,3.6174992299114743,-4.464011641013105,-1.675765446937838,4.70321437513459,0.8312282016805987,3.7297517437327325,3.200330189306513,1.1867596812943741,3.9703458068320465,-4.464011641013105,-4.464011641013105,-4.464011641013105,3.905573943492075,-4.464011641013105,0.560408915305926,-1.5791322144314908,2.986844785781778,2.024552534794883
HSM67VEQ,-4.580925451299104,5.062132457335031,-4.580925451299104,6.368429397881592,6.693432074005677,1.3268084095898907,5.995594206100792,1.083696020940197,-4.580925451299104,0.7689397734244849,-4.580925451299104,6.215402480315468,4.732340151412562,6.392455106156024,-4.580925451299104,-4.580925451299104,-4.580925451299104,6.070657063097401,-4.580925451299104,-4.580925451299104,5.208903602182537,6.995151491818179,4.040447316797786,5.459152261889443,0.25840840038828716,3.1481556676979716,-4.580925451299104,-4.580925451299104,-4.580925451299104,3.5432826161352127,1.989267755718104,-4.580925451299104,2.133188416574894,-4.580925451299104,-4.580925451299104,-4.580925451299104,-1.6459683667605258,-1.663124278273374,-4.580925451299104,-4.580925451299104,3.6584578850152516,0.44643103739950973,-1.5643442017780433,2.6237160418936165,1.0348017429483853,3.6642454956994666,-4.580925451299104,4.307885759895247,2.267959572525162,1.9370796346710595,-4.580925451299104,1.587562272756319,-4.580925451299104,4.84945720911759,2.5706280070368095,-4.580925451299104,7.255407894160161,6.573380253143183,-4.580925451299104,6.688299824219161,-4.580925451299104,1.0925346492970558,-4.580925451299104,-4.580925451299104,-4.580925451299104,-0.08948637140369442,3.7711613428208155,-4.580925451299104,-0.48995952678951227,-0.30033950158815514,-4.580925451299104,5.503501346309866,2.7587394260198863,4.963854487288455,-4.580925451299104,6.2938579984225935,-4.580925451299104,1.7892738676410787,-4.580925451299104,-2.6384781399976696,-4.580925451299104,0.44643103739950973,1.9770795863762585,-0.6274831948355803,1.7524350360596,-4.580925451299104,5.992382568354429,2.2382073396462046,1.9121915019799642,3.2769271166278733,3.211445569581808,4.071628928631577,0.21703642443229398,-0.6974460675836749,-4.580925451299104,5.249907693911244,-4.580925451299104,-4.580925451299104,-4.580925451299104,-4.580925451299104,-1.097030971067614
HSM67VES,-4.488664754265818,4.665539311216847,-4.488664754265818,5.7896779951020125,6.502422363864377,0.5125210961492073,5.257806341257293,1.6547075087534369,-4.488664754265818,-4.488664754265818,-4.488664754265818,5.827327410083549,5.647760144984625,6.803236576371364,-0.1838482186331163,-4.488664754265818,-4.488664754265818,2.1412549451912835,-0.19387735494064096,-4.488664754265818,6.053517272084411,7.6086618031586255,4.421325514659439,6.490425970576846,-0.20692154305324628,2.095481161808399,-4.488664754265818,-4.488664754265818,-4.488664754265818,3.1661315744656626,2.517372909734174,-2.2431011939829943,1.910046038955235,3.0014932882517336,-4.488664754265818,-4.488664754265818,0.8123018184957029,-4.488664754265818,-4.488664754265818,-4.488664754265818,-4.488664754265818,-4.488664754265818,-4.488664754265818,1.6927461374321435,-0.42625301938733706,2.20536239892691,-4.488664754265818,3.484310556809014,2.0336380962054035,2.5212885014736592,-4.488664754265818,1.776852626311543,-4.488664754265818,3.0197818790733235,2.3569424250962765,-0.28739321567034715,7.28852269458372,6.8662186451564775,-4.488664754265818,6.710325386211334,-4.488664754265818,-4.488664754265818,-4.488664754265818,-4.488664754265818,1.3587131283012353,1.9363931269627646,3.5735708403864592,-4.488664754265818,0.43114367870221315,0.24441498713037468,0.6820345898825693,4.974898187513678,2.9643707319917674,4.75243764418744,-4.488664754265818,6.867337026932891,-4.488664754265818,1.712200018019968,0.7317532386370953,-4.488664754265818,-4.488664754265818,2.2955555056675063,5.094709392948204,2.9673039175982403,-4.488664754265818,-4.488664754265818,4.617480008159169,1.4810760483462042,3.949433840062744,3.1158735353339537,2.1611273374757456,3.1906369471595726,-4.488664754265818,-4.488664754265818,1.1526065301932107,4.486578816528702,-4.488664754265818,-4.488664754265818,-4.488664754265818,-4.488664754265818,-4.488664754265818
HSM67VEU,1.2763338351475806,4.436277188347009,-4.303261841414688,6.002513128086454,7.012731481142197,0.7460940043280697,4.864310729519084,0.7373222949050025,-4.303261841414688,-4.303261841414688,-4.303261841414688,5.703919831299039,3.7423505425068875,6.77778823073527,-4.303261841414688,-4.303261841414688,-4.303261841414688,3.55374164524072,-4.303261841414688,-4.303261841414688,5.63057084351621,7.3781777136729465,4.498302316908596,6.479153922283784,0.4192615798202475,3.0478779511160283,-4.303261841414688,-4.303261841414688,-4.303261841414688,1.7362234108189911,3.0241337993516977,-0.4828594609262229,1.9642198687274526,-4.303261841414688,-4.303261841414688,-4.303261841414688,-0.03363056814305665,-4.303261841414688,-4.303261841414688,-4.303261841414688,-4.303261841414688,4.229353182476988,-4.303261841414688,1.942728984268883,-4.303261841414688,-0.33580109468715413,-4.303261841414688,3.5711036482651277,0.2534848111380512,2.5276424257616776,-4.303261841414688,-4.303261841414688,-4.303261841414688,2.9016022401757358,0.4531461552240241,1.3043998707529507,7.77648995738181,7.098510039276145,-4.303261841414688,7.522113734443677,-0.24854971918307456,1.5025131020975007,-4.303261841414688,-4.303261841414688,-4.303261841414688,1.8406463523858747,4.2939941382388565,-4.303261841414688,-4.303261841414688,1.5381310930452576,2.641287620984925,4.705099277694608,3.9390791409899126,4.115118591424805,-4.303261841414688,7.11000829785921,-4.303261841414688,1.8613411347236157,0.7534565917196403,-4.303261841414688,-4.303261841414688,3.2147453499298555,5.356228999924929,3.230831899235244,-4.303261841414688,-4.303261841414688,5.131639753372134,0.9374942231010159,3.8460594643300476,3.8410532411249987,1.201238477690664,2.695808827610274,-4.303261841414688,-4.303261841414688,-4.303261841414688,5.039793378270436,-4.303261841414688,-4.303261841414688,-4.303261841414688,1.2405157905831956,-2.5068640892047824
HSM67VEW,-4.529810685547654,4.277903131606852,-4.529810685547654,6.024427915942747,6.91041550634197,0.45718536788991315,4.90242803194664,1.2374752779006144,-4.529810685547654,-4.529810685547654,-4.529810685547654,5.4444338727971235,4.417932678737631,6.212625263352701,-4.529810685547654,-4.529810685547654,-4.529810685547654,2.4519043932679017,-4.529810685547654,-4.529810685547654,4.743309622899126,7.210026601934974,3.9818271852986316,6.318945178957906,0.9702769174685404,1.829999348599607,-4.529810685547654,-4.529810685547654,-4.529810685547654,3.866794531101708,2.1415052295628385,-1.8362018293375257,2.613027827954566,-4.529810685547654,-4.529810685547654,-4.529810685547654,1.7669534920806216,-4.529810685547654,-0.4943225933118498,-4.529810685547654,-4.529810685547654,0.3903056530195492,-4.529810685547654,2.894919310102905,-0.30576534842910696,3.864459063959899,-4.529810685547654,4.569587036077862,2.8197204003196585,3.0812862297511305,-4.529810685547654,2.751682956369242,0.8332366406276766,4.3934368970933555,3.012735986189597,-0.852125044474537,7.77909694570128,6.722794164934076,-4.529810685547654,6.849685796860067,0.3353772085348776,0.4961152203290471,-4.529810685547654,-4.529810685547654,-4.529810685547654,1.8264537653865034,4.430249684715197,-4.529810685547654,0.7396554326068827,1.3077186955927482,-4.529810685547654,4.6918519788035,4.1203162250056184,4.853567252598633,-4.529810685547654,6.682628643455524,-4.529810685547654,1.6252339569025374,-4.529810685547654,-4.529810685547654,-4.529810685547654,2.310545184779122,3.3681779921778636,1.7379676211830386,-4.529810685547654,-4.529810685547654,4.925224363599604,-1.7727043357815937,3.79674804788774,2.327791352205269,3.222104701620279,4.0076336701139175,-4.529810685547654,-4.529810685547654,-4.529810685547654,5.044627553321674,-4.529810685547654,-4.529810685547654,-4.529810685547654,1.8758732281442985,-0.48484897682470063
HSM67VF3,-2.4086774072243013,-2.4086774072243013,-2.4086774072243013,-2.4086774072243013,-2.4086774072243013,-2.4086774072243013,-2.4086774072243013,-2.4086774072243013,-2.4086774072243013,-2.4086774072243013,-2.4086774072243013,9.173301694017912,-2.4086774072243013,-2.4086774072243013,-2.4086774072243013,-2.4086774072243013,-2.4086774072243013,-2.4086774072243013,-2.4086774072243013,-2.4086774072243013,8.853712650731723,10.768020306445978,-2.4086774072243013,9.609173899817478,7.752531099190668,6.097029950961935,-2.4086774072243013,1.396393578365588,-2.4086774072243013,1.21895703459208,-2.4086774072243013,-2.4086774072243013,-2.4086774072243013,3.69094150372686,-0.29185228581003564,1.9986815545407044,-2.4086774072243013,3.0243784726716143,1.245205706738977,-2.4086774072243013,-2.4086774072243013,-2.4086774072243013,2.0275299333859476,-2.4086774072243013,-2.4086774072243013,1.8504066182887566,-2.4086774072243013,5.735516480986631,-2.4086774072243013,3.0956717627055976,-2.4086774072243013,1.2555152484214354,1.9925652790865538,-2.4086774072243013,-2.4086774072243013,-2.4086774072243013,-2.4086774072243013,-2.4086774072243013,-2.4086774072243013,6.743292717265066,3.7699129733257415,-0.5835849303263032,-2.4086774072243013,-2.4086774072243013,-2.4086774072243013,-2.4086774072243013,2.464104462138634,2.4594996728727523,-2.4086774072243013,2.809074002699914,-2.4086774072243013,-2.4086774072243013,5.166477018254142,-2.4086774072243013,-2.4086774072243013,-2.4086774072243013,8.128639922672814,-2.4086774072243013,3.887419494450545,-2.4086774072243013,-2.4086774072243013,-2.4086774072243013,7.941405579328956,2.375281156213239,-2.4086774072243013,-2.4086774072243013,-2.4086774072243013,2.8525823404172286,0.10961446400016861,4.0324371266295085,1.8851567790954302,3.958439537789255,-2.4086774072243013,-2.4086774072243013,-2.4086774072243013,4.9778828735741945,-2.4086774072243013,-2.4086774072243013,0.23809908386595424,4.100887394908453,1.527697089863839
HSM67VFR,-2.5674337963670624,-2.5674337963670624,-2.5674337963670624,-2.5674337963670624,-2.5674337963670624,-2.5674337963670624,-2.5674337963670624,5.394063770733332,-2.5674337963670624,-2.5674337963670624,-2.5674337963670624,-2.5674337963670624,-2.5674337963670624,-2.5674337963670624,-2.5674337963670624,-2.5674337963670624,-2.5674337963670624,-2.5674337963670624,-2.5674337963670624,-2.5674337963670624,9.908287209898635,9.45595955065039,-2.5674337963670624,2.455493313623176,9.893060075497258,-2.5674337963670624,-2.5674337963670624,3.0358660227279994,-2.5674337963670624,5.701420761771642,-2.5674337963670624,-2.5674337963670624,-2.5674337963670624,-2.5674337963670624,2.311089079977256,-2.5674337963670624,-2.5674337963670624,4.928890046873866,2.4393078444310046,5.0996518354262514,3.8930435340859546,-2.5674337963670624,5.162837982880407,4.9239718217571,-2.5674337963670624,2.9812337741996533,-2.5674337963670624,-2.5674337963670624,4.517396597912898,3.7909233308588552,1.6116181567241892,7.092647927259171,5.971513274415058,-2.5674337963670624,-2.5674337963670624,-2.5674337963670624,8.406194736916337,-2.5674337963670624,-2.5674337963670624,-2.5674337963670624,4.385988558176863,-2.5674337963670624,-2.5674337963670624,-2.5674337963670624,-2.5674337963670624,2.3287094139204036,-2.5674337963670624,4.561593604868776,1.8717624519361404,2.060292107287756,-2.5674337963670624,-2.5674337963670624,-2.5674337963670624,0.28059592350970064,-2.5674337963670624,9.626298466638335,-2.5674337963670624,-2.5674337963670624,3.1979630557324423,-2.5674337963670624,-2.5674337963670624,-2.5674337963670624,-2.5674337963670624,2.485801780695734,3.959577611133433,-2.5674337963670624,-2.5674337963670624,-2.5674337963670624,5.82351255012455,-2.5674337963670624,-2.5674337963670624,6.641829630494962,-2.5674337963670624,1.4840344711113183,-2.5674337963670624,1.8137461165132702,-2.5674337963670624,-2.5674337963670624,-2.5674337963670624,3.2427906660202286,1.5767959107058012
HSM67VFX,2.8427857174974243,3.909298578186294,-5.208414420999075,4.800593312354955,-5.208414420999075,-5.208414420999075,-5.208414420999075,-5.208414420999075,1.494458703992433,-5.208414420999075,-5.208414420999075,5.360721576912734,-5.208414420999075,0.10278924682107515,5.83935661971924,-5.208414420999075,4.8608266381624246,-2.4525173517980754,-1.9467678174530292,-5.208414420999075,4.289014319868719,4.673056248056879,3.4730751336674173,6.0095650467445125,5.903045192850232,-2.045617750283421,-5.208414420999075,2.5889679499870253,3.6839367749787515,1.2772072204832092,4.896247426931174,0.6469188619141164,2.5429644967095797,3.5478179173201783,-5.208414420999075,-0.20523765154812068,1.0078334566018237,0.6572647302324786,-5.208414420999075,-5.208414420999075,0.14762212068395542,3.522030635305552,-0.5126280261209999,2.254246406362702,-5.208414420999075,2.63822304442298,0.22703023080341822,-5.208414420999075,0.5466217662813033,3.5889469937631002,-5.208414420999075,4.105235525824146,1.9954136816269559,4.938114189548749,1.7568119185902562,-5.208414420999075,5.698464291371026,-5.208414420999075,3.78052237370538,7.487695258726254,2.8646652131428487,1.184797630354283,0.8670379699779014,-1.4605761416842071,3.4881275161036154,-5.208414420999075,2.68687726133152,-2.3868620620577534,-3.084050298192688,3.074142247856237,-5.208414420999075,-5.208414420999075,3.8971954120046686,-5.208414420999075,-5.208414420999075,5.719970189849114,-5.208414420999075,2.1474023800486792,1.7624415648199765,-5.208414420999075,-0.0978972178831512,3.6873940781520247,3.6569255376223824,2.3900635914981105,-5.208414420999075,3.312542177617841,-1.0680841867585489,-5.208414420999075,-5.208414420999075,-5.208414420999075,0.9060286504818045,3.4987800111194263,1.8501096330655251,2.012031030242251,-0.9481063931370652,5.646744747017824,-0.9286988990453775,-0.07749310096242468,-0.0027255671378192403,0.5496603942498304,1.1720342504704142
HSM67VFZ,3.078980074169941,5.512030890880408,-4.721728234251996,6.326568341114057,3.095912215584506,-4.721728234251996,-4.721728234251996,-4.721728234251996,1.963493252537174,-4.721728234251996,-4.721728234251996,6.069067860032462,-4.721728234251996,3.8207399873084507,7.340730979171973,-4.721728234251996,5.691001197825074,-1.344252632106004,-3.0289495319432973,-4.721728234251996,5.431700869655844,6.193893887835138,4.168269588542491,6.591721320338874,6.412595211420765,1.0560280456758644,-4.721728234251996,0.43398785316495925,1.3732207170306268,1.4062295554160116,3.7318915598424987,-1.31933774567071,-1.6158811123435441,-4.721728234251996,-4.721728234251996,-0.13320415523722318,1.3425269377401596,1.870389588655641,-4.721728234251996,-4.721728234251996,0.7025424554187669,3.9562474192695394,0.2831266969573232,1.8593260330300607,-4.721728234251996,2.9217731218120138,-4.721728234251996,-4.721728234251996,0.4856016174600093,2.555216216538925,-4.721728234251996,4.837329356208718,-4.721728234251996,3.552143155708772,0.6002012876546559,-4.721728234251996,6.033055163078957,-4.721728234251996,4.394078740787534,7.088196804633596,2.160404414355286,2.195632173160371,-4.721728234251996,-4.721728234251996,4.047831177869943,-1.8314037207951728,0.8630250014357692,-0.7018752736961105,-4.721728234251996,2.5055368960018223,-4.721728234251996,-4.721728234251996,3.753969048889169,-4.721728234251996,-4.721728234251996,6.74612027970127,-4.721728234251996,-2.990828668405724,-4.721728234251996,-4.721728234251996,0.3620539300913528,-0.7889778167573933,1.3108611366135214,1.7826866402648491,1.9842485466815853,3.033294423623915,-0.11828599717218147,-4.721728234251996,-1.7524766731231818,-4.721728234251996,1.7812632585300188,3.8423103823431175,3.2484921777356632,3.019350546223052,0.9106351449356591,6.073570501507357,-3.1751305932680403,-2.9014373135905362,0.8213349470657043,2.4475861417587677,2.449048193134736
HSM67VG8,2.726054213908829,4.871756194528092,-4.779843961939951,6.002824613869096,5.792690071575515,-4.779843961939951,-4.779843961939951,-4.779843961939951,-0.0809030915373139,0.04487426185430543,-4.779843961939951,5.13263725113293,-4.779843961939951,-0.8834911691449854,7.857563521252654,-4.779843961939951,5.106274444918584,5.142349329071248,-1.3216067168265653,-4.779843961939951,4.529768729531239,5.4584666989690565,3.116241670712351,7.832202503786855,5.204453723797,1.439579484938033,-4.779843961939951,-4.779843961939951,2.298546195128921,2.363497361341998,3.8452424374125354,-0.8430693910281128,-1.4295097842057967,0.08246815917067707,-1.9442594106080247,-0.13894000808262064,0.8696329010144677,0.8001001252608209,-4.779843961939951,-4.779843961939951,1.6583143242726157,1.6779295736211646,-0.6266235282846857,2.193212785826269,-4.779843961939951,1.889902592480114,-4.779843961939951,-4.779843961939951,0.758253836258092,2.913897337755345,-4.779843961939951,3.3511290191383845,0.49838462769081815,3.4688594382065956,0.8656949721446274,-4.779843961939951,3.9973812407959866,-4.779843961939951,2.123199408841975,5.190122922754589,1.860095880515657,0.221494283938112,-1.2626475278625815,-4.779843961939951,1.7041709932530127,-0.27627796926064185,2.3752989310863803,-0.8855557919121377,-2.1339357286567537,2.6788504405243936,-4.779843961939951,-4.779843961939951,3.987501175521623,-4.779843961939951,-4.779843961939951,5.886696156429718,2.8108822897230166,-2.5581195615769374,-4.779843961939951,-4.779843961939951,0.3691979092856599,3.569073526477494,1.2811712983320476,-0.03660607401293703,-4.779843961939951,3.3045604187183786,5.360010790434744,-4.779843961939951,-1.154233117100686,-4.779843961939951,1.7161954639849233,3.217631130242517,2.1888284233914703,1.0905695311466808,-4.779843961939951,4.95147091139641,-1.5384967678529406,-3.3574204603307507,-1.6518968534019702,0.49058569622849824,0.571276624351988
HSM67VGA,5.176714942679582,1.8698384921126419,-5.269470195834797,4.9390048064041405,6.028920432158678,-5.269470195834797,-5.269470195834797,-0.8084678330384847,2.620131828022589,-5.269470195834797,-5.269470195834797,5.921103792033012,-5.269470195834797,3.7331952170889506,5.706633864105259,0.6186032155090757,-5.269470195834797,1.3583297915727401,-1.092746518847651,-5.269470195834797,3.311738682570696,2.0541463514036833,5.867359434179848,5.912866101544461,5.755127647807688,-5.269470195834797,-2.3257955209309262,2.6204750912600794,4.566419709864883,2.4596938586798256,4.1354369418781625,0.09846699554787541,3.6746945334920937,-5.269470195834797,1.3793272163629657,0.9082897013176252,-5.269470195834797,0.9490477080993944,-0.05481772481325642,1.169369707217009,-0.3845298357465605,4.707901148142806,1.1043150901106982,2.8376831103825273,-5.269470195834797,-5.269470195834797,-5.269470195834797,6.224489777773567,2.674583565603008,2.0902204548470253,-5.269470195834797,1.1495843975900994,1.493778012428712,1.5673778552466855,1.7680434246027534,1.0939049365089693,-1.1828430000402594,3.697513910973968,2.8183007192711376,6.46781786340322,-0.394101541189805,-0.22923288529457864,0.9547370032960876,-5.269470195834797,3.6076301085829714,-5.269470195834797,0.9594911236523815,1.4392380487894734,0.4487000184141454,2.1434557322469265,-5.269470195834797,4.020222386352733,4.768584372092819,5.959677433544597,-5.269470195834797,-5.269470195834797,-5.269470195834797,1.132254016236895,2.043661310911248,4.161407174104301,-5.269470195834797,4.6944797618345975,-5.269470195834797,2.315858146519168,-5.269470195834797,-5.269470195834797,3.4465406333449264,-5.269470195834797,0.4812866935407669,-5.269470195834797,2.1091410887733266,3.4359868400589715,-5.269470195834797,-0.9100526403598472,-5.269470195834797,4.47845057302323,-5.269470195834797,-5.269470195834797,-5.269470195834797,1.3122696355229877,-0.43788866366607593
HSM67VGC,6.016479473324417,3.4750942723958937,-4.0550382716628395,6.830551849008241,7.617549131282896,-4.0550382716628395,-4.0550382716628395,-0.30984972257838095,-4.0550382716628395,-4.0550382716628395,-4.0550382716628395,6.623380552549799,-4.0550382716628395,4.309917067073721,5.949847194741645,1.9632355575642313,-4.0550382716628395,1.341205620384212,-4.0550382716628395,-4.0550382716628395,4.316221028231569,5.965499148452793,5.643974692611119,6.620151948492074,6.373732078960653,-4.0550382716628395,-4.0550382716628395,1.4898659275057078,2.9226841608450345,0.2960678028220549,3.49730498622045,-1.637094479487084,4.191949229569345,-4.0550382716628395,-4.0550382716628395,-2.145451015600278,-4.0550382716628395,-0.22082531454949894,-4.0550382716628395,-4.0550382716628395,0.7104666351441544,4.899387128367118,-1.4165937575322332,1.6166973382363885,-4.0550382716628395,-4.0550382716628395,-4.0550382716628395,6.921483329998273,0.6716228791488632,1.98882293117242,2.8805017419892325,2.3765837948786652,-4.0550382716628395,4.914986026777245,1.8931941573152313,-4.0550382716628395,-0.023042997373933005,5.505943033316471,2.469188149405487,8.858067774699517,1.8009479143449774,-4.0550382716628395,-4.0550382716628395,0.18740550607662598,0.5911392628340177,-4.0550382716628395,-4.0550382716628395,0.8031021201972042,0.10114389480414943,3.128452792020136,-4.0550382716628395,4.877584380975097,4.512234937146529,6.841453730359863,-4.0550382716628395,-4.0550382716628395,-4.0550382716628395,1.4504020418266457,-4.0550382716628395,6.25828167315383,-4.0550382716628395,4.121493068862182,-4.0550382716628395,1.5823962141072343,-4.0550382716628395,-4.0550382716628395,-4.0550382716628395,1.7067160125843301,0.3802847887106324,-4.0550382716628395,1.038508484164847,1.9064489274460508,-4.0550382716628395,-4.0550382716628395,1.618894022207261,4.224102993696733,-4.0550382716628395,-4.0550382716628395,-4.0550382716628395,-2.2448857262283752,0.02670101518528689
HSM67VGG,7.398805571990996,3.571452029047875,-4.687077884704781,7.1687017989736495,6.039463899418678,-4.687077884704781,-4.687077884704781,2.2333972006342213,0.6677344026705967,2.76086667821448,-4.687077884704781,5.642885410738309,-4.687077884704781,2.8255073672463835,7.1360462317134115,-0.12688942660980906,-4.687077884704781,2.7301152066085237,-1.2811712769902872,-4.687077884704781,3.8787960745427066,3.1280123967560645,5.879333256155656,3.5645554882869463,5.506400868250026,-4.687077884704781,-4.687077884704781,0.14872149172870763,2.4672581406348657,0.5189810948362368,5.260982736669385,1.6453482326122018,4.615563082059677,1.7849455216894619,3.0536957625922776,2.4826888585752664,0.7660204867536518,5.0581363653781555,2.1125791963238294,3.000894093774055,4.443486978745312,3.135445360873221,3.658115488001587,1.0534467893054345,-4.687077884704781,-4.687077884704781,-0.9366878972372277,5.1934032983069605,2.5481881373200883,4.797318998732212,-4.687077884704781,2.7864486451915003,-4.687077884704781,1.9560470236764216,-4.687077884704781,2.193197701893684,-4.687077884704781,4.396148535961244,-1.0445520007998983,6.419592830289918,-4.687077884704781,-4.687077884704781,2.4707360519904533,-4.687077884704781,-4.687077884704781,-4.687077884704781,1.337962254169959,1.4509379829235662,3.0104662992543716,1.7118999635706933,0.80215197334228,4.890070449213228,4.773670233559235,7.07128012504899,-4.687077884704781,-4.687077884704781,-4.687077884704781,0.40478366450967584,-4.687077884704781,2.395671369375582,-4.687077884704781,4.57979206866458,-4.687077884704781,2.3002534401214554,-4.687077884704781,-4.687077884704781,-4.687077884704781,-4.687077884704781,-4.687077884704781,-4.687077884704781,0.5425504648886417,2.330226910178099,-4.687077884704781,-4.687077884704781,-4.687077884704781,5.171234005842901,-4.687077884704781,-4.687077884704781,-4.687077884704781,-4.687077884704781,-4.687077884704781
HSM67VGK,3.770583267943966,0.26378458881344,-3.6377737540050497,4.589226835503777,6.858668378625406,-3.6377737540050497,-3.6377737540050497,-0.5488698535336116,-3.6377737540050497,-3.6377737540050497,-3.6377737540050497,5.380980214395654,-3.6377737540050497,2.8452304141101026,4.622389725205532,1.7933321639859798,-3.6377737540050497,1.1585862074867315,-3.6377737540050497,-3.6377737540050497,2.7163270500242493,4.957215721416888,5.580922935394249,4.464734316740638,5.198817220613381,-3.6377737540050497,-3.6377737540050497,3.8447769055388132,3.167500587593386,1.514564550682186,5.6388875342127935,2.0012747948198992,3.0381826848888656,1.057809176614393,0.26170660586123873,-0.9526145174126786,-3.6377737540050497,1.0883039623969264,-0.4012478472517298,-3.6377737540050497,-3.6377737540050497,3.4657737126157038,-3.6377737540050497,5.382173743579808,-3.6377737540050497,-3.6377737540050497,-3.6377737540050497,7.355245122110158,3.5852654715434467,4.25226831415026,-3.6377737540050497,-3.6377737540050497,-3.6377737540050497,0.6021907651814313,2.0085535464009787,1.2376667917070119,-3.6377737540050497,4.840405573044479,6.15486826775456,8.100347667238033,-3.6377737540050497,0.20169752677285935,0.5629544289426622,-3.6377737540050497,-3.6377737540050497,-3.6377737540050497,1.3225375008713236,-3.6377737540050497,1.2242515683799713,2.523614817397257,-3.6377737540050497,-3.6377737540050497,4.365971632642068,7.739958161192213,-3.6377737540050497,-3.6377737540050497,-3.6377737540050497,-3.6377737540050497,-3.6377737540050497,9.577612993145523,-3.6377737540050497,4.319853219172822,-3.6377737540050497,2.8890213504588758,6.720289782170862,-3.6377737540050497,-3.6377737540050497,1.8497224040859503,-0.23776227222217905,-3.6377737540050497,2.6913607408166627,2.8770736615296615,-3.6377737540050497,-3.6377737540050497,-3.6377737540050497,5.089150076888737,-3.6377737540050497,-3.6377737540050497,-3.6377737540050497,-3.6377737540050497,-3.6377737540050497
HSM67VGK_TR,3.4203180674606246,1.303673377316814,-3.4634666543900163,4.890883224191778,7.275630537347324,-3.4634666543900163,-3.4634666543900163,-3.4634666543900163,-3.4634666543900163,-3.4634666543900163,-3.4634666543900163,5.631977508834871,-3.4634666543900163,3.2493945884882818,5.107344779669798,1.1921658582504548,-3.4634666543900163,-3.4634666543900163,-3.4634666543900163,-3.4634666543900163,2.978914226367338,5.246270387279092,5.843781058211294,4.653433625387641,5.797282204785974,-3.4634666543900163,-3.4634666543900163,3.5014770055017355,3.4827095071440706,1.4718332853349096,5.535322712883451,2.0475074394106034,3.065820096688852,-3.4634666543900163,0.4111903407285702,-0.8155557299283043,0.8625925880938379,1.6221066349213515,-3.4634666543900163,-3.4634666543900163,-3.4634666543900163,3.913481227715735,-3.4634666543900163,5.34364249795346,-3.4634666543900163,-3.4634666543900163,-3.4634666543900163,7.407754953089166,3.6537895359504677,4.738740677846945,-3.4634666543900163,-3.4634666543900163,-3.4634666543900163,1.8825049386513157,-3.4634666543900163,1.5470592300711896,-3.4634666543900163,5.4841572707810515,6.4104194677178725,8.06632285842686,-0.37152878029987946,-3.4634666543900163,0.4343369528582972,-3.4634666543900163,-3.4634666543900163,-3.4634666543900163,1.3446783848831867,-3.4634666543900163,-0.46416376246268953,2.3590702508086974,-3.4634666543900163,-3.4634666543900163,4.703217487792502,7.83616709967815,-3.4634666543900163,-3.4634666543900163,-3.4634666543900163,-3.4634666543900163,-3.4634666543900163,9.778078135298868,-3.4634666543900163,4.859803626364874,-3.4634666543900163,3.311471178623883,7.021864776571579,-3.4634666543900163,-3.4634666543900163,2.751218701701948,0.8210786563799317,-3.4634666543900163,2.4578303053897006,1.9288304581258675,-3.4634666543900163,-3.4634666543900163,-3.4634666543900163,5.104366573990914,-3.4634666543900163,-3.4634666543900163,-3.4634666543900163,-3.4634666543900163,-3.4634666543900163
HSM67VI3,6.019902456708966,4.6603619736287785,-4.02729399605173,5.878628351428603,7.592763649909625,-0.3330100614732565,5.451648617672648,-2.3108123970086787,-4.02729399605173,-4.02729399605173,-4.02729399605173,6.158029379787969,-4.02729399605173,3.902201225367471,-4.02729399605173,5.221835990190116,-4.02729399605173,-4.02729399605173,-4.02729399605173,-4.02729399605173,6.207055317062845,8.508183642406703,4.870846210359294,6.127949491538969,7.962312311583002,-4.02729399605173,-4.02729399605173,-4.02729399605173,-4.02729399605173,5.439191065745303,-4.02729399605173,-4.02729399605173,1.4316449852470772,-4.02729399605173,-4.02729399605173,-4.02729399605173,-4.02729399605173,-1.443879981322537,-4.02729399605173,-4.02729399605173,-4.02729399605173,3.0593321753475564,-4.02729399605173,4.797341795935952,-4.02729399605173,-4.02729399605173,-4.02729399605173,4.782988579289049,1.6712939136315725,4.208900528759855,-4.02729399605173,-4.02729399605173,1.662915844840322,1.9479970538797318,2.341116718347047,-4.02729399605173,7.38238458889754,3.9375698473816243,4.231507951945631,6.661146348492164,0.8238285914793639,2.24619145157079,-4.02729399605173,-4.02729399605173,0.4315159846217398,-4.02729399605173,-4.02729399605173,-4.02729399605173,0.684793127082516,-0.4652013634047947,2.68287993582046,4.5609729085796324,4.561108181759595,-4.02729399605173,3.7947913820101995,6.527148585926692,-4.02729399605173,2.619879413724565,-4.02729399605173,-2.4723270643023962,-4.02729399605173,2.67143763787411,1.9147646268764804,-4.02729399605173,-4.02729399605173,2.8994630039961633,-4.02729399605173,-4.02729399605173,-4.02729399605173,4.825592925768302,4.403093859306124,4.0382054162131285,0.3810212730757776,3.5801835545235496,-4.02729399605173,6.54561239880897,-4.02729399605173,1.6261409409428698,-4.02729399605173,0.7267839378973466,1.645589528698494
HSM67VI5,6.131819850269471,3.7361091830510684,-4.637884995154179,5.144233803633741,6.5732391351504456,-1.5958427278580452,4.855263188531036,0.6400317166109488,-1.7929264025706821,0.7111192837676139,-4.637884995154179,5.759693784634271,-4.637884995154179,2.6858362276042262,-4.637884995154179,5.04992173370165,-4.637884995154179,-2.106410239321306,-0.9404196873507313,-4.637884995154179,5.868328292358986,8.234414892457716,4.507694337541697,5.150108343681096,6.213055105152593,-4.637884995154179,-4.637884995154179,-4.637884995154179,-4.637884995154179,4.794761631836552,-4.637884995154179,-4.637884995154179,0.49568186252543533,-4.637884995154179,-4.637884995154179,-4.637884995154179,-4.637884995154179,-0.7862977297168019,-4.637884995154179,-4.637884995154179,-4.637884995154179,3.8330480523080483,-4.637884995154179,4.1368569838198885,-4.637884995154179,-4.637884995154179,-1.5495794878384554,4.655877406739213,1.9953083711403652,4.387627688120292,-4.637884995154179,0.12566552051894497,0.23261698331969427,2.1940503089381904,3.2377130457912067,-4.637884995154179,6.802798306654195,2.5721533177281017,3.1636503992422913,5.455849197555512,-0.22842983857714927,1.8577717791213368,-4.637884995154179,-4.637884995154179,1.9355451674023767,-2.524785127754937,0.10379266543035648,-4.637884995154179,1.5907908531182144,-0.6882397483535829,-4.637884995154179,3.669892329380656,3.2733700514020194,-2.247391085164205,3.8032909762062985,6.06258396774617,-4.637884995154179,1.7903120020947174,1.0662624278887947,-0.9268536677503008,-4.637884995154179,2.570849119303019,1.9502174343010932,0.9125445965170478,-4.637884995154179,2.5666805985586283,-4.637884995154179,-4.637884995154179,-2.030471543029977,4.708527341257827,4.580261559875194,3.937493790594572,-1.014092028659741,2.5990764706818057,-4.637884995154179,5.492710527069391,-4.637884995154179,2.2657259293199052,0.392418072165718,2.3230375838216917,1.9600309467004102
HSM67VI7,5.427773455832391,3.751093244583169,-4.301744088467814,5.16143334129512,6.971086295600218,-1.1121282683052538,4.55176003249611,1.2153533906298257,-4.301744088467814,-4.301744088467814,-4.301744088467814,5.961960097013884,-4.301744088467814,4.113361415796963,-4.301744088467814,5.6591341335263134,-4.301744088467814,-4.301744088467814,-1.4690731063223712,-4.301744088467814,5.235324546387516,8.609924260681609,5.200662764543931,6.442840386548037,6.961261716323566,-4.301744088467814,-4.301744088467814,2.810196041342323,-4.301744088467814,4.195701226851461,-4.301744088467814,-4.301744088467814,1.4677653371718513,-4.301744088467814,-4.301744088467814,-4.301744088467814,-4.301744088467814,-0.6789622684394967,-4.301744088467814,-4.301744088467814,-4.301744088467814,4.469123776556205,-4.301744088467814,3.646925013241078,-4.301744088467814,-4.301744088467814,0.5658985646114161,4.625418063440159,2.014120630153964,4.181217676297281,-4.301744088467814,2.334670920776694,-4.301744088467814,1.6886523121988652,2.934313210741756,-4.301744088467814,7.190645816372831,4.1825226251485095,3.8876436240262393,5.47934043997954,0.5456137699259802,1.5629152184036847,-4.301744088467814,-4.301744088467814,3.649303848010966,-4.301744088467814,-1.0725961785018274,-4.301744088467814,1.7120612882954438,0.33650068485643736,-4.301744088467814,4.254411503491303,3.6784225573062725,-2.268918537622625,4.326103942465443,6.49331731974525,-4.301744088467814,2.358499387798095,-4.301744088467814,-4.301744088467814,-4.301744088467814,2.6823650015294174,-4.301744088467814,-1.1439936386549903,-4.301744088467814,2.412205804822734,-4.301744088467814,-4.301744088467814,-4.301744088467814,4.908457391155553,4.520069087304974,4.681376369142456,0.5001987642841605,1.6683006536631924,-4.301744088467814,5.553651605389842,-4.301744088467814,1.3292347863555474,0.5318583096636669,1.9402877662023075,2.1383883819802687
HSM67VI9,6.189644105401769,3.9382411751980895,-4.34226454880581,5.30957337369159,6.808326636192518,-0.8866634104207574,4.9002906983882335,0.6633978983027173,-0.011050742534338909,-4.34226454880581,-4.34226454880581,6.665450294096939,-4.34226454880581,3.9954848253825572,-4.34226454880581,5.294328569491978,-4.34226454880581,-4.34226454880581,-4.34226454880581,-4.34226454880581,5.450577483226248,8.479797995282357,4.876229335038116,6.825349610465121,7.00632146560425,-4.34226454880581,-4.34226454880581,1.0956303928919677,-4.34226454880581,3.4751643317420573,-4.34226454880581,-4.34226454880581,1.3434416261336501,-4.34226454880581,-4.34226454880581,-4.34226454880581,-4.34226454880581,-0.17571648622221225,-4.34226454880581,-4.34226454880581,-1.605944349368638,2.8454817290168064,-4.34226454880581,3.1194915038314424,-4.34226454880581,-4.34226454880581,1.2101359431761178,3.9836224596209737,1.7228905245858819,4.224029745053181,-4.34226454880581,1.7642251979827899,1.294367631075442,1.7121588140734145,1.9310097105918604,-4.34226454880581,6.759961786972449,4.263460739329479,1.2641954095147838,5.199228694763279,0.6504233916008655,2.474334938337484,-4.34226454880581,-4.34226454880581,-4.34226454880581,-0.2841468926093089,-0.8340811857025887,-4.34226454880581,0.8467507230039786,0.04764069941293414,-4.34226454880581,4.436124158165059,3.563901705314283,-4.34226454880581,4.040035170464813,6.170674875491438,-4.34226454880581,2.101999447514956,-4.34226454880581,-2.096855153226386,-4.34226454880581,2.8978111530485764,-4.34226454880581,3.081366862250958,-4.34226454880581,3.333746284546222,-4.34226454880581,-4.34226454880581,0.9529839318574904,5.855767236231846,4.76937203515071,5.201030858308368,-4.34226454880581,0.7628430673346163,-4.34226454880581,5.3284482364012495,-4.34226454880581,0.23120858274423384,-0.8372878023453492,2.2157463576779106,2.1908731024915635
HSM67VIB,1.192901237638095,3.6942554090138833,-4.566280916741153,4.761280635779751,6.924122715774858,-1.667224414839044,4.421554673245836,-0.013563915080009536,-4.566280916741153,0.5332130630721039,-4.566280916741153,5.564074420790695,-4.566280916741153,3.5036354603854294,-4.566280916741153,5.142633920168992,-3.2202987635306517,-4.566280916741153,-4.566280916741153,-4.566280916741153,6.694581924632643,8.385486936856143,4.774421710370033,6.543392717146036,6.236336900305393,-4.566280916741153,-4.566280916741153,2.99558272534985,-4.566280916741153,5.002656980105882,-4.566280916741153,-4.566280916741153,1.227803665788107,-4.566280916741153,-4.566280916741153,-0.21707329450633672,-4.566280916741153,1.9452562806502272,-4.566280916741153,-4.566280916741153,-4.566280916741153,4.125370922686576,-4.566280916741153,0.6759713769390814,-4.566280916741153,-4.566280916741153,0.49326015257951816,3.283955443682408,2.433137830245693,4.613868543946794,-4.566280916741153,1.4874888306243763,0.6848381546967648,2.9329158401335285,-4.566280916741153,-4.566280916741153,4.76993986866984,2.8450327866799805,3.289517943853469,6.096994889499797,1.128816289718051,0.6471721049324053,-0.14117034347622592,-4.566280916741153,-4.566280916741153,2.756212525987401,0.606242697340706,-2.0770453835520115,0.6198765737876464,1.0843082280866962,-4.566280916741153,3.645264542374652,3.8123603911938666,-4.566280916741153,3.4140690893343155,5.905339831456869,3.3318438535084463,2.720831895614187,-4.566280916741153,-1.2026714501825992,-4.566280916741153,2.6514196331935826,2.9418483548270222,0.020245175651467662,-4.566280916741153,1.4432562023784117,-4.566280916741153,-4.566280916741153,2.4819622910093857,-4.566280916741153,2.0963966688174853,4.657469288290614,0.8174380454470391,2.418627298221913,-4.566280916741153,5.961156420895096,-4.566280916741153,0.30403214270377354,0.5402508378258659,2.1170283057103276,2.092488834969937
HSM6XRQ8,4.4371135387073295,2.159930799182886,1.3186712945587882,1.9755893315884254,5.029531495715849,-3.7420443596897606,1.7053240277325958,-3.7420443596897606,-3.7420443596897606,-3.7420443596897606,1.5498181671235223,5.417269826377174,3.8003019600169594,3.5539268491524965,-3.7420443596897606,3.566974231385557,3.7066628507139416,-1.0213351112340288,7.171777671921761,-3.7420443596897606,4.788289655014284,4.612636872535227,-3.7420443596897606,4.121782823620581,7.205113961897906,4.198636623955162,5.303187041617764,0.9098891586829811,4.085872770366809,-3.7420443596897606,2.142685076099771,-3.7420443596897606,-3.7420443596897606,-3.7420443596897606,-3.7420443596897606,-3.7420443596897606,0.0015689782544470177,-3.7420443596897606,-3.7420443596897606,-3.7420443596897606,-3.7420443596897606,-3.7420443596897606,-3.7420443596897606,0.5971496643826928,1.185065282126164,-3.7420443596897606,-0.3098131853707198,-3.7420443596897606,1.0040180771052931,3.2727307241886594,-3.7420443596897606,-3.7420443596897606,-3.7420443596897606,5.545707996360167,-3.7420443596897606,-3.7420443596897606,4.633360498349872,3.782353371459057,1.9640575407775493,8.070382586054011,-3.7420443596897606,4.101232218312737,-3.7420443596897606,-3.7420443596897606,-3.7420443596897606,-3.7420443596897606,3.822184788466571,-3.7420443596897606,-3.7420443596897606,-3.7420443596897606,0.8072430787477867,-3.7420443596897606,2.9052371644093,-1.5790818784832457,-3.7420443596897606,4.802104662022264,3.981727155609475,-3.7420443596897606,2.6882507771608255,9.507867424500946,-3.7420443596897606,3.077013951382412,-3.7420443596897606,6.830912939589263,-3.7420443596897606,-3.7420443596897606,-3.7420443596897606,5.984638977936402,1.2829619491571673,-3.7420443596897606,3.48189560970632,2.823662917033144,-3.7420443596897606,-3.7420443596897606,-3.7420443596897606,6.817539646765072,3.6904279430718665,-3.7420443596897606,-3.7420443596897606,1.0019267153969498,2.104150773901682
HSM6XRQS,-2.3789715039388533,-2.3789715039388533,-2.3789715039388533,-2.3789715039388533,-2.3789715039388533,-2.3789715039388533,-2.3789715039388533,4.264199109958009,-2.3789715039388533,-2.3789715039388533,-2.3789715039388533,-0.24459636525058848,-2.3789715039388533,0.6233841235321442,-2.3789715039388533,-2.3789715039388533,-2.3789715039388533,8.482598048041334,0.6233841235321442,-2.3789715039388533,9.334598188175779,10.603974046709276,9.17745904928471,1.421082239804928,9.018448465625385,-2.3789715039388533,-2.3789715039388533,-2.3789715039388533,-2.3789715039388533,3.372901431360864,-2.3789715039388533,-2.3789715039388533,-2.3789715039388533,-2.3789715039388533,2.982664106304826,-2.3789715039388533,-2.3789715039388533,6.410643162137509,1.4694506988059288,5.5161435654912125,2.914714828298157,-2.3789715039388533,5.080629649816628,-2.3789715039388533,-2.3789715039388533,-2.3789715039388533,-2.3789715039388533,-2.3789715039388533,-2.3789715039388533,-0.4128848398513636,3.434317400057939,5.564263691634521,-2.3789715039388533,-2.3789715039388533,-2.3789715039388533,-2.3789715039388533,7.5781171476730105,-2.3789715039388533,-2.3789715039388533,0.7367500344687556,5.670214221890457,-2.3789715039388533,-2.3789715039388533,-2.3789715039388533,3.4804690744551667,1.4499455194679243,-2.3789715039388533,2.792173899564135,-0.47093056717802284,3.024318852512481,3.7097455534381636,-2.3789715039388533,-2.3789715039388533,-2.3789715039388533,-2.3789715039388533,9.533837983140849,-2.3789715039388533,-2.3789715039388533,-2.3789715039388533,-2.3789715039388533,-2.3789715039388533,-2.3789715039388533,-2.3789715039388533,4.300149963074418,-2.3789715039388533,-2.3789715039388533,-2.3789715039388533,-2.3789715039388533,5.8604109577200765,-2.3789715039388533,-2.3789715039388533,4.846610769175107,0.8703202023172825,2.3606215909592354,-2.3789715039388533,3.3360826260853447,-2.3789715039388533,-2.3789715039388533,-2.3789715039388533,3.5379636998513178,-2.3789715039388533
HSM6XRQU,-2.9288727834729205,-2.9288727834729205,-2.9288727834729205,-2.9288727834729205,-2.9288727834729205,-2.9288727834729205,-2.9288727834729205,3.8191311195906295,-2.9288727834729205,-2.9288727834729205,-2.9288727834729205,-2.9288727834729205,-2.9288727834729205,-2.9288727834729205,-2.9288727834729205,-2.9288727834729205,-2.9288727834729205,7.748138985285653,0.8772289940189548,-2.9288727834729205,8.466505154588102,10.191496108156187,8.261165697056892,0.5789620125850607,8.663424174471842,-2.9288727834729205,-2.9288727834729205,-2.9288727834729205,-2.9288727834729205,1.1587729499722315,-2.9288727834729205,-2.9288727834729205,-2.9288727834729205,3.5939417567100724,2.0577396464609166,-2.9288727834729205,2.690590992225344,5.931262556271535,2.016254938706025,5.484872763516343,1.9103290835254167,-2.9288727834729205,5.038504890637014,-2.9288727834729205,-2.9288727834729205,3.7670335700666833,-2.9288727834729205,-2.9288727834729205,3.5228495847643977,2.5577864337714082,-2.9288727834729205,5.475974611188768,4.0679993046769845,-2.9288727834729205,-2.9288727834729205,-2.9288727834729205,7.3639633307530366,-2.9288727834729205,-2.9288727834729205,4.24339410201837,5.27639629946363,4.500559400714273,-2.9288727834729205,-2.9288727834729205,1.0868644593767343,-0.6912161771430494,-2.9288727834729205,1.7392639032192871,0.3677700739079732,2.861020561867143,1.6460270029675268,-2.9288727834729205,-2.9288727834729205,-2.9288727834729205,-2.9288727834729205,8.619321710999943,-2.9288727834729205,-2.9288727834729205,-2.9288727834729205,-2.9288727834729205,-2.9288727834729205,-2.9288727834729205,-2.9288727834729205,3.8866167878938125,-2.9288727834729205,-2.9288727834729205,-2.9288727834729205,-2.9288727834729205,5.305481525157591,-2.9288727834729205,-2.9288727834729205,2.95655744014897,3.578708293334812,5.255259582938215,-2.9288727834729205,-2.9288727834729205,-2.9288727834729205,3.3424966686423403,3.2890636378216227,6.507610053380364,3.7883702391922993
HSM6XRQW,-2.0332104239919957,-2.0332104239919957,-2.0332104239919957,-2.0332104239919957,-2.0332104239919957,-2.0332104239919957,-2.0332104239919957,4.136346980348683,-2.0332104239919957,-2.0332104239919957,-2.0332104239919957,-2.0332104239919957,-2.0332104239919957,-2.0332104239919957,-2.0332104239919957,-2.0332104239919957,-2.0332104239919957,8.162827613156393,1.454919047709076,-2.0332104239919957,8.93445868209259,11.31145162264185,7.468596956754304,1.523101534168477,9.790026543588876,-2.0332104239919957,-2.0332104239919957,-2.0332104239919957,-2.0332104239919957,-0.2549866539768928,-2.0332104239919957,-2.0332104239919957,-2.0332104239919957,-2.0332104239919957,-2.0332104239919957,-2.0332104239919957,-2.0332104239919957,4.587590137496408,-2.0332104239919957,4.3596181994251495,-2.0332104239919957,-2.0332104239919957,2.352704827217856,-2.0332104239919957,-2.0332104239919957,-2.0332104239919957,-2.0332104239919957,-2.0332104239919957,-2.0332104239919957,-2.0332104239919957,-2.0332104239919957,7.286651827679551,-2.0332104239919957,-2.0332104239919957,-2.0332104239919957,-2.0332104239919957,8.242690771673704,-2.0332104239919957,-2.0332104239919957,4.929932146411997,4.312665745377654,4.138025903299545,-2.0332104239919957,-2.0332104239919957,-2.0332104239919957,2.6491114416477384,-2.0332104239919957,-2.0332104239919957,1.4110194440938013,-2.0332104239919957,-2.0332104239919957,-2.0332104239919957,-2.0332104239919957,-2.0332104239919957,-2.0332104239919957,9.268159842586591,-2.0332104239919957,-2.0332104239919957,6.105721457111767,-2.0332104239919957,-2.0332104239919957,-2.0332104239919957,-2.0332104239919957,4.406230153797669,-2.0332104239919957,-2.0332104239919957,-2.0332104239919957,-2.0332104239919957,6.423701099708084,-2.0332104239919957,-2.0332104239919957,5.270454460070086,-2.0332104239919957,1.1444413290207276,-2.0332104239919957,2.1618366084700966,-2.0332104239919957,0.914959434417046,2.319663322863427,6.502019859550296,3.043999765027614
HSM6XRQY,-2.561738993816089,-2.561738993816089,-2.561738993816089,-2.561738993816089,-2.561738993816089,-2.561738993816089,-2.561738993816089,4.330366569148224,-2.561738993816089,-2.561738993816089,-2.561738993816089,-0.23542387463906245,-2.561738993816089,-2.561738993816089,-2.561738993816089,-2.561738993816089,-2.561738993816089,9.067376295581852,-2.561738993816089,-2.561738993816089,9.298597450454778,10.408793990472518,7.965615899599127,-2.561738993816089,9.157737508611403,-2.561738993816089,-2.561738993816089,-2.561738993816089,-2.561738993816089,3.6697351675724255,-2.561738993816089,-2.561738993816089,-2.561738993816089,-2.561738993816089,-2.561738993816089,-2.561738993816089,3.769113791157112,3.332034163498496,-2.561738993816089,2.7454000177162268,-2.561738993816089,-2.561738993816089,4.639522379887189,-2.561738993816089,-2.561738993816089,1.0507081915788277,-2.561738993816089,-2.561738993816089,3.6323059240955544,-0.3606438264058216,-2.561738993816089,5.591839272848086,3.433317766086496,-2.561738993816089,-2.561738993816089,-2.561738993816089,7.117882738809119,-2.561738993816089,-2.561738993816089,6.219182075688584,5.101736515963218,3.8064966864072787,2.300841455499043,-2.561738993816089,3.557834427187191,3.4771280027841396,-2.561738993816089,-2.561738993816089,0.17669976653058406,2.589502010474339,-2.561738993816089,-2.561738993816089,-2.561738993816089,-2.561738993816089,-2.561738993816089,8.953543799108939,-2.561738993816089,-2.561738993816089,-2.561738993816089,-2.561738993816089,-2.561738993816089,-2.561738993816089,-2.561738993816089,5.851084877467848,-2.561738993816089,-2.561738993816089,-2.561738993816089,-2.561738993816089,6.287007751519939,-2.561738993816089,-2.561738993816089,6.095508337369294,-2.561738993816089,3.5420263084656733,0.4773584918799276,2.8863111570184277,-2.561738993816089,1.590431071111956,2.8828463850351778,4.945736209900914,4.5957408487442475
HSM6XRRJ,-2.2462574490891605,5.571463210290342,-2.2462574490891605,7.509032309131109,-2.2462574490891605,-2.2462574490891605,3.177006023482569,-2.2462574490891605,-2.2462574490891605,-2.2462574490891605,-2.2462574490891605,-2.2462574490891605,-2.2462574490891605,-2.2462574490891605,-2.2462574490891605,-2.2462574490891605,-2.2462574490891605,-2.2462574490891605,10.601630654580742,-2.2462574490891605,9.103540680702697,10.64303293394331,-2.2462574490891605,-0.39552556075032186,1.714142989248991,-2.2462574490891605,-2.2462574490891605,-2.2462574490891605,-2.2462574490891605,2.683239735986275,5.579487178403472,-2.2462574490891605,4.006604026945769,-2.2462574490891605,2.2153343385109867,3.378736147577449,-2.2462574490891605,7.1101369569198365,-2.2462574490891605,-2.2462574490891605,2.578765052361165,5.562369088368404,1.5615288581314726,-2.2462574490891605,-2.2462574490891605,-2.2462574490891605,-2.2462574490891605,-2.2462574490891605,-2.2462574490891605,2.248135939834171,0.6735495697893228,4.269165629315941,3.4305744932708233,-2.2462574490891605,-2.2462574490891605,-2.2462574490891605,-2.2462574490891605,-2.2462574490891605,-2.2462574490891605,9.141069690901745,4.567153278148169,-2.2462574490891605,-2.2462574490891605,-2.2462574490891605,-2.2462574490891605,3.8709055526179528,2.1702703360463733,-2.2462574490891605,-2.2462574490891605,3.2175968548338343,-2.2462574490891605,-2.2462574490891605,5.127318269625822,-2.2462574490891605,-2.2462574490891605,-2.2462574490891605,-2.2462574490891605,3.0910160489840326,-2.2462574490891605,-2.2462574490891605,-2.2462574490891605,-2.2462574490891605,4.752857100062429,-2.2462574490891605,-2.2462574490891605,-2.2462574490891605,5.024290916100955,-2.2462574490891605,5.4336077835143195,-2.2462574490891605,0.6044348158194861,5.746695299583962,-2.2462574490891605,-2.2462574490891605,-2.2462574490891605,4.530082886688474,-2.2462574490891605,-2.2462574490891605,-2.2462574490891605,-2.2462574490891605,-2.2462574490891605
HSM6XRSX,4.083162943178679,3.7866401868355712,-5.463258706431951,3.3712370201234645,-5.463258706431951,-5.463258706431951,-5.463258706431951,-2.8533564179439583,0.5354583241593627,0.46383781775036326,-5.463258706431951,5.09499329437169,-5.463258706431951,1.4461300965148336,6.483330159529946,-5.463258706431951,3.6665655474890997,0.04473425059676117,-5.463258706431951,-5.463258706431951,4.124237574903452,4.41647716921932,2.806774404687684,5.375784792649153,5.5943652205194825,-0.4110215216544919,-5.463258706431951,4.502139093518421,3.1467732384586586,0.31921956125884243,4.542833098899145,0.5673094461193333,4.303668703027942,5.7685315931634085,-1.4796311738114998,1.302079137033525,-1.0168927905102851,1.3695754070940724,-0.039346930899395005,-5.463258706431951,2.2099721760591917,2.65796742957506,1.1275266937808501,2.9759549010721766,-5.463258706431951,2.281565654335407,-0.4759818247068264,5.4414264588428995,0.9285925119169987,3.2375540031254593,-5.463258706431951,5.914798592384608,-5.463258706431951,-1.2656018794145716,1.8594325200948214,-5.463258706431951,4.928311581690701,-5.463258706431951,3.297505347178862,5.893105674847565,1.741367110106295,2.7669106074971346,2.3166832907570143,-5.463258706431951,3.3775093437320587,-5.463258706431951,2.0310786227283373,0.15210661894656674,-2.9205807992983335,2.198132241617877,-5.463258706431951,-5.463258706431951,3.4849529068925156,-5.463258706431951,-5.463258706431951,4.553452630015857,-5.463258706431951,3.868531011128744,-5.463258706431951,-5.463258706431951,-0.933671728775451,-0.5112873036712244,1.6721809362780728,0.5387441535550765,1.9402212782091848,3.4901100644989116,3.704118637076456,-2.2812201626779025,-0.6045645315849235,-5.463258706431951,0.9941480779701033,2.2028539921172925,-1.4572520144994279,-2.0785080232711444,-5.463258706431951,5.954353544424867,-5.463258706431951,-1.001469296681197,1.1547655311326706,2.1572605096256527,2.132577445177632
HSM6XRT8,5.914487982217839,1.9753394038639884,-4.4291526671946375,6.092532302885134,7.109028835121849,-4.4291526671946375,-4.4291526671946375,-4.4291526671946375,-0.2538813468884342,-4.4291526671946375,-4.4291526671946375,6.3058164455304535,-4.4291526671946375,3.6032357747760155,5.960513931903628,1.5925456834021636,-4.4291526671946375,0.7313176640159575,-4.4291526671946375,-4.4291526671946375,2.0808613144299137,4.133213559498663,6.313675069953366,7.165711497720174,5.668441212725213,-4.4291526671946375,-4.4291526671946375,4.333256536278368,5.27801396431518,1.9245313890271776,3.832187450289968,-1.141147180575775,4.624858839455888,-4.4291526671946375,-0.8075808877510742,-2.3153990653785126,-0.5842239996035445,-0.097362408922816,-4.4291526671946375,-1.010344665799197,-0.20551876583143702,5.61255519649439,-4.4291526671946375,3.0275237639522183,-4.4291526671946375,-4.4291526671946375,-4.4291526671946375,7.4997720361720965,2.3386687410033753,3.0289042238897643,-4.4291526671946375,-4.4291526671946375,-4.4291526671946375,4.045962909134226,1.4396812430425996,1.9071892271137951,-0.34765560476304813,5.144631357990703,2.3437987216006873,7.657523633424557,1.0591216949540367,1.7264359252373724,1.4853510652037745,-4.4291526671946375,-4.4291526671946375,-4.4291526671946375,3.2024140392654266,-1.6581603513917411,1.0749062220419905,2.700511159575253,2.5943693743392613,4.298801263179587,2.5913081805022156,6.234699203083157,-4.4291526671946375,-4.4291526671946375,-4.4291526671946375,-4.4291526671946375,-4.4291526671946375,6.8335479039482365,-4.4291526671946375,3.6266346152443836,-4.4291526671946375,1.9340773709583727,1.5505629238266874,-4.4291526671946375,-4.4291526671946375,2.2946551730745455,-0.3888714826853352,-4.4291526671946375,3.432395762383469,2.4691212179529707,-4.4291526671946375,-4.4291526671946375,-1.0206146361202233,4.168083018067248,-4.4291526671946375,-4.4291526671946375,-4.4291526671946375,0.4856341210161812,0.11930427121784604
HSM6XRTG,4.239625686814957,0.38124120742163825,-3.9131282701831864,4.72374891208239,6.54389325221999,-3.9131282701831864,-3.9131282701831864,-3.9131282701831864,-0.3229117056341426,-3.9131282701831864,-3.9131282701831864,5.58150391837679,-3.9131282701831864,3.46731907991746,4.631000713914416,0.9259205617077839,-3.9131282701831864,0.3988451954253396,-3.9131282701831864,-3.9131282701831864,1.3429436345435093,4.348011523141335,5.992414157163179,6.143871405121033,5.482946396162526,-3.9131282701831864,-3.9131282701831864,2.1022631648899184,2.650221925161736,2.359992956343704,4.220004078772456,-1.1394235925717684,4.509184498706965,-3.9131282701831864,0.6000067839553758,-3.9131282701831864,-3.9131282701831864,-0.7592527785829084,-3.9131282701831864,-3.9131282701831864,-0.21810055890013125,5.432531020093351,-0.7011422777689393,0.31924849204468586,-3.9131282701831864,-3.9131282701831864,-3.9131282701831864,5.079997464964669,-3.9131282701831864,1.6155002974612742,1.766864460911716,-3.9131282701831864,1.4965728694221774,3.304844070048146,0.561970372814514,0.9179649949759607,0.7051490397961118,6.25379457131908,3.383524896178563,8.269319307260504,1.0480972036819587,3.654527704533919,0.9896173923456626,-1.845225796191606,0.668927342772724,-3.9131282701831864,0.6719964362405175,-3.9131282701831864,-1.4354995333134948,2.938398786161377,2.0413022823654288,-3.9131282701831864,4.999874912613835,5.836852858875607,-3.9131282701831864,-3.9131282701831864,-3.9131282701831864,1.3159505582094244,-3.9131282701831864,9.346671617467285,-3.9131282701831864,4.304987302388089,-3.9131282701831864,2.6531844772675077,3.531373880595571,-3.9131282701831864,-3.9131282701831864,1.4898327494639894,2.500863090879511,-3.9131282701831864,0.8083344284893936,2.900625821527088,-3.9131282701831864,-3.9131282701831864,-3.9131282701831864,5.436554257701312,-3.9131282701831864,-3.9131282701831864,-3.9131282701831864,-0.03039869223987779,-3.9131282701831864
HSM6XRUL,-3.9374889291254664,-3.9374889291254664,-3.9374889291254664,1.8620375797653423,8.274266608341954,-3.9374889291254664,5.717370248339452,-3.9374889291254664,-3.9374889291254664,0.8639956759802079,-3.9374889291254664,5.513269954154453,-3.9374889291254664,4.926732855625205,-3.9374889291254664,5.975283425848933,6.97628849164856,2.3836551686441725,7.492808483651479,1.0432648463674123,6.68432593303422,7.969644050333871,3.0111488274098823,6.964891734651087,8.004599141192493,5.542512244838815,-3.9374889291254664,-3.9374889291254664,0.40191178282758777,-0.41772436561719495,2.6173429276286972,-3.9374889291254664,-3.9374889291254664,-3.9374889291254664,-3.9374889291254664,-3.9374889291254664,-3.9374889291254664,-3.9374889291254664,-3.9374889291254664,-3.9374889291254664,-3.9374889291254664,0.4294981588135176,-3.9374889291254664,0.6823105385183581,-3.9374889291254664,1.778374716065887,-3.9374889291254664,2.979331494511608,1.2342232768860626,2.518681745380734,-3.9374889291254664,0.7265963176989878,2.3661548633458347,1.14329529314203,-3.9374889291254664,-3.9374889291254664,5.842618265274774,3.9825119077723325,1.9267057279306163,6.619830854914081,1.757477221411115,5.6813998683250135,-3.9374889291254664,-3.9374889291254664,-3.9374889291254664,-3.9374889291254664,2.3667151613603403,-3.9374889291254664,-3.9374889291254664,1.4272749839996752,-3.9374889291254664,5.732746842311191,3.524586385888014,0.18152603957143398,-3.9374889291254664,6.365941549175004,2.3043127716780516,-3.9374889291254664,-3.9374889291254664,-3.9374889291254664,-3.9374889291254664,0.673213075453436,5.708255469651568,-3.9374889291254664,-3.9374889291254664,0.14861409883187449,-3.9374889291254664,-3.9374889291254664,3.401527151828633,-3.9374889291254664,2.0334338893266537,4.4492779912175235,-3.9374889291254664,-3.9374889291254664,-3.9374889291254664,5.584136948858881,5.892783551080685,1.7523133318724167,2.812209219396925,3.163964271861828,-3.9374889291254664
HSM6XRUN,-3.459287787743534,-3.459287787743534,-3.459287787743534,-3.459287787743534,8.115509101968101,-3.459287787743534,5.481531587382504,-3.459287787743534,-3.459287787743534,-3.459287787743534,-3.459287787743534,6.020091611284395,-3.459287787743534,6.09413186473467,-0.3561754296864823,5.849817627030137,6.851250674380257,-3.459287787743534,8.313581642938825,-3.459287787743534,8.013396856683636,7.794678711538209,-3.459287787743534,7.2251685362592415,8.647442321290539,6.190997090849469,-3.459287787743534,-0.8375010159731229,3.1015673870533895,2.764949883816718,2.4674118383866146,-3.459287787743534,-3.459287787743534,-3.459287787743534,-3.459287787743534,-3.459287787743534,-3.459287787743534,-3.459287787743534,-3.459287787743534,-3.459287787743534,1.0376511414434244,-3.459287787743534,-3.459287787743534,0.7268475735367765,-3.459287787743534,0.7327097310010977,-3.459287787743534,3.5780962507802903,0.6755809366471155,2.69352417515481,3.66677381498409,2.372832234234836,-3.459287787743534,-3.459287787743534,-0.3475302635216426,-3.459287787743534,5.839925125952385,6.632921575789663,2.5332653814115247,7.732397041476665,-3.459287787743534,3.9933537578541003,-3.459287787743534,-3.459287787743534,-3.459287787743534,-3.459287787743534,3.411819148045309,-3.459287787743534,-3.459287787743534,-0.06453388289981099,-3.459287787743534,5.772706182404193,3.900609717273551,-3.459287787743534,-3.459287787743534,4.772440828194791,5.832022076545401,-3.459287787743534,-3.459287787743534,-3.459287787743534,-3.459287787743534,1.9186331174662605,8.108633993844784,1.9758821731244858,-3.459287787743534,-3.459287787743534,-3.459287787743534,-3.459287787743534,1.9733498259000317,-3.459287787743534,3.0319134243822052,2.811710579210982,1.5176982378815627,-3.459287787743534,-3.459287787743534,5.359188447965645,6.332555689871796,-3.459287787743534,-3.459287787743534,-3.459287787743534,-3.459287787743534
HSM6XRUR,3.930035000665585,2.0160686843193734,1.8059794922275838,2.244064096458553,4.772308614814996,-3.298978221990266,0.4324592518454047,-3.298978221990266,-3.298978221990266,-3.298978221990266,1.5629482129984371,5.510940387151292,4.310022554884754,2.884084704571416,-3.298978221990266,3.7324751692462863,4.652102458419077,2.588193591154954,6.537666110436701,-3.298978221990266,4.2837410433369865,5.598671694641943,0.9900959101693836,4.113180267222048,6.894617505836455,3.075828142518424,5.590494945495206,1.793206915085653,1.3975315436116436,-3.298978221990266,-0.8505509702637841,-3.298978221990266,-3.298978221990266,4.717341145749274,-3.298978221990266,-3.298978221990266,-3.298978221990266,-3.298978221990266,-3.298978221990266,-3.298978221990266,-3.298978221990266,-3.298978221990266,-3.298978221990266,-3.298978221990266,-3.298978221990266,-3.298978221990266,-3.298978221990266,1.9980411443007249,-3.298978221990266,2.97296773725831,-3.298978221990266,-3.298978221990266,-3.298978221990266,2.0385525822467745,-3.298978221990266,-3.298978221990266,5.668025678793356,2.125692664604882,0.8281318116666228,7.547777556426143,-3.298978221990266,2.2147606257426187,-3.298978221990266,-3.298978221990266,-3.298978221990266,-3.298978221990266,2.3975937808710626,-3.298978221990266,-3.298978221990266,-3.298978221990266,1.2837705021069823,-3.298978221990266,2.375163623129282,-3.298978221990266,-3.298978221990266,3.567631330873348,4.308601718358571,-3.298978221990266,2.128115636883644,10.314650380867056,-3.298978221990266,2.416634427533575,-3.298978221990266,5.442843968919729,-3.298978221990266,0.40301246589613804,-3.298978221990266,3.869126274001684,1.2916217535347165,-3.298978221990266,3.9309129931261886,3.007506198679378,0.07096659286501605,-3.298978221990266,-3.298978221990266,6.495623058612309,4.966658341607239,-3.298978221990266,-3.298978221990266,-3.298978221990266,-3.298978221990266
HSM6XRVA,7.515462450379092,5.35993032358577,-3.557013502621345,6.372092822758409,-3.557013502621345,-3.557013502621345,5.104986606898676,2.117587819567696,-3.557013502621345,-3.557013502621345,-3.557013502621345,0.9488468910006453,-3.557013502621345,-3.557013502621345,-3.557013502621345,-3.557013502621345,-3.557013502621345,-3.557013502621345,8.917112060407101,-3.557013502621345,6.7310024434697535,9.19853692676457,-3.557013502621345,0.1746936125593912,1.3903620533520016,-3.557013502621345,-3.557013502621345,-3.557013502621345,-3.557013502621345,1.6352956711334503,4.903057812617453,-0.14041479995133344,4.373442407360758,-3.557013502621345,0.5636977165863737,-3.557013502621345,-3.557013502621345,2.8647322949916,-0.619575394245139,-3.557013502621345,2.234869856743094,4.093851126580138,-0.8699875714391769,-3.557013502621345,-3.557013502621345,0.7863083730057276,1.0714176367082455,4.5772776759579115,-3.557013502621345,4.128288327148584,-3.557013502621345,-3.557013502621345,-3.557013502621345,3.7051805122753354,2.137822295511304,2.8193810899592204,6.940713458676566,-1.3781113160280594,-3.557013502621345,8.499873627911217,2.8859110859874173,-1.0832729631566966,-0.6648908347528657,-3.557013502621345,-3.557013502621345,2.813676537906689,2.1791281465302923,-3.557013502621345,1.0038507930244052,2.1938560987851385,3.818771723402577,-3.557013502621345,4.11319411753115,-3.557013502621345,-3.557013502621345,-3.557013502621345,0.17719317345713392,3.5785117222101945,-3.557013502621345,1.5636676171306725,-3.557013502621345,2.3174711954150924,-0.29595520185476865,-3.557013502621345,1.469515559599314,-3.557013502621345,6.094598478818606,-3.557013502621345,4.746620263879996,-3.557013502621345,2.960558609503873,3.693530671470601,-3.557013502621345,1.2253392574136335,-3.557013502621345,5.194298218599419,-3.557013502621345,1.316457873205163,-1.7802093087536353,2.224611944368677,2.161438025992373
HSM6XRVC,6.408649819587691,5.195645984464137,-3.3896196326180092,6.390060547709612,-3.3896196326180092,-3.3896196326180092,5.150880352872345,1.4284401795169348,-3.3896196326180092,-3.3896196326180092,-3.3896196326180092,-3.3896196326180092,-3.3896196326180092,-3.3896196326180092,-3.3896196326180092,-3.3896196326180092,-3.3896196326180092,-3.3896196326180092,9.060855900734817,-3.3896196326180092,7.664483132784937,8.639320591396915,-3.3896196326180092,-0.9018072298131798,0.6146891208005023,-3.3896196326180092,-3.3896196326180092,-3.3896196326180092,-3.3896196326180092,0.3661632055762958,4.08168251503949,-3.3896196326180092,3.2271932372371728,-3.3896196326180092,0.5385096474418543,-3.3896196326180092,0.5303579238743552,1.1669998446371288,-3.3896196326180092,-3.3896196326180092,-0.1572867023209117,4.277070167446637,-3.3896196326180092,-3.3896196326180092,-3.3896196326180092,1.0787768374522955,-3.3896196326180092,4.887076462197125,-3.3896196326180092,3.137779756055995,-3.3896196326180092,-3.3896196326180092,-3.3896196326180092,3.6192936454779243,2.378643148089978,2.0598303693344366,7.307739208253416,0.6109204839223228,-3.3896196326180092,9.46657274682628,1.5092714621861578,3.8453281189486885,0.6277686157339044,-3.3896196326180092,2.1681259542344034,2.395580808354797,3.1178193069723914,0.5957022838161574,0.12458223840422633,1.614962785011775,4.498167404846377,-3.3896196326180092,4.06361672427374,-3.3896196326180092,-3.3896196326180092,-3.3896196326180092,0.14584693582765595,2.5459353847583186,-3.3896196326180092,-3.3896196326180092,-3.3896196326180092,4.728063765727644,3.517331474681632,0.8379468318585559,-3.3896196326180092,-3.3896196326180092,5.354745542067364,-3.3896196326180092,4.722234049818144,-3.3896196326180092,1.5565705996121117,3.622271861165963,-3.3896196326180092,-3.3896196326180092,-1.62367137840838,4.92987904192837,-3.3896196326180092,3.2030374615219674,1.1328629473039964,2.66505967414854,2.5741615742733064
HSM6XRVC_TR,6.997360838970771,5.111093615155536,-2.967341236837333,6.424665899017973,-2.967341236837333,-2.967341236837333,4.6200942322272365,1.9479589707923601,-2.967341236837333,-2.967341236837333,-2.967341236837333,-2.967341236837333,-2.967341236837333,-2.967341236837333,-2.967341236837333,-2.967341236837333,-2.967341236837333,-2.967341236837333,8.961386627262733,-2.967341236837333,7.063100427081995,8.706588854778108,-2.967341236837333,-2.967341236837333,-1.4715333431677582,-2.967341236837333,-2.967341236837333,-2.967341236837333,-2.967341236837333,2.301083093948094,4.753413858902986,-2.967341236837333,4.6188546790628955,-2.967341236837333,0.23660276392787338,-2.967341236837333,-2.967341236837333,0.08508024925317414,-2.967341236837333,-2.967341236837333,-2.967341236837333,4.151178642258258,-2.967341236837333,-2.967341236837333,-2.967341236837333,1.4780232700435878,-2.967341236837333,6.432937901117184,-2.967341236837333,3.4590059431965443,1.496962821085834,-2.967341236837333,-2.967341236837333,4.321162514148226,-0.4490534875244929,0.7140969657048153,7.2038842334781865,-2.967341236837333,-2.967341236837333,10.346637216594832,1.7476729925741648,3.632308653294812,0.6587203353892495,-2.967341236837333,1.9693886011858126,2.542752687843091,3.2581454265863563,-2.967341236837333,1.7666554424023015,2.3042264026187382,-2.967341236837333,-2.967341236837333,3.8276017551424504,-2.967341236837333,-2.967341236837333,-2.967341236837333,-2.967341236837333,3.8256616286990672,-2.967341236837333,-2.967341236837333,-2.967341236837333,4.479205017575668,3.587231833994318,-2.967341236837333,2.5530015427771158,-2.967341236837333,5.565627731243075,-2.967341236837333,4.610238776593251,-2.967341236837333,1.7208522683836307,1.9649924043403697,-2.967341236837333,-2.967341236837333,-2.967341236837333,5.071956065871441,-2.967341236837333,2.739608794006653,0.4176703587890689,2.3665781530639407,3.0830843663610095
HSM6XRVK,3.8135892605964727,3.308934586479139,-3.8468217961394657,4.568995125843674,-3.8468217961394657,-3.8468217961394657,3.4525711436691706,4.601763048323616,-3.8468217961394657,-3.8468217961394657,-3.8468217961394657,-3.8468217961394657,-3.8468217961394657,-3.8468217961394657,-3.8468217961394657,-3.8468217961394657,-3.8468217961394657,-3.8468217961394657,7.988463985817273,-3.8468217961394657,6.816130754724173,6.6576434727820875,-3.8468217961394657,-0.38080742686252833,-0.6623999064273534,-3.8468217961394657,-3.8468217961394657,-3.8468217961394657,-3.8468217961394657,3.6267353140287826,2.0215557521114738,-3.8468217961394657,3.0037221547490063,1.9828221044345238,1.1001409543745826,-1.7383783014993615,0.8293711745412349,4.764725774044915,-3.8468217961394657,-3.8468217961394657,-3.8468217961394657,3.0998610709142103,-3.8468217961394657,-3.8468217961394657,-3.8468217961394657,3.169459043553692,-3.8468217961394657,6.995815074981769,-3.8468217961394657,4.8946915531631,-3.8468217961394657,-3.8468217961394657,0.7174288309326062,5.5075527450319655,4.7772691258930795,2.964548173646503,7.507696743333462,-3.8468217961394657,-0.829707181668061,9.174675871808754,-3.8468217961394657,4.088656911008909,1.2711782626039199,-3.8468217961394657,7.048134311191674,-3.8468217961394657,3.2570368987137437,-0.07209560167199136,3.880815596532437,0.4912318255151469,-3.8468217961394657,-3.8468217961394657,0.988368666171322,-3.8468217961394657,-3.8468217961394657,-3.8468217961394657,0.31447739393116336,2.1184143554653305,2.3119612394689693,-3.8468217961394657,-3.8468217961394657,2.2098664048855046,5.858792043532612,6.209912877200738,-3.8468217961394657,-3.8468217961394657,5.136576600755493,-3.8468217961394657,3.601049695247595,-3.8468217961394657,4.086694759502555,5.0375706378153575,0.8981923613635274,0.662085060657402,-3.8468217961394657,6.002820780622758,-3.8468217961394657,3.441541238831536,2.165312019407196,3.3535768482653534,2.703583208214284
HSM7CYXE,-2.876107617641516,-2.876107617641516,-2.876107617641516,-2.876107617641516,-2.876107617641516,-2.876107617641516,-2.876107617641516,-2.876107617641516,-2.876107617641516,-2.876107617641516,-2.876107617641516,9.275683425683324,-2.876107617641516,0.031377862184532646,-2.876107617641516,-2.876107617641516,-2.876107617641516,2.750689575804584,-2.876107617641516,-2.876107617641516,8.634229898009854,9.889175624479055,-2.876107617641516,9.206538113902637,7.899973254864866,7.052124694548149,-2.876107617641516,3.646749510890478,-2.876107617641516,2.943106885929544,-2.876107617641516,-2.876107617641516,-2.876107617641516,-2.876107617641516,-2.876107617641516,2.244893039691485,-2.876107617641516,2.7158683135284196,-2.876107617641516,-2.876107617641516,-0.5241730283123331,-2.876107617641516,1.7582622103902619,-2.876107617641516,-2.876107617641516,2.5708141527153465,-2.876107617641516,5.313921487845866,-2.876107617641516,3.24150448021917,-2.876107617641516,2.9269291514450675,3.717965135797325,5.681039737095358,-2.876107617641516,-2.876107617641516,3.7264189701976598,-2.876107617641516,-2.876107617641516,7.162454688420699,4.222472392494208,-2.876107617641516,-2.876107617641516,-2.876107617641516,-2.876107617641516,-2.876107617641516,3.0780120094407923,2.177562634489819,1.8249853209940134,3.34768067702009,-2.876107617641516,-2.876107617641516,6.164679205562857,-2.876107617641516,-2.876107617641516,-2.876107617641516,7.543560495049208,-2.876107617641516,2.808768280952499,-2.876107617641516,-2.876107617641516,-2.876107617641516,7.253267391597042,3.6812880517159448,-2.876107617641516,-2.876107617641516,-2.876107617641516,-2.876107617641516,0.08975178329097311,3.66899690427541,1.425860930986822,3.6889292445796125,-2.876107617641516,-2.876107617641516,-2.876107617641516,5.126133363038961,-2.876107617641516,2.4077111650764262,2.8830948899521687,5.259622915825166,4.048532216816685
HSM7CYXG,-3.7019780094061794,-3.7019780094061794,-3.7019780094061794,-3.7019780094061794,-3.7019780094061794,-3.7019780094061794,-3.7019780094061794,2.456881536229335,2.5133741811164283,-3.7019780094061794,-3.7019780094061794,8.276166069274568,-3.7019780094061794,-3.7019780094061794,-3.7019780094061794,-3.7019780094061794,-3.7019780094061794,-3.7019780094061794,-0.3315071982086035,-3.7019780094061794,7.618537980382719,8.820372042866898,-3.7019780094061794,7.24652916847319,7.0466922689243425,5.769633134979635,-3.7019780094061794,4.1463106838230095,-3.7019780094061794,3.221322488766414,-3.7019780094061794,-3.7019780094061794,-3.7019780094061794,-3.7019780094061794,2.415727612197885,2.8496228424401275,1.4215732021526843,3.114350405719674,1.9722124968806725,1.9753414536700333,2.042461363190924,3.54379323991334,3.5777120046408823,-3.7019780094061794,-3.7019780094061794,2.843668161947007,-3.7019780094061794,5.3290667595777945,1.7609124467877049,4.224280558825804,-3.7019780094061794,3.8330677893438168,2.590765108211351,3.924807587164455,-3.7019780094061794,1.850148707130849,6.576873553195079,-3.7019780094061794,-3.7019780094061794,8.037154940477448,5.379969981979945,0.5299126637195624,-3.7019780094061794,-3.7019780094061794,-3.7019780094061794,-3.7019780094061794,3.491303379273347,2.438702602789145,2.628680082616998,4.054261197936049,2.0668304441184056,-3.7019780094061794,1.772459127188995,-3.7019780094061794,-3.7019780094061794,-3.7019780094061794,7.799253796003939,-3.7019780094061794,-3.7019780094061794,-1.5262008047818867,-3.7019780094061794,-3.7019780094061794,3.699101943269227,5.835479004599669,-3.7019780094061794,-3.7019780094061794,-3.7019780094061794,-3.7019780094061794,1.2165125344568661,5.655640268459753,2.9237012287146538,5.270530542231591,-3.7019780094061794,0.7778298989130707,-3.7019780094061794,6.677808576414353,-3.7019780094061794,-3.7019780094061794,-3.7019780094061794,4.539160045679293,2.9020893760359696
HSM7CYXI,-2.222897337137219,-2.222897337137219,-2.222897337137219,-2.222897337137219,-2.222897337137219,-2.222897337137219,-2.222897337137219,-2.222897337137219,-2.222897337137219,-2.222897337137219,-2.222897337137219,9.156669818901825,-2.222897337137219,-2.222897337137219,-2.222897337137219,-2.222897337137219,-2.222897337137219,3.3257069730864686,-2.222897337137219,-2.222897337137219,9.35460286707043,10.66251928170511,-2.222897337137219,9.727193302916275,9.3755644144543,7.623437527376737,-2.222897337137219,2.80888834603674,-2.222897337137219,0.9132654442742343,-2.222897337137219,-2.222897337137219,-2.222897337137219,3.4021775374607444,-2.222897337137219,-2.222897337137219,-2.222897337137219,1.8570207090745257,-2.222897337137219,-2.222897337137219,-2.222897337137219,-2.222897337137219,-2.222897337137219,-2.222897337137219,-2.222897337137219,-2.222897337137219,-2.222897337137219,5.750474257312306,-2.222897337137219,-2.222897337137219,4.950455859503245,-2.222897337137219,-2.222897337137219,4.476685133023507,-2.222897337137219,-2.222897337137219,7.371102364971491,-2.222897337137219,-2.222897337137219,8.194522860661635,5.324458682933099,-2.222897337137219,-2.222897337137219,-2.222897337137219,-2.222897337137219,-2.222897337137219,3.8731740432068182,1.4641604195316802,-2.222897337137219,3.897217981529079,-2.222897337137219,-2.222897337137219,7.06038815424915,-2.222897337137219,-2.222897337137219,-2.222897337137219,8.17619267572816,-2.222897337137219,-2.222897337137219,-2.222897337137219,-2.222897337137219,-2.222897337137219,7.1209055158059655,5.322450755493381,-2.222897337137219,-2.222897337137219,-2.222897337137219,-2.222897337137219,-2.222897337137219,4.900587053739834,-2.222897337137219,-2.222897337137219,-2.222897337137219,-2.222897337137219,-2.222897337137219,7.168812114767058,-2.222897337137219,-2.222897337137219,-2.222897337137219,4.114626101575891,4.898245414625435
HSM7CYXO,-2.7319874163073923,-2.7319874163073923,-2.7319874163073923,-2.7319874163073923,-2.7319874163073923,-2.7319874163073923,-2.7319874163073923,-2.7319874163073923,-2.7319874163073923,-2.7319874163073923,-2.7319874163073923,8.626160970939942,-2.7319874163073923,-2.7319874163073923,-2.7319874163073923,-2.7319874163073923,-2.7319874163073923,-2.7319874163073923,1.362411230760177,-2.7319874163073923,8.899851062903497,10.360674600741028,-2.7319874163073923,9.094576759747872,7.4729181952144605,7.2090772911294945,-2.7319874163073923,3.300193982010902,-2.7319874163073923,2.0638576762563456,-2.7319874163073923,-2.7319874163073923,-2.7319874163073923,-2.7319874163073923,-0.12924680343282624,1.3353825332580787,-2.7319874163073923,0.16948615730532346,-2.7319874163073923,-2.7319874163073923,0.9135160453593993,0.8735639358137135,2.038751743569023,-2.7319874163073923,-2.7319874163073923,1.4919765465107186,-2.7319874163073923,2.989362304795307,-2.7319874163073923,2.9071335495513253,-2.7319874163073923,1.7212507739157719,-2.7319874163073923,2.478645737226806,-2.7319874163073923,-2.7319874163073923,6.984845966127787,-2.7319874163073923,-2.7319874163073923,7.143865285092415,3.6015247197921374,1.0128533710201424,-2.7319874163073923,-2.7319874163073923,-2.7319874163073923,-2.7319874163073923,3.901517516418254,0.7275321454300503,-2.7319874163073923,2.520340725293636,3.185347086035442,-2.7319874163073923,5.50178317166236,-2.7319874163073923,-2.7319874163073923,-2.7319874163073923,8.333034237658927,-2.7319874163073923,2.6326404901600853,-2.7319874163073923,-2.7319874163073923,2.026816387423329,6.728177855678875,2.7754293555641496,-2.7319874163073923,-2.7319874163073923,-2.7319874163073923,-2.7319874163073923,-2.7319874163073923,3.0068952245845146,2.4753652521611667,4.609356956571276,-2.7319874163073923,-2.7319874163073923,-2.7319874163073923,6.079213141388108,-2.7319874163073923,3.228815017861953,1.8177244798674774,4.338876603898594,3.375758278868627
HSM7CYYF,-3.016733200522486,-3.016733200522486,-3.016733200522486,-3.016733200522486,-0.3480624714780891,-3.016733200522486,-3.016733200522486,4.528868936520223,-3.016733200522486,-3.016733200522486,-3.016733200522486,0.9619069269910874,-3.016733200522486,-0.7911429770538234,-3.016733200522486,-3.016733200522486,-3.016733200522486,0.6088292852912147,1.376546170524982,-3.016733200522486,9.238051847422678,10.04383179507569,-0.47783080993673366,2.761544723676895,8.415854662390206,-3.016733200522486,-3.016733200522486,2.023546066912475,-3.016733200522486,5.343106686459,-3.016733200522486,-3.016733200522486,-3.016733200522486,0.23274314075410452,2.5691225480443958,-3.016733200522486,1.8351509226056884,4.027389455612074,2.1448354136072183,4.207506419169135,3.555818339134385,-3.016733200522486,4.623381891178445,4.378255110417579,-3.016733200522486,3.913805134658804,-3.016733200522486,-3.016733200522486,3.9716378212973886,4.113389315141776,2.928270172391003,7.107744281089639,-3.016733200522486,-3.016733200522486,-3.016733200522486,-3.016733200522486,7.531559653288875,-3.016733200522486,-3.016733200522486,0.7376455043833552,4.644208111944466,1.0715684211068943,-3.016733200522486,-3.016733200522486,-3.016733200522486,3.810121552804233,-3.016733200522486,3.774689116070366,1.321463747284799,2.1341254017041393,-3.016733200522486,-3.016733200522486,-3.016733200522486,-3.016733200522486,-3.016733200522486,8.67018047408873,-3.016733200522486,-3.016733200522486,2.6776265268742474,-3.016733200522486,-3.016733200522486,-3.016733200522486,-3.016733200522486,3.221836556524303,-3.016733200522486,-3.016733200522486,-3.016733200522486,-3.016733200522486,5.477937097232724,-3.016733200522486,0.43509710173305294,6.5400885633955115,2.357306463415904,3.777237275769086,2.56989663581634,2.0492699151521787,-3.016733200522486,-3.016733200522486,-3.016733200522486,4.384135923080657,2.42349797864558
HSM7CYYH,-2.702531666109671,-2.702531666109671,-2.702531666109671,-2.702531666109671,-2.702531666109671,-2.702531666109671,-2.702531666109671,5.979491341261182,-2.702531666109671,-2.702531666109671,-2.702531666109671,-2.702531666109671,-2.702531666109671,-2.702531666109671,-2.702531666109671,-2.702531666109671,-2.702531666109671,-2.702531666109671,-2.702531666109671,-2.702531666109671,8.686430080299655,9.295694310585704,-2.702531666109671,-2.702531666109671,9.379290485808529,-2.702531666109671,-2.702531666109671,-2.702531666109671,-2.702531666109671,4.863905360432028,-2.702531666109671,-2.702531666109671,-2.702531666109671,-2.702531666109671,0.18724172091511804,-2.702531666109671,3.208626830701629,3.7547751457248815,-2.702531666109671,-2.702531666109671,1.1181308846342812,-2.702531666109671,-2.702531666109671,4.162133981243221,-2.702531666109671,4.611273755289396,-2.702531666109671,-2.702531666109671,4.224190220926765,3.1720165517248846,6.037406363031119,7.908353596741309,-2.702531666109671,-2.702531666109671,-2.702531666109671,-2.702531666109671,8.954891261842896,-2.702531666109671,-2.702531666109671,1.9098502448200403,2.547095783222506,5.717938074116065,-2.702531666109671,-2.702531666109671,5.602889129158389,6.213724261837735,-2.702531666109671,-2.702531666109671,2.9396459250959417,-2.702531666109671,-2.702531666109671,-2.702531666109671,-2.702531666109671,-2.702531666109671,-2.702531666109671,9.40834013906574,-2.702531666109671,-2.702531666109671,6.125792636359628,-2.702531666109671,-2.702531666109671,-2.702531666109671,-2.702531666109671,7.930538236937042,-2.702531666109671,-2.702531666109671,-2.702531666109671,-2.702531666109671,8.799650416886054,-2.702531666109671,0.2147996484858954,7.767983932984244,3.99729003383551,3.3389207977768445,-2.702531666109671,1.2766941397369447,-2.702531666109671,3.9505457310843406,3.189656915780379,6.621453331981677,5.270428692909493
HSM7CYYP,2.344683488551201,-1.900018728893535,-1.900018728893535,-1.900018728893535,-1.900018728893535,-1.900018728893535,-1.900018728893535,3.200809455197078,-1.900018728893535,-1.900018728893535,-1.900018728893535,-1.900018728893535,-1.900018728893535,-1.900018728893535,-1.900018728893535,-1.900018728893535,-1.900018728893535,2.073633334368461,-1.900018728893535,-1.900018728893535,9.953867325518464,11.21205975116592,-1.900018728893535,-1.900018728893535,10.106272423960071,-1.900018728893535,-1.900018728893535,-1.900018728893535,-1.900018728893535,2.0073278324932193,-1.900018728893535,-1.900018728893535,-1.900018728893535,-1.900018728893535,3.034251569403489,-1.900018728893535,-1.900018728893535,6.714307395814537,2.2026813341657157,5.040910847104358,3.5765022327306593,-1.900018728893535,4.59245367610132,-1.900018728893535,-1.900018728893535,-1.900018728893535,-1.900018728893535,-1.900018728893535,2.6065055277983955,4.109996944598008,4.670073549910159,7.374154106489407,-1.900018728893535,-1.900018728893535,-1.900018728893535,-1.900018728893535,7.0491942000532175,-1.900018728893535,-1.900018728893535,1.95348078719611,4.54546282731505,-1.900018728893535,-1.900018728893535,-1.900018728893535,5.226592359572117,-1.900018728893535,-1.900018728893535,-1.900018728893535,-1.900018728893535,-1.900018728893535,-1.900018728893535,-1.900018728893535,-1.900018728893535,-1.900018728893535,-1.900018728893535,10.12185295507972,-1.900018728893535,-1.900018728893535,4.615888848225567,-1.900018728893535,-1.900018728893535,-1.900018728893535,1.6868298958371213,5.058327750730338,-1.900018728893535,-1.900018728893535,-1.900018728893535,-1.900018728893535,4.2920736276869835,-1.900018728893535,-1.900018728893535,5.902337836300566,-1.900018728893535,3.4288353258588486,-1.900018728893535,-1.900018728893535,-1.900018728893535,-1.900018728893535,-1.900018728893535,-1.900018728893535,-1.900018728893535
HSM7CYZJ,1.6360694926412398,5.077749938904839,-4.783251376581074,6.0041539238105255,6.069843005548408,0.8724655179995064,5.830799686131632,1.5625642039159757,1.4059810429771726,-1.27861858747079,-4.783251376581074,7.157224485992048,5.307162371303318,5.779970261644685,-4.783251376581074,-4.783251376581074,-4.783251376581074,6.211996756843014,-4.783251376581074,-4.783251376581074,4.843193767715414,6.567831310290968,4.440938785201066,5.464972019712997,-0.6485612821030831,3.4468369439348585,-4.783251376581074,-4.783251376581074,-4.783251376581074,1.834654691699317,3.450973372807147,1.0293374391984056,2.258634504543793,-4.783251376581074,-4.783251376581074,-4.783251376581074,2.197792735837182,-0.35811047825017717,-2.04275328400535,-4.783251376581074,3.438881959622952,2.8823761132387,1.2719364284243246,1.0004564349172664,-0.3929099685550561,-0.7882931471120163,-4.783251376581074,3.8310381756550793,0.9407562685412287,2.2517644657685647,-4.783251376581074,2.1205520356111807,2.0850905921160026,3.5188209161790347,0.31103076306564326,-4.783251376581074,6.350486163477015,6.627365086003848,-4.783251376581074,6.70263135570548,-0.44957075206171027,-0.07628875447166195,-4.783251376581074,-4.783251376581074,-4.783251376581074,-4.783251376581074,3.4374882887220846,-4.783251376581074,0.9514131292465802,0.9548267406088051,-4.783251376581074,4.690648595882679,2.87170825628481,4.326137475156833,-4.783251376581074,5.8491302297351435,-4.783251376581074,2.5049619808783463,-4.783251376581074,-4.783251376581074,-4.783251376581074,1.9546743991943147,3.6600712544968177,1.8345133080111706,-4.783251376581074,-4.783251376581074,3.9513666264462826,1.3187220468855232,0.9169743651072206,3.1014309630115955,0.18612290787604913,4.492797236892974,-4.783251376581074,-4.783251376581074,-4.783251376581074,5.775169966680618,-4.783251376581074,-4.783251376581074,-4.783251376581074,-0.9169807132720269,-0.6301028872967276
HSM7CYZL,2.2238280786706532,4.448114126733629,-4.461284300278773,5.810725790819863,6.828627532193691,0.8598891606204493,5.160412637208077,2.9307571428468604,-4.461284300278773,0.835687445913825,-4.461284300278773,5.996147146627182,4.668396574317899,6.310220837263735,-4.461284300278773,-4.461284300278773,-4.461284300278773,3.546323567501892,-4.461284300278773,-4.461284300278773,5.561118271484748,6.399557532546927,4.54738599976342,5.898681114342248,0.6393629945385761,2.6236147791999533,-4.461284300278773,-4.461284300278773,-4.461284300278773,3.590757841416206,2.038604675790804,-4.461284300278773,1.6235933220203416,-1.069053633043449,-4.461284300278773,-4.461284300278773,1.5665270161485019,-4.461284300278773,-0.42176967972468304,-4.461284300278773,-4.461284300278773,1.2630442655526775,-4.461284300278773,1.785213235020671,-1.7023819854501632,2.5380895376970436,-4.461284300278773,4.636336080791756,0.5407876994077334,2.276644507376157,-4.461284300278773,-0.5867910808077212,-4.461284300278773,3.552060261554887,2.5381845215436902,-4.461284300278773,7.851489966002634,7.657810652857673,-4.461284300278773,7.140890770621909,-1.8591680159101571,-0.13528238167176632,-4.461284300278773,-4.461284300278773,1.3564487248203259,0.13132679654149015,4.432363895682562,-4.461284300278773,0.7008600731357735,1.1030182185898934,-4.461284300278773,4.474158998714755,3.8477170559121117,3.8372529366315407,-4.461284300278773,6.265596305069408,-4.461284300278773,2.3427578117440966,-4.461284300278773,-0.25969236059690814,-4.461284300278773,3.332954140875091,4.23557098963071,3.22844939595074,-4.461284300278773,-4.461284300278773,4.792250359077323,1.2038762458988845,2.628833268722005,4.489512302551928,1.4789817595534194,4.191232777452076,-4.461284300278773,-4.461284300278773,-4.461284300278773,4.984748305683434,-4.461284300278773,-4.461284300278773,-4.461284300278773,-4.461284300278773,-4.461284300278773
HSM7CYZR,-1.3759593891550246,5.635285250908442,-4.294480762352565,7.143139461419937,6.814778844570299,1.5139835330555176,6.3674011486996465,2.6148637995984547,1.624616265677953,-4.294480762352565,-4.294480762352565,6.8227858788407225,6.206835715813304,7.313200041278691,-4.294480762352565,-4.294480762352565,-4.294480762352565,4.020333319249501,-4.294480762352565,-4.294480762352565,5.095567779612988,6.22711330654872,4.581145314624897,6.226880245261681,0.9777846441887821,3.3056510958680843,-4.294480762352565,-4.294480762352565,-4.294480762352565,4.37393349710798,3.0350778333048067,-0.31402041691009863,3.135860946184395,-4.294480762352565,-4.294480762352565,-4.294480762352565,-4.294480762352565,-4.294480762352565,-4.294480762352565,-4.294480762352565,-4.294480762352565,-4.294480762352565,-4.294480762352565,4.192105411349177,0.03456547947822486,3.5070322388079465,-4.294480762352565,4.409938700637722,2.749908564966356,2.4385597626401747,-4.294480762352565,2.585024532475898,-4.294480762352565,5.785833874598606,3.3772436383564957,-4.294480762352565,7.184042126934905,6.91337986174943,-4.294480762352565,7.010107542190839,-4.294480762352565,0.7497327549911219,-4.294480762352565,-4.294480762352565,-4.294480762352565,-4.294480762352565,4.281754068395237,-4.294480762352565,-0.30182850423354424,0.9727160258062604,-4.294480762352565,5.771631428298189,3.9917864664417317,5.219650463914823,-4.294480762352565,6.765183220355865,-4.294480762352565,2.5575133779182107,-4.294480762352565,-4.294480762352565,-4.294480762352565,3.0113219103957967,3.4643054267180746,2.9448314760623013,-4.294480762352565,-4.294480762352565,4.846250695921586,2.057442477017158,-4.294480762352565,1.5853147711371767,3.819645562613407,4.2547924707235,-4.294480762352565,-4.294480762352565,-4.294480762352565,5.792935302957273,-4.294480762352565,-4.294480762352565,-4.294480762352565,-1.0723461889120607,-0.4060372258875553
HSM7CZ16,4.605792735441603,1.063101320700106,-4.495493638620037,1.9500848420041494,5.05634064161683,-4.495493638620037,0.09672981780308909,2.18008097106697,-4.495493638620037,1.1708876778714572,-4.495493638620037,4.35924261368047,2.029205133597122,-0.27120629028413745,-4.495493638620037,1.335949734528171,2.209837077881531,0.4326384549664457,6.925884634787158,-4.495493638620037,3.1870515424091765,4.539876390457709,-4.495493638620037,4.435666841870489,6.125971007280529,1.0020967329258994,3.7088152165004615,-4.495493638620037,3.5906625298438133,-1.0628503195471417,3.161696069426066,-4.495493638620037,-4.495493638620037,-4.495493638620037,-4.495493638620037,-4.495493638620037,2.4138054970112037,-1.1727250177972905,-4.495493638620037,-4.495493638620037,-4.495493638620037,-4.495493638620037,-4.495493638620037,0.8239290017415186,3.8490584495026443,2.026839878239892,-4.495493638620037,-4.495493638620037,1.7963407211989537,5.4940660480296835,-4.495493638620037,3.3368504796268272,-4.495493638620037,2.4730207833429088,1.8070184296720289,1.9570495895277853,6.855834369929649,2.041259483544861,3.4041769861917794,7.099632193409263,-4.495493638620037,4.41861507162579,-4.495493638620037,-4.495493638620037,1.6874467526096426,-4.495493638620037,0.7853454764479153,-4.495493638620037,1.6634427983236426,-4.495493638620037,2.399661162086696,-4.495493638620037,2.044677061915336,-4.495493638620037,-4.495493638620037,4.0161368275396985,4.142286992023035,-4.495493638620037,4.010527937220004,8.617797673370841,-4.495493638620037,2.0232022527655342,-4.495493638620037,3.845094636478951,3.803472982268416,-0.8970311924504042,-4.495493638620037,-4.495493638620037,5.009038759274383,-4.495493638620037,3.0590065975957215,5.243790927173605,1.302312260785639,-1.0698113989453581,-4.495493638620037,4.3355031557146,1.6727087930796278,0.6690169344276988,-4.495493638620037,2.623145815336774,3.8791513595133367
HSM7CZ18,5.180313975425982,2.724085556157049,1.626627045667167,3.0145104504600067,5.752988517105015,-5.200466709799963,2.754362954841514,0.5112469323605335,1.0937563281779878,-5.200466709799963,1.1046972099827377,4.975247722932888,0.849960914502712,2.814925940828922,-5.200466709799963,2.719333939895491,3.061316028536816,-0.37196567100367695,6.662429349515406,-5.200466709799963,3.026542681410082,4.197621166680131,-5.200466709799963,3.385403213911113,6.219192290207234,1.9682286739841004,4.041188865338455,2.087556319605242,4.760527909770909,-0.43420909515838524,3.5883919768378325,0.7023170115952508,-0.43872604406389115,-0.5524774262169991,-5.200466709799963,-5.200466709799963,0.16413505679058282,5.037182842805771,-0.9620374799614648,-5.200466709799963,0.21955239760068856,0.8192336604304167,0.02976761569872366,3.0712120303830988,1.3665653697097389,0.20717056565428926,-5.200466709799963,-5.200466709799963,2.2734075853386706,4.306754381873797,-5.200466709799963,1.1140834361804561,2.1896668809983453,3.2729062671705726,-5.200466709799963,-0.17381111096980817,5.733169934976489,3.576151910768874,2.74554433130654,7.170032648634736,-0.8248253452905949,1.0141526459670125,0.45033651999915847,-2.535422427301855,-5.200466709799963,-5.200466709799963,3.1599433398852685,-5.200466709799963,0.22714121535584297,-0.37514682422422574,2.1832731833957792,4.1128587593644275,2.5911870696521646,-5.200466709799963,-5.200466709799963,5.14052734825928,-5.200466709799963,0.1976328032242911,-5.200466709799963,6.447945687495585,-5.200466709799963,2.3740487166789714,-5.200466709799963,0.36946209389719087,-5.200466709799963,1.3908332514685693,-5.200466709799963,-5.200466709799963,2.850152110954232,-5.200466709799963,1.9273325630409994,2.750779564799708,-5.200466709799963,-5.200466709799963,-5.200466709799963,4.71473913581616,4.254800573553599,-5.200466709799963,-5.200466709799963,-5.200466709799963,-0.3933670468712869
HSM7CZ1A,5.583235418841701,2.2439874089352845,2.3883932848790783,1.8932687276953235,5.393331062347495,-5.31683089499511,2.7522917452195,0.8928765471759039,-1.69092834816154,-1.2750391252701991,2.0323569577004745,6.187387374174292,2.8789688899542973,4.826496229565585,-5.31683089499511,2.341729612312184,3.938492074294566,3.0160901966592393,6.099713708656811,-5.31683089499511,4.300395433062719,3.9401707433112003,0.8243217809245831,3.6833205616150115,6.294594396500325,3.7127200887079645,5.135143201735433,2.6906345255841373,3.012319848838022,1.3042712726676946,1.857265480502492,-1.148232618460252,-0.8412829026564204,-5.31683089499511,-5.31683089499511,-5.31683089499511,-2.2476562713001282,2.717478329599281,-2.2717835194207385,-5.31683089499511,3.27990937832472,-1.3094228647937474,-0.9218373656200569,1.8717064525257854,0.3261708055030379,0.3156650471795128,-5.31683089499511,-5.31683089499511,1.8978091183549228,2.5269551427026062,-5.31683089499511,1.9931553692601387,-0.6289439875100307,2.1669211239048467,0.5586494655423335,-5.31683089499511,6.4816683209327035,-1.077361873967245,0.9365119938659605,6.147492934859281,-0.7492698710437118,2.507345471608799,-5.31683089499511,-0.5332898643849582,-5.31683089499511,-5.31683089499511,0.2667324284189494,-2.68093162121413,0.428035767171556,-0.3049645673624095,2.21575319414812,3.973509051894543,2.1284033632001975,-5.31683089499511,-5.31683089499511,5.290882089554977,-5.31683089499511,-1.814364496109226,-5.31683089499511,6.054334230857771,-5.31683089499511,-1.2660663450954548,-0.5626942766096263,-0.7011646563567044,-0.3239339941875148,-5.31683089499511,-5.31683089499511,-5.31683089499511,1.608357348860384,-5.31683089499511,3.5030633750597593,4.0145613126068715,0.002842603174368463,-3.0965788376409904,-5.31683089499511,5.070930214506282,4.164516313128282,-1.180506776424318,-5.31683089499511,-1.986845974575706,-0.1392642855650177
HSM7CZ1C,-2.2073350913497727,3.970048795613838,-4.918937056825229,4.578354812437853,7.118005794866366,0.4157550989946319,5.145070558788109,0.43076616204239393,-4.918937056825229,2.0197481731941647,-4.918937056825229,6.979544503469554,-4.918937056825229,2.938422716240839,-4.918937056825229,-4.918937056825229,3.2977064778549385,-0.9262183616749464,2.1783732100605118,-4.918937056825229,3.8420415193630557,3.9438046052209614,1.8127441025966586,6.6720725601412205,6.011705211397864,3.926008267471116,6.372362800848151,4.414090388806621,4.204120022550318,1.8419412351039508,2.3100736679361624,-0.14342084202981198,-0.10909501462957039,4.092280423108639,-0.03141237689904486,-4.918937056825229,-4.918937056825229,-0.4873412536539927,-1.763627485675599,-4.918937056825229,2.290500279930539,1.8963834126374426,-4.918937056825229,3.374280880785654,0.4595498668930684,0.39311681941955534,0.5109019440844289,-4.918937056825229,1.367361190437621,3.2024029738012034,-4.918937056825229,0.05984980243172622,0.6956985097484765,2.2571936480931587,2.7697075900802703,-4.918937056825229,5.3799454746626925,4.847345974350107,0.3629632057049452,6.693013756427029,-4.918937056825229,-4.918937056825229,-1.1395887547704664,-0.21582328593194333,-4.918937056825229,-4.918937056825229,-0.23535359463931016,-2.340902662836081,-0.6560332204249608,1.0289688188288757,-4.918937056825229,5.532933654681324,0.9782266923840224,-4.918937056825229,-4.918937056825229,5.942086417157986,4.299274636354836,-1.6287395857619131,-4.918937056825229,1.3532465291939983,-3.103373553752677,-0.16265282825494864,-4.918937056825229,-0.7800262861661889,1.3229409582256526,-2.1044529527061435,4.598308115870546,0.9622428616100525,1.5070935895568036,-4.918937056825229,3.666723915690241,3.4343218064197893,-4.918937056825229,-4.918937056825229,-4.918937056825229,5.544353905860428,3.258266067917087,-4.918937056825229,-4.918937056825229,-4.918937056825229,-2.9007355514336357
HSM7CZ1E,4.618887544412763,2.7559648601090405,-3.1897926829174565,3.0029503427432456,5.223310776541922,-3.1897926829174565,0.9560855586359107,1.7260094712383367,-3.1897926829174565,-3.1897926829174565,1.5419029600295762,5.594752013564744,-3.1897926829174565,3.4610727433733963,-3.1897926829174565,3.9713237263703007,5.512964638358782,2.963911063902465,7.7598091019709745,-3.1897926829174565,5.094770639861735,5.5684871935333975,-3.1897926829174565,4.845141194845223,7.295834750092608,4.3540807123769545,5.358970511915754,1.824929984299649,3.5411703040560996,1.8553666047625086,-3.1897926829174565,-3.1897926829174565,-3.1897926829174565,-3.1897926829174565,-3.1897926829174565,-3.1897926829174565,-3.1897926829174565,-1.6048747773546257,-3.1897926829174565,-3.1897926829174565,-1.6048747773546257,-3.1897926829174565,-3.1897926829174565,3.5203223598349878,-0.147721751341793,-3.1897926829174565,-3.1897926829174565,-3.1897926829174565,1.5281370782782222,3.4806533272032727,-3.1897926829174565,-3.1897926829174565,-3.1897926829174565,0.6339122612649639,0.854620444699302,-3.1897926829174565,6.005304910420936,-3.1897926829174565,0.32091232938417136,7.570137702121704,-3.1897926829174565,4.923420351296135,-3.1897926829174565,-3.1897926829174565,-3.1897926829174565,-3.1897926829174565,-3.1897926829174565,-3.1897926829174565,0.6192786817511475,-3.1897926829174565,-3.1897926829174565,-3.1897926829174565,3.136962383113449,-3.1897926829174565,-3.1897926829174565,6.191217104503139,-3.1897926829174565,-3.1897926829174565,-3.1897926829174565,10.361002094213514,-3.1897926829174565,0.3566858031995981,-3.1897926829174565,3.9445602077456376,-3.1897926829174565,-3.1897926829174565,-3.1897926829174565,-3.1897926829174565,3.3271118738056398,-3.1897926829174565,2.8969357173789536,4.141528855515573,-3.1897926829174565,-1.560445925891928,-3.1897926829174565,5.826530730599597,5.729179992454084,-3.1897926829174565,1.4194734109615457,2.3011622662521187,2.8703901606574567
HSM7CZ1G,5.2254515131615795,2.525980177775465,0.7801027611672158,2.8168749350040923,5.286136394135396,-4.486281084882236,2.636775523565915,1.6360253771483126,-4.486281084882236,0.5114335032940094,1.7588077504210284,4.781460876308286,-1.4542541206086614,3.406759090089772,-4.486281084882236,2.9956716641350942,4.150209704138574,0.4287394142665697,6.620626017143775,-4.486281084882236,3.143091752388508,4.4348960073734585,-4.486281084882236,4.6959534818913085,6.318810376288532,2.7465352364885884,4.860249128827816,3.5424246396878463,1.609910024141696,-0.7855112183724895,2.452865998316489,-1.5108417335702455,-4.486281084882236,-4.486281084882236,-4.486281084882236,-4.486281084882236,-4.486281084882236,-2.710264550190221,-4.486281084882236,-4.486281084882236,-4.486281084882236,0.9009071503009292,-4.486281084882236,0.830076855719744,-4.486281084882236,0.6304346216261649,-0.038540557368731854,-4.486281084882236,1.0409574404427069,2.4809945976413585,-4.486281084882236,0.30600217641813465,2.450762893245958,2.8230029851683147,-0.21959035339655664,-0.7147842901509449,6.455163939575192,5.577159543556347,1.8655670002201878,7.163432591946193,-0.3658322557677387,2.8309894799950692,-4.486281084882236,0.195028585793116,-4.486281084882236,-4.486281084882236,3.578978544738346,-4.486281084882236,1.0875029436710282,0.12382525334245287,1.7921132229858943,3.0672025732385224,3.7269643793335803,-4.486281084882236,-4.486281084882236,4.957512846082747,-4.486281084882236,-4.486281084882236,-4.486281084882236,8.674305515914956,-4.486281084882236,3.098357072584365,-0.8677257340651625,0.3990072809914409,3.2852512719662057,-4.486281084882236,-4.486281084882236,-4.486281084882236,3.966427862439419,-4.486281084882236,2.012909039242584,4.190735331969168,-4.486281084882236,-4.486281084882236,-4.486281084882236,5.603239767196458,3.7393197909099785,-4.486281084882236,-4.486281084882236,0.9184989887327575,1.035040975101957
HSM7CZ24,5.923711754966233,4.366562407243891,-4.353345046624611,5.419777035774521,7.023950491357232,-1.4845402233020017,5.094626978738355,-4.353345046624611,-4.353345046624611,0.9962745294607025,-4.353345046624611,5.580333899694384,-4.353345046624611,4.107200083697788,-4.353345046624611,5.4955344329496505,-4.353345046624611,-4.353345046624611,-0.7666934095344189,-4.353345046624611,5.739033678225214,8.525958697582046,4.96457335737093,6.542635759585574,7.158181996770943,-4.353345046624611,-4.353345046624611,3.047015226197229,-4.353345046624611,3.9837623900204644,-4.353345046624611,-4.353345046624611,1.0399799457940802,-4.353345046624611,-4.353345046624611,-4.353345046624611,-4.353345046624611,0.1375404359623289,-4.353345046624611,-4.353345046624611,-4.353345046624611,4.761530950482205,-4.353345046624611,2.9070831202093643,-4.353345046624611,-4.353345046624611,1.7277507664090717,4.855692257630583,2.4425684999876456,3.8111856962018846,-4.353345046624611,2.7462334937182558,1.4529293428531034,-4.353345046624611,1.5981211622996199,-4.353345046624611,6.157610998275761,4.987506659381056,4.687457087933436,6.022454917567552,1.1711583812183832,2.1944734446678,-0.9400446091302985,-4.353345046624611,-4.353345046624611,0.9567871057133033,0.25251181951750823,-4.353345046624611,0.011606758734963307,0.9972668051143838,-4.353345046624611,4.135032628849405,0.9124425823026865,-1.1042437330881807,2.17907823668173,6.358042800526544,-4.353345046624611,2.273771952208101,1.8516044104435814,-0.2954994660448591,-4.353345046624611,2.7162879097868906,-4.353345046624611,-4.353345046624611,-4.353345046624611,2.4859090360876106,-4.353345046624611,-4.353345046624611,1.2419397205434741,4.437662848976086,3.5466145133584854,4.341121005992417,-4.353345046624611,1.7744165935931484,-4.353345046624611,5.8292688374419015,-4.353345046624611,-4.353345046624611,0.07593189481144869,1.9604710328213368,2.423335025601192
HSM7CZ26,6.4448017112141365,5.019031566136259,-4.10393402676374,5.708790207724382,7.385429861064386,-0.1935065747108098,6.087387182464885,0.15255428263847293,-4.10393402676374,-4.10393402676374,-4.10393402676374,5.75769050264924,-4.10393402676374,2.7945368127058146,-4.10393402676374,6.046721364340909,-2.6938692759139187,-4.10393402676374,-1.5984406111497886,-4.10393402676374,6.617300235775554,8.651659630004854,5.403118898516108,7.52890157423553,6.79685497394436,-4.10393402676374,-4.10393402676374,4.368049321695305,-4.10393402676374,5.46702595297902,-4.10393402676374,-4.10393402676374,1.213217121508725,-4.10393402676374,-4.10393402676374,-4.10393402676374,-4.10393402676374,-1.1190737151862074,-4.10393402676374,-4.10393402676374,-4.10393402676374,4.34068315456063,-4.10393402676374,4.362049241644737,-4.10393402676374,-4.10393402676374,0.22992811490945186,4.699249413234982,1.6025692905933333,4.320595805704602,-4.10393402676374,-4.10393402676374,-4.10393402676374,-4.10393402676374,3.456757099114302,-4.10393402676374,5.896680311202005,5.236532897096575,0.5860522431327215,6.108947175805111,0.73058196758641,1.8724514129184042,-4.10393402676374,-0.4461869015561124,-4.10393402676374,-0.17710231791361153,-1.912619514871471,-2.1453567450629496,1.2287938447189095,1.3106111079110576,-4.10393402676374,4.540606239554108,4.370852879090285,-1.5175487489013744,4.677093945034942,6.196393762996465,-4.10393402676374,1.6612002048870096,-4.10393402676374,-0.5065305406904557,-4.10393402676374,1.9855174919000262,-4.10393402676374,-4.10393402676374,-4.10393402676374,2.8360598789873084,-4.10393402676374,-4.10393402676374,0.7668414911591253,4.067271595324719,4.622518088756294,3.5303711410069543,1.2702998741117604,2.1133689445982826,-4.10393402676374,6.066858158881633,-4.10393402676374,-4.10393402676374,-4.10393402676374,0.492701784299598,2.1558883364777612
HSM7CZ28,6.479193362047278,4.32718425173254,-4.6037412801392765,5.277231802505343,6.892304290641671,-0.14363656933805302,5.135383426173025,0.41801274362113716,-4.6037412801392765,0.9906631974604085,-4.6037412801392765,6.030363918280834,-4.6037412801392765,2.578318624117774,-4.6037412801392765,5.2557091816108565,-2.0503189416536802,-4.6037412801392765,-1.6543696751226253,-4.6037412801392765,5.426659479694351,7.893044437612402,4.785532321688769,5.688080052515556,7.082549999721213,-4.6037412801392765,-4.6037412801392765,4.3704499595589,-4.6037412801392765,3.3566663821631977,-4.6037412801392765,-4.6037412801392765,0.5275883890488711,-4.6037412801392765,-4.6037412801392765,-4.6037412801392765,-4.6037412801392765,0.33665827584029273,-4.6037412801392765,-4.6037412801392765,-0.2264916879128389,4.069533118219762,-4.6037412801392765,3.496981552289295,-4.6037412801392765,-4.6037412801392765,1.087708507269495,5.15620459781736,2.0532338123230636,4.246027904719414,-4.6037412801392765,-0.9405202891597231,0.6679386208194877,1.961743271900139,2.975182567680058,-4.6037412801392765,5.7301527049075505,3.2768619988190792,2.4664441551785004,6.219454935600678,1.8749411581015822,1.0616620774372247,-1.3186112590131316,-4.6037412801392765,-4.6037412801392765,0.9398140321133415,1.2504710818628917,1.2838925569358661,1.3725789870844114,1.465115393605239,-4.6037412801392765,4.154810333021742,-4.6037412801392765,-2.668530370544886,4.69784222138375,5.828834707447722,-4.6037412801392765,2.339335638149419,-4.6037412801392765,-0.5463830883501419,-4.6037412801392765,2.445538960222386,-4.6037412801392765,-4.6037412801392765,-4.6037412801392765,3.021057200127723,-4.6037412801392765,-4.6037412801392765,1.5727148120816246,5.085816749348923,4.908969256995775,4.734473904952273,0.9863255668556157,1.4037782231800922,-4.6037412801392765,6.104289061730909,-4.6037412801392765,-4.6037412801392765,-1.322580295113859,1.251381013646971,1.7709060416372662
HSM7CZ2A,6.044419288371035,5.3470231307721345,-4.044175107223527,5.545850472926293,7.973703184963827,-0.07610305512137394,5.649780639157111,-4.044175107223527,-4.044175107223527,-4.044175107223527,-4.044175107223527,6.194040844505393,-4.044175107223527,3.432784627272726,-4.044175107223527,5.913900980191299,-1.7651230844009032,-4.044175107223527,-0.28583236875176077,-4.044175107223527,6.130429539157106,8.453019885042737,5.381375158895512,7.615533880876045,7.353010987222415,-4.044175107223527,-4.044175107223527,5.0830729318599275,-4.044175107223527,3.789202178199761,-4.044175107223527,-4.044175107223527,0.9708834624533189,-4.044175107223527,-4.044175107223527,-4.044175107223527,-4.044175107223527,0.43496050794295726,-4.044175107223527,-4.044175107223527,-4.044175107223527,4.6633488697775265,-4.044175107223527,4.0732633622688486,-4.044175107223527,-4.044175107223527,1.2145321906430198,4.92231879447954,1.0183460783179594,3.0570742172875702,-4.044175107223527,-4.044175107223527,-4.044175107223527,-0.49660671776460674,2.5331120563737297,-4.044175107223527,5.237790758324638,5.52132184469338,1.3361416786393256,5.614493449921694,1.7818536177640265,-4.044175107223527,-0.3376708738296177,-4.044175107223527,-4.044175107223527,-4.044175107223527,-0.29307536589599614,1.3816527260322697,0.9152821184745843,1.687476918667567,3.3658524440372455,5.1465813748933416,-4.044175107223527,-4.044175107223527,6.4748663846400945,6.3233223768251445,-4.044175107223527,2.3048127334329083,-4.044175107223527,0.8409344447493492,-4.044175107223527,-0.28583236875176077,-4.044175107223527,-4.044175107223527,1.7122454142558148,3.8445406819706056,-4.044175107223527,-4.044175107223527,0.9660797035063702,5.540799767610713,4.441047829921127,5.078252979152678,-4.044175107223527,0.9688275336148955,-4.044175107223527,5.804353049460842,-4.044175107223527,-4.044175107223527,-4.044175107223527,0.08230314005621508,0.4064785271951141
HSM7CZ2E,3.45151066104955,5.064412157707834,-4.226225874607932,5.634862996631769,7.40629762301068,-0.11336150997011529,4.786134113955689,-4.226225874607932,-4.226225874607932,-4.226225874607932,-4.226225874607932,6.3808184657679785,-4.226225874607932,3.6445885263772793,-4.226225874607932,5.915292086260381,-4.226225874607932,0.3728296042596675,0.051844600350522185,-4.226225874607932,6.336908340828889,7.990149546575476,5.563655833973306,7.889702269916549,7.373689362357961,2.302787971150803,-4.226225874607932,3.2288035930862566,-4.226225874607932,2.6320784361493628,-4.226225874607932,-4.226225874607932,1.3540737055299843,-4.226225874607932,-4.226225874607932,-4.226225874607932,-4.226225874607932,0.4341869956029498,-4.226225874607932,-4.226225874607932,-4.226225874607932,4.218780418241961,-4.226225874607932,3.224786997561682,-4.226225874607932,-4.226225874607932,1.4560360909009606,4.931843492014274,0.6395451844859839,1.8319789273355207,-4.226225874607932,1.450210225781838,-4.226225874607932,1.6253006529939924,1.0911924180174957,-4.226225874607932,5.991130730179759,5.623757883741958,2.420304912198233,5.747149659029988,1.9580543220873974,-4.226225874607932,-4.226225874607932,-4.226225874607932,0.4756793049140189,0.3412324660639321,-1.115991763612831,-4.226225874607932,-4.226225874607932,1.7686924075801302,-4.226225874607932,5.36639004203735,-4.226225874607932,-1.3327613243071337,5.504630348466191,6.267655091895721,5.3599177344424715,2.7882370456527186,-4.226225874607932,-4.226225874607932,-4.226225874607932,1.5633413949214585,3.460355761962509,1.259703068763967,2.9042579667414667,2.0231368667249914,5.582548160148093,-4.226225874607932,0.803576752198838,4.761961887336681,3.154578825646891,3.7440870979095164,-4.226225874607932,-4.226225874607932,-4.226225874607932,5.587597926725318,-4.226225874607932,-4.226225874607932,-4.226225874607932,-4.226225874607932,-4.226225874607932
HSM7CZ2H,2.855812542430005,5.027543919271626,-4.75802651129225,5.219319510751305,6.96831951441739,-4.75802651129225,-4.75802651129225,-4.75802651129225,1.5171493203542203,-4.75802651129225,-4.75802651129225,5.9253034719571875,-4.75802651129225,1.7350605169702424,6.31745758114473,-4.75802651129225,5.000281839557322,1.4950386819287207,-0.7462327234513335,-4.75802651129225,5.4677931957707635,6.956180779550515,3.605665560885128,5.602912262134134,6.417043993231966,1.7112258091586465,-4.75802651129225,-4.75802651129225,3.8247053705392737,2.5116448436336585,5.134919212330753,0.6018269353786856,-4.75802651129225,-4.75802651129225,-4.75802651129225,1.089837159251421,1.5757315965366034,2.0453456043897233,-4.75802651129225,-4.75802651129225,1.0432692657916824,3.64148832307636,0.8933247562008084,3.844728296189877,-4.75802651129225,3.6950510913792147,-0.6599477532488631,-4.75802651129225,2.2119897103964075,4.275077423594521,-4.75802651129225,5.619674378061935,-4.75802651129225,4.640583540225938,3.1806824485063583,-4.75802651129225,6.498525486032677,-4.75802651129225,3.87616413917259,6.177693544380805,3.0635865253279073,0.6619166808767094,1.6400900895228343,-4.75802651129225,3.8790019802422524,0.19822323898437588,-1.88451730517815,1.8966610594160498,-4.75802651129225,2.9798690400122716,-4.75802651129225,-4.75802651129225,4.543954150430377,-4.75802651129225,-4.75802651129225,5.927521764963254,-4.75802651129225,-4.75802651129225,-4.75802651129225,-4.75802651129225,0.04037147697875021,-4.75802651129225,1.1231034885761408,-4.75802651129225,1.3431358440186703,4.692794206775227,5.932142026674288,-4.75802651129225,-4.75802651129225,-4.75802651129225,3.086040304180976,4.090285166884955,1.244302473168438,1.856315648863517,2.1558663643754494,6.457120767612576,-4.75802651129225,-4.75802651129225,-4.75802651129225,-0.8386106551212116,-0.5663050337792761
HSM7J4G1,1.180536524909682,2.076573290111546,-4.710643678066685,3.8629933231305715,4.973872217391027,-4.710643678066685,2.9537310151241813,1.7943197411023721,-4.710643678066685,0.8726601227713662,-4.710643678066685,7.462633738218458,2.2141214558140403,6.002045044311426,-4.710643678066685,-4.710643678066685,-4.710643678066685,7.9054706245493875,-4.710643678066685,-4.710643678066685,2.2899484177832896,6.162324827149341,2.5053221910984798,3.9158463893992606,1.3496094806675316,3.8744098513428886,-4.710643678066685,-4.710643678066685,-4.710643678066685,2.3559286124518426,0.9168805897640713,-4.710643678066685,-0.5101552344741869,-4.710643678066685,1.3739855025841914,-4.710643678066685,-4.710643678066685,1.7562313197766128,3.4280971108045337,-4.710643678066685,3.3810287205507104,3.3812190659343164,2.2482823427190164,2.824793631075365,2.5534968839030796,2.5501525565363075,-4.710643678066685,1.7969524842368205,3.1450620132049822,4.150731005315618,-4.710643678066685,4.491151838590208,-4.710643678066685,3.9608889443674506,2.8831513416865233,0.7114458590463961,6.699825701003207,5.3623209671253935,-4.710643678066685,5.540762016861923,0.6558929426401789,-1.2548745798114194,-4.710643678066685,-4.710643678066685,-4.710643678066685,1.2923606589831689,4.999942381554712,1.4764462238437774,-0.33267388438741285,1.5346027803249038,-4.710643678066685,-4.710643678066685,3.8940329368368793,4.908255972253388,-4.710643678066685,5.488734473746174,-4.710643678066685,0.4273670197642563,-4.710643678066685,1.768877260546649,-4.710643678066685,-0.36439542404241543,1.9107122485643933,2.716611015680603,1.0636714915481331,-4.710643678066685,2.667841343599176,-4.710643678066685,3.1093631352409083,4.177195191738798,2.8155655231103536,6.371770085442736,-4.710643678066685,-4.710643678066685,2.4114858093444083,5.577667310138596,-4.710643678066685,-4.710643678066685,-4.710643678066685,-4.710643678066685,-4.710643678066685
HSM7J4G8,-4.143681864300422,4.578321406980118,-4.143681864300422,5.892496822962445,7.146970602438022,0.7875498951845472,5.282989633129831,-0.7330569424129152,-4.143681864300422,-4.143681864300422,-4.143681864300422,5.726568532494908,4.817291455864873,6.808665807891433,-4.143681864300422,-4.143681864300422,-4.143681864300422,3.868779635648238,-4.143681864300422,-4.143681864300422,4.994903899835958,7.310430647874136,4.688176868858499,6.222950362967534,0.9423222792720551,2.1448736451579986,-4.143681864300422,-4.143681864300422,-4.143681864300422,2.149231505862061,2.931269006351772,-0.6550133327248613,2.7993297809679714,-4.143681864300422,-4.143681864300422,-4.143681864300422,-4.143681864300422,-4.143681864300422,-4.143681864300422,-4.143681864300422,-4.143681864300422,0.2178689751016698,-4.143681864300422,0.12655384923682966,-4.143681864300422,0.6749944566160426,-4.143681864300422,4.199302110900361,1.8670263178469941,1.9626853475167216,-4.143681864300422,1.7586137158803625,0.5559541734153228,5.172790277341375,-0.28990994318861674,-4.143681864300422,7.311355162507696,8.521990015290095,-4.143681864300422,7.3069970330466925,-4.143681864300422,1.758905784189869,-4.143681864300422,-4.143681864300422,0.599714150437844,0.012751150481859597,4.12632739168445,-4.143681864300422,-4.143681864300422,1.3147920796148647,2.587404040396181,4.876608828426286,3.66193548671478,5.126372941991176,-4.143681864300422,6.662793488385427,-4.143681864300422,2.4993412327713447,-4.143681864300422,-4.143681864300422,-4.143681864300422,4.282550680941472,5.555736001943651,3.231589594499815,-4.143681864300422,-4.143681864300422,4.14320778547213,0.8661462883875686,2.2427548003718503,3.4703952307122243,1.4916841535383583,4.1667975127637,-4.143681864300422,-4.143681864300422,-4.143681864300422,5.292585044245969,-4.143681864300422,-4.143681864300422,-4.143681864300422,1.7355654788627977,-0.3315482594312602
HSM7J4HA,4.98401548156388,3.194088559157464,2.7440875520961328,2.913903229884558,5.824045150289129,-4.840212613335016,2.447940759259809,-4.840212613335016,-4.840212613335016,1.039399058944313,2.4497114771283703,5.267410009844917,2.4744244318375745,5.003725852666731,-4.840212613335016,4.447420210493994,3.477880226368689,0.14720213909386892,6.818281520655019,-4.840212613335016,4.576028387269538,3.552829153439429,-4.840212613335016,4.904803845656932,6.507976708188241,4.002933390475813,4.8834723311847785,-2.7561431537952163,2.6632709977493967,-0.7013883128013276,2.5715478466903248,-1.6534421180985603,-4.840212613335016,-4.840212613335016,-4.840212613335016,-4.840212613335016,0.4963261327710242,3.6002724189262496,0.8297210916797084,-4.840212613335016,1.6922037900384215,-4.840212613335016,0.6979578047578983,1.4284963254480614,0.2241881447737839,-1.7441225824090232,-0.1961677545745033,-4.840212613335016,1.3605071023906792,3.2341353245293867,-4.840212613335016,2.033025356225189,0.9570554284368704,0.6886876365130732,-4.840212613335016,-4.840212613335016,4.8702254394715085,3.185850816850097,2.1685818289811767,7.568417041948966,0.9400456437360507,1.837611604649223,-4.840212613335016,-0.7941235937875888,-4.840212613335016,-4.840212613335016,2.3766793211183446,-2.2867152497370036,-4.840212613335016,0.5855087237987533,1.6437918037768462,3.8092766874413577,2.378761598992183,-4.840212613335016,-4.840212613335016,5.704492664362894,-4.840212613335016,-4.840212613335016,0.18522010751912177,7.556831413225439,-4.840212613335016,0.8216000004255921,3.933088580741214,0.5244458475889608,-4.840212613335016,-4.840212613335016,-4.840212613335016,-4.840212613335016,2.94487691950499,-4.840212613335016,1.563923538762074,3.38901570281289,0.6238909220438114,-0.8049791083377968,-4.840212613335016,5.132011107967809,3.043560370404296,-4.840212613335016,-4.840212613335016,-0.6147214019664933,0.35213695301001735
HSM7J4HC,6.616835754553822,3.8551735339380553,2.199812063780181,3.2408258163168107,6.918770236931266,-4.21176347845938,3.683072546412834,1.4466995194136913,-4.21176347845938,0.49629680110929897,2.605953736423551,6.280161766554093,-1.0776880202746746,5.783642565681335,-4.21176347845938,5.266493967519819,5.304687154984425,0.4338608317490831,8.26372220371793,-4.21176347845938,4.89080200983679,5.682845612675122,-2.8191269818832883,4.40347766917241,7.499427216163206,4.106358620828321,6.4592912851921644,0.13414873565177565,3.1346054630525364,0.428794978752725,3.3668089000420505,0.10999306251090424,-4.21176347845938,-4.21176347845938,-4.21176347845938,-4.21176347845938,-4.21176347845938,0.2514387590632676,-4.21176347845938,-4.21176347845938,-0.22501174344929353,-4.21176347845938,-4.21176347845938,1.9478247084800806,-0.15205575675627792,1.3982901361151931,-4.21176347845938,-4.21176347845938,2.296915753561936,3.5449901239944532,-4.21176347845938,1.4644344944516412,-4.21176347845938,-4.21176347845938,1.6573221730624512,-4.21176347845938,5.502398351256095,0.7292185740870103,-4.21176347845938,6.539538595165867,1.0932183845909815,1.5166828401911854,-4.21176347845938,-4.21176347845938,-4.21176347845938,-4.21176347845938,-0.0026508071286777124,-4.21176347845938,0.5804754150521543,-0.3468918299381407,1.7753280923842745,4.9446482058326655,3.228931056732484,-4.21176347845938,-4.21176347845938,6.451965550417291,-4.21176347845938,-4.21176347845938,-4.21176347845938,7.866060494971929,-4.21176347845938,-4.21176347845938,2.190914632928447,0.9614217010951354,-4.21176347845938,-4.21176347845938,-4.21176347845938,-4.21176347845938,1.6923801428160985,-4.21176347845938,3.2128218870467826,3.8449275010865955,1.7458314051295183,-4.21176347845938,-4.21176347845938,4.565250008035349,4.515310441480777,-4.21176347845938,-4.21176347845938,-0.2674013051908304,-0.5579724205388654
HSM7J4HE,4.545234877083372,2.7670301985384915,-0.3087744460824542,2.1552838627846196,5.889365454348029,-3.6332651084694287,2.5303193090386946,2.5050031423333934,-3.6332651084694287,-3.6332651084694287,1.0501557745546855,5.721353471908598,-3.6332651084694287,4.65937493871901,-3.6332651084694287,4.484991214181322,5.185117300643027,-3.6332651084694287,7.487294703210108,-3.6332651084694287,4.569925622438985,5.9342824376261545,-3.6332651084694287,5.384718607730774,7.279033725514479,3.5092573973067633,5.3934651576435435,-3.6332651084694287,2.0761454791556524,-3.6332651084694287,2.7153898441488913,-3.6332651084694287,-3.6332651084694287,-3.6332651084694287,-3.6332651084694287,-3.6332651084694287,-3.6332651084694287,4.486290794664211,-3.6332651084694287,-3.6332651084694287,-3.6332651084694287,-0.40005745802870685,-3.6332651084694287,1.7386685700734237,-3.6332651084694287,0.7550683565138758,0.9325479734302355,-3.6332651084694287,3.799374365222884,5.005876859046678,-3.6332651084694287,-3.6332651084694287,1.3810886474210644,2.9388194985207905,-3.6332651084694287,1.2036256109574293,6.290317193647905,2.0873310505051244,0.10645603848780638,7.2147133947896585,0.7135718747695883,2.2671831840369814,-3.6332651084694287,-0.543709183385447,-3.6332651084694287,-3.6332651084694287,1.3558172994068869,-3.6332651084694287,1.2065053799813636,0.056261138859305504,2.3991265362078327,-3.6332651084694287,3.1809649855101085,-3.6332651084694287,-3.6332651084694287,6.61804034387468,-3.6332651084694287,-3.6332651084694287,2.894978292481091,9.777684360609333,-3.6332651084694287,2.8070848673474735,-3.6332651084694287,2.1197715970863733,-3.6332651084694287,-3.6332651084694287,-3.6332651084694287,-3.6332651084694287,0.09487013287888146,-3.6332651084694287,3.3263654584095015,3.524946975366114,-3.6332651084694287,-3.6332651084694287,-3.6332651084694287,5.292108198974318,4.23106479603911,-3.6332651084694287,-3.6332651084694287,-3.6332651084694287,-3.6332651084694287
HSM7J4HG,4.655012550310189,0.5003477855274845,0.9758244726478136,-4.901283227805164,5.567293657465196,-4.901283227805164,1.4311839606024037,1.174143742355434,-4.901283227805164,-4.901283227805164,1.1295746608129562,4.561255249693277,-1.2995289233428942,3.688493580046215,-4.901283227805164,3.0156971200474887,3.780229396458008,0.8744694925367629,6.843258066118723,-4.901283227805164,2.0409419239700455,4.40835209734998,-4.901283227805164,4.637568820497697,6.723848767062176,-0.3111678939829847,3.5462268609140413,-0.2744958427278501,3.618110442744851,-2.0938727440246137,3.0694220232186034,-0.5056114079165379,-4.901283227805164,-4.901283227805164,-4.901283227805164,-4.901283227805164,2.2912207863574734,4.473495848226662,-4.901283227805164,-4.901283227805164,-4.901283227805164,2.5723060865399665,-4.901283227805164,1.955198360095129,-0.002188351643944486,0.9220451446947937,0.8124464979350208,-4.901283227805164,2.2025635577132645,3.2978306494300593,-4.901283227805164,3.790312616076,1.9105709832190163,2.3864916151415123,-0.11838174903729914,-0.9429306967016995,5.435023045692697,3.88440512402405,0.7729093736070869,7.373452872355962,-0.7383696263606225,5.783016943251744,-4.901283227805164,0.5776837790553149,-4.901283227805164,-4.901283227805164,2.2628250195055974,-4.901283227805164,0.7777565371888162,0.0700293106266976,1.0447891480746438,3.1844633698049423,2.703050258723663,-4.901283227805164,-4.901283227805164,6.228358317270162,-4.901283227805164,-4.901283227805164,-4.901283227805164,7.09333873755778,-4.901283227805164,3.274172381612395,-4.901283227805164,0.48879487483525175,-4.901283227805164,-4.901283227805164,-4.901283227805164,-4.901283227805164,3.563585082952276,-4.901283227805164,3.2052053059751096,3.219737879809088,1.0825697028876107,-4.901283227805164,-4.901283227805164,5.033598275222847,4.164604309347477,2.3186253239989254,1.732355157214167,4.9392415230477535,4.762131739468841
HSM7J4HI,5.403049755480034,3.109511431464357,2.2264866175448903,2.857910620457541,5.967653186878994,-4.707066484863034,2.783244333737324,-4.707066484863034,-4.707066484863034,1.1405143346250108,2.7432902858625328,5.4899101390606795,2.072348760150599,5.030908786983219,-4.707066484863034,4.569070861634004,5.1768617795429535,0.4789971364041161,7.485167665638348,-4.707066484863034,4.56538036964619,5.136544391040568,-0.39909539902528834,4.70649150841543,6.7191076893685,3.854009438579654,5.296105097279049,-1.3947944145957845,2.2383412897984156,0.14681422599617733,3.459622507253651,0.43536807462242777,-4.707066484863034,-4.707066484863034,-4.707066484863034,-4.707066484863034,-4.707066484863034,-0.3339592865848182,-4.707066484863034,-4.707066484863034,-1.390012004395368,-1.1308825459102128,-4.707066484863034,1.6205431361990899,-4.707066484863034,-4.707066484863034,1.0031009192154006,-4.707066484863034,1.555982677560757,2.659829535256943,-4.707066484863034,0.24727872205595958,1.468802623519946,2.2045778063813835,-2.8936126493459895,-0.5961908087812109,5.842766701177041,4.69376123834928,1.543621580693527,7.217855095163535,0.7744510813907386,2.6389116095348237,-4.707066484863034,-1.3947944145957845,-0.09847926098314552,-4.707066484863034,1.0627355159379892,-4.707066484863034,-4.707066484863034,-0.14683678952908075,0.6712549363135967,4.124950813328138,2.995741046293091,-2.506920559398173,-4.707066484863034,5.712505480971434,-4.707066484863034,-4.707066484863034,2.1453170044731005,7.433969426795557,-4.707066484863034,1.016520453176355,3.9426699774255436,1.8384740472761392,2.2349140641378895,-4.707066484863034,-4.707066484863034,-4.707066484863034,3.34698972310217,-4.707066484863034,2.3077260625691256,3.3143038803123765,-4.707066484863034,-4.707066484863034,-4.707066484863034,5.4097957245649635,3.797885485869382,-4.707066484863034,-4.707066484863034,-4.707066484863034,-0.8870415531592393
HSM7J4HK,6.314398373756118,3.2870164252046745,3.4661610367161657,3.0603353125751083,5.93756403684633,-3.2274587855349157,4.075444952983092,-5.036896159725364,0.6011715877717254,-5.036896159725364,2.790450837959951,4.957673395893362,5.19259207709547,4.6093421421461604,-5.036896159725364,4.70687142211428,4.5850199446699635,-3.2737152136404433,7.055080291124029,-5.036896159725364,5.312555022801952,5.6902819401142875,-3.399683690751935,3.830587376410782,6.482952125695493,4.7303410532060255,5.570817589199829,-5.036896159725364,2.675396573538591,1.0769480690560762,3.608829696228674,0.7196507240870424,-5.036896159725364,-5.036896159725364,-0.9367063196063867,-5.036896159725364,-5.036896159725364,4.61361747066908,-0.9551721492774448,-5.036896159725364,1.3093762400359834,1.895441084110768,-1.9219480773245916,0.6922183485642339,1.0547197517070783,-5.036896159725364,-5.036896159725364,-5.036896159725364,1.5202360387891876,2.8740756676473804,-5.036896159725364,2.4052833644243643,-5.036896159725364,1.2764109115945912,-0.575862744934371,-0.5245889760443205,4.492613207966276,5.117651952504947,3.3887659138603805,6.407664110556785,-0.27757340924745044,0.7051433487105836,-5.036896159725364,-2.987483733151377,-5.036896159725364,-5.036896159725364,-0.9763621290694164,-0.4874235126049715,-5.036896159725364,-0.9621857033745069,-5.036896159725364,4.319289625433676,3.516847637454288,-5.036896159725364,-5.036896159725364,4.168432531786683,3.7716911780415874,-5.036896159725364,1.3610174089579647,6.05403492767446,-5.036896159725364,-5.036896159725364,1.359407378562003,0.1878746041310464,0.8049423089417687,-5.036896159725364,-5.036896159725364,-5.036896159725364,3.61586912623736,-5.036896159725364,2.1873482555746246,3.2225543623093253,2.617966634921916,-1.8741049211929273,-5.036896159725364,5.175748251234526,2.650897254374537,-5.036896159725364,-5.036896159725364,0.11708916349242848,0.33923640950178324
HSM7J4HW,4.603389145057304,4.90999095465605,-4.776778732677945,5.6808490676841235,7.160506387073859,-0.4689988232361202,5.3128527888975,-4.776778732677945,2.377491218080034,2.049255242610606,-4.776778732677945,5.622135010252414,-4.776778732677945,4.238036418770163,-4.776778732677945,4.65603479479107,-4.776778732677945,2.2749520218407664,-1.141950242164297,-4.776778732677945,5.2635538050453015,7.07404829932077,4.972681496391574,6.831734772060504,6.5989654290018995,-0.7380302529409324,-4.776778732677945,4.376491989908139,-4.776778732677945,3.563446894709128,-4.776778732677945,-4.776778732677945,0.6554520106416337,-4.776778732677945,-1.0386868528651139,-1.9093002114386959,-4.776778732677945,1.998678046045586,-4.776778732677945,-2.2642114438609298,1.8677766399995415,4.173703980930971,-0.7921274243518752,4.305051779420379,-4.776778732677945,-4.776778732677945,2.1832380256451467,4.05263916746386,-3.011396894854954,3.4603164159186592,-4.776778732677945,1.5439467343683528,-4.776778732677945,0.984660352239688,2.7669429128867646,-4.776778732677945,3.9837052335739536,4.698808652370848,-0.8992565534110675,4.863177930748263,1.1296099399087955,-4.776778732677945,0.5535261941246681,-4.776778732677945,-4.776778732677945,0.37356777415966036,-2.398097205585456,4.558079127543113,-0.5028667340487303,1.0584045230301244,-4.776778732677945,4.680927064221108,3.27398123584239,-0.9164722708427124,6.538573859612578,6.129318529209111,-4.776778732677945,1.818159492855128,-4.776778732677945,-1.7675305309903067,-4.776778732677945,-0.4456846470067912,1.5269344443658603,-2.324469016987285,2.3971111013232127,1.0760211093505996,5.777500176306656,-4.776778732677945,1.1388247854271576,3.6777283667360905,3.625704490404507,4.226757327173111,-4.776778732677945,-4.776778732677945,-4.776778732677945,5.1410915883142,-4.776778732677945,-4.776778732677945,-4.776778732677945,-4.776778732677945,-4.776778732677945
HSM7J4HY,3.278810686044718,3.7160526134174034,-3.972326972048579,5.72032793473775,6.9385003920824015,-3.972326972048579,3.9534892023050974,-3.972326972048579,-0.3880892883858422,-3.972326972048579,-3.972326972048579,7.033533487097769,-3.972326972048579,3.596504185463248,-3.972326972048579,6.61683001501013,-1.9792583119684561,-3.972326972048579,-0.20525003040379275,-3.972326972048579,6.549814478461596,8.667917873762347,6.1413590593015,8.175742333566639,7.642888025307213,1.8084674281331985,-3.972326972048579,2.8341340361800063,-3.972326972048579,1.6576282052324682,-3.972326972048579,-3.972326972048579,1.725130381252436,0.5319106525128436,-3.972326972048579,-0.21299213744326195,-3.972326972048579,1.1153179651357892,-3.972326972048579,-1.2785131567371568,-3.972326972048579,1.591651917981343,-1.2785131567371568,2.9785875877056514,-3.972326972048579,-3.972326972048579,2.46027881834556,4.338499137135432,0.20960261537776148,1.733302809484389,-3.972326972048579,-3.972326972048579,-3.972326972048579,2.79856356900527,0.9556606312169258,-3.972326972048579,6.42743244401855,4.547714230921466,3.0265153005058725,5.608268105603499,1.4650380657800728,-1.1649106088244174,1.073265322139683,-3.972326972048579,1.212685476963479,-3.972326972048579,0.7723713465562501,-2.5580741364604105,-3.972326972048579,2.072362121272625,-3.972326972048579,5.140576085581899,-3.972326972048579,-1.9792583119684561,4.325706487261915,6.632797459036841,-3.972326972048579,3.642724083020262,-3.972326972048579,-0.7483067065539988,-3.972326972048579,5.413797758912809,1.794993363647773,2.7174577062192826,-3.972326972048579,2.66770602643769,3.774328268601714,-3.972326972048579,-3.972326972048579,3.0490987011992194,1.894878264593209,1.0675222782162503,-3.972326972048579,-3.972326972048579,-3.972326972048579,5.5331537337753325,-3.972326972048579,-3.972326972048579,-3.972326972048579,-3.972326972048579,-3.972326972048579
HSM7J4I3,-3.764266927851562,-3.764266927851562,-3.764266927851562,4.494005977926467,-3.764266927851562,-3.764266927851562,-3.764266927851562,-0.22298512365001244,-0.2894935337758753,1.9889952749572188,-3.764266927851562,8.287902383145846,-3.764266927851562,-3.764266927851562,-3.764266927851562,-3.764266927851562,-3.764266927851562,-3.764266927851562,-3.764266927851562,-3.764266927851562,7.464831728967754,8.673616681683296,-3.764266927851562,8.34073794196444,6.959556077100466,5.606385990036651,-3.764266927851562,3.365416762145342,-3.764266927851562,2.557141615658754,-3.764266927851562,-3.764266927851562,-3.764266927851562,-3.764266927851562,1.6193697690888413,2.136403015812739,-3.764266927851562,2.5981964813466982,2.129749091133035,0.9084122424367074,2.510724464295362,-1.262501399544858,2.6327658389163426,-3.764266927851562,-3.764266927851562,1.665112063366962,-3.764266927851562,4.858253094749703,0.11606830917911815,2.737589496356989,-3.764266927851562,2.7590186507349914,2.7461863064320413,3.4138645841164603,-3.764266927851562,0.9598985937306992,3.8884912812998342,-3.764266927851562,-3.764266927851562,7.386867314933111,3.9909682058135036,2.087708278620859,-3.764266927851562,-3.764266927851562,1.0716987996350298,-3.764266927851562,4.36090754432585,2.8621838868770357,1.3606007399851574,2.865388201701263,1.8552308834871507,-3.764266927851562,4.574040825142595,-3.764266927851562,-3.764266927851562,-3.764266927851562,7.483422913219719,-3.764266927851562,1.56656087589276,-3.764266927851562,-3.764266927851562,2.5254391923759822,6.9443060020041045,3.880263517518057,-3.764266927851562,-3.764266927851562,-3.764266927851562,-3.764266927851562,-1.1165453147646378,3.350428993482608,0.8370516160553549,3.2921350072511304,1.3189256720414768,-3.764266927851562,-3.764266927851562,5.982900397276427,-3.764266927851562,2.3699426137175044,1.9627155988746274,5.312291504620551,5.151398679323618
HSM7J4I5,3.2086216161985295,5.834191748816127,-4.080276012029707,6.662098095587211,7.741530800070139,0.44085956937489534,6.35798989413884,-1.3407558390647818,-4.080276012029707,2.198623957595937,-4.080276012029707,6.193952472719668,-4.080276012029707,3.4963285975808747,-4.080276012029707,5.338253117616201,-4.080276012029707,-4.080276012029707,-0.8756423740466808,-4.080276012029707,6.18584531332209,8.189761068081756,4.689283878875888,7.755340576483067,7.308305940174356,-4.080276012029707,-4.080276012029707,4.989122728902783,-4.080276012029707,4.524374783314496,-4.080276012029707,-4.080276012029707,0.45882547438037236,-4.080276012029707,-4.080276012029707,-4.080276012029707,-4.080276012029707,-4.080276012029707,-4.080276012029707,-4.080276012029707,-4.080276012029707,4.640167167440218,-4.080276012029707,5.018689356173453,-4.080276012029707,-4.080276012029707,2.003110613855185,4.7953990763118925,0.1926479410887456,3.049532381500325,-4.080276012029707,0.6423334070240632,3.013778196544341,2.7837066010248073,2.070842083450132,-4.080276012029707,6.134666005231462,6.298429089103974,2.5073008411383215,5.506038844031399,-4.080276012029707,-4.080276012029707,0.03912629732348094,-4.080276012029707,-4.080276012029707,-4.080276012029707,0.01166146239472532,-4.080276012029707,-2.0165593646611075,1.634102200695347,-4.080276012029707,5.349415834882959,4.826866777506536,-4.080276012029707,5.428555592427526,6.651461758235269,-4.080276012029707,2.1460815953250183,-4.080276012029707,-4.080276012029707,-4.080276012029707,3.6708945735993375,0.2099245073651801,-4.080276012029707,-4.080276012029707,2.7977554189750995,5.498997526851228,-4.080276012029707,0.8596057830589299,4.884185365201631,3.7220453380368212,4.303998198805937,-4.080276012029707,-4.080276012029707,-4.080276012029707,5.500875750880921,-4.080276012029707,1.194671514517081,-4.080276012029707,-4.080276012029707,-2.954246590066546
HSM7J4I7,4.01541543710685,4.910966014492938,-4.3013241009671965,6.174108465343041,8.165921495707956,-0.026669090467743573,5.408822528621394,-4.3013241009671965,0.5609401744042604,3.4101867001431625,-4.3013241009671965,5.407165051986137,-4.3013241009671965,3.392268699039696,-4.3013241009671965,5.63099578941275,-0.9730462801918414,-0.38571672538793145,-0.6607239382573429,-4.3013241009671965,6.481750239159655,7.4584031773156285,4.991504868086261,7.002474692265068,6.932171076724618,-4.3013241009671965,-4.3013241009671965,4.4583204722258545,-4.3013241009671965,1.448949826952333,-4.3013241009671965,-4.3013241009671965,-4.3013241009671965,-4.3013241009671965,-4.3013241009671965,-4.3013241009671965,-4.3013241009671965,-0.7417103427791876,-4.3013241009671965,-4.3013241009671965,-4.3013241009671965,5.556828128500525,-4.3013241009671965,3.1243456053007685,-4.3013241009671965,-4.3013241009671965,2.3434455489017765,5.352036853089821,-0.5882998150671863,3.1363944686996366,-4.3013241009671965,0.4577542614717931,-4.3013241009671965,-0.7017940440894925,2.5801484246016786,-4.3013241009671965,4.230652808623181,5.114031382459995,3.134104867013127,5.941815031289194,-1.6204052700867084,-4.3013241009671965,-4.3013241009671965,-4.3013241009671965,-4.3013241009671965,1.0290304301652533,-0.12843443191786008,-4.3013241009671965,-4.3013241009671965,0.5727301640113609,2.5741473203888834,4.966789137092572,3.39296740430476,-2.0092682616264295,5.80828248452093,6.396007153393516,5.836570091070996,1.423246388254313,1.2818531814152347,-4.3013241009671965,-4.3013241009671965,1.4819098523896965,-0.2190641196212617,1.7594057082537589,-4.3013241009671965,1.4784412184850364,5.8753424794086,-4.3013241009671965,2.282719347026447,5.53224794960707,4.080118268968707,4.4627714150199855,-4.3013241009671965,-4.3013241009671965,-4.3013241009671965,5.955566578365821,-4.3013241009671965,-4.3013241009671965,-4.3013241009671965,-4.3013241009671965,-4.3013241009671965
HSM7J4I9,4.980042456040087,4.618942510971257,-4.4653304578763695,5.748038022029775,7.971198736431676,-1.6778084031615528,5.70705113530551,0.2865927125867138,0.44185927309353623,4.143336134369371,-4.4653304578763695,5.308517728962588,-4.4653304578763695,3.359909162932876,-4.4653304578763695,5.646508638482841,-4.4653304578763695,-4.4653304578763695,-2.488944862932721,-4.4653304578763695,5.896987840539484,6.646111782273624,5.1993596870073295,6.727457401448065,6.231757579130663,-4.4653304578763695,-4.4653304578763695,4.737746189995411,-4.4653304578763695,3.2603757291036626,-4.4653304578763695,-4.4653304578763695,-0.36005548571046475,-4.4653304578763695,-4.4653304578763695,-4.4653304578763695,-4.4653304578763695,0.18841891392894894,-4.4653304578763695,-4.4653304578763695,0.20170217845212157,5.083564703483821,-4.4653304578763695,4.229549632099747,-4.4653304578763695,-4.4653304578763695,2.868993092443932,5.02792745224182,-0.04988877866373009,3.5293087525067284,-4.4653304578763695,-4.4653304578763695,0.1454843713624463,1.7109174994285548,3.2018314662008818,-4.4653304578763695,5.078477346844852,4.25586128305661,3.1394457244413143,6.081796817647447,-0.4626697410155085,-4.4653304578763695,0.38700815603590044,-4.4653304578763695,-4.4653304578763695,-4.4653304578763695,-4.4653304578763695,-4.4653304578763695,0.9314151664368868,0.0837981708395148,1.8528793044977938,4.719604820641423,3.157951051608406,-4.4653304578763695,6.389552018714168,6.624668231459533,5.659003973626209,1.961561500500089,-4.4653304578763695,-1.4374933322419903,-4.4653304578763695,0.37281203486672254,1.4473213764102795,0.6888858307814694,1.7840281350223934,-0.32274215956333663,6.346768116337291,-4.4653304578763695,0.6935075163624411,5.581889511243192,3.8071784232410524,4.077297024945829,-4.4653304578763695,-4.4653304578763695,-4.4653304578763695,6.121279675682226,-4.4653304578763695,-4.4653304578763695,-4.4653304578763695,-4.4653304578763695,-4.4653304578763695
HSM7J4IU,1.248071676191735,4.679333166374009,-4.489571155382073,5.948920999131282,6.793908111689123,0.719100826513964,5.267728228705348,0.09065936423564125,-4.489571155382073,-4.489571155382073,-4.489571155382073,6.606283745907675,4.431187695698367,6.624941395393755,-4.489571155382073,-4.489571155382073,-4.489571155382073,3.8483860578144284,-0.6922131600474586,-4.489571155382073,4.494180172168606,6.961856962862731,4.51083713201167,5.82816471331682,1.2957213162309635,3.010986353956831,-4.489571155382073,-4.489571155382073,-4.489571155382073,2.330121184881908,2.1136241393257587,-4.489571155382073,2.4136343593448997,-4.489571155382073,-4.489571155382073,-4.489571155382073,-4.489571155382073,-4.489571155382073,-4.489571155382073,-4.489571155382073,-4.489571155382073,2.233765476532609,-4.489571155382073,0.8407049218680527,-4.489571155382073,1.859844642688234,-4.489571155382073,4.396233175464317,0.8112544598956024,1.7250931289741898,-4.489571155382073,1.988503898973395,1.8006137106276636,5.360212902345644,1.4717643513997736,-2.529243504350209,6.890639679209384,7.194177013796526,-4.489571155382073,7.625491396619962,-4.489571155382073,1.3602142699103776,-4.489571155382073,-4.489571155382073,-4.489571155382073,1.1153513926240564,3.902747987265209,-4.489571155382073,-4.489571155382073,0.9500582495628027,2.2275882995724956,4.679764630674331,3.8267240916929532,5.091223775214893,-4.489571155382073,6.676187123655815,-4.489571155382073,2.5020933441709516,1.222107072402748,-4.489571155382073,-4.489571155382073,3.332449577859948,4.392200526906802,2.7513199390118555,-4.489571155382073,-4.489571155382073,4.723986773820113,-0.21536967668546225,2.6506007121227837,3.2993280547767654,2.103675548732677,3.400603084741636,-4.489571155382073,-4.489571155382073,0.3594021840521986,5.103901553201514,-4.489571155382073,-4.489571155382073,-4.489571155382073,1.6146152103395632,1.2967251046660184
HSM7J4IW,2.4393971883100605,4.906485968623465,-4.287377704586017,6.351913723412265,7.1549089326037105,0.30071842203270194,5.525836596816005,1.534103345244687,-4.287377704586017,1.175131484507709,-4.287377704586017,5.637306314950518,5.650733551983962,6.638135320734719,-4.287377704586017,-4.287377704586017,-4.287377704586017,2.603688963696163,-2.2036643875980104,-4.287377704586017,5.724079244621521,6.518519761999743,4.582713223813462,6.652965709115585,0.780546433907217,3.1925644180220427,-4.287377704586017,-4.287377704586017,-4.287377704586017,3.138505157707778,1.6533457038430495,-4.287377704586017,2.0413370251454115,-4.287377704586017,-4.287377704586017,-4.287377704586017,-4.287377704586017,-4.287377704586017,-4.287377704586017,-4.287377704586017,-4.287377704586017,-4.287377704586017,-4.287377704586017,1.37675689226986,-4.287377704586017,0.7765124967977961,-4.287377704586017,4.192884525563125,1.2386411983596624,2.233486968135029,-4.287377704586017,2.5891704570140623,1.528402405368384,5.0289323593879605,1.5385150485203614,-4.287377704586017,7.491604877998736,7.822006229170857,-4.287377704586017,7.557392895382701,-4.287377704586017,2.6968551711981013,-4.287377704586017,-4.287377704586017,-4.287377704586017,-4.287377704586017,4.076483956490121,-4.287377704586017,0.2974606751331965,0.09300800137338783,-4.287377704586017,4.778026998608394,3.745575947696672,4.990689502179891,-4.287377704586017,6.584171265271043,-4.287377704586017,2.209666422267764,2.20805802807822,-1.1965097031808085,-4.287377704586017,3.758499584454821,5.5691416611775875,3.106839152459063,-4.287377704586017,-4.287377704586017,4.007836029582875,-2.1148666927021065,1.2995557872794858,3.9029910475543854,1.9325556450982866,3.376714789377826,-4.287377704586017,1.051076094178649,-4.287377704586017,5.032940979635944,-4.287377704586017,-4.287377704586017,-4.287377704586017,0.1638333543801842,-2.586940857857167
HSM7J4KC,2.3713741677598854,2.789557334683259,-3.341433844769103,1.935740385820072,5.833233220647772,-3.341433844769103,3.7814849441134175,0.47055053775285494,-3.341433844769103,-3.341433844769103,3.02431562469111,5.837666629073033,-3.341433844769103,4.42799012905785,-3.341433844769103,4.304496233802723,5.796257677349473,5.430620878267425,7.405337997085284,-3.341433844769103,5.291652230944597,6.049062228760712,-3.341433844769103,4.553612178364195,7.196146211767877,4.314664093469095,5.539908685716307,-3.341433844769103,2.928766707527168,1.4635714091921166,2.392562244320626,-3.341433844769103,-3.341433844769103,-3.341433844769103,-3.341433844769103,-3.341433844769103,-3.341433844769103,-3.341433844769103,-3.341433844769103,-3.341433844769103,2.3929299869800538,-3.341433844769103,-3.341433844769103,2.2989349584617766,-1.607508172663346,-0.02729936839955549,-3.341433844769103,-3.341433844769103,2.0425058367619453,3.0820627635608195,-3.341433844769103,5.436754325789658,2.504163636484101,4.516490622812728,-3.341433844769103,-3.341433844769103,6.362928883054726,2.9739871891843466,1.7617235704194663,7.787735655194321,-3.341433844769103,1.7449960279051329,-3.341433844769103,-3.341433844769103,-3.341433844769103,-3.341433844769103,-3.341433844769103,-3.341433844769103,-3.341433844769103,-3.341433844769103,-3.341433844769103,-3.341433844769103,1.831140604173381,0.803213894249371,-3.341433844769103,5.819849664947814,-3.341433844769103,-3.341433844769103,-3.341433844769103,10.131167199396621,-3.341433844769103,-3.341433844769103,-3.341433844769103,-0.25896477420348063,1.0296710534781024,-3.341433844769103,-3.341433844769103,-3.341433844769103,4.232142111253203,-3.341433844769103,3.805408244673405,4.502808939730685,-3.341433844769103,-3.341433844769103,-3.341433844769103,5.944331321531048,5.921416801852877,-3.341433844769103,-3.341433844769103,-3.341433844769103,-1.0751689540352576
HSM7J4KG,4.537714834334189,2.498395733399949,-0.8096453771740979,1.5424879921117887,6.669517382620662,-4.5803869683627205,2.481985081844977,-4.5803869683627205,-4.5803869683627205,0.7238921127407192,2.0316160076494,4.894100753722725,0.28133490273255113,3.372849269203078,-4.5803869683627205,3.3409301152507878,5.182713058493676,-4.5803869683627205,7.270780240708479,-4.5803869683627205,3.265005408061892,5.140700174652368,-4.5803869683627205,4.363817936433188,6.531110653504506,1.6313902091419399,4.695887677675302,-0.4416274073803379,2.954341229209237,-4.5803869683627205,3.803134088034004,0.874458298539242,-4.5803869683627205,-4.5803869683627205,-4.5803869683627205,-4.5803869683627205,1.145553573339079,-4.5803869683627205,-4.5803869683627205,-4.5803869683627205,-4.5803869683627205,1.8080024652589213,-4.5803869683627205,1.843233360444148,-4.5803869683627205,0.3373574813856859,1.216248144167615,-4.5803869683627205,2.4555767040968997,3.591822768995022,-4.5803869683627205,-4.5803869683627205,-4.5803869683627205,3.6512264698842394,-1.2567869331563788,1.8403615177904982,5.519839912787543,1.5924117219502838,3.555304507010998,7.114629791336913,-0.4177657277410525,4.414558523297773,-0.9804482133894226,0.793557219304347,-4.5803869683627205,-4.5803869683627205,-0.684113627854952,-1.2477339122404558,-1.1993562985249362,0.0927279709906621,2.6860237576318706,4.406525836731323,2.7036801356307665,-4.5803869683627205,-4.5803869683627205,5.442853747705061,-4.5803869683627205,-4.5803869683627205,-4.5803869683627205,8.20183816525128,-4.5803869683627205,3.118804445059677,4.870583853881619,4.125554800721627,1.907106934685216,-4.5803869683627205,-4.5803869683627205,-4.5803869683627205,3.302260669448244,-4.5803869683627205,1.2322246126700112,3.300926505065629,0.06885827444817139,-4.5803869683627205,-4.5803869683627205,4.9197260267482115,5.463698579838063,-2.23215766129141,-4.5803869683627205,2.2842521207592714,1.6484592297922083
HSM7J4KI,6.157113467203741,2.1612585476999007,1.9054088744279296,2.0017989089646253,5.516024551685197,-5.442234434680552,2.1709791406246657,-0.456257331703819,-1.7557791006795718,-5.442234434680552,2.0925995750898414,5.3927310684006375,3.292024911907964,3.951377277159227,-5.442234434680552,3.35434110831181,4.062278615831828,5.791369567285493,6.029634726859477,-5.442234434680552,4.374136775430031,4.367564365845195,-5.442234434680552,4.213446325686709,5.948964396063047,3.7309723211469157,4.627194608784838,-5.442234434680552,2.899472857750471,-0.12266456810530002,2.488509314464449,-0.4938768582197337,-5.442234434680552,-5.442234434680552,-5.442234434680552,-5.442234434680552,1.091189086812589,3.4402734858067996,-1.5850357052455681,-5.442234434680552,4.181727328241491,1.4555297222543446,-3.278959422712113,2.073440928312941,1.1771457943440415,-0.9317756628246219,-5.442234434680552,-5.442234434680552,1.7423790815655593,2.75227643277462,-5.442234434680552,2.3295099529598486,1.82565906725757,2.823087109388444,0.7955802139175727,-0.023299429996072263,3.8399133344562255,3.081754686249181,1.9755414431352163,6.665155026571594,-2.2885012635932025,1.8436819426392033,-1.1742603748045415,-1.0332821333653293,-5.442234434680552,-5.442234434680552,0.9984368716204042,1.7016185456431483,-0.5122543411726905,-1.40767454255408,-5.442234434680552,3.4526827189996974,2.2861093594063737,-5.442234434680552,-5.442234434680552,5.497803793434514,-5.442234434680552,-5.442234434680552,-0.2938865112037803,2.734283974304512,-5.442234434680552,0.08119846675773168,2.027384523775467,1.0184912920334126,1.1939456943441096,-5.442234434680552,-5.442234434680552,-0.40060780480551905,3.8431015521886263,-5.442234434680552,2.5155309897343274,3.538243439661845,2.422569236808658,1.538617643429327,-5.442234434680552,4.792464783117959,4.0684197973935,-5.442234434680552,-5.442234434680552,-2.7490813202862796,-2.4441880836371705
HSM7J4KK,4.373214665436565,2.2833842533110955,3.4532510389209907,1.2478890858739575,5.312539475129709,-3.547527945812922,3.118661085374174,1.836269969423932,-0.9204211412434997,-0.3633093007559314,2.547736531088354,6.377574769483701,1.6109323042250558,4.14782131780942,-5.4241471295806605,2.9348124345025957,3.83337434577935,6.604556915187366,5.92189111430732,-5.4241471295806605,3.3904364620972443,4.795840225016093,-5.4241471295806605,4.221860803982434,5.8502924266238825,2.6678491690983357,5.498870321364956,1.6099328102198545,3.9095578444564554,0.2790907921425454,2.4048995331371126,-0.4927318270347065,-2.5893564076931916,-5.4241471295806605,-2.162059222805375,-5.4241471295806605,-1.9346332902425303,2.3249605486142224,0.2561238322962751,-5.4241471295806605,3.523959820350261,2.7115363787369704,0.21512133773202713,2.6140472388900236,1.6754860390461062,1.1266452227333739,-5.4241471295806605,-5.4241471295806605,2.2203746049687894,3.436591485468689,-5.4241471295806605,3.8145686232584213,0.9823447907677201,1.362274192186165,3.093377341918006,0.003017035524704781,5.627853463387815,2.727403479784744,-0.23995162682389903,5.208765141830277,-2.5248442684714565,0.6612580331755016,-1.660075966367728,-0.4018090594589978,-5.4241471295806605,-5.4241471295806605,2.367048581826805,0.9726989069655412,1.4376617801171738,-0.9588227465733379,-5.4241471295806605,4.150751107091341,2.461734721103211,-3.526045153557302,-5.4241471295806605,5.120056924171294,-5.4241471295806605,-5.4241471295806605,-5.4241471295806605,3.780023213264415,-5.4241471295806605,-3.941649829603845,-5.4241471295806605,-5.4241471295806605,0.729862398414995,-2.3207018270697404,-5.4241471295806605,0.6980169681470327,1.5272308645811803,-5.4241471295806605,4.2470538254088135,4.090176997336935,-5.4241471295806605,-5.4241471295806605,-0.06535035339667772,5.010111056083335,3.6905868164139717,-5.4241471295806605,-5.4241471295806605,-5.4241471295806605,-5.4241471295806605
HSM7J4KM,-4.4715040192063675,-0.21997305857899718,-4.4715040192063675,-2.559337513449483,5.065028656753691,-4.4715040192063675,2.279014942512739,-0.1313824514768367,-4.4715040192063675,-4.4715040192063675,-0.9630232209109622,6.239824933142531,0.6820783755422735,4.211917878285864,-4.4715040192063675,3.680012713529229,4.7432854985901995,3.338015257990131,6.805389330480159,-4.4715040192063675,2.961176718199111,4.352315410016062,-1.184194816796973,4.001281734223187,6.4334938384992535,1.0088494520294642,4.719323564374576,2.742545009062191,4.088572854161238,0.1425492557439938,1.4826533403422602,-4.4715040192063675,-4.4715040192063675,-4.4715040192063675,-4.4715040192063675,-4.4715040192063675,2.282741931560655,2.7632875421069336,0.6511105476545662,-4.4715040192063675,-0.23760557310942332,-4.4715040192063675,0.24971453277288624,2.728992754371945,2.625260405785351,1.4469948799934613,-0.6473949078552153,-4.4715040192063675,2.892127573977265,3.785195790785145,-4.4715040192063675,4.5740992201340225,-4.4715040192063675,0.201587908189941,1.8177462766430628,3.031126728326729,6.573031403831578,-0.34451912151769903,-0.05000541736420416,8.04177368029746,-4.4715040192063675,3.496113049996831,-4.4715040192063675,-4.4715040192063675,-4.4715040192063675,-4.4715040192063675,1.3394372960633039,1.1830269779428448,-4.4715040192063675,-1.1615333998802164,2.7781310618967128,-4.4715040192063675,2.112173611967944,-4.4715040192063675,-4.4715040192063675,4.835980927562976,-4.4715040192063675,-4.4715040192063675,-4.4715040192063675,7.951588699403707,-4.4715040192063675,1.8404916815108345,-1.80592737692041,5.735713609012016,-4.4715040192063675,-4.4715040192063675,-4.4715040192063675,-4.4715040192063675,4.729433319375084,-4.4715040192063675,4.375189508535472,5.425159089223651,1.0474769047451868,-4.4715040192063675,-4.4715040192063675,6.392475377130679,5.101395621286321,-0.03391493689361624,0.011473347614368024,1.5619082008568412,2.225172281355401
HSM7J4KO,-3.7893071961616833,-3.7893071961616833,-3.7893071961616833,5.374325549996742,-3.7893071961616833,-3.7893071961616833,-3.7893071961616833,0.28666842182366103,-3.7893071961616833,1.3553474454681584,-3.7893071961616833,8.395880232930793,-3.7893071961616833,-0.11967950291280616,-3.7893071961616833,-3.7893071961616833,-3.7893071961616833,0.14211553649871078,0.17503464039242367,-3.7893071961616833,7.084011865819583,8.783424501737997,-3.7893071961616833,7.464911117536472,7.029318817868722,5.376520964449429,-3.7893071961616833,4.56457720350276,-3.7893071961616833,2.4730993479308063,-3.7893071961616833,-3.7893071961616833,-3.7893071961616833,-3.7893071961616833,0.2677500944679334,1.5890885720495156,-1.7193019846607847,2.850887665001536,-3.7893071961616833,1.6133409026622,0.07072424692607449,-3.7893071961616833,2.0928555812352068,-3.7893071961616833,-3.7893071961616833,2.070783153602136,-3.7893071961616833,5.596758048266398,-1.7067175185575891,4.419042721636484,-3.7893071961616833,5.61328970136974,1.5750955720769504,3.9407214639966375,-3.7893071961616833,-3.7893071961616833,2.422872667037911,-3.7893071961616833,-3.7893071961616833,7.832898761684482,2.8938845405448523,3.487796261660862,-3.7893071961616833,-3.7893071961616833,1.2414309163669106,-3.7893071961616833,4.692533560150333,0.8194241448581181,1.4204722576541187,2.301510877826825,1.8554747232373145,-3.7893071961616833,4.801139038266578,-0.24775795346071305,-3.7893071961616833,-3.7893071961616833,7.278155581519515,-3.7893071961616833,3.08288469530361,-3.7893071961616833,-3.7893071961616833,1.742116119173934,6.4815345979750605,3.586091319172235,-3.7893071961616833,-3.7893071961616833,-3.7893071961616833,-3.7893071961616833,1.0361541247732777,3.9072683758811477,1.7456868939309498,4.172060993519671,-3.7893071961616833,-0.22192889243346237,-3.7893071961616833,5.288661180105724,-3.7893071961616833,2.4238782048008334,2.4101154912819363,4.4146320533431584,6.779266126145682
HSM7J4KQ,-3.4234397580912166,4.755198360321102,-3.4234397580912166,6.670406467910306,-3.4234397580912166,-3.4234397580912166,-3.4234397580912166,1.1662266617963049,-3.4234397580912166,-3.4234397580912166,-3.4234397580912166,8.284628915917484,-3.4234397580912166,-3.4234397580912166,-3.4234397580912166,-3.4234397580912166,-3.4234397580912166,-3.4234397580912166,-3.4234397580912166,-3.4234397580912166,7.510841954549222,9.34297500954389,-3.4234397580912166,8.280620027501115,6.712278476985977,5.675180878307416,-3.4234397580912166,2.8622545759690805,-3.4234397580912166,0.913421408816415,-3.4234397580912166,-3.4234397580912166,-3.4234397580912166,-0.19204466680298715,0.18797559695987864,1.813287223460346,1.7235364822406343,2.592263634037778,-3.4234397580912166,0.9330193351275877,0.5384350051184388,-3.4234397580912166,2.5828643981555084,-3.4234397580912166,-3.4234397580912166,0.46268826529110996,-3.4234397580912166,4.857905922101105,0.6961686806588947,2.7946154374693384,-3.4234397580912166,3.4200770447107587,2.777988641258726,2.306705691839573,2.5263769176305724,-0.020348553205799647,7.100769279355549,-3.4234397580912166,-3.4234397580912166,8.594127905512138,2.46845891477573,-3.4234397580912166,1.9588235837104406,-3.4234397580912166,1.1652014534743635,-3.4234397580912166,4.348882380028397,3.3912632487802945,1.0717268415398795,2.4822945596845827,-3.4234397580912166,-3.4234397580912166,4.379393972740681,-3.4234397580912166,-3.4234397580912166,-3.4234397580912166,6.832814519821671,-3.4234397580912166,2.0755798909327527,-3.4234397580912166,-3.4234397580912166,3.356219034312722,6.6987663853220525,4.330438724881277,-3.4234397580912166,-3.4234397580912166,-3.4234397580912166,-3.4234397580912166,-3.4234397580912166,3.0514151888467476,2.729606411858607,3.0815978963916875,-3.4234397580912166,-3.4234397580912166,0.2538909543570611,5.883194772253689,-3.4234397580912166,2.5915247926508735,-3.4234397580912166,3.019329807362311,-1.8688804077034256
HSM7J4LD,-2.4567461054777002,-2.4567461054777002,-2.4567461054777002,-2.4567461054777002,-2.4567461054777002,-2.4567461054777002,-2.4567461054777002,4.117066244682083,-2.4567461054777002,-2.4567461054777002,-2.4567461054777002,-2.4567461054777002,-2.4567461054777002,-2.4567461054777002,-2.4567461054777002,-2.4567461054777002,-2.4567461054777002,-2.4567461054777002,-0.29020522567136986,-2.4567461054777002,9.79808783893678,10.65284235408065,-2.4567461054777002,-2.4567461054777002,8.921073952054535,-2.4567461054777002,-2.4567461054777002,-0.9278438972343217,-2.4567461054777002,4.094959520115954,-2.4567461054777002,-2.4567461054777002,-2.4567461054777002,7.205791944429337,2.893979145604975,-2.4567461054777002,1.3689077918188683,4.861705586513871,2.789674371976046,4.397223058406905,3.305463710094674,-2.4567461054777002,3.4788591664020094,3.893921422022128,-2.4567461054777002,3.4158930278171384,-2.4567461054777002,-2.4567461054777002,3.7312364686603017,3.885653224685794,-2.4567461054777002,6.530516397807779,4.550041958626348,-2.4567461054777002,-2.4567461054777002,-2.4567461054777002,8.576623297607833,-2.4567461054777002,-2.4567461054777002,2.000030481416358,6.008589748955886,-2.4567461054777002,-2.4567461054777002,-2.4567461054777002,-2.4567461054777002,3.3322402075602877,-2.4567461054777002,3.5671750086555294,0.4644634762506108,3.112926813583103,-2.4567461054777002,-2.4567461054777002,-2.4567461054777002,-2.4567461054777002,-2.4567461054777002,9.04584317781058,-2.4567461054777002,-2.4567461054777002,-2.4567461054777002,2.1419720920899046,-2.4567461054777002,-2.4567461054777002,5.56003224376272,2.805926677113998,-2.4567461054777002,-2.4567461054777002,-2.4567461054777002,-2.4567461054777002,5.539697070206173,-2.4567461054777002,-2.4567461054777002,5.631388535620329,-2.4567461054777002,0.4314868815208932,-2.4567461054777002,2.113280532836642,-2.4567461054777002,-2.4567461054777002,-2.4567461054777002,4.225226443750771,-2.4567461054777002
HSM7J4LF,-1.5732175297503144,-1.5732175297503144,-1.5732175297503144,-1.5732175297503144,-1.5732175297503144,-1.5732175297503144,-1.5732175297503144,-1.5732175297503144,-1.5732175297503144,-1.5732175297503144,-1.5732175297503144,-1.5732175297503144,-1.5732175297503144,0.2681764721892481,-1.5732175297503144,-1.5732175297503144,-1.5732175297503144,-1.5732175297503144,2.28849466661406,-1.5732175297503144,10.57556200539438,11.17211661099055,-1.5732175297503144,1.818899344518698,10.569533503316077,-1.5732175297503144,-1.5732175297503144,-1.5732175297503144,-1.5732175297503144,2.7741725371141843,-1.5732175297503144,-1.5732175297503144,-1.5732175297503144,1.8934906291245888,-1.5732175297503144,-1.5732175297503144,-1.5732175297503144,4.617894484556776,-1.5732175297503144,-1.5732175297503144,-1.5732175297503144,-1.5732175297503144,3.73703841933548,2.5120634127118073,-1.5732175297503144,-1.5732175297503144,-1.5732175297503144,-1.5732175297503144,-1.5732175297503144,1.9570540411256978,4.744768427751894,9.09057362573455,-1.5732175297503144,-1.5732175297503144,-1.5732175297503144,-1.5732175297503144,7.468878929552199,-1.5732175297503144,-1.5732175297503144,2.6960698939184287,2.1678099874923387,-1.5732175297503144,-1.5732175297503144,-1.5732175297503144,3.1246142957909555,3.4086423200069635,-1.5732175297503144,-1.5732175297503144,-1.5732175297503144,-1.5732175297503144,-1.5732175297503144,-1.5732175297503144,-1.5732175297503144,-1.5732175297503144,-1.5732175297503144,10.749229955479203,-1.5732175297503144,-1.5732175297503144,-1.5732175297503144,0.35916209791457376,-1.5732175297503144,-1.5732175297503144,-1.5732175297503144,-1.5732175297503144,-1.5732175297503144,-1.5732175297503144,-1.5732175297503144,-1.5732175297503144,5.956869706547196,-1.5732175297503144,-1.5732175297503144,4.482223065262949,-1.5732175297503144,-1.5732175297503144,-1.5732175297503144,2.6249729370287014,-1.5732175297503144,-1.5732175297503144,-1.5732175297503144,3.4852985726226766,3.447704789177209
HSM7J4LH,-0.25794411552035434,-0.25794411552035434,-0.25794411552035434,-0.25794411552035434,-0.25794411552035434,-0.25794411552035434,-0.25794411552035434,-0.25794411552035434,-0.25794411552035434,-0.25794411552035434,-0.25794411552035434,-0.25794411552035434,-0.25794411552035434,-0.25794411552035434,-0.25794411552035434,-0.25794411552035434,-0.25794411552035434,-0.25794411552035434,-0.25794411552035434,-0.25794411552035434,-0.25794411552035434,-0.25794411552035434,-0.25794411552035434,-0.25794411552035434,-0.25794411552035434,-0.25794411552035434,-0.25794411552035434,-0.25794411552035434,-0.25794411552035434,-0.25794411552035434,-0.25794411552035434,-0.25794411552035434,-0.25794411552035434,12.322563821131238,-0.25794411552035434,-0.25794411552035434,-0.25794411552035434,-0.25794411552035434,-0.25794411552035434,-0.25794411552035434,-0.25794411552035434,-0.25794411552035434,-0.25794411552035434,-0.25794411552035434,-0.25794411552035434,-0.25794411552035434,-0.25794411552035434,-0.25794411552035434,-0.25794411552035434,-0.25794411552035434,-0.25794411552035434,-0.25794411552035434,-0.25794411552035434,-0.25794411552035434,-0.25794411552035434,-0.25794411552035434,-0.25794411552035434,-0.25794411552035434,-0.25794411552035434,13.213903615380445,-0.25794411552035434,-0.25794411552035434,-0.25794411552035434,-0.25794411552035434,-0.25794411552035434,-0.25794411552035434,-0.25794411552035434,-0.25794411552035434,-0.25794411552035434,-0.25794411552035434,-0.25794411552035434,-0.25794411552035434,-0.25794411552035434,-0.25794411552035434,-0.25794411552035434,-0.25794411552035434,-0.25794411552035434,-0.25794411552035434,-0.25794411552035434,-0.25794411552035434,-0.25794411552035434,-0.25794411552035434,-0.25794411552035434,-0.25794411552035434,-0.25794411552035434,-0.25794411552035434,-0.25794411552035434,-0.25794411552035434,-0.25794411552035434,-0.25794411552035434,-0.25794411552035434,-0.25794411552035434,-0.25794411552035434,-0.25794411552035434,-0.25794411552035434,-0.25794411552035434,-0.25794411552035434,-0.25794411552035434,-0.25794411552035434,-0.25794411552035434,-0.25794411552035434
HSM7J4LN,-2.6546372562470317,-2.6546372562470317,-2.6546372562470317,-2.6546372562470317,-2.6546372562470317,-2.6546372562470317,-2.6546372562470317,5.4157159301257485,-2.6546372562470317,-2.6546372562470317,-2.6546372562470317,-2.6546372562470317,-2.6546372562470317,-2.6546372562470317,-2.6546372562470317,-2.6546372562470317,-2.6546372562470317,-2.6546372562470317,-2.6546372562470317,-2.6546372562470317,8.916099017660699,9.66658981843705,-2.6546372562470317,-2.6546372562470317,9.271901132757081,-2.6546372562470317,-2.6546372562470317,-2.6546372562470317,-2.6546372562470317,4.253634816963216,-2.6546372562470317,-2.6546372562470317,-2.6546372562470317,1.6190664824530732,0.17013601499094122,-2.6546372562470317,3.1773835802301678,5.494544805106548,1.489784784408803,2.7441323741069326,4.394742737480526,-2.6546372562470317,3.9959412358007143,4.3132495657074,-2.6546372562470317,-2.6546372562470317,-2.6546372562470317,-2.6546372562470317,2.190584658360855,3.5540078512981044,2.602915197309704,6.160649968283637,-2.6546372562470317,-2.6546372562470317,-2.6546372562470317,-2.6546372562470317,9.624742583146599,-2.6546372562470317,-2.6546372562470317,8.420841618048891,5.318026436406692,7.801451714401359,-2.6546372562470317,-2.6546372562470317,-2.6546372562470317,4.444917044429074,-2.6546372562470317,2.241443803465886,3.0960649471161226,2.9790500252829304,-2.6546372562470317,-2.6546372562470317,-2.6546372562470317,-2.6546372562470317,-2.6546372562470317,9.233315103197935,-2.6546372562470317,-2.6546372562470317,-2.6546372562470317,-2.6546372562470317,-2.6546372562470317,-2.6546372562470317,5.189112332920964,-2.6546372562470317,5.3486046414195165,-2.6546372562470317,-2.6546372562470317,-2.6546372562470317,5.561131547034701,-2.6546372562470317,-2.6546372562470317,7.1142824341412325,4.022787070334814,-2.6546372562470317,0.42397668126750254,6.00923065039612,-2.6546372562470317,-2.6546372562470317,-2.6546372562470317,4.469174183251608,1.8221888683125886
HSM7J4NY,3.868337293456123,4.336718315695702,-4.43917235890248,5.491212374579241,7.134390860259762,-0.08895199715818514,6.1048159046231225,0.721797083900297,-4.43917235890248,-4.43917235890248,-4.43917235890248,5.627536547700208,-4.43917235890248,3.7731902722825783,-4.43917235890248,5.419672974616323,-4.43917235890248,3.5055070430569097,-1.718058998137824,-4.43917235890248,5.794252448635881,7.4085781206767125,4.730392724184568,7.257472535254076,7.2652626077803015,3.439759337691264,-4.43917235890248,3.6581463137492323,-4.43917235890248,2.9478737361036558,-4.43917235890248,-4.43917235890248,0.8101527678041567,-4.43917235890248,-4.43917235890248,-4.43917235890248,-4.43917235890248,1.0923343705093949,-4.43917235890248,-4.43917235890248,-4.43917235890248,3.3944601000456833,-4.43917235890248,3.9250042257346758,-4.43917235890248,-4.43917235890248,-0.2913138031975979,5.233861586299435,2.4951362359735336,4.384989943511892,-4.43917235890248,-4.43917235890248,-4.43917235890248,2.0229287810592353,2.0498606613479904,-4.43917235890248,6.910628739316614,5.505487400742242,3.6763914159140576,5.410233872363702,0.090759772641821,-4.43917235890248,-4.43917235890248,-4.43917235890248,-4.43917235890248,0.7767774677051378,1.8335157576317682,-4.43917235890248,1.1044282394558582,1.5745709622133637,3.105650189003547,4.045591697189554,-4.43917235890248,0.5123007681730876,4.988920766877916,5.936629658992317,5.523508771462444,2.521105271493286,-4.43917235890248,-0.45065602588780607,-0.36600926824882585,3.285049803192736,-4.43917235890248,1.149412634113137,-4.43917235890248,1.0792426270782745,6.823921120560346,-4.43917235890248,1.782658437045658,3.854681320560286,4.275808827600286,3.08561606019296,-4.43917235890248,-4.43917235890248,-4.43917235890248,5.492037136286737,-4.43917235890248,-4.43917235890248,-4.43917235890248,-4.43917235890248,-4.43917235890248
HSM7J4O1,2.8738645271031578,4.39292129772951,-4.616726991799949,5.324850273093114,6.985080803182386,-1.349389064301782,5.048692490161084,-0.2530062908402062,-0.06102335620949084,0.9870802320333905,-4.616726991799949,6.78109662447244,-4.616726991799949,5.9428811760193385,-4.616726991799949,6.014755235161035,-3.1712506047715454,-4.616726991799949,-2.0946106319547955,-4.616726991799949,5.210244510062396,7.690868448177001,5.489641365412916,6.651393249941599,6.410786732469868,-4.616726991799949,-4.616726991799949,3.8025677363244874,-4.616726991799949,2.9207964184420074,-4.616726991799949,-4.616726991799949,1.1006276944658193,-4.616726991799949,1.831254583228076,1.5820417336241022,-4.616726991799949,2.5191006789027854,-4.616726991799949,0.06020179579082985,-0.7989731714142216,4.668616088477337,-1.9578945786605715,3.06768558511183,-4.616726991799949,-4.616726991799949,1.2322461411658807,3.6144331481902228,0.5633119396587176,1.7352837880397765,-4.616726991799949,0.8465822507327783,-0.2858019318997975,-2.136157008183865,2.405473670346,-4.616726991799949,5.284664367690759,4.531319622869046,3.5914196951641593,5.881091972060852,2.588008196396669,-4.616726991799949,1.070510692134425,-4.616726991799949,-4.616726991799949,1.4387781454393078,-2.3963226516397675,-1.5172408297080082,0.23781597561886514,2.7148902343476538,0.5378897513011935,4.908104341292033,4.022056162094702,-4.616726991799949,5.8440119427074055,5.771121414470206,-4.616726991799949,3.5083943048626773,-4.616726991799949,-4.616726991799949,-1.3152125998888842,-4.616726991799949,-4.616726991799949,-4.616726991799949,0.7434570934643201,3.4426665400545096,5.34855290195604,-4.616726991799949,2.221031854873411,4.22827893301712,2.99086203911986,3.4982911875329092,-4.616726991799949,-4.616726991799949,-4.616726991799949,5.99818383008268,-4.616726991799949,-4.616726991799949,-4.616726991799949,-4.616726991799949,-4.616726991799949
HSM7J4O3,2.1666992703357435,6.041414911701061,-4.169102582695157,6.64733520314561,7.730312502860858,0.10746010336819367,6.39163602062222,-4.169102582695157,1.2577535825509667,-4.169102582695157,-4.169102582695157,6.8010761910696,-4.169102582695157,5.587865658263954,-4.169102582695157,5.14798659491442,-1.5406032367611164,1.9924207292032552,-4.169102582695157,-4.169102582695157,5.882216201929033,7.815189577256393,4.735970516715193,7.474523235295506,6.968605066049515,1.1706201325144097,-4.169102582695157,4.688505939307551,-4.169102582695157,4.960004925625537,-4.169102582695157,-4.169102582695157,0.3846407454106,-4.169102582695157,-4.169102582695157,-4.169102582695157,-4.169102582695157,-0.3561822985592613,-4.169102582695157,-4.169102582695157,2.0532202532750228,5.335106848717602,-4.169102582695157,4.573569306262158,-4.169102582695157,-4.169102582695157,-0.1779191479409299,4.575826807689683,0.7851749714014353,3.4137326989505796,-4.169102582695157,0.8516168881994979,-4.169102582695157,1.8743188870662681,2.2719715624372574,-4.169102582695157,4.607326610945807,4.622124386155621,-4.169102582695157,5.40555567937587,1.5182523835030803,-4.169102582695157,1.389132577657362,-1.2860062491284072,-4.169102582695157,-0.7807226063250479,-4.169102582695157,-0.08920204452405578,-2.442942716535434,1.2808839845342828,-4.169102582695157,5.651730029338294,3.6241897937374663,-4.169102582695157,6.550472868828894,6.593591107983153,-4.169102582695157,2.2119168259120894,-4.169102582695157,-1.0924706543061955,-4.169102582695157,0.9182672683700606,-4.169102582695157,-2.442942716535434,-0.8400853924917033,1.0846573939241537,6.475649642990202,-4.169102582695157,-0.07403642117677833,3.077964858396541,4.658099888527507,5.003356573660628,-4.169102582695157,-4.169102582695157,-4.169102582695157,6.034577334195095,-4.169102582695157,-4.169102582695157,-4.169102582695157,-4.169102582695157,-4.169102582695157
HSM7J4O5,1.7807034967860318,4.700637596981825,-4.115016234102439,6.3626745020388,7.339655336497266,0.3277432272878098,4.817928578101132,-4.115016234102439,-4.115016234102439,1.8845275480755426,-4.115016234102439,5.793697988229589,-4.115016234102439,4.4081790699391465,-4.115016234102439,6.374357296432978,-4.115016234102439,-4.115016234102439,-4.115016234102439,-4.115016234102439,6.531433737099388,8.396461858241285,5.750619685573899,7.805125828140055,6.770174152356234,0.8926251189575432,-4.115016234102439,2.4063819428250284,-4.115016234102439,5.9904190024297606,-4.115016234102439,-4.115016234102439,-0.5350116110425986,-4.115016234102439,1.2639617062549267,2.003182027461018,-4.115016234102439,4.496542320235288,-4.115016234102439,2.0867175845141945,-2.012964420474729,3.8139412257016554,0.6106361207269408,1.6625841012743763,-4.115016234102439,-4.115016234102439,1.5533701598920722,2.141698955890851,-2.4337739023893974,3.2331519042680217,-4.115016234102439,2.2693341422984634,1.6069149018061228,-4.115016234102439,-4.115016234102439,-4.115016234102439,1.680472488273999,6.289377837354465,3.4383135258678994,6.268875286722346,3.123175992733053,-4.115016234102439,-4.115016234102439,-4.115016234102439,4.405547277123866,4.2210096744121035,-0.3869343211451177,-4.115016234102439,-4.115016234102439,1.7283787182755779,-4.115016234102439,5.38003800845888,-4.115016234102439,-4.115016234102439,5.158618879815736,6.258698394502602,5.576238605894705,3.2898202072370495,-4.115016234102439,-4.115016234102439,-4.115016234102439,1.248477072035632,-4.115016234102439,-4.115016234102439,-4.115016234102439,3.8479257509514833,4.440194442434637,-4.115016234102439,5.292648979731926,-4.115016234102439,0.1844739596730971,5.9126812267247555,-4.115016234102439,-4.115016234102439,-4.115016234102439,5.954099813324701,-4.115016234102439,-4.115016234102439,-4.115016234102439,-4.115016234102439,-4.115016234102439
HSM7J4O7,-4.441377252783523,4.637078978435581,-4.441377252783523,5.610706566497916,6.934710453666252,-0.2777101161613853,5.386503030308708,2.0339345017060237,-4.441377252783523,1.018000456293846,-4.441377252783523,6.41936015088768,-4.441377252783523,4.501685537251585,-4.441377252783523,4.830645569136758,-4.441377252783523,-4.441377252783523,-4.441377252783523,-4.441377252783523,5.35979801216452,7.995382388112793,4.060281531150997,6.180355167471973,6.766942946498491,1.8083731841808683,-4.441377252783523,2.912867542755148,-4.441377252783523,4.907744520863422,-4.441377252783523,-4.441377252783523,1.2608110030825586,-4.441377252783523,-4.441377252783523,-0.6410811165127264,-4.441377252783523,-0.5995520286157383,-4.441377252783523,-4.441377252783523,-3.342303979768783,4.752010224212324,-4.441377252783523,2.450671865886302,-4.441377252783523,-4.441377252783523,0.2545111362442505,4.729824282135486,3.52768807597443,4.25428337413653,-4.441377252783523,-1.1846422983244125,-0.41253089127341624,2.9372370805559713,3.4928277655688653,-4.441377252783523,7.091753746259566,5.262079203180037,2.4348173379179965,5.970191403631059,1.4110608133855402,-4.441377252783523,-0.435280970778015,-4.441377252783523,-4.441377252783523,2.633786833833379,1.8612568615151313,-1.8677246789773605,1.5488013253738373,1.0247029139176025,-4.441377252783523,4.208799681963596,0.7949122089258598,-4.441377252783523,5.432274626993411,5.780372716466896,-4.441377252783523,2.7238711549176386,-4.441377252783523,-4.441377252783523,-1.3763439155297057,4.697055451943955,-4.441377252783523,0.2857638741033579,-4.441377252783523,2.847989680976278,6.28582572310202,0.6328375415353626,3.676642100905208,-4.441377252783523,5.292490838160839,5.927506752098523,-4.441377252783523,-4.441377252783523,-4.441377252783523,6.024990092648968,-4.441377252783523,-4.441377252783523,-4.441377252783523,-1.2431156707671374,0.6027348018970553
HSM7J4O9,-4.254485375325665,4.989014778423427,-4.254485375325665,5.546094551727434,7.016679463798457,0.21074170594477337,5.678747317121166,-4.254485375325665,-0.4295590210726221,1.6974413087848985,-4.254485375325665,6.462334368866292,-4.254485375325665,4.070745078619625,-4.254485375325665,5.321844192495419,-2.121958079986177,-4.254485375325665,-0.2872043635638235,-4.254485375325665,6.3356027804725645,7.74747323183534,5.0641693787057145,7.262318921510301,7.28725090519671,2.12841906868269,-4.254485375325665,4.571860907840829,-4.254485375325665,4.301221874194986,-4.254485375325665,-4.254485375325665,0.8081680022933941,-4.254485375325665,-4.254485375325665,-4.254485375325665,-4.254485375325665,0.4622153836153924,-4.254485375325665,-4.254485375325665,-4.254485375325665,4.446544731009264,-2.412105155257267,4.020543767782067,-4.254485375325665,0.6860402865898632,0.4095415238120843,5.187268649786832,2.55429813488494,4.1141930403404565,-4.254485375325665,-4.254485375325665,-4.254485375325665,2.304905744098213,3.42344401877736,-4.254485375325665,6.5459264167663544,6.3474046113626645,3.51770565646755,6.695004894360993,2.030797420893239,-4.254485375325665,0.602091327420414,-4.254485375325665,-4.254485375325665,2.1212110685089067,1.5747217422316133,-4.254485375325665,-1.5520345993402689,2.0692456721568346,-4.254485375325665,4.691613332235762,-4.254485375325665,-4.254485375325665,4.886320809741682,6.362402962162644,-4.254485375325665,3.1186736275238465,-4.254485375325665,-1.2848830066593724,-1.1619117628467368,3.375134238582108,-4.254485375325665,-4.254485375325665,-4.254485375325665,3.3964280293900453,6.689627133064863,1.069381421263822,1.770158715679898,-4.254485375325665,4.656855212627818,5.415051558616921,-4.254485375325665,-1.2113256441844182,-4.254485375325665,6.613459178971151,-4.254485375325665,-4.254485375325665,-4.254485375325665,-4.254485375325665,-4.254485375325665
HSM7J4QZ,2.754337425291526,4.221017661439489,-4.6037195361241015,5.284268373035155,-4.6037195361241015,-4.6037195361241015,4.509338186462029,1.8572920160359132,-0.4984716015362931,2.6028135145560203,-4.6037195361241015,-4.6037195361241015,-4.6037195361241015,-4.6037195361241015,-4.6037195361241015,-4.6037195361241015,-4.6037195361241015,-1.0759084390240883,7.437666133219672,-4.6037195361241015,5.63545677257415,7.137458714299936,-4.6037195361241015,-0.47439355812628037,0.17669794927099503,-4.6037195361241015,-4.6037195361241015,-4.6037195361241015,-4.6037195361241015,3.2166350651957556,4.771100320115484,-0.7394102282860437,3.8677603510228993,3.8073242590606178,1.9845216731569275,1.3318873077540268,1.2634420065662884,5.648579264047433,0.1942658275329041,-1.53149605811908,1.593018055903216,4.242826274268793,0.10697504268443758,-4.6037195361241015,-4.6037195361241015,2.6434084531866464,0.4096349050711474,4.5886971943558565,-4.6037195361241015,3.994956514844973,-4.6037195361241015,-4.6037195361241015,-4.6037195361241015,3.922639946834786,2.1984235516175126,2.819286132812948,6.718973015839997,3.057423235978037,-2.282681499358004,7.812072534849641,1.8223567269902183,-0.2651000052891366,2.9550819017394003,-4.6037195361241015,6.059142424821024,0.5808416115801993,2.6302368925541693,1.5609049991093418,1.384094766890513,2.037590371599534,-4.6037195361241015,-4.6037195361241015,3.0116544069350724,-4.6037195361241015,-4.6037195361241015,-4.6037195361241015,-0.803436380246886,3.1120254062975556,-4.6037195361241015,-1.1333458621494028,-4.6037195361241015,3.725466785205061,6.105139838556349,4.2987639726187465,-4.6037195361241015,-0.8567861542707522,6.256515109675134,-4.6037195361241015,2.5441081426517016,-4.6037195361241015,2.0950361082854467,5.051271462084978,-4.6037195361241015,-0.9700737861650506,-4.6037195361241015,5.994421636792122,-4.6037195361241015,0.2385483267356001,-0.3865994810896467,1.4419966335433063,2.036211150577749
HSM7J4R2,4.0396306217430675,5.311298173758562,-3.500013414650274,6.007731878749416,-3.500013414650274,-3.500013414650274,5.100562000714959,2.3025727258030457,1.1817231719101713,-3.500013414650274,-3.500013414650274,-3.500013414650274,-3.500013414650274,-3.500013414650274,-3.500013414650274,-3.500013414650274,-3.500013414650274,-3.500013414650274,9.302985767986485,-3.500013414650274,6.5595922677581004,9.046950752155343,-3.500013414650274,-3.500013414650274,-1.6658013815038384,-3.500013414650274,-3.500013414650274,-3.500013414650274,-3.500013414650274,1.4359641354441468,5.557449033925053,-0.5972424888103003,4.537972153195739,1.5319681401632703,0.11913244144726853,-3.500013414650274,-1.2531973582351217,0.7746782532808467,-3.500013414650274,-3.500013414650274,-0.4951104936864059,5.346473401924817,-3.500013414650274,-3.500013414650274,-3.500013414650274,2.17093922849803,1.4528614496708308,4.067102655253427,-3.500013414650274,3.4215948404039,-3.500013414650274,-3.500013414650274,-3.500013414650274,3.990927344470638,2.9005925510736166,2.4116422023593955,6.946110848008917,-3.500013414650274,-3.500013414650274,8.534993641626528,3.2066997911535813,1.1277459361545805,1.1397737996365205,-3.500013414650274,6.67367016610555,2.3109469568960286,1.091814988795063,-3.500013414650274,1.8315773149956716,2.996856793787374,-3.500013414650274,-3.500013414650274,4.941562403122391,-3.500013414650274,-3.500013414650274,-3.500013414650274,-3.500013414650274,3.8477750936055743,3.153610799507679,-3.500013414650274,-3.500013414650274,4.107662819065979,5.600494403488637,5.202247911088995,2.2312566870638477,-0.33057167554412636,5.5273898145973845,-3.500013414650274,4.519244003782926,-3.500013414650274,2.5477293455654184,4.792691791118607,-3.500013414650274,-3.500013414650274,-3.500013414650274,5.398901584388484,-3.500013414650274,-3.500013414650274,-3.500013414650274,-1.2423507296423502,0.78182936003879
HSM7J4RE,1.3824655905396268,4.9477613553568105,-4.651687571205104,5.994226013439965,6.854558660855309,0.5382714564630398,5.467530122547053,1.139857556940676,-4.651687571205104,-4.651687571205104,-4.651687571205104,5.618346421493811,5.723035422732708,6.649797740716311,-4.651687571205104,-4.651687571205104,-4.651687571205104,2.5454120079681566,-4.651687571205104,-4.651687571205104,4.253694876850931,6.107596823660025,4.453846998492623,6.64051228662175,1.2089955261459568,2.166927223251059,-4.651687571205104,-4.651687571205104,-4.651687571205104,2.169615446880072,2.4222171170111775,-1.4508874135337937,2.5322601247079817,2.4985611554178817,-4.651687571205104,-4.651687571205104,-0.45582797218593285,-4.651687571205104,-4.651687571205104,-4.651687571205104,-4.651687571205104,2.0112214988423593,-4.651687571205104,0.45884204794746175,-4.651687571205104,0.5606867651401704,-4.651687571205104,4.3749680274132965,0.5583507807197989,1.462757994324937,0.8976853519126831,0.48434808864316103,-2.2288948599030665,5.119860523920594,1.4789561362809405,-1.1292766060148356,6.460125174018514,7.288568717471723,-4.651687571205104,6.76026106880299,-4.651687571205104,4.150618830997261,-4.651687571205104,-4.651687571205104,0.2617302569229807,-4.651687571205104,3.3933009873372466,-4.651687571205104,-1.36327339157741,0.5641805419859018,0.12090678094648055,4.533487850221183,3.504906597024646,5.126253148644034,-4.651687571205104,6.771794524764455,-4.651687571205104,3.1678057766019245,-4.651687571205104,-1.4596463008301495,-4.651687571205104,3.5913693340516994,5.010186367188771,2.7152266125699818,-4.651687571205104,-4.651687571205104,3.9874367786244562,1.4087872887600144,0.36902850219893146,3.24082745516501,1.9667594234284076,3.306371822350939,-4.651687571205104,1.2560652673698396,-4.651687571205104,5.057560351830206,-4.651687571205104,-4.651687571205104,-4.651687571205104,1.3562224182655571,0.7589852290575632
HSMA33J3,-3.792138778047418,-3.792138778047418,-3.792138778047418,3.2661407506047855,7.063479790804079,-3.792138778047418,5.160055512829484,0.9142213444542957,-3.792138778047418,-3.792138778047418,4.670981500894822,-3.792138778047418,-3.792138778047418,3.3994232324495535,-3.792138778047418,-3.792138778047418,-3.792138778047418,-3.792138778047418,-3.792138778047418,-3.792138778047418,6.599134183744067,6.40649516040193,5.0481049747415785,5.40993631208449,7.041533486876001,4.47446789690025,5.921006530472054,4.174591131893184,-3.792138778047418,-3.792138778047418,1.5166924223954066,3.3921391128982297,-3.792138778047418,-0.5018268923558509,-3.792138778047418,-3.792138778047418,-3.792138778047418,-3.792138778047418,-3.792138778047418,-3.792138778047418,0.4295355836701962,-3.792138778047418,1.5002997696255704,-3.792138778047418,0.5758184452216994,2.446186012370503,-3.792138778047418,-3.792138778047418,3.062410786647031,4.01133311915942,-3.792138778047418,5.804577553380291,-3.792138778047418,-3.792138778047418,3.13427895107925,-3.792138778047418,5.742748770461816,-3.792138778047418,3.4593629495299947,7.343158201510256,2.252249838568752,-3.792138778047418,-3.792138778047418,-3.792138778047418,1.5139789067381777,-3.792138778047418,3.735715680874865,-3.792138778047418,1.006816292780167,2.7865244188684057,2.2057314203681715,4.529553615228256,4.3342884340121115,-3.792138778047418,5.681156253032153,6.400106254292471,-3.792138778047418,-3.792138778047418,-3.792138778047418,9.443790175903912,-3.792138778047418,2.101130352428423,5.286271387533011,4.623870111814135,-3.792138778047418,2.524150830001271,-3.792138778047418,-3.792138778047418,2.4646280015277933,5.33046328994252,2.9769538946814684,5.07372085306997,-3.792138778047418,-3.792138778047418,-3.792138778047418,5.004024502012897,6.449805350042034,-3.792138778047418,-3.792138778047418,-3.792138778047418,-3.792138778047418
HSMA33J5,-3.8608249937893593,-3.8608249937893593,-3.8608249937893593,2.5234848165374792,6.525909531114269,-3.8608249937893593,4.055296472658315,2.2217784410360313,-3.8608249937893593,-3.8608249937893593,2.872883341124086,-3.8608249937893593,-3.8608249937893593,-0.09544451044875046,-3.8608249937893593,-3.8608249937893593,-3.8608249937893593,-3.8608249937893593,-3.8608249937893593,-3.8608249937893593,6.282680750172569,5.589064260716734,3.7515102778244005,5.418611257229439,6.181534007761602,4.209157492101794,4.111744874568527,4.592157202869355,-3.8608249937893593,0.4703556642934874,-0.6828665766963375,4.181973446480728,-3.8608249937893593,-3.8608249937893593,-3.8608249937893593,-3.8608249937893593,-3.8608249937893593,-0.6610255170398371,-3.8608249937893593,-3.8608249937893593,-3.8608249937893593,3.5236200952476437,-3.8608249937893593,-3.8608249937893593,1.9772091583377023,2.6705979018514956,-3.8608249937893593,-3.8608249937893593,3.138489593368493,4.363713290803111,-3.8608249937893593,4.056919007031127,3.1348079308608225,-3.8608249937893593,3.5494699945087698,-3.8608249937893593,6.44436811610307,-3.8608249937893593,5.078821941726138,8.806766241758682,-3.8608249937893593,2.9447776945533644,-3.8608249937893593,-1.339436556173494,1.9496508866354159,-1.1464368690043418,2.186829087008154,-3.8608249937893593,1.6531918833487254,0.6451135835243687,2.2376158489593267,3.9516718661335783,2.776846849253112,-3.8608249937893593,-3.8608249937893593,5.174081051145047,-3.8608249937893593,-3.8608249937893593,1.6376972777073266,9.174430699267543,-3.8608249937893593,3.022004448101746,3.059956286143512,2.3740464324076163,4.211475263746209,3.0210260739734878,-3.8608249937893593,-3.8608249937893593,5.077153430869181,3.373698131688692,2.8718738054347206,3.4969490664421947,-3.8608249937893593,-3.8608249937893593,-3.8608249937893593,4.210813591264754,5.633540886358978,-3.8608249937893593,-3.8608249937893593,-3.8608249937893593,0.9666154854095268
HSMA33J7,-3.905391262974609,-3.905391262974609,-3.905391262974609,5.970028157639538,8.168105518179424,-1.4845788521541259,5.427392794989815,1.6531642676686182,-3.905391262974609,2.822868244136159,4.752230849613856,-3.905391262974609,-3.905391262974609,2.3993011291339608,-3.905391262974609,-3.905391262974609,-3.905391262974609,-3.905391262974609,-3.905391262974609,-3.905391262974609,6.072001666538336,7.753074913853108,6.457636317375037,5.9317744131307855,7.1089008671708775,5.223540719169412,6.4262106470216285,4.572549531452069,-3.905391262974609,1.6088876870186422,3.686395422883483,4.720093792718659,-0.7085327103134897,5.763955576470531,-3.905391262974609,-3.905391262974609,-3.905391262974609,-0.8522059159551318,-3.905391262974609,-3.905391262974609,-3.905391262974609,2.2862714821801537,-3.905391262974609,-3.905391262974609,1.1633281881043445,2.713003444863933,-3.905391262974609,-3.905391262974609,2.7758269443321435,3.3658511394315687,-3.905391262974609,4.805362414307596,2.1796491787134027,-3.905391262974609,2.016231293549021,-3.905391262974609,4.392309744494976,-3.905391262974609,3.8277393269518614,8.267972799193211,4.585289371216473,-3.905391262974609,-3.905391262974609,-0.5181885814693619,-3.905391262974609,-3.905391262974609,1.472537224849594,-3.905391262974609,0.29117051356421975,3.83857687946311,-3.905391262974609,5.979164355757303,-3.905391262974609,-1.4943192273902515,-3.905391262974609,7.597794935943119,-3.905391262974609,-3.905391262974609,-3.905391262974609,7.1400372478668395,-3.905391262974609,1.0447012294425502,1.6874698829644164,3.412673930245947,-3.905391262974609,4.1016809334150475,-3.905391262974609,-3.905391262974609,-1.2521081593648198,2.594166518456296,2.49903955055754,4.462075584211273,-3.905391262974609,-3.905391262974609,-3.905391262974609,5.920113151390327,6.735955550772079,-3.905391262974609,-3.905391262974609,-3.905391262974609,-3.905391262974609
HSMA33J9,-4.738600518140894,-4.738600518140894,-4.738600518140894,3.951387766069277,5.937630158083555,-2.45321747016272,3.3629092990644143,1.564122964148762,0.7359103244911278,-4.738600518140894,3.8997838336103428,-4.738600518140894,-4.738600518140894,0.9320330423594996,-4.738600518140894,-4.738600518140894,-4.738600518140894,-4.738600518140894,-4.738600518140894,-4.738600518140894,4.56751172200726,6.13400528744065,4.311598735431307,5.37868278009668,6.0127298351058345,3.3070406323979107,5.034034846394426,5.5767036948695115,-4.738600518140894,-0.9775462567775453,2.3554851244045265,4.528890910201536,0.22892545516751817,7.492124600681022,-4.738600518140894,-1.204273157488247,-0.09999466299991688,2.6601965687968736,0.4951528656811064,-4.738600518140894,-2.0898404304802796,4.699605895493696,-4.738600518140894,-4.738600518140894,2.0100820180643515,2.731895062808835,-4.738600518140894,-4.738600518140894,2.997228071675237,4.234546988964817,-4.738600518140894,5.546765163500563,-4.738600518140894,-4.738600518140894,3.806010651052129,-4.738600518140894,6.312508104359718,-4.738600518140894,4.435663598430903,7.662696308980363,3.1137072425363037,-4.738600518140894,-0.43593091154253294,0.730932459107974,-4.738600518140894,1.5832631002123287,2.2526960551875925,0.7304786947599098,0.47191339551729605,3.175957849741885,-4.738600518140894,4.583642311372816,1.4237876430121403,-1.8356308702513289,2.812073236105209,5.505363946571881,-4.738600518140894,-0.415736571049937,1.344487503182048,4.780448727956058,-4.738600518140894,0.37314615991541444,2.791540380277487,4.426794314655197,-4.738600518140894,3.6784190279812625,-4.738600518140894,-4.738600518140894,2.631723062171459,3.2390758386073184,1.8854790160522903,4.574793961564666,-4.738600518140894,-4.738600518140894,-0.41430960390362515,5.597506654562954,5.382206733124679,-4.738600518140894,-4.738600518140894,-4.738600518140894,-4.738600518140894
HSMA33MS,0.2406486888301025,-3.6809818085835175,-3.6809818085835175,5.098722941184127,6.970997833550206,-1.9139740102423008,5.255257712365812,2.240642132390148,-3.6809818085835175,-3.6809818085835175,4.535039238571134,-3.6809818085835175,-3.6809818085835175,2.950412182296782,-3.6809818085835175,-3.6809818085835175,-3.6809818085835175,-3.6809818085835175,-3.6809818085835175,-3.6809818085835175,6.48469089889603,5.968555920557231,5.175814436672711,6.199664380005206,6.997491995014287,3.7041733272281494,5.908161841560475,4.367710199641522,-3.6809818085835175,-3.6809818085835175,-3.6809818085835175,3.946127860739482,-3.6809818085835175,-3.6809818085835175,-3.6809818085835175,-3.6809818085835175,-3.6809818085835175,-3.6809818085835175,-3.6809818085835175,-3.6809818085835175,-3.6809818085835175,3.325684519484974,-3.6809818085835175,-3.6809818085835175,1.740223377750759,2.610259929248987,-3.6809818085835175,-3.6809818085835175,2.673680381352857,4.341928516054068,-3.6809818085835175,-3.6809818085835175,0.905736825660675,-3.6809818085835175,2.3923055935845143,-3.6809818085835175,6.526077462420094,-3.6809818085835175,4.571413525142284,8.073064825368562,2.7827124526375613,-3.6809818085835175,-3.6809818085835175,-3.6809818085835175,-3.6809818085835175,-3.6809818085835175,4.789255184706717,-3.6809818085835175,1.0870766735899782,2.8096512972187533,-3.6809818085835175,4.196648552540436,4.889286031345912,-3.6809818085835175,4.941259977142517,6.972698423150106,-3.6809818085835175,-3.6809818085835175,2.012570436666813,9.454100108143118,-3.6809818085835175,3.009813042337907,5.987438262734478,4.986243949333887,-3.6809818085835175,-0.3484294653058164,-3.6809818085835175,2.168522513833204,-0.4308360946540226,4.459325284906246,2.6707410820047066,4.9708153794076475,-3.6809818085835175,-3.6809818085835175,-3.6809818085835175,5.92429902774566,6.4683312001109385,-3.6809818085835175,-3.6809818085835175,-3.6809818085835175,-3.6809818085835175
HSMA33NY,-4.674289046852158,-4.674289046852158,-4.674289046852158,4.011384141732806,6.263431123116867,-4.674289046852158,3.829792757037935,1.8964598032179003,-1.2801329889046933,0.7920016996387389,3.352456463822384,-4.674289046852158,-4.674289046852158,1.7601657594160205,-4.674289046852158,-4.674289046852158,-4.674289046852158,-4.674289046852158,-4.674289046852158,-4.674289046852158,5.015989954705173,6.863347898613387,4.742104083387245,4.75600043480095,6.50272032246534,3.94353986063941,4.582479257041475,4.261905587543498,-4.674289046852158,-0.46321836505569713,3.574429073061335,5.08537098360259,0.5347749900235659,1.8446124238438388,-4.674289046852158,-4.674289046852158,-1.5261679089785432,0.48196330869696347,0.17184990153379864,-4.674289046852158,-4.674289046852158,3.3983294627391274,-4.674289046852158,-4.674289046852158,1.489654292155297,2.2616380434637042,1.0200644705789301,-4.674289046852158,3.1045120664472066,4.499433220427176,-4.674289046852158,6.3653777367816,-4.674289046852158,-4.674289046852158,2.712110085923369,-4.674289046852158,6.130006658536264,-4.674289046852158,4.716256677721918,7.496750585892522,3.352090524389787,-4.674289046852158,0.5261644634375973,1.0646649197981226,-4.674289046852158,1.9335785196020758,2.985989929973014,-0.20929604666569368,0.7957825531560445,3.683300124938323,-4.674289046852158,3.8190435056809617,4.401031925661853,0.6600874844443734,-4.674289046852158,5.9609208369784605,-4.674289046852158,-1.3381927941014524,1.8406382025748318,7.351146383619699,-4.674289046852158,-2.560278022581235,4.37814197101566,3.394793592556761,-4.674289046852158,3.9408214162084674,-4.674289046852158,1.9158841448907227,2.8624365800095966,4.552916260692509,1.9409598199418934,4.396006106519057,-4.674289046852158,-4.674289046852158,-4.674289046852158,5.26178983324059,5.869745772434424,-4.674289046852158,-4.674289046852158,-4.674289046852158,-4.674289046852158
HSMA33QM,6.91478653225372,-4.759488528857728,-4.759488528857728,3.154094147732482,6.290207939992387,-1.9397203141333037,5.277439721503228,1.7980532327050147,0.8941815684482322,1.9006385385995577,3.8768724246340396,-4.759488528857728,-4.759488528857728,0.2731093177882684,-4.759488528857728,-4.759488528857728,-4.759488528857728,-4.759488528857728,-4.759488528857728,-4.759488528857728,4.5389322740938605,5.746595185563425,4.386923866587997,6.038477870255234,6.1829750325387804,3.6253536468814724,5.014035710882262,3.367148064916891,-4.759488528857728,1.0053702381964342,3.694740461298734,4.9865743576097135,-1.4274984624716378,-4.759488528857728,-4.759488528857728,-4.759488528857728,1.5465433082530842,-0.22357323600043522,-0.8118623423078901,-4.759488528857728,-4.759488528857728,0.1537238477530245,-4.759488528857728,1.4884689137381235,1.247685423111518,2.4919929426256564,1.4121129431095483,-4.759488528857728,3.2727868490070415,4.521547239594552,-4.759488528857728,4.791261950269598,-4.759488528857728,-4.759488528857728,2.550666365989853,-4.759488528857728,6.060899732337368,-4.759488528857728,4.525730401107193,7.801804356540378,2.3832189576284017,-4.759488528857728,-0.9806093634257174,-0.779695308963122,-4.759488528857728,-4.759488528857728,2.385643110749249,0.4642009893240644,0.446363373977853,2.447948664502567,1.7335091676716239,4.289363746382572,5.277184943188486,0.7873956824272881,4.119378185840079,5.985978514093791,-4.759488528857728,-4.759488528857728,0.4145106648730401,4.528192732947204,1.7539732532916084,1.5784885491253462,2.983584389960356,3.453167008309852,-4.759488528857728,0.927025883779482,-4.759488528857728,-4.759488528857728,-1.9849048706431809,4.681694508268918,2.387728191692987,4.004623598653858,-4.759488528857728,-4.759488528857728,-4.759488528857728,5.090285274344932,6.0532341975857555,-4.759488528857728,-4.759488528857728,-4.759488528857728,-4.759488528857728
HSMA33QO,4.552683383701103,-3.323741382336797,-3.323741382336797,2.209098723658565,7.607049555020895,-3.323741382336797,5.673722144901469,-3.323741382336797,-3.323741382336797,-3.323741382336797,3.982555935555143,-3.323741382336797,-3.323741382336797,2.744586244960894,-3.323741382336797,-3.323741382336797,-3.323741382336797,-3.323741382336797,-3.323741382336797,-3.323741382336797,6.158859913617798,6.532290356684099,5.6981624837807265,5.505279510886129,6.979223297748957,4.37177309752336,5.8148977502236985,3.212445973156939,-3.323741382336797,-3.323741382336797,1.7593132122846225,2.296252715949892,-3.323741382336797,3.5318663166446003,-3.323741382336797,-3.323741382336797,-3.323741382336797,-3.323741382336797,-3.323741382336797,-3.323741382336797,-3.323741382336797,2.327296691581793,-3.323741382336797,-3.323741382336797,-3.323741382336797,-3.323741382336797,-3.323741382336797,-3.323741382336797,-0.5940777050945893,4.287153156260017,-3.323741382336797,2.6238601800268384,2.018386066670029,-3.323741382336797,1.4301178454248475,-3.323741382336797,5.183464102077684,-3.323741382336797,3.2490162023040767,7.9507741554801985,1.2209381011417246,-3.323741382336797,-3.323741382336797,-3.323741382336797,-3.323741382336797,-3.323741382336797,3.630847651910904,-3.323741382336797,-3.323741382336797,1.5496857282750263,3.3389826373017897,4.589448064488086,4.538993525775777,-1.2240236068941908,3.855322938398489,6.528290260407697,-3.323741382336797,-3.323741382336797,2.094738472671466,10.115518609811577,-3.323741382336797,1.6394473820255566,5.502833981601787,3.8250650526553667,-3.323741382336797,1.3212005466735945,-3.323741382336797,-3.323741382336797,-3.323741382336797,6.27854501380763,1.2306755791890343,5.1317907444296536,-3.323741382336797,-3.323741382336797,-3.323741382336797,5.360462624429985,5.170961409392447,-3.323741382336797,-3.323741382336797,-3.323741382336797,-3.323741382336797
HSMA33SE,-4.5625057538485905,-4.5625057538485905,-4.5625057538485905,1.7777981602533295,6.5693084100052666,-4.5625057538485905,4.75494056031535,1.812363753575231,0.742576969573097,-4.5625057538485905,2.6079668948699695,-4.5625057538485905,-4.5625057538485905,0.890066162155966,-4.5625057538485905,-4.5625057538485905,-4.5625057538485905,2.54124306786424,-4.5625057538485905,-4.5625057538485905,4.798486896998726,6.207970102343201,4.1017940081582696,5.310706779444903,6.215371028742576,2.9384169382014704,4.702934692089304,7.428750264843131,-4.5625057538485905,4.087301113711462,2.5866231006012494,5.285121548104497,0.43943240900874514,-4.5625057538485905,-4.5625057538485905,-4.5625057538485905,-2.2764773057910492,0.015888580499531457,-0.3573704054458755,-4.5625057538485905,-4.5625057538485905,3.1997700731491774,-4.5625057538485905,2.768688637897771,2.819522985775631,3.303939153538482,-4.5625057538485905,-4.5625057538485905,3.735811858905179,5.53738197012186,-4.5625057538485905,4.570407499821389,-0.8905625886997601,-4.5625057538485905,3.0133287041961854,-4.5625057538485905,6.479793919976098,-4.5625057538485905,6.129315306466058,7.570382368795689,3.28050279713087,-4.5625057538485905,-2.03976917429433,-2.0989726372878295,-4.5625057538485905,-0.8460283311297712,2.6023503897333997,-1.0732637101682965,1.4918257388174414,2.6889740855620383,-4.5625057538485905,3.8565122106699397,-4.5625057538485905,-0.05394781493550482,3.1842566584649132,6.1267309245640496,-4.5625057538485905,-0.48244447988453665,1.3981505795379574,6.985624325311021,-4.5625057538485905,0.7631191045840939,4.200375709713852,3.8398834004713915,-4.5625057538485905,2.482318541175956,-4.5625057538485905,-4.5625057538485905,0.5188958819285556,5.081213125945801,1.7759009764835536,4.292748411766844,-4.5625057538485905,-4.5625057538485905,2.088928383918965,5.438849723543158,5.578501712253016,-4.5625057538485905,-4.5625057538485905,-4.5625057538485905,-4.5625057538485905
HSMA33SG,-4.584261401567844,-4.584261401567844,-4.584261401567844,2.526200620901541,6.366993907495745,-4.584261401567844,4.8347750759448935,-1.2461855151772134,2.154370730354657,-4.584261401567844,3.0582830318258782,-4.584261401567844,-4.584261401567844,0.32493784900580813,-4.584261401567844,-4.584261401567844,-4.584261401567844,4.2791428249412355,-4.584261401567844,-4.584261401567844,4.922456075059523,5.912384294611336,5.112489737989962,6.304656868446093,6.198542332019493,3.674587698659102,5.598362833820477,4.943833817622353,-4.584261401567844,0.8188301157745954,-0.28779693620904645,4.20572003510421,-4.584261401567844,-0.4294813805283386,-4.584261401567844,-4.584261401567844,1.3008452494627,1.4994550943522125,1.4743217454265816,-4.584261401567844,-4.584261401567844,2.727898575046588,-4.584261401567844,2.227107448759189,2.388451522004381,3.3085769897759096,-4.584261401567844,-4.584261401567844,3.5708488861890775,5.478249720742678,-4.584261401567844,6.801661086601747,-4.584261401567844,-4.584261401567844,3.640660423330335,-4.584261401567844,6.469081396605725,-4.584261401567844,3.912256643057317,7.84479029479975,2.155646521164396,-4.584261401567844,-4.584261401567844,-4.584261401567844,-4.584261401567844,1.511910147030779,4.595324683956907,1.1156587196949364,0.6059811154589347,2.6617293891030274,-4.584261401567844,4.477769892671289,4.084534459205734,-1.6743407880361936,4.408696888113972,5.791888900925411,-4.584261401567844,-4.584261401567844,-4.584261401567844,5.87241315260365,-4.584261401567844,1.6512411469730548,5.774328938844416,5.846236835326726,-4.584261401567844,1.1065999537756923,-4.584261401567844,3.1717929652874446,1.6480690765660375,5.422322461806493,3.8963050333351283,4.7767801276234545,-4.584261401567844,-4.584261401567844,-4.584261401567844,5.684152963939946,5.205149989797186,-4.584261401567844,-4.584261401567844,-4.584261401567844,-4.584261401567844
HSMA33SI,-4.744084557414418,-4.744084557414418,-4.744084557414418,3.800253489426268,4.974029016465682,-4.744084557414418,3.2032198827592184,1.3627214290318124,2.907120525904567,-4.744084557414418,2.5009749708029787,-4.744084557414418,-4.744084557414418,-4.744084557414418,-4.744084557414418,-4.744084557414418,-4.744084557414418,6.704761824152941,-4.744084557414418,-4.744084557414418,2.916602273936828,5.646070217047694,3.6357631910221926,4.16200838486439,5.402898894591871,2.672167449745494,4.284884492282004,6.995072495270925,-4.744084557414418,3.253206753197234,2.7209767932279156,4.485850671395282,-4.744084557414418,5.48635687864947,1.683186194571884,-4.744084557414418,0.4258496305269279,2.9572481312933636,0.8424098469597574,-4.744084557414418,1.3028459954596618,3.9276530955306095,-4.744084557414418,3.8882789949623717,2.7943092272666563,2.695307321698686,1.5786986217858088,-4.744084557414418,1.706533886530564,4.94939066398715,-4.744084557414418,6.829402011605515,-4.744084557414418,-4.744084557414418,5.230412855555921,-4.744084557414418,7.231091567818204,-4.744084557414418,2.3389805316547347,6.7703733530499655,1.7851226548533363,-4.744084557414418,-4.744084557414418,-4.744084557414418,-4.744084557414418,3.1510688878665416,2.9722369954536596,4.97864713506481,0.6559007089316911,1.8630699208957235,-4.744084557414418,3.6032012780040557,2.809249621403181,-4.744084557414418,4.63085706525826,3.675707881377093,-4.744084557414418,-4.744084557414418,-4.744084557414418,2.1265855679514116,-4.744084557414418,0.7100279025048106,4.178368935996933,3.6990609532656276,-4.744084557414418,-4.744084557414418,-4.744084557414418,1.863633572504046,2.939920620697908,2.063559092885079,3.842804147278783,5.296104226456545,-4.744084557414418,-4.744084557414418,1.2320282293912932,6.733863587802625,4.917705418943449,-4.744084557414418,-4.744084557414418,-4.744084557414418,-4.744084557414418
HSMA33SK,-4.711633717770615,-4.711633717770615,-4.711633717770615,4.623523831076479,6.302782992860907,-2.9345431637503374,5.21952859546264,1.3202509070867228,1.5040933021578304,0.4821405787791111,3.742681404255241,-4.711633717770615,-4.711633717770615,-0.9599299145012452,-4.711633717770615,-4.711633717770615,-4.711633717770615,-1.0288934825104814,-4.711633717770615,-4.711633717770615,5.1084838788050275,5.630454333423721,4.471455812828129,4.3048068598796485,6.486044604425925,3.380802955435313,5.138316746126533,4.783493950523221,-4.711633717770615,1.8009930665251206,0.6724936540405562,2.702640031486583,-4.711633717770615,-4.711633717770615,-1.4368880593703448,-4.711633717770615,-4.711633717770615,0.9852621798398271,-4.711633717770615,-4.711633717770615,-1.9625236525661833,1.684043536672739,-4.711633717770615,1.556561872599418,0.6558237394594872,3.3602595970983824,-4.711633717770615,-4.711633717770615,4.001394922953212,4.7939009971399615,-4.711633717770615,1.1709880161085406,-4.711633717770615,-4.711633717770615,3.17290281628998,-4.711633717770615,6.928503052886066,-4.711633717770615,4.750987700068405,7.9303524301476465,1.1036492049010125,-4.711633717770615,-4.711633717770615,-4.711633717770615,-4.711633717770615,-4.711633717770615,2.0454895939333415,-2.2999461445204137,1.0310964337113315,0.9867267592199447,2.0091744077524103,4.111995565233392,3.9791048863683924,-4.711633717770615,4.866915853838939,5.8138753107914845,-4.711633717770615,-4.711633717770615,-4.711633717770615,5.630869652128975,-4.711633717770615,2.5369564344866102,-0.8576909520497953,5.454908442424375,-4.711633717770615,-0.157809815016849,3.4640505726347985,1.123310387155371,-4.711633717770615,6.110538864556996,4.006908508176164,5.214919977487478,2.572496994371477,0.14352323638901865,-1.6733758787621529,5.071313226770981,5.653013539706846,1.1988954636148188,0.3171403894864149,2.3829889662527917,2.1462175827243453
MSM6J2HN,-3.7660518388772424,-3.7660518388772424,-3.7660518388772424,4.558026324727426,6.782468829939996,-3.7660518388772424,1.9868137671186918,-3.7660518388772424,-3.7660518388772424,-3.7660518388772424,4.178656259851777,5.703787145235921,6.321466768520946,-1.193138476267153,-3.7660518388772424,-3.7660518388772424,-3.7660518388772424,5.1350226715172775,-3.7660518388772424,-3.7660518388772424,3.4554496761646547,8.872755937138592,4.582041717832489,8.1492718270246,7.623989301091738,6.1808800004843345,5.498893631448217,-2.3924119623797715,-3.7660518388772424,-3.7660518388772424,4.049867627749695,2.0944368056383187,-3.7660518388772424,7.483412876562027,-3.7660518388772424,-3.7660518388772424,-3.7660518388772424,-0.15495300194940675,-3.7660518388772424,-3.7660518388772424,-3.7660518388772424,3.610525442503821,-3.7660518388772424,0.3006919438665623,-1.7773206959484025,-3.7660518388772424,-3.7660518388772424,-3.7660518388772424,2.6544875299525845,3.2468750914095423,-3.7660518388772424,-3.7660518388772424,2.115092583132263,4.0220855581108355,0.7961825250865857,0.17850584542463643,6.953092586384615,-3.7660518388772424,2.682567195722113,7.4530085613676675,-3.7660518388772424,3.7796402134196603,0.17059803263531848,-3.7660518388772424,-3.7660518388772424,-3.7660518388772424,-3.7660518388772424,-3.7660518388772424,0.5958259447597829,1.5279489006759608,3.268969771687095,-3.7660518388772424,3.53472123677654,4.855775843073758,-3.7660518388772424,6.753380197668934,-3.7660518388772424,-3.7660518388772424,2.3806081344158043,-3.7660518388772424,-3.7660518388772424,2.976794643635019,6.917395431964771,3.564350365206116,-3.7660518388772424,1.2157639748550721,4.548106797107182,-3.7660518388772424,-3.7660518388772424,4.026251997318699,3.2950466807279275,3.010292957238552,-3.7660518388772424,-3.7660518388772424,-3.7660518388772424,6.022272622802379,-3.7660518388772424,-3.7660518388772424,-3.7660518388772424,-0.46502647228631844,1.405290936838755
MSM6J2HP,-3.9879483823295967,-3.9879483823295967,-3.9879483823295967,6.38311231990736,6.555722092621252,-3.9879483823295967,2.478743598573404,3.0258724514204474,2.310923260903783,-3.9879483823295967,3.809177388465458,6.000263019241921,6.383308743963561,-3.9879483823295967,-3.9879483823295967,-3.9879483823295967,-3.9879483823295967,3.958576885182505,-3.9879483823295967,-3.9879483823295967,5.644647703633048,7.715956742390208,4.651750548727268,8.266076628003212,6.189122030025199,5.198573028395617,5.328823018670293,-0.6131232902239159,-3.9879483823295967,-3.9879483823295967,4.9888985126588015,3.1909134254983416,-3.9879483823295967,-3.9879483823295967,-3.9879483823295967,0.40205604747831636,0.4136530999242165,4.421645959931449,-3.9879483823295967,-3.9879483823295967,-3.9879483823295967,4.966026737067326,0.6934354339241757,-3.9879483823295967,-3.9879483823295967,-3.9879483823295967,-3.9879483823295967,-3.9879483823295967,1.6350280353052096,2.7450153249230285,-3.9879483823295967,-3.9879483823295967,-3.9879483823295967,3.7504528850981362,3.2740682367240908,0.931847169303861,3.4017469891854386,-3.9879483823295967,4.69251738236695,8.011741882736148,1.3407227949127432,-3.9879483823295967,1.8961508003603873,-3.9879483823295967,-3.9879483823295967,-3.9879483823295967,1.2230391148386364,-3.9879483823295967,3.6319839878024176,2.7571403328505655,-3.9879483823295967,-3.9879483823295967,5.240957550699232,5.910800244249274,3.4426604609004308,6.763451902942251,-3.9879483823295967,-3.9879483823295967,-3.9879483823295967,-3.9879483823295967,-3.9879483823295967,3.1954458515114936,5.169313953980299,3.448590955313512,-3.9879483823295967,2.7360125272432034,4.697440921059555,-3.9879483823295967,-3.9879483823295967,5.394840620592147,2.9170443951723035,4.871045459834631,-3.9879483823295967,-3.9879483823295967,-3.9879483823295967,7.942152332519592,-3.9879483823295967,-3.9879483823295967,-3.9879483823295967,-3.9879483823295967,-3.9879483823295967
MSM6J2HR,-3.4709447160969784,-3.4709447160969784,-3.4709447160969784,6.572690374068266,7.574479970300361,-0.38950003875451955,4.3016236499076,1.9643856215143458,-3.4709447160969784,-3.4709447160969784,4.490453893825646,6.717580435210844,6.639842500681951,-1.2860756043835053,-3.4709447160969784,-3.4709447160969784,-3.4709447160969784,4.925688262750387,-3.4709447160969784,-3.4709447160969784,3.819124552732739,9.234073034154058,5.083511303531161,8.847759105736683,7.658915061338924,6.75304581807,6.63123550135238,0.5938349671670249,-3.4709447160969784,1.6584692173961422,3.7161646785399878,1.3683393613564636,-3.4709447160969784,-3.4709447160969784,-3.4709447160969784,-3.4709447160969784,-3.4709447160969784,-3.4709447160969784,-3.4709447160969784,-3.4709447160969784,-3.4709447160969784,4.494238350832927,-3.4709447160969784,-3.4709447160969784,-3.4709447160969784,-3.4709447160969784,-3.4709447160969784,-3.4709447160969784,1.675987406779253,2.416560107204803,-3.4709447160969784,-3.4709447160969784,0.744743617374704,4.456964208471003,0.6593590874170303,-3.4709447160969784,6.83444133576918,-3.4709447160969784,3.6366484756172843,7.528445220381229,-3.4709447160969784,-3.4709447160969784,-0.5033888744535879,-3.4709447160969784,-3.4709447160969784,-3.4709447160969784,-3.4709447160969784,-3.4709447160969784,2.0859122282909937,2.2785140193561126,1.70952959940095,-3.4709447160969784,4.655771475844594,4.40298748421551,2.14310769770484,6.734993784269725,-3.4709447160969784,-3.4709447160969784,-3.4709447160969784,-3.4709447160969784,0.8392838001249885,2.1151187321636726,6.457652111503867,3.781018716491551,-3.4709447160969784,-3.4709447160969784,4.638289835408769,-3.4709447160969784,-3.4709447160969784,4.6238534091784365,2.4028628111749164,4.111299564556243,-3.4709447160969784,-3.4709447160969784,-3.4709447160969784,5.63117879765998,-3.4709447160969784,-3.4709447160969784,-3.4709447160969784,-3.4709447160969784,-3.4709447160969784
MSM6J2HT,-3.2453885352250236,-3.2453885352250236,-3.2453885352250236,6.680668350762275,8.111764740674225,-0.712640548711164,4.167403994169025,1.4309890511692593,-3.2453885352250236,-3.2453885352250236,4.809015096908509,7.955614936842785,6.288771380810135,-1.2202709806575935,-3.2453885352250236,-3.2453885352250236,-3.2453885352250236,5.936383960580882,-3.2453885352250236,-3.2453885352250236,4.521228862192539,9.183013589820117,6.098749943197293,9.353626924348852,8.140175931176213,7.354722459176747,7.485816286225463,-3.2453885352250236,-3.2453885352250236,0.7442175443336883,3.323927550250528,1.5334697248865172,-3.2453885352250236,-3.2453885352250236,-3.2453885352250236,-3.2453885352250236,-3.2453885352250236,-3.2453885352250236,-3.2453885352250236,-3.2453885352250236,-3.2453885352250236,-0.07744760645507043,-3.2453885352250236,1.029685507747356,-3.2453885352250236,-3.2453885352250236,-3.2453885352250236,-3.2453885352250236,1.5585993133258107,1.7453922517176004,-3.2453885352250236,-3.2453885352250236,-3.2453885352250236,1.2327090535106802,2.9034555608942005,0.3109125969906046,3.209554099153273,-3.2453885352250236,1.248002050888994,5.411263149554798,-3.2453885352250236,1.1395988345653176,-3.2453885352250236,-3.2453885352250236,-3.2453885352250236,-3.2453885352250236,-3.2453885352250236,-3.2453885352250236,3.4124439782390352,0.5390624861063724,-3.2453885352250236,-3.2453885352250236,3.590386801074196,5.053250461236576,3.3989495509148853,7.132591158141804,-3.2453885352250236,-3.2453885352250236,1.8935841865505108,-3.2453885352250236,-3.2453885352250236,2.182401336760119,3.995119468471791,1.577250578626547,-3.2453885352250236,-0.4577917357173007,3.3338364428173124,-3.2453885352250236,-3.2453885352250236,3.6314888735616986,2.629986160501831,4.561706571267138,-3.2453885352250236,-3.2453885352250236,-3.2453885352250236,5.273607296864773,-3.2453885352250236,-3.2453885352250236,-3.2453885352250236,-3.2453885352250236,-0.6406548585418523
MSM6J2JN,8.349925851984413,5.55451602548584,1.054600906831876,3.7769543557363665,-4.153740730333853,-4.153740730333853,-4.153740730333853,0.5214184728495734,0.17425258070166905,1.8350399868188711,-4.153740730333853,6.583244966368012,-4.153740730333853,-4.153740730333853,-4.153740730333853,-4.153740730333853,-4.153740730333853,3.9946794174933666,-4.153740730333853,1.261177358326698,7.355188864937176,-4.153740730333853,5.306261551615754,8.191749135062926,7.665303515622744,4.935543776374087,-4.153740730333853,4.112939049794225,2.9774964506229082,1.883468046757744,-4.153740730333853,-4.153740730333853,5.075583951853207,-0.3310861844554349,-4.153740730333853,0.8238695620160374,-4.153740730333853,2.467745345262765,-0.8343805339178907,1.4066973561359202,1.4926329024430807,4.084807717902715,0.5293680675360175,1.7636176964357615,-4.153740730333853,-4.153740730333853,-4.153740730333853,5.67076067450351,2.1625949641238496,-4.153740730333853,-4.153740730333853,2.3678994861657285,1.4136707537540278,-4.153740730333853,3.708536570090133,3.3066970833436846,5.566989338751754,-4.153740730333853,-4.153740730333853,5.567252635485639,3.7316249997982425,-4.153740730333853,-4.153740730333853,0.8664492696199471,-4.153740730333853,-4.153740730333853,-4.153740730333853,-4.153740730333853,-0.5646111864192758,2.0879715835694093,0.23185434609619548,5.101000876372666,5.3470077381365915,-0.5441334087825158,-4.153740730333853,6.3320390259745025,-4.153740730333853,3.3967189550824832,-4.153740730333853,-0.7852855304192676,-4.153740730333853,3.956326401436206,3.2130499710296716,3.076251911950979,-4.153740730333853,-2.4898250066730903,3.0796571332653677,-4.153740730333853,-4.153740730333853,-4.153740730333853,0.8500653386875889,1.5766384613692495,-4.153740730333853,-4.153740730333853,-0.09647045681712818,5.788320883363528,-4.153740730333853,0.943915443017497,0.6046527434325135,1.1819415695760913,1.641191180205194
MSM6J2JP,9.496970017183385,5.287719226564651,1.645993683533014,5.163593325385082,-3.8483398393779353,-3.8483398393779353,-3.8483398393779353,1.4967181674210508,2.456788283531501,-3.8483398393779353,-3.8483398393779353,6.681268210951239,-3.8483398393779353,-3.8483398393779353,-3.8483398393779353,-3.8483398393779353,-3.8483398393779353,3.902881213908869,-3.8483398393779353,-0.09620938174681193,5.581897341043691,-0.09381291330135433,5.026391068729654,7.941545369350539,6.65872123180601,4.628191591031691,-3.8483398393779353,4.920559740667983,4.004152492276164,2.7358043917048294,-3.8483398393779353,-3.8483398393779353,2.8218640726501123,-3.8483398393779353,-0.39290478317074395,1.6551957628046416,1.6117991162487435,3.40949047773997,0.36313777589723806,1.9151440728868696,2.469225144539508,2.7782710871088714,2.223732688122171,2.6605520560265354,-3.8483398393779353,-3.8483398393779353,-3.8483398393779353,5.192955971828665,2.3205256096130027,-3.8483398393779353,-3.8483398393779353,4.2620323627614365,-3.8483398393779353,-3.8483398393779353,3.8261604132597764,4.022896311895539,5.01282768898879,-3.8483398393779353,-3.8483398393779353,3.8527789404346953,5.0298032480116985,-3.8483398393779353,-3.8483398393779353,1.8009975660376156,-3.8483398393779353,-3.8483398393779353,-3.8483398393779353,3.0545876654636253,0.9594558483403866,3.1079961877507536,3.039057443110476,4.592949495584176,5.3431332367050945,-1.1129423110992924,-3.8483398393779353,6.156085071963375,-3.8483398393779353,1.0617408870243779,-3.8483398393779353,-3.8483398393779353,-3.8483398393779353,2.26959028982514,-3.8483398393779353,0.012796069171377766,-3.8483398393779353,-2.0549532635649754,4.396255415170662,-3.8483398393779353,0.8885397712422289,-3.8483398393779353,0.8722760310805171,3.749029450475165,-3.8483398393779353,-3.8483398393779353,-3.8483398393779353,6.412376679415296,-3.8483398393779353,-3.8483398393779353,-3.8483398393779353,-3.8483398393779353,-3.8483398393779353
MSM6J2JR,8.736346610430296,4.516359952062823,1.5584448504423491,4.943353452680402,-3.90071543419562,-3.90071543419562,-3.90071543419562,1.546493443166689,1.952600309503798,-3.90071543419562,-3.90071543419562,8.786032606109021,-3.90071543419562,-3.90071543419562,-3.90071543419562,-3.90071543419562,-3.90071543419562,5.7790957356662265,-3.90071543419562,0.6428194593270735,5.565886401620186,-3.90071543419562,4.761975640419222,6.951966707684395,7.353732724192196,5.062806968119912,-3.90071543419562,5.20220703738215,4.216900306260535,2.8661563860190373,-3.90071543419562,-3.90071543419562,2.248799556000476,-3.90071543419562,-0.17961611709055525,1.1870809427228775,0.7510696784117439,3.456258134316677,-1.4457598128784106,2.153504269519904,1.9234004961543816,2.2615143549463355,2.192531987165953,3.451299176003693,-3.90071543419562,-3.90071543419562,-3.90071543419562,5.559562989241653,3.4631596203503676,-3.90071543419562,-3.90071543419562,3.4899801051204618,1.4005231546846417,-3.90071543419562,4.292340208362352,3.473066709077271,6.3756414720511625,-3.90071543419562,-3.90071543419562,4.370766139616818,3.8201160187601024,-3.90071543419562,-3.90071543419562,1.484968772446022,-3.90071543419562,-3.90071543419562,-3.90071543419562,2.019163912192403,0.9595703133734652,2.7429693931373995,-3.90071543419562,3.544578562868373,5.487923136017959,-0.9144664117222643,-3.90071543419562,6.606845407669785,-3.90071543419562,1.1177542670225762,-3.90071543419562,-3.90071543419562,-3.90071543419562,1.3974266578137549,2.6319048647700436,3.3377053877792644,-3.90071543419562,-3.90071543419562,5.919752022514371,-3.90071543419562,0.501353546735503,-3.90071543419562,1.7853938332334103,3.457115191987419,-3.90071543419562,-3.90071543419562,-3.90071543419562,6.56524887572938,-3.90071543419562,-3.90071543419562,-3.90071543419562,-3.90071543419562,-3.90071543419562
MSM6J2JT,8.255661131731312,6.838062848623485,2.372579504262945,7.253202248067927,-3.878787601490693,-3.878787601490693,-3.878787601490693,2.1503392493962563,3.159927201329575,-3.878787601490693,-3.878787601490693,6.302028526158219,-3.878787601490693,-3.878787601490693,-3.878787601490693,-3.878787601490693,-3.878787601490693,1.632844680755131,-3.878787601490693,2.1258121553751845,6.578859129069109,-3.878787601490693,5.2237014009725575,8.91129564554519,6.529391413478381,4.935650248028266,-3.878787601490693,4.461256932706401,4.982602950520903,2.421147301138018,-3.878787601490693,-3.878787601490693,3.3917623941531225,-3.878787601490693,-0.7438813008134151,1.0892745426404744,2.800141456928407,3.638786569605881,-0.6928597598780382,0.19645772747114876,2.012779511447799,1.8986215780302338,1.7846480809613237,3.826225727302151,-3.878787601490693,-3.878787601490693,-3.878787601490693,5.751852470486248,1.8310103308515764,-3.878787601490693,-3.878787601490693,-3.878787601490693,-3.878787601490693,-3.878787601490693,4.667028120441838,3.2381587680493276,6.062457284579919,-3.878787601490693,-3.878787601490693,3.7000049732398645,3.5866235603744867,-3.878787601490693,-3.878787601490693,1.4335126210215368,-3.878787601490693,-3.878787601490693,-3.878787601490693,2.593775119957364,1.4404994852420607,2.2807667232845326,2.3780472831178843,4.7241284910169625,5.216118485788039,-3.878787601490693,-3.878787601490693,7.165904412917502,-3.878787601490693,1.8421830596896651,-3.878787601490693,-3.878787601490693,-3.878787601490693,4.383822835133766,4.129299448101573,3.3874151057011943,-3.878787601490693,-3.878787601490693,6.460512715379103,-3.878787601490693,-3.878787601490693,-3.878787601490693,2.847803774488969,4.815815656053397,-3.878787601490693,-3.878787601490693,-3.878787601490693,6.666320254608942,-3.878787601490693,-3.878787601490693,-3.878787601490693,-3.878787601490693,-3.878787601490693
MSM6J2JZ,-1.2267469224098342,2.813361440174944,1.7474394969511486,2.0917106940744654,5.224147360159496,-0.407614490268724,4.568505756635882,-4.444855888768922,-4.444855888768922,2.511027536821956,1.7117798575664223,5.1729350364408715,3.432893314407444,4.715101514115647,3.433542445344769,4.950477445144902,-4.444855888768922,5.523938250796311,6.434520283658784,2.521077524976029,3.0922132823771706,-1.8167962145931238,4.978811595126761,4.763914013195168,6.080415783523563,-0.10091170803225324,6.2765666734366095,-4.444855888768922,-4.444855888768922,-4.444855888768922,1.691842631175251,-4.444855888768922,0.4218858852080061,-4.444855888768922,-4.444855888768922,-4.444855888768922,-4.444855888768922,-4.444855888768922,-4.444855888768922,-4.444855888768922,-4.444855888768922,-4.444855888768922,-4.444855888768922,0.23482911874847545,-0.7020314442332882,-0.14641670653821848,-4.444855888768922,-4.444855888768922,1.484506301553802,0.9362193523052049,-4.444855888768922,1.055898261613338,-4.444855888768922,3.539355720531935,0.5892137102614043,-4.444855888768922,5.077458407396933,4.7489736642274245,-0.4943956258862219,5.780887687157344,0.5214322490100365,-1.3643635841948303,-0.5759262316425477,-0.407614490268724,-4.444855888768922,-4.444855888768922,1.3029443250301878,-4.444855888768922,1.1552802735194252,2.002501047793687,-4.444855888768922,4.413384122179011,2.964779287967393,-4.444855888768922,5.002706626550376,-4.444855888768922,4.967582835995759,0.14223210717750057,1.1086912830217628,8.78312628023527,0.350142437579926,1.1717684291816202,3.957457689876672,4.209093157130972,-4.444855888768922,-4.444855888768922,2.6723621395873067,-4.444855888768922,-4.444855888768922,2.3782150408654097,1.7335498972670065,2.275470701231005,-4.444855888768922,-4.444855888768922,-4.444855888768922,6.6849488110544755,5.356644209920524,-4.444855888768922,-4.444855888768922,0.09992559276812507,0.8427967124668516
MSM6J2K2,0.23343005290358398,2.5529846998124244,1.1187378395655365,2.795343162831969,5.5117571328422725,-0.8457374175397963,5.060935696030032,-4.054195017558595,-4.054195017558595,-4.054195017558595,1.7814206179026053,5.352499581414005,3.503037165476778,4.810738887815535,3.4261727527535806,4.811657468425766,-4.054195017558595,5.453327492897135,6.450997681591883,0.7562498834650473,3.243989748369505,-4.054195017558595,4.106661537627713,4.959856354998613,5.870024627020924,-4.054195017558595,6.601985501987976,0.5425344010808093,-4.054195017558595,-4.054195017558595,0.8175435064220302,-4.054195017558595,-4.054195017558595,-4.054195017558595,-4.054195017558595,-4.054195017558595,-4.054195017558595,-4.054195017558595,-4.054195017558595,-4.054195017558595,-4.054195017558595,-0.5977720062573066,-4.054195017558595,0.9757127588600909,-4.054195017558595,-1.7965634229496033,0.4647683272680787,-4.054195017558595,1.4004566738525774,1.315429505160676,-4.054195017558595,-4.054195017558595,0.49660406361653564,4.345776348105804,-4.054195017558595,-4.054195017558595,5.797932883141556,4.940177268705014,1.4783659414060502,6.369103754746137,-0.07444036541135546,-4.054195017558595,-4.054195017558595,-4.054195017558595,0.7909641336298545,-4.054195017558595,2.0687056765708354,-4.054195017558595,-0.3418768149785514,2.1401515047791904,1.464727886390305,4.1477615575952935,2.8860702007021537,-4.054195017558595,4.760381775109593,-4.054195017558595,5.425138145333477,-2.151051273699551,-4.054195017558595,9.30482656461592,-1.8581127860725406,3.27231990706142,4.799453945852284,4.578886497761435,-4.054195017558595,-4.054195017558595,3.5648752676713755,-4.054195017558595,-4.054195017558595,3.6664133652343196,1.5086071162570232,2.7703533805632583,-4.054195017558595,-4.054195017558595,-4.054195017558595,6.957447918555282,5.3322529947960335,-4.054195017558595,-4.054195017558595,0.15178688432443543,1.0044067834672852
MSM6J2K4,-0.7415619398823932,3.4321812837097463,4.166869266551257,3.2516846856504475,6.58140250317649,0.2497266369133211,5.59751675286779,-4.408880614948091,-4.408880614948091,-4.408880614948091,3.2474047160895765,5.88432800661564,4.931278204174495,5.614485378610114,3.81545749595774,5.261915108537038,-4.408880614948091,5.62572558631298,6.9880826598988435,0.1610028012964424,4.633906555638202,-4.408880614948091,5.246085355345397,5.433999201169309,6.556944310359406,2.7011954881526368,6.471647300139724,0.3273440043497331,-4.408880614948091,-4.408880614948091,1.4102874684149036,-4.408880614948091,-4.408880614948091,-4.408880614948091,-4.408880614948091,-4.408880614948091,-4.408880614948091,-4.408880614948091,-4.408880614948091,-4.408880614948091,-4.408880614948091,-4.408880614948091,-4.408880614948091,1.5423792578809152,-0.38238536191283323,0.7434073222767079,-4.408880614948091,-4.408880614948091,2.0966723589996574,1.8519743044633303,-4.408880614948091,-4.408880614948091,-0.5128099905927108,3.22331742677033,1.333524605340541,1.568789663486604,6.053754204704128,3.037614977695415,0.9522402775468777,6.138273994808861,0.5622423266520187,-4.408880614948091,-4.408880614948091,-4.408880614948091,-4.408880614948091,-4.408880614948091,0.93390117676093,-4.408880614948091,2.274740575878268,1.952147365456855,1.589591712865599,5.364682389015977,2.3757190349838675,-4.408880614948091,4.962332014784547,-4.408880614948091,-4.408880614948091,-2.4514126768300297,-4.408880614948091,8.396890781752534,0.010481086081599145,2.2786068924657954,4.956620278435601,4.756350402989116,-4.408880614948091,-4.408880614948091,0.8750941356178039,-4.408880614948091,-4.408880614948091,2.561036665984581,2.0783202936602523,3.3081338102515634,-4.408880614948091,-4.408880614948091,2.7889062503738904,5.7276693636537575,5.781606574278755,-4.408880614948091,-4.408880614948091,-4.408880614948091,-0.406336498810818
MSM6J2K6,0.29891868497737306,2.860299123298743,2.542285937383232,2.5363918481297745,5.662679449504585,-0.152078862753811,5.124231039550379,-4.51449529540729,-4.51449529540729,1.2489593744047678,2.4809520630094264,5.785767820696001,3.7815692053027528,4.4620886719894655,3.5471929072727564,4.63152621943902,-4.51449529540729,4.45264459022671,6.4935574965857885,2.3618527260551545,4.350920010364128,-4.51449529540729,4.386319603285767,5.020700949406615,6.342443229834125,2.0117092570355712,6.174235067270261,1.1477836445167497,-4.51449529540729,-4.51449529540729,0.6259661115117456,-4.51449529540729,-1.5402645844718972,-4.51449529540729,-2.3199947757996267,0.14441703096852265,-4.51449529540729,1.4367839619334966,-4.51449529540729,-4.51449529540729,-4.51449529540729,-4.51449529540729,-4.51449529540729,1.573875512635265,-0.15879003463122743,0.8700823828717574,-4.51449529540729,-4.51449529540729,2.0024449693863637,1.9370635639099607,-4.51449529540729,-4.51449529540729,-4.51449529540729,1.2116946016335106,1.5465990920510864,-0.033631512302610744,5.1290127014390805,5.33394959242394,1.0950025094341918,5.4342386689043405,0.6339219478359901,-1.0273592262713294,-4.51449529540729,-4.51449529540729,-4.51449529540729,-4.51449529540729,1.850993110662448,-4.51449529540729,1.4014831952273958,1.6068993653160417,-4.51449529540729,4.307450721721632,2.6022054770397522,-4.51449529540729,4.8859245997179075,-4.51449529540729,2.672641907816762,-2.907508700764156,-4.51449529540729,8.708977033356902,-1.6240988825075142,1.531062516422491,4.994859465939329,4.219732222510163,-4.51449529540729,-4.51449529540729,3.2511077333528657,-4.51449529540729,-4.51449529540729,3.014134661460824,2.0001154246050374,3.372609569339958,-4.51449529540729,-4.51449529540729,-4.51449529540729,5.759349357882611,4.910007372747213,-4.51449529540729,-4.51449529540729,-1.1110118597540453,0.14142906772747743
MSM6J2K8,-4.274998168356152,4.1022240749356325,2.8496352556543174,3.159344678426188,6.422879168666162,0.7882001851279803,6.071878273891981,-4.274998168356152,-4.274998168356152,1.5281522492704198,4.193856674355315,6.813459936254771,4.48335045445809,5.410422244973986,3.8620331200048694,5.415064611305364,-4.274998168356152,5.461363742671393,6.566495775645366,2.8261640124225114,4.191683615361238,-4.274998168356152,5.204827144635283,5.300257845913041,6.745579791273471,0.8487985969174652,7.518025296188977,-0.9484885565536771,-4.274998168356152,-4.274998168356152,-4.274998168356152,-4.274998168356152,-0.9911196244486096,-4.274998168356152,-4.274998168356152,-4.274998168356152,-4.274998168356152,-4.274998168356152,-4.274998168356152,-4.274998168356152,-4.274998168356152,-4.274998168356152,-4.274998168356152,0.9655352928093759,-4.274998168356152,-4.274998168356152,-4.274998168356152,-4.274998168356152,2.049844912144847,1.2630777254808425,-0.8012817579527649,-4.274998168356152,-4.274998168356152,4.387011027478936,1.2134096469725364,-4.274998168356152,6.666074261305813,5.557775953721873,3.817092445933289,7.637708225953537,-4.274998168356152,0.4927972623815595,-4.274998168356152,-4.274998168356152,-4.274998168356152,-4.274998168356152,4.249613576787454,-4.274998168356152,0.9934563987881262,2.094019671721605,-4.274998168356152,4.617907023458963,2.23633410348606,-4.274998168356152,5.658076972070148,-4.274998168356152,5.730885364138537,-4.274998168356152,-4.274998168356152,6.893237848702714,-1.6266971899560918,4.197314054147733,5.639529733299304,5.929407784571032,-4.274998168356152,-4.274998168356152,4.280413470535203,-4.274998168356152,-4.274998168356152,3.5281488214374477,2.232700319602735,5.314697679287305,-4.274998168356152,-4.274998168356152,-4.274998168356152,6.629316168738672,5.52841671669643,-4.274998168356152,-4.274998168356152,-4.274998168356152,-4.274998168356152
MSM6J2KA,-0.9000067678621964,2.4506414433681716,3.017696371900766,2.434467717291816,5.657225660845295,-1.1476194522793275,5.076224941501504,-2.359655501526472,-4.9886596414218936,-4.9886596414218936,2.341841362796525,5.5101404742418225,4.687100126888435,4.5112776502192045,3.245148430737432,4.2236824511467885,-4.9886596414218936,4.776969541864256,5.880033111789612,0.6596324032875049,2.4227430337570643,-3.4126902435012187,4.444759436001033,5.523756344579043,5.945299704231564,-1.8147914701281067,6.3155916282752536,0.4205493108513707,-4.9886596414218936,-4.9886596414218936,1.2928134295057916,-2.2372391961690603,-2.327618093379174,-4.9886596414218936,-4.9886596414218936,-1.838674374401604,-4.9886596414218936,-1.366012018739994,-4.9886596414218936,-4.9886596414218936,-4.9886596414218936,-0.17052830861436163,-4.9886596414218936,2.9793684957343842,0.8167390822731253,1.7610589179836378,-4.9886596414218936,-4.9886596414218936,3.070322046837811,3.0392714878393488,-4.9886596414218936,1.0899769432241921,-4.9886596414218936,2.698460172053559,1.9500989646103006,1.6997640960246336,5.679405319450607,5.014333565408776,2.2636132769023414,5.886816284675468,0.47841242311982235,-4.9886596414218936,-4.9886596414218936,-4.9886596414218936,-4.9886596414218936,-4.9886596414218936,3.0329217596618605,-2.8417876398623303,2.287933724691567,2.4403793830173397,-4.9886596414218936,4.391279609871118,2.638155228437185,-4.9886596414218936,4.521234430106882,-4.9886596414218936,3.3119666333247952,-3.3023606646274537,1.8110508755616301,7.3891810463976775,-1.327587211001136,3.7540628617015095,4.884439752584653,5.190068841972742,-4.9886596414218936,-2.2444665032739177,2.5629595650071195,-4.9886596414218936,-4.9886596414218936,3.8445211558191863,3.050323805105913,4.301487606896591,-4.9886596414218936,-4.9886596414218936,1.9751546370200268,6.31319408405231,4.9512549598395825,-4.9886596414218936,-4.9886596414218936,-4.9886596414218936,-4.9886596414218936
MSM6J2LV,7.540417673175274,5.881196701310255,1.6251137255499017,6.432382095639568,-4.434171951290811,-4.434171951290811,-4.434171951290811,1.4621031623721086,2.7830673174708602,1.196387178560606,-4.434171951290811,7.328442875081262,-4.434171951290811,-4.434171951290811,-4.434171951290811,-4.434171951290811,-4.434171951290811,6.216077719648591,-4.434171951290811,0.6410690063354405,6.521321495774274,-4.434171951290811,6.046113528307817,6.7996645250016865,7.231292233038108,4.119214969621408,-4.434171951290811,3.924525765061049,3.017382069119706,2.0764744522601433,-4.434171951290811,-4.434171951290811,2.5201524067876253,-4.434171951290811,0.09008073286384821,1.7410385053377446,1.2672443945554548,3.718856527959013,0.4622452448120882,2.8281942994025826,4.946215958792512,0.7708288579999572,3.2597210581024205,3.330428380565957,-4.434171951290811,-4.434171951290811,-4.434171951290811,5.63487218877262,2.3830916428680213,-4.434171951290811,0.5767261240038764,4.951348435555593,-4.434171951290811,-4.434171951290811,3.962142316521537,3.694781637450661,5.052107521399285,-4.434171951290811,-4.434171951290811,3.4488945026286313,4.395230549572981,-4.434171951290811,-4.434171951290811,1.8252243578885654,-4.434171951290811,-4.434171951290811,-1.1154309526860438,4.700867829035916,1.1713466456541433,2.4377733601653784,-4.434171951290811,4.8945290324213735,5.054840720573585,-4.434171951290811,-4.434171951290811,7.011191366946845,-4.434171951290811,1.1650854407577356,-4.434171951290811,-4.434171951290811,-4.434171951290811,1.8231936640914341,1.6033188773350338,1.7173683755806062,1.001695151597751,-4.434171951290811,3.1852986254942977,-4.434171951290811,-1.1039772561049865,-4.434171951290811,1.5085512230471583,3.890955410180611,-4.434171951290811,-1.5335959525018197,0.9649752441749317,6.574831363727869,-4.434171951290811,-4.434171951290811,-4.434171951290811,-4.434171951290811,-0.4192683524471281
MSM6J2LW,4.561845169111893,2.031442370246123,-1.0683139902911467,4.417497823916994,4.526537892434286,0.12506179123851346,3.1507351511516797,1.8707460851823434,-5.24592932545672,1.1651277876611745,3.905540510310926,3.7122163621880686,1.1236484975007812,2.0046749975403992,2.2489927438849344,0.22170800048082562,5.226932173834879,-5.24592932545672,3.6934209808194467,1.6408989074416498,3.945885570198839,5.341215594652942,3.816092150632768,5.819586682957763,4.582862292414003,4.024234559683566,2.7612639749827466,1.4290570375520941,-5.24592932545672,2.122687541548091,0.2826480927046511,-5.24592932545672,0.004262873495648023,-5.24592932545672,-5.24592932545672,-5.24592932545672,-5.24592932545672,-5.24592932545672,-5.24592932545672,-5.24592932545672,-5.24592932545672,-5.24592932545672,-5.24592932545672,1.0580135226336953,-0.6634468847773523,1.8528781889425199,-5.24592932545672,-0.25580205366349773,2.1998375992399417,1.9977569964212112,-5.24592932545672,2.5655334975396062,-0.5194735817085654,5.412680942246311,0.8732860382914751,-5.24592932545672,5.194775450282432,6.16729556267696,-2.0487335531400106,7.484942816890595,-5.24592932545672,2.3011835113529253,-5.24592932545672,-5.24592932545672,-5.24592932545672,-5.24592932545672,1.6629396247309964,-5.24592932545672,1.6082976859509657,-0.20150566400855396,-5.24592932545672,3.8887966445529383,3.2353934721588944,2.816473959160758,2.0634391241242716,2.5990484510085254,4.398244807252412,-0.7524631455398278,-5.24592932545672,-5.24592932545672,-0.7260149398701774,5.311067065180957,-5.24592932545672,-5.24592932545672,-5.24592932545672,-3.274444440930578,2.479181203825923,-5.24592932545672,-5.24592932545672,3.7252798152652424,2.7339629463069537,2.91192174015701,2.4934514150320135,1.6491094216339404,-5.24592932545672,6.091709757744503,4.5271057784511815,2.1200583569332627,0.5672030357245657,1.6784439526027723,1.953800668460838
MSM6J2LY,4.545169737448688,3.91881955638262,1.4420969212177042,4.940445389636754,6.061989290082872,3.5977336248255902,4.371737979083409,0.7607620177195749,-5.197211934943917,-5.197211934943917,4.44266257641283,3.713170287354436,2.4711901011262674,3.0105953024333116,3.14942985511144,1.098899462407096,5.1559905268184085,-5.197211934943917,3.3760091214495036,3.430009390729545,5.028964939896271,7.05324453889476,3.166122482318756,6.428804745241953,5.424063941477791,4.634086120795766,5.873315488807272,0.4453052064848997,-5.197211934943917,0.33608627316538886,-0.30226052019555993,-5.197211934943917,0.9983780599728451,1.1077611044736821,-5.197211934943917,-5.197211934943917,-5.197211934943917,-5.197211934943917,-5.197211934943917,-5.197211934943917,-5.197211934943917,-5.197211934943917,-5.197211934943917,0.38291078697511516,-0.9921308168547256,1.0899585889974635,-5.197211934943917,0.9903346385838461,0.3118252940898447,-0.18129886965884445,-5.197211934943917,3.669075958978107,0.2484656215274299,4.510774258222007,-5.197211934943917,-0.16139266165545507,3.83537453738815,4.776258867395978,-5.197211934943917,6.226941856744509,-5.197211934943917,1.1493550311367553,-5.197211934943917,-5.197211934943917,-5.197211934943917,-5.197211934943917,2.805900376166785,-5.197211934943917,-5.197211934943917,-2.457320523352216,0.9223121389936226,4.0523264154506045,1.3956531723821106,3.8359779535012324,0.7805936412181094,2.4569191746035877,4.873236705806285,0.7938804104061541,-5.197211934943917,-5.197211934943917,-5.197211934943917,4.6433367191089605,3.4378447244342016,-5.197211934943917,-5.197211934943917,-5.197211934943917,1.336065581370124,-5.197211934943917,-5.197211934943917,3.2318587774970347,1.318438625624844,1.7802920708109173,-0.2016093968635282,0.03782956262740811,0.1110439898130764,5.25675331613105,5.091778274518251,1.8547373053850151,-2.3672354269665483,0.8598938446560851,0.12044980638151692
MSM6J2M3,2.0848868943478527,2.4299043708204726,-5.357862170659503,3.849931634716312,5.630965734481659,1.0153535625427814,3.3295735587006448,2.1747951068777427,-5.357862170659503,-5.357862170659503,3.467766267883289,3.9423155066527826,0.3933621322784244,1.901445721546387,0.5211974301432551,1.520804063160047,5.274185593937554,-5.357862170659503,2.411488168633465,0.813918312722123,4.269416956793256,5.434990495087895,2.0687846549467537,5.635024453522613,4.76465506325005,3.62151617918805,4.752448530570877,0.5943657467693084,-5.357862170659503,-1.0774921858348119,0.7310415154587098,-5.357862170659503,2.6823639561598416,-5.357862170659503,-5.357862170659503,-5.357862170659503,-5.357862170659503,-5.357862170659503,-5.357862170659503,-5.357862170659503,-5.357862170659503,-0.5821829623666144,-5.357862170659503,1.7734409080560383,1.3928866033595328,2.2147060783622736,-5.357862170659503,2.922295344671073,1.9580559643690538,1.573970108270811,-5.357862170659503,-5.357862170659503,-5.357862170659503,3.226633296438295,-0.3723710876761146,1.769707633363856,5.789572793545469,6.3989884646234305,0.6004052781360452,6.94697224319531,-5.357862170659503,2.8745491586847454,-5.357862170659503,-5.357862170659503,-5.357862170659503,-5.357862170659503,3.135780604195898,-5.357862170659503,1.2559659749301195,-0.027845910606124846,-5.357862170659503,2.952208291295201,1.6341988128782061,3.418572602145259,-5.357862170659503,2.118664567785255,3.774750610118777,2.2641496350920667,-5.357862170659503,2.9891799207976577,-1.9548305339637473,5.982241416079385,-1.1563824293953893,1.4435359069984077,-5.357862170659503,-1.9234091412296195,2.586542662240862,-5.357862170659503,-5.357862170659503,4.436859649837351,3.454877323042055,3.6916855581937984,-0.49905993287307027,-0.05886040273396986,0.721673170105241,5.634899957069246,3.73535230094103,0.9526112983789128,-0.07822080002308063,1.6594495497936839,1.2224973789606661
MSM6J2PO,-4.26947337494788,-4.26947337494788,-4.26947337494788,-1.4372312768335398,4.743692357209836,-4.26947337494788,1.3348290554883562,2.010132472639243,-4.26947337494788,1.9015185275636455,-4.26947337494788,4.586082685376939,-4.26947337494788,-4.26947337494788,7.4396384977882395,-4.26947337494788,1.8907582383060264,-4.26947337494788,-4.26947337494788,-4.26947337494788,2.0274554824436724,5.978598434287342,3.7346224723277643,7.2535150102044685,7.213118846642349,2.2054029416021965,1.8539558413365604,5.818886048387077,3.4732650350558476,3.981914273612219,0.19364474051109504,-4.26947337494788,-4.26947337494788,-4.26947337494788,-0.14957700824064268,-4.26947337494788,1.9287568915486224,-4.26947337494788,-4.26947337494788,-4.26947337494788,-4.26947337494788,-4.26947337494788,-4.26947337494788,3.5823228584755338,3.674305363913681,4.357261081764968,-4.26947337494788,-4.26947337494788,3.30635448921399,4.7377346511959875,-4.26947337494788,-4.26947337494788,-4.26947337494788,4.448036792348982,3.9446609069136302,1.8620046062621043,5.1611451762896525,1.3501779185315463,4.136775897540773,7.920630526254259,-4.26947337494788,5.740371853311352,2.2843422436835255,0.026968509904991222,-4.26947337494788,-4.26947337494788,-4.26947337494788,0.5610932923633261,2.9583489227656266,-0.5796789078579483,-4.26947337494788,-4.26947337494788,-4.26947337494788,1.3242098628384333,-4.26947337494788,6.477446949612046,-4.26947337494788,-0.4706808532736506,3.148798982343247,-4.26947337494788,-4.26947337494788,3.303355790621273,4.557391483436641,5.754681248106584,-4.26947337494788,-4.26947337494788,-4.26947337494788,1.8768139283430072,-4.26947337494788,-4.26947337494788,2.9436601451582476,5.294138248450562,3.1965878749597483,4.676800662181375,-4.26947337494788,7.914731080597538,-4.26947337494788,2.213739914829975,2.379376900946469,4.363431199024804,5.7159827043438725
MSM6J2PS,-4.8410439874336415,0.7788841340657893,-4.8410439874336415,2.3720879407840183,4.878318979070727,-4.8410439874336415,3.0375711120812356,1.2094345990775004,-4.8410439874336415,1.5231966564394979,2.6471404236628713,5.349830359922645,0.04237789033874151,-4.8410439874336415,6.786360668726521,-4.8410439874336415,1.8829967747942078,-4.8410439874336415,-4.8410439874336415,-4.8410439874336415,2.764110347080895,4.697900399355567,2.1298921942937445,6.514145233906983,5.927021052305138,2.7524983054310486,3.72156410070635,6.440173950817761,4.60629823578536,3.7657602877339027,3.07465256747588,-4.8410439874336415,-4.8410439874336415,2.0073820647596916,-0.3371939409628304,-4.8410439874336415,1.4860483489103071,-0.1134516969039705,-4.8410439874336415,-4.8410439874336415,-4.8410439874336415,1.4688705329389986,-4.8410439874336415,3.2238254707537104,3.388400620769408,2.7156138871236823,-4.8410439874336415,-4.8410439874336415,2.48192104536823,4.012501703331714,-4.8410439874336415,-4.8410439874336415,-4.8410439874336415,5.393409953631152,3.2499132400857373,1.959161622615909,4.717682632705922,2.0118661537659257,3.8863072089693462,7.591056270940086,-4.8410439874336415,1.7957013272078672,1.5612985851609897,-0.5404863540938774,-4.8410439874336415,-4.8410439874336415,-0.18933077696412504,0.8121016980357574,2.72206732145081,0.11726174940835854,-4.8410439874336415,-4.8410439874336415,0.05036231861923213,3.228077341035564,-4.8410439874336415,5.972922403664718,-4.8410439874336415,1.4709859409292854,1.8898439936032165,-4.8410439874336415,-4.8410439874336415,3.799137369393053,3.3409556751148886,3.8734908265517154,-4.8410439874336415,-4.8410439874336415,0.3851416015721316,1.8391719966653381,-4.8410439874336415,-4.8410439874336415,1.910356392974693,3.8882104382682963,-0.46847740519465475,2.6158416853267497,-4.8410439874336415,7.186631493658275,-4.8410439874336415,-4.8410439874336415,0.23434665053489745,2.239285695329343,3.3381982341322907
MSM6J2PU,-4.268816422678249,-4.268816422678249,-4.268816422678249,-4.268816422678249,3.9108760457989504,-4.268816422678249,-4.268816422678249,3.269936576989286,-4.268816422678249,-4.268816422678249,-4.268816422678249,4.511332404416268,-4.268816422678249,-4.268816422678249,6.447902197529855,-4.268816422678249,-4.268816422678249,-4.268816422678249,-4.268816422678249,-4.268816422678249,2.797992212451316,4.936355476028403,2.000672188331877,6.268350953272526,6.54899688574258,4.76341067825042,2.5541947133337954,7.001760200920491,4.037247247667747,3.2665378232462743,3.718152646432036,-4.268816422678249,-4.268816422678249,-4.268816422678249,3.7261545961601943,-4.268816422678249,1.755647737710711,-4.268816422678249,-4.268816422678249,-4.268816422678249,-4.268816422678249,4.259433824980699,-4.268816422678249,4.0346910295702605,4.999150354854632,4.498384011866633,-4.268816422678249,-4.268816422678249,3.337617823779291,5.4911944706158655,-1.008090480241318,-4.268816422678249,-4.268816422678249,6.248731511893682,5.125136056593593,-4.268816422678249,5.556999688383204,-4.268816422678249,3.3728541158301484,7.8445280585980735,-4.268816422678249,4.8576188909825255,2.650417309662683,-4.268816422678249,2.6522634115545465,-4.268816422678249,-4.268816422678249,2.5955713820692647,4.574180982472021,-4.268816422678249,3.3490874632439622,-4.268816422678249,-4.268816422678249,-4.268816422678249,-4.268816422678249,5.772959081349278,-4.268816422678249,3.8695391317709893,4.137925196742368,-4.268816422678249,-4.268816422678249,4.410288611806154,4.458804346744177,4.729632392282266,6.046708677138483,-4.268816422678249,0.9828418826790681,1.1746136040482273,-4.268816422678249,-4.268816422678249,4.394168534096302,5.107922830763597,-4.268816422678249,4.615237846595459,-4.268816422678249,8.381677405774928,-4.268816422678249,-4.268816422678249,1.8658343629730014,3.4691373697184913,4.068239368436617
MSM6J2PW,-4.203300620291568,-4.203300620291568,-4.203300620291568,0.8419868002657314,4.081667304026915,-4.203300620291568,1.3999679060161796,-0.9029188106404078,-4.203300620291568,2.1483891293407593,-1.0484537117391,5.121944164624134,-4.203300620291568,-4.203300620291568,6.715879768179569,-4.203300620291568,-4.203300620291568,-4.203300620291568,-4.203300620291568,-4.203300620291568,3.5809131221248123,5.333098084059212,3.1924167356979085,6.593033063312192,7.368405207334521,3.2475588393044514,2.3460204925721184,5.879769547702391,5.266065978242477,3.7061122449789146,2.0833261316784863,-4.203300620291568,-4.203300620291568,-4.203300620291568,-4.203300620291568,-4.203300620291568,-4.203300620291568,-4.203300620291568,-4.203300620291568,-4.203300620291568,-4.203300620291568,2.5963674011903555,-4.203300620291568,3.180950453984436,4.327228425273208,3.920622841260558,-4.203300620291568,-4.203300620291568,4.044693837182309,4.884671530707249,-4.203300620291568,-4.203300620291568,0.9365918367382964,4.20172233606161,3.458861724861186,1.6765117711742574,6.753913037955435,-0.28962589223615254,5.05625686756139,8.372521429198127,-4.203300620291568,2.0376720661978878,2.5171372493592585,-0.033929064036229306,4.577294400315025,-4.203300620291568,-4.203300620291568,-4.203300620291568,1.7783920005887843,0.02429818409144069,3.6977574743934287,-4.203300620291568,-4.203300620291568,1.3916590729237441,-4.203300620291568,6.230063792398729,-4.203300620291568,1.1329818513870258,3.1435726975525258,-4.203300620291568,-4.203300620291568,1.89084258364983,6.0546580765160165,5.417884082130929,-4.203300620291568,-4.203300620291568,0.6819926236862504,2.8409311412144316,-4.203300620291568,-4.203300620291568,2.3760847516113683,4.39283395507006,-4.203300620291568,1.2648663562479516,-4.203300620291568,8.075829810490223,-4.203300620291568,-4.203300620291568,1.3229857963850957,3.3514611655602016,4.904788247392516
MSM6J2Q1,2.4718691876438017,2.3580601184799637,0.8710734536850699,3.269653431779891,5.898686939087259,1.2905798995643334,4.8567255707579715,1.6403691751889333,-5.170031488648133,0.09738080221299938,4.805227639459211,4.097919465030304,-5.170031488648133,1.7263459126310012,2.415261842125844,0.9532004151951776,5.21414358222615,-5.170031488648133,2.430080894183275,1.6899182243578226,4.411786732899331,6.401292275785549,2.665702736473901,7.3482537445109,4.5822506799014056,2.667637846634869,4.906963078340651,0.03213308153705796,-5.170031488648133,2.491441944669038,-0.4165914582551977,-5.170031488648133,-0.6505080884986505,-5.170031488648133,-5.170031488648133,-5.170031488648133,-5.170031488648133,-5.170031488648133,-5.170031488648133,-5.170031488648133,-5.170031488648133,-5.170031488648133,-5.170031488648133,1.0743875038502768,-1.5514104930757355,0.9913813899518233,-5.170031488648133,1.9847403953848017,-0.006530484325411479,-0.7375905198648738,-5.170031488648133,-5.170031488648133,-0.5520989920227315,5.068448965553014,-1.6326408079457675,-5.170031488648133,4.651108465728219,3.7204703563619326,0.4667971031653586,6.970019087428595,-5.170031488648133,3.3193861383640346,-5.170031488648133,-3.066387632649736,-5.170031488648133,-5.170031488648133,1.0657308145748186,-5.170031488648133,0.4031506261786255,-0.3764842201124612,1.8007797918791706,3.9107690167356948,1.587702922534607,1.5737305392105725,1.8626506120611355,3.3702393026185655,3.4221883883967763,0.19437409221004742,-5.170031488648133,-5.170031488648133,-5.170031488648133,4.711162533690656,2.4693678126852134,-5.170031488648133,-5.170031488648133,-5.170031488648133,2.1738848288583155,3.143457517801391,-5.170031488648133,2.9518471843177876,0.9345749479756522,3.16903006392838,-0.31978608013227117,1.2124215782296632,0.28867199642336594,5.804038668057819,4.348043081174935,2.2739302818478997,1.6334259158276367,2.3801275644467577,3.055006763159626
MSM6J2QF,-3.023660497604899,-3.023660497604899,-3.023660497604899,7.447291871446112,8.352358382433898,-0.087412751335183,5.1454674924594155,-3.023660497604899,-3.023660497604899,-3.023660497604899,6.177561427498986,7.285430654712256,6.211620143536797,-1.4050150031884563,-3.023660497604899,-3.023660497604899,-3.023660497604899,6.405554150989637,-3.023660497604899,-3.023660497604899,4.044244344485963,9.630451281322035,5.663979355368273,9.271723644775047,8.65733505632932,7.109695073349646,7.207942812717451,2.001296871419214,-3.023660497604899,-3.023660497604899,2.833722631462174,-3.023660497604899,-3.023660497604899,-3.023660497604899,-3.023660497604899,-3.023660497604899,-3.023660497604899,-3.023660497604899,-3.023660497604899,-3.023660497604899,-3.023660497604899,4.779004176448211,-3.023660497604899,-3.023660497604899,-3.023660497604899,-3.023660497604899,-3.023660497604899,-3.023660497604899,-1.3451629465543924,-3.023660497604899,1.7481570847210364,-3.023660497604899,-3.023660497604899,3.9920789786384523,-3.023660497604899,-3.023660497604899,4.835744095993525,-3.023660497604899,1.5624289255335864,7.353749100451092,-3.023660497604899,2.3700410353322283,-3.023660497604899,-3.023660497604899,-3.023660497604899,-3.023660497604899,-3.023660497604899,-3.023660497604899,2.4370627927551816,1.4728800705752914,-3.023660497604899,-3.023660497604899,4.207112752676478,4.855536010747153,4.487508144669239,7.422445106213766,-3.023660497604899,-3.023660497604899,-3.023660497604899,-3.023660497604899,-3.023660497604899,4.346741068128503,6.336194234428256,4.0532204030226,-3.023660497604899,-3.023660497604899,4.376220011476281,-3.023660497604899,-3.023660497604899,4.044597868818439,1.7741632291081046,2.10299343883724,-3.023660497604899,-3.023660497604899,-3.023660497604899,5.277327332094778,-3.023660497604899,-3.023660497604899,-3.023660497604899,-3.023660497604899,-3.023660497604899
MSM6J2QH,-3.4444977099225333,-3.4444977099225333,-3.4444977099225333,6.0111163283949685,7.075637547058254,-3.4444977099225333,3.3172033930429317,-3.4444977099225333,-3.4444977099225333,-3.4444977099225333,4.086216400924222,5.730277965853969,6.584437180727489,-3.4444977099225333,-3.4444977099225333,-3.4444977099225333,-3.4444977099225333,5.8094467818767175,-3.4444977099225333,-3.4444977099225333,4.446158432519973,8.742542936039937,6.052493457631058,8.665591561356123,8.496571013990945,7.02115965324375,6.506139817174894,-3.4444977099225333,-3.4444977099225333,-3.4444977099225333,3.885350122331972,2.038078807347363,-3.4444977099225333,-3.4444977099225333,-3.4444977099225333,-1.053049186603218,-3.4444977099225333,0.39780197095429237,-3.4444977099225333,-3.4444977099225333,-3.4444977099225333,5.313864896384949,-3.4444977099225333,-3.4444977099225333,-3.4444977099225333,-3.4444977099225333,-3.4444977099225333,-3.4444977099225333,0.823103066742787,3.0937684625497024,1.3582262821670383,-3.4444977099225333,-3.4444977099225333,0.537130407219399,-0.007134451350491844,0.5030567159021242,5.686789675772819,-3.4444977099225333,3.426304039984368,8.523480730757592,-3.4444977099225333,-3.4444977099225333,0.6346832828462574,-3.4444977099225333,-3.4444977099225333,-3.4444977099225333,-3.4444977099225333,-3.4444977099225333,-3.4444977099225333,2.1434627398075268,-3.4444977099225333,-3.4444977099225333,5.067227398970722,4.6451893383778025,2.6994347245688806,6.196773698771433,4.248841835377241,-3.4444977099225333,-3.4444977099225333,-3.4444977099225333,-3.4444977099225333,4.899508669315877,7.2445864564321525,6.193727870841697,-3.4444977099225333,2.329108392268468,5.21962721393348,-3.4444977099225333,-3.4444977099225333,4.887733264088318,2.1591526161060894,4.127177833777413,-3.4444977099225333,-3.4444977099225333,-3.4444977099225333,6.540532572411008,-3.4444977099225333,-3.4444977099225333,-3.4444977099225333,-3.4444977099225333,0.5833398377705983
MSM6J2QJ,-4.135810601328286,-4.135810601328286,-4.135810601328286,4.915279584705791,5.921181185577754,-4.135810601328286,2.3088742851552304,1.487656608667761,-4.135810601328286,1.4857840568659348,3.4254130915087337,5.257033291936936,5.118056834771168,-4.135810601328286,-4.135810601328286,-4.135810601328286,-4.135810601328286,4.097466686920224,-4.135810601328286,-4.135810601328286,2.747701444242553,7.596459596791486,4.173584164781755,7.2399152380621,7.082363481498866,5.988504260878482,5.000560931208144,0.14598484451612848,-4.135810601328286,-4.135810601328286,3.539905561057446,1.474853560546002,-4.135810601328286,-4.135810601328286,-4.135810601328286,-1.0818504451502076,-4.135810601328286,-0.8911384817720567,-4.135810601328286,-4.135810601328286,-4.135810601328286,3.688150523213327,-4.135810601328286,-0.37814102407359407,1.1452029906939902,-4.135810601328286,-4.135810601328286,-4.135810601328286,0.6361863447852425,3.0547056939248716,-4.135810601328286,-0.03044164367500457,0.6866177496776107,3.0100007106756923,2.6337271342779625,-0.6112128016219636,5.195800924784696,-4.135810601328286,4.619216279693946,8.77838559205147,-4.135810601328286,1.029108370806048,-1.263533194444399,-4.135810601328286,-4.135810601328286,0.45292697042487795,-4.135810601328286,-4.135810601328286,3.925213818985088,1.5076598398040577,3.1468976826017894,-4.135810601328286,3.7554882391220614,3.8588879716061832,1.452239902271133,5.325701801803307,-4.135810601328286,-4.135810601328286,-4.135810601328286,-4.135810601328286,-4.135810601328286,4.999835672164756,6.420791187486079,4.616206675510522,-4.135810601328286,4.003684437926371,5.700202717526883,-4.135810601328286,2.018096063542022,4.083527983260882,2.6820207234421876,3.9848905933911842,-4.135810601328286,2.5950469912596033,-4.135810601328286,7.032365162265722,-4.135810601328286,-4.135810601328286,-4.135810601328286,-0.6905807663449917,1.877199356854165
MSM6J2QL,-3.572405674278402,-3.572405674278402,-3.572405674278402,5.786082696910435,7.234866353933774,-3.572405674278402,3.3348338926653245,-3.572405674278402,-3.572405674278402,-3.572405674278402,3.92198998882638,7.083626177463259,6.334002063683833,-1.4426963770846548,-3.572405674278402,-3.572405674278402,-3.572405674278402,5.356728110473807,-3.572405674278402,-3.572405674278402,4.648750345456926,8.980010154034648,5.2048397445318075,8.508712670929366,7.808982948151785,7.500351509829347,6.461113220551322,-3.572405674278402,-3.572405674278402,-3.572405674278402,3.672467029580182,1.1579398666601008,-3.572405674278402,-3.572405674278402,-3.572405674278402,-3.572405674278402,-3.572405674278402,-3.572405674278402,-3.572405674278402,-3.572405674278402,-3.572405674278402,4.615410669131509,-3.572405674278402,-3.572405674278402,-3.572405674278402,-3.572405674278402,-3.572405674278402,-3.572405674278402,1.655569288256606,3.0508211181586455,-3.572405674278402,-3.572405674278402,-3.572405674278402,4.729974518343366,1.0135029359306884,0.1097640555742494,5.931238698370826,-3.572405674278402,3.1079904901592394,7.5669001912069405,-3.572405674278402,3.0799490783012144,-0.15661912802699085,-3.572405674278402,-3.572405674278402,-3.572405674278402,-3.572405674278402,-3.572405674278402,0.7481259326054577,-0.17741144556002553,3.1544653603545623,-3.572405674278402,3.6368128414678056,5.541327718640541,2.84952050701804,6.516635357653415,-3.572405674278402,-3.572405674278402,-3.572405674278402,-3.572405674278402,-3.572405674278402,4.444279866431227,7.418260834468285,5.313601645442191,-3.572405674278402,1.3807925598652666,4.15233593115931,-3.572405674278402,-3.572405674278402,4.104780048367619,2.5591522759126013,3.4127726222611328,-3.572405674278402,-3.572405674278402,-3.572405674278402,6.041942872559131,-3.572405674278402,-3.572405674278402,1.181607918877111,1.1843031481625985,3.189498103342344
MSM6J2QP,-3.0698957843726014,-3.0698957843726014,-3.0698957843726014,7.047493626824069,8.189319260198655,-1.5182936776395763,4.740961451555203,-3.0698957843726014,-3.0698957843726014,-3.0698957843726014,4.988143302344921,7.508002898068621,7.386466234550278,-3.0698957843726014,-3.0698957843726014,-1.3719289214037254,-3.0698957843726014,6.249165380505304,-3.0698957843726014,-3.0698957843726014,4.94788932320921,9.092608301691506,7.099882270666568,9.213151819549072,8.898630577585816,7.95385567811937,7.413537500147042,-3.0698957843726014,-3.0698957843726014,-3.0698957843726014,2.5392602856609816,0.6881736265628238,-3.0698957843726014,-3.0698957843726014,-3.0698957843726014,-3.0698957843726014,-3.0698957843726014,-3.0698957843726014,-3.0698957843726014,-3.0698957843726014,-3.0698957843726014,1.6200907202667008,-3.0698957843726014,-3.0698957843726014,-3.0698957843726014,-3.0698957843726014,-3.0698957843726014,-3.0698957843726014,0.10614327276230462,-3.0698957843726014,0.5837521774726646,-3.0698957843726014,-3.0698957843726014,3.3487161592728887,-3.0698957843726014,-3.0698957843726014,4.827702145262891,-3.0698957843726014,0.11056980056745047,7.817622906249792,-3.0698957843726014,1.4028868365478129,-3.0698957843726014,-3.0698957843726014,-3.0698957843726014,-3.0698957843726014,-3.0698957843726014,-3.0698957843726014,2.4106343383016497,-0.7431614112774607,-3.0698957843726014,-3.0698957843726014,3.601015548386706,5.742410217504417,3.8796208587937233,6.758581650395448,4.747058400185731,-3.0698957843726014,-3.0698957843726014,-3.0698957843726014,-3.0698957843726014,3.731252396376026,6.429627575950956,3.7514966871185687,-3.0698957843726014,-3.0698957843726014,4.400811585029678,-3.0698957843726014,-3.0698957843726014,3.9226075151026647,1.7719502052322706,2.092746841183514,-3.0698957843726014,-3.0698957843726014,-3.0698957843726014,6.125259442396806,-3.0698957843726014,-3.0698957843726014,-3.0698957843726014,-3.0698957843726014,1.6181364707035062
MSM6J2RK,0.40822834376117,3.116444966895635,1.122385162451339,2.36642910238786,5.803684393134404,-0.794274574828643,4.786182693170851,-4.572471529620502,-4.572471529620502,-4.572471529620502,1.973523533600897,4.599595943851619,2.908222745610767,5.786340189739715,3.3875557012495747,4.88625455711456,-4.572471529620502,4.698371409497445,6.603607933831352,0.17318521773638196,2.202482494622342,-4.572471529620502,4.628709820623678,5.333383854268556,6.5372025130262905,-1.2291124562902471,6.774450175795346,1.018585006321354,-4.572471529620502,-4.572471529620502,1.464442512312245,-1.3912691167552698,-0.010468428419690312,-4.572471529620502,-4.572471529620502,-2.8942309089940803,-4.572471529620502,-4.572471529620502,-4.572471529620502,-4.572471529620502,-4.572471529620502,-1.0540898631020248,-4.572471529620502,1.3507816814607443,0.375343996222524,1.1192124373208276,-4.572471529620502,-4.572471529620502,2.812138832363054,2.7336448079586324,-4.572471529620502,-4.572471529620502,-4.572471529620502,3.390961672007186,1.1615983555085077,-0.6193802919474738,5.594895992147819,6.9504390082708545,1.266673515142224,6.041454800351097,-0.2173061258946447,-4.572471529620502,-4.572471529620502,-1.2374634520781793,-4.572471529620502,-4.572471529620502,3.442458764139742,-4.572471529620502,-0.46668146525093235,1.9856214842521087,2.0835474297828362,4.6470988173274215,2.5418319814514527,-4.572471529620502,5.218904269217143,-4.572471529620502,3.253504442857211,-0.4628091970036241,-4.572471529620502,7.833302754240229,0.439281947968297,2.0154032484824116,5.024810096387727,4.807692031259815,-4.572471529620502,-2.44219614134483,4.713374304187234,-4.572471529620502,-4.572471529620502,3.1749157702644126,2.4573463602918357,3.6799078336564177,-4.572471529620502,-4.572471529620502,-4.572471529620502,6.988434944575461,5.410120404033601,-4.572471529620502,-4.572471529620502,-4.572471529620502,-1.093241636264528
MSM6J2RM,-4.024949189309494,0.26599381959709234,1.7863164150055564,2.8472624981431833,5.62528740173117,0.7974520766981907,4.667974439183791,0.18264382069214768,-4.024949189309494,1.103035170198611,3.9009866357552463,-4.024949189309494,-4.024949189309494,1.8640807343426697,-4.024949189309494,1.3885112996497124,-4.024949189309494,-4.024949189309494,6.479181833535061,-4.024949189309494,6.992796888543962,8.97593605202374,4.277474988537628,7.272769530568208,6.703515788318837,-4.024949189309494,4.215373408777449,4.444347044257496,3.2584598131842384,2.6239997333193266,1.5843673838039276,-4.024949189309494,1.67833044983443,-4.024949189309494,-4.024949189309494,-4.024949189309494,-4.024949189309494,-4.024949189309494,-4.024949189309494,-4.024949189309494,-4.024949189309494,-0.35917880476881514,2.1930898291489287,3.018570748289675,2.270980703804165,3.0688106164716276,-4.024949189309494,-4.024949189309494,1.4796613775570044,5.411468475904995,-4.024949189309494,2.96500044804589,0.5999790160595904,4.792680633593402,1.3281651511117971,2.098269878958596,6.743023578920411,4.69414713037215,0.2094446251997759,7.7679714330816845,-4.024949189309494,-4.024949189309494,0.8187662068241028,-4.024949189309494,-4.024949189309494,-4.024949189309494,-4.024949189309494,-4.024949189309494,1.701594605399995,2.2325603328408246,-4.024949189309494,-4.024949189309494,5.04068689839926,0.16621164326425308,3.5951059150604356,4.731427582284196,1.5317409561933477,2.0468392946014795,-4.024949189309494,5.636882166530021,-4.024949189309494,1.1194909329893878,0.290677565778946,4.532648529723826,-4.024949189309494,-4.024949189309494,-2.138282924960917,-4.024949189309494,-4.024949189309494,-4.024949189309494,3.2920709861905975,-4.024949189309494,-4.024949189309494,-2.235036111593656,-4.024949189309494,6.0403019476705655,5.646151187067921,-4.024949189309494,-4.024949189309494,-4.024949189309494,-2.1952046414096156
MSM6J2RO,-1.233715803316727,2.9903721817751956,1.6566750731470608,2.817924509682686,5.6733683785986155,-0.29106030715509235,5.091927218760605,-4.350374036486256,-4.350374036486256,-4.350374036486256,2.9388227089651107,5.584397536761687,3.3317779132235774,4.781512517221122,2.8031101904687974,4.556686808669652,-4.350374036486256,4.704245558391831,6.028136682186361,0.8870735272000658,3.9339849466044265,-4.350374036486256,4.65749679890829,5.0524665579102095,6.051784484337272,1.216095499859474,6.695741531593638,-0.26282194015550964,-4.350374036486256,-4.350374036486256,1.3772666224805032,-4.350374036486256,-0.7067425599502961,-4.350374036486256,-4.350374036486256,-4.350374036486256,-4.350374036486256,-4.350374036486256,-4.350374036486256,-4.350374036486256,-4.350374036486256,-4.350374036486256,-4.350374036486256,2.091018856262572,1.0952662927485548,1.3537011062759952,-4.350374036486256,-4.350374036486256,2.0275449400239633,1.9544749985656482,-4.350374036486256,0.7777031328551551,0.5148425058657438,4.356386336745391,1.9134685472577715,1.0689685865141438,5.878698166897234,3.0928252395489872,1.3260202739286608,6.174662334207604,-0.6360589022748631,-1.744104558543091,-4.350374036486256,-4.350374036486256,-4.350374036486256,-4.350374036486256,3.5797973763758604,-4.350374036486256,2.2900456794405866,1.7742980606129013,2.364814983339895,4.341884848001325,2.3985629556287513,-0.9073272661665737,5.101282938586348,-4.350374036486256,-4.350374036486256,-2.0352558983180398,-4.350374036486256,8.920361229391961,-0.7094588999525371,2.4480090615898984,4.541273830864983,4.020237626156755,-4.350374036486256,-4.350374036486256,3.983075945502809,-4.350374036486256,-4.350374036486256,2.9722505093414995,2.3261053149376707,3.5603219718929147,-4.350374036486256,-4.350374036486256,-4.350374036486256,6.290041231806725,5.172695467368129,-4.350374036486256,-4.350374036486256,-4.350374036486256,-4.350374036486256
MSM6J2RQ,-1.3082230372122101,3.884050484075428,0.8636475316396055,3.572439013285364,5.650851891677675,0.6177507599264818,5.3022279100959295,-4.4953602906204875,-4.4953602906204875,2.2274311805784865,2.9630933316401267,5.634128497482024,5.480916748928114,5.499807422967147,3.903006231902416,4.204359543561404,-4.4953602906204875,5.101276572924814,6.536430970543871,0.95221661135683,3.5073921247164552,-2.6024141768632543,4.734576627171461,4.864666453514828,6.242348791368603,-0.5383080346407088,6.822858240457322,-4.4953602906204875,-4.4953602906204875,-4.4953602906204875,1.1742124505090832,-4.4953602906204875,1.3052118731233193,-4.4953602906204875,-4.4953602906204875,-4.4953602906204875,-4.4953602906204875,-4.4953602906204875,-4.4953602906204875,-4.4953602906204875,-4.4953602906204875,-4.4953602906204875,-4.4953602906204875,0.8500279411240701,-0.3292339140885776,0.964991534954736,-4.4953602906204875,-4.4953602906204875,1.3025318443085219,1.171156732098634,-4.4953602906204875,-4.4953602906204875,-0.4688987024457383,4.70791044428229,-1.7273760933600997,-4.4953602906204875,5.67462814613158,3.6135215525275877,0.9710847011968298,6.576025690314084,-4.4953602906204875,-0.6667053257733144,-4.4953602906204875,-4.4953602906204875,-4.4953602906204875,-4.4953602906204875,4.132648131230536,-4.4953602906204875,-0.40214934894829923,2.350800015138004,2.9336595502074214,4.993097803740806,2.7374293114824653,-4.4953602906204875,5.437568367728267,-4.4953602906204875,-4.4953602906204875,-0.32069479891046093,-4.4953602906204875,8.18921309519069,-1.285653231454356,1.9573766038651241,4.875121188809437,5.633281410121986,-4.4953602906204875,-4.4953602906204875,4.179002545705036,-4.4953602906204875,-4.4953602906204875,4.175803817581133,2.576854542638845,4.123561234737449,-4.4953602906204875,-4.4953602906204875,1.7306559474490797,6.809791250192353,5.718366507554947,-4.4953602906204875,-4.4953602906204875,-0.8084963983070956,0.8415535130645981
MSM6J2RS,-3.387827686582403,2.148036429970766,2.342920897583266,2.421431182363307,6.227932628049337,-3.387827686582403,4.59166744135176,-3.387827686582403,-3.387827686582403,-3.387827686582403,2.4196173596212738,5.239537765471799,0.5248987695656702,4.989924734445251,3.2122035316106743,4.463896431793497,-3.387827686582403,3.6905989446237664,6.323860241500109,0.8295749775229808,5.149494767658029,0.35415405595326455,2.5123128296614574,5.624509228514187,6.089324897044948,3.099065460968154,6.557861618042172,1.1977874106330955,-3.387827686582403,-3.387827686582403,-3.387827686582403,-3.387827686582403,-3.387827686582403,-3.387827686582403,-3.387827686582403,-3.387827686582403,-3.387827686582403,-3.387827686582403,-3.387827686582403,-3.387827686582403,-3.387827686582403,-3.387827686582403,-3.387827686582403,1.581128632087692,-3.387827686582403,-0.9479550553294889,-3.387827686582403,-3.387827686582403,-3.387827686582403,1.0096852509924812,1.7285653464669686,-3.387827686582403,-3.387827686582403,1.6559395975610478,1.1098357875081035,-3.387827686582403,5.1598030378206605,4.033901307362478,1.9001678211798847,5.624398760343595,-3.387827686582403,-3.387827686582403,-3.387827686582403,-3.387827686582403,1.6513835783357447,-3.387827686582403,1.8878847396191105,-3.387827686582403,1.1853896821595367,0.5546373984655393,-3.387827686582403,4.732875176080763,1.9570172683362408,-3.387827686582403,4.4643664314938025,-3.387827686582403,5.949533573842237,-3.387827686582403,1.8240988502533462,10.257845326422359,-3.387827686582403,0.5910795724101252,4.0015247936587945,3.5341526310459397,-3.387827686582403,-3.387827686582403,2.6199341606987234,-3.387827686582403,-3.387827686582403,1.7883394848192697,1.6565887662787997,3.394732080651985,-3.387827686582403,-3.387827686582403,-3.387827686582403,5.762857220490785,5.808668224903142,-3.387827686582403,-3.387827686582403,-3.387827686582403,-0.48543440737178223
MSM6J2RU,-0.5211942965517906,2.9637740396366636,4.5087656636445805,2.6249906134355,6.0548161610189535,0.5309142423216624,4.9813220145006305,-4.9125381852266585,-4.9125381852266585,0.9862443105407053,2.8967751893821054,5.833108425179233,1.9659612786952323,4.7406364077955,3.653179809398,4.623887297677636,-4.9125381852266585,4.084842680957227,6.255427885871705,-2.3840990934511144,3.8493536465270797,-3.683882847485812,3.2052300150082953,4.29506681513775,5.640833513694562,1.9775440677673615,6.42021807898098,1.1569948911773125,-4.9125381852266585,-4.9125381852266585,0.7440220063404475,-4.9125381852266585,-0.06666660855619355,-4.9125381852266585,-4.9125381852266585,-2.8431020397052613,-1.1047959512237249,-4.9125381852266585,-4.9125381852266585,-4.9125381852266585,-4.9125381852266585,-0.7460044508712826,-4.9125381852266585,2.584263956747103,1.2674956171341947,1.590748609654974,-4.9125381852266585,-4.9125381852266585,2.767883867959278,3.1294857039620103,-4.9125381852266585,2.245805329513529,-4.9125381852266585,2.636452488026321,2.570764420467091,0.4492909330688182,6.664658820318924,5.047025411181618,2.8631751244545267,6.08004297540624,0.7727780632964674,-4.9125381852266585,-1.229275410313921,-4.9125381852266585,-4.9125381852266585,-4.9125381852266585,2.8999805909331027,-4.9125381852266585,1.4647863370246883,2.0036969835726746,-4.9125381852266585,4.441624571572127,2.2611620483403563,-2.545427485056905,3.902494221884787,-4.9125381852266585,5.399375089624137,0.22228751603084795,-4.9125381852266585,7.401965746644596,0.37938103251929434,0.45186479982009686,4.816615550888833,4.305443784615494,-4.9125381852266585,-1.7641309774553946,3.0861609183747554,-4.9125381852266585,-4.9125381852266585,3.5158054059324533,2.5934855864258175,3.971452184347524,-4.9125381852266585,-4.9125381852266585,-4.9125381852266585,5.928098907903902,5.117953991268044,-4.9125381852266585,-4.9125381852266585,-4.9125381852266585,-4.9125381852266585
MSM6J2SE,7.483657181781341,6.02645856371297,1.5135143232901456,6.635915402627318,-4.3047993296436164,-4.3047993296436164,-4.3047993296436164,-0.2569327939493746,2.5100583022901493,-4.3047993296436164,-4.3047993296436164,7.1290980493902065,-4.3047993296436164,-4.3047993296436164,-4.3047993296436164,-4.3047993296436164,-4.3047993296436164,6.097232093788745,-4.3047993296436164,1.788519758561545,6.495083701148918,0.4547676328080641,4.480503448139888,7.443099463083166,7.519035190191461,3.8865764523555706,-4.3047993296436164,4.025082464000945,3.3123986414245135,1.617441288265522,-4.3047993296436164,-4.3047993296436164,3.2737566183450264,-4.3047993296436164,0.9448177423572357,1.432522405690733,1.384689505011142,3.952677612843413,-0.9385703562247851,3.6342737905700497,5.130097013065582,2.083536027434862,3.0820168324940154,3.34067249818177,-4.3047993296436164,-4.3047993296436164,-4.3047993296436164,4.343906295657191,2.7051802984350637,-4.3047993296436164,-4.3047993296436164,4.685892994875042,-4.3047993296436164,-4.3047993296436164,4.114835722317685,3.1141917710013534,6.434441018450414,-4.3047993296436164,-4.3047993296436164,3.579665555585411,3.720881591406193,-4.3047993296436164,1.1546766127489079,1.3926338528528213,-4.3047993296436164,-4.3047993296436164,-4.3047993296436164,4.31227062635776,0.13278329279350665,2.7393728470823007,-4.3047993296436164,4.523812410214591,3.0661689766474423,-1.0192909752660864,-4.3047993296436164,7.25018793736157,-4.3047993296436164,1.9630799693303587,-4.3047993296436164,-4.3047993296436164,-4.3047993296436164,2.1500092827136124,0.9477616870669046,-0.43694180498173907,1.92110271059346,-1.276745941999046,5.962634751130962,-4.3047993296436164,-4.3047993296436164,-4.3047993296436164,1.1136933224042949,4.303018563416773,-4.3047993296436164,-0.4322568879980633,-4.3047993296436164,6.846271903230511,-4.3047993296436164,-4.3047993296436164,-4.3047993296436164,-4.3047993296436164,0.3111339385655931
MSM6J2SI,7.038237263130103,5.839231389217838,1.017325866650971,6.342333742824643,-4.533399716923183,-4.533399716923183,-4.533399716923183,-0.09501436959855347,2.483374835469024,-4.533399716923183,-4.533399716923183,6.131957624416096,-4.533399716923183,-4.533399716923183,-4.533399716923183,-4.533399716923183,-4.533399716923183,5.310757511127992,-4.533399716923183,1.6962298217598324,6.745569940869058,-4.533399716923183,5.243871800560895,7.1969036710846,7.573686046727201,4.432449783741643,-4.533399716923183,4.785597481710852,3.8324942640874715,2.8244925041048896,-4.533399716923183,-4.533399716923183,3.312793743141314,0.8154725088268879,-0.0859419530589296,1.478287291981788,1.3784332785373685,3.693744837297575,-0.6140544366438938,4.133622445834716,4.689805863788773,3.5594981675827704,2.4121213444212586,3.3043512482091053,-4.533399716923183,-4.533399716923183,-4.533399716923183,5.341302178384808,3.4766219544697936,-4.533399716923183,-4.533399716923183,2.6740592414180977,2.980787895297995,-4.533399716923183,4.332134597883829,4.880283750355941,6.203018735770129,-4.533399716923183,-4.533399716923183,3.9538856682416696,3.5665809742582253,-4.533399716923183,-1.7479601709484953,2.1794910221709065,-4.533399716923183,-4.533399716923183,-4.533399716923183,2.203699915161949,-0.9156343144384778,3.0160323780716594,-4.533399716923183,3.9090933028044477,5.046643730244775,-4.533399716923183,-4.533399716923183,6.556125404163362,-4.533399716923183,1.8672315893038984,0.42587673110862667,-4.533399716923183,-4.533399716923183,1.9763348158060046,3.188550342577132,-1.967583143225804,-4.533399716923183,0.4704940844299976,5.733623484933822,-4.533399716923183,-4.533399716923183,-4.533399716923183,2.5110513174249274,4.346375743911034,0.16592429718983936,-4.533399716923183,1.6072838464670358,6.458020173738606,-4.533399716923183,-4.533399716923183,-4.533399716923183,-4.533399716923183,-0.514194954006367
MSM6J2SK,5.429760410899863,5.811329932944786,0.6915755003527266,6.299025129103834,-3.2705723018141786,-3.2705723018141786,-3.2705723018141786,2.1615044790665774,-3.2705723018141786,-3.2705723018141786,-3.2705723018141786,7.256558358069864,-3.2705723018141786,-3.2705723018141786,-3.2705723018141786,-3.2705723018141786,-3.2705723018141786,5.658939774446287,-3.2705723018141786,2.28985537664599,8.152258151255332,-3.2705723018141786,6.499121145063132,8.934296405150132,9.752591967348172,6.631973274234198,-3.2705723018141786,4.267679033884765,2.938201822664589,2.0009541360319147,-3.2705723018141786,-3.2705723018141786,4.188434918883679,1.2430054983269567,-3.2705723018141786,-3.2705723018141786,-0.7724961268435209,3.1234892524909776,-3.2705723018141786,0.3540559148825082,-3.2705723018141786,3.4963004553940475,-3.2705723018141786,3.010498710007715,-3.2705723018141786,-3.2705723018141786,-3.2705723018141786,5.611897831682935,2.331889855774177,-3.2705723018141786,-3.2705723018141786,-3.2705723018141786,-3.2705723018141786,-3.2705723018141786,4.1401541386492156,3.935723429988565,6.483682290362641,-3.2705723018141786,-3.2705723018141786,5.3704454907665875,3.1164018318515767,-3.2705723018141786,-3.2705723018141786,-3.2705723018141786,-3.2705723018141786,-3.2705723018141786,-3.2705723018141786,-3.2705723018141786,1.0851335884066629,1.5871723935666164,-3.2705723018141786,5.493502252032389,5.626468030570606,1.1299945120842576,-3.2705723018141786,8.04117780211389,-3.2705723018141786,2.583228248878478,2.9488246987423636,-3.2705723018141786,-3.2705723018141786,1.310712847378122,3.5080802789910175,3.245884763445231,-3.2705723018141786,-3.2705723018141786,2.985452392371399,-3.2705723018141786,-3.2705723018141786,-3.2705723018141786,-3.2705723018141786,3.446825469680351,-3.2705723018141786,-3.2705723018141786,-3.2705723018141786,5.010051488432549,-3.2705723018141786,-3.2705723018141786,-3.2705723018141786,0.05692339898629939,1.4129360447184283
MSM79H54,5.390012709512247,4.361400174320423,5.109732226991375,5.9144733105316485,7.653325643018918,0.2416386218809201,6.640320194264609,2.2725707553694567,0.43179553832369955,3.0952764279596217,6.913201040902226,6.5665155783641005,-3.8278250177176947,3.4868116562800324,-3.8278250177176947,5.726981306540044,-3.8278250177176947,-3.8278250177176947,-3.8278250177176947,0.5497233838546691,5.6132568606093365,-3.8278250177176947,1.9059627164859947,4.780925811895586,5.078447413650556,-3.8278250177176947,7.979618695305691,-3.8278250177176947,-3.8278250177176947,6.2289020119190255,3.805590568988774,1.1870630999569247,0.29807793075647915,2.6025899971937516,-3.8278250177176947,-3.8278250177176947,-3.8278250177176947,-3.8278250177176947,-3.8278250177176947,-3.8278250177176947,-3.8278250177176947,5.267683061104607,-3.8278250177176947,-3.8278250177176947,-3.8278250177176947,-3.8278250177176947,3.077551752268138,-3.8278250177176947,-3.8278250177176947,-3.8278250177176947,3.5218995219839373,1.4892935689901705,1.30688146891484,2.706536437888146,-3.8278250177176947,-3.8278250177176947,4.9073409055846104,7.024802903072942,-3.8278250177176947,4.896152963711948,-3.8278250177176947,-3.8278250177176947,-3.8278250177176947,-3.8278250177176947,3.669843407121304,-3.8278250177176947,1.74992847632379,0.815747584684452,3.520650618496786,2.6791925051829644,-3.8278250177176947,-3.8278250177176947,4.8810382958535765,6.8500967935639885,-3.8278250177176947,-3.8278250177176947,3.5188525826917205,-3.8278250177176947,-3.8278250177176947,-3.8278250177176947,0.6245668992989,4.246217594044294,-3.8278250177176947,-3.8278250177176947,-3.8278250177176947,0.485209224957174,8.827321606077854,-3.8278250177176947,-3.8278250177176947,-3.8278250177176947,0.5900430080704062,5.184164413001936,-3.8278250177176947,-3.8278250177176947,1.9642929584877677,7.579553677349377,-3.8278250177176947,-3.8278250177176947,-3.8278250177176947,-3.8278250177176947,-3.8278250177176947
MSM79H58,6.751470928334879,2.2739374869287508,3.8676853335283417,4.557452858173044,6.531849307557831,-1.8159260114192204,5.1210927643735715,2.8794567506511264,1.9449246590978015,3.4278108990588354,5.686071416348305,6.4031672219622955,-4.281851482260414,3.950256372557801,-4.281851482260414,4.666422336771685,-4.281851482260414,-4.281851482260414,-4.281851482260414,-4.281851482260414,5.178496075776989,-4.281851482260414,3.302312622044812,3.0833078362585145,4.8365960420914424,-1.013954686760231,6.825265017251572,-4.281851482260414,-4.281851482260414,6.372538694561241,3.4529512166117406,1.1639377625768699,0.7995135061562024,-4.281851482260414,0.9625038604277982,-4.281851482260414,-4.281851482260414,-4.281851482260414,-4.281851482260414,0.7432703452359153,-4.281851482260414,4.227121147369297,-4.281851482260414,-4.281851482260414,-4.281851482260414,-4.281851482260414,1.6234590126558714,-4.281851482260414,0.20472591952522023,-4.281851482260414,3.964787007169434,2.645525557194693,-4.281851482260414,3.5133593420584885,1.9467542214707594,-4.281851482260414,6.224194853005304,6.075679781248296,-4.281851482260414,4.890069756595016,0.511263158143338,-4.281851482260414,-4.281851482260414,-0.23144755043317744,-4.281851482260414,0.34449382949018137,1.9612714526479333,0.2086315052928711,4.094565913421751,2.646206939349903,-4.281851482260414,-4.281851482260414,4.856837451477198,5.7662320860749725,-4.281851482260414,-4.281851482260414,4.69976733099952,-1.0183768978313044,1.4801216912597734,-4.281851482260414,0.6869011505807237,3.7791047647177356,-4.281851482260414,-4.281851482260414,-4.281851482260414,1.0696583053296305,8.52344879820362,-4.281851482260414,0.9673830149340858,-4.281851482260414,2.16675656979041,6.031151203763971,-4.281851482260414,-2.1940620707108938,3.1843501441777207,7.317267732067374,-4.281851482260414,-4.281851482260414,-4.281851482260414,-4.281851482260414,-4.281851482260414
MSM79H5A,6.67034552336683,2.9911677503568024,3.9251128005999165,4.659695589037425,6.667667632447101,-1.1481223958624494,5.365103393307539,1.6238887016803352,-0.7665882257246253,2.6787577692346707,5.572430416356198,5.676797514285917,-4.320413238811861,3.418252048375501,-4.320413238811861,5.42052822665401,2.88434687110389,-4.320413238811861,-4.320413238811861,-0.8746467681891126,5.766696953282699,3.023560387328602,3.3947379119268533,3.051966244199866,4.1549628042231594,0.9266968189285887,7.161402681261466,-4.320413238811861,-4.320413238811861,5.484263385918853,3.2629241016564503,0.9345653438532473,1.2191285047649956,1.6636369613208615,1.093128034579097,-4.320413238811861,-4.320413238811861,-4.320413238811861,-4.320413238811861,-4.320413238811861,-4.320413238811861,3.478806656405605,-4.320413238811861,-4.320413238811861,-4.320413238811861,-4.320413238811861,2.8302303670186912,-4.320413238811861,-1.2182701288508415,-4.320413238811861,3.37864425295841,-0.09457842392274607,2.7298051835769392,3.3103713293734103,-1.5399849737306432,-4.320413238811861,5.222531096906171,6.281150024007244,-4.320413238811861,4.818098984058933,-4.320413238811861,-4.320413238811861,-4.320413238811861,-4.320413238811861,3.0664444683237475,-1.0646094215193624,1.339897680003407,0.963679297857098,2.960397683449303,2.435917665970276,-4.320413238811861,-4.320413238811861,5.078781264153798,5.650685711189633,-4.320413238811861,2.067679901905465,5.217392926421063,-4.320413238811861,-4.320413238811861,-4.320413238811861,-0.2612765113731559,3.447205579164776,-4.320413238811861,-4.320413238811861,-4.320413238811861,-0.22602440248447841,8.563285990767834,-4.320413238811861,1.7650445153747079,-4.320413238811861,1.4827486927168216,5.443651317768302,-4.320413238811861,-4.320413238811861,1.275993037633997,7.151249284698273,-4.320413238811861,-4.320413238811861,-4.320413238811861,-4.320413238811861,-4.320413238811861
MSM79H5E,4.006773631318895,3.881958203049405,2.9308763262931503,3.993486467444563,6.540560216615173,2.665518605070093,5.0662324244174775,-4.618634457055652,-4.618634457055652,0.7004782556009204,3.43323521091045,5.699683995527046,2.0176183217659833,-4.618634457055652,2.428018078449343,-4.618634457055652,3.757817079193618,-4.618634457055652,7.355673809853953,0.7214409540494557,4.517674779726743,4.788794211018165,5.010528688737057,4.081734435267577,6.894619068234659,3.5663425064337444,6.833767667943629,-4.618634457055652,-4.618634457055652,-4.618634457055652,2.5153188906031385,-0.21634305899982387,-4.618634457055652,-4.618634457055652,-4.618634457055652,-4.618634457055652,-4.618634457055652,0.22295566175488268,-4.618634457055652,-4.618634457055652,-4.618634457055652,-4.618634457055652,-4.618634457055652,1.4762091011828344,2.3659928236199956,2.8071718376594905,-4.618634457055652,-4.618634457055652,3.3259337496800345,2.4116673740963916,-4.618634457055652,1.9773843831784195,-4.618634457055652,3.5539891853743297,3.400923400258442,1.684691335407674,4.305439278322956,-4.618634457055652,3.400959887932159,6.462413556556504,-4.618634457055652,-4.618634457055652,-4.618634457055652,-0.9827379730132044,2.9441000309526038,-4.618634457055652,4.65581045279593,-4.618634457055652,-4.618634457055652,1.3697092017735795,-4.618634457055652,4.857934607125255,4.299648172280564,4.672052345931994,-4.618634457055652,5.6579441996470266,2.8258920929061944,-2.3865915398657496,1.381599239301658,7.319962694623106,-4.618634457055652,4.319153088565731,3.187953916858935,3.4626163114056263,-4.618634457055652,-1.6876032089466833,-4.618634457055652,2.8493486690794434,-4.618634457055652,-4.618634457055652,2.421529275616485,4.298117040563277,-4.618634457055652,-4.618634457055652,-4.618634457055652,6.529781190029455,6.017521502212658,-4.618634457055652,-4.618634457055652,-4.618634457055652,-4.618634457055652
MSM79H5G,4.278740320578205,3.249549086476624,2.0123635481866415,3.4049534752714594,6.28797305860488,3.6072183320879683,4.903544228560816,-4.438612240581914,-4.438612240581914,2.695654831931768,2.5621311329286023,5.407241868712763,-4.438612240581914,-4.438612240581914,3.4043589199041735,-4.438612240581914,2.8761846157413284,-4.438612240581914,7.456589524939433,-4.438612240581914,3.3918372231254823,4.528384344192198,4.898546244974033,5.257812670169466,7.11125491386691,2.8251753926623877,5.939635636142283,-4.438612240581914,-4.438612240581914,-4.438612240581914,3.5052738755244057,1.1053001123549855,-4.438612240581914,-4.438612240581914,-4.438612240581914,-0.1785067999608021,-4.438612240581914,-4.438612240581914,-4.438612240581914,-4.438612240581914,-4.438612240581914,1.0714548285953498,-4.438612240581914,0.920566757307153,0.9697856168869983,1.5600449413926905,1.871273224706048,-4.438612240581914,2.6388712430013506,3.1065392758294985,-4.438612240581914,-4.438612240581914,1.3672877330993671,4.158132833031168,3.187469957722743,1.142439524870909,5.643465792743459,-4.438612240581914,2.8974471844462313,7.483176806114503,-4.438612240581914,-4.438612240581914,1.074280248573018,-4.438612240581914,-4.438612240581914,-4.438612240581914,4.854926999547293,-4.438612240581914,-4.438612240581914,1.1820558357346673,-4.438612240581914,5.573904016196092,5.298342837976688,4.820925062421441,-4.438612240581914,5.347038728473534,3.9017437146033993,-0.1917612542534073,1.7866207047645508,7.702542080616173,-4.438612240581914,2.8254202890331284,1.8928669951939892,4.130366355581649,4.0931831429463665,-4.438612240581914,-4.438612240581914,3.127514913442525,-4.438612240581914,-4.438612240581914,2.4479470672875445,4.276218230883028,-4.438612240581914,-4.438612240581914,-4.438612240581914,7.044242580440248,-4.438612240581914,-4.438612240581914,-4.438612240581914,-4.438612240581914,-4.438612240581914
MSM79H5K,4.39710030795344,3.5237108468977585,4.370128074419923,3.591535786341413,6.815402984567157,3.1569879204002227,5.438721419877572,-2.2066874360928335,-0.45843115278320745,2.6112650673299935,3.5365474607023106,5.368653362561634,2.7202464710126506,-4.646546909203295,3.8250351886791565,-4.646546909203295,2.1262833167562913,-4.646546909203295,6.653769908017844,0.8899027762091585,3.9496112831727466,4.37652124106358,3.997138101750547,3.543563317806833,6.861066431177084,2.7223216847272944,7.0083080864442415,-4.646546909203295,-4.646546909203295,-4.646546909203295,3.8639046729890563,0.5867826671869594,-4.646546909203295,-4.646546909203295,-4.646546909203295,-4.646546909203295,-4.646546909203295,4.569414827283437,-4.646546909203295,-4.646546909203295,-4.646546909203295,0.0723612294345024,-4.646546909203295,1.8426903366935017,1.7134904177416361,2.123492440532986,-4.646546909203295,-4.646546909203295,3.0617682790341014,2.7804853573685646,-4.646546909203295,-4.646546909203295,-4.646546909203295,5.067976790860797,3.427481119448079,1.5147462702047294,5.8744788433954,-4.646546909203295,2.5672391367418967,6.708285025286321,-4.646546909203295,-4.646546909203295,-0.2888823237552067,0.6997020040522557,-4.646546909203295,-4.646546909203295,5.0785331819173285,-4.646546909203295,-4.646546909203295,1.4733163326435852,-4.646546909203295,5.728677270984891,4.94097800151939,4.573764172366364,-4.646546909203295,5.543286592338035,-4.646546909203295,-1.0850809119739058,-4.646546909203295,5.741921687426913,-4.646546909203295,4.029483968822502,4.108027766822515,4.416954207612765,1.1837774734767619,-0.6380908257157234,-4.646546909203295,4.292647555948831,-4.646546909203295,-4.646546909203295,3.282500677151047,4.813883215122861,-4.646546909203295,-4.646546909203295,-4.646546909203295,7.312817185785122,-4.646546909203295,-4.646546909203295,-4.646546909203295,-4.646546909203295,-4.646546909203295
MSM79H5M,4.544197174400963,2.7744703643184465,2.1252548848453205,3.0833281431842448,6.51639030894019,3.3764772151399107,5.127708131678627,1.3706521735048591,-4.769057141429988,1.6970009894726132,3.4841513076388786,5.4461910905157325,0.855376086220982,-0.1709471476375093,3.285325612220314,-4.769057141429988,2.9134064826874164,-4.769057141429988,6.800156588614568,0.22344702145899475,4.149834033181712,4.384407665267421,3.540637311843552,4.763584394043407,6.53058745294832,3.0162643599974475,6.4148297208076235,-4.769057141429988,-4.769057141429988,-4.769057141429988,2.489021604703739,-0.35422613023111893,-2.0380152604283825,-4.769057141429988,-4.769057141429988,0.9200217586666266,-4.769057141429988,-2.7993365456221984,-4.769057141429988,-4.769057141429988,-4.769057141429988,-4.769057141429988,-4.769057141429988,2.500574329828548,2.305933741778275,2.439543737502439,-4.769057141429988,-4.769057141429988,3.5559980651854755,3.4285374666218607,-4.769057141429988,4.439163884691062,-4.769057141429988,5.208671854014522,4.316714266778098,2.137278876861955,5.875534289790069,-4.769057141429988,1.1988808835659075,6.68437161155677,-4.769057141429988,-4.769057141429988,-0.7512454459828106,1.1207372357057457,-4.769057141429988,-4.769057141429988,5.142629185973868,-4.769057141429988,0.1478292928741496,1.7647352690959384,-4.769057141429988,5.466402687608548,5.309364047767152,3.8818514104943347,-4.769057141429988,4.778167218271378,-4.769057141429988,-4.769057141429988,-4.769057141429988,6.281784709739869,-4.769057141429988,4.525697565117681,3.164755833281518,3.45318914466891,2.4804830236419484,-0.725050792462886,-4.769057141429988,5.091457850179735,-4.769057141429988,-4.769057141429988,3.5694603222954484,5.22055974122643,-4.769057141429988,-4.769057141429988,-4.769057141429988,7.04713469857462,-4.769057141429988,-4.769057141429988,-4.769057141429988,-4.769057141429988,-4.769057141429988
MSM79H5Q,-3.5562515411971294,-3.5562515411971294,-3.5562515411971294,6.198947068054019,7.432990821565477,-1.4788237425431863,4.4332669555872615,-3.5562515411971294,-3.5562515411971294,-3.5562515411971294,5.237318473461706,6.739085936900336,6.726046601786241,-0.7260826347929612,-3.5562515411971294,-3.5562515411971294,-3.5562515411971294,5.411203438380697,-3.5562515411971294,-3.5562515411971294,5.259153814139948,8.824776936924408,5.515261278930717,9.216967123274713,6.817419021909568,7.175168540922101,6.661449697735556,1.234167836510844,-3.5562515411971294,-3.5562515411971294,2.59618293128712,0.5805825445512838,-3.5562515411971294,-3.5562515411971294,-3.5562515411971294,-3.5562515411971294,-3.5562515411971294,-1.5052825924969273,-3.5562515411971294,-3.5562515411971294,-3.5562515411971294,5.227721286837283,-3.5562515411971294,-3.5562515411971294,-3.5562515411971294,-3.5562515411971294,-3.5562515411971294,-3.5562515411971294,1.285651938081756,1.1397747438290171,-3.5562515411971294,-3.5562515411971294,0.6758028872083486,4.447824992858278,1.3857672453597498,-0.1804288141585122,4.473473071811899,-3.5562515411971294,2.0069476132295296,7.270511929220483,-3.5562515411971294,0.8180771656280577,-3.5562515411971294,-3.5562515411971294,-3.5562515411971294,-3.5562515411971294,-3.5562515411971294,-3.5562515411971294,2.9436806312864983,1.0270466986939564,1.6423449425826888,-3.5562515411971294,4.30486929931216,5.1694574176754235,2.9472788303536923,6.260565916571538,4.9078371493870065,-3.5562515411971294,-3.5562515411971294,-3.5562515411971294,-3.5562515411971294,4.432029423277802,6.161124569989316,3.235952296279069,-3.5562515411971294,1.2815302383608973,3.3655916313062058,-3.5562515411971294,-3.5562515411971294,4.176202410947807,2.537007498985031,3.7565077312486475,-3.5562515411971294,-3.5562515411971294,-3.5562515411971294,5.850099689513881,-3.5562515411971294,-3.5562515411971294,-3.5562515411971294,-3.5562515411971294,0.025029654483898156
MSM79H5S,-4.144178186258669,-4.144178186258669,-4.144178186258669,5.053131357431986,6.749696267420457,-4.144178186258669,2.3622244917877184,0.809235641645822,-4.144178186258669,-4.144178186258669,3.6522510929635743,7.019784805130342,5.2609351782055604,-1.2156146302992887,-4.144178186258669,-4.144178186258669,-4.144178186258669,5.377553156155894,-4.144178186258669,-4.144178186258669,3.874861684675932,7.932198565014465,5.426980872992089,8.096533467574474,6.7548974260251295,6.2286757602504945,5.296975577846059,1.446364404533874,-4.144178186258669,1.205612504479884,4.412025911714936,2.800741360897086,-4.144178186258669,-4.144178186258669,-4.144178186258669,-1.2500037221660207,-4.144178186258669,1.668997214101628,-4.144178186258669,-4.144178186258669,-4.144178186258669,4.837478405257267,-1.0546387627413427,2.0122829192460427,1.6086576760840323,-4.144178186258669,-4.144178186258669,-4.144178186258669,2.5864537500134217,3.5107253037408874,-4.144178186258669,3.2757894378601593,0.3104808092308424,4.038888894585079,2.912704158757773,2.708497298512939,6.980705226857176,-4.144178186258669,4.508747290181038,7.325600884000969,-1.2326613573113487,-4.144178186258669,0.8099791410104054,-4.144178186258669,-4.144178186258669,-4.144178186258669,0.17282771006875386,-4.144178186258669,2.692336221401999,2.2138672186903907,-4.144178186258669,-4.144178186258669,4.380506972596411,5.089501864184286,2.784674688783073,6.857591557234533,-4.144178186258669,-4.144178186258669,-4.144178186258669,-4.144178186258669,-4.144178186258669,1.338487491412419,4.514013551512392,4.9733470167840155,-4.144178186258669,2.470986929435118,4.765685840246473,-4.144178186258669,-4.144178186258669,4.716037642477975,3.1305787345621416,4.52045306548567,-4.144178186258669,-4.144178186258669,-4.144178186258669,6.051728785613292,-4.144178186258669,-4.144178186258669,-4.144178186258669,-4.144178186258669,-4.144178186258669
MSM79H5U,-3.757116647627136,-3.757116647627136,-3.757116647627136,5.99364217154243,7.149927054162422,-3.757116647627136,4.153471918465076,-3.757116647627136,-3.757116647627136,-3.757116647627136,4.717570188601617,5.80683936632891,6.328619974637558,-3.757116647627136,-3.757116647627136,-3.757116647627136,-3.757116647627136,4.944929331625944,-3.757116647627136,-3.757116647627136,3.5571486341580902,8.27971202694886,5.178027080371779,8.73441210100448,5.282954824621323,5.9119567510250395,5.955694817167993,0.3652909883850768,-3.757116647627136,0.43980292539750643,3.9719771381033233,2.0462564143461552,-3.757116647627136,-3.757116647627136,-3.757116647627136,-3.757116647627136,-3.757116647627136,-0.45570349131607735,-3.757116647627136,-3.757116647627136,-3.757116647627136,5.633921949260635,-3.757116647627136,-3.757116647627136,0.8217690766575263,-3.757116647627136,-3.757116647627136,-3.757116647627136,1.7130523849846089,2.8873376043431245,-3.757116647627136,-3.757116647627136,0.7256740838718994,5.060415927105428,-3.757116647627136,1.4603808137506888,4.986476583825697,-3.757116647627136,3.456687808706933,8.38608422140308,-1.0623606695131294,-3.757116647627136,-0.9250124660929426,-0.45570349131607735,-3.757116647627136,-3.757116647627136,-3.757116647627136,-3.757116647627136,1.9298281389664869,2.175880382698794,3.769317795452354,-3.757116647627136,4.639871942691896,4.76704420391235,4.005372465435787,6.520302299962391,-3.757116647627136,-3.757116647627136,-3.757116647627136,-3.757116647627136,-3.757116647627136,5.860260711746719,6.431416127504786,4.651113472126312,-3.757116647627136,2.129722278546126,5.057676268366096,-3.757116647627136,-3.757116647627136,5.4838824403775766,2.240837650152633,4.502040170396371,0.10559857641143822,-3.757116647627136,-3.757116647627136,7.279600669154045,-3.757116647627136,-3.757116647627136,-3.757116647627136,-3.757116647627136,-0.9880706074841434
MSM79H5Y,-3.6002228234006335,-3.6002228234006335,-3.6002228234006335,6.940066380835331,7.8102345265481565,-3.6002228234006335,4.124464997911986,-0.7205053289484802,-3.6002228234006335,-3.6002228234006335,4.4238831673440595,6.626021312935855,6.670576824103442,-3.6002228234006335,-3.6002228234006335,-3.6002228234006335,-3.6002228234006335,4.963327756105537,-3.6002228234006335,-3.6002228234006335,3.784357623857895,8.207299482021874,5.99184386828398,8.5267973222551,7.980720133022421,4.561256310753311,3.585270939313295,-3.6002228234006335,-3.6002228234006335,-3.6002228234006335,3.7268826477100454,1.629123300572557,-3.6002228234006335,-3.6002228234006335,-3.6002228234006335,-3.6002228234006335,-3.6002228234006335,0.15510993491230884,-3.6002228234006335,-3.6002228234006335,-3.6002228234006335,5.691717042987965,-3.6002228234006335,-3.6002228234006335,-3.6002228234006335,-3.6002228234006335,-3.6002228234006335,-3.6002228234006335,2.6586620322220886,2.455142513296752,-3.6002228234006335,-3.6002228234006335,-3.6002228234006335,4.928948745173691,2.3833132563375248,1.8115329258866222,5.617601361475177,-3.6002228234006335,2.81517923513002,8.311958538298333,-3.6002228234006335,2.7180357023254196,1.2772549955148769,-3.6002228234006335,1.0297827307265752,-3.6002228234006335,-3.6002228234006335,-3.6002228234006335,2.0233227751883778,1.8519016351708668,-3.6002228234006335,-3.6002228234006335,4.086778995851134,6.36399125919233,4.701366821231563,7.497921231530451,-3.6002228234006335,-3.6002228234006335,-3.6002228234006335,-3.6002228234006335,-0.5824362933719982,4.581465853113387,6.880541566550029,4.60913797305283,-3.6002228234006335,1.7050330323093554,5.055887816375177,-3.6002228234006335,-3.6002228234006335,4.934642559464162,2.6970164411944033,4.328170325252367,-3.6002228234006335,-3.6002228234006335,-3.6002228234006335,6.591653016015549,-3.6002228234006335,-3.6002228234006335,-3.6002228234006335,-3.6002228234006335,-3.6002228234006335
MSM79H6D,-4.903639283622624,3.1419431752282163,2.6505277562013267,2.1338526838695646,5.468332190506642,-0.18817780681923324,5.108078146960873,-4.903639283622624,-4.903639283622624,-4.903639283622624,3.226845691730733,5.221298323172377,2.4688573603093786,4.321866712699138,4.089435339052268,4.312736142809201,-4.903639283622624,4.334629421678535,6.512090835181031,0.3257344542493712,4.869950306709039,-4.903639283622624,4.479434908304534,4.5644920107706985,6.050080771347817,3.371459013444345,6.058806742405041,0.7718228748025524,-4.903639283622624,-4.903639283622624,0.4262897514125239,-4.903639283622624,0.11466823549847405,0.6883691096743014,-2.0618903037676723,-1.6959538909946463,-4.903639283622624,-2.2269028830930004,-4.903639283622624,-4.903639283622624,-4.903639283622624,-1.2304535653383653,-4.903639283622624,1.8465723925783886,0.7085343017595331,1.0910446462493084,-4.903639283622624,-4.903639283622624,1.819157472476487,2.6297512740458124,-4.903639283622624,1.8347259084501486,-4.903639283622624,4.323492360609318,2.1892335226473456,-1.0977313847636783,6.888420467255333,4.878077452447254,3.2794818273757933,6.194188586666831,0.35458793739672423,-4.903639283622624,-4.903639283622624,-2.3738863795608864,-4.903639283622624,-4.903639283622624,3.739416938533645,-4.903639283622624,2.2320638025966026,1.964257662146955,-4.903639283622624,4.506312384947548,2.6515033310304794,0.9389063342233044,4.865201288309415,-4.903639283622624,4.164802516863902,-0.6298550579414872,-4.903639283622624,7.071122746236907,-0.2704427591730134,1.6118416883881972,4.231275888234556,5.747908945114762,-4.903639283622624,-2.7990810561963873,3.964372102368012,-4.903639283622624,-4.903639283622624,3.0341073544815895,2.4532069137480397,3.7329789903364166,-4.903639283622624,-4.903639283622624,-4.903639283622624,6.447530327189363,4.999709975336627,-4.903639283622624,-4.903639283622624,-4.903639283622624,-4.903639283622624
MSM79H6F,-3.8716920423950896,5.15063543480454,0.48901502931531127,4.512318648719719,6.877619197870743,0.8916567204109906,6.681496893367145,-3.8716920423950896,-3.8716920423950896,-3.8716920423950896,4.64765515976003,7.027551251767059,5.099592212120534,6.267124169956081,5.332810106538137,6.444341806673005,-3.8716920423950896,6.168673924040055,6.969291434507442,1.455838110064418,6.118833570168745,-3.8716920423950896,6.118967663442545,6.339359854400598,6.863255656646579,2.0679459822068953,7.88300663407366,-3.8716920423950896,-3.8716920423950896,-3.8716920423950896,-3.8716920423950896,-3.8716920423950896,-3.8716920423950896,-3.8716920423950896,-3.8716920423950896,-3.8716920423950896,-3.8716920423950896,-3.8716920423950896,-3.8716920423950896,-3.8716920423950896,-3.8716920423950896,-3.8716920423950896,-3.8716920423950896,-3.8716920423950896,-3.8716920423950896,-3.8716920423950896,-3.8716920423950896,-3.8716920423950896,1.1084613727145882,-3.8716920423950896,3.2672201368463973,-3.8716920423950896,-3.8716920423950896,5.284635470843596,-3.8716920423950896,-3.8716920423950896,5.501277461153669,3.7858606823093357,-3.8716920423950896,7.772146241682785,-3.8716920423950896,-3.8716920423950896,-3.8716920423950896,-3.8716920423950896,-3.8716920423950896,-3.8716920423950896,4.56183112198596,-3.8716920423950896,-3.8716920423950896,3.062370634639345,4.423111926220585,5.6059922711269925,4.10929189444674,2.9977362767794347,7.216945821172139,-3.8716920423950896,6.295143853716265,-3.8716920423950896,-3.8716920423950896,7.130613955474105,-3.8716920423950896,-3.8716920423950896,3.906664559951855,6.407082984363132,-3.8716920423950896,-3.8716920423950896,3.3591398192616504,-3.8716920423950896,-3.8716920423950896,4.154613372997195,3.1024430853552465,4.750580676226706,-3.8716920423950896,-3.8716920423950896,-3.8716920423950896,7.245858707665443,6.230434628732191,-3.8716920423950896,-3.8716920423950896,-3.8716920423950896,-3.8716920423950896
MSM79H6H,-3.9377927703009448,3.8774538815161375,1.901109506689271,3.3186356253134246,6.0341631125923865,-0.10806398691438979,6.173859617320106,-3.9377927703009448,-3.9377927703009448,1.127346267459858,3.5707849503891174,5.534253826546409,6.882103461008555,5.604944571892332,3.965219994968015,5.043366163437616,-3.9377927703009448,5.955176306322034,7.265594603434309,2.9484162379325687,3.8651860537007927,-3.9377927703009448,5.12630523585929,5.991832254462819,6.257830942123799,2.38512968850113,7.560320604437948,-3.9377927703009448,-3.9377927703009448,-3.9377927703009448,1.9099642502226644,-3.9377927703009448,-3.9377927703009448,-3.9377927703009448,-3.9377927703009448,-3.9377927703009448,-3.9377927703009448,-3.9377927703009448,-3.9377927703009448,-3.9377927703009448,-3.9377927703009448,-3.9377927703009448,-3.9377927703009448,0.5073233645799355,-3.9377927703009448,0.05142991890300763,-3.9377927703009448,-3.9377927703009448,0.9309005474484024,0.9831501828518991,-3.9377927703009448,-3.9377927703009448,-3.9377927703009448,3.7339003500498347,0.757451518897545,-0.9992065281566997,6.200501037115845,2.653282309427051,1.1504896569431615,6.459174700871969,-3.9377927703009448,-3.9377927703009448,-3.9377927703009448,-3.9377927703009448,-3.9377927703009448,-3.9377927703009448,4.499434536575714,-3.9377927703009448,0.8497514585898394,2.123225419530235,-3.9377927703009448,5.407869864938245,2.277987596058064,-3.9377927703009448,6.265368834420732,-3.9377927703009448,-3.9377927703009448,-3.9377927703009448,-3.9377927703009448,9.050610791691987,-3.9377927703009448,0.8239713200398899,4.8647556355869455,5.149628658924051,-3.9377927703009448,-3.9377927703009448,4.820425500516914,-3.9377927703009448,-3.9377927703009448,3.584271637887557,2.713279960772871,4.1605789215340065,-3.9377927703009448,-3.9377927703009448,-3.9377927703009448,6.097193212408698,5.630380275595097,-3.9377927703009448,-3.9377927703009448,-0.5324584732490099,0.5462403647756062
MSM79H6J,-4.261442375627091,3.6389716971111588,2.3121690265240185,2.9304290576610157,5.821526244471501,0.7317966240033833,5.685223646320063,-4.261442375627091,-4.261442375627091,0.7643129073196508,3.6707753638869507,5.017492705174217,6.542689995848388,5.579350516351854,4.571172098005179,3.9702385486003786,-4.261442375627091,6.143412187543396,7.215476426557794,1.4266352702316052,1.0281265953706669,-2.6277892758395236,5.008494086128605,5.0424097596364685,6.19937706863772,-4.261442375627091,7.2437507229351645,-4.261442375627091,-4.261442375627091,-4.261442375627091,1.261924590989322,-4.261442375627091,-4.261442375627091,-4.261442375627091,-4.261442375627091,-4.261442375627091,-4.261442375627091,-4.261442375627091,-4.261442375627091,-4.261442375627091,-4.261442375627091,-4.261442375627091,-4.261442375627091,1.7316155635620305,0.7602027654963752,1.5321224803585025,-4.261442375627091,-4.261442375627091,2.7380715064267376,2.350006257730061,-4.261442375627091,-4.261442375627091,1.2274209977713557,5.524932239810816,1.865926011211684,1.6774791293660511,5.742151047568615,4.961097677708418,2.209345174070463,7.310280815854736,-0.9754789193107722,-4.261442375627091,0.20531510502466865,-4.261442375627091,-4.261442375627091,-4.261442375627091,5.615948285620259,-4.261442375627091,2.4780411259749764,2.7951095780923554,-4.261442375627091,5.376647903070077,2.6054190253358636,-4.261442375627091,5.833662006911338,-4.261442375627091,-4.261442375627091,-4.261442375627091,-4.261442375627091,8.041366803620447,-4.261442375627091,1.1224622100392985,4.784063867610476,5.750183083420492,-4.261442375627091,-4.261442375627091,3.7965292332745753,-4.261442375627091,-4.261442375627091,4.037716672977734,3.0917671580072836,4.6325490674162655,-4.261442375627091,-4.261442375627091,-4.261442375627091,6.8277469550073695,5.460124961975141,-4.261442375627091,-4.261442375627091,-4.261442375627091,-4.261442375627091
MSM79H6L,2.584164091883493,4.169166162990834,1.3867968269248454,3.8497956446966892,5.742441129349494,1.1096193917794857,5.841376882978414,-4.277058384553303,-4.277058384553303,2.4534919647682294,3.683037312114857,5.797561513659979,6.833982595048287,5.415746746287285,3.835964482062014,4.637217478451296,-4.277058384553303,6.367379142136407,7.224996035852062,2.28746545901027,2.64187176496786,-2.654505736223209,5.845450314661408,6.276841559963986,5.682245784592996,-4.277058384553303,7.280907509306221,-4.277058384553303,-4.277058384553303,-4.277058384553303,2.5622826537485297,-0.5266325712503246,-0.029959683352004163,-4.277058384553303,-4.277058384553303,-4.277058384553303,-4.277058384553303,-4.277058384553303,-4.277058384553303,-4.277058384553303,-4.277058384553303,-4.277058384553303,-4.277058384553303,-4.277058384553303,-4.277058384553303,1.822415372197451,-4.277058384553303,-4.277058384553303,1.8075086336231951,-0.18434624495788476,-4.277058384553303,1.4329858150346038,2.788572546601695,5.882000470243326,-4.277058384553303,-4.277058384553303,4.107765706278574,4.349590073475043,-4.277058384553303,6.510659427853668,-4.277058384553303,-4.277058384553303,-4.277058384553303,-4.277058384553303,-4.277058384553303,-4.277058384553303,3.6686236089007425,-4.277058384553303,-2.3728059679877695,1.932079704475063,2.1945238701496956,5.453727949300125,2.745033629247442,-0.7912469715747488,6.269615849651048,-4.277058384553303,-4.277058384553303,-1.280760107408888,-4.277058384553303,8.065275468129528,-4.277058384553303,3.1029888667767898,4.420697641328067,4.6964512702203525,-4.277058384553303,-4.277058384553303,3.018671892895373,-4.277058384553303,-4.277058384553303,3.8476501466435433,2.1678239231522225,2.915653767286508,-4.277058384553303,-4.277058384553303,1.4146171258604934,6.943853365902205,5.414511441670425,-4.277058384553303,-4.277058384553303,-4.277058384553303,-0.17521542647879151
MSM79H6N,1.844541507807337,3.8223764240726643,1.651933471406057,4.051887466053017,5.4146584637420725,0.747194438089581,5.78497263451783,-4.477042377160473,-4.477042377160473,2.9568650651845507,4.232036158558802,7.2207612671066315,6.483638888724092,5.326496060097436,3.4043395919308512,3.5899298166299856,-4.477042377160473,6.368135936552111,6.716861284451113,1.1134850103749692,2.4597142166452235,-2.105267991027711,4.53555948105027,5.140379594131309,6.17199753049386,-4.477042377160473,6.913396282241708,-4.477042377160473,-4.477042377160473,-4.477042377160473,2.511818577089782,0.23840623169647301,-4.477042377160473,-4.477042377160473,-4.477042377160473,-4.477042377160473,-4.477042377160473,-4.477042377160473,-4.477042377160473,-4.477042377160473,-4.477042377160473,-4.477042377160473,-4.477042377160473,-0.040847235674542404,-0.07729713754224399,2.016649177202515,-4.477042377160473,-4.477042377160473,1.1664642756100392,1.0157643914619072,-4.477042377160473,2.524382099874206,1.6879712205180013,5.279655356233489,1.2545814952188419,-4.477042377160473,4.6965426697275445,4.9953231720150795,-4.477042377160473,6.640882639277981,-4.477042377160473,-0.7109167729886039,-4.477042377160473,-4.477042377160473,0.17555912446753474,-4.477042377160473,3.262826325442549,-4.477042377160473,-0.26486597220495334,2.1576404566028176,-4.477042377160473,4.877258955648046,2.4005257461991683,-0.2680697543849675,6.221774822043931,-4.477042377160473,-4.477042377160473,-4.477042377160473,-4.477042377160473,7.633329407409214,-4.477042377160473,2.3102241387099287,3.997331987186419,4.0102517850410395,-4.477042377160473,-2.7857746206026412,2.5735829011931513,-4.477042377160473,-4.477042377160473,4.2619529316863,2.7091213223607387,4.116565671088097,-4.477042377160473,-4.477042377160473,-1.2681693487548937,6.543720013043277,5.006779691401995,-4.477042377160473,-4.477042377160473,-1.4185015141505186,0.2604006355983408
MSM79H6Y,3.5586281219152482,-4.3824061258307925,-1.1107944171776971,4.653474417527808,6.368290400531611,2.546393394900262,3.7898429031357157,2.8075677737477234,-4.3824061258307925,2.437323827879987,5.086049725522373,4.1986310789569465,3.7265554420868465,2.5484600748113566,4.735467560784259,-0.9263602200936134,5.530159410736818,-4.3824061258307925,4.216190087092698,-4.3824061258307925,3.0392451655935986,-4.3824061258307925,4.383668327384137,7.825705303998996,6.137824282890193,4.050568188360475,5.6054681931079475,-4.3824061258307925,-4.3824061258307925,-4.3824061258307925,-4.3824061258307925,-4.3824061258307925,0.985929316956053,-4.3824061258307925,-4.3824061258307925,-4.3824061258307925,-4.3824061258307925,-4.3824061258307925,-4.3824061258307925,-4.3824061258307925,-4.3824061258307925,-4.3824061258307925,-4.3824061258307925,-4.3824061258307925,0.593595073515452,3.106569345142516,-4.3824061258307925,-4.3824061258307925,1.3624690555325927,2.568362850484684,-0.7827882436395619,0.5874364361134106,-4.3824061258307925,5.825669120658853,1.4097165865197763,-4.3824061258307925,7.424848586918621,7.436446080882592,-4.3824061258307925,7.332186779752639,-4.3824061258307925,-4.3824061258307925,-4.3824061258307925,-4.3824061258307925,-4.3824061258307925,-4.3824061258307925,2.6986135034387946,-4.3824061258307925,2.657573265792183,-4.3824061258307925,-4.3824061258307925,-4.3824061258307925,2.53180579255519,5.090352798578799,1.8198092876028547,2.572932711582621,6.426697698893176,0.7574569983000394,-4.3824061258307925,0.42605147011295763,-4.3824061258307925,5.210838873967101,4.70490208961325,0.07660707589736226,-4.3824061258307925,-4.3824061258307925,3.768355123885571,-4.3824061258307925,-4.3824061258307925,3.8102635150762376,3.006728004813101,3.778537635980129,0.9957308249515329,2.1607113269779186,-4.3824061258307925,6.768305666491214,4.422392063057176,1.4725146869808095,-4.3824061258307925,2.2923996922280594,2.3174893972469395
MSM79H7O,-4.147202516204507,3.083513529541457,-4.147202516204507,4.758825464702789,5.906117074510086,-0.5026035583262072,5.227947254948222,-4.147202516204507,-4.147202516204507,2.402237543337132,4.69034521954114,6.05249750019924,2.3732750437953323,-4.147202516204507,7.235918836986075,-4.147202516204507,3.3777567842714484,-4.147202516204507,-4.147202516204507,-4.147202516204507,3.5382643266247618,5.6816146556494465,4.410555807347828,7.664710781491937,6.78594897265395,3.8868354555625473,5.070906564537339,3.3362627815992436,-4.147202516204507,-0.06576846511613432,2.0715665256168316,-4.147202516204507,-4.147202516204507,-4.147202516204507,-4.147202516204507,-4.147202516204507,-4.147202516204507,-4.147202516204507,-4.147202516204507,-4.147202516204507,-4.147202516204507,1.470807425483688,-4.147202516204507,0.027227030756828086,-0.014122556948525045,1.977966796702213,-4.147202516204507,-4.147202516204507,1.4298915546286128,2.2223727869909826,-4.147202516204507,-4.147202516204507,-4.147202516204507,4.271342778906,1.0786549169853181,0.7266837128698249,3.86934628157604,2.712349014330421,3.4047586880929144,8.718314914430332,-4.147202516204507,0.5909243450253854,-4.147202516204507,-4.147202516204507,3.2552224477642664,-4.147202516204507,-4.147202516204507,-4.147202516204507,-4.147202516204507,2.3408325944184707,2.5047556208894832,4.2549806981107805,2.6615582826797146,2.40686391854807,-0.12747568077677585,6.465069073073602,-4.147202516204507,0.8413764902069989,-4.147202516204507,-1.7561966704402447,-4.147202516204507,2.6824698841804038,4.5472259969801465,2.299303316240053,3.8676072015710865,-4.147202516204507,-0.06065227033783316,1.5767976146470186,-4.147202516204507,-4.147202516204507,0.8977341701167063,3.4376070451737544,-4.147202516204507,-4.147202516204507,-4.147202516204507,7.614507006223356,4.773341115005492,-4.147202516204507,0.56031543988205,1.4637947082190728,2.349424405113238
MSM79H7Q,-4.592478438849419,2.5543352403897517,-4.592478438849419,3.889580287781997,5.6061605955264415,-1.80916905223555,4.34890550454419,0.6066903317593404,-4.592478438849419,2.3647998288332337,4.007720140167147,6.025333252978674,1.1004463857603728,-4.592478438849419,7.010320777133138,-4.592478438849419,1.604442705259821,-4.592478438849419,-4.592478438849419,-4.592478438849419,4.504944511643836,5.338234399004408,3.804468263366145,6.78343721318355,6.7936359613403985,4.251076456984114,4.854999081488317,2.958002628346599,0.27163314080682177,0.6493500654323103,1.6807580693233648,-4.592478438849419,-4.592478438849419,-4.592478438849419,1.5368910716505741,-4.592478438849419,0.0668665165432234,-4.592478438849419,-4.592478438849419,-4.592478438849419,-4.592478438849419,3.86663855275694,-4.592478438849419,1.1162122606839997,1.6953463474370247,3.2716948508787755,-4.592478438849419,-4.592478438849419,2.7744269483437582,3.314530586169143,-4.592478438849419,-4.592478438849419,-4.592478438849419,3.3506316365770124,1.5769379565184574,1.4725721487660444,5.475102438581375,3.3466191932957745,3.0018782076764383,8.02554250462179,-1.4202248702311095,1.8134732907511335,-0.23458485462474066,-4.592478438849419,-4.592478438849419,-4.592478438849419,-4.592478438849419,-4.592478438849419,-0.6824492758878957,1.9188040973166371,-4.592478438849419,4.221041803971477,1.9592739623022872,-0.8069950442277172,1.188356844053084,6.250796759399368,-4.592478438849419,-0.4938998284430962,-4.592478438849419,-0.5024431719646962,-4.592478438849419,3.128577367918143,5.5260818773744775,4.808542127753106,-4.592478438849419,-4.592478438849419,0.35436539263603883,2.389374038907789,-4.592478438849419,-4.592478438849419,0.9605162553967013,3.380222507622988,-4.592478438849419,0.36379084388795846,-4.592478438849419,6.968978575404435,4.751326279764031,-4.592478438849419,0.801503248880465,2.0400734324497005,2.7376820065481766
MSM79H7W,-4.304854136826174,1.064167550460951,-4.304854136826174,2.8839892158854683,5.164914660672737,-4.304854136826174,3.684009538549155,-2.1508188355290176,-4.304854136826174,1.3549398348544166,2.7884477062970614,5.68258488553529,2.1186417495339764,-4.304854136826174,7.9366076726988375,-4.304854136826174,3.7288914788101533,-4.304854136826174,-4.304854136826174,-4.304854136826174,3.8388942855658676,5.27987131988773,4.045982752928679,7.442557792297194,6.169561370225108,4.356915867295235,4.142507629632684,3.743155542371669,2.2521145430062415,-1.388478113105304,2.7499957982674896,-4.304854136826174,-4.304854136826174,-4.304854136826174,-4.304854136826174,-4.304854136826174,-4.304854136826174,-4.304854136826174,-4.304854136826174,-4.304854136826174,-4.304854136826174,0.7471639649500368,-4.304854136826174,2.222982047103379,2.618302395473954,3.286180457858574,-4.304854136826174,-4.304854136826174,3.8266583904481033,4.062687943929349,-4.304854136826174,0.47385714689178116,-4.304854136826174,5.251900013416145,1.164077764370747,2.0893624360282184,6.834716557249009,1.867272817073828,4.211515254599682,8.226433792269175,-4.304854136826174,3.1643418462588073,0.40856920242773853,-2.1626753125011877,-4.304854136826174,-4.304854136826174,-4.304854136826174,-4.304854136826174,-0.7341375035380491,1.8544708481360033,3.652573005139236,-4.304854136826174,2.165350292528208,0.2358370052353802,1.0829224100956267,6.199714052362019,-4.304854136826174,0.9874655796818654,-4.304854136826174,-4.304854136826174,-4.304854136826174,4.4700168621799055,4.869387074659397,5.007534568479898,-4.304854136826174,-4.304854136826174,0.17438871051512095,3.1303340703568,-4.304854136826174,-4.304854136826174,1.915488955359879,4.3120898559643805,-1.1498840511410933,1.4183532120765427,-4.304854136826174,7.091528673231295,-4.304854136826174,-4.304854136826174,-1.3297454273915292,2.174435791388512,3.788094660564255
MSM79H7Y,-4.663726124085073,2.431383660921269,-4.663726124085073,4.163077665546526,5.763206335710993,-1.9149850526192456,4.442818384893913,-0.7370385668895914,-4.663726124085073,1.3520035436659725,3.931982942096921,6.11317306069458,0.6667928925779503,-4.663726124085073,6.981078929950918,-4.663726124085073,2.5087449129018218,-4.663726124085073,-4.663726124085073,-4.663726124085073,2.101607385875849,5.326581821407031,3.5865844987685396,6.90106402881534,5.99462620657555,3.4290873840598186,4.715062923422759,4.276340973010267,1.7850832919771396,2.036607337845007,2.378883966744139,-4.663726124085073,-4.663726124085073,-4.663726124085073,-0.8239188111827254,-4.663726124085073,1.2379421979696819,-4.663726124085073,-4.663726124085073,-4.663726124085073,-4.663726124085073,1.708398722467206,-4.663726124085073,3.263764596535615,2.2360628850038973,2.8830749947522527,-4.663726124085073,-4.663726124085073,2.7336932491905,3.907348263582474,-4.663726124085073,-4.663726124085073,-4.663726124085073,4.4325180374193,1.7595010075260422,2.7783707756388427,6.644922251716724,3.0049639433281747,3.6521634907325673,7.877245756840991,-1.2408384612520038,0.8740853037501459,0.5094554555186885,-4.663726124085073,-4.663726124085073,-4.663726124085073,-4.663726124085073,-2.89899688038809,0.3958730729634947,1.6147710749091866,-4.663726124085073,4.057454692945711,2.570198007779193,-0.6608612180646798,2.190075137684725,5.841989822585202,-4.663726124085073,0.997090716668902,-4.663726124085073,0.33939547732400577,-4.663726124085073,3.1719831571610175,2.3345414537750715,3.1738542393090086,0.9211814924214128,-4.663726124085073,0.21508145322830785,2.5592131652311787,-4.663726124085073,-4.663726124085073,2.318611980003573,4.198338998441442,-4.663726124085073,0.8696177665005287,-4.663726124085073,7.049312785691659,-4.663726124085073,-4.663726124085073,0.5410452980098217,2.765432657167869,2.320140052307069
MSM79H81,5.487961218225787,-3.3805672957472943,-3.3805672957472943,-3.3805672957472943,8.662278206547892,-3.3805672957472943,7.585544551844118,0.029730619460023533,-3.3805672957472943,2.948853156943313,-3.3805672957472943,-3.3805672957472943,-3.3805672957472943,8.622527830728737,-3.3805672957472943,-3.3805672957472943,-3.3805672957472943,-3.3805672957472943,-3.3805672957472943,-3.3805672957472943,-3.3805672957472943,-3.3805672957472943,7.79649216470317,1.1571556547409596,1.2078585578717398,-3.3805672957472943,-3.3805672957472943,-3.3805672957472943,1.7746611995772756,-3.3805672957472943,2.444055096643517,-3.3805672957472943,-3.3805672957472943,4.682994722041604,-3.3805672957472943,-3.3805672957472943,2.7969645091008477,-3.3805672957472943,-3.3805672957472943,-3.3805672957472943,-3.3805672957472943,-3.3805672957472943,-3.3805672957472943,3.1151644410061436,3.145165919486905,3.0855228598117153,-3.3805672957472943,5.579327712468189,2.5726215268230916,3.403523065192685,3.329691199937545,-3.3805672957472943,-3.3805672957472943,6.34487671896447,-0.4864230702870156,-3.3805672957472943,8.312078442076903,2.7144257957512066,-3.3805672957472943,8.29909096034991,-3.3805672957472943,7.810469206768337,-3.3805672957472943,-3.3805672957472943,-3.3805672957472943,-0.357674452954857,-3.3805672957472943,-3.3805672957472943,0.7782619879202066,-3.3805672957472943,2.4289693801963548,-3.3805672957472943,3.572337484975318,-3.3805672957472943,-3.3805672957472943,-3.3805672957472943,3.1941172589889684,-3.3805672957472943,4.144627608023731,-3.3805672957472943,-3.3805672957472943,4.418792159060642,7.6099490465314155,3.839474412309432,-3.3805672957472943,-3.3805672957472943,-3.3805672957472943,-3.3805672957472943,1.5418732017101728,-3.3805672957472943,3.712353027076677,3.753444316761862,5.311619293533447,4.05832940284514,-3.3805672957472943,5.743728473261503,-3.3805672957472943,5.121632639341831,5.058371100463964,4.980659254608846,7.978290700413889
MSM79H83,6.686550029949328,-2.963707509090801,-2.963707509090801,-2.963707509090801,8.72870999546923,-2.963707509090801,7.488492394380494,2.262083945778633,-2.963707509090801,-2.963707509090801,-2.963707509090801,-2.963707509090801,-2.963707509090801,9.568462336907494,-2.963707509090801,-2.963707509090801,-2.963707509090801,-2.963707509090801,-2.963707509090801,-2.963707509090801,-2.963707509090801,-2.963707509090801,9.353687436721332,-2.963707509090801,-2.963707509090801,-2.963707509090801,-2.963707509090801,-2.963707509090801,2.6624322174494726,-2.963707509090801,0.6809223003320017,-2.963707509090801,-2.963707509090801,-2.963707509090801,-2.963707509090801,-2.963707509090801,-2.963707509090801,-2.963707509090801,2.0487910538357035,-2.963707509090801,-2.963707509090801,3.5424773013889963,-2.963707509090801,-2.963707509090801,1.7968401082627814,4.2247707541734165,-2.963707509090801,6.318424701043823,1.2226648186327598,4.50592331992818,-2.963707509090801,-2.963707509090801,-2.963707509090801,7.06337064852676,-0.9951835951479566,-2.963707509090801,7.120741570021158,1.4304777658371233,4.221819923727046,9.129028293542964,3.026652564614216,3.914100837372052,-2.963707509090801,-2.963707509090801,-2.963707509090801,-2.963707509090801,-2.963707509090801,-2.963707509090801,2.7389482312640556,-2.963707509090801,4.207407224506311,-2.963707509090801,5.531253538207365,-2.963707509090801,-2.963707509090801,-2.963707509090801,3.5191978438490272,-2.963707509090801,-2.963707509090801,-2.963707509090801,0.7608122600964133,7.689197467890539,6.418137479370553,5.854396870774405,-2.963707509090801,2.3385648706086606,-2.963707509090801,-2.963707509090801,2.752559716521283,-2.963707509090801,2.0896201506298304,4.548495762978738,3.6336126067343697,-2.963707509090801,-2.963707509090801,6.295937889605626,-2.963707509090801,4.205116587642662,1.3235297905426737,4.933316634827237,2.980104896650145
MSM79H85,4.522645566948657,-3.160159001902027,-3.160159001902027,-3.160159001902027,8.616318042490576,-3.160159001902027,6.5842378440590785,-3.160159001902027,-3.160159001902027,2.0961707983935405,-3.160159001902027,-3.160159001902027,-3.160159001902027,8.878319470903216,-3.160159001902027,-3.160159001902027,-3.160159001902027,-3.160159001902027,-3.160159001902027,-3.160159001902027,-3.160159001902027,-3.160159001902027,8.601139008632469,0.09959816675379507,-3.160159001902027,-3.160159001902027,-3.160159001902027,-3.160159001902027,3.2174136282739942,-3.160159001902027,-0.5116878227636406,-3.160159001902027,-3.160159001902027,9.292911481161559,-3.160159001902027,-3.160159001902027,-3.160159001902027,-3.160159001902027,-0.7279702625648063,-3.160159001902027,-3.160159001902027,-3.160159001902027,-3.160159001902027,2.286526655369771,2.332830766300731,3.2158555433490337,-3.160159001902027,4.740232010045025,1.662392803226842,4.754578263735134,-3.160159001902027,-3.160159001902027,-3.160159001902027,6.310747218946495,1.233231760345335,-3.160159001902027,7.502662224831985,4.7691981788558975,3.651592009121649,8.260039627755669,-3.160159001902027,5.813001271424756,-3.160159001902027,-3.160159001902027,4.375045552354882,-3.160159001902027,-3.160159001902027,-3.160159001902027,1.3291338897534306,-3.160159001902027,3.8216272061972294,-3.160159001902027,3.0816265051152634,-3.160159001902027,-3.160159001902027,-3.160159001902027,0.3322165360253564,-3.160159001902027,3.727316949743413,-3.160159001902027,-3.160159001902027,5.0700982287491705,8.279448803419559,5.506441906452089,-3.160159001902027,0.2715576496853753,-1.004320734420192,-3.160159001902027,-3.160159001902027,-3.160159001902027,2.8372975770552227,4.203438069642033,3.923978582383838,1.7266331705257212,-3.160159001902027,5.277714757424687,-3.160159001902027,4.923836593243025,4.670108891199306,4.779661910758274,5.794216807510812
MSM79H87,7.546126729199582,-2.8722696536360566,-2.8722696536360566,-2.8722696536360566,8.88964454293242,-2.8722696536360566,7.563253042650642,-2.8722696536360566,-2.8722696536360566,-2.8722696536360566,-2.8722696536360566,-2.8722696536360566,-2.8722696536360566,9.512738787331239,-2.8722696536360566,-2.8722696536360566,-2.8722696536360566,-2.8722696536360566,-2.8722696536360566,-2.8722696536360566,-2.8722696536360566,-2.8722696536360566,9.835261786896481,-2.8722696536360566,-2.8722696536360566,-2.8722696536360566,-2.8722696536360566,-2.8722696536360566,3.100774080330207,-2.8722696536360566,1.432439800889913,-2.8722696536360566,-2.8722696536360566,5.808268533627984,-2.8722696536360566,-2.8722696536360566,-2.8722696536360566,-2.8722696536360566,-2.8722696536360566,-2.8722696536360566,-2.8722696536360566,-2.8722696536360566,-2.8722696536360566,0.5328173080824286,-2.8722696536360566,3.4642843550562423,-2.8722696536360566,4.701056674826547,2.36830502478006,2.931365764373817,2.537663732191673,-2.8722696536360566,-2.8722696536360566,6.4883081130356715,-2.8722696536360566,-2.8722696536360566,6.593987009419473,8.368797027633777,3.323928655864547,8.024087499692854,-2.8722696536360566,5.0865840788508,-2.8722696536360566,-2.8722696536360566,-2.8722696536360566,-2.8722696536360566,-2.8722696536360566,-2.8722696536360566,1.7952542968305227,-2.8722696536360566,4.387483452321906,-2.8722696536360566,4.446696322625972,-2.8722696536360566,-2.8722696536360566,-2.8722696536360566,4.041054726073359,-2.8722696536360566,4.208229342723188,-2.8722696536360566,1.7719474768903751,6.693768508562187,7.397951030883556,5.0378845978584454,-2.8722696536360566,0.15872214490116043,-2.8722696536360566,-2.8722696536360566,-2.8722696536360566,-2.8722696536360566,2.1236617224007706,4.802203341302374,3.6894231650449933,-2.8722696536360566,-2.8722696536360566,5.893932956814782,-2.8722696536360566,4.2538472358752,3.4736457165665886,5.483491934836304,3.1840976588928047
MSM79H89,8.498822670479868,-3.6437564552137225,-3.6437564552137225,-3.6437564552137225,7.968690450945985,-3.6437564552137225,6.334743977031668,1.4716418294194398,-3.6437564552137225,3.9774106356607577,-3.6437564552137225,-3.6437564552137225,-3.6437564552137225,8.334487582964648,-3.6437564552137225,-3.6437564552137225,-3.6437564552137225,-3.6437564552137225,-3.6437564552137225,-3.6437564552137225,-3.6437564552137225,-3.6437564552137225,7.882651797620731,-0.6857483943607772,-3.6437564552137225,-3.6437564552137225,-3.6437564552137225,-3.6437564552137225,2.7151469279648044,-3.6437564552137225,1.3942002196983,-3.6437564552137225,-3.6437564552137225,4.548284365181336,-3.6437564552137225,-3.6437564552137225,-3.6437564552137225,1.8048096647570073,1.9628776777012824,-3.6437564552137225,-3.6437564552137225,3.341393869847643,-3.6437564552137225,1.551506949612369,2.3531871111278324,4.507565016161836,-3.6437564552137225,6.592014304262896,3.4770266313572513,4.821133560388907,-3.6437564552137225,3.805228107267088,2.9485120656079378,7.056881621619002,2.9102401598848084,2.639353764202088,7.62487631175885,5.7203954032891575,3.9791180849653855,7.675989721773218,3.6718054444730273,-3.6437564552137225,-3.6437564552137225,-3.6437564552137225,-3.6437564552137225,-3.6437564552137225,-3.6437564552137225,-3.6437564552137225,2.6841240961428223,1.3692704852852575,2.477952642498897,-3.6437564552137225,5.481442023832661,-3.6437564552137225,-3.6437564552137225,-3.6437564552137225,-3.6437564552137225,-3.6437564552137225,-3.6437564552137225,-3.6437564552137225,1.5244198328477836,3.0004397732641186,7.495841732499251,6.1096401159334786,-3.6437564552137225,1.9342087105805348,-3.6437564552137225,-3.6437564552137225,-3.6437564552137225,-3.6437564552137225,2.989970930525068,4.4268337185446605,3.653976406572907,2.454490478742466,2.0309720873288963,6.975597158906137,-3.6437564552137225,-0.47519877458822,-3.6437564552137225,4.51745479475611,3.5834083799892875
MSM79H8B,8.073628634625319,-2.7449329644461553,-2.7449329644461553,-2.7449329644461553,9.096251340817576,-2.7449329644461553,7.9968622573955574,-2.7449329644461553,-2.7449329644461553,3.923240864712059,-2.7449329644461553,-2.7449329644461553,-2.7449329644461553,9.609134648075237,-2.7449329644461553,-2.7449329644461553,-2.7449329644461553,-2.7449329644461553,-2.7449329644461553,-2.7449329644461553,-2.7449329644461553,-2.7449329644461553,9.164610410788594,-2.7449329644461553,-2.7449329644461553,-2.7449329644461553,-2.7449329644461553,-2.7449329644461553,-2.7449329644461553,-2.7449329644461553,1.4820284316483505,-2.7449329644461553,-2.7449329644461553,-2.7449329644461553,-2.7449329644461553,-2.7449329644461553,-2.7449329644461553,2.1396691512274035,-2.7449329644461553,-2.7449329644461553,-2.7449329644461553,0.6624881927887767,-2.7449329644461553,3.6718701990840232,1.8872254720823154,1.7159865404203103,-2.7449329644461553,6.474704043407915,4.477916308049698,2.280860077533955,-2.7449329644461553,1.857140986202042,2.6967212708737627,7.278164905674667,-2.7449329644461553,2.761870109107466,7.6632440335795,7.078057143351315,0.7988307399412911,8.182748137031908,3.2996006947254495,-2.7449329644461553,-2.7449329644461553,-2.7449329644461553,-2.7449329644461553,-2.7449329644461553,-2.7449329644461553,-2.7449329644461553,1.5313639697986012,-2.7449329644461553,-2.7449329644461553,-2.7449329644461553,5.943166955590077,-2.7449329644461553,-2.7449329644461553,-2.7449329644461553,-2.7449329644461553,-2.7449329644461553,-2.7449329644461553,-2.7449329644461553,0.008640994094191612,3.076614236017602,9.450017928332386,6.642986355376557,-2.7449329644461553,2.3904497803731584,-2.7449329644461553,-2.7449329644461553,-2.7449329644461553,-2.7449329644461553,3.2550643524387315,4.640344928810103,2.9511617266024146,5.538900472490897,-2.7449329644461553,6.989534576991042,-2.7449329644461553,-2.7449329644461553,-2.7449329644461553,3.137265854563079,3.102410035483702
MSM79H8D,-4.707542705126489,3.675413845632211,1.2369244118061768,6.117464058068861,6.676837414178264,0.36799205874531893,4.508254720475469,-4.707542705126489,0.3173352548670465,0.7611164187931756,2.790853880662211,-4.707542705126489,-4.707542705126489,6.0911460660813574,5.366068679388814,6.258414214459912,5.076652873220767,-4.707542705126489,6.362598118546509,-4.707542705126489,5.9734091428889275,-1.5386144852458443,-1.825403364521529,7.523198861309776,-0.07636676711315005,-4.707542705126489,5.712756805875122,2.7276998322499626,-4.707542705126489,2.140385124631778,3.8739554295991097,2.3431196803157786,-4.707542705126489,-4.707542705126489,1.1057505252858348,-0.3470935250487521,-4.707542705126489,2.081475097006617,0.23692856944327723,-1.6593474258649543,-4.707542705126489,0.782383539726947,-1.0939937228980696,2.574782362675073,-4.707542705126489,1.5990676872440979,-4.707542705126489,-4.707542705126489,2.7324764395689796,2.4303668893966197,-4.707542705126489,-4.707542705126489,-4.707542705126489,-4.707542705126489,2.5087005770976143,2.934821746156583,5.973698338371274,0.9357601387065042,1.5366221675075664,5.993594084048377,1.7829816138036438,-0.09374761206392712,1.8502930111874436,-4.707542705126489,-4.707542705126489,0.28749498912879545,3.282676103557037,-4.707542705126489,-2.320378001867912,3.192072142338122,-4.707542705126489,4.631350017569852,4.484351105189749,6.119655533390262,-4.707542705126489,6.394971862157435,-4.707542705126489,-4.707542705126489,1.3071774041024264,-4.707542705126489,-4.707542705126489,0.5876702811934109,-4.707542705126489,3.053582295394383,-4.707542705126489,-0.8600359231766372,3.741428595193401,-4.707542705126489,-0.03759886540298929,-4.707542705126489,2.413532615426335,3.3910148724411204,-4.707542705126489,-4.707542705126489,-4.707542705126489,6.429186387084808,4.915764155252041,1.3381984028770866,-4.707542705126489,0.4604258100179752,0.33226482641951804
MSM79H8F,-3.2700864233345452,3.6178339949008933,-3.2700864233345452,4.995312886420875,4.883865337964546,-3.2700864233345452,5.080987102922848,-3.2700864233345452,-3.2700864233345452,-3.2700864233345452,0.9277917993578058,-3.2700864233345452,-3.2700864233345452,7.905810218044601,6.515175707319912,8.406267627068448,5.808132679925755,-3.2700864233345452,8.65362092446141,-3.2700864233345452,9.292498230825482,0.4640697710147066,0.7019909597341343,8.482351247264075,-0.506568371922965,-3.2700864233345452,7.33617309734073,-3.2700864233345452,-3.2700864233345452,-3.2700864233345452,4.09312353838832,2.451988626323576,-3.2700864233345452,-3.2700864233345452,2.1966264161533626,-3.2700864233345452,-3.2700864233345452,3.3358339594253277,3.1129266588200712,-3.2700864233345452,-3.2700864233345452,-3.2700864233345452,0.5794616136703379,2.5053992400495098,-3.2700864233345452,0.7057648152606664,-3.2700864233345452,-3.2700864233345452,2.981693924209247,4.116278018482476,-3.2700864233345452,-3.2700864233345452,-3.2700864233345452,-3.2700864233345452,2.143947439139035,3.4951109741338167,6.801388116672225,-3.2700864233345452,-3.2700864233345452,6.043228073762711,-3.2700864233345452,-3.2700864233345452,-3.2700864233345452,-3.2700864233345452,-3.2700864233345452,-3.2700864233345452,0.7801468311658812,-3.2700864233345452,-3.2700864233345452,-3.2700864233345452,2.2518990673254287,-3.2700864233345452,-3.2700864233345452,7.951507687079646,-3.2700864233345452,6.160705230672074,6.177179362352011,-3.2700864233345452,2.4083423463009073,-3.2700864233345452,-3.2700864233345452,2.120427187531604,-3.2700864233345452,1.4854905667366634,-3.2700864233345452,-3.2700864233345452,-3.2700864233345452,-3.2700864233345452,0.36056291786052164,-3.2700864233345452,3.5418100639288888,3.5755902252678906,-3.2700864233345452,-3.2700864233345452,-3.2700864233345452,5.974566290345838,6.147420707027388,2.7628911928888797,-3.2700864233345452,-0.012243075129143577,1.0403720549099553
MSM79H8H,-4.421789183109711,2.723615636113297,0.868855642216591,5.80517683119925,7.552646297987377,-0.3750355639232943,4.596340819092778,-4.421789183109711,-0.8797062257397883,2.2170959540301576,3.579779759064057,-4.421789183109711,-4.421789183109711,5.53523568104775,6.756658917405067,4.857749377529272,5.684382772723994,-4.421789183109711,6.4111590547429,-4.421789183109711,5.499193622294327,0.16062933444690586,-0.8382275239542825,6.760054562963665,-1.5651060192008721,-4.421789183109711,6.130755502679998,3.1257642897953453,-4.421789183109711,3.400460252752822,3.514381325280647,1.6238610465523156,-4.421789183109711,-4.421789183109711,1.2634575885654886,0.7137016897110797,-4.421789183109711,1.4252540290251634,-0.5901888715476797,-4.421789183109711,1.414025017969263,2.41693182708278,-0.19807652702461986,3.027709324079334,-4.421789183109711,2.5793236125146226,-4.421789183109711,-4.421789183109711,2.570721467314627,3.538010369253233,-4.421789183109711,-4.421789183109711,-4.421789183109711,-4.421789183109711,4.206153252937547,0.8922689581042533,6.911228571775466,2.7697402484549567,2.6489788280820212,7.164356748414981,1.3216882521440496,-4.421789183109711,1.6936194820900141,-4.421789183109711,-4.421789183109711,-4.421789183109711,3.930418398071632,-1.1176523046388809,-4.421789183109711,3.987487031104134,-4.421789183109711,4.7595858589103175,4.255994330387837,5.822699144397381,-4.421789183109711,5.858344616565217,-4.421789183109711,-4.421789183109711,2.0458838854706176,-4.421789183109711,-4.421789183109711,-4.421789183109711,-4.421789183109711,3.101897302203752,0.5950399640105886,-1.0472713981852042,4.521905099389508,-4.421789183109711,-4.421789183109711,-4.421789183109711,3.2883528872810643,4.535911315521587,-4.421789183109711,-4.421789183109711,-4.421789183109711,7.582088538719873,4.679835805350937,-4.421789183109711,-4.421789183109711,-4.421789183109711,-4.421789183109711
MSM79H8L,-4.232118368697924,4.405444819273787,1.805728476218075,6.168841358815312,7.303916223729877,1.4764092864133112,5.610071490633682,-4.232118368697924,0.5316344086656528,1.476057537031533,2.716167754904892,-4.232118368697924,-4.232118368697924,6.811477973788774,4.911122323071373,7.183726368073769,2.862061635844869,-4.232118368697924,7.688067875907021,-4.232118368697924,7.0740408839383795,-4.232118368697924,-0.1458653277959776,7.5978865260628785,0.004350620198261268,-4.232118368697924,6.913036122895054,2.4408765147361287,-4.232118368697924,1.9627508975140007,4.2397344569526885,2.448621831824057,-4.232118368697924,-4.232118368697924,1.6535338843756069,0.14695407508412295,-4.232118368697924,1.8092643394920254,0.9628680557250888,-4.232118368697924,-4.232118368697924,-4.232118368697924,-4.232118368697924,3.162540774198238,-4.232118368697924,1.9811769635663996,-0.3291016619821434,-4.232118368697924,3.0673376425936745,2.512765914828396,-4.232118368697924,3.65444153005775,-4.232118368697924,-4.232118368697924,3.43238716541378,2.7201299936058936,5.014080655436197,2.1274590517894927,2.0052975981768535,4.8480960338987265,3.2656941413002594,-4.232118368697924,0.954605659014522,0.6548871611933222,-4.232118368697924,2.8805412407016577,1.5058646266460336,-4.232118368697924,-4.232118368697924,4.654419674114311,-4.232118368697924,5.2978573596272005,-4.232118368697924,6.63299173250732,-4.232118368697924,6.833082792273009,-4.232118368697924,-4.232118368697924,-4.232118368697924,-4.232118368697924,-4.232118368697924,-4.232118368697924,-4.232118368697924,-4.232118368697924,-1.4237288523695302,-4.232118368697924,-4.232118368697924,-4.232118368697924,3.4661785695819107,-4.232118368697924,1.4409716607558334,3.9924554668684715,0.6468577836334006,-4.232118368697924,-4.232118368697924,6.108775454885411,5.623717242589471,-4.232118368697924,-4.232118368697924,1.2340411647686231,0.18860326965921637
MSM79H8N,-3.6526095175960283,3.251025402871708,-3.6526095175960283,6.051155037287959,6.070745181403636,-0.012560269608821173,4.200748098537926,-3.6526095175960283,1.632117600698047,2.3135991276214183,2.830142410775551,-3.6526095175960283,-3.6526095175960283,7.106242184490929,7.731815337690286,5.095205891102768,6.397322859956626,-3.6526095175960283,6.210594003738773,-3.6526095175960283,6.225677071874657,0.7280162126537455,-2.177353334552306,7.7891380437141855,-3.6526095175960283,-3.6526095175960283,5.5682368196174385,-0.7417974713631565,-3.6526095175960283,0.8774438304142453,4.367617216783111,2.6897500366622085,-3.6526095175960283,-3.6526095175960283,1.2114625056276545,-3.6526095175960283,-3.6526095175960283,-0.4748902976863558,-3.6526095175960283,-3.6526095175960283,-3.6526095175960283,3.8041505912130216,-3.6526095175960283,2.3521466151853065,-3.6526095175960283,0.9829380663323377,-3.6526095175960283,-3.6526095175960283,3.4884767256464553,3.1166990068937617,-3.6526095175960283,-3.6526095175960283,1.3980100587961122,-3.6526095175960283,-3.6526095175960283,2.1256437065041958,6.925530082838225,0.46965500679410077,2.692623712291774,8.574507595165192,-3.6526095175960283,-3.6526095175960283,1.8995542701645771,-3.6526095175960283,-3.6526095175960283,-3.6526095175960283,6.736357469266242,-3.6526095175960283,-3.6526095175960283,3.7771134885485527,3.918460222131409,5.203266694218047,-3.6526095175960283,5.6566159127208415,-3.6526095175960283,5.8621516257889805,-3.6526095175960283,-3.6526095175960283,-3.6526095175960283,-3.6526095175960283,-3.6526095175960283,2.121524935811367,-3.6526095175960283,2.182788313416748,3.329632250784659,-3.6526095175960283,3.664537232401643,-3.6526095175960283,-3.6526095175960283,-3.6526095175960283,2.3649214247206745,4.080693909879038,-3.6526095175960283,-3.6526095175960283,-3.6526095175960283,9.01861769596581,5.59501528360513,-3.6526095175960283,-3.6526095175960283,-3.6526095175960283,-3.6526095175960283
MSM79H9A,7.1065214622769295,3.3055835337570194,4.026688824991736,5.502650004734237,6.9579185020782965,-0.6707464266011733,5.962621766869966,-0.870315389490111,1.8438437425669285,4.037909646738464,5.843896481204643,7.5463150857766745,0.9498574572369343,3.629199038698305,-4.167723496380479,5.539996337680339,-4.167723496380479,-4.167723496380479,-4.167723496380479,-0.20034162274243172,5.23400627046129,-4.167723496380479,4.038203237929257,3.2670530398474567,5.5783078905920975,-0.9294582156754618,7.243694239498581,-4.167723496380479,-4.167723496380479,5.047965273958568,3.2688850105146914,0.9703983003855701,1.2252320341758214,-4.167723496380479,-4.167723496380479,-4.167723496380479,-4.167723496380479,0.9569882683837356,-4.167723496380479,0.041447887872061884,0.8909029247221518,5.04006805097451,-0.35397592143543655,-4.167723496380479,-4.167723496380479,-4.167723496380479,3.293774418774908,-4.167723496380479,-4.167723496380479,-4.167723496380479,2.3492841702165546,3.596714184918289,3.7731317762064016,3.89374347746766,0.39008293685915163,-4.167723496380479,5.122771200626347,5.7919307011987415,-4.167723496380479,4.573128390093268,-4.167723496380479,-4.167723496380479,0.5633092059677729,-0.18686950292271653,-4.167723496380479,-4.167723496380479,-4.167723496380479,2.353864569507601,2.951030457995744,2.7836750546797226,-4.167723496380479,-4.167723496380479,4.459873147237374,6.808987123161027,-4.167723496380479,-4.167723496380479,4.763171868617032,-4.167723496380479,-4.167723496380479,-4.167723496380479,0.4889881912019707,0.5548468687502393,-4.167723496380479,-4.167723496380479,0.23746982150128915,-0.6008785315199994,8.277393368592271,-4.167723496380479,-4.167723496380479,-4.167723496380479,0.3888296011713237,5.0300172760945125,-4.167723496380479,-4.167723496380479,2.315524907888257,7.374722418473559,-4.167723496380479,-4.167723496380479,-4.167723496380479,-4.167723496380479,-4.167723496380479
MSM79H9C,6.451833886166555,1.9015127337234405,3.687488587057353,3.6731177798676775,6.254408616348263,-0.8559514627980853,5.085368615679473,0.0924470660201262,1.4839940373635034,3.8351475852956955,5.501097895666845,7.335321416380463,5.012470953799271,3.888626596037609,-4.093136517571283,4.3627951620053,-4.093136517571283,-4.093136517571283,-4.093136517571283,-4.093136517571283,5.318020952815276,-4.093136517571283,4.011967018110909,3.7084288472271156,4.945537581641307,1.1041013322119646,7.0450556850688475,-4.093136517571283,-4.093136517571283,6.538054749083777,3.407069413721705,0.8962655274678522,-4.093136517571283,-4.093136517571283,0.3670243958388859,-4.093136517571283,-4.093136517571283,1.1689722507098992,-4.093136517571283,0.16030804795694742,2.9979821121710595,4.671726396376414,-1.671045235358454,-4.093136517571283,-4.093136517571283,-4.093136517571283,2.401157534480716,-4.093136517571283,-4.093136517571283,-4.093136517571283,3.058546462978165,4.636376834497208,-4.093136517571283,2.12456043905268,0.12355557308078602,-4.093136517571283,5.301172183209366,6.399956186447319,-4.093136517571283,4.633330169598495,-0.9459886224705425,-4.093136517571283,-4.093136517571283,-4.093136517571283,-4.093136517571283,-1.953055625430835,1.837389472330818,2.258101421681384,2.5495675160573095,2.82793127014299,-4.093136517571283,-4.093136517571283,5.5169048747230605,6.315349771713727,-4.093136517571283,-4.093136517571283,4.03081422557414,-4.093136517571283,-4.093136517571283,-4.093136517571283,0.8212303326673727,2.7574136719197027,-4.093136517571283,-4.093136517571283,-4.093136517571283,0.9134043545249799,8.74588095790458,-4.093136517571283,1.3421125531951912,-4.093136517571283,0.8380280421015218,5.94878093383875,-4.093136517571283,-4.093136517571283,1.6914151130798132,7.6380591001510805,-4.093136517571283,-4.093136517571283,-4.093136517571283,-4.093136517571283,-4.093136517571283
MSM79H9G,0.47554724218626454,3.318561914284853,4.831497047007035,5.129929419754536,7.321864502676279,-0.6395265372446453,6.3034978682248965,2.4390836166169745,-0.028467910626098103,3.0481443455060475,6.726636273054034,7.040196524482962,4.608985673364194,3.359027452917932,-3.733934933971261,5.383859878372989,-3.733934933971261,-3.733934933971261,-3.733934933971261,-0.5534828428777523,5.363639705532085,-3.733934933971261,3.4485330664471725,4.356933704306719,4.3390795536156475,-3.733934933971261,7.733466878593596,-3.733934933971261,-3.733934933971261,6.548341839062948,3.604336498890362,0.8312641590632097,-0.36181549406809843,-3.733934933971261,-3.733934933971261,-3.733934933971261,-3.733934933971261,-3.733934933971261,-3.733934933971261,-3.733934933971261,-3.733934933971261,4.885418691071126,-3.733934933971261,-3.733934933971261,-3.733934933971261,-3.733934933971261,3.347423590275244,-3.733934933971261,-3.733934933971261,-3.733934933971261,3.539578007644611,3.074775353792991,3.374968822183579,2.3116284681688297,-1.6774913791416672,-3.733934933971261,6.3510793773520495,7.519483046952818,-3.733934933971261,4.678082688314349,-0.2530857659367083,-3.733934933971261,-3.733934933971261,-3.733934933971261,-3.733934933971261,-3.733934933971261,0.19463494996954367,0.9364870325859442,3.542583187377578,3.462655261161249,-3.733934933971261,-3.733934933971261,5.744743960002906,6.900129376540379,-3.733934933971261,-3.733934933971261,-3.733934933971261,-3.733934933971261,-3.733934933971261,-3.733934933971261,2.0940525694120344,2.2824342436216014,-3.733934933971261,-3.733934933971261,-3.733934933971261,2.303077795611756,8.926516309054058,-3.733934933971261,0.07014358412074628,-3.733934933971261,1.2267594065836303,6.07112153020081,-3.733934933971261,-3.733934933971261,2.9808475444046554,8.179564668093315,-3.733934933971261,-3.733934933971261,-3.733934933971261,-3.733934933971261,-3.733934933971261
MSM79H9K,4.260343917421978,2.4017993026890814,4.065884604002859,4.596717103273384,6.609659807693292,0.9078282037989123,5.422881180345583,1.5669965774329153,-0.1464342193032433,4.200037743108905,6.172177821225297,6.079837095722354,5.085466602549242,3.7011029573066887,-4.166136564084393,4.609476544971975,-4.166136564084393,-4.166136564084393,-4.166136564084393,-4.166136564084393,6.220183989870753,-4.166136564084393,3.6527852125030744,2.822135412544193,4.651583146349961,0.2854959946642719,6.967215338705442,-4.166136564084393,-4.166136564084393,6.603956043703635,3.0048051663660367,0.2424383602152318,1.5047093763920607,-4.166136564084393,-4.166136564084393,-4.166136564084393,-4.166136564084393,0.024453546435864837,-4.166136564084393,-4.166136564084393,-1.236388251830812,4.286627350285549,-4.166136564084393,-4.166136564084393,-4.166136564084393,-4.166136564084393,2.3582819899117,-4.166136564084393,-0.7109147621774472,-4.166136564084393,1.4352738895271475,2.5414421066890363,1.7754204438502015,2.8507676437048595,1.4305265189414964,-4.166136564084393,4.119268323131514,7.844054216986128,-4.166136564084393,4.773219585350645,0.8399071149695381,-4.166136564084393,-4.166136564084393,-4.166136564084393,-4.166136564084393,-4.166136564084393,0.8653503182628643,-0.2951636791686809,3.8053167494429223,3.1545860987805057,-4.166136564084393,-4.166136564084393,5.5370108984381545,5.510777368635338,-4.166136564084393,-4.166136564084393,4.382487771528587,-1.0494858970870524,-4.166136564084393,-4.166136564084393,2.2800278739720508,4.156269417768811,-4.166136564084393,-4.166136564084393,-4.166136564084393,2.339982195556943,8.177673960433834,-4.166136564084393,1.6626643331003583,-4.166136564084393,2.181133054876483,6.130921009724659,-4.166136564084393,-4.166136564084393,2.8532734981497505,7.962297412052282,-4.166136564084393,-4.166136564084393,-4.166136564084393,-4.166136564084393,-4.166136564084393
MSM79H9M,2.4669484514067888,2.206667223783911,0.005341580652533651,3.99305079643692,6.257405784835289,2.5998760627068824,4.54389593729668,-1.8892759961960337,-4.2274028710908045,1.7308768224609121,3.1380157101216595,5.317887785104113,-4.2274028710908045,-0.3038855210168947,2.513664434230316,-4.2274028710908045,3.0753531507258627,-4.2274028710908045,6.996310315504774,-1.7039557926182844,4.173605083787408,4.466040391945843,4.809320832125748,4.522352640580795,7.023560488836024,2.3766461923047775,5.88991008484675,-4.2274028710908045,-4.2274028710908045,-4.2274028710908045,1.4339038481801207,-4.2274028710908045,-4.2274028710908045,0.25916855214572543,-4.2274028710908045,-4.2274028710908045,-4.2274028710908045,-4.2274028710908045,-4.2274028710908045,-4.2274028710908045,-4.2274028710908045,-4.2274028710908045,-4.2274028710908045,-0.8171751704406791,1.5748265125089382,2.7020793113936126,-4.2274028710908045,-4.2274028710908045,3.177202458806467,2.9097609945713065,-4.2274028710908045,2.201997872679658,-4.2274028710908045,5.956678190929152,3.5146579361053636,2.370913037052098,2.9029239609262163,-4.2274028710908045,3.7719328265247265,7.671008314863318,-4.2274028710908045,-4.2274028710908045,1.602714281091587,0.7884783094726,3.9555623346027646,-4.2274028710908045,5.43422071975946,-4.2274028710908045,-4.2274028710908045,1.091006123299259,-4.2274028710908045,5.311338984628939,4.745627497488059,4.050582517902713,-4.2274028710908045,5.191112349663951,-4.2274028710908045,-1.0517257848823913,-4.2274028710908045,8.488179759565686,-4.2274028710908045,5.453876214494872,6.05696860531315,5.0734960496124435,-4.2274028710908045,-4.2274028710908045,-4.2274028710908045,4.163423268063485,-4.2274028710908045,-4.2274028710908045,2.7842775068769603,4.371573535309154,-4.2274028710908045,-4.2274028710908045,1.7444153141447396,7.138510506569178,-4.2274028710908045,-4.2274028710908045,-4.2274028710908045,-4.2274028710908045,-4.2274028710908045
MSM79H9Q,3.271378944800542,-4.291529341064621,-4.291529341064621,1.323601676513384,4.391705891899419,-4.291529341064621,2.0069397295372493,1.364060128565061,-4.291529341064621,-4.291529341064621,-0.05182495551174249,4.907939825978805,1.9151063585009727,1.2733592016485105,3.0693923085915094,-4.291529341064621,3.1320732713286583,-4.291529341064621,7.199976789811577,-4.291529341064621,3.7328461980384064,4.840241407758708,4.551804580766277,4.610666628118336,7.035212806509767,1.9141013403112312,4.015693928755959,-4.291529341064621,-4.291529341064621,-4.291529341064621,3.8704015952530995,0.005729549806025247,-4.291529341064621,3.307903630022345,-4.291529341064621,-4.291529341064621,-4.291529341064621,-4.291529341064621,-4.291529341064621,-4.291529341064621,-4.291529341064621,-4.291529341064621,-4.291529341064621,1.1830473115075968,2.926657166219428,2.8492140214525943,1.18252498949081,-4.291529341064621,3.7677504296599444,3.9301372550232676,-4.291529341064621,4.630506141686444,-4.291529341064621,5.429250380737655,2.247478401721515,1.756510376052666,2.021495273149557,-4.291529341064621,4.507881479693949,7.198210078102499,-4.291529341064621,-4.291529341064621,2.9124008103797596,1.522122936578075,3.7569408096660766,-4.291529341064621,6.181458175726007,-4.291529341064621,-0.4341956948153971,-4.291529341064621,-4.291529341064621,4.775850226365783,2.3214058855349435,3.608414283937041,-4.291529341064621,4.469270066575585,2.8477327632132505,0.9559833225338821,-4.291529341064621,8.556201557823352,-4.291529341064621,4.049893529411346,3.3305372236718567,4.9982806362888,6.462170076256067,-4.291529341064621,-4.291529341064621,5.786436552496619,-4.291529341064621,-4.291529341064621,3.23306621594216,6.086402762429572,-4.291529341064621,-4.291529341064621,-4.291529341064621,6.671003407455216,-4.291529341064621,-4.291529341064621,-4.291529341064621,-4.291529341064621,-4.291529341064621
MSM79H9W,3.6393215641415324,3.9804057191158373,2.752294706644272,2.57178396918232,6.483381153838076,2.9139361435840945,5.177219907564764,-1.1766940465564755,0.9179091908657391,0.3510403151276318,3.3375294675708265,5.265895175171676,5.095681841933321,-0.5306322768668785,3.2164818682528384,-4.644550161371187,2.1551186010303987,-4.644550161371187,6.982398408232513,-1.140861163799281,4.2613736924279415,3.4592279651595375,5.0594665758908395,4.982735410551763,6.714263847823055,3.4003331291540704,6.446559851557851,-4.644550161371187,-4.644550161371187,-4.644550161371187,3.5182611874304195,1.0865212728128348,-4.644550161371187,-4.644550161371187,-4.644550161371187,-1.1848343374270947,-4.644550161371187,-0.310336594624701,-4.644550161371187,-4.644550161371187,-4.644550161371187,3.49558761725594,-4.644550161371187,1.9151681404641803,1.070369216848226,0.7498285487658194,-4.644550161371187,-4.644550161371187,2.689039695058888,3.0575233705628193,-4.644550161371187,2.3664706508116575,-4.644550161371187,4.432087832472623,2.2395112678151348,-0.03237138429038389,5.496556105904954,-4.644550161371187,3.5036665800573115,7.144405542857378,-4.644550161371187,-4.644550161371187,-4.644550161371187,-4.644550161371187,4.066911816311545,-4.644550161371187,4.790880750110409,-4.644550161371187,-4.644550161371187,1.049148884690025,-4.644550161371187,5.3795656419047795,5.0575764067173825,4.28688328551247,-4.644550161371187,5.665783797810086,-4.644550161371187,-4.644550161371187,-4.644550161371187,6.612907421611599,-4.644550161371187,5.5897419880094645,3.6793189257013506,5.0960414297927725,-4.644550161371187,-4.644550161371187,2.8306824420899197,4.800990588179672,-4.644550161371187,-4.644550161371187,1.5685700743097994,4.6836129254373216,-4.644550161371187,-4.644550161371187,-4.644550161371187,7.003414830397336,-4.644550161371187,-4.644550161371187,-4.644550161371187,-4.644550161371187,-4.644550161371187
MSM79H9Y,1.4564559508819483,3.4454070375763166,0.8281293868779525,4.161826629507069,5.652764715945597,0.15224476896247374,5.206708364925632,-4.533587639456115,-4.533587639456115,1.9347109084826055,4.026735752850218,6.491931776598543,5.507275236441277,6.811578999637009,3.4988899700579283,4.755531477848934,-4.533587639456115,5.632721867873505,6.806650463035353,0.0776441899055822,1.7209805116349433,-4.533587639456115,3.9939934175724634,5.015713801565617,5.718937375778651,-4.533587639456115,6.5934836282649805,0.5367047752139857,-4.533587639456115,-4.533587639456115,0.44308516334609216,-4.533587639456115,-4.533587639456115,-4.533587639456115,-4.533587639456115,-4.533587639456115,-4.533587639456115,-4.533587639456115,-4.533587639456115,-4.533587639456115,-0.9592548309204236,-4.533587639456115,-4.533587639456115,0.7590174405378107,-4.533587639456115,0.646745958194904,-4.533587639456115,-4.533587639456115,1.4381950574240632,1.1688544279246855,-4.533587639456115,1.3197226793106802,1.3644160601773931,5.738828495648057,-4.533587639456115,-4.533587639456115,0.6549720059451385,2.6233037422848904,-0.7616712738558569,7.209028249579294,-4.533587639456115,-4.533587639456115,-0.679403371924316,-1.120366038130884,0.39112977422314543,-4.533587639456115,3.8191805286247957,-4.533587639456115,-4.533587639456115,2.0987309910517338,1.7563722125412173,4.993229946336975,2.6838462619697587,0.9231092506404384,5.910686034729941,-1.4270041868341394,-4.533587639456115,-1.0590534855482119,-4.533587639456115,7.466670715602955,0.12585396654423242,2.796859551815926,4.193945070916022,4.005616453887524,4.836337582107312,-4.533587639456115,2.7844239467005947,-4.533587639456115,-4.533587639456115,2.6080469077064885,1.71423013635391,3.1811124914898024,-4.533587639456115,-4.533587639456115,-4.533587639456115,6.873299417830612,5.930554171881491,-4.533587639456115,-4.533587639456115,-0.2501751906286547,0.5804206158641669
MSM79HA1,1.508276753563445,3.0159799627918664,0.7857467136445084,3.5904168822956226,5.588708239402667,-1.2670718236773268,5.29602520100758,-4.380902885637145,-4.380902885637145,0.3763449961285392,2.925892960823038,5.918110054570791,5.461705823928597,6.237449947926672,3.5065558111724107,5.614325027019898,-4.380902885637145,5.383684640211685,7.08091633291728,0.11590584100308376,3.7969298720661815,-1.1494236524729136,2.9136356278833597,5.585222242596723,5.91223481683864,0.40019380749006217,6.41064116256611,0.9285390698146987,-4.380902885637145,-4.380902885637145,0.5324494344973463,-4.380902885637145,-4.380902885637145,2.81090014695099,-4.380902885637145,-4.380902885637145,-4.380902885637145,-4.380902885637145,-4.380902885637145,-4.380902885637145,-4.380902885637145,-4.380902885637145,-4.380902885637145,0.1420588060753385,-4.380902885637145,0.2519554676818263,-1.1494236524729136,-4.380902885637145,2.097226276926249,2.7129445857019094,-4.380902885637145,-4.380902885637145,-4.380902885637145,4.206773281427932,-4.380902885637145,0.5850421492051918,5.137881464968907,6.648998299093114,-1.4453174728589797,6.6832531856134825,-4.380902885637145,1.3902412641040893,-4.380902885637145,-4.380902885637145,0.9470703473948223,-4.380902885637145,2.981873308525696,-4.380902885637145,0.7416382070002765,1.7277471124596602,-4.380902885637145,4.929891958479646,2.068415806716043,0.3855850475797826,5.2117454190545995,-4.380902885637145,-4.380902885637145,-4.380902885637145,1.406609046593637,8.333205488654075,-4.380902885637145,1.804062613334823,5.449647792082272,4.341066706117618,-4.380902885637145,-4.380902885637145,2.7708142963170435,-4.380902885637145,-4.380902885637145,0.24244921832639044,1.0305672436957671,2.797221222713736,-4.380902885637145,-4.380902885637145,-4.380902885637145,6.623790819722214,5.781783107332224,-2.2717707796337177,-4.380902885637145,-0.029002803774236696,1.4197746983652433
MSM79HA3,1.8744746687330274,3.3769745949504486,0.6789187192400039,3.3349712621096526,5.215505116816305,-0.20875888697717393,5.5975499169618566,-4.168912551117089,-4.168912551117089,-4.168912551117089,3.4166613472361256,6.030158657832686,4.643709431362513,5.404496032712711,3.7108834465484994,4.89766085624885,-4.168912551117089,5.1168371446251,6.2130727566328545,1.6743043104936897,3.093262367863881,-4.168912551117089,2.779761265629256,5.118676220833969,5.66386505234969,-1.0158605402253436,6.9445737373839,-4.168912551117089,-4.168912551117089,-4.168912551117089,-0.74223554329037,-4.168912551117089,-4.168912551117089,1.6781535740562807,-4.168912551117089,-4.168912551117089,1.7252003833473637,-4.168912551117089,-4.168912551117089,-4.168912551117089,-4.168912551117089,-4.168912551117089,-4.168912551117089,-1.279396659170537,-0.7323106771008607,1.3892663569554422,-4.168912551117089,-4.168912551117089,-0.7899003179323412,1.09084520950584,-4.168912551117089,-4.168912551117089,-4.168912551117089,2.739273855416335,-4.168912551117089,-4.168912551117089,3.403694369760924,5.934561326573821,-4.168912551117089,5.705790114863557,-4.168912551117089,1.5398729127425792,-4.168912551117089,-4.168912551117089,-4.168912551117089,-4.168912551117089,2.3529926644250034,-4.168912551117089,0.5785203409189048,2.448237533639512,-4.168912551117089,5.041562701816117,2.075927759964249,2.6911930773968393,5.131203411226784,-4.168912551117089,4.224696330495801,-4.168912551117089,1.552015641898823,9.158336702384435,-4.168912551117089,2.464792015971237,5.062688621324011,4.383128913644187,-4.168912551117089,-4.168912551117089,2.935429283599789,-4.168912551117089,-4.168912551117089,2.9789348780546945,0.7274881677577749,2.8099441366321694,-4.168912551117089,0.09210996186241616,1.5279244157188039,6.29581545517791,5.5375231150358335,-1.406630090168962,-4.168912551117089,-0.1372694682599569,1.3432491913103153
MSM79HA7,0.925885841014459,3.3088504947638953,3.1475443062957833,2.976178819405562,5.456914559484907,-1.4635168848052018,4.909997328480914,-4.408338628059301,-4.408338628059301,2.2340859263725106,2.517786486853284,6.57606041849629,4.796150490177785,5.822548778838736,3.4917274793793034,4.900601355059691,-4.408338628059301,4.915833902472317,6.9351524317120585,1.6827924235876415,3.647009825313699,-2.3038497118624797,3.7904139549402975,5.365290470222527,6.568169781690758,1.5711309543283791,6.497499608382844,1.287430243172535,-4.408338628059301,-4.408338628059301,1.6541538748979772,-4.408338628059301,-4.408338628059301,-4.408338628059301,-4.408338628059301,-4.408338628059301,-4.408338628059301,-4.408338628059301,-4.408338628059301,-4.408338628059301,-4.408338628059301,-4.408338628059301,-4.408338628059301,-4.408338628059301,-4.408338628059301,0.04922794935749586,-4.408338628059301,-4.408338628059301,1.8897526004758989,1.7043867178192578,-4.408338628059301,-4.408338628059301,-4.408338628059301,4.831685713054596,-0.5490195533945048,-4.408338628059301,5.44135919040937,7.283582730059753,1.3857308708494518,6.174556279352669,0.595049756031413,0.242478199410483,-4.408338628059301,-4.408338628059301,-4.408338628059301,-4.408338628059301,4.082386375963503,-4.408338628059301,1.4578845874269293,2.189502845321754,-4.408338628059301,5.272090571560595,2.666097192948352,1.40819698337559,5.105313804992627,-4.408338628059301,3.7265914975374104,-4.408338628059301,0.9695880909349626,7.9370884732435165,-0.4859692662144006,3.673875974040822,5.301312620706209,4.939708754252425,-4.408338628059301,-4.408338628059301,-4.408338628059301,-4.408338628059301,-4.408338628059301,2.4516199133458736,1.6448256585494958,3.3136480984149372,-4.408338628059301,-4.408338628059301,-4.408338628059301,7.150276657272654,5.305620478243832,-4.408338628059301,-4.408338628059301,0.1632313245563477,1.0250367579733677
MSM79HAH,6.411890412667184,-3.4850093372961055,-3.4850093372961055,5.796830411650502,7.082442111540253,-3.4850093372961055,3.4834481278767573,-3.4850093372961055,-3.4850093372961055,2.0299179478454583,4.380375270768481,6.344824585820297,6.14867981323932,-0.46801516543642663,-3.4850093372961055,-3.4850093372961055,-3.4850093372961055,5.53857944896834,-3.4850093372961055,-3.4850093372961055,3.844278345631423,8.749413790356359,5.993760710803715,8.898386376172603,8.657083747309317,6.8184601574139805,3.526581889550248,-3.4850093372961055,-3.4850093372961055,-3.4850093372961055,3.7574241790039036,1.3670949472326992,-3.4850093372961055,-3.4850093372961055,-3.4850093372961055,-3.4850093372961055,-3.4850093372961055,-3.4850093372961055,-3.4850093372961055,-3.4850093372961055,-3.4850093372961055,3.78719798294986,-3.4850093372961055,-3.4850093372961055,-3.4850093372961055,-3.4850093372961055,-3.4850093372961055,-3.4850093372961055,1.0993909416141179,2.084401605385567,-3.4850093372961055,-3.4850093372961055,0.9352330814421492,-3.4850093372961055,1.3146143757120363,0.8989009252276912,4.887098436046737,-3.4850093372961055,2.0983403069453743,7.874677831412697,-3.4850093372961055,1.808705477303528,-3.4850093372961055,-3.4850093372961055,-3.4850093372961055,-3.4850093372961055,-3.4850093372961055,-3.4850093372961055,1.0654094171563084,1.5296803242023458,2.593388531771466,-3.4850093372961055,4.361756284226883,4.926100147863188,1.110810397289411,6.407247442393343,-3.4850093372961055,-3.4850093372961055,3.1365190622531554,-3.4850093372961055,-3.4850093372961055,3.2778523955458754,6.686318267152824,1.2654359661817747,-3.4850093372961055,1.6136441295388355,6.0562629287038705,-3.4850093372961055,0.1340652270895788,5.69555093497081,1.6629758424935819,4.710702798456042,-3.4850093372961055,-3.4850093372961055,-3.4850093372961055,6.8067660442459035,-3.4850093372961055,-3.4850093372961055,-3.4850093372961055,-3.4850093372961055,-3.4850093372961055
MSM79HB6,7.793517432460052,6.077636621036573,2.279660280887864,6.614646403319497,-4.328940129486586,-4.328940129486586,-4.328940129486586,1.440120611092368,2.180244861915207,-4.328940129486586,-4.328940129486586,7.313032477312531,-4.328940129486586,-4.328940129486586,-4.328940129486586,-4.328940129486586,-4.328940129486586,6.030569197313842,-4.328940129486586,2.799384546409594,6.049819153847153,-4.328940129486586,3.7970117803915935,7.819092809454202,7.211337911170273,5.046821510915878,-4.328940129486586,3.673069543820933,3.9587503334446534,1.410148744940015,-4.328940129486586,-4.328940129486586,2.2236291146096896,-4.328940129486586,-0.9237769386543011,1.0562812415402867,0.11022622439994478,3.3405366354206487,0.6674979530790175,2.009423716124311,4.959945325735091,1.0665713815272433,2.7238655472745643,2.55188701940048,-4.328940129486586,1.054802539435551,-4.328940129486586,5.098345498051398,1.9685329374075202,-4.328940129486586,0.9858909326075782,5.40123547207043,-4.328940129486586,-4.328940129486586,2.946054928314763,3.2543016288667372,4.89410156757569,-4.328940129486586,-4.328940129486586,4.510880934988968,3.404324577428965,-4.328940129486586,-1.1969304079113936,1.2862666447992606,-4.328940129486586,-4.328940129486586,-4.328940129486586,3.6888801179251907,0.6014230600143478,2.3883151224484926,-4.328940129486586,4.842526415787664,3.3986607937676414,0.03926577378592455,-4.328940129486586,6.596528546307084,2.8125693228521174,0.29607095351609125,-4.328940129486586,-4.328940129486586,-4.328940129486586,0.9231934956500396,2.8942769949298537,3.2466165910986815,-4.328940129486586,-1.4701738788362828,4.950082634220594,-4.328940129486586,-0.19266377594956197,-4.328940129486586,0.5290038089850171,4.104102181359469,-4.328940129486586,-4.328940129486586,0.4554289196995782,6.8226196670494925,-4.328940129486586,-4.328940129486586,-4.328940129486586,-4.328940129486586,-4.328940129486586
MSM79HBB,3.9176614523010587,-2.230493402027964,0.43898847353271897,3.7954584048141538,5.197579026928997,1.561196781087924,2.7937468897237094,0.030005802054924757,-5.030546635415973,0.34480122943523206,3.65771475668926,2.9596483827050823,2.2994184969625717,2.1264794550256,4.273788893452222,-0.5569359076385094,4.533333324862228,-5.030546635415973,3.82580418678209,-5.030546635415973,3.1875612739757546,-5.030546635415973,4.062267955691729,7.0878320087588556,4.898348085056787,3.405048219083966,3.428404301254699,-5.030546635415973,-5.030546635415973,-5.030546635415973,0.43852019897764904,-5.030546635415973,0.42721531781910116,0.9565331663317584,-5.030546635415973,-5.030546635415973,-5.030546635415973,-5.030546635415973,-5.030546635415973,-5.030546635415973,-5.030546635415973,0.9350997419328406,-5.030546635415973,0.1904790132361036,0.4090503769533047,1.9145741412989254,-5.030546635415973,0.20714607195190915,1.4038911871620616,1.8907428558872583,-5.030546635415973,-5.030546635415973,-0.30407342251183245,3.2323687231026508,-0.13845880128226362,-0.20127518156681923,5.846168935221484,6.564783047749314,0.8878192613201286,7.785569371523315,-5.030546635415973,1.4122401130439952,0.795850754097783,-5.030546635415973,-5.030546635415973,-5.030546635415973,1.747169658957949,-5.030546635415973,0.39545132884655665,-1.0771000031136406,-5.030546635415973,3.427555904895919,1.9322924989569126,3.863980081129392,0.5899237576954697,2.5540703258480013,4.991006053025181,0.9073522920154478,-5.030546635415973,-5.030546635415973,-0.48246582187927345,2.9930755143377654,4.480634548600786,-5.030546635415973,3.2668451850850033,-2.883904166563564,3.119862761258097,-5.030546635415973,-5.030546635415973,3.5450061953120953,1.8399225648010722,3.5282420696532135,-0.8241282743406586,-0.7279153362453279,0.1494318875485785,5.885518267310497,4.3867873421663335,0.49142812937974334,0.02647596978645872,1.1236731259283843,1.9743042393206878
MSM79HBL,-4.570104799608471,0.5795370199180141,1.1972882794810342,4.552772837088921,7.473229414970797,3.461766385761573,5.408403314783573,1.2069870502543356,-4.570104799608471,-4.570104799608471,6.190731317178303,4.850465805679573,2.2538029789390377,3.5173251876818803,5.391313597034957,1.4880125131294317,6.218935266213399,-4.570104799608471,6.047772948170897,-4.570104799608471,4.974090471633107,-4.570104799608471,4.885682026786628,7.546334420963693,5.617527654512651,4.79600755294157,6.254138669130145,-4.570104799608471,-4.570104799608471,-4.570104799608471,1.0100109253299845,-4.570104799608471,-4.570104799608471,-4.570104799608471,-4.570104799608471,-4.570104799608471,0.46955011855295226,-4.570104799608471,-4.570104799608471,-4.570104799608471,-4.570104799608471,-4.570104799608471,-4.570104799608471,-4.570104799608471,0.013708555226319419,2.3548503824957585,-4.570104799608471,-4.570104799608471,1.2292582704443635,1.5436904047945381,-4.570104799608471,-4.570104799608471,-4.570104799608471,4.199241903353329,-0.21905312854844716,-4.570104799608471,5.994191348540253,4.6656901154156065,-4.570104799608471,7.333442602263039,-4.570104799608471,3.3713029529747462,-4.570104799608471,-4.570104799608471,-4.570104799608471,-4.570104799608471,2.8348267488579317,-4.570104799608471,1.660643801462716,-4.570104799608471,2.4230579291505743,4.979442144660484,2.471194385082357,3.0900694138699745,2.7222277825758274,1.4676804808210457,5.555204413940091,-4.570104799608471,-4.570104799608471,2.1014185820503375,-4.570104799608471,4.256143105841566,4.106367979919068,-4.570104799608471,-4.570104799608471,-4.570104799608471,4.187761184274624,-4.570104799608471,-4.570104799608471,2.9751291642141497,2.298915775165039,3.9064406393212883,2.0982190248872943,2.1994286076268628,-4.570104799608471,5.61257385844184,4.077981436807872,3.030360891692167,1.6228556283077022,3.065939017648609,2.46272002305703
MSM79HC4,-4.67981102234002,-0.9655324522504429,-4.67981102234002,0.984138162861175,4.339406643494215,-4.67981102234002,1.863273208235193,-0.1767243943378336,-4.67981102234002,0.6389038829091689,0.6108586042039619,4.7156220544694865,-2.7259800783152013,-4.67981102234002,6.41352962535133,-4.67981102234002,0.9175264119781872,0.91714578482107,-4.67981102234002,-4.67981102234002,2.6881517041998775,4.769242164215763,2.607297523365655,6.372369108496602,6.424853063018329,3.042159132386881,2.0326838446409328,4.864737717930708,3.15839637835192,2.130658928475998,2.075665805210301,-4.67981102234002,-4.67981102234002,-4.67981102234002,0.2265623504084413,-4.67981102234002,-4.67981102234002,-4.67981102234002,-4.67981102234002,-4.67981102234002,-4.67981102234002,1.0605388137322098,-4.67981102234002,3.300418613003216,3.4103875241644745,3.1982711540699427,-4.67981102234002,-4.67981102234002,3.0989847120004876,4.013837721219726,-4.67981102234002,-4.67981102234002,-4.67981102234002,3.662158091460152,2.2503539296004345,0.9083511340921806,5.920399551554874,1.317937314254353,3.9378587100875233,8.007231570976765,-4.67981102234002,3.7735813282056254,1.9268344288878287,-4.67981102234002,4.484997363387837,-4.67981102234002,-4.67981102234002,0.6979672428387929,2.1235065067058922,0.7772168693829009,4.129623237817358,-4.67981102234002,-0.4705852923327445,1.4242728660272386,-4.67981102234002,5.574836312433543,-4.67981102234002,1.8225481615484647,1.919456112315621,-4.67981102234002,-4.67981102234002,1.4166783174478965,5.290868804498059,4.708878094726134,-4.67981102234002,-4.67981102234002,0.7501431238767378,1.0859411986780607,-4.67981102234002,-4.67981102234002,2.175996892292652,4.099582513560595,0.4514142754299453,2.2842964859694144,-4.67981102234002,7.682642906651893,4.853275638545914,0.6965442566893039,0.838363126478006,2.4738237519984096,4.148629288181
MSM79HC8,-4.522095442298687,-0.2096710691459993,-4.522095442298687,3.140638379215784,4.8265702038484655,-4.522095442298687,2.863020904307236,0.6876171377975435,-4.522095442298687,0.8331003598121818,2.3947856952503246,5.231877817909393,0.4302311877548881,-4.522095442298687,6.8668662609920865,-4.522095442298687,1.3680619410352888,-4.522095442298687,-4.522095442298687,-4.522095442298687,3.500419835513222,4.561866350848697,2.78201545397875,7.059044318666469,6.097956755978867,3.4547601926448266,3.9427385403357755,4.829840439675833,2.9323218005380864,1.3401290774585801,3.271353433307649,-4.522095442298687,-4.522095442298687,-4.522095442298687,-4.522095442298687,-4.522095442298687,-0.2751136811939663,-4.522095442298687,-4.522095442298687,-4.522095442298687,-4.522095442298687,-4.522095442298687,-4.522095442298687,3.0351935194906323,3.5301894101522846,4.186300731595796,-4.522095442298687,-4.522095442298687,3.027547594535651,3.5287153789202925,-4.522095442298687,2.559614961007994,1.750072267890947,3.697591016078899,1.8334699377794177,1.6686033920045888,5.096556141193736,1.18773857368366,3.896672571276995,8.364822463268583,-4.522095442298687,0.8551831285577336,1.5078017641497725,0.021542133057714352,-4.522095442298687,-4.522095442298687,-1.689383065441664,-4.522095442298687,1.5226917731200382,0.5127343203177581,-4.522095442298687,3.718470647692074,0.7663088151040771,-0.2794399280279354,-4.522095442298687,6.41840452376958,-4.522095442298687,1.675788152672447,2.740781591676803,-4.522095442298687,-4.522095442298687,2.4388476491043,3.8411578180039267,4.087818737254727,3.736998240545155,-4.522095442298687,0.9281970456411948,1.2094933025963233,-4.522095442298687,-4.522095442298687,2.1874362915623413,3.749573461097677,-4.522095442298687,-2.46296809939623,-4.522095442298687,7.477962067691686,4.280176604627323,-4.522095442298687,-0.5219392511537038,1.4017135707403563,2.420756216977331
MSM79HCG,4.199533034248871,-3.000967273519274,-3.000967273519274,-3.000967273519274,8.905766548577443,-3.000967273519274,6.830301673660949,2.6959115556069264,-3.000967273519274,-3.000967273519274,-3.000967273519274,-3.000967273519274,-3.000967273519274,9.347472617111158,-3.000967273519274,-3.000967273519274,-3.000967273519274,-3.000967273519274,-3.000967273519274,-3.000967273519274,-3.000967273519274,-3.000967273519274,9.567115747158054,0.8318048150833377,0.2948680716162233,-3.000967273519274,-3.000967273519274,-3.000967273519274,-3.000967273519274,-3.000967273519274,4.489950430884556,0.9029260019395906,-3.000967273519274,-3.000967273519274,-3.000967273519274,-0.9589240865999233,1.8551453346999764,-3.000967273519274,-3.000967273519274,-3.000967273519274,-3.000967273519274,5.352937607720165,-3.000967273519274,1.1886859130730922,-3.000967273519274,2.5556140417610926,-3.000967273519274,6.331603901110857,0.5761363070096017,2.7670792931657573,2.117690083741447,-3.000967273519274,-3.000967273519274,7.198174551679841,1.722266529937814,-3.000967273519274,7.372289662994611,-3.000967273519274,5.508979107819018,9.087438428647415,4.648617945875403,5.072491016374069,-0.1383144698126184,-0.7216684719929543,-3.000967273519274,-3.000967273519274,-3.000967273519274,-3.000967273519274,2.821677794107419,-3.000967273519274,-3.000967273519274,-3.000967273519274,-3.000967273519274,-3.000967273519274,-3.000967273519274,-3.000967273519274,1.5084069264706574,-3.000967273519274,4.122998071930439,-0.06998667882664655,-3.000967273519274,1.6291262221626948,6.5272357548188795,5.8599446211350905,-3.000967273519274,1.6159573719126055,-3.000967273519274,-3.000967273519274,-3.000967273519274,-3.000967273519274,1.5027133974157785,4.474104899245704,2.247766377593525,1.0075180963777264,-3.000967273519274,4.51384820860637,-3.000967273519274,4.928683358302346,4.415867673128944,6.600929255462372,4.745482774143051
MSM79HCI,9.55451737400763,-2.5859466059480294,-2.5859466059480294,-2.5859466059480294,9.503093764624005,-2.5859466059480294,7.922980049914872,2.1013665597996347,-2.5859466059480294,-2.5859466059480294,-2.5859466059480294,-2.5859466059480294,-2.5859466059480294,9.754646781970552,-2.5859466059480294,-2.5859466059480294,-2.5859466059480294,-2.5859466059480294,-2.5859466059480294,-2.5859466059480294,-2.5859466059480294,-2.5859466059480294,9.607277301792118,-2.5859466059480294,2.638069972612362,-2.5859466059480294,-2.5859466059480294,-2.5859466059480294,-2.5859466059480294,-2.5859466059480294,2.3771574764080032,-2.5859466059480294,-2.5859466059480294,-2.5859466059480294,-2.5859466059480294,-2.5859466059480294,-2.5859466059480294,-2.5859466059480294,-2.5859466059480294,-2.5859466059480294,-2.5859466059480294,5.109121922390197,-2.5859466059480294,-2.5859466059480294,-2.5859466059480294,2.6353517227109577,-2.5859466059480294,5.997495295301978,-2.5859466059480294,2.484635674489393,4.196763091257692,-2.5859466059480294,-2.5859466059480294,6.834367287462458,-2.5859466059480294,-2.5859466059480294,4.916572690250392,-2.5859466059480294,5.177640896838961,9.088724432647238,-2.5859466059480294,3.694387006520518,-2.5859466059480294,-2.5859466059480294,-2.5859466059480294,-2.5859466059480294,-2.5859466059480294,-2.5859466059480294,2.8106697431860237,-2.5859466059480294,-2.5859466059480294,-2.5859466059480294,4.404853867366666,-2.5859466059480294,-2.5859466059480294,-2.5859466059480294,3.137775987671448,-2.5859466059480294,3.3037186552521893,-2.5859466059480294,3.399436635827957,4.004382335358935,2.7062691562219605,6.891937404454337,5.379195801413193,-0.35957576782469225,-2.5859466059480294,3.745180641052377,3.0877979978000667,-2.5859466059480294,-2.5859466059480294,4.184001979808891,-2.5859466059480294,-2.5859466059480294,-2.5859466059480294,6.0974656772059115,-2.5859466059480294,2.551350735371175,1.8856056975793756,3.6246106229196453,3.637682914956237
MSM79HCK,8.445951254970968,-2.148618800546716,-2.148618800546716,-2.148618800546716,10.456447047734043,-2.148618800546716,8.844539678214495,-2.148618800546716,-2.148618800546716,-2.148618800546716,-2.148618800546716,-2.148618800546716,-2.148618800546716,10.065405260075744,-2.148618800546716,-2.148618800546716,-2.148618800546716,-2.148618800546716,-2.148618800546716,-2.148618800546716,-2.148618800546716,-2.148618800546716,10.190863233569498,-2.148618800546716,3.2332890218474013,-2.148618800546716,-2.148618800546716,-2.148618800546716,-2.148618800546716,-2.148618800546716,-2.148618800546716,-2.148618800546716,-2.148618800546716,-2.148618800546716,-2.148618800546716,-2.148618800546716,-2.148618800546716,-2.148618800546716,-2.148618800546716,-2.148618800546716,-2.148618800546716,-2.148618800546716,-2.148618800546716,-2.148618800546716,-2.148618800546716,2.7787301797767885,-2.148618800546716,7.470009352434477,0.32934577129002385,3.414382698009149,5.241821440266757,-2.148618800546716,-2.148618800546716,7.297844425045262,-2.148618800546716,-2.148618800546716,7.766227391293125,-2.148618800546716,4.972491580647129,9.172701048777544,-2.148618800546716,2.56605147321568,-2.148618800546716,-2.148618800546716,-2.148618800546716,-2.148618800546716,-2.148618800546716,-2.148618800546716,2.504022369933388,-2.148618800546716,-2.148618800546716,-2.148618800546716,5.075575984204884,-2.148618800546716,-2.148618800546716,-2.148618800546716,3.706284890509605,-2.148618800546716,-2.148618800546716,-2.148618800546716,2.3291202168244958,4.260145509116693,-2.148618800546716,5.818101126157068,7.318865870185001,-2.148618800546716,-2.148618800546716,4.890667100126871,-2.148618800546716,-2.148618800546716,4.020660962585794,-2.148618800546716,2.022675267206548,-2.148618800546716,-2.148618800546716,7.590247012543109,-2.148618800546716,-2.148618800546716,-2.148618800546716,5.066705273347278,-2.148618800546716
MSM79HCP,8.625509775923748,-2.851709756529763,-2.851709756529763,-2.851709756529763,9.581310621709173,-2.851709756529763,7.730875843902577,-2.851709756529763,-2.851709756529763,3.1013023593517994,-2.851709756529763,-2.851709756529763,-2.851709756529763,9.146278714926394,3.794713421202972,0.8092794901592857,-2.851709756529763,-2.851709756529763,1.9832118920521822,-2.851709756529763,1.4481766939729326,-2.851709756529763,9.517629397209454,2.439685777297358,-2.851709756529763,-2.851709756529763,-2.851709756529763,-2.851709756529763,-2.851709756529763,-2.851709756529763,-2.851709756529763,-2.851709756529763,-2.851709756529763,-2.851709756529763,-2.851709756529763,-2.851709756529763,-2.851709756529763,-2.851709756529763,-2.851709756529763,-2.851709756529763,-2.851709756529763,3.351633769684364,-2.851709756529763,-2.851709756529763,-2.851709756529763,3.7164700294999555,-2.851709756529763,6.249105827458527,1.6888603881595543,3.3019506211990297,3.632040687975059,-2.851709756529763,-2.851709756529763,6.9421692497820695,-2.851709756529763,-2.851709756529763,7.674186999749511,-2.851709756529763,5.022428064440126,8.580930621328907,-2.851709756529763,4.666978065293228,-2.851709756529763,-2.851709756529763,-2.851709756529763,-2.851709756529763,-2.851709756529763,-2.851709756529763,-2.851709756529763,-2.851709756529763,4.379313657508727,-2.851709756529763,4.573777313258716,-2.851709756529763,-2.851709756529763,-2.851709756529763,3.7438310475270145,-2.851709756529763,3.086078863015941,-2.851709756529763,1.9096538057231172,6.19384211505022,4.965487225213459,6.2878466893435085,-2.851709756529763,-2.851709756529763,-2.851709756529763,2.9611616111742904,-2.851709756529763,-2.851709756529763,0.13647604582263462,4.477061996252686,2.3259313722636623,-2.851709756529763,-2.851709756529763,7.023083812479854,-2.851709756529763,1.1021201919587984,1.4481766939729326,5.23100890701928,3.9564252449814328
MSM79HCR,4.55602712282917,-2.488162092102101,-2.488162092102101,-2.488162092102101,8.443053969845312,-2.488162092102101,6.892790245211221,1.1262021794073682,-2.488162092102101,-2.488162092102101,-2.488162092102101,-2.488162092102101,-2.488162092102101,10.96296713789906,-2.488162092102101,-2.488162092102101,-2.488162092102101,0.6653091168636127,-2.488162092102101,-2.488162092102101,-2.488162092102101,-2.488162092102101,9.123011910855269,-2.488162092102101,1.9217518653329115,-2.488162092102101,-2.488162092102101,-2.488162092102101,0.5378597108412606,-2.488162092102101,2.967923737313537,-2.488162092102101,-2.488162092102101,7.110423855024788,-2.488162092102101,-2.488162092102101,-2.488162092102101,-2.488162092102101,-2.488162092102101,-2.488162092102101,-2.488162092102101,2.2549192337309076,-2.488162092102101,-2.488162092102101,1.155421321282395,5.015233369515575,-2.488162092102101,4.9939357945270615,2.5417307552355872,3.0569987906978966,4.3205399981427215,4.673295921701413,-2.488162092102101,6.998742937093268,2.209436272657788,-2.488162092102101,7.656546301922309,-2.488162092102101,5.558193937476254,8.033951176091527,-2.488162092102101,5.217372413320516,-2.488162092102101,-2.488162092102101,-2.488162092102101,-2.488162092102101,-2.488162092102101,-2.488162092102101,2.3677503149964725,-2.488162092102101,-2.488162092102101,-2.488162092102101,3.501815991205236,-2.488162092102101,-2.488162092102101,-2.488162092102101,-2.488162092102101,-2.488162092102101,-2.488162092102101,-2.488162092102101,-2.488162092102101,2.8993884037587776,6.583959943182097,5.052004821479323,6.499965114243813,-2.488162092102101,-2.488162092102101,-2.488162092102101,-2.488162092102101,-2.488162092102101,-2.488162092102101,-2.488162092102101,1.6413395292746262,-2.488162092102101,-2.488162092102101,4.762033611220137,-2.488162092102101,3.595051345209117,-2.488162092102101,5.189032831431225,1.6445550058155085
MSM79HES,6.487952857482483,4.601355788456288,1.4593484375746506,5.009179155585497,-4.743707459899673,-4.743707459899673,-4.743707459899673,2.0274524622026586,2.518617165054162,-0.4525798178706921,-4.743707459899673,6.645678602847632,-4.743707459899673,-4.743707459899673,-4.743707459899673,-4.743707459899673,-4.743707459899673,5.716640563465102,-4.743707459899673,1.230593670392854,5.303987508847229,-4.743707459899673,4.760049175427053,6.863963462529,7.115842435844297,4.863883243825009,-4.743707459899673,5.310369061605609,5.206250109533458,3.512096372092863,-4.743707459899673,-4.743707459899673,2.9857618394934704,-4.743707459899673,-0.4247066014246794,1.1407189702343299,2.9208703268467264,4.475302284130179,0.45155576635687744,2.2788166617553722,2.942107257452683,2.5121932593785967,3.6570220103338027,4.868249085810093,-4.743707459899673,2.9690431526975276,-4.743707459899673,3.297435632226845,3.0457083097944535,-4.743707459899673,0.33476624979088854,5.815920369390664,-4.743707459899673,-4.743707459899673,5.05963096726743,4.849833440743729,5.735646978477799,-4.743707459899673,-4.743707459899673,2.702865455808447,3.9114722942078295,-4.743707459899673,0.8122218691631691,2.577382729975901,-4.743707459899673,-4.743707459899673,-2.4610861776287223,4.376221034860094,2.0353937367320514,3.237010412938922,-4.743707459899673,3.4951587327432456,5.141594083360802,-4.743707459899673,-4.743707459899673,6.414629556024339,-4.743707459899673,1.8865475404034981,1.7907381411397605,-4.743707459899673,-4.743707459899673,1.3648778436431437,1.2677585307581625,2.7972402847757785,-4.743707459899673,0.11452973225538798,5.230902719258413,-4.743707459899673,1.4608863241125798,-4.743707459899673,2.033414322505844,5.164730071146099,-4.743707459899673,-4.743707459899673,-4.743707459899673,6.78466786194889,-4.743707459899673,-4.743707459899673,-4.743707459899673,-4.743707459899673,-4.743707459899673
MSM79HEU,8.882913730324411,6.3877720088157135,1.9309615475808357,6.7982617470922,-4.0302939574653,-4.0302939574653,-4.0302939574653,0.05094661124494948,2.5703939634000283,2.496234743197572,-4.0302939574653,6.139689638538091,-4.0302939574653,-1.0161905328042948,-4.0302939574653,-4.0302939574653,-4.0302939574653,4.616294420962673,-4.0302939574653,1.1370248179880313,5.681462621268937,-4.0302939574653,5.287446193366471,7.805316332781743,7.745842387868375,5.887464404930739,-4.0302939574653,2.378284093884143,2.8719991412737693,0.6806607032326468,-4.0302939574653,-4.0302939574653,3.188961448631095,1.0986868908392928,-4.0302939574653,0.08278541809607098,1.501965292105357,2.6185542198880816,-1.0266950751517907,1.517013254775966,4.05937843996897,-4.0302939574653,1.2016241700642034,2.4822691218453876,-4.0302939574653,0.10346170854722558,-4.0302939574653,4.727214076484333,2.4338691508862595,-4.0302939574653,-4.0302939574653,2.7195841021271843,-4.0302939574653,-4.0302939574653,3.4187334046899878,3.231013000310237,5.8887489104898645,-4.0302939574653,-4.0302939574653,3.8986746508824153,4.272632374284305,-4.0302939574653,-4.0302939574653,1.2928730609418153,-4.0302939574653,-4.0302939574653,-4.0302939574653,1.5281524636805095,-0.46120319677589805,2.436519301793714,3.1522051409505574,4.529295618381364,4.714020493957514,-4.0302939574653,-4.0302939574653,6.933221316271706,-4.0302939574653,1.9523954224162878,-4.0302939574653,-4.0302939574653,-4.0302939574653,2.0487934712341573,3.6804771385463013,3.5847825673995173,-4.0302939574653,-4.0302939574653,3.622014811206167,-4.0302939574653,-4.0302939574653,-4.0302939574653,1.013873372030405,2.228169503131528,-4.0302939574653,-4.0302939574653,0.15335602860409203,6.398759152393241,-4.0302939574653,-0.7924155842374621,-4.0302939574653,-1.3189714318141146,0.8550683861843194
MSM79HEW,8.905053573931074,6.246936259434213,0.4762036656124966,6.710439841683131,-4.1249786730122935,-4.1249786730122935,-4.1249786730122935,2.5676496251466396,2.8200961795864936,-4.1249786730122935,-4.1249786730122935,6.517269605153148,-4.1249786730122935,-4.1249786730122935,-4.1249786730122935,-4.1249786730122935,-4.1249786730122935,5.53331454791572,-4.1249786730122935,1.6867066875095773,5.0927647460075365,-4.1249786730122935,4.781444276972338,7.124333261251554,6.8341289453386995,3.8846696350758814,-4.1249786730122935,3.8722088169874915,3.434387160485038,2.30403060193857,-4.1249786730122935,-4.1249786730122935,3.1249205228275008,-4.1249786730122935,-0.6158263137339333,0.6207291192649969,1.3941399625106676,3.8765065171542377,-0.24994300211802134,1.4888596819146098,3.7726998872713544,1.6626293717318248,2.5457750868091322,3.41767369650277,-4.1249786730122935,0.20656256349456825,-4.1249786730122935,5.519584964820101,3.4068905479335045,-4.1249786730122935,-4.1249786730122935,4.540765526214981,-4.1249786730122935,-4.1249786730122935,3.39928370449665,3.8379007837907517,5.795780269261375,-4.1249786730122935,-4.1249786730122935,3.60059075058495,4.175428391848889,-4.1249786730122935,-4.1249786730122935,1.7659722919584562,-4.1249786730122935,-4.1249786730122935,-4.1249786730122935,1.25203756598534,1.7807047495626183,3.3219020364956124,3.6273900897084452,4.323998967244812,5.916624060687331,-0.9943391090415119,-4.1249786730122935,6.762312991488468,-4.1249786730122935,1.8168846947934023,-4.1249786730122935,-4.1249786730122935,-4.1249786730122935,3.705989157874189,3.359138872884918,2.340358455809545,-4.1249786730122935,-4.1249786730122935,4.619938870335262,-4.1249786730122935,-4.1249786730122935,-4.1249786730122935,1.8518012287432972,3.261968525623945,-4.1249786730122935,-4.1249786730122935,-0.39248839565111204,7.116234441450963,-4.1249786730122935,-4.1249786730122935,-4.1249786730122935,-4.1249786730122935,-4.1249786730122935
MSM79HEY,4.272066583254773,4.619788173430544,-3.630365965618129,5.104632289953751,-3.630365965618129,-3.630365965618129,-3.630365965618129,0.6187522406788375,-3.630365965618129,-3.630365965618129,-3.630365965618129,7.02995972882664,-3.630365965618129,-3.630365965618129,2.486011380207662,-3.630365965618129,-3.630365965618129,5.2151389377340935,-3.630365965618129,-0.10745403633578832,7.6782409428859015,-3.630365965618129,5.870179816859665,8.2290030735079,9.386583889097745,6.2287905374600046,-3.630365965618129,1.8232978196313692,0.8042243036699066,1.7573539786837458,-3.630365965618129,-3.630365965618129,5.33628273010421,-3.630365965618129,-3.630365965618129,-3.630365965618129,-3.630365965618129,3.847064044449862,-3.630365965618129,1.3198248247270108,0.07202494651810554,-0.33806963674633117,-3.630365965618129,0.7448104381854588,-3.630365965618129,-3.630365965618129,-3.630365965618129,5.3114088014497245,2.594877785353174,-3.630365965618129,-3.630365965618129,-3.630365965618129,1.0067269221172204,-3.630365965618129,3.007745987513405,3.1485465802868386,7.7334141474270925,-3.630365965618129,-3.630365965618129,6.4171236625630375,3.2390951423067005,0.910028908604696,-3.630365965618129,-3.630365965618129,1.4761705435823647,-3.630365965618129,-3.630365965618129,-3.630365965618129,0.14250183604910305,1.7027079997200154,-3.630365965618129,4.956682835901873,5.128396733200346,0.35810334814903655,-3.630365965618129,7.482702873379175,-3.630365965618129,3.7932442163440934,2.8049024744162727,-3.630365965618129,-3.630365965618129,3.4448075303500554,4.635136634953118,3.5732904330989816,-3.630365965618129,-3.630365965618129,2.6783354202941627,-3.630365965618129,-3.630365965618129,-3.630365965618129,0.12038561887477961,3.8400411886685735,-0.16526287319634214,-1.7427136478614447,-3.630365965618129,5.45324478927222,-3.630365965618129,3.2385456891947486,1.0067269221172204,2.7617561735988803,2.200384665155788
MSM79HFW,-4.589626476319696,0.5038074156144958,2.4424937622188345,4.487297325899325,6.731379969980464,2.8422633253628176,5.251314624062167,-1.4987844387627423,-4.589626476319696,2.812304937246684,5.090449461890206,5.333928356948257,3.5308149362315167,2.7922553076909518,6.295724007008503,0.5972564681358907,5.822690414497841,-4.589626476319696,5.341779848093523,-4.589626476319696,4.3292740843917255,-4.589626476319696,4.657507299805364,8.051719163941499,5.814946742515657,4.190902539420881,5.757943254076478,-4.589626476319696,-4.589626476319696,-4.589626476319696,1.000627493224826,-4.589626476319696,0.1904675430248357,2.1312301204995183,-4.589626476319696,-4.589626476319696,-4.589626476319696,-4.589626476319696,-4.589626476319696,-4.589626476319696,-4.589626476319696,-4.589626476319696,-4.589626476319696,-4.589626476319696,1.0188003572142836,1.01111720562254,-4.589626476319696,-4.589626476319696,1.4629547341930698,2.22065435342851,-4.589626476319696,-4.589626476319696,-0.008453612106341879,4.027465647739377,-4.589626476319696,-0.8754038208519912,5.220373266928884,5.3490843110807536,0.6441774190958363,7.308525302438562,-4.589626476319696,0.6820839944834667,-4.589626476319696,-4.589626476319696,-4.589626476319696,-4.589626476319696,1.821405856908604,-4.589626476319696,-1.0063116654475017,0.3252679708545152,-4.589626476319696,4.491567507362968,2.39213101398306,3.42843665624196,2.5735942811752386,2.1962667254676616,4.9612227962744715,0.40405263151383153,-4.589626476319696,-4.589626476319696,-0.28814210580954835,4.4493930132102575,3.5180633383088358,-4.589626476319696,-4.589626476319696,-0.017296021820913055,2.7953837332506,-4.589626476319696,-4.589626476319696,3.4386187958467422,2.548947184200922,4.013907830329506,-1.8260451042183803,-4.589626476319696,0.8584886008003654,6.67796980874995,4.681305238200619,1.8790333362661311,-4.589626476319696,0.2639756774820139,1.8512223550497637
MSM79HFY,-4.614515648590158,0.048327120262056766,2.337910277860936,4.931049140949134,6.969891021788994,3.3442868049390846,5.194650594263941,1.1391419798424192,-4.614515648590158,-4.614515648590158,5.2537210613744945,4.975943077957274,3.2667640248967347,2.432929840834639,6.06019793542064,0.3044113600333649,6.1288324657354885,-4.614515648590158,5.120112141532232,-4.614515648590158,3.6344576525456533,-4.614515648590158,4.559302489004573,8.00481776234519,5.646307385671641,4.722404554428219,6.523443065410565,-4.614515648590158,-4.614515648590158,-4.614515648590158,0.5356453245139132,-4.614515648590158,2.099063087008699,2.1826490289604177,-4.614515648590158,-4.614515648590158,-4.614515648590158,-4.614515648590158,-4.614515648590158,-4.614515648590158,-4.614515648590158,2.404940930962649,-4.614515648590158,-4.614515648590158,0.22704209991051805,0.9921790739843033,-4.614515648590158,-4.614515648590158,1.2724626535563797,2.792527468452552,-4.614515648590158,-4.614515648590158,-4.614515648590158,4.026907389008194,0.2836590358411293,-4.614515648590158,5.306358716920071,5.736039313750938,-1.9838601515524754,6.99674832955473,-4.614515648590158,0.9259337685494664,-4.614515648590158,-4.614515648590158,-4.614515648590158,-4.614515648590158,1.6412331702904135,-4.614515648590158,0.3364130541685153,-1.6026984022253323,3.054932111942694,4.519491016329706,1.6001632965328367,3.808714058042855,2.693132469047592,2.4743279731646055,5.238125837645185,2.311237606667902,-4.614515648590158,-4.614515648590158,-0.30305285844665875,4.877288310562798,3.5170058879927915,-1.046889268115958,-4.614515648590158,-4.614515648590158,2.8828002709252507,-4.614515648590158,-4.614515648590158,3.2763185019665464,2.5378366374703614,2.929619782259061,-4.614515648590158,-4.614515648590158,-4.614515648590158,6.044677650403447,3.938027808834568,1.5711725803055145,0.25889081070138076,1.9640584358509585,1.660601374770084
MSM9VZF7,-3.5104678150614816,3.9975785239731705,5.024349316106428,5.364069289323555,7.812216568060961,0.9487946097418387,6.607710472457773,1.9202541653628824,-3.5104678150614816,1.9090944508285226,6.926182404724237,7.393212316011988,7.817049983024985,3.5885751275239954,-3.5104678150614816,6.120773389940352,-3.5104678150614816,-3.5104678150614816,-3.5104678150614816,-3.5104678150614816,7.352149846211072,-1.9801488559728213,2.646334192319843,4.952145928946851,5.274470774276137,-3.5104678150614816,8.222388106328502,-3.5104678150614816,-3.5104678150614816,4.73363803153802,2.7063677691055332,-3.5104678150614816,-0.6397099182231845,-3.5104678150614816,-3.5104678150614816,-3.5104678150614816,-3.5104678150614816,-3.5104678150614816,-3.5104678150614816,-3.5104678150614816,-3.5104678150614816,5.289514910171554,-3.5104678150614816,-3.5104678150614816,-3.5104678150614816,-3.5104678150614816,1.528771183414472,-3.5104678150614816,-0.12693960029872287,-3.5104678150614816,3.901853120215393,-3.5104678150614816,-3.5104678150614816,3.4313520262245714,2.1992732735538407,-3.5104678150614816,5.471565783036011,8.403161000498786,-3.5104678150614816,5.503918665226661,-3.5104678150614816,-3.5104678150614816,-3.5104678150614816,-0.7032062484213331,-3.5104678150614816,-3.5104678150614816,1.3438335191650026,-3.5104678150614816,2.869923119474362,2.832428788087711,-3.5104678150614816,-3.5104678150614816,4.120802237513207,7.333354208030051,-3.5104678150614816,-3.5104678150614816,5.406019414163636,-3.5104678150614816,-3.5104678150614816,-3.5104678150614816,1.6821076758852964,2.925395847914756,-3.5104678150614816,-3.5104678150614816,-3.5104678150614816,-0.07509139682932542,8.520855283285478,-3.5104678150614816,-0.2768093754675718,-3.5104678150614816,1.7170304603441924,5.630604865734095,-3.5104678150614816,-3.5104678150614816,4.166781332480259,7.771265428305554,-3.5104678150614816,-3.5104678150614816,-3.5104678150614816,-3.5104678150614816,-3.5104678150614816
MSM9VZFF,6.8491019382973075,2.191738609534272,3.7965699694696617,4.778924700047597,6.440374932709419,-0.1996471359965799,5.583280444520868,1.1299260714652402,-3.9001936951389595,3.4400051020074676,6.29210477966866,6.193758290768068,6.219327310050013,3.1629684926273924,-3.9001936951389595,4.5110681221239615,-3.9001936951389595,3.8229796694045746,-3.9001936951389595,-3.9001936951389595,7.202872068555939,-3.9001936951389595,0.32578913311808577,4.157525601516704,4.805543371424692,-0.11812690778583956,6.887543460318851,-3.9001936951389595,-3.9001936951389595,6.340827618859565,3.5500890221619654,0.6635287755328143,2.7362986763921704,-3.9001936951389595,-3.9001936951389595,-3.9001936951389595,-3.9001936951389595,-3.9001936951389595,-3.9001936951389595,-3.9001936951389595,-0.8429863790514229,5.357997904317858,-2.194715399802874,-3.9001936951389595,-3.9001936951389595,-3.9001936951389595,2.528292242967006,-3.9001936951389595,-3.9001936951389595,-3.9001936951389595,2.3294674384874083,2.281149287919055,-3.9001936951389595,3.5177410453955407,2.113446083146175,-3.9001936951389595,4.58647708176722,8.877789399069785,-3.9001936951389595,4.2244083989458066,-0.20847236022265747,-3.9001936951389595,-3.9001936951389595,-3.9001936951389595,-3.9001936951389595,-3.9001936951389595,2.0985550227507375,0.4324585604882554,2.3165410974003606,2.670271139501673,-3.9001936951389595,-3.9001936951389595,4.4907010562237915,5.563890556031475,-3.9001936951389595,-3.9001936951389595,3.8871627072000914,1.2645769121776258,-3.9001936951389595,-3.9001936951389595,3.1503067827763562,2.8454694983640723,-3.9001936951389595,-3.9001936951389595,-3.9001936951389595,1.970030264883433,7.479366486359648,-3.9001936951389595,-3.9001936951389595,-3.9001936951389595,2.8892396426132088,5.123589548639904,-3.9001936951389595,-0.4108274314571325,-3.9001936951389595,8.102998662983971,-3.9001936951389595,-3.9001936951389595,-3.9001936951389595,-3.9001936951389595,-3.9001936951389595
MSM9VZFH,6.151169041335632,1.8854471253947418,3.9598544859343017,4.543865634674476,6.382398082395124,-0.018573031980041677,5.686991699239757,0.260055919176029,-4.287421318815907,-4.287421318815907,5.531213161746882,5.7756975661800265,5.384025980449477,3.992507477846555,-4.287421318815907,4.9217149762582295,-4.287421318815907,4.044295819485784,-4.287421318815907,-4.287421318815907,6.813911471161953,-4.287421318815907,2.5767287113570045,3.848692614662938,5.098720181595816,-4.287421318815907,7.04431973378506,-4.287421318815907,-4.287421318815907,5.684619989303343,3.3833735247173493,1.1248175582836364,2.112436631111313,-4.287421318815907,-4.287421318815907,-4.287421318815907,-4.287421318815907,1.374134444278262,-4.287421318815907,-4.287421318815907,-4.287421318815907,4.674668863744216,-4.287421318815907,-4.287421318815907,-4.287421318815907,-4.287421318815907,2.0885939326876164,-4.287421318815907,-4.287421318815907,-4.287421318815907,2.1921932455238444,2.4716017697402446,-4.287421318815907,2.989459142750821,1.2523765543360366,-4.287421318815907,7.306111277529886,3.118664866989125,-1.6854698682261233,5.456392570270336,2.009315137781483,-4.287421318815907,-0.016999187888508516,-4.287421318815907,4.282961127970107,-4.287421318815907,3.3412081914192733,1.8267401052462588,2.340359901482545,3.552528885407746,-4.287421318815907,-4.287421318815907,5.783736917075744,5.659409113680776,-4.287421318815907,-4.287421318815907,4.223778355155647,0.8583110206804889,-4.287421318815907,-4.287421318815907,2.944267688855205,2.9080534246438443,-0.707183124678064,-4.287421318815907,-4.287421318815907,2.7056820098832413,8.11060749142802,-4.287421318815907,2.7005027373953476,-4.287421318815907,2.7939334018933666,5.558078032463886,-4.287421318815907,-4.287421318815907,1.2488349836121078,7.670243298282858,-4.287421318815907,-4.287421318815907,-4.287421318815907,-4.287421318815907,-4.287421318815907
MSM9VZFL,-3.5458039058395094,4.121276580339649,-3.5458039058395094,-3.5458039058395094,8.20461290158245,-3.5458039058395094,6.402640531485831,2.293164645288078,-3.5458039058395094,-3.5458039058395094,-3.5458039058395094,7.215216583483825,7.252002222871006,-0.6619163379726682,-3.5458039058395094,-3.5458039058395094,-3.5458039058395094,1.2558629724265042,-3.5458039058395094,-3.5458039058395094,6.265818064439397,-3.5458039058395094,6.400768500349859,7.872570835788452,8.507103839059681,-3.5458039058395094,6.441778360920161,1.1915399081762157,-3.5458039058395094,1.8541558501946582,-3.5458039058395094,-3.5458039058395094,-3.5458039058395094,-3.5458039058395094,-3.5458039058395094,-3.5458039058395094,0.09715507408686364,-3.5458039058395094,-3.5458039058395094,-3.5458039058395094,-3.5458039058395094,-3.5458039058395094,-3.5458039058395094,1.9284956654681658,-3.5458039058395094,4.174257776766237,-3.5458039058395094,-3.5458039058395094,2.513897726576089,-0.07889274243622246,1.458888216531049,-3.5458039058395094,-3.5458039058395094,4.501056642766217,3.9756131289493837,2.7175945963104056,8.187849968860446,-3.5458039058395094,5.682994727017204,7.940239929587975,0.9170260073751475,-3.5458039058395094,1.7189198040428977,-3.5458039058395094,1.2764162941577144,-3.5458039058395094,0.6531071513815458,-3.5458039058395094,2.5063145563746803,2.781737170738965,2.7206709945554817,5.284649725907887,5.196597546736776,0.4065043534171142,-3.5458039058395094,7.901415649265045,-3.5458039058395094,1.2616606124102994,-3.5458039058395094,-3.5458039058395094,0.533974579820871,-3.5458039058395094,6.279691172147038,4.775865786403959,-3.5458039058395094,2.0433119326480504,-3.5458039058395094,-3.5458039058395094,-3.5458039058395094,3.3508368208172588,4.028588310790484,3.35908333200042,-3.5458039058395094,-3.5458039058395094,-3.5458039058395094,6.34033961756756,6.875149422017133,-3.5458039058395094,-3.5458039058395094,-3.5458039058395094,-3.5458039058395094
MSM9VZFN,-3.718940759268113,3.9416359106866414,-3.718940759268113,-3.718940759268113,7.682883290224485,-3.718940759268113,6.203652315450698,2.6612421372487347,-3.718940759268113,-3.718940759268113,-3.718940759268113,7.999199343582072,6.5377583622753015,1.0328985276579896,-3.718940759268113,-3.718940759268113,-3.718940759268113,2.414497738124054,-3.718940759268113,0.18456561366202706,7.1508982288052625,-3.718940759268113,6.7415581370293545,7.287795065213885,8.617540036581559,-3.718940759268113,6.488767977734311,-3.718940759268113,-3.718940759268113,-3.718940759268113,-3.718940759268113,-3.718940759268113,-3.718940759268113,-3.718940759268113,-3.718940759268113,-3.718940759268113,-3.718940759268113,0.1152189110892774,-3.718940759268113,-3.718940759268113,-3.718940759268113,-1.2338465352321446,-3.718940759268113,-3.718940759268113,1.18939816524383,4.769158386176016,-3.718940759268113,-3.718940759268113,3.0643216988655144,1.9959607217014845,0.11297239759011646,4.402578805123156,2.1795568909562526,5.321407717731953,2.7061325577343576,1.619435738808681,7.057683524588283,-3.718940759268113,5.856405867207758,7.5857630062271735,-3.718940759268113,-3.718940759268113,1.0037958924822092,-0.7183081521803807,4.914265781424113,-3.718940759268113,1.6254010551865985,-3.718940759268113,2.9684075067112428,1.8539191820975809,4.0586492439221775,5.623524999730905,4.218668811522799,0.736705156305451,-3.718940759268113,7.559256030911532,-3.718940759268113,-3.718940759268113,-3.718940759268113,-3.718940759268113,-3.718940759268113,-3.718940759268113,4.649473147192073,4.11837129138703,1.6283704218529884,1.6209304073124269,-3.718940759268113,-3.718940759268113,-0.4763729101478784,3.0570065795947228,1.7657467400676143,4.807173632946948,-3.718940759268113,-3.718940759268113,-3.718940759268113,6.48899383136538,6.474959534899524,-3.718940759268113,-3.718940759268113,-3.718940759268113,-3.718940759268113
MSM9VZFR,-3.2170070515784133,4.313710436083136,-3.2170070515784133,-3.2170070515784133,8.127373023208454,-3.2170070515784133,6.729880853964135,-3.2170070515784133,-3.2170070515784133,-3.2170070515784133,-3.2170070515784133,8.022826105860544,6.984679923798614,0.42288380092647415,-3.2170070515784133,-3.2170070515784133,-3.2170070515784133,-3.2170070515784133,-3.2170070515784133,-3.2170070515784133,8.065721213101886,-3.2170070515784133,7.400962561826566,7.889894782342305,9.45618924729429,-3.2170070515784133,6.942450280740606,1.4680809822724097,-3.2170070515784133,1.6927222222199134,-3.2170070515784133,-3.2170070515784133,-3.2170070515784133,-3.2170070515784133,-3.2170070515784133,-3.2170070515784133,-3.2170070515784133,-3.2170070515784133,-3.2170070515784133,-3.2170070515784133,-3.2170070515784133,-3.2170070515784133,-3.2170070515784133,3.5633015434640116,-3.2170070515784133,4.1797084402628375,-3.2170070515784133,-3.2170070515784133,2.7049886502435623,-3.2170070515784133,-3.2170070515784133,2.9172556452885567,-3.2170070515784133,6.329584796788612,2.026409938560599,-3.2170070515784133,7.144806135438749,-3.2170070515784133,4.783477179036819,8.126578032750155,1.3446719593501637,-3.2170070515784133,-3.2170070515784133,-3.2170070515784133,2.64889451240564,-3.2170070515784133,0.1943978083679081,-3.2170070515784133,1.2102470027479377,3.548176321648869,-3.2170070515784133,5.30470600298432,5.990384162690648,1.8339473261461698,-3.2170070515784133,7.398795489609588,-3.2170070515784133,0.1873401969309274,-3.2170070515784133,-3.2170070515784133,-3.2170070515784133,4.153754251981388,5.50977707163021,4.83934757126552,-3.2170070515784133,2.943696636112527,-3.2170070515784133,-3.2170070515784133,-3.2170070515784133,2.7890353026281662,2.118317075620075,4.393813015379208,-3.2170070515784133,-3.2170070515784133,-3.2170070515784133,6.776168363977268,7.013993344926469,-3.2170070515784133,-3.2170070515784133,-3.2170070515784133,0.31046683124913343
MSM9VZFT,-3.9968945477404727,2.8535951406508797,-3.9968945477404727,-3.9968945477404727,7.488193453229019,-3.9968945477404727,5.478665331925867,3.4510841230409612,0.8336411012050533,-3.9968945477404727,-3.9968945477404727,6.42733940131965,6.3414379270412775,-0.8023643344364011,-3.9968945477404727,-3.9968945477404727,-3.9968945477404727,-3.9968945477404727,-3.9968945477404727,-3.9968945477404727,7.374254348172986,-3.9968945477404727,5.250335825155,6.888641489936731,7.779121916402879,-3.9968945477404727,5.229885183986719,4.301635614302045,-3.9968945477404727,3.8908280131766473,-3.9968945477404727,-3.9968945477404727,-3.9968945477404727,-3.9968945477404727,-3.9968945477404727,-3.9968945477404727,2.8476166175598268,-3.9968945477404727,-0.45121488257504083,-3.9968945477404727,-2.0102315803306645,1.4262868217622646,-3.9968945477404727,3.7452709101696016,2.562168376848045,4.612880959306732,-3.9968945477404727,-3.9968945477404727,3.747950586303566,1.3834955078812108,-3.9968945477404727,-3.9968945477404727,-3.9968945477404727,4.7963720778165335,4.563614849736873,3.090480572720965,7.918622033266595,-3.9968945477404727,5.667153495159952,7.7843512879470955,0.5960911421052089,-3.9968945477404727,0.5134437614333969,-3.9968945477404727,2.12790717154083,-3.9968945477404727,0.33742714615656233,-3.9968945477404727,3.633662217544786,2.4551216330306875,4.045747360376344,4.552262701567329,4.911977122219336,-3.9968945477404727,-3.9968945477404727,7.232549401482547,-3.9968945477404727,0.8884934892566232,-3.9968945477404727,-3.9968945477404727,-3.9968945477404727,0.2386467580592413,5.7406301994690745,4.340191493054399,3.6304426501700933,4.010358295886039,-3.9968945477404727,-3.9968945477404727,-3.9968945477404727,2.7721787819364287,3.328434776590611,5.018815073547722,-3.9968945477404727,-3.9968945477404727,-1.4381105462181836,6.998287484550727,5.442162556839901,-3.9968945477404727,-3.9968945477404727,-3.9968945477404727,-3.9968945477404727
MSM9VZGO,0.285403050041241,0.20873589284898308,-4.571542213030041,1.1905899002546931,5.3101979007440026,0.25016634263652904,3.3063663641469265,2.68517479764156,-4.571542213030041,2.7047414771797644,1.595866744996031,5.187816515315624,-4.571542213030041,-4.571542213030041,3.9970109762760613,-4.571542213030041,2.594274136688057,-4.571542213030041,5.907939437427247,-4.571542213030041,3.215468756525145,5.077898359396,3.382754588491273,4.353305987721144,6.061524050326586,2.425201921612935,4.242078577694957,2.6074960932203393,-4.571542213030041,-4.571542213030041,2.870309790935851,-4.571542213030041,-0.18376317864200686,0.7881664550190894,-4.571542213030041,-4.571542213030041,-4.571542213030041,-4.571542213030041,-4.571542213030041,-4.571542213030041,-4.571542213030041,1.2485764845556027,-4.571542213030041,2.488456099826249,2.615860223375031,3.4821772659315036,1.5094255731892448,-4.571542213030041,2.9903229184895093,4.914958754837168,-4.571542213030041,4.492497898713413,-4.571542213030041,4.960728529267548,4.4297661745454855,2.6605680238716607,6.650679318986342,-4.571542213030041,4.772216985041432,7.820680433757949,-4.571542213030041,-4.571542213030041,2.2667088921459575,-4.571542213030041,-4.571542213030041,-4.571542213030041,5.707042906499932,-4.571542213030041,1.5628928745296449,-0.8502740215749149,-4.571542213030041,4.526913696073884,3.532813579075442,4.094726013889777,-4.571542213030041,4.125605040416409,-4.571542213030041,0.34207882906589226,1.8293007425058043,7.056581356474854,-4.571542213030041,4.948524869694633,4.254461825619432,6.450696658346811,-4.571542213030041,-4.571542213030041,5.2669468667357595,5.761589339085639,-4.571542213030041,-4.571542213030041,3.547056813993466,4.319175110388201,-4.571542213030041,-4.571542213030041,-4.571542213030041,7.303376357468203,-4.571542213030041,-4.571542213030041,-4.571542213030041,-4.571542213030041,-4.571542213030041
MSM9VZGS,2.430034232597018,2.0148461523718737,-4.836022833022538,1.0550638294336299,5.41545466830908,1.2956057840170043,3.0679303728376155,1.3013674869953729,-4.836022833022538,2.6275765019255397,2.6331800377204386,4.089070202354978,-0.6929028040006138,-4.836022833022538,2.2856030010025226,-4.836022833022538,1.3829175570902805,-4.836022833022538,5.80106315908781,-4.836022833022538,1.690252181058331,3.401198443752196,2.2668962523967418,5.185500355218668,4.91016464654969,-4.836022833022538,4.56898258329057,4.214156374248672,-4.836022833022538,-4.836022833022538,3.752848456897457,-1.523617604478341,-4.836022833022538,-4.836022833022538,-1.619873822635288,-4.836022833022538,-4.836022833022538,1.6398122663205825,-4.836022833022538,-4.836022833022538,-4.836022833022538,-0.6077713399746703,-4.836022833022538,3.7626746614337865,3.942218271240825,4.155781818628009,3.1935090412532574,-4.836022833022538,3.855213058830409,4.807190066203047,-4.836022833022538,5.532182422782007,3.7718685592267978,5.553252122981843,4.040340670275005,3.6629744457597955,6.157785669047767,-4.836022833022538,4.5209266112989015,7.094144603588967,-4.836022833022538,-4.836022833022538,2.855059209773974,0.6864610460698763,-4.836022833022538,-4.836022833022538,5.685227571793298,-4.836022833022538,-0.05589033574028157,0.5221125823682566,-4.836022833022538,4.083451333863002,4.453094383900295,3.1643246015871034,-4.836022833022538,2.9332550144129046,3.0596268950716405,-0.031517150671074745,-4.836022833022538,5.860049641420815,-4.836022833022538,4.843295989819456,2.643741017749586,4.859028730131259,-4.836022833022538,-4.836022833022538,3.52055154002215,5.835843313654525,-4.836022833022538,-4.836022833022538,3.6938755366085703,5.376604100626464,-4.836022833022538,-4.836022833022538,-4.836022833022538,7.6533201345239394,-4.836022833022538,-4.836022833022538,-4.836022833022538,-4.836022833022538,-4.836022833022538
MSM9VZGU,4.567032640213701,1.873802246774944,-4.769103227580096,-0.2844289742984394,5.069850828578181,0.9405754093240528,3.3953262647258793,0.4603250011830813,-4.769103227580096,3.6066750197952375,1.084234777071682,4.734599783017463,0.37159369065854797,-4.769103227580096,3.4057724857431397,-4.769103227580096,0.4143317385643144,-4.769103227580096,6.112435890388138,-4.769103227580096,2.467415732502002,2.595990870070949,3.0166704352933627,5.456357479461719,5.913866228391084,0.9554715845795272,5.051301372837846,0.7030391861590974,-4.769103227580096,-4.769103227580096,3.16427109945596,-0.35122322650697946,-4.769103227580096,-4.769103227580096,-1.8185926981463059,1.605405105777077,-4.769103227580096,-4.769103227580096,-4.769103227580096,-4.769103227580096,-4.769103227580096,0.653703319681755,-4.769103227580096,2.41818684782194,4.556583163549195,2.9076957994938137,2.9860916664614274,-4.769103227580096,3.9018283264575535,4.654564117723896,-4.769103227580096,2.5417667540150903,3.2471003824308156,5.107509453412558,2.7088481265383537,3.035698254047384,7.221406448287338,-4.769103227580096,4.128208214572987,6.91236706985099,-4.769103227580096,-4.769103227580096,2.649025796254633,0.9598109137319373,-4.769103227580096,-4.769103227580096,5.881089999421073,-4.769103227580096,0.5090639506080628,1.007579780266008,-4.769103227580096,4.576885684325827,4.503684053431158,3.5511516500694524,-4.769103227580096,3.682074306809123,3.1176339593605027,-4.769103227580096,-4.769103227580096,6.613215686812931,-4.769103227580096,3.81446489204745,2.52416652673483,3.806656362062866,4.993065106997827,-4.769103227580096,-4.769103227580096,5.243189786720608,-4.769103227580096,-4.769103227580096,3.749501653897462,5.474466611182617,-4.769103227580096,-4.769103227580096,-4.769103227580096,7.382847694088201,-4.769103227580096,-4.769103227580096,-4.769103227580096,-4.769103227580096,-4.769103227580096
MSM9VZGW,-4.568141145530662,1.3605153943431176,-4.568141145530662,3.282872852995495,4.984865353053708,-4.568141145530662,1.9422716686636132,-4.568141145530662,-0.13698287004254617,-4.568141145530662,-0.09077143087759865,-4.568141145530662,-4.568141145530662,5.334731881300746,5.6113142742632744,3.3474471566771067,4.455921664033804,-4.568141145530662,5.1575840911304995,-4.568141145530662,4.041234953132051,-1.4747127936924915,-4.568141145530662,5.877408711970521,-0.31412553668604204,-4.568141145530662,3.3358933138446663,5.453241728738817,-4.568141145530662,4.835017642614831,4.164805831906869,2.2460324243888525,-4.568141145530662,-4.568141145530662,2.6766432970302745,0.9749114489080934,1.420175616567139,5.128990135457333,1.6320330549512567,-1.304897501896079,-4.568141145530662,1.9180077028759062,2.0235759801624864,4.94860002052616,-4.568141145530662,3.634243663669774,-0.24628393163041018,-4.568141145530662,3.8207585574513647,5.634875449281012,-4.568141145530662,-4.568141145530662,3.4789951620600625,-4.568141145530662,4.627853694119714,-0.34354807523387976,5.820560609064506,-0.1589529699762604,2.460402129721535,7.771656158011327,-4.568141145530662,-0.7534942718255806,3.831592239033485,-4.568141145530662,-4.568141145530662,-4.568141145530662,4.7445437063369225,1.7762865987880643,0.6125096063818702,3.192553312934617,3.244594028493494,-4.568141145530662,1.9965465409726209,3.8026198444929937,-4.568141145530662,3.396822793421933,-4.568141145530662,-0.6982201399529799,1.9240477387690866,-4.568141145530662,-4.568141145530662,0.4487792266941586,-4.568141145530662,2.1225319099154314,4.041548351031619,-4.568141145530662,4.970798167455997,-4.568141145530662,-4.568141145530662,-4.568141145530662,3.7680314000949986,4.011045518084149,-4.568141145530662,-4.568141145530662,-4.568141145530662,8.345076681776398,4.966869903416923,-4.568141145530662,-4.568141145530662,-2.0344136943386975,1.1136687008374135
MSM9VZGY,-4.11946095148191,2.3736852322088344,-4.11946095148191,4.91779279994442,6.216190420645962,-4.11946095148191,2.7807849562678895,-4.11946095148191,1.297580090961782,1.5136544542438362,1.444705601494885,-4.11946095148191,-4.11946095148191,6.643106894753,7.608019406812106,6.009990349908696,5.752330512209321,-4.11946095148191,6.569257053497305,-4.11946095148191,6.228412489759181,0.6247451242864006,-4.11946095148191,7.615273111145697,1.5645281976113363,-4.11946095148191,4.548447868034701,2.7865021295156325,-4.11946095148191,1.5826555929195703,4.873216146330469,3.233398583625503,-4.11946095148191,-4.11946095148191,1.6581527193968206,-4.11946095148191,-4.11946095148191,5.142193632702528,-1.1748557754830866,-4.11946095148191,-4.11946095148191,1.3590511714765494,-4.11946095148191,3.8079516932569177,-4.11946095148191,2.214789704803553,-4.11946095148191,-4.11946095148191,4.084905382903381,5.0291244001013995,-4.11946095148191,-4.11946095148191,2.6193569206023435,-4.11946095148191,3.010895668842604,2.0522707203665993,7.300632314922142,3.6958240554245103,4.015252779754516,7.495900518965297,-1.4559083204673708,-4.11946095148191,3.652392132473161,-4.11946095148191,-4.11946095148191,-4.11946095148191,5.66981042557768,-4.11946095148191,-4.11946095148191,3.899305821750149,-4.11946095148191,4.322879341883038,1.7843831627275497,6.166467915590951,-4.11946095148191,5.338402402824764,-4.11946095148191,-4.11946095148191,-4.11946095148191,-4.11946095148191,-4.11946095148191,1.9827325353660434,-4.11946095148191,2.3158140572790193,2.833179189328537,-1.586697935789413,3.683135164068287,-4.11946095148191,-4.11946095148191,-4.11946095148191,2.5111701471684382,4.950206089857697,-4.11946095148191,-4.11946095148191,-4.11946095148191,8.052115178844048,5.119015438435591,-4.11946095148191,-4.11946095148191,-4.11946095148191,-4.11946095148191
MSM9VZH7,-3.742978126831865,1.8744728007328018,-3.742978126831865,4.114890996120232,6.4625291862489345,-3.742978126831865,2.975926343472283,-3.742978126831865,-3.742978126831865,-3.742978126831865,2.7555546817739636,-3.742978126831865,-3.742978126831865,6.313331159380951,7.278676873256961,5.052443773613479,5.972910837761334,-3.742978126831865,6.539027105100485,-3.742978126831865,5.823436256698294,0.08140299620123415,-3.742978126831865,7.36621185483484,-3.742978126831865,-3.742978126831865,4.601828503383571,1.4755808412249145,-3.742978126831865,2.771117699247476,5.197950474068289,3.519043024838995,-3.742978126831865,-3.742978126831865,2.399329126506526,2.0866119922832542,-3.742978126831865,1.8585429237854711,-0.2756940161615624,-3.742978126831865,-3.742978126831865,2.998871750962123,-3.742978126831865,3.7110649636691875,-3.742978126831865,3.4455838563324166,-3.742978126831865,-3.742978126831865,4.6852507039573785,6.347812276083624,-3.742978126831865,-3.742978126831865,-3.742978126831865,-3.742978126831865,2.6555415482544182,2.8795636459734855,7.185682986890595,3.338804154544327,4.588107908598705,8.643188970459848,-3.742978126831865,-3.742978126831865,3.6698130962298423,-3.742978126831865,-3.742978126831865,-3.742978126831865,5.015313433102216,-3.742978126831865,-3.742978126831865,2.8837250679834012,2.0363177848222005,-3.742978126831865,3.6771712630563718,5.6323745137208325,-3.742978126831865,4.928024428220601,-3.742978126831865,-3.742978126831865,-3.742978126831865,-3.742978126831865,-3.742978126831865,2.419562765122695,-3.742978126831865,4.882626093666326,-3.742978126831865,-3.742978126831865,5.07499153782252,-3.742978126831865,-3.742978126831865,-3.742978126831865,2.9696766198469264,4.4730406213770495,-3.742978126831865,-3.742978126831865,-3.742978126831865,9.000431829229083,5.721669415729469,-3.742978126831865,-3.742978126831865,-3.742978126831865,-0.7314959479406422
MSM9VZHB,5.449834596188121,-3.9294826925966344,-3.9294826925966344,-3.9294826925966344,3.203834635331339,-3.9294826925966344,-0.8133517226392648,4.840191046165643,-3.9294826925966344,-3.9294826925966344,-3.9294826925966344,5.517139802653981,-3.9294826925966344,-3.9294826925966344,1.6661693093536272,-3.9294826925966344,0.8664904769143629,-3.9294826925966344,6.736575412615868,-3.9294826925966344,-0.7852235431567465,4.829383811482196,3.1315181891907153,5.101483074856346,7.2313685921691295,-3.9294826925966344,4.31010303950267,-3.9294826925966344,-3.9294826925966344,-3.9294826925966344,4.653337380324704,1.701778037049488,0.8927312802599587,-3.9294826925966344,0.877946130285622,-3.9294826925966344,-3.9294826925966344,6.635741272164545,1.4445506217008166,-3.9294826925966344,-3.9294826925966344,0.6429753502374176,-3.9294826925966344,3.373560809464709,4.870846888560837,4.835764990768872,3.274707081511731,-3.9294826925966344,4.272068974689962,5.7530964546393575,-3.9294826925966344,7.481655734924882,-3.9294826925966344,0.18595770683330315,5.542492686551156,5.145149295919987,2.8023557806076536,-3.9294826925966344,4.612497241265297,4.495998589384915,-3.9294826925966344,-3.9294826925966344,4.130091190361752,-3.9294826925966344,-3.9294826925966344,-3.9294826925966344,6.395708018633385,-3.9294826925966344,3.3908911198503233,-3.9294826925966344,-3.9294826925966344,-3.9294826925966344,0.23213370241229114,3.097449476725499,-3.9294826925966344,2.9435736448679064,-3.9294826925966344,1.36489412256757,-3.9294826925966344,8.311302091620519,-3.9294826925966344,4.320273051298087,3.6756879627211347,8.51975573816827,-3.9294826925966344,-3.9294826925966344,-3.9294826925966344,2.979670288451146,3.0462730472054407,-3.9294826925966344,3.8104246630469163,7.200319843174947,-3.9294826925966344,1.3225527339717793,-3.9294826925966344,6.952404906981256,-3.9294826925966344,-3.9294826925966344,-3.9294826925966344,-3.9294826925966344,-3.9294826925966344
MSM9VZHF,6.773995327913392,-4.880390310941102,0.49544551454529007,1.5564448534614757,4.767738083836481,-4.880390310941102,1.7970384083847124,3.1361530093812213,-4.880390310941102,2.055482377186702,-4.880390310941102,4.630847226011489,3.0659668430081988,-4.880390310941102,1.9070593601073957,-4.880390310941102,1.8661125601947388,2.535934539523505,5.638249429468011,-4.880390310941102,2.6290353920932903,5.171643709212269,2.9056186736285676,5.26661442930928,4.935917414530024,3.5149277478108374,5.049352840537477,-4.880390310941102,-4.880390310941102,-4.880390310941102,5.444054418246638,2.992945901490131,-0.16121972150324204,-4.880390310941102,2.1083321097754517,2.714979828368299,-4.880390310941102,3.119121853907571,0.8037142145598946,-4.880390310941102,-4.880390310941102,-4.880390310941102,-4.880390310941102,3.613233468262912,5.030697415782728,4.199635771885484,4.029607142960602,-4.880390310941102,3.8696238771928275,5.019944293061874,-4.880390310941102,-4.880390310941102,-4.880390310941102,3.6730768514430503,4.401550335130161,3.2205005588810494,4.931820673970286,-4.880390310941102,4.2394057761377075,6.808595272765297,-4.880390310941102,-4.880390310941102,2.565590746181406,2.5974186691245507,-4.880390310941102,-4.880390310941102,5.522441533798791,2.1137633128461726,-4.880390310941102,1.1016072533659163,-4.880390310941102,-4.880390310941102,0.8305948623317132,3.357447380359175,-4.880390310941102,3.415342750658196,-4.880390310941102,2.0202841901820845,-4.880390310941102,5.815484138532021,-4.880390310941102,4.776205694687366,4.265281753131637,6.042705574685469,-4.880390310941102,-4.880390310941102,-4.880390310941102,4.755677162168207,2.192236268585929,0.4028064091041337,4.874573961117975,6.379930277730314,-4.880390310941102,-4.880390310941102,-4.880390310941102,7.068193649412232,-4.880390310941102,-4.880390310941102,-4.880390310941102,-4.880390310941102,-4.880390310941102
MSM9VZHJ,-2.67569267012691,-2.67569267012691,-2.67569267012691,-2.67569267012691,8.526275223802097,-2.67569267012691,5.090276047505938,1.2523545743112656,-2.67569267012691,-2.67569267012691,-2.67569267012691,-2.67569267012691,-2.67569267012691,9.230311074608249,-2.67569267012691,-2.67569267012691,-2.67569267012691,-2.67569267012691,-2.67569267012691,-2.67569267012691,-2.67569267012691,-2.67569267012691,9.16142501814554,-2.67569267012691,1.0472160128972732,8.064155380512181,-2.67569267012691,-2.67569267012691,-2.67569267012691,-2.67569267012691,4.894525843475578,-0.19276084272046212,-2.67569267012691,-2.67569267012691,-2.67569267012691,-2.67569267012691,-2.67569267012691,-2.67569267012691,-2.67569267012691,-2.67569267012691,-2.67569267012691,4.392141049739621,-2.67569267012691,1.8131426079784578,2.3998134007476377,-2.67569267012691,-2.67569267012691,6.939556501732231,4.34987929989052,3.4340013556614135,-2.67569267012691,-2.67569267012691,2.4539603959068668,2.810514507898059,0.49319649924860975,-2.67569267012691,8.199903070994155,-2.67569267012691,7.152892731069626,10.039050569849557,2.3946241678741274,7.437977112101034,-2.67569267012691,-2.67569267012691,-2.67569267012691,-2.67569267012691,-2.67569267012691,-2.67569267012691,-0.10190722280455589,-2.67569267012691,-2.67569267012691,-2.67569267012691,4.0199813665038935,-2.67569267012691,-2.67569267012691,-2.67569267012691,2.687874342506511,-2.67569267012691,-2.67569267012691,-2.67569267012691,-2.67569267012691,8.924588298826581,0.4532190937221028,6.213554345009446,-2.67569267012691,-2.67569267012691,4.113291867768328,-2.67569267012691,-2.67569267012691,-2.67569267012691,4.1795004605972625,4.444145877290324,-2.67569267012691,-2.67569267012691,-2.67569267012691,6.859541225100468,-2.67569267012691,5.170465099578666,3.2440910117784716,5.720964425875269,3.9305890931386047
MSM9VZHL,-2.8467156436046377,-2.8467156436046377,-2.8467156436046377,-2.8467156436046377,7.743386153781229,-2.8467156436046377,6.495497089315711,-2.8467156436046377,-2.8467156436046377,-2.8467156436046377,-2.8467156436046377,-2.8467156436046377,-2.8467156436046377,8.468068442986663,-2.8467156436046377,-2.8467156436046377,-2.8467156436046377,-2.8467156436046377,-2.8467156436046377,-2.8467156436046377,-2.8467156436046377,-2.8467156436046377,7.910023901145696,3.559034445518545,-2.8467156436046377,7.340581355216209,-2.8467156436046377,-2.8467156436046377,-2.8467156436046377,-2.8467156436046377,4.679964695343993,-2.8467156436046377,-2.8467156436046377,4.020118664627401,-2.8467156436046377,2.2537336428839136,-2.8467156436046377,-2.8467156436046377,3.286213268064741,-2.8467156436046377,-2.8467156436046377,5.951329813798015,-2.8467156436046377,-2.8467156436046377,-2.8467156436046377,3.6955039446412297,-2.8467156436046377,8.221451375556233,5.06282075268731,-2.8467156436046377,4.993738171101088,-2.8467156436046377,-2.8467156436046377,7.168911810786241,-2.8467156436046377,-2.8467156436046377,7.815199902959472,-2.8467156436046377,6.448859951538195,10.119798554171174,-2.8467156436046377,-2.8467156436046377,-2.8467156436046377,-2.8467156436046377,-2.8467156436046377,-2.8467156436046377,-2.8467156436046377,-2.8467156436046377,0.6677218378841943,-2.8467156436046377,4.97242481905528,-2.8467156436046377,6.083848858990123,-2.8467156436046377,-2.8467156436046377,-2.8467156436046377,-2.8467156436046377,-2.8467156436046377,-2.8467156436046377,-2.8467156436046377,-2.8467156436046377,8.761976345673501,2.6233111047450333,6.245486611012965,-2.8467156436046377,-2.8467156436046377,4.070951110086145,-2.8467156436046377,-2.8467156436046377,-2.8467156436046377,3.5075302384960807,6.551494256922845,4.226007128292012,-2.8467156436046377,-2.8467156436046377,7.925664124301816,-2.8467156436046377,5.155530394173065,3.069645684827365,6.4122679389494825,5.221851731976411
MSM9VZHN,-3.323062094106687,-3.323062094106687,-3.323062094106687,-3.323062094106687,7.940756085318942,-3.323062094106687,6.75651669489159,-3.323062094106687,-3.323062094106687,-3.323062094106687,-3.323062094106687,-3.323062094106687,-3.323062094106687,8.871749902027211,2.5500828015106967,-0.03970029134386799,-0.06151723278437338,-3.323062094106687,1.9067444739978328,-3.323062094106687,1.2632993116752473,-3.323062094106687,7.877033790806366,2.723583989217161,-3.323062094106687,7.754175487076724,-3.323062094106687,-3.323062094106687,-3.323062094106687,-3.323062094106687,2.258039410532435,-3.323062094106687,-3.323062094106687,5.116693325658257,-3.323062094106687,-3.323062094106687,-3.323062094106687,-3.323062094106687,-3.323062094106687,-3.323062094106687,-3.323062094106687,3.4049969171384813,-3.323062094106687,0.18025392000536655,1.613023081036479,2.0058185871065675,-3.323062094106687,6.0626342779728635,1.6407417471557615,2.6818845138395266,3.8478775326327197,2.4464369057483886,1.3224956788663267,3.9453992396609356,0.7288901538140689,-3.323062094106687,8.057798690618162,-3.323062094106687,5.302690389123356,9.421418209199734,0.7447733110428558,4.016323008003897,-3.323062094106687,-3.323062094106687,-3.323062094106687,-3.323062094106687,-3.323062094106687,-3.323062094106687,1.3323946939348588,-3.323062094106687,5.067422639405765,-3.323062094106687,4.041419004359891,-3.323062094106687,-3.323062094106687,-3.323062094106687,1.7538962132218785,-3.323062094106687,2.453595929874316,-3.323062094106687,-3.323062094106687,7.764368770031256,2.3328073708463872,5.264511298158769,-3.323062094106687,-3.323062094106687,5.015680521574153,-3.323062094106687,-3.323062094106687,-3.323062094106687,3.359051920099321,4.632038374546442,4.154992200119685,-3.323062094106687,-3.323062094106687,5.861287703136521,-3.323062094106687,3.850616004575108,2.902829100579936,4.755852862927348,2.561674562819226
MSM9VZHP,-2.7036478758271034,-2.7036478758271034,-2.7036478758271034,-2.7036478758271034,8.14703150680423,-2.7036478758271034,5.916597000785461,-2.7036478758271034,-2.7036478758271034,-2.7036478758271034,-2.7036478758271034,-2.7036478758271034,-2.7036478758271034,8.445559026996111,-2.7036478758271034,-2.7036478758271034,-2.7036478758271034,-2.7036478758271034,-2.7036478758271034,-2.7036478758271034,-2.7036478758271034,-2.7036478758271034,7.980287407301933,-2.7036478758271034,-2.7036478758271034,7.601265573181957,-2.7036478758271034,-2.7036478758271034,-2.7036478758271034,-2.7036478758271034,4.656636694981636,-2.7036478758271034,-2.7036478758271034,-2.7036478758271034,-2.7036478758271034,-2.7036478758271034,-2.7036478758271034,-2.7036478758271034,-2.7036478758271034,-2.7036478758271034,-2.7036478758271034,5.858974260966433,-2.7036478758271034,-2.7036478758271034,0.9409109954746242,3.8466091557464344,-2.7036478758271034,7.75936844816008,5.84552749447789,3.227846855823973,-2.7036478758271034,-2.7036478758271034,-2.7036478758271034,5.051168053269892,2.673664946107971,-2.7036478758271034,9.0054863694017,-2.7036478758271034,5.975578406019019,10.374805271501975,2.0584291608350522,5.109863351103356,-2.7036478758271034,-2.7036478758271034,-2.7036478758271034,-2.7036478758271034,-2.7036478758271034,-2.7036478758271034,0.7911063471727378,-2.7036478758271034,2.5566553887740042,-2.7036478758271034,4.573448192374848,-2.7036478758271034,-2.7036478758271034,-2.7036478758271034,-2.7036478758271034,-2.7036478758271034,-2.7036478758271034,-2.7036478758271034,1.7315266982393727,8.861792986617637,3.061029373150724,6.029322294923162,-2.7036478758271034,-2.7036478758271034,4.831415574847019,-2.7036478758271034,-2.7036478758271034,-2.7036478758271034,2.981188802096618,3.879739384835771,3.7143454375308718,2.6026450378499124,-2.7036478758271034,7.179141162608953,-2.7036478758271034,4.121667877509849,0.46466306351587505,5.095428047228764,2.786386280544699
MSM9VZHR,-3.583942517930554,-3.583942517930554,-3.583942517930554,-3.583942517930554,7.248863246738309,-3.583942517930554,5.369776650875576,1.3056422081695267,-3.583942517930554,-3.583942517930554,-3.583942517930554,-3.583942517930554,-3.583942517930554,7.867619952281073,-3.583942517930554,-3.583942517930554,-3.583942517930554,-3.583942517930554,-3.583942517930554,-3.583942517930554,-3.583942517930554,-3.583942517930554,7.205878280411614,-3.583942517930554,0.44650577211422693,7.028477287311302,-3.583942517930554,-3.583942517930554,2.2432001546939153,-3.583942517930554,4.158291114200193,0.12031921460227224,-3.583942517930554,5.830407642818014,-3.583942517930554,-3.583942517930554,3.2866345107902983,-3.583942517930554,-3.583942517930554,-3.583942517930554,-3.583942517930554,4.009347234670354,-3.583942517930554,2.5526882539250213,2.4662308919737006,3.4496637429751313,-3.583942517930554,6.029185560066182,3.8052179884905035,3.056989519241748,3.259736290875323,4.011686905543324,-3.583942517930554,2.989427551975181,1.0496219369078208,-3.583942517930554,8.99234936706323,-3.583942517930554,6.172484210167329,9.120193073105941,1.7789977140391002,3.7230542642390603,-3.583942517930554,-3.583942517930554,-3.583942517930554,1.2644999204774496,-3.583942517930554,-3.583942517930554,1.3810588273458198,-3.583942517930554,-3.583942517930554,-3.583942517930554,5.203313585236816,-3.583942517930554,-3.583942517930554,-3.583942517930554,-3.583942517930554,-3.583942517930554,3.179441159642158,-3.583942517930554,2.3317764176748943,2.698251331239252,0.42288522961673003,5.571641652183473,6.608770039192232,-3.583942517930554,4.459916763825367,-3.583942517930554,3.347377020965477,-3.583942517930554,2.875588601463514,4.403445104867193,4.432179607866314,3.858009377005322,-3.583942517930554,5.799182805918565,-3.583942517930554,2.353880375107776,2.3623754887495174,5.478516486131906,3.338353115544087
MSM9VZHT,-3.500684990789125,-3.500684990789125,-3.500684990789125,-3.500684990789125,7.351193751286766,-3.500684990789125,4.636858731581116,2.701452161666107,0.47316426022094227,4.075553577259105,-3.500684990789125,-3.500684990789125,-3.500684990789125,7.85918094829219,-3.500684990789125,-3.500684990789125,-3.500684990789125,-3.500684990789125,-3.500684990789125,-3.500684990789125,-3.500684990789125,-3.500684990789125,7.577839134502051,-3.500684990789125,1.8993326691379835,6.762490463525393,-3.500684990789125,-3.500684990789125,0.26479173443079596,-3.500684990789125,5.749510049592936,2.5446067737975415,-3.500684990789125,1.6474451766323135,-3.500684990789125,-3.500684990789125,3.5411487520092892,0.004357000793556054,1.6151685083433716,-3.500684990789125,-0.314063162483432,3.602374361275812,0.09041357753264911,1.6077136479801641,1.205577650412689,3.6870095099572593,-3.500684990789125,7.86321508761916,5.18254576945273,4.957450832506551,-3.500684990789125,-3.500684990789125,-3.500684990789125,4.977232994514932,-3.500684990789125,1.9323223958614406,8.10744644478793,-3.500684990789125,6.788157704849118,9.420442052056998,2.0666593680341165,3.041784260578119,1.715210966291826,-3.500684990789125,-3.500684990789125,3.5151986526428587,-3.500684990789125,-3.500684990789125,3.186148630869721,-3.500684990789125,-3.500684990789125,-3.500684990789125,4.309352361475159,-3.500684990789125,-3.500684990789125,-3.500684990789125,-3.500684990789125,-3.500684990789125,-3.500684990789125,-3.500684990789125,1.252915340890656,5.763583326499396,1.6611342731928858,6.522137238011625,-3.500684990789125,-3.500684990789125,6.810328708714938,-3.500684990789125,5.399640716628393,-3.500684990789125,1.8496732465658212,4.078878084272692,0.6290598644299674,-3.500684990789125,-3.500684990789125,6.190193539980926,-3.500684990789125,-3.500684990789125,-0.9545289886947383,4.2891511018832755,2.8971662693712323
MSM9VZHX,-3.5992538794170006,7.258022220535816,-3.5992538794170006,-3.5992538794170006,7.826263411514141,0.7154635628114043,5.892542892209905,-3.5992538794170006,1.6563156397988852,-3.5992538794170006,-3.5992538794170006,-3.5992538794170006,7.747586731054694,1.7724068523237086,-3.5992538794170006,-3.5992538794170006,-3.5992538794170006,7.199430842646058,-3.5992538794170006,4.790041789487065,-3.5992538794170006,-3.5992538794170006,8.058699757417259,6.615487296281749,8.96608274204231,7.188367734337513,-3.5992538794170006,-3.5992538794170006,-3.5992538794170006,-3.5992538794170006,5.809122859021354,2.8978483672710666,4.80181804187167,-3.5992538794170006,-0.7237497735219378,3.0688601962757778,-3.5992538794170006,3.573367104507404,0.8335580977351658,3.698003025759128,2.1923003572307156,4.968752209255287,-3.5992538794170006,0.714114798893398,-3.5992538794170006,-3.5992538794170006,-3.5992538794170006,6.8239771960084665,-3.5992538794170006,-3.5992538794170006,4.60087768860222,3.6786972999860232,3.6608558888631304,-3.5992538794170006,-3.5992538794170006,-3.5992538794170006,-3.5992538794170006,-3.5992538794170006,-3.5992538794170006,6.400012606268443,5.771172875920439,-3.5992538794170006,1.3638736271482905,2.461583550795459,-3.5992538794170006,-3.5992538794170006,2.5003255667795026,-3.5992538794170006,-3.5992538794170006,4.386704377402369,-3.5992538794170006,5.4729877077933855,5.285518593992297,5.1636296651763205,-3.5992538794170006,-3.5992538794170006,7.076170870865661,5.231939024950067,-3.5992538794170006,-3.5992538794170006,-3.5992538794170006,-3.5992538794170006,-3.5992538794170006,-3.5992538794170006,3.6961575552804957,0.44290614747745316,-3.5992538794170006,-3.5992538794170006,4.347036234187194,-3.5992538794170006,1.7030766649992053,3.6503114162273,-3.5992538794170006,-3.5992538794170006,-3.5992538794170006,7.093079815778851,-3.5992538794170006,-3.5992538794170006,-3.5992538794170006,-3.5992538794170006,-0.3726377633280489
MSM9VZHZ,-3.9107528788011106,6.9522646745530965,-3.9107528788011106,-3.9107528788011106,7.051819707038891,-3.9107528788011106,4.222133421525701,1.627656098256331,4.243025110680286,-3.9107528788011106,-3.9107528788011106,-3.9107528788011106,8.244529673866548,0.2978526295710964,-3.9107528788011106,-3.9107528788011106,-3.9107528788011106,6.769827192673271,-3.9107528788011106,4.387850714988508,-3.9107528788011106,-3.9107528788011106,6.027500104327185,5.523874335927061,7.553845591335514,6.757205655035596,-3.9107528788011106,-3.9107528788011106,-3.9107528788011106,-3.9107528788011106,7.482129246576319,4.542439249203202,5.677980929862442,-3.9107528788011106,3.4895887275137056,3.648684231305162,-3.9107528788011106,5.022869502743974,3.5662105055320508,4.2022480811685545,3.559208763719446,4.408991956681996,2.7156541866790933,2.483982612606666,-3.9107528788011106,-3.9107528788011106,-3.9107528788011106,7.827627010268151,1.155768094051254,-3.9107528788011106,4.098506214680627,4.037293978452672,-3.9107528788011106,-3.9107528788011106,-3.9107528788011106,-3.9107528788011106,-3.9107528788011106,-3.9107528788011106,-3.9107528788011106,3.6093122570007177,5.41772491928935,-3.9107528788011106,-3.9107528788011106,1.354596933694605,-3.9107528788011106,-3.9107528788011106,3.2357650196443117,2.52751399960988,2.4769716237982804,4.497903298154924,4.484091601325971,5.403848198343034,-3.9107528788011106,4.871936418144726,-3.9107528788011106,-3.9107528788011106,6.508553674572587,5.531916282309707,-3.9107528788011106,-3.9107528788011106,-3.9107528788011106,-3.9107528788011106,-3.9107528788011106,-3.9107528788011106,1.1978914531444502,0.4223253339743369,-3.9107528788011106,-3.9107528788011106,5.50399343960378,-3.9107528788011106,2.8786596829970224,6.261011203703941,-3.9107528788011106,-3.9107528788011106,-3.9107528788011106,7.418071915123196,-3.9107528788011106,-3.9107528788011106,-3.9107528788011106,-3.9107528788011106,-3.9107528788011106
MSM9VZI2,-3.2022631088433933,7.634332791294507,-3.2022631088433933,-3.2022631088433933,8.328873321363943,2.31589313175361,6.32182354692417,1.0743180341445147,-3.2022631088433933,-3.2022631088433933,-3.2022631088433933,-3.2022631088433933,9.373323563972262,1.9154659018011255,-3.2022631088433933,-3.2022631088433933,-3.2022631088433933,6.824220886199364,-3.2022631088433933,4.678761913777656,-3.2022631088433933,-3.2022631088433933,7.7398007232970425,6.872881822975883,8.964161496573716,7.709373983918997,-3.2022631088433933,-3.2022631088433933,-3.2022631088433933,-3.2022631088433933,5.6020615709644614,2.623676291910569,4.422894161942942,-3.2022631088433933,1.4279450892378645,1.7230245717957509,-3.2022631088433933,3.2972579352868703,-3.2022631088433933,3.534362586122316,-3.2022631088433933,0.5416110664503151,-3.2022631088433933,2.396563537512682,-3.2022631088433933,-3.2022631088433933,-3.2022631088433933,7.573666139466194,1.7938813416272676,-3.2022631088433933,2.9846183791870677,4.1737755111223676,-3.2022631088433933,-3.2022631088433933,-3.2022631088433933,-3.2022631088433933,-3.2022631088433933,-3.2022631088433933,-3.2022631088433933,7.2368044661793505,4.398464185563103,-3.2022631088433933,-3.2022631088433933,-0.6987368557496154,-3.2022631088433933,-3.2022631088433933,2.5602487294146012,-3.2022631088433933,1.1526424695743174,3.7174261436971516,-3.2022631088433933,5.972303249179512,3.4125043635508376,5.771436620824012,-3.2022631088433933,-3.2022631088433933,7.487111489557978,4.693479280230312,-3.2022631088433933,-3.2022631088433933,-3.2022631088433933,-3.2022631088433933,-3.2022631088433933,-3.2022631088433933,3.116331479015037,-3.2022631088433933,-3.2022631088433933,-3.2022631088433933,4.0300792081210535,-3.2022631088433933,3.227165829501768,4.146562752281404,-3.2022631088433933,-3.2022631088433933,-3.2022631088433933,6.861130710194621,-3.2022631088433933,-3.2022631088433933,-3.2022631088433933,-3.2022631088433933,-3.2022631088433933
MSM9VZI6,-4.675986490003439,1.611976414396067,-4.675986490003439,2.403928784730608,4.845468498005266,1.082745545679522,4.85507263953248,-0.07263465838308925,0.15792607220166666,-4.675986490003439,0.23645791229972524,2.2883767506637467,3.7697101671734616,5.1067747220129345,-4.675986490003439,-4.675986490003439,3.28920907828425,1.105625779476803,3.694582666716852,0.0862227114187597,-4.675986490003439,1.3594115601549035,6.069552098586029,4.47241784413271,7.766065058297704,2.872535074799706,2.9819425790434524,-4.675986490003439,-4.675986490003439,-4.675986490003439,6.4772385653076086,3.831322768229339,-4.675986490003439,-4.675986490003439,-0.13993853692808322,3.6482158082373326,-4.675986490003439,3.909056411756602,1.4368174292671148,0.36839437099663996,1.7616503459856157,5.143924005084735,0.6714016048894482,-4.675986490003439,-4.675986490003439,-4.675986490003439,-4.675986490003439,-4.675986490003439,-0.6154306507338969,-1.1100774505301167,2.5143179225797407,-4.675986490003439,-4.675986490003439,2.872369420855872,-4.675986490003439,-4.675986490003439,2.9744911806485055,4.754752263971444,-4.675986490003439,7.594550938150299,4.778115882614949,-4.675986490003439,0.286805019110977,0.8912929721347886,3.1299406732984183,-4.675986490003439,1.1863010942062555,-4.675986490003439,0.2653233920392353,4.003220227163517,3.8128872128541325,-4.675986490003439,5.875089623459861,4.245830508092937,1.3127069841864696,2.723675852295366,6.197463153267046,-4.675986490003439,1.8259421003329015,-4.675986490003439,-4.675986490003439,2.2262814222605103,4.174863495321935,-0.5190605520757732,-4.675986490003439,0.5347683527753304,0.9939454557125469,-4.675986490003439,5.818832814552062,1.8541586523040436,1.6354591594700887,4.786025747432262,-4.675986490003439,-4.675986490003439,-4.675986490003439,6.856141043811385,2.715052636517031,-4.675986490003439,-4.675986490003439,-4.675986490003439,-4.675986490003439
MSM9VZJZ,-4.37313008602051,2.5757992383233743,-1.4795523813706684,5.2670081546975736,6.203294849066992,-1.066337120206926,3.5940046459148443,-4.37313008602051,1.20387533301772,-2.1082017580747863,2.0506024761831503,-4.37313008602051,-4.37313008602051,5.824417338376463,8.205831634631927,5.595674737476515,5.807057112953913,-0.06764902800626338,6.29265043209849,-4.37313008602051,6.35577796636976,0.7629917023237294,-4.37313008602051,7.0840605034098445,-2.0568287964309544,-4.37313008602051,4.820440924348799,3.9450546652019876,-4.37313008602051,5.337533448396275,4.129015001941548,2.4684104685161765,-4.37313008602051,-4.37313008602051,0.711536522160273,1.4209417973078082,-1.4248487686141207,4.0065099649422296,1.1781914770757655,-4.37313008602051,-4.37313008602051,1.7490878110510089,-4.37313008602051,2.5658107583360783,-4.37313008602051,2.901063318791267,-4.37313008602051,-4.37313008602051,3.9219947561094726,4.621928949456591,-4.37313008602051,-4.37313008602051,-4.37313008602051,-4.37313008602051,2.9092644820227305,1.4432645017921972,6.290378565385807,2.150994220506054,2.837049481945882,6.538535731953823,-4.37313008602051,0.8509555042762056,2.8465339960010736,-4.37313008602051,-4.37313008602051,-4.37313008602051,5.535509784307152,-2.1512891855496736,-4.37313008602051,2.859897701815302,3.756119502546947,5.15457000369007,-4.37313008602051,6.128552448823546,-4.37313008602051,5.393296176006441,-4.37313008602051,-1.7199241911300813,-4.37313008602051,-4.37313008602051,-4.37313008602051,1.2292906364645013,-4.37313008602051,3.037442519298483,-4.37313008602051,-1.2230645162695009,3.7741247265554074,-4.37313008602051,-4.37313008602051,-4.37313008602051,2.8171175567135407,4.0053908710752735,-4.37313008602051,-4.37313008602051,-4.37313008602051,7.325576494515193,4.7079661968646205,-4.37313008602051,-4.37313008602051,-0.38412714481236243,0.7877593262662668
MSM9VZKC,-4.101743823639712,3.4273704091181303,-4.101743823639712,-4.101743823639712,7.486187828997679,-4.101743823639712,5.6268378528327885,1.5154081691029315,3.216911302060084,-4.101743823639712,-4.101743823639712,7.3332190623801345,6.189659545393209,0.7424414637021108,-4.101743823639712,-4.101743823639712,-4.101743823639712,-4.101743823639712,-4.101743823639712,-4.101743823639712,5.269704466397956,-4.101743823639712,4.241643116990317,6.662433546343487,7.079969683936108,-4.101743823639712,5.615856695931617,1.1319694201590256,-4.101743823639712,1.6999823757872843,-4.101743823639712,-4.101743823639712,-4.101743823639712,-4.101743823639712,-4.101743823639712,1.506972248341068,-4.101743823639712,-4.101743823639712,-4.101743823639712,-4.101743823639712,-0.3358829487166748,3.8509872763448847,-0.7793290678249498,2.649904104186792,-0.46214685038810366,4.609732353397245,-4.101743823639712,-4.101743823639712,3.041652739311731,0.699604984319814,-4.101743823639712,2.520825247564778,-4.101743823639712,4.340916821202268,3.14008324330396,-0.6663702347892251,7.455942709168834,-4.101743823639712,3.6257030510119286,8.308938343961923,1.9250098513591212,-4.101743823639712,0.5832611424456182,-4.101743823639712,3.379044222474274,-4.101743823639712,3.31003901880315,-4.101743823639712,2.1101986330901665,2.8853292338178793,-4.101743823639712,4.592356563397387,5.29024102407175,-4.101743823639712,-4.101743823639712,6.706511799731894,-4.101743823639712,0.6702761993219521,-4.101743823639712,-4.101743823639712,0.04290691454811579,1.6634904674968745,3.555096126501219,2.3319326589798974,3.992754024949658,4.378793497077052,-4.101743823639712,5.804307521130591,-4.101743823639712,2.9072698986235013,0.9967486390303204,5.928174938639286,-4.101743823639712,-4.101743823639712,2.578592620552751,7.258110230215693,5.291697884289637,-4.101743823639712,-4.101743823639712,-4.101743823639712,-0.24905618265074736
MSM9VZKE,-3.7234403992253142,3.3452058015316837,-3.7234403992253142,-3.7234403992253142,7.86813131016666,-3.7234403992253142,5.54686162556828,0.42566987609854223,2.298347934657045,-3.7234403992253142,-3.7234403992253142,6.959955231968436,7.1906795536745065,0.17130978410286168,-3.7234403992253142,-3.7234403992253142,-3.7234403992253142,-3.7234403992253142,-3.7234403992253142,-0.22614295758272362,6.93568192179508,-3.7234403992253142,6.011380061049543,7.420284254281633,8.427798417834463,-3.7234403992253142,5.332431847726373,0.7098139295671402,-3.7234403992253142,-0.8472993733036773,-3.7234403992253142,-3.7234403992253142,-3.7234403992253142,-3.7234403992253142,-3.7234403992253142,-3.7234403992253142,-3.7234403992253142,-3.7234403992253142,-3.7234403992253142,-3.7234403992253142,-3.7234403992253142,2.537828473079153,-3.7234403992253142,-0.261624288759144,-1.1319296425362388,3.9918179152759636,-3.7234403992253142,-3.7234403992253142,2.976076303138248,-0.5185318268148436,-3.7234403992253142,-3.7234403992253142,2.8164015220128844,4.2154789190444015,3.325407727045892,2.417834316260497,6.864944544063888,-3.7234403992253142,4.138388155718273,8.036472823408014,3.1312105793767717,-3.7234403992253142,0.3065555038127936,-3.7234403992253142,-3.7234403992253142,-3.7234403992253142,3.0847880759537993,-3.7234403992253142,2.124395997144311,3.0803851073557604,-3.7234403992253142,5.421793176484252,5.390996927443814,1.0249101888037053,-3.7234403992253142,7.642230259919421,-3.7234403992253142,0.7817395483867102,-3.7234403992253142,-3.7234403992253142,0.6614310328722279,1.7673612793341658,7.267979083231356,4.840733311154,-3.7234403992253142,3.028306480549686,-3.7234403992253142,6.210192320263111,0.9495843520130052,2.0343746856856555,2.307444523547173,4.984901244759529,-3.7234403992253142,-3.7234403992253142,-3.7234403992253142,7.260010075132374,5.892022047968518,-3.7234403992253142,-3.7234403992253142,-3.7234403992253142,-3.7234403992253142
MSM9VZKI,5.089130743697269,3.6003306671120567,-3.973164992057656,-3.973164992057656,7.435219041402153,-3.973164992057656,5.956881961639825,1.5493723566127233,0.1881580300405883,1.1621947008000895,-3.973164992057656,6.080517432982111,7.022806201521403,0.03791851722652595,-3.973164992057656,-3.973164992057656,-3.973164992057656,0.6850431763631644,-3.973164992057656,-3.973164992057656,5.925807089720211,-3.973164992057656,6.158207577815415,7.386234250814823,8.06335496640371,-3.973164992057656,5.837653097723981,0.9972964676879066,-3.973164992057656,1.1645858555209632,-3.973164992057656,-3.973164992057656,-3.973164992057656,-3.973164992057656,-3.973164992057656,-3.973164992057656,-3.973164992057656,-3.973164992057656,-3.973164992057656,-3.973164992057656,-3.973164992057656,2.746501782333257,-3.973164992057656,2.11255210924044,0.721037611056131,4.437548306221736,-3.973164992057656,-3.973164992057656,3.343691115223363,0.7638362751449179,-3.973164992057656,-3.973164992057656,-3.973164992057656,4.929140962383016,2.834792666789488,1.8339171646941494,7.159496647506941,-3.973164992057656,6.804977919724211,7.90401162785507,2.477900948987389,-3.973164992057656,2.3411491497104118,-3.973164992057656,-3.973164992057656,-3.973164992057656,1.7169681535612185,-3.973164992057656,2.438435065872027,2.644366120067768,-3.973164992057656,4.679262115324551,4.9758334261562105,0.08294417765305617,-3.973164992057656,7.045481876500238,-3.973164992057656,-0.060744026256200456,-3.973164992057656,-3.973164992057656,-0.6911768208611822,-0.6797842669534973,4.369658359295616,5.47312069725155,-3.973164992057656,2.9003572514543574,-3.973164992057656,5.9919999467835545,0.9635611968748012,3.857570062114516,1.6066248457204928,4.751314784441404,-3.973164992057656,-3.973164992057656,1.0857282722295594,6.977073287277538,5.832058672303844,-3.973164992057656,-3.973164992057656,-3.973164992057656,-3.973164992057656
MSM9VZL5,-4.219996179298871,3.637472710728739,-0.9701537766840982,5.282589089637779,6.454511118655276,-0.4195700645172096,3.0797433837098263,-0.24356124574772053,-0.45882008160279675,-4.219996179298871,-4.219996179298871,5.461707520929873,-4.219996179298871,5.921203661081073,-4.219996179298871,-0.5510088911731579,3.3334205735799536,-4.219996179298871,-2.754939848385428,-4.219996179298871,5.9392965042298815,7.512455045398094,5.093791617278801,7.91314276928116,6.345996302753607,4.471525157793773,5.235455605090542,2.0189760652184496,-4.219996179298871,2.742377947273562,3.89969988582145,2.076424184371226,-4.219996179298871,-4.219996179298871,-4.219996179298871,-2.584686650472845,-4.219996179298871,-4.219996179298871,-4.219996179298871,-4.219996179298871,-4.219996179298871,2.6144761400835907,-4.219996179298871,0.011469224359736074,1.7370051190821512,-1.0297458153325145,-1.0250335932627745,4.013800181363729,3.3538474164172563,3.339837689491622,-4.219996179298871,-4.219996179298871,-4.219996179298871,-4.219996179298871,1.2272112158908666,0.3957490255736342,7.041094313498405,-4.219996179298871,2.2724426250714584,7.647883891476469,0.8446473884113495,1.362489073931405,-4.219996179298871,-4.219996179298871,-4.219996179298871,-2.5625689500509985,3.144443199879551,-4.219996179298871,0.10074099651813917,1.222751821255338,1.8650386834858281,4.949910776857164,3.638847908577447,-4.219996179298871,4.140549295279107,6.633447831977617,-4.219996179298871,-1.1661730944697926,-4.219996179298871,-4.219996179298871,-4.219996179298871,2.218700941062618,7.625845058849375,4.7103129203631555,-4.219996179298871,3.294966596010127,-4.219996179298871,5.503295373849241,0.46271766580404083,-4.219996179298871,2.1023090338062733,3.6080564595062867,-4.219996179298871,-4.219996179298871,-4.219996179298871,4.929132837934252,4.353295514451746,-4.219996179298871,-4.219996179298871,-4.219996179298871,-4.219996179298871
MSM9VZL7,-3.911700835121186,4.22603425177443,-3.911700835121186,4.946916122966915,6.524554140315031,2.1535016138317618,4.762370741029238,-3.911700835121186,-3.911700835121186,1.195113257253544,4.638181493295595,4.61607046079203,7.153915842095374,7.0082444253546115,-3.911700835121186,-3.911700835121186,6.63709537046929,-3.911700835121186,6.617751051488522,0.2725472407914502,-2.0600820459421065,5.560741959282163,-3.911700835121186,7.351140928174842,5.7566287699759275,5.193786514485402,6.027092669532918,1.2837150393324617,-3.911700835121186,-3.911700835121186,2.1672889102330046,-3.911700835121186,-3.911700835121186,-3.911700835121186,-3.911700835121186,-3.911700835121186,-1.833348349399408,-3.911700835121186,-3.911700835121186,-3.911700835121186,-3.911700835121186,2.398344258395725,-3.911700835121186,-3.911700835121186,-3.911700835121186,-3.911700835121186,-3.911700835121186,-3.911700835121186,-3.911700835121186,0.5842981631902457,-3.911700835121186,-3.911700835121186,1.8555604629374063,4.4051180738553875,-3.911700835121186,-3.911700835121186,5.336065040107009,8.408595623341675,-3.911700835121186,8.420915868652466,-3.911700835121186,3.3949280481868778,-3.911700835121186,-3.911700835121186,3.1996427121802133,-3.911700835121186,-3.911700835121186,-3.911700835121186,-3.911700835121186,1.1895760403692943,-3.911700835121186,5.255370526554863,2.8393431944246386,-3.911700835121186,-3.911700835121186,5.3324374678805615,-3.911700835121186,-3.911700835121186,-3.911700835121186,-3.911700835121186,-3.911700835121186,4.902172894365587,7.151591423317685,4.256744100143816,-3.911700835121186,-3.911700835121186,2.1478383755943504,3.1459881020418567,-3.911700835121186,4.182543044618382,0.8779324572248921,3.7305865453912457,1.5702917851032527,1.0162057008233827,-3.911700835121186,6.248621210125941,4.976756432620745,1.4631434309162792,1.4636126128464308,2.5512608389479805,3.0802969147674792
MSM9VZL9,-4.550974016097859,3.298726749594363,-4.550974016097859,3.381755086724766,5.925557977436499,1.0009870753893644,3.712356580794343,1.4085770249650027,-4.550974016097859,-4.550974016097859,2.8943482817794717,3.5128526184629028,5.433104645059761,6.450720846161926,-4.550974016097859,-4.550974016097859,6.8478310959556685,-2.1375589802767934,5.844674689015144,-1.4035174030315734,-4.550974016097859,5.555590287880277,-4.550974016097859,6.703297140488541,5.327868637922529,4.3608896100469865,5.466521086616126,2.764991721515586,-4.550974016097859,1.6744393167477076,0.7782214239247107,-4.550974016097859,-1.3077428597774823,-4.550974016097859,-4.550974016097859,-4.550974016097859,1.6387931772254758,-4.550974016097859,-4.550974016097859,-4.550974016097859,-4.550974016097859,-0.33546485961046635,-4.550974016097859,1.9763177282719253,1.567710023655529,1.2408941011860808,-4.550974016097859,-4.550974016097859,0.2724232922421521,3.9274019892397476,-4.550974016097859,0.9778307846473542,-1.0876463538908858,4.327786617485948,3.0209865782300493,0.11510976036203857,5.913563124133954,6.360385414049871,-4.550974016097859,8.11851144933951,-4.550974016097859,2.0457288674354794,-4.550974016097859,-2.1375589802767934,2.8250957492659428,-4.550974016097859,-4.550974016097859,-4.550974016097859,1.9522195627871257,0.016619936731190776,2.5186179474029746,4.158638986533502,1.313918561433904,-4.550974016097859,-4.550974016097859,4.672033610401883,-4.550974016097859,1.1843716172858585,-4.550974016097859,-4.550974016097859,-4.550974016097859,3.9586331678824154,6.831936873791899,4.153574477460766,-4.550974016097859,-4.550974016097859,2.146290451404864,2.1303444419173196,-4.550974016097859,3.745320790437745,1.799334142796833,3.7364261410500212,-1.443642098407235,-4.550974016097859,-4.550974016097859,4.7471427338396746,5.641550894510397,-0.569620985276643,-1.0655864639443529,1.4819565207396144,1.5645701845501394
MSM9VZLB,-4.441011431865466,3.5015853331205244,-4.441011431865466,3.59375405361706,6.111046806840212,1.1174816439122992,3.9037346936167348,1.5973597300479305,-4.441011431865466,1.009103724686037,2.938145572907179,5.062513167167157,6.323604204948933,6.062320422888335,-4.441011431865466,-4.441011431865466,6.490172285434475,-0.24537295011173477,6.286412649511,0.7405819165830199,-4.441011431865466,5.991070024103186,-4.441011431865466,6.8461452350138305,5.590396509475067,3.616848540304022,5.708500257889409,0.639645825882365,-4.441011431865466,-0.037302591980525435,3.0062331442759733,1.3425965369953783,-4.441011431865466,-4.441011431865466,-4.441011431865466,-2.1033651514551543,-0.6045681940710139,-4.441011431865466,-4.441011431865466,-4.441011431865466,-4.441011431865466,0.5435028717160382,-4.441011431865466,-1.4858335771284406,0.6865728702719398,0.39603811126820787,-4.441011431865466,-4.441011431865466,0.3084276754676356,3.311973136175041,-4.441011431865466,0.22683074310698892,-0.05740800511488864,4.749182482088781,0.7977774003022802,-4.441011431865466,6.68807515909614,6.718906224182051,-1.043683868708671,8.139589803907551,-2.6691443859780417,0.962601026714248,-4.441011431865466,-4.441011431865466,2.297538171144393,-4.441011431865466,-4.441011431865466,-4.441011431865466,2.2722877923668774,0.7681996925939902,-4.441011431865466,4.731478426442643,2.559202649547288,-4.441011431865466,-4.441011431865466,5.2821460871932215,-4.441011431865466,-2.286015952403414,3.5499024916416406,-4.441011431865466,-4.441011431865466,3.0524678600285764,6.337273297745238,4.617894298717821,-4.441011431865466,-4.441011431865466,3.598225563598234,2.0588205266868655,-4.441011431865466,3.4722521606888685,1.5765222332557336,3.57169813233587,-4.441011431865466,-2.036884384898501,-1.033525735335516,5.523730233369081,5.367468647652223,-4.441011431865466,-4.441011431865466,-4.441011431865466,0.7157011595476721
MSM9VZLD,-4.071885327045759,4.062912196337584,-4.071885327045759,5.28972685279117,6.457178784702169,1.6797663187235532,4.4827012204806955,-4.071885327045759,-4.071885327045759,2.3047362688276722,3.7258967711504747,3.9480244165070815,6.796299372489898,7.037473226607231,-4.071885327045759,-4.071885327045759,6.296151252070015,-4.071885327045759,6.585796069242694,1.2674847174731667,-1.4483924399665131,5.381861439204248,-4.071885327045759,7.4248140705826655,5.577751499846351,4.478646792134231,6.013074518573498,-0.1317622731598913,-4.071885327045759,-4.071885327045759,1.8107210873357404,-4.071885327045759,0.31691270352551726,-4.071885327045759,-4.071885327045759,-4.071885327045759,-4.071885327045759,-4.071885327045759,-4.071885327045759,-4.071885327045759,-4.071885327045759,-4.071885327045759,-4.071885327045759,-1.6699616024674757,-0.07239837323396436,-4.071885327045759,-4.071885327045759,-4.071885327045759,-4.071885327045759,1.6141495012378115,-4.071885327045759,-4.071885327045759,-4.071885327045759,5.551247746759266,-4.071885327045759,-4.071885327045759,6.095248417863099,7.594438862677453,-4.071885327045759,7.953516463014487,-4.071885327045759,3.9033327884102036,-4.071885327045759,-4.071885327045759,2.7996736552032004,-4.071885327045759,-4.071885327045759,-4.071885327045759,-0.7328858351167522,-0.4854628605259741,2.438292333114532,5.095135644704355,2.5148578502773145,-4.071885327045759,-4.071885327045759,5.126292549211227,-4.071885327045759,2.1529657937987734,2.5768155775543686,-4.071885327045759,-0.9312747921370388,5.798513552825941,7.859811869533923,4.257962618157078,-4.071885327045759,-4.071885327045759,1.0189287049213593,1.9089616773575315,-4.071885327045759,2.5406760457819493,1.5967870873004255,3.9686301832911157,-4.071885327045759,-4.071885327045759,-4.071885327045759,6.47808016231582,5.3717809630255235,1.8157988782185202,1.6433253135893935,2.5288851640370806,3.708709564970391
MSM9VZLF,-4.516536269264346,3.010804165332617,-4.516536269264346,3.9170288859766433,5.816651400042663,0.891149782583085,3.160995919731838,3.1485158727741593,-4.516536269264346,1.5273200101561386,3.0021302135311876,3.724914571252878,5.637585486129339,5.649613207573662,-4.516536269264346,-4.516536269264346,5.172363883528777,-4.516536269264346,6.068197645758118,-1.455909720221138,-4.516536269264346,4.433472764431988,-0.9485063752943965,7.000677629144354,4.2685533180684,3.3413843607813876,5.321251814834195,0.8837926943334864,-4.516536269264346,0.6740334359311628,3.510104483272781,1.3566565156714434,-4.516536269264346,-0.14462298040577792,-4.516536269264346,-4.516536269264346,0.8637480498462669,-4.516536269264346,-4.516536269264346,-4.516536269264346,-4.516536269264346,-4.516536269264346,-4.516536269264346,-0.7670422213456014,1.0485163874444225,0.49225627539978944,-4.516536269264346,-4.516536269264346,0.3650231755207791,2.8322906013354308,-4.516536269264346,-4.516536269264346,-4.516536269264346,5.864640439348125,2.9170428519371825,-0.813816152307556,7.6113326251099345,6.376258470236015,-4.516536269264346,7.965096981022407,-4.516536269264346,2.8676295493978268,-4.516536269264346,-4.516536269264346,2.9424546284126043,-4.516536269264346,-4.516536269264346,-4.516536269264346,3.220626558273576,-0.5437944062311626,2.5877412472122003,4.492685426760865,2.4091043153056626,-4.516536269264346,-4.516536269264346,5.150385650082086,-4.516536269264346,-0.9630295568057985,-4.516536269264346,-4.516536269264346,-4.516536269264346,5.118786651282467,6.495134086586599,2.926184242365408,-4.516536269264346,-1.7681861322450612,3.7660728791658755,3.6970574518232295,-4.516536269264346,2.901332646015022,2.090692623613494,3.7145724848173094,-4.516536269264346,-4.516536269264346,2.6099158722401183,5.500783455057405,5.293633863921527,-4.516536269264346,-1.3009268301838723,1.5959606634942176,2.1331269317459904
MSM9VZLH,-4.51669958774535,3.438396442973988,-4.51669958774535,4.714627364608071,5.741531255466586,1.9014320611613957,3.6566462764727996,1.331200403436375,-4.51669958774535,2.2262519303521104,4.164786364065896,2.458332024421794,6.378346937868481,6.334456143656288,-4.51669958774535,-4.51669958774535,5.50365709334053,-4.51669958774535,5.791529238551622,0.07288001534454658,-1.1022442384800186,4.509529376994752,0.423356234419936,7.102610209951365,5.126191742089367,5.2005566099022555,5.244832090674674,0.012629109643564007,-4.51669958774535,1.0524504446814102,2.9953110709982687,-1.5098626906988404,-4.51669958774535,-4.51669958774535,-4.51669958774535,-4.51669958774535,-4.51669958774535,-4.51669958774535,-4.51669958774535,-4.51669958774535,-4.51669958774535,-4.51669958774535,-4.51669958774535,-0.30137320707883575,1.0532342273918491,-0.8008998271081449,-4.51669958774535,-4.51669958774535,-0.860160737468199,2.19472893351709,-4.51669958774535,0.03348085406173418,-4.51669958774535,5.2531970956344525,0.7630324284133128,-4.51669958774535,6.143214008175697,6.903779980136075,-2.1120762181925556,7.707120665497423,-4.51669958774535,3.0164888496765245,-4.51669958774535,-0.5597705232972885,2.2806270712275696,-4.51669958774535,-4.51669958774535,-4.51669958774535,1.772341272331584,0.08119842564563307,-4.51669958774535,4.594745464863244,2.0583650255256822,-4.51669958774535,-4.51669958774535,5.174917512994589,-4.51669958774535,0.5470276760459551,-4.51669958774535,-4.51669958774535,-1.2243786589759953,5.786293034580073,6.9319087695484,4.099181663395666,-4.51669958774535,-4.51669958774535,3.2048264658216805,3.317953072740835,-4.51669958774535,2.9758541313406166,1.822042303313184,3.767942942449544,-4.51669958774535,-4.51669958774535,2.5850799798928588,6.5596586845696905,5.5574270908276855,-0.7934227423863547,1.0153089784919533,1.3035271989923363,1.5294285175756572
MSM9VZLJ,3.9602771534449372,2.0271460913790618,1.5086942417728828,3.164835844927537,5.977235918413089,1.7577563378420535,4.0775223118011565,2.4970560629089285,0.28598427500301327,2.8930381856264047,3.2651078790878953,5.213108158837038,-4.655750393799231,-4.655750393799231,2.1507872295522983,-4.655750393799231,-4.655750393799231,-4.655750393799231,6.342488393890777,-4.655750393799231,1.7395276093358172,4.0229517265571735,3.236173262887535,4.091918828489628,5.938458273976865,0.04015483953537213,5.723769738328054,3.4556872662709424,-4.655750393799231,-4.655750393799231,1.9607789121750132,-4.655750393799231,0.8546064631378982,1.2630995170599162,-4.655750393799231,0.36174287388393545,-4.655750393799231,0.4781657167408433,-4.655750393799231,-4.655750393799231,-4.655750393799231,-4.655750393799231,-4.655750393799231,2.5310789445204858,3.2708874796799137,4.0888400068345385,0.603223215820007,-4.655750393799231,3.453947587738546,3.7000050289401685,-4.655750393799231,-4.655750393799231,2.1084795902641646,3.9088883131652796,3.7924249954937608,2.347925125396106,6.264834479681944,-4.655750393799231,4.934421579069401,7.69231560707644,-4.655750393799231,-4.655750393799231,2.6532568353738046,-4.655750393799231,-4.655750393799231,-4.655750393799231,5.704621543428253,-4.655750393799231,1.7575247265327665,0.741603091736609,-4.655750393799231,4.427245537981737,4.967494986037197,4.183763226585708,-4.655750393799231,4.828373781802078,-4.655750393799231,1.4008906638041623,1.6132499818831585,5.196822832324291,-4.655750393799231,4.670716418406988,2.7939261866058125,5.797888656457291,-4.655750393799231,-4.655750393799231,-4.655750393799231,5.7659429145648335,-4.655750393799231,-4.655750393799231,3.12025024529581,5.989933338058297,-4.655750393799231,-4.655750393799231,-4.655750393799231,7.598416899940397,-4.655750393799231,-4.655750393799231,-4.655750393799231,-4.655750393799231,-4.655750393799231
MSM9VZMA,-3.5542527769821675,6.81678006149815,-3.5542527769821675,-3.5542527769821675,7.20312739083257,-0.5392338966291881,4.785271343201254,-3.5542527769821675,0.26201269175392916,-3.5542527769821675,-3.5542527769821675,-3.5542527769821675,8.503997368836957,1.538772783254469,-3.5542527769821675,-1.0437979776858572,-3.5542527769821675,7.748886660992642,-0.6164318015768568,4.9349528302991175,-3.5542527769821675,-3.5542527769821675,7.652685478124896,6.224516763931462,8.575831511219926,6.606191937491646,-3.5542527769821675,-3.5542527769821675,-3.5542527769821675,-3.5542527769821675,5.870299809303689,2.7594497143819883,4.820492508213554,-3.5542527769821675,0.4896350490149448,2.328783802625302,-3.5542527769821675,2.4170628809125727,0.04435651821907527,2.8952215867164544,0.5464096179032918,3.7542088308654913,-3.5542527769821675,-3.5542527769821675,-3.5542527769821675,-3.5542527769821675,0.7901122387265858,7.779000324217078,-0.9725666266493747,-3.5542527769821675,3.625602483150992,3.896823388525185,3.365710038174778,-3.5542527769821675,-3.5542527769821675,-3.5542527769821675,-3.5542527769821675,-3.5542527769821675,-3.5542527769821675,8.352911289178575,4.185737885039255,-3.5542527769821675,1.766752740529908,1.9155367723089807,-3.5542527769821675,0.6690307982506916,3.120091483679146,-0.3793699784391613,-3.5542527769821675,3.311808530818573,-3.5542527769821675,5.799440792884154,-3.5542527769821675,5.020176505178606,-3.5542527769821675,-3.5542527769821675,7.152316424913719,5.00448987954194,-3.5542527769821675,-3.5542527769821675,-3.5542527769821675,-3.5542527769821675,1.8214977333040778,-3.5542527769821675,4.32851411526716,-0.9574035958465714,-3.5542527769821675,-3.5542527769821675,3.703922246787899,-3.5542527769821675,3.2848098639688414,3.6805321490749607,-3.5542527769821675,-3.5542527769821675,-3.5542527769821675,6.4219306798019264,-3.5542527769821675,-3.5542527769821675,-3.5542527769821675,-3.5542527769821675,-3.5542527769821675
MSM9VZMA_TR,-3.0187189488763213,7.698173342323313,-3.0187189488763213,-3.0187189488763213,8.066049218158252,-3.0187189488763213,5.78888322193049,-3.0187189488763213,-3.0187189488763213,-3.0187189488763213,-3.0187189488763213,-3.0187189488763213,9.120240883894011,0.9755276078932518,-3.0187189488763213,-3.0187189488763213,-3.0187189488763213,8.199125369401493,-3.0187189488763213,5.608196541036417,-3.0187189488763213,-3.0187189488763213,8.41642301358075,7.0821778205718235,9.035549115949708,7.296463131647547,-3.0187189488763213,-3.0187189488763213,-3.0187189488763213,-3.0187189488763213,6.230536129156489,2.977234753207269,5.199090643656784,-3.0187189488763213,-3.0187189488763213,2.1215608750756783,-3.0187189488763213,3.7308139262020106,-3.0187189488763213,1.9765352266794824,-3.0187189488763213,3.9942830101783686,-3.0187189488763213,-3.0187189488763213,-3.0187189488763213,-3.0187189488763213,-3.0187189488763213,7.913553838012811,-3.0187189488763213,-3.0187189488763213,3.778684945082281,4.746409875352256,3.7815036300101292,-3.0187189488763213,-3.0187189488763213,-3.0187189488763213,-3.0187189488763213,-3.0187189488763213,-3.0187189488763213,8.720081571159223,4.588002421403063,-3.0187189488763213,0.8960885389737641,0.7153347397675596,-3.0187189488763213,-3.0187189488763213,3.5231806719720673,-3.0187189488763213,-3.0187189488763213,4.089445162962356,-3.0187189488763213,6.167227975092712,-3.0187189488763213,6.050380704510836,-3.0187189488763213,-3.0187189488763213,7.641688274013822,5.260329855101912,-3.0187189488763213,-3.0187189488763213,-3.0187189488763213,-3.0187189488763213,-3.0187189488763213,-3.0187189488763213,4.286620950528445,-3.0187189488763213,-3.0187189488763213,-3.0187189488763213,3.9804453076830297,-3.0187189488763213,2.7928924907885158,3.7693834917874414,-3.0187189488763213,-3.0187189488763213,-3.0187189488763213,6.979894453338496,-3.0187189488763213,-3.0187189488763213,-3.0187189488763213,-3.0187189488763213,-3.0187189488763213
MSM9VZMC,-3.3563868112743958,6.933682047304132,-3.3563868112743958,-3.3563868112743958,7.811040528351027,0.8445548837310461,5.9948665576443245,-3.3563868112743958,-3.3563868112743958,-3.3563868112743958,-3.3563868112743958,-3.3563868112743958,8.025463794008584,1.7142849019085116,-3.3563868112743958,-0.34915208379548446,-3.3563868112743958,7.454498834073447,-3.3563868112743958,4.103098510810667,-3.3563868112743958,-3.3563868112743958,8.398109768170043,6.467023829309959,9.053853438324595,7.312279201415356,-3.3563868112743958,-3.3563868112743958,-3.3563868112743958,-3.3563868112743958,4.718179385802756,-3.3563868112743958,4.487822358039833,0.705606800912852,-3.3563868112743958,1.1840688341322032,-3.3563868112743958,3.042876092094457,-3.3563868112743958,3.983943992717614,-3.3563868112743958,-3.3563868112743958,-3.3563868112743958,1.6788985033856267,-3.3563868112743958,-3.3563868112743958,-3.3563868112743958,7.08972919564901,0.605419646147972,-3.3563868112743958,1.9651171470672963,1.9651171470672963,1.4057220822277685,-3.3563868112743958,-3.3563868112743958,-3.3563868112743958,-3.3563868112743958,-3.3563868112743958,-3.3563868112743958,8.462794084917963,3.9656818741217013,7.392786120715593,-3.3563868112743958,-3.3563868112743958,-3.3563868112743958,2.763913828797043,2.271930536604346,-3.3563868112743958,-3.3563868112743958,2.9214435475306635,-3.3563868112743958,-3.3563868112743958,4.521471352065984,5.202602244804865,-3.3563868112743958,-3.3563868112743958,7.510391468318391,4.989561101822468,3.9307472096224485,-3.3563868112743958,-3.3563868112743958,-3.3563868112743958,-3.3563868112743958,-3.3563868112743958,3.5871927804590173,-3.3563868112743958,-3.3563868112743958,-3.3563868112743958,4.657932718015092,-3.3563868112743958,4.1933139377821735,4.001750233281306,-3.3563868112743958,-3.3563868112743958,1.185142450277203,5.880963238226092,-3.3563868112743958,-3.3563868112743958,-3.3563868112743958,4.34056801033977,2.937756108436287
MSM9VZME,-3.534740796142067,7.681481080015007,-3.534740796142067,-3.534740796142067,7.615368574909443,0.00892385191097489,5.691202623762075,-3.534740796142067,-3.534740796142067,-3.534740796142067,-3.534740796142067,-3.534740796142067,8.638670192396475,1.3747931244948113,-3.534740796142067,-3.534740796142067,-3.534740796142067,6.4394897988435655,-3.534740796142067,4.538555451795587,-3.534740796142067,-3.534740796142067,8.143493727478136,6.71599245440342,8.403558117173503,7.291611247565404,-3.534740796142067,-3.534740796142067,-3.534740796142067,-3.534740796142067,6.374253053091225,3.1537315336130387,4.918904223378934,-3.534740796142067,1.5577509926438147,3.0099400599082093,-3.534740796142067,3.52957862457938,0.7310676143390786,4.238440102697388,0.8663940581510126,3.4902259854019837,-3.534740796142067,1.1682811575787984,-3.534740796142067,-3.534740796142067,-3.534740796142067,7.362636502053623,1.0138066712774148,-3.534740796142067,2.148603991741055,1.093035003995702,3.03748889340715,-3.534740796142067,-3.534740796142067,-3.534740796142067,-3.534740796142067,-3.534740796142067,-3.534740796142067,7.345970799191413,5.159542968152604,-3.534740796142067,1.4585100572073433,0.21443144706033657,-3.534740796142067,-0.7636908916642806,1.663243089335161,0.8738117297187085,-3.534740796142067,4.135357155316691,-3.534740796142067,5.1260668270849115,5.152055850463725,5.294588603608268,-3.534740796142067,-3.534740796142067,7.148253771351355,4.940092006850337,-3.534740796142067,-3.534740796142067,-3.534740796142067,-3.534740796142067,-3.534740796142067,-3.534740796142067,2.5562603742232906,0.6419724813389891,-3.534740796142067,-3.534740796142067,4.114365903766701,-3.534740796142067,3.268024289661515,4.941273619006368,-3.534740796142067,-3.534740796142067,-3.534740796142067,7.36859419739113,-3.534740796142067,-3.534740796142067,-3.534740796142067,-3.534740796142067,-3.534740796142067
MSM9VZMI,-2.965909190391743,7.656686478594372,-2.965909190391743,-2.965909190391743,8.287729968062788,3.1120781806770914,6.8123942338664705,0.29021472467334064,-2.965909190391743,-2.965909190391743,-2.965909190391743,-2.965909190391743,9.42202600152951,2.057279802780764,-2.965909190391743,-2.965909190391743,-2.965909190391743,8.96683396454789,-2.965909190391743,5.066911625652442,-2.965909190391743,-2.965909190391743,8.295014169742599,6.361143657150182,9.513100740941542,7.311301691304646,-2.965909190391743,-2.965909190391743,-2.965909190391743,-2.965909190391743,4.724730699938517,1.749157004591778,4.497456579324518,-2.965909190391743,-2.965909190391743,-2.965909190391743,-2.965909190391743,2.382669137342104,0.4504255357179616,4.3642862924064465,2.2498847981597265,-2.965909190391743,-2.965909190391743,0.9736998741715297,-2.965909190391743,-2.965909190391743,-2.965909190391743,6.832405921175956,1.2195931234346808,-2.965909190391743,2.6535382260622224,6.423562433037651,-2.965909190391743,-2.965909190391743,-2.965909190391743,-2.965909190391743,-2.965909190391743,-2.965909190391743,-2.965909190391743,5.712958090939143,3.5738947390760174,0.3998211852094169,-2.965909190391743,-2.965909190391743,-2.965909190391743,-2.965909190391743,-2.965909190391743,3.369678556625611,-0.7781211319847579,2.3940383844908215,-2.965909190391743,5.604427330926765,4.555467379597895,5.396282006361438,-2.965909190391743,-2.965909190391743,7.15585904930119,4.55051888820794,-2.965909190391743,-2.965909190391743,-2.965909190391743,-2.965909190391743,-2.965909190391743,-2.965909190391743,2.2031051589103274,-2.965909190391743,-2.965909190391743,-2.965909190391743,2.0372922015738872,-2.965909190391743,1.1336871071461214,-2.965909190391743,-2.965909190391743,-2.965909190391743,-2.965909190391743,5.6145608958837405,-2.965909190391743,-2.965909190391743,-2.965909190391743,-0.8600570056632648,1.2511045316225236
MSM9VZMM,-3.8677257927296846,5.060879012788922,-3.8677257927296846,5.561655961067659,6.631647033019918,2.252688821203156,5.478021898542826,-3.8677257927296846,-3.8677257927296846,-3.8677257927296846,3.543619599831681,5.08462238816442,7.696967718535607,7.0401259137723855,-3.8677257927296846,-3.8677257927296846,6.9689070032238885,-3.8677257927296846,7.5383750134238054,4.980230226662391,-0.16298341882410483,7.742944074767647,-0.8912482678328821,8.478172469773554,7.245897093373598,4.750365748861862,6.586859849877545,-3.8677257927296846,-3.8677257927296846,2.432404324536966,3.27126591570216,0.7786154908004121,-3.8677257927296846,-3.8677257927296846,-1.3902723965583323,0.1815563054887015,-3.8677257927296846,-3.8677257927296846,-3.8677257927296846,-3.8677257927296846,-3.8677257927296846,-3.8677257927296846,-3.8677257927296846,-3.8677257927296846,-3.8677257927296846,-2.042338647170526,-3.8677257927296846,-3.8677257927296846,-3.8677257927296846,0.38603070272788464,-3.8677257927296846,0.40853548468145817,-3.8677257927296846,4.355235538953375,-2.277695464742772,-3.8677257927296846,3.3228173785071773,5.406287668732923,-3.8677257927296846,7.473081312383417,0.14963813740497223,3.6750087252492296,-3.8677257927296846,-0.998884720834095,-3.8677257927296846,-3.8677257927296846,-3.8677257927296846,-3.8677257927296846,-3.8677257927296846,1.1418997280682444,1.8804311172346555,5.70897154437244,2.8922951726791926,-3.8677257927296846,-3.8677257927296846,5.008797728849278,-3.8677257927296846,-3.8677257927296846,-3.8677257927296846,-3.8677257927296846,1.7416417346823039,3.081881420560193,5.2074728558861665,3.4761810906655457,-3.8677257927296846,-3.8677257927296846,2.6712667564256387,-3.8677257927296846,-3.8677257927296846,2.070014804520211,0.24084647378824187,3.5045730761271807,-2.1441385978643908,-3.8677257927296846,-3.8677257927296846,5.61647620953526,5.514022612912981,-1.0277068181572453,0.09976538744610686,2.232916945881783,2.2787433258543714
MSM9VZMO,-4.153473053994482,5.305725688344283,-4.153473053994482,6.570529276484681,7.335274439184689,3.3488162352075728,5.7376924939140554,-4.153473053994482,-4.153473053994482,-4.153473053994482,6.372761558911277,4.3974179120369525,7.205130525257476,7.125706132825428,-4.153473053994482,-4.153473053994482,6.2913696982815335,-4.153473053994482,7.064812729596442,2.441343051810458,-4.153473053994482,5.646006434044458,-0.716174589746533,7.442488749791339,5.833526186228358,4.7188537554460686,7.082395066754817,0.49622774199519526,-4.153473053994482,0.667780059536609,1.7024283751301157,-4.153473053994482,-4.153473053994482,-4.153473053994482,-4.153473053994482,-4.153473053994482,-4.153473053994482,-4.153473053994482,-4.153473053994482,-4.153473053994482,-4.153473053994482,-4.153473053994482,-4.153473053994482,-4.153473053994482,-4.153473053994482,-4.153473053994482,-4.153473053994482,-4.153473053994482,-4.153473053994482,-0.7590195716879293,0.8618933912090778,1.6712074392486507,1.9083624217133144,3.789961242941568,-4.153473053994482,-4.153473053994482,5.438690719065228,6.500299151660984,-4.153473053994482,7.185032209877804,-4.153473053994482,5.052679546087622,-4.153473053994482,-4.153473053994482,-4.153473053994482,-4.153473053994482,-4.153473053994482,-4.153473053994482,-4.153473053994482,0.28547532407251275,-4.153473053994482,5.753580763753204,2.659645963500563,-4.153473053994482,-4.153473053994482,4.885565854812093,-4.153473053994482,-4.153473053994482,2.621077878289963,-4.153473053994482,1.4209480871874725,5.815034049761023,4.964526106586909,1.028336208509904,-4.153473053994482,-4.153473053994482,1.4405494194196944,1.8878111605827508,-4.153473053994482,-0.8580523029479643,0.9200882108900714,3.09716898464697,2.4530742463230366,1.1239555683588964,3.2565356082943433,6.228436337885935,5.484980947625401,2.5442586673298626,2.6186675376879958,2.143176496680508,3.872647401331796
MSM9VZMS,-4.180967499808702,5.122837652590921,-4.180967499808702,6.061163017598641,7.302955692343381,2.806912012854295,5.501774019491693,-4.180967499808702,-4.180967499808702,2.2117111969946155,5.937661592496089,4.5418416176414675,6.9968186803256005,7.159350091151485,-4.180967499808702,-4.180967499808702,6.562485943714743,-4.180967499808702,7.257590979361018,1.3979606525615171,-4.180967499808702,6.032339086914073,0.14706450492024636,7.4028340851032315,5.951739690273028,3.9987363579939466,6.661180426215932,0.4307789465878695,-4.180967499808702,1.3956861787640946,0.69910763115241,-4.180967499808702,-4.180967499808702,-4.180967499808702,-4.180967499808702,-4.180967499808702,-0.2100032364219988,-4.180967499808702,-4.180967499808702,-4.180967499808702,-4.180967499808702,-4.180967499808702,-4.180967499808702,-4.180967499808702,-4.180967499808702,-4.180967499808702,-4.180967499808702,-4.180967499808702,-4.180967499808702,1.8053204956769573,-4.180967499808702,-4.180967499808702,-4.180967499808702,3.667214324697169,1.4438440968805875,-4.180967499808702,5.921502529262293,6.819704359059415,-4.180967499808702,7.246043983271892,-4.180967499808702,3.3458246856070017,-4.180967499808702,-4.180967499808702,-4.180967499808702,-4.180967499808702,-4.180967499808702,-4.180967499808702,-0.15663014473913783,1.2243083432717352,0.46311968083247734,5.6615138375795375,3.2590830793422736,-4.180967499808702,-4.180967499808702,5.574911683580649,-4.180967499808702,0.15365671316394014,-4.180967499808702,-4.180967499808702,1.3051832184621848,5.917884593322669,5.714114676674189,1.925983586609635,-4.180967499808702,-4.180967499808702,3.5357387472126085,2.6745165674231917,-4.180967499808702,2.233456691051707,3.314902820305896,2.6980078196291464,-2.21862973448944,-4.180967499808702,1.7573233445985972,5.660308889516226,5.232774459773195,1.6657591114271906,1.9138512615964425,2.9293117135386044,2.4450402362417245
MSM9VZMU,-4.285061466294495,4.83449627806543,-4.285061466294495,5.7749549104911475,7.091520177864575,2.70180850530625,5.281880382744154,-4.285061466294495,-4.285061466294495,0.6027292266920998,5.7094323919148,4.213938396839551,7.235389886678462,6.799094633189399,-4.285061466294495,-4.285061466294495,6.343371092787441,-4.285061466294495,6.807244784508194,1.3477750813344702,-1.467338889698155,6.265936022385955,-4.285061466294495,7.457110561132322,5.794091007411457,4.247996163474366,6.752407672150598,0.5244538886512675,-4.285061466294495,0.7932669357231266,1.873946828789916,-1.4202469601379928,-1.0300625512825867,-4.285061466294495,-4.285061466294495,-4.285061466294495,-0.6818839498760898,-4.285061466294495,-4.285061466294495,-4.285061466294495,-4.285061466294495,-0.644134653746951,-4.285061466294495,-0.19882253258538007,-4.285061466294495,-4.285061466294495,-4.285061466294495,-4.285061466294495,-0.94789980897907,-4.285061466294495,-4.285061466294495,0.4205463588521301,-1.7042712654108474,3.437793358127519,0.7114370670752201,-4.285061466294495,5.489329593312432,6.650538531360873,-4.285061466294495,7.350213087288683,-4.285061466294495,3.9267350657064126,-4.285061466294495,-4.285061466294495,2.038407853494543,-4.285061466294495,-4.285061466294495,-4.285061466294495,-4.285061466294495,0.8799161968299885,1.4955145453831253,5.445640619411509,2.790845934531532,-4.285061466294495,-4.285061466294495,5.461965360790445,-4.285061466294495,0.9144724783955365,-4.285061466294495,-4.285061466294495,0.8896672687807978,5.172066642643694,5.638824567909199,2.28339214331771,-4.285061466294495,-2.057965392075044,3.5898181349287004,2.325822428342822,-4.285061466294495,1.8887684649364642,0.5367148353804474,2.514326557654849,1.5121923468900729,-4.285061466294495,-4.285061466294495,5.697613829746894,5.487974135268005,-1.4088125065822652,0.9993046924692912,1.9583788973331187,1.2878928041514897
MSM9VZMW,-4.3077177257420605,5.874170362955773,-4.3077177257420605,6.627695501598028,7.498400254062391,3.2980259305453874,6.543611839068298,-4.3077177257420605,-4.3077177257420605,-4.3077177257420605,6.98660552830213,3.8098641932683766,6.948792782638481,6.213601542097079,-4.3077177257420605,-4.3077177257420605,5.20999491375756,-4.3077177257420605,6.87975019055929,-0.1628157944922517,-4.3077177257420605,5.137025148933198,-0.972682351323158,7.1507610741714736,5.2337619400352295,4.152008244387223,6.8390494539107864,2.836122087809952,-4.3077177257420605,1.5418737381559602,2.1085988497800354,-4.3077177257420605,-2.51041674633605,-4.3077177257420605,-4.3077177257420605,-4.3077177257420605,-4.3077177257420605,-4.3077177257420605,-4.3077177257420605,-4.3077177257420605,-4.3077177257420605,-4.3077177257420605,-4.3077177257420605,1.4555985986104947,-1.4920680154668116,-4.3077177257420605,-4.3077177257420605,-4.3077177257420605,-1.1486186879300924,-4.3077177257420605,-4.3077177257420605,1.7696508407109244,0.0982223035251959,3.8067067169452065,0.6225041516513112,-1.8506376971204617,5.459503181567469,6.673079522697126,-4.3077177257420605,6.585183213194593,-4.3077177257420605,3.4765506733711584,-4.3077177257420605,-4.3077177257420605,1.3109368246856015,-4.3077177257420605,-4.3077177257420605,-4.3077177257420605,-4.3077177257420605,-1.7366319075771894,2.2211585172208457,5.587621735392835,2.336177760573273,-4.3077177257420605,-4.3077177257420605,4.150364926465842,-4.3077177257420605,0.32677333012832044,3.8991050164600525,-4.3077177257420605,0.3547287425689607,5.472079084473331,4.723347961679954,0.8806747465325593,-4.3077177257420605,-4.3077177257420605,1.9199029523267477,2.626675883503064,-4.3077177257420605,-1.276102123189954,0.7397266995120884,2.835724518820072,1.2839024840947264,0.46955689742715556,-4.3077177257420605,5.031432730688624,6.184709607582478,1.2191620796778455,1.5304981587214481,2.53065905622959,3.60248531152682
MSM9VZNH,-4.882955503268928,-4.882955503268928,-4.882955503268928,-4.882955503268928,2.6664858121271227,-4.882955503268928,0.5539791529687221,1.7553955119399314,-4.882955503268928,0.8594911232343332,-4.882955503268928,4.116704268056786,-2.583164725364705,-4.882955503268928,5.739102839296887,-4.882955503268928,1.1868320016519744,-4.882955503268928,-4.882955503268928,-4.882955503268928,2.9484419567524203,3.1113946655391604,2.0288101632740307,5.142336977768385,5.483200660695799,3.6232885572382214,1.3159224548735713,5.57140015955148,3.5459732876994323,4.645295780275194,2.2160721167160897,-4.882955503268928,-4.882955503268928,2.8145635893664185,2.555261433473661,-4.882955503268928,3.192553564225964,-4.882955503268928,-4.882955503268928,-4.882955503268928,-4.882955503268928,1.847673166080308,-4.882955503268928,4.240823355438684,4.134183436438257,3.3850739114198536,-4.882955503268928,-4.882955503268928,2.4238919794427503,3.9941894504199214,-4.882955503268928,3.2672898726424036,2.501735732854545,4.298236817798398,3.7298605061034706,1.4432353126588167,3.9099186022010306,-4.882955503268928,2.5025675094949733,7.244438725533574,-4.882955503268928,6.901953768791332,2.496601822011349,-4.882955503268928,3.9924610829414133,-4.882955503268928,-4.882955503268928,2.7205853285541526,3.1862784425729513,-0.22748378214806664,2.8796266025588304,-4.882955503268928,-4.882955503268928,-4.882955503268928,-4.882955503268928,4.205772074517712,-4.882955503268928,2.6936372421793786,1.0871423646863336,-4.882955503268928,-4.882955503268928,2.4946697898592793,4.266106387903818,4.967042484115258,-4.882955503268928,-4.882955503268928,0.9761087273164009,2.1912361819411768,-4.882955503268928,-4.882955503268928,3.335604376803863,3.6295248450932567,1.725520851281833,4.384206494046094,1.19655878924178,7.561504532267199,-4.882955503268928,2.6860534919986927,3.2799212346412716,4.756263712278254,6.518863555415047
MSM9VZNH_TR,-4.653589819682262,-4.653589819682262,-4.653589819682262,-1.9599598591139582,3.092287201546015,-4.653589819682262,-0.3343165933294525,1.6458021669307081,-4.653589819682262,1.3589823625501554,-4.653589819682262,4.147735008583411,-4.653589819682262,-4.653589819682262,5.997830933575669,-4.653589819682262,0.682392312229263,-4.653589819682262,-4.653589819682262,-4.653589819682262,2.94371379099418,3.465287199239114,2.581146272626518,5.599948237469492,5.702329088805811,3.2996025022946878,1.9890970628468736,5.170571188889651,3.3358050173570115,4.761861335581347,1.6762906823826658,-4.653589819682262,-4.653589819682262,1.697360041868155,2.6557548629972887,-4.653589819682262,3.4122920505785546,-4.653589819682262,-4.653589819682262,-4.653589819682262,-4.653589819682262,2.5247273544302775,-4.653589819682262,3.5081537201019506,4.213223423198961,3.5638333608035078,-4.653589819682262,-4.653589819682262,2.6313352182333043,3.8952111859817036,-4.653589819682262,3.7015940560599683,-4.653589819682262,4.793027680356529,3.876980321098679,1.3225850300932933,4.012251282428474,-4.653589819682262,3.1311395811952547,7.55137142024076,-4.653589819682262,7.045318518763753,2.5258952793242377,-4.653589819682262,4.00330493826128,-4.653589819682262,-4.653589819682262,2.297109594475721,3.2535435543343993,-1.7716626699751536,3.4657129279392658,-4.653589819682262,-4.653589819682262,-4.653589819682262,-4.653589819682262,4.5100424744230745,-4.653589819682262,2.739550289089472,3.6832234790650427,-4.653589819682262,-4.653589819682262,3.267948512179223,4.504936470703972,5.109979657995431,-4.653589819682262,-4.653589819682262,-0.8766259134274588,2.0204139332117625,-4.653589819682262,-4.653589819682262,3.4166442255356584,3.810258779184478,0.8365575265802558,4.478632581716293,-4.653589819682262,7.9361028314959325,-4.653589819682262,2.9067610611493526,3.3454863044342007,4.688528394576526,6.605863174492238
MSM9VZNL,0.7514445759425845,0.059616861126901455,-5.135249992772282,1.4589680848731161,3.9970400687059637,-5.135249992772282,2.2437501515350684,0.8999836588350494,-5.135249992772282,-5.135249992772282,1.0356605916922996,4.883359360399824,2.332824194016407,-2.851859233780676,5.842148807174834,-5.135249992772282,1.4935221923695643,0.07405100233848394,-5.135249992772282,-5.135249992772282,2.7139288589538015,4.134904271362197,2.7897724624812312,6.380665660998579,4.977563575223757,2.415270929990923,3.4101695180781286,5.5704861262965855,3.647138617541275,3.817356042227388,2.4877485574884552,-5.135249992772282,-5.135249992772282,-5.135249992772282,2.427003819999947,-5.135249992772282,1.8150888962094065,0.5551984316420544,-5.135249992772282,-5.135249992772282,-5.135249992772282,2.8219387730016123,-5.135249992772282,4.043825732558119,3.8977447236819716,3.4920262085565,-5.135249992772282,-5.135249992772282,2.2512508219348915,4.35922365469098,-5.135249992772282,0.4605092999100133,0.0809060773644763,3.49585191609445,4.347368008628217,2.283538428950468,4.7327082693578255,0.3730564662175304,4.193914092200654,7.288613124902562,-5.135249992772282,2.280955593303508,2.533761254328005,-1.033156571698628,2.557146449136101,-5.135249992772282,-0.2564695400424988,1.7606672390143796,2.1861469722952913,-0.29634350810948895,-5.135249992772282,-5.135249992772282,-0.9596105798443375,1.2968340404932492,-5.135249992772282,5.337965079372708,-5.135249992772282,1.9574318328026648,-5.135249992772282,-5.135249992772282,-5.135249992772282,3.088152560321994,2.388838955258816,4.375509698780519,-5.135249992772282,-5.135249992772282,3.582213369602532,0.5886447953813203,-5.135249992772282,-0.058127302706060036,3.438199603137468,4.386577497009809,-5.135249992772282,1.4678258743782324,-0.45819829497181175,7.3088295014047215,-5.135249992772282,-5.135249992772282,-0.4170848834797187,2.7626731734658936,2.158585271076551
MSM9VZOG,7.474412677998966,-3.8747869226417144,-3.8747869226417144,0.2805706812521791,6.471459121683237,-3.8747869226417144,5.112182398940394,-2.053397148574449,-3.8747869226417144,1.1500603069978883,-3.8747869226417144,-3.8747869226417144,-3.8747869226417144,7.7143940164300435,-3.8747869226417144,1.079532851548434,-3.8747869226417144,-3.8747869226417144,0.16772188226957851,-3.8747869226417144,0.4019142963559652,-3.8747869226417144,8.378768383339736,2.0115274419726363,-0.264995010282151,-3.8747869226417144,-1.158818578614433,-3.8747869226417144,2.714521379073238,-3.8747869226417144,2.7146610371540616,-3.8747869226417144,-3.8747869226417144,-3.8747869226417144,-3.8747869226417144,-3.8747869226417144,-3.8747869226417144,-3.8747869226417144,0.08988245415251583,-3.8747869226417144,-3.8747869226417144,5.676440088778816,-3.8747869226417144,2.17151083214012,-0.8297538266571038,2.815909617967435,-3.8747869226417144,2.9508779677413637,3.973822851668638,3.471388990013291,-3.8747869226417144,-3.8747869226417144,0.3211476985778443,4.932483376314899,-3.8747869226417144,-3.8747869226417144,4.820903326754188,5.53141297253705,4.63016769400118,7.316276970718819,3.8165872954041484,4.285624654863765,0.3057353855228637,-3.8747869226417144,-3.8747869226417144,1.6231025077273884,-3.8747869226417144,-3.8747869226417144,0.22657820320042177,1.1399954364847034,2.4788993522929657,-3.8747869226417144,3.729887329730163,-1.8597576833502725,-3.8747869226417144,0.6326904864828933,1.6781360307901192,-3.8747869226417144,2.8063994370237744,-3.8747869226417144,0.0937297616080226,4.516903610749974,8.897026066948797,3.3771910629247968,-3.8747869226417144,0.0937297616080226,-3.8747869226417144,-3.8747869226417144,3.5676407980941454,-3.8747869226417144,-0.18070018035271218,4.035808831812226,3.4401090819501636,1.9944565720350518,0.4501101098773308,5.716032789354999,-1.873392141174758,3.150167465424267,3.9046426249283046,3.9502355703203635,6.6764937764154775
MSM9VZOI,9.01556169759705,-3.235590562300832,-3.235590562300832,-3.235590562300832,8.588403633799063,-3.235590562300832,5.626013745309782,-3.235590562300832,-3.235590562300832,-3.235590562300832,-3.235590562300832,-3.235590562300832,-3.235590562300832,9.050534137828876,-3.235590562300832,-3.235590562300832,-3.235590562300832,-3.235590562300832,-3.235590562300832,-3.235590562300832,-3.235590562300832,-3.235590562300832,9.165820793652038,-3.235590562300832,-3.235590562300832,-3.235590562300832,-3.235590562300832,-3.235590562300832,-0.8678300135537018,-3.235590562300832,3.9584871555059786,-3.235590562300832,-3.235590562300832,-3.235590562300832,-3.235590562300832,-3.235590562300832,2.327823666050037,2.7488276915423073,2.3229722521306773,-3.235590562300832,-3.235590562300832,5.64156916850693,-3.235590562300832,-3.235590562300832,1.355235219671128,4.19338258207988,-3.235590562300832,6.416937664437049,4.286837781261213,4.97472505668997,-3.235590562300832,3.812052123221118,-3.235590562300832,4.075221041519457,-3.235590562300832,3.2941015239272566,5.230162657119718,-3.235590562300832,5.805413921268323,7.177573789674008,5.036783638998516,3.4889656091086403,-3.235590562300832,-3.235590562300832,-3.235590562300832,4.005532843791903,-3.235590562300832,-3.235590562300832,2.107651138429288,0.8264797405050999,3.863544188376907,-3.235590562300832,3.4958873491703795,-3.235590562300832,-3.235590562300832,-3.235590562300832,3.685425316295297,-3.235590562300832,-3.235590562300832,-3.235590562300832,-3.235590562300832,3.9185318124053374,7.428087859634967,6.431493912358309,-3.235590562300832,-3.235590562300832,-3.235590562300832,-3.235590562300832,5.254807474341403,-3.235590562300832,0.8173889432669146,4.715173722644029,3.0058315692311233,4.285870608756425,-3.235590562300832,5.042542479021223,-3.235590562300832,5.197694179542765,3.621478132337721,6.470845368294042,-3.235590562300832
MSM9VZOK,6.957139796293646,-3.2196398152295256,-3.2196398152295256,-3.2196398152295256,7.2241433645664275,-3.2196398152295256,5.4234855769905135,3.296007540095177,-3.2196398152295256,3.5480467636343302,-3.2196398152295256,-3.2196398152295256,-3.2196398152295256,9.585127443676038,-3.2196398152295256,-3.2196398152295256,-3.2196398152295256,-3.2196398152295256,-3.2196398152295256,-3.2196398152295256,-3.2196398152295256,-3.2196398152295256,7.869570841972468,1.4470525498102553,1.2464835866327668,-3.2196398152295256,-3.2196398152295256,-3.2196398152295256,4.084236931867622,-3.2196398152295256,4.702877360514963,-3.2196398152295256,-3.2196398152295256,-3.2196398152295256,-3.2196398152295256,-3.2196398152295256,2.0255953312366533,-3.2196398152295256,-3.2196398152295256,-3.2196398152295256,-3.2196398152295256,2.285847099946759,-3.2196398152295256,-0.7006734098390357,3.506052874562924,4.625079600928365,-3.2196398152295256,7.467050716218426,4.060093337171765,2.9123125384592994,-3.2196398152295256,-3.2196398152295256,-3.2196398152295256,7.70913028024082,3.0725670045864213,1.3013386998277134,6.676737974921584,-3.2196398152295256,5.184129345548399,8.907200372317055,3.1790020715322234,-3.2196398152295256,-3.2196398152295256,-3.2196398152295256,-3.2196398152295256,2.4118724201004156,-3.2196398152295256,-3.2196398152295256,3.934400679869631,-3.2196398152295256,-3.2196398152295256,-3.2196398152295256,3.372589891138392,-3.2196398152295256,-3.2196398152295256,-3.2196398152295256,-3.2196398152295256,-3.2196398152295256,2.3595774710212396,-3.2196398152295256,-3.2196398152295256,7.889737630833988,8.04106026065904,5.90898262007826,-3.2196398152295256,-3.2196398152295256,-3.2196398152295256,-3.2196398152295256,3.9340875189555744,-3.2196398152295256,2.676415915242975,5.386871991423312,3.1531799708176385,0.6339851331224899,3.958300678973081,5.896572458767521,-3.2196398152295256,3.275946945688079,0.5883732542285731,5.721518848677616,-3.2196398152295256
MSM9VZOM,8.364716285907601,-2.5507220291678543,-2.5507220291678543,-2.5507220291678543,9.620498683352507,-2.5507220291678543,7.798826984492482,-2.5507220291678543,-2.5507220291678543,3.068524009766321,-2.5507220291678543,-2.5507220291678543,-2.5507220291678543,9.969959343564938,-2.5507220291678543,-2.5507220291678543,-2.5507220291678543,-2.5507220291678543,-2.5507220291678543,-2.5507220291678543,-2.5507220291678543,-2.5507220291678543,9.771013416112146,-2.5507220291678543,1.4120883874289891,-2.5507220291678543,-2.5507220291678543,-2.5507220291678543,3.087979263011885,-2.5507220291678543,4.920466152935598,-2.5507220291678543,-2.5507220291678543,-2.5507220291678543,-2.5507220291678543,-2.5507220291678543,2.5484596271354594,-2.5507220291678543,-2.5507220291678543,-2.5507220291678543,-2.5507220291678543,-2.5507220291678543,-2.5507220291678543,1.3142079918648353,-2.5507220291678543,2.719937089837561,-2.5507220291678543,6.8036732127869595,3.6687476580570015,4.073481270247844,-2.5507220291678543,-2.5507220291678543,2.468665564770914,6.961699585960583,-2.5507220291678543,-2.5507220291678543,8.38706631265709,-2.5507220291678543,4.867980523964877,8.582559233443806,1.333305261463746,3.6511017799606833,-2.5507220291678543,-2.5507220291678543,-2.5507220291678543,-2.5507220291678543,-2.5507220291678543,-2.5507220291678543,2.5737028294696778,-2.5507220291678543,-2.5507220291678543,-2.5507220291678543,4.79030949068403,-2.5507220291678543,-2.5507220291678543,-2.5507220291678543,4.748777152695078,-2.5507220291678543,-2.5507220291678543,-2.5507220291678543,-2.5507220291678543,3.7637474265330377,7.532271424005952,7.11834146767788,-2.5507220291678543,-2.5507220291678543,5.169576899688539,-2.5507220291678543,-2.5507220291678543,-2.5507220291678543,2.7504574491626315,4.9690602186385435,-2.5507220291678543,-2.5507220291678543,-2.5507220291678543,7.219431879388805,-2.5507220291678543,-2.5507220291678543,-2.5507220291678543,3.98308162488184,0.8846604526953623
MSM9VZOO,-3.434262063432513,-3.434262063432513,-3.434262063432513,-3.434262063432513,8.31272782538104,-3.434262063432513,3.7047162845490966,3.862085457804615,-3.434262063432513,-3.434262063432513,-3.434262063432513,-3.434262063432513,-3.434262063432513,8.600726762061491,-3.434262063432513,-3.434262063432513,-3.434262063432513,-3.434262063432513,-3.434262063432513,-3.434262063432513,-3.434262063432513,-3.434262063432513,9.282691568388069,-3.434262063432513,0.6444786952021637,7.361350639291388,-3.434262063432513,-3.434262063432513,3.9650128477012325,-3.434262063432513,4.838995738821424,1.6402513806138526,-3.434262063432513,-3.434262063432513,-3.434262063432513,-3.434262063432513,0.5994094539621759,-3.434262063432513,-3.434262063432513,-3.434262063432513,-0.34205116732342944,4.341354946131523,-3.434262063432513,-3.434262063432513,0.9133455964599619,3.8907257793959946,-3.434262063432513,7.388706311426997,2.2131110276577886,3.351304535495556,4.078212553980591,3.80538610577206,3.327027573501196,5.668524763125837,-3.434262063432513,1.4127130191311128,6.883257579830909,-3.434262063432513,4.704211248205427,8.12906800287792,2.4731376077097647,6.515953297164097,-3.434262063432513,-3.434262063432513,2.7827669207367887,2.7660477873038163,-3.434262063432513,-3.434262063432513,3.7788129755733086,-3.434262063432513,3.1723935600780777,-3.434262063432513,2.1291761979604225,-3.434262063432513,-3.434262063432513,-3.434262063432513,2.6770953462012965,-3.434262063432513,-3.434262063432513,-3.434262063432513,-3.434262063432513,5.07127230316264,4.833485940087056,7.472426079539556,-3.434262063432513,1.9030508265295971,-3.434262063432513,-3.434262063432513,4.142289566337926,-3.434262063432513,2.165379413657071,-3.434262063432513,3.0047116778641865,-3.434262063432513,-3.434262063432513,4.700460986100657,-3.434262063432513,4.510495809678224,3.3377500064507233,5.480660098987904,3.389702558218593
MSM9VZOQ,-2.8905328940696737,-2.8905328940696737,-2.8905328940696737,-2.8905328940696737,8.111296210954434,-2.8905328940696737,6.08055330486124,-0.3157766575712344,-2.8905328940696737,-2.8905328940696737,-2.8905328940696737,-2.8905328940696737,-2.8905328940696737,9.175542272037207,-2.8905328940696737,-2.8905328940696737,-2.8905328940696737,-2.8905328940696737,-2.8905328940696737,-2.8905328940696737,-2.8905328940696737,-2.8905328940696737,9.314535207819736,-2.8905328940696737,2.028095727946255,7.09398967594516,-2.8905328940696737,-2.8905328940696737,-2.8905328940696737,-2.8905328940696737,5.780774508828694,2.7219837392841395,-2.8905328940696737,-2.8905328940696737,-2.8905328940696737,-2.8905328940696737,-2.8905328940696737,-2.8905328940696737,-2.8905328940696737,-2.8905328940696737,-2.8905328940696737,6.905499716249879,-2.8905328940696737,1.6687935813746382,-2.8905328940696737,-2.8905328940696737,-2.8905328940696737,8.607657914969113,2.203067036672744,3.538596376958356,-2.8905328940696737,-2.8905328940696737,-2.8905328940696737,7.47949689588195,2.984744075445418,-2.8905328940696737,6.719090709067778,-2.8905328940696737,6.06958155520622,8.990744585104261,3.465458209252513,5.699066464054372,-2.8905328940696737,-2.8905328940696737,-2.8905328940696737,-2.8905328940696737,-2.8905328940696737,-2.8905328940696737,-2.8905328940696737,-2.8905328940696737,-2.8905328940696737,-2.8905328940696737,4.759191284059661,-2.8905328940696737,-2.8905328940696737,-2.8905328940696737,2.7970592284224907,-2.8905328940696737,-2.8905328940696737,-2.8905328940696737,2.9708568402356335,6.604106631492464,9.125094819166682,5.507106873198691,-2.8905328940696737,1.7609529838180382,-2.8905328940696737,-2.8905328940696737,3.8419677577742,-2.8905328940696737,3.009210285302557,4.86678309861332,2.9992736232620087,-2.8905328940696737,-2.8905328940696737,6.47276134163305,-2.8905328940696737,3.897147107972745,3.3713651287073656,5.5142655226062764,3.1741715838496205
MSM9VZPT,3.8240033427829916,2.438802112589884,4.109373686930768,4.733758000570427,6.900484797180484,-1.0018187878921818,5.994127677006556,2.211404050678542,-0.5996172759763656,3.1542683933456903,5.601532028166672,6.257451656106175,4.433039178314015,4.218049312008548,-4.3112302343472155,5.810163999335967,-4.3112302343472155,4.248061050986268,-4.3112302343472155,-4.3112302343472155,6.3868611147961465,-4.3112302343472155,2.8872496399816354,4.100649723649586,5.2928169092268895,0.2541523764210183,7.094326839901459,-4.3112302343472155,-4.3112302343472155,6.371998499473099,3.44151021136621,1.108725303634472,2.780724020062862,-4.3112302343472155,-4.3112302343472155,-4.3112302343472155,-4.3112302343472155,-4.3112302343472155,-4.3112302343472155,-4.3112302343472155,-4.3112302343472155,5.015096407422178,-4.3112302343472155,-4.3112302343472155,-4.3112302343472155,-4.3112302343472155,2.799135574458764,-4.3112302343472155,-4.3112302343472155,-4.3112302343472155,3.4232525399230997,3.910742834992356,2.8883444115921737,3.5894296166065134,-4.3112302343472155,-4.3112302343472155,6.413182348703552,6.21009603501593,-4.3112302343472155,5.967269474314131,1.2477685122105289,-4.3112302343472155,-4.3112302343472155,-4.3112302343472155,3.6770243234585553,1.6135462177868938,2.082506370427204,1.1000399410310227,2.485301393137447,3.369550766637235,-4.3112302343472155,-4.3112302343472155,5.167425021606491,6.232975668915014,-4.3112302343472155,-4.3112302343472155,-4.3112302343472155,1.6017319227144355,-4.3112302343472155,-4.3112302343472155,3.0143686682978013,3.2271665791651962,-4.3112302343472155,-4.3112302343472155,-4.3112302343472155,2.309106087777538,7.560242858816481,-4.3112302343472155,3.946346176106726,-4.3112302343472155,1.7063265470211944,6.5590341559363825,-4.3112302343472155,-4.3112302343472155,-4.3112302343472155,7.769942933942797,-4.3112302343472155,-4.3112302343472155,-4.3112302343472155,-4.3112302343472155,-4.3112302343472155
MSMA26BB,-4.875321718560759,3.2591405737480406,-4.875321718560759,4.598531631780978,5.864802407006675,1.1818385726714045,3.3113803276543807,-1.3227604873527827,-4.875321718560759,1.0254695164373953,3.9595490623835943,3.3638364315968747,6.367535595762924,5.647352330237574,-4.875321718560759,-4.875321718560759,5.23316692567918,-4.875321718560759,5.826553429671549,0.5132358840479743,-2.0308609816679386,4.855100121205882,-4.875321718560759,6.702407875480758,4.641043008658776,4.501374454067061,5.20502406518156,1.237589217053574,-4.875321718560759,0.13780266956007559,2.3421023236368974,-0.029571906965273342,-4.875321718560759,4.139680859222028,-4.875321718560759,-4.875321718560759,0.21795505753850364,-4.875321718560759,-4.875321718560759,-4.875321718560759,-4.875321718560759,-0.47526588956792004,-4.875321718560759,-0.5029796164037119,-0.05699560648116275,-0.5119611605008139,-4.875321718560759,-4.875321718560759,-0.25932473762152775,0.29733427362919684,-4.875321718560759,-4.875321718560759,-0.6937979026376997,4.400883542449109,1.9380055087996029,-1.5423719290382287,5.080773417818257,7.301677106552857,-4.875321718560759,7.071491790423009,-4.875321718560759,3.752972809787865,-4.875321718560759,-1.711147135695942,1.3230143880768983,-4.875321718560759,-4.875321718560759,-4.875321718560759,-0.570342366675801,0.5141601492512073,1.7010272562196977,4.582778816823078,2.0628953800754877,-4.875321718560759,-4.875321718560759,4.594198905877355,-4.875321718560759,-0.7742424586256433,-1.3055127950498626,-4.875321718560759,-0.6769361969408347,5.380743016150667,6.136018773654584,3.1229213205510042,-4.875321718560759,-4.875321718560759,2.0960116883318918,3.910765439982468,-4.875321718560759,0.9728614389357988,1.0536028318370612,2.3859732082324916,0.6699670041312054,1.718771641752137,1.317651207547942,5.1361214017143055,4.462112224374883,0.7777799120657427,0.8894768149463772,1.7814398649162886,2.7837844085377723
MSMA26BD,-3.701214423542078,5.047433622151451,-3.701214423542078,5.896744265063371,7.325133739337731,3.43705143108369,5.47987748730235,-3.701214423542078,-3.701214423542078,3.018434808461545,4.919965204411015,4.164826252268602,7.157200261662073,7.018542255672321,-3.701214423542078,-3.701214423542078,6.4122591929477775,-3.701214423542078,7.322291054150307,1.2336658260747875,-0.19015029829662922,6.168384236710285,-0.14858291657290934,7.496460511141123,6.184907009779739,5.188253510887841,6.711547005642839,-3.701214423542078,-3.701214423542078,-3.701214423542078,0.901666115641623,-3.701214423542078,-3.701214423542078,-3.701214423542078,-3.701214423542078,-3.701214423542078,-3.701214423542078,-3.701214423542078,-3.701214423542078,-3.701214423542078,-3.701214423542078,-3.701214423542078,-3.701214423542078,-3.701214423542078,-3.701214423542078,-3.701214423542078,-3.701214423542078,-3.701214423542078,-3.701214423542078,-3.701214423542078,-3.701214423542078,-3.701214423542078,-3.701214423542078,5.574293244528261,-3.701214423542078,-1.6212309539862755,5.852853779255587,7.587951440342916,-3.701214423542078,8.623847779833573,-3.701214423542078,3.2835703058887855,-3.701214423542078,-3.701214423542078,4.443259010644641,-3.701214423542078,-3.701214423542078,-3.701214423542078,-3.701214423542078,0.6026779195155534,2.6472244144352217,5.85033836020318,3.404274643506258,-3.701214423542078,-3.701214423542078,5.506925294268871,-3.701214423542078,-0.6376395443120337,2.0938736725645377,-3.701214423542078,-0.04114547288481596,7.039546587210243,7.658881169584602,3.9570297968629466,-3.701214423542078,-3.701214423542078,4.88488489627676,5.084649512645534,-3.701214423542078,2.6972751084904685,-3.701214423542078,4.359537386853925,-3.701214423542078,-3.701214423542078,-3.701214423542078,6.890069657450797,5.604596790937126,-3.701214423542078,-3.701214423542078,-3.701214423542078,1.473337919175897
MSMA26BF,-4.031675509763648,4.286577290592418,-4.031675509763648,5.530891851352273,6.387870812829397,2.809003126757978,4.581954816931855,-0.17282084758781835,-4.031675509763648,3.4669359875405323,4.660899484547805,4.204924782935284,7.379026141999052,7.136514936228782,-4.031675509763648,-4.031675509763648,5.993056935710978,-4.031675509763648,6.835125360285977,1.4304580611824331,-2.1923195122287424,2.4688813855696443,-4.031675509763648,7.271227725225697,5.80865854977635,5.934294247929346,6.614239256703602,-1.4581745597066824,-4.031675509763648,-4.031675509763648,2.7266887624514435,0.026941856656041097,-4.031675509763648,-4.031675509763648,-4.031675509763648,-4.031675509763648,-4.031675509763648,-4.031675509763648,-4.031675509763648,-4.031675509763648,-4.031675509763648,-4.031675509763648,-4.031675509763648,1.2690686959131199,-1.0292473374209994,0.7114150846802847,-4.031675509763648,-4.031675509763648,-1.3411035539064446,1.2328857709960115,-4.031675509763648,-4.031675509763648,-4.031675509763648,4.067608824411591,-4.031675509763648,-4.031675509763648,7.019329008101128,6.94346894050118,0.40578806972029646,8.464607379089992,-4.031675509763648,3.0770154634715405,-4.031675509763648,-4.031675509763648,2.136732388265526,-4.031675509763648,-4.031675509763648,-4.031675509763648,0.9174196738909419,0.9028826880624425,-4.031675509763648,4.985916478482937,2.7659693569957824,-4.031675509763648,-4.031675509763648,5.432328751373626,-4.031675509763648,-4.031675509763648,1.7324204900641131,-4.031675509763648,-4.031675509763648,6.162086405290584,6.254080262303562,3.984753521482224,-4.031675509763648,-4.031675509763648,3.840793657288237,3.9658001557334277,-4.031675509763648,1.9888094089071489,1.1523527775880495,3.592431824275401,-4.031675509763648,-4.031675509763648,-4.031675509763648,6.349640151450073,5.349365504133825,-1.924341963997355,-0.06506429077561826,1.5515559694561567,1.8294474396146736
MSMA26BH,-3.731855730735832,4.739296394303391,-3.731855730735832,6.413350007655655,7.148440676611466,3.530446200412107,5.166815702414339,-3.731855730735832,-3.731855730735832,2.6498643695897597,5.259362049502989,4.6062875719034055,7.766164432111025,7.117084518130888,-3.731855730735832,-3.731855730735832,6.5158931001311275,-3.731855730735832,7.660556110847673,2.5602986346295715,-1.8667181604547594,4.465519134861516,-3.731855730735832,7.543403109943721,6.216491082387527,6.701205755391774,7.061392271310108,-3.731855730735832,-3.731855730735832,-3.731855730735832,1.3070192828295752,-3.731855730735832,-3.731855730735832,-3.731855730735832,-3.731855730735832,-3.731855730735832,-3.731855730735832,-3.731855730735832,-3.731855730735832,-3.731855730735832,-3.731855730735832,1.327760246535444,-3.731855730735832,-3.731855730735832,-3.731855730735832,1.9215457149552435,0.6839841031181955,-3.731855730735832,-3.731855730735832,-0.24046810623071124,-3.731855730735832,-3.731855730735832,-3.731855730735832,5.14395067060397,-3.731855730735832,-3.731855730735832,5.380185170275312,8.260109021906581,-3.731855730735832,8.278060354279864,-3.731855730735832,2.0685405932145233,-3.731855730735832,-3.731855730735832,-3.731855730735832,-3.731855730735832,-3.731855730735832,-3.731855730735832,-3.731855730735832,0.6092085805616758,-3.731855730735832,5.744353453310349,4.0396288421781765,-3.731855730735832,-3.731855730735832,5.846311621054495,-3.731855730735832,-3.731855730735832,-3.731855730735832,-3.731855730735832,1.5107342034437732,5.143456351002981,5.317462956528153,3.4136541732609125,3.586746131786997,-1.6185243115151842,3.163088261523688,3.7538889100616304,-3.731855730735832,2.397126970588465,0.11998932072487456,2.5084824788956235,-3.731855730735832,-3.731855730735832,4.500787098598659,6.712118756281765,5.261410628009684,-3.731855730735832,-3.731855730735832,-3.731855730735832,0.39258928953002403
MSMA26BJ,-4.477241594077972,2.966503178228349,-4.477241594077972,4.205776674672842,5.85183577998424,0.5659816682340573,3.522341112687661,-4.477241594077972,-4.477241594077972,-4.477241594077972,3.1907070525106374,3.342248979896903,6.019867292009339,6.209361942024062,-4.477241594077972,-4.477241594077972,5.8228950955699235,-4.477241594077972,6.105348883979592,0.6151272941316428,-1.4411422779216725,3.780189527673226,-4.477241594077972,6.735808760253785,5.200832619030039,4.9455850997581,5.499923628306066,2.2953327784314252,-4.477241594077972,1.8740302451953355,1.5614769129351078,-4.477241594077972,-4.477241594077972,-4.477241594077972,-4.477241594077972,-4.477241594077972,-1.416778844809114,-4.477241594077972,-4.477241594077972,-4.477241594077972,-4.477241594077972,-1.2528666227283445,-4.477241594077972,0.09148836155971729,1.7193040797282215,0.7906173104578382,-4.477241594077972,-4.477241594077972,0.1820676993526682,1.9557155035108078,-4.477241594077972,-0.3515667900667889,1.321521144948706,5.782948301164327,-1.4560504423635532,-1.8952838480518661,6.363956849807927,7.447863168929057,0.7692116475875732,7.871308381314243,-4.477241594077972,3.19401541859272,-4.477241594077972,-4.477241594077972,2.9208234127605577,-4.477241594077972,-4.477241594077972,-4.477241594077972,-4.477241594077972,-0.3014135952736918,1.7718648299027207,4.218848137898121,2.1305579405072805,-4.477241594077972,-4.477241594077972,4.775061342302255,-4.477241594077972,-1.910941492478612,-4.477241594077972,-4.477241594077972,-0.5211169405089482,5.021765003634842,7.027292270187695,4.456010572421032,-4.477241594077972,-4.477241594077972,5.346397535101957,3.903524891757873,-4.477241594077972,2.304462337690273,1.1250095413383878,2.7913165065949546,-4.477241594077972,0.061207127481429424,4.76932244482511,5.49215989065343,4.819927660472336,0.9529983807829598,-0.21964098412404987,1.0404321706358424,2.6490496179520537
MSMA26BL,-4.194524277956832,3.8033146266733535,-4.194524277956832,3.48560622935981,6.620232620382367,-0.41969530449775405,4.15060678855916,0.19434400994414425,-4.194524277956832,-4.194524277956832,-1.3332856081303675,6.647146769622969,5.353671123335472,7.288600882878461,0.284235659697627,-4.194524277956832,7.462828573006522,-4.194524277956832,6.70346872187106,2.041355353337786,-1.548021053937541,3.8705626169780016,-0.8797419800215369,7.3540378098520724,6.130628094628003,6.102137863118299,5.396519833774975,2.0227417617625267,-4.194524277956832,3.931333426658,3.4284861134783533,1.032325555580405,-4.194524277956832,-4.194524277956832,-4.194524277956832,-4.194524277956832,1.0605152555713975,-4.194524277956832,-4.194524277956832,-4.194524277956832,-4.194524277956832,-4.194524277956832,-4.194524277956832,0.38473200452213874,0.8857308384948919,-0.23376621660854902,-4.194524277956832,-4.194524277956832,-0.12660680405000235,1.6905706596988974,0.1698981850066712,2.909003206571623,-4.194524277956832,5.140708124107145,-4.194524277956832,-4.194524277956832,6.751242275793043,0.49315919974387157,-0.15323870722870403,8.103316071486809,-4.194524277956832,5.020722141745012,-0.5183538612481122,-1.5264789484604009,-4.194524277956832,-4.194524277956832,-4.194524277956832,-4.194524277956832,1.147492441954526,-2.318344550961161,2.8238249527213855,5.5630810670707245,-1.748260295903183,-4.194524277956832,-4.194524277956832,5.499932205173582,-4.194524277956832,-4.194524277956832,-4.194524277956832,-4.194524277956832,-4.194524277956832,-0.20303991823339373,2.6501874441089566,4.643620376494589,-4.194524277956832,-4.194524277956832,-4.194524277956832,-4.194524277956832,-4.194524277956832,6.00758117097366,0.34179624740729153,4.601401561008158,1.7175327723676332,0.9780984922717231,-4.194524277956832,4.811039431826914,5.918144666723592,2.8932224711529857,2.545199632088451,-4.194524277956832,4.9283913149248395
MSMA26BN,6.4829613795864365,2.6656681948002294,-4.334558068567938,-4.334558068567938,6.659057594221417,-4.334558068567938,4.997832940138738,-0.10009788434262745,1.95913140254617,-4.334558068567938,-4.334558068567938,4.420558724160122,6.658475515963906,-4.334558068567938,-4.334558068567938,-4.334558068567938,-4.334558068567938,-4.334558068567938,-4.334558068567938,-4.334558068567938,5.360886781799172,-4.334558068567938,3.2852093639015854,6.225969274946079,6.6888069674802075,-4.334558068567938,5.278184148763698,2.82557832226345,-4.334558068567938,2.4113798171879255,-4.334558068567938,-4.334558068567938,-4.334558068567938,0.21225294677341466,-4.334558068567938,1.1418393805033187,0.637593785234893,-1.5076819816716789,-4.334558068567938,-4.334558068567938,-1.7660773418961124,2.2765364287041256,-0.3207226055900385,3.026215001064764,-1.6084729121411456,4.525798140031298,-4.334558068567938,-4.334558068567938,3.535072681910073,1.0583980575658156,-4.334558068567938,-4.334558068567938,-4.334558068567938,4.014070771456123,1.3440200208839368,0.9917663406461799,7.3771480782919046,-0.3675144336203022,2.9851647472884446,8.412390119926167,1.94081994815782,-4.334558068567938,0.5264406565047199,-4.334558068567938,4.096970371144673,-4.334558068567938,1.3635520336488618,-4.334558068567938,1.4266711232548914,2.514740461911213,2.617652373997206,3.698591857647749,3.992342043868158,-1.53194341512439,-4.334558068567938,6.293385821987531,-4.334558068567938,1.495602849872606,2.024302467926388,-4.334558068567938,-0.22157629690958913,1.1204333430500597,4.740251188011509,2.808124319853171,4.065172492727029,3.5643510111008094,-4.334558068567938,5.354930118769703,-4.334558068567938,2.870109144142571,1.4477917064719978,4.225394111036399,-4.334558068567938,-4.334558068567938,0.33907123265853656,6.863436102316468,5.628282508606832,-4.334558068567938,-4.334558068567938,-4.334558068567938,-1.669976602693282
MSMA26BR,6.501543624172275,3.278948971500359,-4.2080181248994375,-4.2080181248994375,7.201686424348425,-4.2080181248994375,5.70312904559584,1.1703005148008074,-4.2080181248994375,-4.2080181248994375,-4.2080181248994375,5.6709009194079325,6.1949888064239484,0.6729354286255251,-4.2080181248994375,-4.2080181248994375,-4.2080181248994375,-4.2080181248994375,-4.2080181248994375,-0.23090859790322504,6.176485911816293,-4.2080181248994375,5.448107447727638,6.734757369813741,7.475026818419842,-0.09433020091572786,6.116256528270656,3.0664080393356095,-4.2080181248994375,1.343415564844344,-4.2080181248994375,-4.2080181248994375,-4.2080181248994375,-4.2080181248994375,-4.2080181248994375,-4.2080181248994375,-4.2080181248994375,-2.009730708581957,-4.2080181248994375,-4.2080181248994375,-4.2080181248994375,2.938766926622942,-0.24984898666368593,-0.30892266700483617,0.9966280060713117,4.576818719340831,-4.2080181248994375,-1.6116569790981892,3.0731849189455787,-0.31298781198176684,-4.2080181248994375,-4.2080181248994375,-4.2080181248994375,5.291759687681895,1.805666478766744,1.3978716081201021,7.5266431103929685,-4.2080181248994375,4.247281520764937,7.980607428734306,2.9780331557445123,-4.2080181248994375,1.7883820468554879,1.3538545247984999,4.633714082528991,-4.2080181248994375,2.091020987619947,-4.2080181248994375,2.618853360395991,2.8490930891722135,-4.2080181248994375,4.651972425593592,5.32752695520534,-0.8675429057313266,-4.2080181248994375,6.304385012171864,-4.2080181248994375,-4.2080181248994375,-4.2080181248994375,-4.2080181248994375,-0.46206367301094353,0.8064679562331136,4.939629668103135,3.334488533556316,4.077782369277086,3.922794253592179,-4.2080181248994375,2.046426912363434,0.2011009517130411,3.7334048291741873,1.5409730381452214,4.52661026346794,-4.2080181248994375,-4.2080181248994375,2.4009065599074715,6.901596368971781,5.681652861329722,-4.2080181248994375,-4.2080181248994375,-4.2080181248994375,-4.2080181248994375
MSMA26BT,1.9044735448259065,2.744110579857028,-3.888359157286203,-3.888359157286203,7.452630342786559,-3.888359157286203,5.219096841712863,-3.888359157286203,3.2744143488509065,-3.888359157286203,-3.888359157286203,6.392810923293988,6.979003723560858,-1.4281760143680131,-3.888359157286203,-3.888359157286203,-3.888359157286203,-3.888359157286203,-3.888359157286203,-3.888359157286203,7.260350250617215,-3.888359157286203,6.414251886626824,7.074282544107257,8.35076591254428,-3.888359157286203,5.7978350980173685,0.13399858682206833,-3.888359157286203,3.2890565732838786,-3.888359157286203,-3.888359157286203,-3.888359157286203,-3.888359157286203,-3.888359157286203,-3.888359157286203,-3.888359157286203,-3.888359157286203,-3.888359157286203,-3.888359157286203,-3.888359157286203,3.601208225620585,-3.888359157286203,1.4260406442995848,-3.888359157286203,4.867954417483838,-3.888359157286203,-3.888359157286203,3.580504875356384,-0.1717661716925356,-3.888359157286203,-3.888359157286203,1.9602707223106544,3.4792173543283873,-1.9814859271980865,2.004203711544328,6.816725197345255,4.042331668368691,5.396444911397129,8.06523860709033,1.8578945789507113,-3.888359157286203,3.3161871075314533,-3.888359157286203,0.9810237539233153,-3.888359157286203,0.5785627849218589,-3.888359157286203,-0.901754149268287,2.6848491588338055,2.9332630362699437,4.630511484080401,5.637309525708522,-3.888359157286203,-3.888359157286203,7.7383977056428845,-3.888359157286203,-1.4374571399097231,1.6884974547622065,-3.888359157286203,1.4543704623397673,-3.888359157286203,5.023145213753035,3.7798030608988,2.441180022514332,4.667666807510641,-3.888359157286203,2.2573242471464994,-3.888359157286203,3.019387504830892,0.2913964985794877,3.414479628528732,-3.888359157286203,-3.888359157286203,-3.888359157286203,6.636951096990021,6.226864663262861,-3.888359157286203,-3.888359157286203,1.739949412212562,2.035642250929036
MSMA26BV,6.463112637335701,3.156561120204419,-3.8373582628423186,-3.8373582628423186,7.178152617771508,-3.8373582628423186,5.382144720275431,-3.8373582628423186,-3.8373582628423186,1.9465535557855258,-3.8373582628423186,5.20917797717762,6.971381561120004,-3.8373582628423186,-3.8373582628423186,-3.8373582628423186,-3.8373582628423186,-3.8373582628423186,-3.8373582628423186,-3.8373582628423186,4.6775378716637634,-3.8373582628423186,4.506498322923173,6.498664045873959,7.3356102268990355,-3.8373582628423186,5.634554493562241,-3.8373582628423186,-3.8373582628423186,2.0626462592300605,-3.8373582628423186,-3.8373582628423186,-3.8373582628423186,-3.8373582628423186,-3.8373582628423186,-3.8373582628423186,-3.8373582628423186,-3.8373582628423186,-3.8373582628423186,-3.8373582628423186,-3.8373582628423186,3.545894390231708,-3.8373582628423186,2.180278672256213,0.9494788170552031,4.728242717478544,-3.8373582628423186,-3.8373582628423186,3.786532841617814,-3.8373582628423186,-3.8373582628423186,-3.8373582628423186,1.112389790229182,5.4787429327156,2.2179470243366843,2.190316957319153,8.46405971259081,-3.8373582628423186,3.824366608959325,8.77426486316177,1.0877490284962814,-3.8373582628423186,3.2887022899930933,-3.8373582628423186,4.476567359453458,-3.8373582628423186,1.9613645396557935,-3.8373582628423186,1.721223624064546,3.2848775391981544,-3.8373582628423186,4.5842407319978085,5.024341676775897,-0.5278793050939328,-3.8373582628423186,6.0404164821999515,3.9943243436316624,-3.8373582628423186,-3.8373582628423186,-3.8373582628423186,1.1406223637762274,-3.8373582628423186,4.820764559731305,3.12137344865586,5.442272231367789,3.8800690501734323,-3.8373582628423186,3.2284425803070755,1.0594711738643685,5.1578338766933145,2.58640816892618,5.436163517158915,-3.8373582628423186,-3.8373582628423186,1.4944613644975533,7.432112061742575,5.531596222758516,-3.8373582628423186,-3.8373582628423186,-3.8373582628423186,-3.8373582628423186
MSMA26BX,7.044438817034285,3.127908864838421,-3.974895147641,-3.974895147641,7.655999710989624,-3.974895147641,5.390603025432137,1.6246528740754869,1.9213936039327226,2.58301459897726,-3.974895147641,5.742520109365901,6.909068071938453,0.2660354241295071,-3.974895147641,-3.974895147641,-3.974895147641,-3.974895147641,-3.974895147641,-3.974895147641,5.438323592695967,-3.974895147641,4.6452450553485685,7.51596703234841,8.031845186816422,-3.974895147641,5.646191705457456,-3.974895147641,-3.974895147641,1.7416818413815118,-3.974895147641,-3.974895147641,-3.974895147641,-3.974895147641,-3.974895147641,-3.974895147641,2.3364038952643424,-3.974895147641,-3.974895147641,-3.974895147641,-3.974895147641,2.6497909239218247,-3.974895147641,2.754368307746625,-1.7079111943953755,4.255060025864166,-3.974895147641,-3.974895147641,2.4848997171821443,-3.974895147641,3.8045159453213007,-3.974895147641,-3.974895147641,3.3334462594719216,3.6067190337601707,0.9639752943840172,7.068813501466319,-0.278769502146778,3.08694964088442,7.60611181055938,3.7287924498290366,-3.974895147641,-3.974895147641,-3.974895147641,4.3318716732348435,-3.974895147641,1.9098647534678426,-3.974895147641,1.8825349886871683,3.8662154137236326,2.6804385262979453,4.630354072050079,5.887041325688743,0.6870826356492437,-3.974895147641,7.398444943678268,-3.974895147641,1.2658156187494978,-3.974895147641,-3.974895147641,0.13306002882951873,2.2851563643974098,6.2057701856879905,2.121251418613716,-3.974895147641,3.5146897409405433,-3.974895147641,2.82378804294283,-3.974895147641,2.1221895940741877,1.7892365834578996,4.565621601631641,-3.974895147641,-3.974895147641,-3.974895147641,7.185037679465909,6.506341419263831,-3.974895147641,-3.974895147641,-3.974895147641,-3.974895147641
MSMA26DG,-2.94624122678427,5.433272189217214,1.1499876710752304,7.02662957010374,8.220110773329356,1.1430138364020834,5.4920838207432565,-2.94624122678427,-2.94624122678427,2.096828278700178,-2.94624122678427,6.143807410066225,-2.94624122678427,6.142003591315216,-2.94624122678427,-2.94624122678427,4.526461663275381,-2.94624122678427,-2.94624122678427,-2.94624122678427,4.812664882938205,8.501745609909086,5.857210677016448,8.696342942619477,8.06418304766786,3.818577952050445,7.426195907409089,-2.94624122678427,-2.94624122678427,-2.94624122678427,4.4455705731938195,0.4170998895175657,-2.94624122678427,-2.94624122678427,-2.94624122678427,-2.94624122678427,-2.94624122678427,-2.94624122678427,-2.94624122678427,-2.94624122678427,-2.94624122678427,1.724697474928174,-2.94624122678427,-2.94624122678427,-2.94624122678427,-2.94624122678427,-2.94624122678427,5.3270498670816275,2.623283649510233,-2.94624122678427,3.382936144017182,-2.94624122678427,-2.94624122678427,-2.94624122678427,-2.94624122678427,1.100117555673135,6.456813274326729,-2.94624122678427,-2.94624122678427,10.173713382504092,-2.94624122678427,-2.94624122678427,-2.94624122678427,-2.94624122678427,-2.94624122678427,-2.94624122678427,4.392231028381505,-2.94624122678427,-2.94624122678427,1.8942947072555167,-2.94624122678427,5.853013090583474,4.157385793770396,-2.94624122678427,-2.94624122678427,6.101411958844504,-2.94624122678427,-2.94624122678427,-2.94624122678427,-2.94624122678427,-2.94624122678427,4.386307031991156,-2.94624122678427,2.0576500257317836,-2.94624122678427,1.121795689767243,-2.94624122678427,6.7321419126706115,-2.94624122678427,-2.94624122678427,0.5036366425090648,3.2876366719320913,-2.94624122678427,-2.94624122678427,-2.94624122678427,5.772862164244907,6.204187708350297,-2.94624122678427,-2.94624122678427,-2.94624122678427,-2.94624122678427
MSMA26DI,-4.166664208745525,3.1792975730587276,-4.166664208745525,4.49829065856074,5.980348025976522,-4.166664208745525,3.1903063528563242,0.03568174187086903,-4.166664208745525,0.6216326469147102,-4.166664208745525,5.0459568505673325,-4.166664208745525,5.955265081377117,-4.166664208745525,-2.4298547200025276,3.1846741320916694,-4.166664208745525,-4.166664208745525,-4.166664208745525,4.029631329164242,7.3531478533187915,4.931345019200703,7.60260123232249,6.0125801971812045,2.8048646860404745,5.566069722490815,3.517934643733036,-4.166664208745525,2.7653135146291055,3.0919200344060362,0.48783297788235913,-4.166664208745525,-4.166664208745525,-4.166664208745525,-4.166664208745525,-4.166664208745525,-4.166664208745525,-4.166664208745525,-4.166664208745525,-4.166664208745525,-0.03868577399914841,-4.166664208745525,1.9799582493229222,3.472285137639733,2.9943557892799344,-4.166664208745525,4.4599491009373375,3.427148142544117,3.9062273922860644,-4.166664208745525,-4.166664208745525,0.8822879991989971,-4.166664208745525,2.233682489093672,3.432407785753699,7.933463739896718,-0.18124098873324712,3.845415938891076,8.541847062397652,-0.5062048768987282,3.7695339290923737,-4.166664208745525,-4.166664208745525,-4.166664208745525,-4.166664208745525,3.8257270161117596,-4.166664208745525,1.0688920951794891,1.101567573494032,3.1961897752338357,4.478372688344047,3.813107225546993,-4.166664208745525,0.9372210467142263,5.379426635457356,-4.166664208745525,-4.166664208745525,-4.166664208745525,-4.166664208745525,-4.166664208745525,5.678585821749781,-4.166664208745525,3.721846563450451,-4.166664208745525,1.7276536420071578,-4.166664208745525,5.919888763942428,-4.166664208745525,-4.166664208745525,3.4670160181329797,4.886618399527689,-4.166664208745525,0.38986553404175517,-4.166664208745525,5.033215398730846,4.955240142893436,-4.166664208745525,-4.166664208745525,-1.3777661907308882,1.719950573376738
MSMA26DK,-3.9884799842281833,4.449925740708514,-0.7797324192996786,6.538268384028591,6.922459319209045,-0.3010431907361948,4.107472362932127,-3.9884799842281833,-0.37106611498225384,0.5781300849664177,-3.9884799842281833,5.994426856799095,-3.9884799842281833,6.411894472779791,-3.9884799842281833,-0.24888871083148523,4.147282783190044,-3.9884799842281833,-1.5295529289305936,-3.9884799842281833,5.68788148134359,7.878748456039429,5.679028468860267,8.238086216127636,6.422330645527188,4.506595732625997,6.941268349255806,1.6447423258517269,-3.9884799842281833,2.8786115861411217,3.8545874865268814,1.5901355918951676,-3.9884799842281833,-3.9884799842281833,-3.9884799842281833,-3.9884799842281833,-3.9884799842281833,-3.9884799842281833,-3.9884799842281833,-3.9884799842281833,-3.9884799842281833,2.6677267410948415,-3.9884799842281833,-3.9884799842281833,1.6342196829033657,2.2228405145838384,0.3161932481957255,5.454727971198158,2.869544577505251,1.9242501095375317,-3.9884799842281833,-3.9884799842281833,-3.9884799842281833,-3.9884799842281833,-3.9884799842281833,1.072736197589352,6.49877291244297,2.045649760555479,3.366870988807796,8.174383128975421,-0.48964848948577,0.4721045325623088,-3.9884799842281833,-2.3687346442324007,2.071992385560554,-3.9884799842281833,3.159976483375627,-3.9884799842281833,-3.9884799842281833,2.2650718057774384,1.370905158419239,5.510969069230998,-3.9884799842281833,-3.9884799842281833,3.3042340621679136,6.985221638205467,-3.9884799842281833,-3.9884799842281833,-3.9884799842281833,-3.9884799842281833,-3.9884799842281833,0.9483227097793527,-3.9884799842281833,3.420919714560479,1.4072938856305175,2.744994533552461,-3.9884799842281833,5.616825197407672,-3.9884799842281833,-3.9884799842281833,1.04672100693654,2.9140792163043088,-3.9884799842281833,-3.9884799842281833,-3.9884799842281833,5.571389938464039,5.376920813490014,-3.9884799842281833,-3.9884799842281833,-3.9884799842281833,-1.3374685408568965
MSMA26DM,-4.235695247430309,3.4256006703335027,-4.235695247430309,5.230895546045031,6.33120816096626,-1.4187047529226042,3.2287428685293467,-4.235695247430309,-4.235695247430309,-4.235695247430309,-4.235695247430309,5.853585045238519,-4.235695247430309,5.5720670056561445,-4.235695247430309,-1.7694993985799137,3.5125555659942105,-4.235695247430309,-1.7418715433900616,-4.235695247430309,4.867711608137968,7.988692864034176,4.850055322929843,7.638784342204475,6.76034119868187,3.3256784491330755,5.464800645210741,1.38766320593305,-4.235695247430309,3.0501467628856807,3.973715859030345,1.569846169379776,-4.235695247430309,-4.235695247430309,-4.235695247430309,-4.235695247430309,0.5238580337625152,-4.235695247430309,-4.235695247430309,-4.235695247430309,-4.235695247430309,2.7049589368583726,-4.235695247430309,-4.235695247430309,1.0995960873530244,0.8660778670505902,-4.235695247430309,5.856548819719327,2.8449462755,3.850306978352127,-4.235695247430309,1.9982148108830797,1.3951832496330887,-4.235695247430309,0.6837687550540394,0.501943900273286,7.228443569946676,1.6407776533663663,2.5843131170049345,7.559862614836753,0.6009172938137031,0.026197719440993694,-4.235695247430309,-4.235695247430309,1.123162409262724,-4.235695247430309,2.9926119315705213,-4.235695247430309,-0.9293931740354893,1.1179732343757482,2.5504906078161422,5.283598162991936,3.562806484069325,-4.235695247430309,2.408623139508384,6.731793433991263,-4.235695247430309,-4.235695247430309,0.007420556865508132,-4.235695247430309,-4.235695247430309,-0.7833906278500891,6.975316907872122,0.27229934473024997,-4.235695247430309,4.125863629582145,-4.235695247430309,5.303876268639435,-4.235695247430309,-4.235695247430309,1.0063553621559134,3.0671810497354652,-4.235695247430309,-4.235695247430309,-4.235695247430309,4.976462492618801,4.833716402031813,-4.235695247430309,-4.235695247430309,1.0104190090874194,1.1940824887726382
MSMA26DO,-3.6460003334517452,3.4026357185571863,-3.6460003334517452,4.453624912996271,5.646713029986392,-1.1153367553842681,2.5810349666179127,1.3390894310359567,-3.6460003334517452,-3.6460003334517452,-3.6460003334517452,5.895277423060739,-3.6460003334517452,7.316110205674679,-3.6460003334517452,-3.6460003334517452,3.8313399614840664,-3.6460003334517452,-3.6460003334517452,-3.6460003334517452,5.886083961971488,7.682886878897076,5.237245194005255,8.052653057357645,7.618335538967577,4.415481639977731,5.609673827215176,2.4654376908473035,-3.6460003334517452,2.004313419615018,3.761868761115511,1.2661151618121416,-3.6460003334517452,-3.6460003334517452,-3.6460003334517452,-3.6460003334517452,-3.6460003334517452,-3.6460003334517452,-3.6460003334517452,-3.6460003334517452,-3.6460003334517452,-3.6460003334517452,-3.6460003334517452,1.3981942656384856,2.9814133613683715,2.1440939677051087,-3.6460003334517452,6.293726734769184,2.890815332235664,3.9305218870800696,-3.6460003334517452,-3.6460003334517452,-3.6460003334517452,-3.6460003334517452,2.302344746886318,3.6575333853962153,8.775780805988852,-3.6460003334517452,5.006704635025821,8.685656813550679,-3.6460003334517452,-3.6460003334517452,-3.6460003334517452,-3.6460003334517452,-3.6460003334517452,-3.6460003334517452,4.321915708268607,-3.6460003334517452,1.0106971148153132,1.2829839584340874,2.780390604866434,4.474161335662611,3.341022983182273,-3.6460003334517452,1.8569596089830416,6.221040128220798,-3.6460003334517452,-3.6460003334517452,-3.6460003334517452,-3.6460003334517452,-3.6460003334517452,2.1437403795596985,-3.6460003334517452,4.7918645301390015,-3.6460003334517452,1.3944605472287481,-3.6460003334517452,6.008217822907749,-3.6460003334517452,-3.6460003334517452,2.8124278145084274,4.670516267419214,-3.6460003334517452,-1.0970962530180337,-3.6460003334517452,5.399941342184138,6.407403818123987,-3.6460003334517452,-3.6460003334517452,-3.6460003334517452,-3.6460003334517452
MSMAPC5H,-3.499493003392992,5.208004087709345,0.9042038830864652,6.23995017754385,7.776312607665369,-0.6339201274282296,5.3842855208981115,-3.499493003392992,-3.499493003392992,-3.499493003392992,-3.499493003392992,6.6434002828604,-3.499493003392992,8.342130268579224,-3.499493003392992,0.31145955095084865,5.698188356186074,-3.499493003392992,-1.4486848672114334,-3.499493003392992,6.927878813604632,7.613696331125569,7.147072014815283,8.915260012044179,7.422137764680799,5.98711026327027,6.738263227087348,2.055504855445678,-3.499493003392992,-3.499493003392992,5.184183714278587,2.7121626854828973,-3.499493003392992,-3.499493003392992,-3.499493003392992,-3.499493003392992,-3.499493003392992,-3.499493003392992,-3.499493003392992,-3.499493003392992,-0.3621322496999486,1.9030372416042596,-3.499493003392992,-3.499493003392992,-3.499493003392992,-3.499493003392992,-3.499493003392992,5.796552572873533,-3.499493003392992,3.0656641232235993,-3.499493003392992,-3.499493003392992,-3.499493003392992,-3.499493003392992,-3.499493003392992,-3.499493003392992,6.440678690352085,-3.499493003392992,0.2970811586089024,7.847876489001292,-3.499493003392992,-3.499493003392992,-3.499493003392992,-0.6906103619634276,1.5170726653638713,-3.499493003392992,3.8318611830786757,-3.499493003392992,-3.499493003392992,2.8020404144768722,2.199004903063326,6.052338180154749,4.286784549209008,5.3503275845486495,1.6731252097748772,7.294692765317267,-3.499493003392992,-3.499493003392992,-3.499493003392992,-3.499493003392992,-3.499493003392992,4.711707769885818,-3.499493003392992,-1.3437393988487258,-3.499493003392992,3.5940973253404103,-3.499493003392992,4.383886672898256,-3.499493003392992,-3.499493003392992,1.526293896715936,3.45759322104145,-3.499493003392992,-3.499493003392992,-3.499493003392992,5.806510496367627,5.901770661550006,-3.499493003392992,-3.499493003392992,-3.499493003392992,-3.499493003392992
MSMAPC5L,-4.201010855293315,4.333734310992792,0.8574245680118189,5.210993562100121,6.497089755050212,-0.6474696199284473,4.284052804616412,-0.03437455208164408,-4.201010855293315,0.9306421584570099,-4.201010855293315,6.389981763705299,-4.201010855293315,7.899176818187877,-4.201010855293315,-0.3832533868112531,4.086533238820344,-4.201010855293315,-4.201010855293315,-4.201010855293315,5.0567227462782425,7.393146307024358,5.858518078529105,7.913289770885428,6.684620052147579,4.153346106778711,5.328054882830265,-4.201010855293315,-4.201010855293315,-0.0766198136774161,4.901786986187308,2.5668887672399494,-4.201010855293315,-4.201010855293315,-4.201010855293315,-4.201010855293315,0.08407555716446602,-4.201010855293315,-4.201010855293315,-4.201010855293315,-4.201010855293315,1.4975158221146003,-4.201010855293315,-4.201010855293315,1.2450124484300922,0.5511148168440432,-4.201010855293315,5.788158137791042,1.8748910335889546,2.359646913380252,-4.201010855293315,-4.201010855293315,-4.201010855293315,-4.201010855293315,2.408132361380752,1.1783963219382496,5.029861751132605,-4.201010855293315,-4.201010855293315,7.576454692767717,0.43083762896720046,2.004418635955526,-4.201010855293315,-4.201010855293315,-4.201010855293315,-4.201010855293315,3.2044288855557186,-4.201010855293315,0.015646332543729713,2.4364975442467145,3.584723287063982,5.406758887406375,4.982493703973892,5.411902332945568,1.1759331091925507,5.842021596535284,-4.201010855293315,-4.201010855293315,-4.201010855293315,-4.201010855293315,-4.201010855293315,4.8720439839118646,4.949008769985666,1.4442701690601023,-4.201010855293315,3.1316444136028823,-4.201010855293315,5.544032121761912,-4.201010855293315,-4.201010855293315,1.1959545766223059,3.63750719447925,-4.201010855293315,-4.201010855293315,-4.201010855293315,5.4876076443086985,5.334597810865042,-4.201010855293315,-1.123533010200223,0.4854313523906857,0.7937163551468434
MSMAPC6K,-4.865997458791572,3.2895744299475878,-4.865997458791572,4.324127126277634,5.402055701255886,2.2052466980470378,3.5574136721969243,0.902555902733587,-4.865997458791572,0.7667330486062109,3.171156239099459,4.495350551828889,5.959164711397493,5.8451211898264805,-4.865997458791572,-4.865997458791572,5.620699193393049,-1.270293098422508,5.733467427405277,0.259748000507809,-4.865997458791572,3.731826141348437,0.014016936807704994,6.380662728667417,5.016795860051138,4.954173341704415,5.171649540646559,1.580787512880117,-4.865997458791572,1.2934719617018313,2.2808911776959375,-0.4154814169465251,-4.865997458791572,-4.865997458791572,-4.865997458791572,-4.865997458791572,1.0566249427740182,-4.865997458791572,-4.865997458791572,-4.865997458791572,-2.8063576581189977,-1.1716229157533995,-4.865997458791572,-2.0367158936137013,1.0838775939873422,1.9120503859056663,-4.865997458791572,-4.865997458791572,0.027886882773501043,3.5573463627864212,-4.865997458791572,1.5687309116448027,-4.865997458791572,5.020449130787832,1.8756990676704586,-4.865997458791572,5.183815621891306,6.864407124403157,-4.865997458791572,7.662607539684624,-4.865997458791572,0.7725644134527112,-4.865997458791572,-4.865997458791572,2.6879153292754108,-4.865997458791572,-4.865997458791572,-4.865997458791572,0.9913529017700542,-0.20839154023350304,1.4928156248682258,4.157976128577533,2.9035070340587303,-1.197345105715117,-4.865997458791572,4.892213893730447,-4.865997458791572,-1.4147786799326862,1.2882780338908875,-4.865997458791572,0.2364167517922393,4.287216139991627,6.112734199335814,3.6388364475353185,-4.865997458791572,-4.865997458791572,3.448911691448872,2.9006121496438872,-4.865997458791572,4.28537604957982,1.298424288740283,4.004940147467723,1.1493009401757082,-1.8352677635491048,-2.7934193306818056,5.23257389744524,4.773403388225465,-0.9887897211257499,-3.056590618708837,0.44128123998586766,1.0061345335956737
MSMAPC6M,-4.3511900716181025,3.2801047153851464,-4.3511900716181025,4.201346765356397,6.1900162095083004,2.1592591343818617,3.771055494240948,-0.90766231627018,-4.3511900716181025,1.7221708958505024,2.4595794440689813,4.387099616443424,6.185886096376059,5.853571255264278,-4.3511900716181025,-4.3511900716181025,5.902607976684807,-4.3511900716181025,6.038077441097197,-2.809520523104011,-4.3511900716181025,3.923917004622065,-4.3511900716181025,6.612763832772478,5.4868310300171075,4.689503629808247,5.366248981890355,-0.6255390411652364,-4.3511900716181025,1.0904917210230565,1.4215447648095232,-0.7510946231195312,-0.6428961586728512,-4.3511900716181025,-4.3511900716181025,-4.3511900716181025,-2.509917613806831,-4.3511900716181025,-4.3511900716181025,-4.3511900716181025,-4.3511900716181025,-1.351665126957684,-4.3511900716181025,-4.3511900716181025,1.5182734061871406,2.0523595210038383,-4.3511900716181025,-4.3511900716181025,-4.3511900716181025,4.98958600848194,-4.3511900716181025,-0.40574566109027543,-1.0586656073875993,5.243115883601644,-0.8882945580900774,-4.3511900716181025,6.634294547617799,7.637046429923054,-1.5413275858678794,7.80310582151577,-4.3511900716181025,1.8416285956795484,-4.3511900716181025,-1.5051360893447718,3.404535291580384,-4.3511900716181025,-4.3511900716181025,-4.3511900716181025,-0.6837386952972011,-0.21419396313894268,2.909496196850222,4.642129556341691,2.4242303856908025,-4.3511900716181025,-4.3511900716181025,4.639553520759415,-4.3511900716181025,0.9754009894814715,2.483238532072286,-4.3511900716181025,-4.3511900716181025,5.110255097686797,7.569222044622814,5.137698081956104,-4.3511900716181025,-4.3511900716181025,5.3906338025503695,4.3845777453745605,-4.3511900716181025,4.932331103204028,1.5764748561361328,4.350845121065269,-4.3511900716181025,-4.3511900716181025,3.876713336206924,5.489110145844402,5.086858518393335,-4.3511900716181025,-4.3511900716181025,-4.3511900716181025,1.4493999502258212
MSMAPC6O,-4.416985319573699,3.8382238113396605,-4.416985319573699,4.632817900199438,6.043103670593343,1.3996886213873792,3.9676261127204855,0.6922637676266934,-4.416985319573699,1.5224450874276965,3.802525209425921,4.483692049965466,6.798100957183778,6.187189460340875,-4.416985319573699,-4.416985319573699,6.052639690056589,-4.416985319573699,5.985240288082373,0.042074641503695887,-4.416985319573699,3.629993589890626,-4.416985319573699,6.720711355733058,4.8746386471441205,5.677843855797045,5.839893636079257,1.1983418400917145,-4.416985319573699,0.23604611859872016,2.747898741008054,0.9762921285318651,-4.416985319573699,-4.416985319573699,-4.416985319573699,-4.416985319573699,-1.1108738327145762,-4.416985319573699,-4.416985319573699,-4.416985319573699,-4.416985319573699,-2.166737399593666,-4.416985319573699,-4.416985319573699,1.3067198565424807,1.9927587096503094,-4.416985319573699,-4.416985319573699,-4.416985319573699,5.006472811962209,-4.416985319573699,-4.416985319573699,-4.416985319573699,4.518616671211686,1.2666254669093195,-4.416985319573699,6.864482642501058,6.629933846957034,-4.416985319573699,8.083839342554263,-4.416985319573699,1.97361742157854,-4.416985319573699,-4.416985319573699,2.5411288263257843,-4.416985319573699,-4.416985319573699,-4.416985319573699,-0.37226480626913094,0.03385278377733414,-4.416985319573699,4.7781703780225575,2.0020289272800476,-4.416985319573699,-4.416985319573699,4.696336130337327,1.146988372433178,-4.416985319573699,2.3568619448594275,-4.416985319573699,-4.416985319573699,4.872577202203725,6.4746308185384045,4.348535548477981,-4.416985319573699,-4.416985319573699,5.197596731155095,2.755218566301237,-4.416985319573699,5.330476972353151,2.3190633661235722,4.328369494366282,-4.416985319573699,-1.6158037072370615,1.6948740191491307,6.127912030122713,4.8863664447819515,0.4680349862767006,0.37439611073832957,1.6930802540187537,1.7771906292456414
MSMAPC7J,-4.700214119257563,1.5568446761978523,-4.700214119257563,4.303316717039962,5.156260669968737,-1.5568477732278634,2.3350729580610183,-4.700214119257563,1.8986823360322171,-4.700214119257563,1.602025536322266,-4.700214119257563,-4.700214119257563,5.522376593951013,6.663174196826559,3.777045186102571,4.350080891877963,-4.700214119257563,4.642814012363407,-4.700214119257563,4.853110286518453,-0.1845133033033033,-1.2354550598058758,6.468525178932318,-1.5614810150723333,-4.700214119257563,3.997055214438703,3.869505756338838,-4.700214119257563,3.824715943281819,3.8878015301495426,2.130418569172541,-4.700214119257563,-4.700214119257563,1.779152603228746,1.442274516022736,-2.048348162594257,3.7784494042298506,-0.9795567091829973,-1.6139159197559216,-1.4351340743226615,0.6034121055272017,-0.017609227603713862,3.9238808104819194,-4.700214119257563,2.5003283807114487,-4.700214119257563,-4.700214119257563,3.232048756388414,5.022841853780098,-4.700214119257563,-4.700214119257563,0.643629930940314,-4.700214119257563,3.7358591215754506,2.2078996457200812,7.4268317399909,2.1723542332540227,4.122078661302566,7.16974513320263,-4.700214119257563,0.9118840416311915,2.564660325215957,-4.700214119257563,-4.700214119257563,-4.700214119257563,4.541378139278992,0.07514333201311985,-0.830360956264828,2.0305645365631344,-4.700214119257563,3.064013856678229,2.8693603945243806,4.382157160679325,-4.700214119257563,3.8058891128814203,-4.700214119257563,0.32216372696228923,-4.700214119257563,-4.700214119257563,-4.700214119257563,4.1548499708053175,-4.700214119257563,3.5416333700068545,-4.700214119257563,-4.700214119257563,4.310760741104679,-4.700214119257563,-4.700214119257563,-4.700214119257563,3.773380486611729,4.2872698978654435,0.6798269366057372,1.4434255735609112,-4.700214119257563,7.817168834175071,4.74147869702816,0.03644066495042253,-4.700214119257563,-0.16824015621861754,0.8861077015494168
MSMAPC7P,-3.2715698114610667,6.547391286610615,-3.2715698114610667,-3.2715698114610667,7.44703690861302,-3.2715698114610667,4.699844721137409,-3.2715698114610667,-3.2715698114610667,-3.2715698114610667,-3.2715698114610667,-3.2715698114610667,8.340482122085712,0.7022279200104578,-3.2715698114610667,-3.2715698114610667,-3.2715698114610667,4.955251250666102,-3.2715698114610667,2.773308816707238,-3.2715698114610667,-3.2715698114610667,6.311889819250053,6.096271666767241,8.86761306990188,7.040156839511894,-3.2715698114610667,-3.2715698114610667,-3.2715698114610667,-3.2715698114610667,6.558923373156267,3.3702709980112324,5.4107311269208775,0.9022500602274413,2.506009953178637,3.4454632102897307,-3.2715698114610667,4.338345680431987,0.13893145829656284,3.1802021466919292,3.5810965432100392,4.335020791271998,-3.2715698114610667,-3.2715698114610667,-3.2715698114610667,-3.2715698114610667,-3.2715698114610667,8.09400893556472,-3.2715698114610667,-3.2715698114610667,3.9826245308744666,-3.2715698114610667,-3.2715698114610667,-3.2715698114610667,-3.2715698114610667,-3.2715698114610667,-3.2715698114610667,-3.2715698114610667,-3.2715698114610667,8.970169491631923,3.968155233137516,-3.2715698114610667,-0.42626085350608633,1.298102836754774,-3.2715698114610667,-3.2715698114610667,2.7450007915584544,-3.2715698114610667,-0.6584633284174561,3.704454852068385,4.358118645732193,5.683828571373274,-3.2715698114610667,8.515515251981515,-3.2715698114610667,-3.2715698114610667,7.589156408815592,5.912496708806967,-3.2715698114610667,-3.2715698114610667,-3.2715698114610667,-3.2715698114610667,-3.2715698114610667,-3.2715698114610667,4.918560689452785,-3.2715698114610667,-3.2715698114610667,-3.2715698114610667,5.207693317107394,-3.2715698114610667,3.1022349198995753,4.605579246308295,-3.2715698114610667,-3.2715698114610667,-3.2715698114610667,7.04401747786819,-3.2715698114610667,-3.2715698114610667,-3.2715698114610667,2.858905386241185,-3.2715698114610667
MSMAPC7R,0.9792665230938518,6.269811141044059,-3.839154233407271,-3.839154233407271,6.539354699031605,-3.839154233407271,3.4302700824802796,-1.1061898578798495,1.96781126744707,-3.839154233407271,-3.839154233407271,-3.839154233407271,8.371340860859199,1.7576534942527111,-3.839154233407271,-3.839154233407271,-3.839154233407271,4.332585325086785,-3.839154233407271,4.081002575874269,0.06817628888605753,-3.839154233407271,6.241204953354254,6.518660957928857,8.454777127606187,6.336379581927016,-3.839154233407271,-3.839154233407271,-3.839154233407271,-3.839154233407271,6.155538323578493,3.009738042025524,5.519844528023754,-3.839154233407271,2.464149450809069,3.273325210916287,-3.839154233407271,3.047822158686931,1.8810182243206555,3.57471983112767,1.1675352241258885,4.443368466100849,-0.37439141703427836,-3.839154233407271,-3.839154233407271,-3.839154233407271,-3.839154233407271,8.190186837596451,-0.23105805279427116,-3.839154233407271,4.6632623430318185,1.005722128184443,-3.839154233407271,-3.839154233407271,-3.839154233407271,-3.839154233407271,1.4700889690671666,-3.839154233407271,-3.839154233407271,7.502578379817404,3.1388212040374066,-3.839154233407271,0.14402241179046094,2.254211854974188,1.6933373940063436,-3.839154233407271,2.8825386962032047,0.20575410485284884,-3.839154233407271,2.8768302564246815,2.435589122790562,5.835918741702015,5.253389263877901,6.82525865317492,-3.839154233407271,-3.839154233407271,4.974741916019846,5.732361254998471,-3.839154233407271,-3.839154233407271,-3.839154233407271,-3.839154233407271,-3.839154233407271,-3.839154233407271,5.314799453538885,-3.839154233407271,-3.839154233407271,-3.839154233407271,4.1006103765530115,-3.839154233407271,2.447073881665453,3.9181737843947086,-3.839154233407271,-3.839154233407271,-3.839154233407271,6.302209624270933,-3.839154233407271,-3.839154233407271,-3.839154233407271,-0.5796538088474001,1.3570155819512255
MSMAPC7T,-3.6842341851638203,6.872015001299168,-3.6842341851638203,-3.6842341851638203,7.356139795238448,-1.0053463776611142,5.211089708772858,0.23459331757394075,2.9885136375626615,2.960694618335064,-3.6842341851638203,-3.6842341851638203,8.839151709838461,1.57962533272792,-3.6842341851638203,-3.6842341851638203,-3.6842341851638203,5.009229556865398,-3.6842341851638203,3.681028158935856,-3.6842341851638203,-3.6842341851638203,6.7657930294596245,6.674230405248707,7.885132146074742,6.583626032408129,-3.6842341851638203,-3.6842341851638203,-3.6842341851638203,-3.6842341851638203,6.238968471062903,3.071445480360378,4.572671841103501,-3.6842341851638203,2.80631503015029,2.292596715310962,-3.6842341851638203,2.9287722231967166,1.456356281911484,3.5913858804277723,4.090999439112838,6.1081953805666025,-3.6842341851638203,-3.6842341851638203,-3.6842341851638203,-3.6842341851638203,-3.6842341851638203,7.112313330796662,1.0036756477392377,-3.6842341851638203,2.723065387740376,-3.6842341851638203,-3.6842341851638203,-3.6842341851638203,-3.6842341851638203,-3.6842341851638203,-3.6842341851638203,-3.6842341851638203,-3.6842341851638203,7.976344689807137,5.243191488555717,-3.6842341851638203,0.9932116010381353,1.5164948229879531,1.5085299542020927,-3.6842341851638203,2.375389256010041,-3.6842341851638203,0.3465219652925988,4.456926163524208,3.3164709384734774,5.586655530114057,5.964994444232447,7.4975847034596015,-0.17012865223362184,-3.6842341851638203,-3.6842341851638203,4.9038819265691025,-3.6842341851638203,-3.6842341851638203,-3.6842341851638203,-3.6842341851638203,-3.6842341851638203,-3.6842341851638203,3.286713707996432,1.1865131073408293,-3.6842341851638203,-3.6842341851638203,4.396061452510559,-3.6842341851638203,2.8559240888204025,4.9821320442114185,-3.6842341851638203,-3.6842341851638203,-3.6842341851638203,7.408721398609139,-3.6842341851638203,-3.6842341851638203,-3.6842341851638203,-3.6842341851638203,-3.6842341851638203
MSMB4LXS,-3.0278441944129604,-3.0278441944129604,-3.0278441944129604,-3.0278441944129604,-3.0278441944129604,-3.0278441944129604,-3.0278441944129604,4.845657030239985,-3.0278441944129604,-3.0278441944129604,-3.0278441944129604,4.77674151859786,-3.0278441944129604,4.059155932629501,-3.0278441944129604,-3.0278441944129604,6.205123570690935,-3.0278441944129604,-0.08400997961915202,-3.0278441944129604,5.1594906661396545,7.685667658256554,5.075698066101559,7.293764681754525,8.541819904526495,3.268769581342365,-3.0278441944129604,3.872674707917951,-3.0278441944129604,5.361226986690393,3.3994373147236123,-3.0278441944129604,-3.0278441944129604,-3.0278441944129604,-3.0278441944129604,-3.0278441944129604,-3.0278441944129604,-3.0278441944129604,-3.0278441944129604,-3.0278441944129604,-3.0278441944129604,0.9913709334861114,-3.0278441944129604,1.0652314132225307,1.388046103345852,6.600669390762252,-3.0278441944129604,-3.0278441944129604,-3.0278441944129604,3.487711453150384,-3.0278441944129604,-3.0278441944129604,-3.0278441944129604,-3.0278441944129604,2.576189987095063,-3.0278441944129604,4.844383154353362,-3.0278441944129604,-3.0278441944129604,10.214095486118238,-3.0278441944129604,3.0523318272052373,-3.0278441944129604,-3.0278441944129604,-3.0278441944129604,-3.0278441944129604,6.0143173133358445,-3.0278441944129604,2.4544000872411686,0.4978967385814439,-3.0278441944129604,-3.0278441944129604,-3.0278441944129604,8.338616456606442,3.4906089327727763,2.3745441301409844,-3.0278441944129604,-3.0278441944129604,-3.0278441944129604,-3.0278441944129604,-3.0278441944129604,1.7234539370274078,-3.0278441944129604,-3.0278441944129604,1.9322125252395885,2.8924786894432337,-3.0278441944129604,-3.0278441944129604,2.63834550434788,-3.0278441944129604,3.1502605093401135,6.871643604587156,-3.0278441944129604,-3.0278441944129604,-3.0278441944129604,6.866315448954947,7.684122462280493,4.690083546232541,6.166052856288892,3.9448089295417015,6.259242604082722
MSMB4LXW,-4.590608215332846,2.198907806055404,-4.590608215332846,2.6085720140207664,5.7343788688365205,-4.590608215332846,1.0744762643711265,4.21009470677125,-4.590608215332846,-4.590608215332846,-4.590608215332846,4.899357853671979,-4.590608215332846,4.990661871604443,-4.590608215332846,-4.590608215332846,2.752197626535569,-4.590608215332846,0.04322095793247094,-4.590608215332846,3.922252998653768,6.712642019940434,3.294352583548859,7.166522222047508,7.308246139055218,3.454549843212063,1.7033491455735872,2.2439502049642392,-4.590608215332846,4.132178095388847,4.178830291679692,1.8831489817147462,-4.590608215332846,-4.590608215332846,-4.590608215332846,-4.590608215332846,1.4866844311751155,-1.2468521975492823,-0.36676738454666946,-4.590608215332846,-4.590608215332846,1.1622196755450034,-4.590608215332846,1.7268274702351931,2.6929822472327727,2.0607365978154446,-4.590608215332846,6.742273312769667,3.801123559184262,4.473125498220651,-4.590608215332846,2.6557238893965875,1.3224574186355387,-4.590608215332846,2.909964805280108,1.629839952735602,7.030509048526987,1.52242552954828,0.8437232618984076,7.697870845840569,-4.590608215332846,0.41826188142937326,0.7899244382622346,-4.590608215332846,-4.590608215332846,-0.854501787946738,3.36885994051383,-4.590608215332846,2.9497382149088267,0.40674542835675886,2.825976935221009,3.289946904051681,1.2257941503710112,6.15594953237208,0.05151690356144201,4.956887384799541,-4.590608215332846,-4.590608215332846,-4.590608215332846,-4.590608215332846,-4.590608215332846,1.317810748269311,4.560719529706656,2.4729490180981895,2.98205539941289,3.7945908275098734,-4.590608215332846,3.3515281778832122,1.6732041796299182,-4.590608215332846,2.312240815942534,3.9286896382598657,-4.590608215332846,-4.590608215332846,-4.590608215332846,4.888073335739916,4.10060855943704,-4.590608215332846,-4.590608215332846,-4.590608215332846,-4.590608215332846
MSMB4LZ8,6.408430251499226,1.782914750885121,-4.48933326501284,-4.48933326501284,6.90895982850903,-4.48933326501284,4.2349337443766935,2.515894074919431,1.4725813546420587,-0.22167276856304596,-4.48933326501284,5.841037021827518,6.210262894896424,-0.9973499487608883,-4.48933326501284,-4.48933326501284,-4.48933326501284,-4.48933326501284,-4.48933326501284,-4.48933326501284,4.769561952636636,-4.48933326501284,5.326881990391575,6.030853729062277,7.210822005834185,-4.48933326501284,4.430917064303968,1.9401890110825768,-4.48933326501284,2.1658685251522973,-4.48933326501284,-4.48933326501284,-4.48933326501284,-4.48933326501284,-4.48933326501284,-4.48933326501284,-4.48933326501284,0.17055812191988728,0.5048683229803608,-4.48933326501284,-4.48933326501284,1.1643519103591373,1.0570632376007243,3.1137114600171802,2.389766407519282,5.223585203910451,-4.48933326501284,-4.48933326501284,3.5008907853509417,3.332895230604726,-4.48933326501284,0.7469685365689909,1.5661694883001713,4.687888760214713,3.53901179332503,3.6875738171895245,7.667139568555743,-0.4437852452514939,4.7683610158137695,7.171640740958702,1.6841909205260261,-4.48933326501284,2.1150321399377896,-4.48933326501284,2.814851881131383,0.39218873929478093,3.563812686455581,-4.48933326501284,2.641439861417786,1.9871973011569297,-4.48933326501284,4.431213396836083,4.10125934415882,-0.4193904421421948,-4.48933326501284,6.5514670929471475,-4.48933326501284,2.5606839997102506,-4.48933326501284,-4.48933326501284,-4.48933326501284,1.7200864468932684,5.31026322173566,4.530626555221213,-4.48933326501284,1.5150120414246082,-4.48933326501284,-0.40063204314050793,0.36427824569006617,4.080782849271925,2.323185341076641,5.981839804797769,-4.48933326501284,-4.48933326501284,-4.48933326501284,6.100613013290371,5.668754991735417,-4.48933326501284,-4.48933326501284,-4.48933326501284,-0.9465048975211765
MSMB4LZC,-4.407567927669573,5.852434082735897,-4.407567927669573,-4.407567927669573,6.051412480384053,-4.407567927669573,3.508880840222047,0.4847033779020986,0.033283756092830075,-4.407567927669573,-4.407567927669573,-4.407567927669573,7.136820770449699,2.9258960029518297,2.12505560183949,0.9835656737623157,-0.9245575809643025,4.576160738344897,0.9699778182597019,2.7321372561867285,0.2823778569369715,-4.407567927669573,5.934189208187429,5.387971694605828,7.543710026532864,5.701042392731812,-4.407567927669573,-4.407567927669573,-4.407567927669573,-4.407567927669573,6.393782301681313,3.439685203284947,5.086746566259579,-4.407567927669573,2.9076491541904907,2.8974730636163635,1.6869471044895024,3.80812766874449,2.1922953439042336,3.1905498951359785,1.3792424217275823,3.792795958844498,1.6153480899285109,-4.407567927669573,-4.407567927669573,-4.407567927669573,-4.407567927669573,7.702140516454101,2.808136249507167,-4.407567927669573,3.2956861443080765,3.6186831048789783,3.2961009235121255,-4.407567927669573,-4.407567927669573,-4.407567927669573,1.7706365274563538,-4.407567927669573,-4.407567927669573,6.296035699822983,3.7726297548278653,-4.407567927669573,1.9092707676050455,2.532065528012942,1.5036942368749875,-4.407567927669573,2.8182925698248633,2.064559074537213,0.7283599898222999,3.141326409123728,3.1064056500430244,5.553496341002909,5.294638464059867,7.108161504062448,-4.407567927669573,-4.407567927669573,-4.407567927669573,5.402810388017558,-4.407567927669573,-4.407567927669573,-4.407567927669573,-4.407567927669573,-4.407567927669573,-4.407567927669573,3.2074075430168323,-4.407567927669573,-4.407567927669573,-4.407567927669573,5.766839956006124,-4.407567927669573,2.303560592022418,5.214159966126303,-4.407567927669573,-4.407567927669573,1.7843114748565903,6.645442600377303,-4.407567927669573,-4.407567927669573,-4.407567927669573,-4.407567927669573,-4.407567927669573
MSMB4LZK,-3.7034612017027335,5.484863854099184,-3.7034612017027335,5.893860091539092,-3.7034612017027335,-1.1492805352663815,4.02222182214012,1.2725996449592838,-3.7034612017027335,-3.7034612017027335,-3.7034612017027335,7.449149078116205,-3.7034612017027335,6.920919891806828,-3.7034612017027335,0.3777058700128233,-3.7034612017027335,-3.7034612017027335,-3.7034612017027335,-3.7034612017027335,6.514243431085168,9.11217413280293,6.854375096238978,7.990544857387952,6.963488180089853,5.103022246728658,-3.7034612017027335,2.0129492556170625,-3.7034612017027335,1.2105782881430631,5.080235144816844,3.1714110938309927,-3.7034612017027335,-3.7034612017027335,2.3388072680196554,2.603562517221376,-3.7034612017027335,3.7212992093964026,2.2166023263273456,1.3816898423776713,1.0756827968240579,2.871955661345366,3.0165568863869003,-1.1876499312780258,1.7584727977544343,2.0758615618723866,-3.7034612017027335,6.695681198965868,1.8090654648632736,-3.7034612017027335,-3.7034612017027335,3.187786065971186,-3.7034612017027335,-3.7034612017027335,2.814839556194914,-3.7034612017027335,6.182508952564247,-3.7034612017027335,-3.7034612017027335,5.815792982229134,2.6752990156113245,-3.7034612017027335,-3.7034612017027335,-3.7034612017027335,1.5677163391309517,-3.7034612017027335,2.143824885259793,-3.7034612017027335,-0.20842654401544536,1.5406154776852148,1.64946690756795,-3.7034612017027335,5.548364687636122,7.9069799503791085,1.6782700500896883,6.703070758919399,-3.7034612017027335,-3.7034612017027335,-3.7034612017027335,-3.7034612017027335,-3.7034612017027335,2.560266322180853,-3.7034612017027335,-3.7034612017027335,-3.7034612017027335,2.862631604293882,-3.7034612017027335,-3.7034612017027335,-3.7034612017027335,-3.7034612017027335,1.5520495273669006,3.4663752113481863,-3.7034612017027335,-3.7034612017027335,-3.7034612017027335,5.13896304387353,5.724016246622967,-3.7034612017027335,-3.7034612017027335,-3.7034612017027335,-3.7034612017027335
MSMB4LZV,-4.128648918041041,3.0189663050492888,-4.128648918041041,4.262430903701567,5.609443663467099,0.511962346893938,3.3482260899743777,0.6274339015876507,-4.128648918041041,2.6649103373807517,3.8121332391327574,3.9665474595676162,5.6375064113920486,6.233836643050504,-4.128648918041041,-4.128648918041041,5.865125341377558,-4.128648918041041,5.7845935538828135,-4.128648918041041,-4.128648918041041,3.730798162431954,-4.128648918041041,6.656202993875064,4.648046462670663,4.468452533766796,5.1068467708834095,0.6247264193766728,-4.128648918041041,0.5860312131854641,4.629357545836839,2.688939236963434,-4.128648918041041,-4.128648918041041,-4.128648918041041,-4.128648918041041,0.8128239083085287,-4.128648918041041,-4.128648918041041,-4.128648918041041,-4.128648918041041,-4.128648918041041,-4.128648918041041,-4.128648918041041,3.3476920300282753,2.113444944413849,0.0842707706196908,-4.128648918041041,1.600038426951718,5.767161253586208,-4.128648918041041,-4.128648918041041,-4.128648918041041,5.761898293693399,1.778117444808366,-1.7442983903226903,6.507827891679478,7.167367584328361,-4.128648918041041,8.642519512347185,-4.128648918041041,4.136768403293869,0.5784878589528848,-4.128648918041041,-4.128648918041041,-4.128648918041041,-4.128648918041041,-4.128648918041041,0.587908194189044,-4.128648918041041,2.628296988748743,-4.128648918041041,1.3461445795528544,-4.128648918041041,-4.128648918041041,5.011972442647539,-4.128648918041041,-4.128648918041041,3.0209433161591566,-4.128648918041041,-4.128648918041041,5.220238374696701,7.782293422922952,4.070444295776862,-4.128648918041041,-4.128648918041041,5.018268144856161,3.9119216259631227,-4.128648918041041,5.356012493117768,3.2956097452664315,5.1759850755515835,-4.128648918041041,-4.128648918041041,3.6555644389265565,6.412735116990389,5.849237631210244,-4.128648918041041,-4.128648918041041,-4.128648918041041,-1.2050652887445246
MSMB4LZX,-4.843151203681277,3.031892702697914,-4.843151203681277,3.747051406452888,5.471514938619531,0.37205513831608883,3.624288363371515,0.671411546336369,-4.843151203681277,1.5031215178109365,2.6997053245659854,4.149212457312996,5.169095722771209,5.435545572035927,-4.843151203681277,-4.843151203681277,5.61023479333015,-4.843151203681277,5.16664465923737,-4.843151203681277,-4.843151203681277,3.590420089980668,-1.006886266056494,6.357011224094837,4.56720641498754,3.7997394099588826,5.178867679542982,1.8787170804419722,-4.843151203681277,1.9393653543735612,2.848179727597115,-0.3381022889307328,-4.843151203681277,-4.843151203681277,-4.843151203681277,-0.849498169912092,1.7339085217466241,-4.843151203681277,-4.843151203681277,-4.843151203681277,-4.843151203681277,1.0501074707820939,-4.843151203681277,-0.24917854545148366,1.402123879614435,1.251639822094237,-4.843151203681277,-4.843151203681277,-0.9936918953903326,5.076640792975927,-4.843151203681277,-4.843151203681277,0.13328429321818547,5.027641077698108,1.636006288045433,-4.843151203681277,5.932605515529023,3.060345495846833,-0.16943487461251472,7.816145368084049,-4.843151203681277,2.7638266581750237,-0.6589351067475082,-4.843151203681277,1.6466601106132623,-4.843151203681277,-4.843151203681277,-4.843151203681277,1.5433191048297843,0.04837787738529897,2.535324075395234,3.94653433734641,2.1868931051748337,-4.843151203681277,-4.843151203681277,4.940721133888285,-4.843151203681277,1.113694955407694,2.4530827509294424,-4.843151203681277,-4.843151203681277,4.413601266793534,7.133107198421461,4.539222671922908,-4.843151203681277,-4.843151203681277,4.05245139940699,2.6650774845642022,-4.843151203681277,4.702671481582669,2.2381285339152113,4.018905424840319,-4.843151203681277,-1.6530185407560758,1.9370367246667985,5.654567528485789,5.113222972321161,-4.843151203681277,0.26754573617973065,0.8304065920711388,3.4392314502757113
MSMB4LZZ,-4.651551088743039,3.6176142880726623,-4.651551088743039,4.271338006627352,6.185997820972393,1.40034802345229,3.9733519311198435,-4.651551088743039,-4.651551088743039,-4.651551088743039,3.973462146677722,4.982098997285792,6.450541642592756,6.047894014581463,-4.651551088743039,-4.651551088743039,6.305619395973171,-4.651551088743039,6.370629514080122,1.8115922960939121,-2.4681012094813664,4.959784743668438,-0.334585615402041,6.720826167686486,5.326451320594982,4.010089028042511,5.654517293842147,0.9244202711398213,-4.651551088743039,1.3318498538906347,2.64103979971365,0.67485079871172,-1.9701518271229546,-4.651551088743039,-4.651551088743039,-4.651551088743039,1.2347275506221536,-4.651551088743039,-4.651551088743039,-4.651551088743039,-4.651551088743039,1.0295182170122512,-4.651551088743039,-4.651551088743039,-0.502067692291952,0.6623398477674307,0.7637760448550583,-4.651551088743039,-4.651551088743039,3.6598900720503833,-4.651551088743039,-4.651551088743039,-4.651551088743039,4.533357810895406,-4.651551088743039,-4.651551088743039,4.960887043526556,7.609423963956495,-4.651551088743039,7.04267767396877,-1.2020544735768883,2.569326952197798,-4.651551088743039,-4.651551088743039,2.6450002627213873,-4.651551088743039,-4.651551088743039,-4.651551088743039,-4.651551088743039,-0.04104426483672263,1.3786888573964973,4.961468513363476,2.657952762677917,-4.651551088743039,-4.651551088743039,5.120445732024828,-4.651551088743039,0.16841695224210618,2.0735842431266347,-4.651551088743039,-0.4440827477946456,3.0205563430133333,5.495824443218259,4.16891678855478,-4.651551088743039,-4.651551088743039,3.3028679631856814,1.3687994762619606,-4.651551088743039,4.789317442025932,-1.065593195429578,4.366446376790146,0.002753614087628975,-0.03394682628049672,4.237978369633357,5.206201713341089,5.6743086040085995,1.9966553776743945,-0.2970866843665636,2.2121104094348407,3.2206702211060554
PSM6XBTR,1.4427400949936668,5.362029284528565,2.9953406588463096,5.0662725310675265,6.524739955400479,1.6821951810757554,5.700812008521119,-1.6600078560243556,-3.565244523281443,-3.565244523281443,6.045045864460921,6.333456358598427,-3.565244523281443,5.656615999180787,-3.565244523281443,6.470645695919771,7.2851555519780895,4.16396737974313,-3.565244523281443,-3.565244523281443,4.779584969934247,9.143516069302942,-3.565244523281443,8.19609660861136,8.080831340262593,-3.565244523281443,-3.565244523281443,5.617973103396453,-0.12094647095376487,-3.565244523281443,4.94960193188094,-0.7738542958443695,-3.565244523281443,-3.565244523281443,-3.565244523281443,-3.565244523281443,-3.565244523281443,-3.565244523281443,-3.565244523281443,-3.565244523281443,-3.565244523281443,-3.565244523281443,-3.565244523281443,-3.565244523281443,-3.565244523281443,-0.47959645757086733,-3.565244523281443,5.461969025396205,-0.8005244902000577,1.5487703928009413,-3.565244523281443,-3.565244523281443,0.8035524697592873,5.0486663481318,1.0266989968379825,-3.565244523281443,6.805269133684483,1.9242718331856352,-3.565244523281443,7.0794000312144645,-3.565244523281443,-3.565244523281443,-3.565244523281443,-3.565244523281443,1.7356685117335307,-3.565244523281443,1.2017497057381483,-3.565244523281443,-3.565244523281443,2.2856624587095595,-3.565244523281443,6.161204067520994,5.3877764760050875,7.016946401321335,-3.565244523281443,6.579074822507453,-3.565244523281443,-3.565244523281443,-3.565244523281443,-3.565244523281443,-3.565244523281443,4.697381804058315,-1.725977740379557,3.160447060298873,-3.565244523281443,-3.565244523281443,4.013416452433986,-3.565244523281443,-3.565244523281443,-3.565244523281443,1.2699318766902223,3.6343258262238978,-3.565244523281443,-3.565244523281443,-3.565244523281443,6.237890334219675,6.837113929794401,-3.565244523281443,-3.565244523281443,-3.565244523281443,-0.8949415010807478
PSM6XBTT,1.9112249376667547,4.499943151934105,2.078791168938066,3.928547703998193,5.925494934795979,0.07892248455278761,3.628902052097305,1.4848282339085,-4.677019407455781,-4.677019407455781,5.324590860198855,5.229552328659986,-4.677019407455781,4.735695958019598,-4.677019407455781,5.923980391299307,5.766558703185286,3.6367549265169252,-4.677019407455781,-4.677019407455781,4.783576250669518,7.662908884870742,-1.153939019752615,6.678994565379721,6.632613509841878,-0.9985138790725152,-4.677019407455781,5.282477515408307,-4.677019407455781,-1.3555262460763657,4.200811093492035,-1.2873730007670847,1.710088086091667,-4.677019407455781,-4.677019407455781,-4.677019407455781,-1.271036499411757,-1.0235004028128856,-4.677019407455781,-4.677019407455781,0.5675803115964762,-0.9985138790725152,-4.677019407455781,2.1753731304584463,0.504652091387781,2.0429017476781652,-4.677019407455781,4.164632750583252,1.5840894000177848,2.576057719518115,-4.677019407455781,-4.677019407455781,-4.677019407455781,1.178801752789755,3.236209264794793,0.043288004703267546,6.461991711066327,3.298951116227249,2.6318758919712204,6.971253223298659,-0.8858354964980801,-4.677019407455781,0.7656484502767817,-4.677019407455781,1.622507096346042,-4.677019407455781,1.6721068076929102,-4.677019407455781,0.9356639750874418,1.9657386003602415,2.4297176724464133,4.352411975860533,5.024709851421094,4.503773985731188,-4.677019407455781,5.080996804359513,-4.677019407455781,1.3905864984829366,-4.677019407455781,-4.677019407455781,-4.677019407455781,3.671618957969673,-4.677019407455781,2.2745688695507607,-4.677019407455781,-4.677019407455781,4.2066967735186465,-4.677019407455781,-4.677019407455781,2.672466131249595,1.9883994071601405,2.527521939202405,-4.677019407455781,-4.677019407455781,-4.677019407455781,6.024804576617896,6.132472873565108,-4.677019407455781,-4.677019407455781,-1.084351197733012,-4.677019407455781
PSM6XBTX,6.316612510053804,6.078628948700835,3.8855014530302654,4.646642288139107,7.413004220604736,0.9083424453549611,5.282652749203508,-4.083681206759094,-4.083681206759094,1.9953765327654427,5.765912352674684,8.417233034479182,-4.083681206759094,3.701175997503144,-4.083681206759094,5.080157465656409,4.240731684317265,-0.03497984154257239,-4.083681206759094,-4.083681206759094,4.340636341580985,7.557642919052514,-4.083681206759094,7.268287392081685,6.978968461886744,-4.083681206759094,-4.083681206759094,4.346087342648674,3.161152204281283,-4.083681206759094,4.9674611117663945,-1.4844980130550702,0.27597033308334673,-4.083681206759094,-4.083681206759094,-4.083681206759094,-4.083681206759094,-4.083681206759094,1.2345075167534798,-4.083681206759094,1.6351538944005775,-4.083681206759094,-4.083681206759094,2.8586195304535984,1.9583278860961064,3.2354713038063823,-4.083681206759094,3.8552468798039605,1.5453337436535044,2.8364119020692833,-4.083681206759094,-4.083681206759094,-4.083681206759094,0.3047595268726351,2.633425292406794,1.970741176879061,6.393771069300707,-4.083681206759094,-4.083681206759094,6.822279696052775,1.985383689340246,-4.083681206759094,-4.083681206759094,-4.083681206759094,2.6015417024846537,-4.083681206759094,0.7041744269920063,-0.2158065254289685,-4.083681206759094,2.6033953363911246,-4.083681206759094,5.536117945992793,5.450422737887664,6.153304736346961,-4.083681206759094,4.699309452502734,-4.083681206759094,-4.083681206759094,-4.083681206759094,-4.083681206759094,-4.083681206759094,2.3092225533111543,-4.083681206759094,3.067787267927004,0.751569920701666,-4.083681206759094,3.4769239525078897,-4.083681206759094,-4.083681206759094,-4.083681206759094,2.44271205123398,4.0134355923209695,-4.083681206759094,-4.083681206759094,-4.083681206759094,6.782271474028639,5.262182257078826,-4.083681206759094,-4.083681206759094,-4.083681206759094,-4.083681206759094
PSM6XBU2,4.228202418407835,4.416888549725191,1.1852994862414867,4.4548853075965145,6.301937077369848,0.22040644279335275,3.553916824981009,1.3054565115128192,-4.674928400569041,-4.674928400569041,4.364173270163477,6.581276599966317,-4.674928400569041,4.975956708684597,-4.674928400569041,5.129104550276759,6.1417528572004665,3.3327102670252815,-4.674928400569041,-4.674928400569041,3.5042546020544822,7.4762902083055325,-4.674928400569041,6.443462597613035,7.02295932640335,-4.674928400569041,-4.674928400569041,4.285661565907856,3.1774899180664837,0.8734984844855926,3.3798069447265844,-4.674928400569041,0.25684772869315253,-4.674928400569041,-4.674928400569041,-4.674928400569041,-0.03834144947555451,-1.248566044320853,-4.674928400569041,-4.674928400569041,-0.7341631843573602,2.696472137143222,-4.674928400569041,3.238678252088362,1.3666067213005775,3.045044793867026,-4.674928400569041,3.7709292616833174,2.3808578771294364,3.5662832858418625,-4.674928400569041,-4.674928400569041,-4.674928400569041,-4.674928400569041,3.8738542333460773,1.832550708331814,7.284442211899677,-0.8025551124891717,2.6782089343137114,6.077583934525968,1.2186749129497176,-4.674928400569041,0.6269118187855156,-4.674928400569041,-4.674928400569041,0.7694894407537269,1.8860828455232026,-4.674928400569041,0.9801795345995341,1.6580686131791698,-4.674928400569041,4.368805079201095,4.337202227259577,5.340371811984573,-4.674928400569041,4.787927861670076,-4.674928400569041,-0.4080183039933658,-4.674928400569041,-4.674928400569041,-4.674928400569041,2.3559820665582896,2.4879763339004866,2.6413100276204,3.779719046800201,-4.674928400569041,4.603924786749743,-4.674928400569041,2.013176849054541,-4.674928400569041,2.9054469335070428,3.454213719185695,-4.674928400569041,-4.674928400569041,-4.674928400569041,4.867630828141102,5.396863180870801,-4.674928400569041,-4.674928400569041,-4.674928400569041,-4.674928400569041
PSM6XBW3,-2.144177083639871,-2.144177083639871,-2.144177083639871,-2.144177083639871,-2.144177083639871,-2.144177083639871,-2.144177083639871,-2.144177083639871,-2.144177083639871,-2.144177083639871,-2.144177083639871,-2.144177083639871,-2.144177083639871,-2.144177083639871,-2.144177083639871,-2.144177083639871,-2.144177083639871,-2.144177083639871,-2.144177083639871,-2.144177083639871,-2.144177083639871,-2.144177083639871,-2.144177083639871,-2.144177083639871,-2.144177083639871,-2.144177083639871,-2.144177083639871,-2.144177083639871,-2.144177083639871,7.3169795959082204,-2.144177083639871,-2.144177083639871,-2.144177083639871,4.169996709441751,3.6664876393717574,-2.144177083639871,-2.144177083639871,7.9469658790476245,-2.144177083639871,7.332542367527725,5.985397797627909,-2.144177083639871,7.581418892700097,-2.144177083639871,-2.144177083639871,-2.144177083639871,6.959108952692592,-2.144177083639871,-2.144177083639871,-2.144177083639871,-2.144177083639871,10.27733147997185,-2.144177083639871,-2.144177083639871,-2.144177083639871,-2.144177083639871,-2.144177083639871,6.7097196547668805,-2.144177083639871,-2.144177083639871,7.229551603330327,5.900668587782906,-2.144177083639871,5.538098149200437,-2.144177083639871,-2.144177083639871,-2.144177083639871,-2.144177083639871,-2.144177083639871,-2.144177083639871,-2.144177083639871,-2.144177083639871,6.080269447972828,-2.144177083639871,-2.144177083639871,-2.144177083639871,-2.144177083639871,-2.144177083639871,7.51495502298412,-2.144177083639871,-2.144177083639871,-2.144177083639871,-2.144177083639871,-2.144177083639871,-2.144177083639871,-2.144177083639871,-2.144177083639871,-2.144177083639871,10.127360305836403,-2.144177083639871,-2.144177083639871,6.382203861392514,4.208124457228709,4.33429817784763,-2.144177083639871,10.351419971341638,-2.144177083639871,4.368755813519026,7.546903435810653,9.262718785297682,8.31035885166742
PSM7J14X,5.601221299189838,2.7150471207330575,-4.607052049701473,2.865026593590298,5.151941880017512,-1.2726915810618422,3.511434174972539,-0.6429880124672511,0.7806873476994003,2.315852969563644,4.345197409686666,6.56622737294087,-4.607052049701473,5.579349575571434,-4.607052049701473,3.8274476762762184,6.175585627023471,6.430313412435829,-4.607052049701473,-4.607052049701473,3.6459192052391556,5.946762864447666,-4.607052049701473,5.6724353439549375,5.8195098150110764,-4.607052049701473,-4.607052049701473,2.4245644595126743,0.27965078859104864,-4.607052049701473,3.164561335911695,-4.607052049701473,-4.607052049701473,-4.607052049701473,-4.607052049701473,-4.607052049701473,-4.607052049701473,-4.607052049701473,0.2428466864161667,-4.607052049701473,2.2247347234128103,1.0546581043475438,-4.607052049701473,-0.7244447637933185,0.5936683628256816,2.699324435829314,-4.607052049701473,4.7197152509261455,3.5997941367941904,4.199008046776642,-4.607052049701473,5.916031611841772,-4.607052049701473,3.5026018087400788,1.9184163248661124,1.3229922399237228,7.162681566035374,-4.607052049701473,3.226844167962147,7.926899887024238,-0.005239646416471899,2.3457834195715623,-4.607052049701473,-4.607052049701473,-4.607052049701473,-4.607052049701473,0.7111116666480992,-4.607052049701473,0.1630204587396893,1.5530991050427199,3.3676489157779352,4.164638641455935,4.241536391821391,5.778088665888432,-4.607052049701473,4.331744580921808,-4.607052049701473,-4.607052049701473,-4.607052049701473,-0.10750372424421784,-4.607052049701473,5.360915342077876,3.134154846878741,2.004380146213199,-4.607052049701473,-4.607052049701473,4.139565197446204,3.7218612890910467,-4.607052049701473,-4.607052049701473,2.369972261771638,3.772807720026268,-4.607052049701473,-4.607052049701473,-4.607052049701473,5.651637553113007,5.044287659879037,-4.607052049701473,-4.607052049701473,-4.607052049701473,1.2638463269884257
PSM7J154,4.738148082660149,4.337637524525048,1.3874109491484141,4.083863625621647,6.221670189006737,-0.2119841145997956,3.986186112773951,-4.351439013805791,-4.351439013805791,0.8718847341297309,4.8657519751240805,5.769895513837959,-4.351439013805791,6.252609825850419,-4.351439013805791,4.827837252150092,6.649223784119197,2.2342101218605306,-4.351439013805791,-4.351439013805791,3.4474712965437044,7.747930079675751,-2.833333166671096,6.292361577026623,6.501968661512837,-4.351439013805791,-4.351439013805791,3.4143732269149947,-4.351439013805791,0.48265837750356155,3.360960160593647,-4.351439013805791,1.372000490879028,1.8499237154501582,-4.351439013805791,-4.351439013805791,-4.351439013805791,-4.351439013805791,-4.351439013805791,-4.351439013805791,-4.351439013805791,-0.24878129016324912,-4.351439013805791,0.4242998137133078,-4.351439013805791,3.268848203344442,-4.351439013805791,4.14668474200663,0.23434817701433808,2.9165498741721487,-4.351439013805791,-4.351439013805791,0.05647805491699387,0.9151652548277536,0.7268355141176315,-0.309488425124016,7.110105860058889,-4.351439013805791,1.8979918144684405,8.090757712847564,0.296250420539252,-4.351439013805791,-4.351439013805791,-4.351439013805791,1.0630654317831407,-4.351439013805791,0.7275081174897338,-4.351439013805791,-4.351439013805791,1.1017265101607752,2.6290751771986294,4.555232371426897,4.624044532167845,6.08231374245732,-4.351439013805791,5.439980086570889,-4.351439013805791,0.6404515293836042,-4.351439013805791,-1.9019236766944978,-4.351439013805791,2.8225589272310785,1.4457993223611272,2.363873156651797,4.379488167167818,-4.351439013805791,4.151625489517874,4.949352126392644,-4.351439013805791,3.9442772148182614,1.1635946889411741,3.8314419289346713,-4.351439013805791,-4.351439013805791,-4.351439013805791,5.81156648029271,5.758681533211632,-4.351439013805791,-4.351439013805791,-4.351439013805791,-4.351439013805791
PSM7J156,4.074280563551483,4.970150400680348,-0.15035240452215604,5.256426511076427,6.1705041996893115,-0.3681429781518517,3.923903386244729,-4.202090987355033,-4.202090987355033,-4.202090987355033,4.669841049194091,5.944225262224455,-4.202090987355033,6.112908229038519,-4.202090987355033,5.261025162906182,6.893131687748641,4.504398551723751,-4.202090987355033,-4.202090987355033,3.141337067484338,6.349266525442427,-4.202090987355033,6.535765305674712,6.503548367676691,-4.202090987355033,-4.202090987355033,4.383870372618898,-4.202090987355033,-4.202090987355033,3.190886812054897,-4.202090987355033,1.4024161872134666,-0.4835426784370771,-4.202090987355033,-4.202090987355033,-4.202090987355033,-4.202090987355033,-4.202090987355033,-4.202090987355033,-4.202090987355033,-0.22657470352377196,-4.202090987355033,0.15474413436821877,-4.202090987355033,2.445573134242543,-4.202090987355033,4.13503232235303,0.5564299984567516,2.745887624508316,-4.202090987355033,1.422493482746944,0.9650636444655873,1.6472824012634604,1.8633392379193214,0.29080200762546227,6.247296299743169,-4.202090987355033,1.431754634784376,8.736568210402249,-0.8302725497261925,-4.202090987355033,-4.202090987355033,-4.202090987355033,2.025292028515552,-4.202090987355033,1.2356391125811896,-4.202090987355033,-4.202090987355033,1.495073819594234,3.443442593049916,4.765583807233928,4.481617688110306,5.710741702044418,-4.202090987355033,5.242826813656316,-4.202090987355033,0.5422529962624392,-4.202090987355033,-4.202090987355033,-4.202090987355033,5.429675219208584,5.5272274567886,3.5386940145735943,-4.202090987355033,-4.202090987355033,3.8852046535107085,4.565868960017385,-4.202090987355033,2.800336811157165,1.6840898868941325,3.9043347502617065,-4.202090987355033,-4.202090987355033,-4.202090987355033,6.624324712281702,6.522690931827244,-4.202090987355033,-4.202090987355033,-4.202090987355033,-4.202090987355033
PSM7J15K,-2.4494986969445964,-2.4494986969445964,-2.4494986969445964,-2.4494986969445964,-2.4494986969445964,-2.4494986969445964,-2.4494986969445964,-2.4494986969445964,6.792781449761796,-2.4494986969445964,-2.4494986969445964,-2.4494986969445964,-2.4494986969445964,-2.4494986969445964,-2.4494986969445964,-2.4494986969445964,-2.4494986969445964,-2.4494986969445964,-2.4494986969445964,-2.4494986969445964,-2.4494986969445964,-2.4494986969445964,-2.4494986969445964,-2.4494986969445964,-2.4494986969445964,-2.4494986969445964,-2.4494986969445964,-2.4494986969445964,-2.4494986969445964,6.4857226690365515,-2.4494986969445964,-2.4494986969445964,-2.4494986969445964,-2.4494986969445964,6.167894997225957,-2.4494986969445964,4.360334876852228,7.803150069446346,-2.4494986969445964,3.808578706217501,7.2421584876441925,-2.4494986969445964,8.35823994550158,-2.4494986969445964,-2.4494986969445964,-2.4494986969445964,6.602023181929734,-2.4494986969445964,4.776420395375482,-2.4494986969445964,-2.4494986969445964,8.107396219259567,-2.4494986969445964,-2.4494986969445964,-2.4494986969445964,-2.4494986969445964,-2.4494986969445964,-2.4494986969445964,-2.4494986969445964,10.669027777481919,6.620348598986828,6.483297219216836,6.2215855845166015,2.812692006574675,5.329750589995681,-2.4494986969445964,-2.4494986969445964,-2.4494986969445964,-2.4494986969445964,-2.4494986969445964,5.100236960440179,-2.4494986969445964,-2.4494986969445964,-2.4494986969445964,-2.4494986969445964,-2.4494986969445964,-2.4494986969445964,-2.4494986969445964,2.1040857660909893,-2.4494986969445964,-2.4494986969445964,6.716315720565985,9.83876004553867,7.565586826055733,-2.4494986969445964,-2.4494986969445964,-2.4494986969445964,-2.4494986969445964,6.028736243774834,-2.4494986969445964,-2.4494986969445964,5.745737470160777,-2.4494986969445964,-2.4494986969445964,-2.4494986969445964,7.679925486960531,-2.4494986969445964,-2.4494986969445964,6.115784773890943,6.102670223761106,7.174162584690043
PSM7J15M,-2.6124876006412716,-2.6124876006412716,-2.6124876006412716,-2.6124876006412716,-2.6124876006412716,-2.6124876006412716,-2.6124876006412716,-2.6124876006412716,5.448324848154871,-2.6124876006412716,-2.6124876006412716,2.681539652647011,-2.6124876006412716,-2.6124876006412716,-2.6124876006412716,-2.6124876006412716,-2.6124876006412716,-2.6124876006412716,-2.6124876006412716,-2.6124876006412716,-2.6124876006412716,-2.6124876006412716,-2.6124876006412716,-2.6124876006412716,-2.6124876006412716,-2.6124876006412716,-2.6124876006412716,-2.6124876006412716,-2.6124876006412716,7.0187894965726105,-2.6124876006412716,-2.6124876006412716,-2.6124876006412716,-2.6124876006412716,5.126415957724779,-2.6124876006412716,3.927771372313803,5.992159301336301,-2.6124876006412716,3.3292767424502054,5.16631938016203,-2.6124876006412716,7.777146967527873,-2.6124876006412716,-2.6124876006412716,-2.6124876006412716,5.144335561957076,-2.6124876006412716,4.057459941215788,-2.6124876006412716,-2.6124876006412716,7.626321616375726,4.39711830798981,-2.6124876006412716,-2.6124876006412716,-2.6124876006412716,-2.6124876006412716,-2.6124876006412716,-2.6124876006412716,10.639266270354444,5.826228316532388,7.69762062526104,5.596665269788508,-2.6124876006412716,4.8689236983170945,3.194064022833711,-2.6124876006412716,-2.6124876006412716,-2.6124876006412716,-2.6124876006412716,-2.6124876006412716,-2.6124876006412716,-2.6124876006412716,-2.6124876006412716,-2.6124876006412716,-2.6124876006412716,-2.6124876006412716,-2.6124876006412716,0.2600467709326981,-2.6124876006412716,-2.6124876006412716,6.593974489015771,9.578238738133976,7.149413070859288,-2.6124876006412716,-2.6124876006412716,-2.6124876006412716,-2.6124876006412716,6.708409919511935,-2.6124876006412716,-2.6124876006412716,5.525652508683473,2.34936875745694,1.8485082259466719,2.099543835439352,7.574277452987648,-2.6124876006412716,3.1569989443213036,5.821257420894181,6.281882019584458,7.185837340322305
PSM7J15O,-2.4091956036466176,-2.4091956036466176,-2.4091956036466176,-2.4091956036466176,-2.4091956036466176,-2.4091956036466176,-2.4091956036466176,2.397538019925671,-2.4091956036466176,-2.4091956036466176,-2.4091956036466176,-2.4091956036466176,-2.4091956036466176,1.5733821782417596,-2.4091956036466176,-2.4091956036466176,-2.4091956036466176,-2.4091956036466176,-2.4091956036466176,-2.4091956036466176,-2.4091956036466176,1.6467019775197844,-2.4091956036466176,0.4489529977467459,-2.4091956036466176,-2.4091956036466176,-2.4091956036466176,-2.4091956036466176,-2.4091956036466176,5.567061273016438,-2.4091956036466176,-2.4091956036466176,-2.4091956036466176,2.2864889780453233,4.360954832878797,-2.4091956036466176,-2.4091956036466176,5.530250541938092,-2.4091956036466176,4.8459310768082755,3.9655561978608826,-2.4091956036466176,5.645153035456217,-2.4091956036466176,-2.4091956036466176,-2.4091956036466176,4.642063684463391,-2.4091956036466176,4.96903685985234,-2.4091956036466176,-2.4091956036466176,5.8992496739235545,-2.4091956036466176,-2.4091956036466176,-2.4091956036466176,-2.4091956036466176,5.189028860574004,-2.4091956036466176,-2.4091956036466176,10.319802248215478,4.838259219148478,8.072866190949794,5.707188329632078,-2.4091956036466176,-2.4091956036466176,-2.4091956036466176,-2.4091956036466176,-2.4091956036466176,1.6252649143767233,-2.4091956036466176,-2.4091956036466176,-2.4091956036466176,-2.4091956036466176,-2.4091956036466176,-2.4091956036466176,-2.4091956036466176,-2.4091956036466176,-2.4091956036466176,-2.4091956036466176,-2.4091956036466176,-2.4091956036466176,6.548512563030617,10.558118511448482,8.024091875511093,-2.4091956036466176,-2.4091956036466176,-2.4091956036466176,-2.4091956036466176,6.325447174660421,-2.4091956036466176,-2.4091956036466176,6.8665501129723845,2.342673368976195,2.67604406574716,-2.4091956036466176,7.25169347628508,-2.4091956036466176,3.936265841942549,6.440241246826251,6.8479300802406895,8.886197243400197
PSM7J15Q,-2.8219267339241725,-2.8219267339241725,-2.8219267339241725,-2.8219267339241725,-2.8219267339241725,-2.8219267339241725,-2.8219267339241725,1.9117972640022174,5.184345170276898,-2.8219267339241725,-2.8219267339241725,-2.8219267339241725,-2.8219267339241725,-2.8219267339241725,-2.8219267339241725,-2.8219267339241725,-2.8219267339241725,-2.8219267339241725,-2.8219267339241725,-2.8219267339241725,-2.8219267339241725,-2.8219267339241725,-2.8219267339241725,-2.8219267339241725,1.6550049380013956,-2.8219267339241725,-2.8219267339241725,-2.8219267339241725,-2.8219267339241725,7.2973713367952,-2.8219267339241725,-2.8219267339241725,-2.8219267339241725,-2.8219267339241725,5.087565791612879,-2.8219267339241725,5.392308821201621,6.462756710793472,-2.8219267339241725,2.6162833973289974,6.736885213469978,-2.8219267339241725,7.145629768635574,-2.8219267339241725,-2.8219267339241725,-2.8219267339241725,5.6608562968484755,-2.8219267339241725,3.304641806929891,-2.8219267339241725,-2.8219267339241725,7.310061889935669,2.9270840765938697,-2.8219267339241725,-2.8219267339241725,-2.8219267339241725,9.488304802983848,-2.8219267339241725,-2.8219267339241725,9.355376004831216,6.435556754810817,4.105177209628593,5.89403946135586,-2.8219267339241725,-2.8219267339241725,1.7584096671958722,1.6845234852053252,-2.8219267339241725,2.0166996501890644,-2.8219267339241725,-2.8219267339241725,-2.8219267339241725,-2.8219267339241725,-2.8219267339241725,-2.8219267339241725,-2.8219267339241725,-2.8219267339241725,-2.8219267339241725,-2.8219267339241725,-2.8219267339241725,-2.8219267339241725,5.795377953146482,9.693093783977094,7.29872671754929,-2.8219267339241725,-2.8219267339241725,-2.8219267339241725,-2.8219267339241725,7.096313195773995,-2.8219267339241725,-2.8219267339241725,7.6532519533504795,2.455020948370521,3.1210819328674244,4.486328310816274,8.02924284916293,-2.8219267339241725,1.9829402990870513,5.213699620192594,6.660060678008147,7.331346678065396
PSM7J15S,-3.3232110583109815,-3.3232110583109815,-3.3232110583109815,-3.3232110583109815,0.12063374075504107,-3.3232110583109815,-3.3232110583109815,2.442851326262854,4.438258979512065,-3.3232110583109815,-3.3232110583109815,1.5520621993792751,-3.3232110583109815,2.9497329972307798,-3.3232110583109815,-3.3232110583109815,-3.3232110583109815,-3.3232110583109815,-3.3232110583109815,-3.3232110583109815,-3.3232110583109815,-3.3232110583109815,1.06191375155605,3.3844444280766437,1.3152019760989226,2.322143253638121,-3.3232110583109815,-3.3232110583109815,-3.3232110583109815,7.737699115382613,-3.3232110583109815,-3.3232110583109815,-3.3232110583109815,1.4240435218354843,5.068367268420945,-3.3232110583109815,2.0387835645312933,5.546648117253709,-1.6585866135862712,4.159661271457748,5.442944310994479,-3.3232110583109815,7.099166023965289,-3.3232110583109815,-3.3232110583109815,-3.3232110583109815,4.851079536632447,-3.3232110583109815,4.4052036168110424,-3.3232110583109815,-3.3232110583109815,7.430131682125358,-3.3232110583109815,-3.3232110583109815,-3.3232110583109815,-3.3232110583109815,8.482369027397512,-3.3232110583109815,-3.3232110583109815,8.973759094046205,5.648517235538407,6.284782904689109,4.47210985309237,-3.3232110583109815,3.7371607371999165,1.7713830316934924,-3.3232110583109815,-3.3232110583109815,1.6426544912253167,-3.3232110583109815,-3.3232110583109815,-3.3232110583109815,-3.3232110583109815,-3.3232110583109815,-3.3232110583109815,-3.3232110583109815,-3.3232110583109815,-3.3232110583109815,-3.3232110583109815,-0.5052573491076053,-3.3232110583109815,5.872619230623861,9.298454435997115,6.94590906721031,-3.3232110583109815,-3.3232110583109815,-3.3232110583109815,-3.3232110583109815,6.416267487473021,-3.3232110583109815,0.25786216303615817,6.540216100141363,3.0532868373689386,4.386121282084096,6.537861324181987,6.51519283365979,-3.3232110583109815,2.970923882767104,5.014972167520139,6.149235096181099,5.824245321371392
PSM7J15U,-2.6746149561235857,-2.6746149561235857,-2.6746149561235857,-2.6746149561235857,-2.6746149561235857,-2.6746149561235857,-2.6746149561235857,-2.6746149561235857,4.039667722217665,-2.6746149561235857,-2.6746149561235857,-2.6746149561235857,-2.6746149561235857,-2.6746149561235857,-2.6746149561235857,-2.6746149561235857,-2.6746149561235857,-2.6746149561235857,-2.6746149561235857,-2.6746149561235857,-2.6746149561235857,-2.6746149561235857,-2.6746149561235857,-2.6746149561235857,2.457787185219928,-2.6746149561235857,-2.6746149561235857,-2.6746149561235857,-2.6746149561235857,6.586012316590617,-2.6746149561235857,-2.6746149561235857,-2.6746149561235857,-2.6746149561235857,4.6162270422146365,-2.6746149561235857,5.090510934543397,5.587217109564805,-2.6746149561235857,4.5741746011739846,5.794153536258124,-2.6746149561235857,7.15492360656881,-2.6746149561235857,-2.6746149561235857,-2.6746149561235857,3.739741816912292,-2.6746149561235857,3.53547431093752,-2.6746149561235857,-2.6746149561235857,5.67514379603949,4.496977680532649,-2.6746149561235857,-2.6746149561235857,-2.6746149561235857,8.643053410672891,-2.6746149561235857,-2.6746149561235857,9.887141319070924,5.8911296986611,5.626045828974298,4.31476182454169,3.3538884904220136,-2.6746149561235857,-2.6746149561235857,-2.6746149561235857,-2.6746149561235857,0.5323527881605497,-2.6746149561235857,-2.6746149561235857,-2.6746149561235857,-2.6746149561235857,-2.6746149561235857,-2.6746149561235857,-2.6746149561235857,-2.6746149561235857,-2.6746149561235857,-2.6746149561235857,-2.6746149561235857,-2.6746149561235857,6.079045694466606,10.342181760356318,8.035478780197375,-2.6746149561235857,-2.6746149561235857,-2.6746149561235857,-2.6746149561235857,6.017770054266193,-2.6746149561235857,-2.6746149561235857,6.509855422714198,4.237912833375484,4.3905751165365325,6.406992617579513,6.985180884829359,-2.6746149561235857,2.106258449778611,6.022314557508212,6.30965077889026,6.834215046626444
PSM7J16U,-0.5278239530266777,3.1426150060193008,-3.4102062847714123,3.1377955706226315,5.588341730985837,-3.4102062847714123,3.5840528361092856,2.8140827592977855,-3.4102062847714123,-3.4102062847714123,-3.4102062847714123,6.370910946276146,-3.4102062847714123,6.211083509054626,-3.4102062847714123,4.9610429932682925,-3.4102062847714123,5.753019692271414,-3.4102062847714123,-3.4102062847714123,4.5350689767124,-3.4102062847714123,3.5314409505075757,7.114952777119026,6.926275043543446,-3.4102062847714123,5.652465248784723,-3.4102062847714123,-3.4102062847714123,-3.4102062847714123,1.724249823589263,-3.4102062847714123,-3.4102062847714123,-3.4102062847714123,-3.4102062847714123,-3.4102062847714123,-3.4102062847714123,-3.4102062847714123,-3.4102062847714123,-3.4102062847714123,-3.4102062847714123,-3.4102062847714123,-3.4102062847714123,-3.4102062847714123,3.6343909644682864,2.8993762053418717,-3.4102062847714123,-3.4102062847714123,3.5524515877258924,3.9598878973669907,-3.4102062847714123,-3.4102062847714123,-3.4102062847714123,2.675618745652314,3.175010967265755,2.1448863355883994,6.4874290209335825,4.05863281729823,-3.4102062847714123,6.678222593307364,-3.4102062847714123,3.5135046589829724,-3.4102062847714123,-3.4102062847714123,-3.4102062847714123,-3.4102062847714123,3.684691283137882,-3.4102062847714123,5.2401843735956986,-3.4102062847714123,-3.4102062847714123,-3.4102062847714123,2.537788160931062,0.8693314653026594,-3.4102062847714123,-3.4102062847714123,4.804883747783487,-3.4102062847714123,3.5797334947308777,10.067938709760346,-3.4102062847714123,2.8061595737377463,4.334561473656614,6.364214937005924,-3.4102062847714123,-3.4102062847714123,-3.4102062847714123,-3.4102062847714123,-0.6301451846749497,6.022740843420796,5.361564058345447,5.760201048740851,-3.4102062847714123,-3.4102062847714123,4.2698748625365965,6.110919683118066,6.414796089976721,-3.4102062847714123,-3.4102062847714123,0.07312762102523607,-3.4102062847714123
PSM7J16W,5.498549755864632,4.153341302908961,-3.761962671574535,4.042918325087996,6.276595551853751,-3.761962671574535,4.135688456119958,-1.7242461239617644,-3.761962671574535,1.1984386710621013,-3.761962671574535,6.0704996855144255,-3.761962671574535,4.76819650508809,-3.761962671574535,4.595070020533105,-3.761962671574535,3.730540610706835,-3.761962671574535,-3.761962671574535,4.769592794244181,-3.761962671574535,2.6811657102379396,6.799794981351404,6.298818602198375,-3.761962671574535,5.156536450082301,-3.761962671574535,-3.761962671574535,-3.761962671574535,3.4481946665952483,1.6757098460662583,1.1660242026900107,-3.761962671574535,-3.761962671574535,-3.761962671574535,0.814322786421922,-3.761962671574535,-3.761962671574535,-3.761962671574535,-3.761962671574535,-1.5888889356069633,-3.761962671574535,-3.761962671574535,0.5888063557019088,4.163259143753454,-3.761962671574535,-3.761962671574535,1.6814106395006192,4.059030629330813,-3.761962671574535,-3.761962671574535,-3.761962671574535,3.9840388238349016,-3.761962671574535,0.6507424830903066,5.989815376430827,5.319998018745305,3.632843720489827,7.848040380564786,-3.761962671574535,3.8412062883085163,-3.761962671574535,1.0111277608629088,-3.761962671574535,-3.761962671574535,2.796820934451679,-3.761962671574535,1.9643929493839547,0.2579983898968745,3.717497359660925,5.399668469469058,3.870335202455119,-3.761962671574535,-3.761962671574535,-3.761962671574535,5.005271533081892,-1.318300188551067,-3.761962671574535,9.598868210716098,-3.761962671574535,3.0891543319006383,4.919440388385095,5.409597475729432,-3.761962671574535,-3.761962671574535,-3.761962671574535,-3.761962671574535,-3.761962671574535,4.841383155179311,1.526595846678699,3.3521137322357806,-3.761962671574535,-3.761962671574535,-3.761962671574535,5.803529756380397,5.506193991808622,-3.761962671574535,-3.761962671574535,0.47718032299786906,1.3812455596184208
PSM7J16Y,7.0054950178453606,5.243767425571791,-4.601917804430858,5.081620056643938,6.883945382786456,-4.601917804430858,5.205047341816371,0.4040640379278315,0.1291830612649072,1.247328018610009,-4.601917804430858,6.882243337567134,-4.601917804430858,5.3084530232735165,-4.601917804430858,4.444907481090479,-4.601917804430858,3.75503591222043,-4.601917804430858,-4.601917804430858,4.121800286605796,-4.601917804430858,3.491104762619572,7.32330957340681,5.691957206230374,-4.601917804430858,6.469910646700651,-4.601917804430858,-4.601917804430858,2.2058207805282697,4.337249118068727,2.7009522572074065,0.7321374420809903,-4.601917804430858,-4.601917804430858,-4.601917804430858,-4.601917804430858,2.1463176556926298,-4.601917804430858,-4.601917804430858,2.9475885517301768,0.4653568058213686,0.11907400397722512,-4.601917804430858,1.8307022367159984,3.7604747141721564,-4.601917804430858,-4.601917804430858,2.28384556859029,3.3592459276705835,-4.601917804430858,-4.601917804430858,-4.601917804430858,3.5476155056514447,1.8785735151042813,3.213867473776981,5.3046348391526745,5.407930750954989,2.326799823165265,6.04674299501499,-4.601917804430858,0.04529582440446944,-4.601917804430858,-0.12562715046227702,-4.601917804430858,-4.601917804430858,2.766975730623459,1.6349357472916228,2.578956995090028,0.37374035854146115,2.2237683792969634,5.67296365250361,3.3301824799044297,-4.601917804430858,-4.601917804430858,-4.601917804430858,5.2817106768850035,0.35129422847498937,-4.601917804430858,6.1841931663086145,-4.601917804430858,5.042068386351034,1.741256472257911,1.7443523696860819,-4.601917804430858,-4.601917804430858,-4.601917804430858,-4.601917804430858,-4.601917804430858,5.246000988579059,3.693093645117723,3.8467237668871714,-4.601917804430858,1.243734815644392,-4.601917804430858,6.601708852981506,5.2044932306879454,-4.601917804430858,-4.601917804430858,-4.601917804430858,-0.10345956378630561
PSM7J171,5.909832132686821,4.931875636271219,-3.0429665927721317,4.8273937113478915,7.442352388227498,-3.0429665927721317,5.3742984931706355,-3.0429665927721317,-3.0429665927721317,-3.0429665927721317,-3.0429665927721317,7.1764503509186035,-3.0429665927721317,5.550993203763223,-3.0429665927721317,5.5590148400757045,-3.0429665927721317,5.177371032811236,-3.0429665927721317,-3.0429665927721317,5.908197150462192,-3.0429665927721317,4.056299978550028,7.655041547553956,6.241176424955341,-3.0429665927721317,6.5465525485095615,-3.0429665927721317,-3.0429665927721317,-3.0429665927721317,2.1938303739851257,-3.0429665927721317,-3.0429665927721317,-3.0429665927721317,-3.0429665927721317,-3.0429665927721317,-3.0429665927721317,-3.0429665927721317,-3.0429665927721317,-3.0429665927721317,-3.0429665927721317,-3.0429665927721317,-3.0429665927721317,-3.0429665927721317,-3.0429665927721317,2.7895702190207814,-3.0429665927721317,-3.0429665927721317,-3.0429665927721317,2.9132112410958646,-3.0429665927721317,-3.0429665927721317,-3.0429665927721317,-3.0429665927721317,1.080842087143342,-3.0429665927721317,6.350573529456602,8.62363840934971,-3.0429665927721317,6.883848221111116,-3.0429665927721317,4.330760636170891,-3.0429665927721317,-3.0429665927721317,-3.0429665927721317,-3.0429665927721317,2.354087185226099,-3.0429665927721317,1.632786800175385,-3.0429665927721317,3.888914394107875,6.281552690282657,3.3695913872346086,2.398301854769654,-3.0429665927721317,-3.0429665927721317,6.0352218215021,-3.0429665927721317,-3.0429665927721317,10.291327397692449,-3.0429665927721317,4.403101419323778,-3.0429665927721317,5.727267660128129,-3.0429665927721317,-3.0429665927721317,-3.0429665927721317,-3.0429665927721317,-3.0429665927721317,4.390900909409047,2.603110976723297,4.3214515665766635,-3.0429665927721317,-3.0429665927721317,-3.0429665927721317,6.525265230602743,5.932574351661841,-3.0429665927721317,-3.0429665927721317,-0.8075597589253682,1.7929087087429014
PSM7J173,6.201006818691418,4.742305001145012,-3.925215918440358,4.512134846668977,6.725188302144408,-3.925215918440358,5.057293287526989,-0.5590959338997195,-3.925215918440358,-3.925215918440358,-3.925215918440358,6.753184143795277,-3.925215918440358,5.424288733857925,-3.925215918440358,5.241768268049681,-3.925215918440358,4.793736730934572,-3.925215918440358,-3.925215918440358,5.543471018959814,-3.925215918440358,3.517048552997795,6.820490081918647,6.90271221417697,-3.925215918440358,6.445569524023895,-3.925215918440358,-3.925215918440358,1.4682425224311881,2.583462547847599,-0.051356881675483024,-3.925215918440358,-3.925215918440358,-3.925215918440358,-3.925215918440358,-0.162796586605495,-3.925215918440358,-3.925215918440358,-3.925215918440358,-3.925215918440358,3.640717168262297,-3.925215918440358,-3.925215918440358,1.133587123668777,2.358876640719145,-3.925215918440358,-3.925215918440358,3.144995977624254,3.224431288505378,-3.925215918440358,-3.925215918440358,-3.925215918440358,3.703592879678636,0.3170929994300433,1.4827344822109154,3.5261111530933826,7.405721024472277,4.48806392102171,6.229663824324135,-3.925215918440358,3.1872339708267416,-3.925215918440358,-3.925215918440358,-3.925215918440358,-3.925215918440358,3.4193908150102352,-3.925215918440358,2.57415677130797,-0.45396952295809356,-3.925215918440358,5.459354678129576,3.947711345696372,-0.29096203891880634,-3.925215918440358,-3.925215918440358,5.604766131013364,-3.925215918440358,2.9012288717045376,9.119076949076831,-3.925215918440358,3.6111626371537113,5.43640839461483,4.635326436777729,-3.925215918440358,-3.925215918440358,-3.925215918440358,-3.925215918440358,-3.925215918440358,4.757131186436974,2.735943359781471,3.53979023175736,-3.925215918440358,-3.925215918440358,1.3317235800254448,6.657619009788505,5.670520136333986,-3.925215918440358,-3.925215918440358,-3.925215918440358,-0.19705869754236538
PSM7J17V,-2.1323554065891006,-2.1323554065891006,-2.1323554065891006,-2.1323554065891006,-2.1323554065891006,-2.1323554065891006,-2.1323554065891006,-2.1323554065891006,-2.1323554065891006,-2.1323554065891006,-2.1323554065891006,-2.1323554065891006,-2.1323554065891006,-2.1323554065891006,-2.1323554065891006,-2.1323554065891006,-2.1323554065891006,-2.1323554065891006,-2.1323554065891006,-2.1323554065891006,-2.1323554065891006,-2.1323554065891006,-2.1323554065891006,-2.1323554065891006,0.2818424584940864,-2.1323554065891006,-2.1323554065891006,-2.1323554065891006,-2.1323554065891006,6.721152714470679,-2.1323554065891006,-2.1323554065891006,-2.1323554065891006,-2.1323554065891006,1.052397436057177,3.9527892759381356,5.964865610973753,3.3687288218343596,-2.1323554065891006,5.78633188696889,7.751328214798983,-2.1323554065891006,7.030228900492931,-2.1323554065891006,-2.1323554065891006,-2.1323554065891006,7.696317244924005,-2.1323554065891006,6.954064028315041,-2.1323554065891006,-2.1323554065891006,8.757753037699265,3.794276751581677,-2.1323554065891006,-2.1323554065891006,-2.1323554065891006,-2.1323554065891006,-2.1323554065891006,-2.1323554065891006,3.138397665106263,6.805966313408578,9.386196725590239,-2.1323554065891006,-2.1323554065891006,-2.1323554065891006,-2.1323554065891006,-2.1323554065891006,-2.1323554065891006,-2.1323554065891006,-2.1323554065891006,-2.1323554065891006,-2.1323554065891006,-2.1323554065891006,-2.1323554065891006,-2.1323554065891006,-2.1323554065891006,-2.1323554065891006,-2.1323554065891006,-2.1323554065891006,-2.1323554065891006,-2.1323554065891006,-2.1323554065891006,11.044915644714735,-2.1323554065891006,-2.1323554065891006,-2.1323554065891006,-2.1323554065891006,-2.1323554065891006,7.49275523119177,-2.1323554065891006,-2.1323554065891006,6.318854204312076,6.012556071554908,5.138755305260698,-2.1323554065891006,8.87252767419869,-2.1323554065891006,3.0300426337949453,7.408474831065956,6.487277804717732,9.677859006715014
PSM7J17X,-2.331692995639779,-2.331692995639779,-2.331692995639779,-2.331692995639779,-2.331692995639779,-2.331692995639779,-2.331692995639779,-2.331692995639779,-2.331692995639779,-2.331692995639779,-2.331692995639779,-2.331692995639779,-2.331692995639779,-2.331692995639779,-2.331692995639779,-2.331692995639779,-2.331692995639779,-2.331692995639779,-2.331692995639779,-2.331692995639779,-2.331692995639779,-2.331692995639779,-2.331692995639779,-2.331692995639779,-2.331692995639779,-2.331692995639779,-2.331692995639779,-2.331692995639779,-2.331692995639779,7.569925401109154,-2.331692995639779,-2.331692995639779,-2.331692995639779,2.157152310198553,-2.331692995639779,4.070871905777666,5.7173205567605425,3.623659835766346,-2.331692995639779,4.5773605960604575,7.280787453698026,-2.331692995639779,6.903330909125827,-2.331692995639779,-2.331692995639779,-2.331692995639779,5.406729990223214,-2.331692995639779,6.801548195606381,-2.331692995639779,-2.331692995639779,7.601782253144652,6.820589102286446,-2.331692995639779,-2.331692995639779,-2.331692995639779,-2.331692995639779,-2.331692995639779,-2.331692995639779,3.731678900301951,6.000360533866716,8.943606766793696,-2.331692995639779,-2.331692995639779,3.4870361020806184,-2.331692995639779,-2.331692995639779,-2.331692995639779,-2.331692995639779,-2.331692995639779,-2.331692995639779,-2.331692995639779,-2.331692995639779,-2.331692995639779,-2.331692995639779,-2.331692995639779,-2.331692995639779,-2.331692995639779,5.327374300366295,-2.331692995639779,-2.331692995639779,-2.331692995639779,11.108534214905575,-2.331692995639779,-2.331692995639779,-2.331692995639779,-2.331692995639779,-2.331692995639779,7.933452983982576,-2.331692995639779,-2.331692995639779,6.844185915703754,4.791451676945668,3.8955461066346615,5.1881285944096565,7.64849275708111,-2.331692995639779,4.462405208837648,7.344590079731986,6.53730847597978,8.438377554323143
PSM7J17Z,-2.0499369593943264,-2.0499369593943264,-2.0499369593943264,-2.0499369593943264,-2.0499369593943264,-2.0499369593943264,-2.0499369593943264,-2.0499369593943264,-2.0499369593943264,-2.0499369593943264,-2.0499369593943264,-2.0499369593943264,-2.0499369593943264,-2.0499369593943264,-2.0499369593943264,-2.0499369593943264,-2.0499369593943264,-2.0499369593943264,-2.0499369593943264,-2.0499369593943264,-2.0499369593943264,-2.0499369593943264,-2.0499369593943264,-2.0499369593943264,-2.0499369593943264,-2.0499369593943264,-2.0499369593943264,-2.0499369593943264,-2.0499369593943264,7.213814016639358,-2.0499369593943264,-2.0499369593943264,-2.0499369593943264,-2.0499369593943264,-2.0499369593943264,-2.0499369593943264,5.346791056423823,-2.0499369593943264,-2.0499369593943264,5.884133631509293,6.735061376467135,-2.0499369593943264,4.140260746777848,-2.0499369593943264,-2.0499369593943264,-2.0499369593943264,7.438939632957877,-2.0499369593943264,5.4631171328191614,-2.0499369593943264,-2.0499369593943264,7.776378984212097,-2.0499369593943264,-2.0499369593943264,-2.0499369593943264,-2.0499369593943264,-2.0499369593943264,-2.0499369593943264,-2.0499369593943264,11.145561686988424,6.063072573810445,9.129156227487178,-2.0499369593943264,-2.0499369593943264,-2.0499369593943264,-2.0499369593943264,-2.0499369593943264,-2.0499369593943264,-2.0499369593943264,-2.0499369593943264,-2.0499369593943264,-2.0499369593943264,-2.0499369593943264,-2.0499369593943264,-2.0499369593943264,-2.0499369593943264,-2.0499369593943264,-2.0499369593943264,4.140707057624169,-2.0499369593943264,-2.0499369593943264,4.799101869583948,9.645832211935678,9.499048899003945,-2.0499369593943264,-2.0499369593943264,-2.0499369593943264,-2.0499369593943264,5.525631429670379,-2.0499369593943264,1.3018799298654713,5.653981763839106,3.055472339576598,1.5798058617833508,-2.0499369593943264,7.830884759986587,-2.0499369593943264,3.595409010450714,6.70988336325094,7.0626636298446375,9.058619721458255
PSM7J182,-2.5878565957327684,-2.5878565957327684,-2.5878565957327684,-2.5878565957327684,-2.5878565957327684,-2.5878565957327684,-2.5878565957327684,1.10711655799326,-2.5878565957327684,-2.5878565957327684,-2.5878565957327684,-2.5878565957327684,-2.5878565957327684,-2.5878565957327684,-2.5878565957327684,-2.5878565957327684,-2.5878565957327684,-2.5878565957327684,-2.5878565957327684,-2.5878565957327684,-2.5878565957327684,-2.5878565957327684,-2.5878565957327684,-2.5878565957327684,0.15866190211300868,-2.5878565957327684,-2.5878565957327684,-2.5878565957327684,-2.5878565957327684,6.745884687925316,-2.5878565957327684,-2.5878565957327684,-2.5878565957327684,0.31682110948709585,5.1431074094670155,-2.5878565957327684,3.4826383367284626,6.167686493543522,-2.5878565957327684,2.992362978333478,5.194789109873523,-2.5878565957327684,6.698704036810079,-2.5878565957327684,-2.5878565957327684,-2.5878565957327684,3.6988407655813766,-2.5878565957327684,4.660789274222551,-2.5878565957327684,2.972007904785073,6.847570066267031,-2.5878565957327684,-2.5878565957327684,-2.5878565957327684,-2.5878565957327684,-2.5878565957327684,-2.5878565957327684,-2.5878565957327684,9.910881038349736,4.693631570600796,7.178160668533586,5.227236596154469,-2.5878565957327684,4.437878273627911,-0.740633694282467,-2.5878565957327684,-2.5878565957327684,0.5949862220077922,-2.5878565957327684,-2.5878565957327684,-2.5878565957327684,-2.5878565957327684,-2.5878565957327684,-2.5878565957327684,-2.5878565957327684,-2.5878565957327684,-2.5878565957327684,2.475898758674578,-2.5878565957327684,-2.5878565957327684,6.8094648790801084,10.528568554428661,8.777856219405564,-2.5878565957327684,-2.5878565957327684,-2.5878565957327684,-2.5878565957327684,5.532909168029762,-2.5878565957327684,0.9408668936696092,5.520338401915233,3.81834856639951,3.6456412618832026,3.490439363462216,6.924783397146347,-2.5878565957327684,2.9341266305728926,5.535288688167438,5.912041207057289,7.874985424614056
PSM7J184,-2.246206167941004,-2.246206167941004,-2.246206167941004,-2.246206167941004,-2.246206167941004,-2.246206167941004,-2.246206167941004,-2.246206167941004,-2.246206167941004,3.579090566765771,-2.246206167941004,-2.246206167941004,-2.246206167941004,-2.246206167941004,-2.246206167941004,-2.246206167941004,-2.246206167941004,-2.246206167941004,-2.246206167941004,-2.246206167941004,-2.246206167941004,1.108104947154123,-2.246206167941004,0.8013616132264865,1.0463610313691127,-2.246206167941004,-2.246206167941004,-2.246206167941004,-2.246206167941004,5.275490282261365,-2.246206167941004,-2.246206167941004,-2.246206167941004,3.9128022767482378,3.764140694418071,-2.246206167941004,-2.246206167941004,5.683427547068169,-2.246206167941004,2.8321136547478787,4.302155755920545,-2.246206167941004,6.32118148138374,-2.246206167941004,-2.246206167941004,-2.246206167941004,2.616311282934422,-2.246206167941004,4.545659378495101,-2.246206167941004,-2.246206167941004,4.658285271578831,-2.246206167941004,-2.246206167941004,-2.246206167941004,-2.246206167941004,-2.246206167941004,-2.246206167941004,-2.246206167941004,10.986782888157254,5.341218628264019,6.501811035714246,5.417911214551348,-2.246206167941004,4.7517000699425385,-2.246206167941004,-2.246206167941004,-2.246206167941004,-2.246206167941004,-2.246206167941004,-2.246206167941004,-2.246206167941004,-2.246206167941004,-2.246206167941004,-2.246206167941004,-2.246206167941004,-2.246206167941004,-2.246206167941004,4.062774533490225,1.4227877821960497,-2.246206167941004,7.223537898370384,10.452574437067938,8.303022477542047,-2.246206167941004,-2.246206167941004,-2.246206167941004,-2.246206167941004,5.748199833720861,-2.246206167941004,-2.246206167941004,5.04901144062396,2.2069092045926393,1.713090211004845,-2.246206167941004,7.2003949500660385,-2.246206167941004,-2.246206167941004,6.088542793897315,4.738624252435038,7.332846152219459
PSM7J186,-2.30317933346403,-2.30317933346403,-2.30317933346403,-2.30317933346403,-2.30317933346403,-2.30317933346403,-2.30317933346403,-2.30317933346403,3.7875306911324955,4.273279049697588,-2.30317933346403,-2.30317933346403,-2.30317933346403,-2.30317933346403,-2.30317933346403,-2.30317933346403,-2.30317933346403,-2.30317933346403,-2.30317933346403,-2.30317933346403,-2.30317933346403,-2.30317933346403,-2.30317933346403,-2.30317933346403,1.1998602637378486,-2.30317933346403,-2.30317933346403,-2.30317933346403,-2.30317933346403,5.227403132752672,-2.30317933346403,-2.30317933346403,-2.30317933346403,2.2558140642416333,4.786640801990488,-2.30317933346403,4.449832728311477,6.226020337113253,-2.30317933346403,2.217356896628459,3.6158573112543984,-2.30317933346403,6.37443412640038,-2.30317933346403,-2.30317933346403,-2.30317933346403,5.166156190979109,-2.30317933346403,4.212400977230307,-2.30317933346403,-2.30317933346403,5.1647463927568475,3.331003692927169,-2.30317933346403,-2.30317933346403,-2.30317933346403,-2.30317933346403,-2.30317933346403,-2.30317933346403,11.027880766519504,6.12267981626738,6.327570640841972,4.8095411762253235,-2.30317933346403,-2.30317933346403,-2.30317933346403,-2.30317933346403,-2.30317933346403,-2.30317933346403,-2.30317933346403,3.2061943598691904,-2.30317933346403,-2.30317933346403,-2.30317933346403,-2.30317933346403,-2.30317933346403,-2.30317933346403,-2.30317933346403,-2.30317933346403,-2.30317933346403,-2.30317933346403,6.873593188262063,10.10698047319121,8.800284689132068,-2.30317933346403,-2.30317933346403,-2.30317933346403,-2.30317933346403,6.922845141362446,-2.30317933346403,-2.30317933346403,5.781711152685807,1.5688089118766388,-2.30317933346403,3.9705620620290842,6.511988760993846,-2.30317933346403,-2.30317933346403,4.989404016886465,6.029617372270537,5.88455415691249
PSM7J19N,5.7222088840888805,4.278442384183607,-4.1081661674798955,4.357311441915248,6.371380459897805,-4.1081661674798955,4.940813332522717,-0.7243943428277415,-4.1081661674798955,-4.1081661674798955,-4.1081661674798955,6.107672712330823,-4.1081661674798955,4.974611077846212,-4.1081661674798955,5.130282950125662,-4.1081661674798955,4.454693078392546,-4.1081661674798955,-4.1081661674798955,4.556625849982744,-4.1081661674798955,3.4527024664906723,7.09507506115084,5.245107181385821,-4.1081661674798955,5.753367186333027,-4.1081661674798955,-4.1081661674798955,1.9857097654427225,3.233200733634863,1.035096324816049,-0.5257711076737301,-4.1081661674798955,-4.1081661674798955,-4.1081661674798955,0.5875525874684815,-0.31512971106342036,-4.1081661674798955,-4.1081661674798955,-4.1081661674798955,2.410498984185603,-1.1970684992995828,-4.1081661674798955,0.8962097906871733,2.7208066195948,-4.1081661674798955,-4.1081661674798955,2.4307753513267727,4.392190118555039,-4.1081661674798955,-4.1081661674798955,-4.1081661674798955,4.006497871281658,-0.032513148885255916,1.2188451169412993,6.102581238395896,6.030458607943216,-4.1081661674798955,7.1627208072049,-0.1748821277145538,3.4010365686152264,-4.1081661674798955,-0.0015682518912907284,-4.1081661674798955,-4.1081661674798955,3.3648916335272547,-4.1081661674798955,2.6272273946802915,0.9374255609255613,1.2962047893620738,5.267118304195497,-4.1081661674798955,-4.1081661674798955,-4.1081661674798955,-4.1081661674798955,5.0148386851191,-1.6940931720605619,2.3215370383091463,9.015961876054291,-4.1081661674798955,3.3514818177694954,5.482721930417999,5.160173335869305,-4.1081661674798955,-4.1081661674798955,-0.10116615938267337,-4.1081661674798955,-4.1081661674798955,4.828950984174496,2.869591375012943,4.567636354378962,-4.1081661674798955,-4.1081661674798955,1.6574387185660324,6.4999260828127206,5.163089630867411,-4.1081661674798955,-4.1081661674798955,-4.1081661674798955,0.15337399261086304
PSM7J19P,6.013156165043674,4.453541326246053,-3.5834573246360506,4.374947772303222,6.594365479450177,-3.5834573246360506,5.016359422625922,-3.5834573246360506,-3.5834573246360506,-3.5834573246360506,-3.5834573246360506,6.230564063923958,-3.5834573246360506,4.952573024976125,-3.5834573246360506,4.669904364484688,-3.5834573246360506,4.317849868355541,-3.5834573246360506,-3.5834573246360506,5.547024752092089,-3.5834573246360506,2.9852296560963625,7.215530097078711,6.493532741991995,-3.5834573246360506,6.014252802610081,-3.5834573246360506,-3.5834573246360506,1.7951449558081443,3.5528587893875363,2.0234819476468537,-0.462684661644186,-3.5834573246360506,-3.5834573246360506,-3.5834573246360506,-3.5834573246360506,-3.5834573246360506,-3.5834573246360506,-3.5834573246360506,-3.5834573246360506,2.5366635766963315,-3.5834573246360506,-3.5834573246360506,0.7145567302705871,2.3057280227046606,-3.5834573246360506,-3.5834573246360506,2.8573334163390482,4.600156276159079,-3.5834573246360506,-3.5834573246360506,-3.5834573246360506,3.3397024880351713,-3.5834573246360506,0.8458652242853706,6.549070948134457,7.197255759364185,-3.5834573246360506,7.650937436378307,-3.5834573246360506,4.6804649671331156,-3.5834573246360506,-3.5834573246360506,-3.5834573246360506,-3.5834573246360506,2.5946978360975423,-3.5834573246360506,0.978057693535181,0.7351820886482212,1.989124615627924,5.559476269918262,-3.5834573246360506,-1.8981534583575037,-3.5834573246360506,-3.5834573246360506,4.7281740971447865,-1.7088653136847913,-3.5834573246360506,9.692931375378791,-3.5834573246360506,3.699398110266893,4.8633489780576244,4.892884072734152,3.1048631125579087,-3.5834573246360506,-3.5834573246360506,-3.5834573246360506,-3.5834573246360506,5.0859144020622,2.1117813453053067,4.830583850154281,-3.5834573246360506,-3.5834573246360506,-3.5834573246360506,6.668543967092978,5.730604013948148,-3.5834573246360506,-3.5834573246360506,-3.5834573246360506,1.1993237352448443
PSM7J19R,7.362505039001033,4.033891792772799,-4.899660282519937,3.9612401070248033,5.5218141082187575,-4.899660282519937,4.134079202187707,0.801037602915482,1.3421137318461298,-0.12041744069589733,-4.899660282519937,5.67328603845143,-4.899660282519937,4.553904085547777,-4.899660282519937,3.4988152175941005,-4.899660282519937,2.2573564433015827,-4.899660282519937,-4.899660282519937,3.466569730307307,-0.08803842737839673,1.9130682624930078,6.737950342081904,4.928189577358927,-4.899660282519937,5.2069038331135316,-4.899660282519937,-4.899660282519937,4.148922553906586,3.9577549513840884,2.306036809076941,0.23086439935871184,-4.899660282519937,-0.030214250869393666,-4.899660282519937,0.3277966132051109,1.5868216959971466,-4.899660282519937,-4.899660282519937,2.889445797491084,1.5326035237060731,1.404522198166542,-4.899660282519937,2.5781872469680724,3.770400123558286,-4.899660282519937,-4.899660282519937,3.1081504561402555,4.620091560807473,-4.899660282519937,-4.899660282519937,-4.899660282519937,2.2263555733885223,0.8981725612761995,2.125759149373911,5.664963988061103,4.4900860241006555,-4.899660282519937,7.0624357196511625,-4.899660282519937,2.761793094242625,-4.899660282519937,1.7931535382513566,0.18151645934006488,-4.899660282519937,2.5311111754360365,1.0232362815033715,2.763537813088754,-0.6474222760994603,2.054169197883491,5.049107125778022,2.8853816559337506,-4.899660282519937,-4.899660282519937,-4.899660282519937,4.227077303469592,-0.2766339563786975,-4.899660282519937,6.807898743659768,-4.899660282519937,1.5024726620584365,1.0616744220287888,2.9785160801861217,1.6577529676055125,-4.899660282519937,-4.899660282519937,-4.899660282519937,-0.6142398805183955,4.420217631983832,2.9454420272752673,3.873905356612264,-4.899660282519937,-0.28170906747804736,-0.43303104871149856,6.0363399749261095,4.518216772023229,-4.899660282519937,-4.899660282519937,-2.314513834550892,-0.20062598972191914
PSM7J19T,5.011977058845684,4.2131971998774365,-3.689648986963208,4.369250365966759,6.934081626006635,-3.689648986963208,5.044121600033258,0.4199927856260608,-3.689648986963208,2.0443384425331033,-3.689648986963208,6.9311587259610175,-3.689648986963208,5.391343557313529,-3.689648986963208,4.910096361151953,-3.689648986963208,5.5539220948078585,-3.689648986963208,-3.689648986963208,5.736275258359051,-3.689648986963208,3.1511064254752803,6.558246035075241,6.956467827390445,-3.689648986963208,6.540127415091721,-3.689648986963208,-3.689648986963208,1.2508349238110483,2.769521859990161,0.8024083706166945,-3.689648986963208,-3.689648986963208,-3.689648986963208,-3.689648986963208,-3.689648986963208,-3.689648986963208,-3.689648986963208,-3.689648986963208,-3.689648986963208,1.1462686634292698,-3.689648986963208,-3.689648986963208,0.29333065257271684,1.1599532207511984,-3.689648986963208,-3.689648986963208,0.593395151748787,3.1613152550925445,-3.689648986963208,-3.689648986963208,-3.689648986963208,3.784437355104048,-3.689648986963208,0.14164797243073757,6.853692098902342,4.84259666314549,-3.689648986963208,7.082759141494138,-3.689648986963208,4.211194954850964,-3.689648986963208,-3.689648986963208,-3.689648986963208,-3.689648986963208,1.2930052439309598,-3.689648986963208,3.1275805949289524,-3.689648986963208,1.550166753979287,5.796960483963729,3.0485413143135096,-1.6977587467540634,-3.689648986963208,-3.689648986963208,4.920159707029284,-3.689648986963208,3.7163455153076193,9.567245084150468,-3.689648986963208,3.5095331012996,5.956823675361007,4.026615468086707,-3.689648986963208,-3.689648986963208,-3.689648986963208,-3.689648986963208,-3.689648986963208,4.971047383018209,3.3456194811149116,3.366429858932973,-3.689648986963208,-3.689648986963208,-0.19146944371691887,6.560258753124978,6.006132359079703,-3.689648986963208,-3.689648986963208,0.4250070399607768,1.014795644556557
PSM7J19Z,-2.463021590583695,-2.463021590583695,-2.463021590583695,-2.463021590583695,-2.463021590583695,-2.463021590583695,-2.463021590583695,-2.463021590583695,-2.463021590583695,-2.463021590583695,-2.463021590583695,-2.463021590583695,-2.463021590583695,-2.463021590583695,-2.463021590583695,-2.463021590583695,-2.463021590583695,-2.463021590583695,-2.463021590583695,-2.463021590583695,-2.463021590583695,-2.463021590583695,-2.463021590583695,-2.463021590583695,-2.463021590583695,-2.463021590583695,-2.463021590583695,-2.463021590583695,-2.463021590583695,8.005528975477532,-2.463021590583695,-2.463021590583695,-2.463021590583695,2.4528373060496733,6.888329405207735,-2.463021590583695,6.009759045471965,8.05601428497305,-2.463021590583695,8.370171767019313,7.059672628163716,-2.463021590583695,9.04242752941091,-2.463021590583695,-2.463021590583695,-2.463021590583695,8.071743559167034,-2.463021590583695,-2.463021590583695,-2.463021590583695,-2.463021590583695,7.06990233572259,-2.463021590583695,-2.463021590583695,-2.463021590583695,-2.463021590583695,-2.463021590583695,9.24482161919845,-2.463021590583695,-2.463021590583695,8.019580089773276,8.457851756828916,-2.463021590583695,4.995974850884674,4.157328723164412,-2.463021590583695,-2.463021590583695,-2.463021590583695,-2.463021590583695,-2.463021590583695,-2.463021590583695,-2.463021590583695,8.336600944197048,-2.463021590583695,-2.463021590583695,-2.463021590583695,-2.463021590583695,-2.463021590583695,-2.463021590583695,-2.463021590583695,2.6358347662125734,-2.463021590583695,-2.463021590583695,-2.463021590583695,-2.463021590583695,-2.463021590583695,-2.463021590583695,-2.463021590583695,8.876440950307103,-2.463021590583695,-2.463021590583695,5.065064934823834,3.2790158408289436,4.171163096365098,4.406189511166135,8.931298406935856,-2.463021590583695,5.246537033435369,7.317210277692528,8.457422769627268,9.638875295086462
PSM7J1A2,-2.468266648172781,-2.468266648172781,-2.468266648172781,-2.468266648172781,-2.468266648172781,-2.468266648172781,-2.468266648172781,-2.468266648172781,-2.468266648172781,-2.468266648172781,-2.468266648172781,-2.468266648172781,-2.468266648172781,-2.468266648172781,-2.468266648172781,-2.468266648172781,-2.468266648172781,-2.468266648172781,-2.468266648172781,-2.468266648172781,-2.468266648172781,-2.468266648172781,-2.468266648172781,1.967544214174847,2.440228315868767,-2.468266648172781,-2.468266648172781,-2.468266648172781,-2.468266648172781,8.287951594706904,-2.468266648172781,-2.468266648172781,-2.468266648172781,-2.468266648172781,6.346396009286328,2.7257660661546392,4.810686273172516,7.867816427354574,-2.468266648172781,8.768367052183025,7.40542136058262,-2.468266648172781,8.43911826845191,-2.468266648172781,-2.468266648172781,-2.468266648172781,8.13975406656271,-2.468266648172781,-2.468266648172781,-2.468266648172781,-2.468266648172781,8.763195797381133,-2.468266648172781,-2.468266648172781,-2.468266648172781,-2.468266648172781,-2.468266648172781,9.479297626228679,-2.468266648172781,2.978517082228244,7.060911681209934,8.189715311001425,-2.468266648172781,-2.468266648172781,5.6829990904111,-2.468266648172781,-2.468266648172781,-2.468266648172781,-2.468266648172781,-2.468266648172781,-2.468266648172781,-2.468266648172781,-2.468266648172781,-2.468266648172781,-2.468266648172781,-2.468266648172781,-2.468266648172781,-2.468266648172781,-2.468266648172781,-2.468266648172781,-2.468266648172781,-2.468266648172781,-2.468266648172781,-2.468266648172781,2.7257660661546392,-2.468266648172781,-2.468266648172781,-2.468266648172781,9.623367669729834,-2.468266648172781,-2.468266648172781,7.458119662063654,3.805061622254617,3.9787620871337666,5.047302591167677,8.863735629754554,-2.468266648172781,5.782898660215161,6.192524225729114,8.641943204930934,8.710297660517627
PSM7J1A4,-3.9737832708728735,-3.9737832708728735,-3.9737832708728735,-3.9737832708728735,1.049197854441669,-3.9737832708728735,-3.9737832708728735,-3.9737832708728735,-3.9737832708728735,-3.9737832708728735,-3.9737832708728735,-3.9737832708728735,-3.9737832708728735,2.5457840718102904,-3.9737832708728735,2.5748085134972944,-3.9737832708728735,-3.9737832708728735,5.394666254749665,-3.9737832708728735,2.149232914085629,4.751747619512064,-3.9737832708728735,4.287605565225773,5.526903550346503,-3.9737832708728735,1.0528248283865054,-3.9737832708728735,-0.7052549258114631,7.248717295967862,-3.9737832708728735,-3.9737832708728735,-3.9737832708728735,3.167006571608475,3.9556278935253335,1.1746976921507883,3.8799296549206987,6.192647269025686,-3.9737832708728735,5.341165280142943,5.091452914621484,-3.9737832708728735,6.302750298168889,2.0019950151413726,-3.9737832708728735,3.197144736589663,5.691978199029215,-3.9737832708728735,2.5456213527399045,3.6780922814971984,-3.9737832708728735,6.616493434918651,-3.9737832708728735,-1.820289747057302,-3.9737832708728735,2.626551669298002,5.3284209098634125,7.251686058124953,3.385399636467331,5.85741902195698,5.396276143219558,7.897865921753851,-3.9737832708728735,-3.9737832708728735,-3.9737832708728735,-3.9737832708728735,-3.9737832708728735,-3.9737832708728735,-3.9737832708728735,-3.9737832708728735,1.8411921959292865,-3.9737832708728735,-0.26953345092157655,1.863971770705974,-3.9737832708728735,2.9959001087849737,-3.9737832708728735,-3.9737832708728735,2.238055613053752,-3.9737832708728735,-3.9737832708728735,-3.9737832708728735,4.546168691781763,2.20085197085596,-3.9737832708728735,-3.9737832708728735,-3.9737832708728735,-3.9737832708728735,8.062570127357342,-3.9737832708728735,1.2600485051684043,4.804914548700858,3.097320728273118,1.4766895960379127,3.175537218579093,7.695948784170474,-3.9737832708728735,3.2226871742546512,5.332710495746125,6.75657763261597,7.7513860826300505
PSM7J1A6,-1.5304073377668121,-1.5304073377668121,-1.5304073377668121,-1.5304073377668121,-1.5304073377668121,-1.5304073377668121,-1.5304073377668121,-1.5304073377668121,-1.5304073377668121,-1.5304073377668121,-1.5304073377668121,-1.5304073377668121,-1.5304073377668121,-1.5304073377668121,-1.5304073377668121,-1.5304073377668121,-1.5304073377668121,-1.5304073377668121,-1.5304073377668121,-1.5304073377668121,-1.5304073377668121,1.24620578097438,-1.5304073377668121,2.1025465946865953,-1.5304073377668121,-1.5304073377668121,-1.5304073377668121,-1.5304073377668121,-1.5304073377668121,9.787865734781514,-1.5304073377668121,-1.5304073377668121,-1.5304073377668121,5.68924414827825,-1.5304073377668121,-1.5304073377668121,-1.5304073377668121,-1.5304073377668121,-1.5304073377668121,-1.5304073377668121,-1.5304073377668121,-1.5304073377668121,3.6372166488510125,-1.5304073377668121,-1.5304073377668121,-1.5304073377668121,9.39206232645595,-1.5304073377668121,-1.5304073377668121,-1.5304073377668121,-1.5304073377668121,11.757642102259581,8.38720692997564,-1.5304073377668121,-1.5304073377668121,-1.5304073377668121,-1.5304073377668121,-1.5304073377668121,-1.5304073377668121,2.2748805093651523,7.9506641043410005,-1.5304073377668121,-1.5304073377668121,-1.5304073377668121,-1.5304073377668121,6.2179653877901115,-1.5304073377668121,-1.5304073377668121,-1.5304073377668121,-1.5304073377668121,-1.5304073377668121,-1.5304073377668121,-1.5304073377668121,-1.5304073377668121,-1.5304073377668121,-1.5304073377668121,-1.5304073377668121,-1.5304073377668121,5.347259821081069,-1.5304073377668121,-1.5304073377668121,-1.5304073377668121,-1.5304073377668121,-1.5304073377668121,-1.5304073377668121,-1.5304073377668121,-1.5304073377668121,-1.5304073377668121,8.149854373293,-1.5304073377668121,-1.5304073377668121,5.1309806206845305,3.74129120375264,-1.5304073377668121,4.028763902327789,3.9569335043592044,-1.5304073377668121,-1.5304073377668121,9.307117063272496,5.377000024610721,10.4802935779688
PSM7J1A8,-1.9774270411211408,-1.9774270411211408,-1.9774270411211408,-1.9774270411211408,-1.9774270411211408,-1.9774270411211408,-1.9774270411211408,-1.9774270411211408,-1.9774270411211408,-1.9774270411211408,-1.9774270411211408,-1.9774270411211408,-1.9774270411211408,-1.9774270411211408,-1.9774270411211408,-1.9774270411211408,-1.9774270411211408,-1.9774270411211408,-1.9774270411211408,-1.9774270411211408,-1.9774270411211408,-1.9774270411211408,-1.9774270411211408,-0.43196626770907365,0.6870768708470969,-1.9774270411211408,-1.9774270411211408,-1.9774270411211408,-1.9774270411211408,6.528296173029093,-1.9774270411211408,-1.9774270411211408,-1.9774270411211408,1.1912926529558607,5.050451235682777,6.416898981857027,6.228752630445867,6.922423124972306,-1.9774270411211408,-1.9774270411211408,5.707706420832924,-1.9774270411211408,7.805057914358846,-1.9774270411211408,-1.9774270411211408,-1.9774270411211408,7.803246747490012,-1.9774270411211408,-1.9774270411211408,-1.9774270411211408,-1.9774270411211408,9.869455555255186,-1.9774270411211408,-1.9774270411211408,-1.9774270411211408,-1.9774270411211408,-1.9774270411211408,-1.9774270411211408,-1.9774270411211408,1.3262553877240713,6.829886057443108,7.5418025462799685,-1.9774270411211408,-1.9774270411211408,-1.9774270411211408,-1.9774270411211408,-1.9774270411211408,-1.9774270411211408,-1.9774270411211408,-1.9774270411211408,-1.9774270411211408,-1.9774270411211408,-1.9774270411211408,-1.9774270411211408,-1.9774270411211408,-1.9774270411211408,-1.9774270411211408,-1.9774270411211408,-1.9774270411211408,2.094031116484773,-1.9774270411211408,-1.9774270411211408,11.322704791055003,4.045458304439422,-1.9774270411211408,-1.9774270411211408,-1.9774270411211408,-1.9774270411211408,7.6084469874637,-1.9774270411211408,-1.9774270411211408,6.016540954307194,4.850779550362011,-1.9774270411211408,-1.9774270411211408,8.98103938677863,-1.9774270411211408,1.3584629873014489,7.231523970397618,5.839204480518704,9.482199523509822
PSM7J1DF,5.561365896186407,6.089360629041558,3.539334107415174,6.049357927066627,7.30124886268972,1.9292254427911093,5.441013142553558,-4.215668013129722,-4.215668013129722,-4.215668013129722,5.99311415039402,7.16325513821573,-4.215668013129722,4.655019913539272,-4.215668013129722,4.879023971984954,6.349612296453277,5.9316796787484325,-4.215668013129722,-4.215668013129722,5.965304641355274,8.210973327080643,1.078233670166469,6.71585396404199,5.827518350805285,-0.03607363940785824,-4.215668013129722,2.4566551336669837,2.47410599444074,-0.41300662161075685,4.671586681816882,-0.1212115550116124,-4.215668013129722,-4.215668013129722,-4.215668013129722,-4.215668013129722,-4.215668013129722,-4.215668013129722,1.2426755453460743,-4.215668013129722,-4.215668013129722,-4.215668013129722,-4.215668013129722,2.3494449126439143,-1.7105589433293638,2.9949652005848133,-4.215668013129722,6.02790707490656,1.1153781204343556,2.2379623059649676,1.7822016050730074,2.5198942751046296,-4.215668013129722,-4.215668013129722,3.430913958483142,0.39759859825725563,6.331600893374061,-4.215668013129722,-4.215668013129722,6.483516074083159,-0.13091799174043217,-4.215668013129722,-4.215668013129722,-4.215668013129722,-4.215668013129722,-4.215668013129722,-4.215668013129722,-4.215668013129722,-4.215668013129722,1.1097526257571175,2.4173089907010166,5.1069332416213244,4.44054770622686,5.799201231567998,-4.215668013129722,4.832091531237924,-4.215668013129722,-1.0347257493081976,2.1118524690537335,-4.215668013129722,-4.215668013129722,2.7036693129923597,-4.215668013129722,3.2612551200558473,3.305847725824761,-4.215668013129722,4.312384931915997,-4.215668013129722,2.3817414096282175,-4.215668013129722,2.270648322036222,-4.215668013129722,-4.215668013129722,-4.215668013129722,-4.215668013129722,5.810698299916432,6.522056714257875,-4.215668013129722,-4.215668013129722,-4.215668013129722,-4.215668013129722
PSM7J1DL,4.680706624595961,5.203046088895451,2.192635313499414,5.657423485529568,6.8817826751955735,1.3611061425967446,5.0897438357138585,0.7519961002410511,-4.305479591811352,1.1263075739523956,5.536540859456953,6.5635157612321375,-4.305479591811352,6.253704020240735,-4.305479591811352,5.612968319032278,6.668510267059847,5.164420071568582,-4.305479591811352,-4.305479591811352,5.165186797891554,7.981742319157814,-4.305479591811352,7.0528385213611715,6.21032131304959,-4.305479591811352,-4.305479591811352,3.6250456273202163,1.7452446994164736,-4.305479591811352,3.4426246543393084,-4.305479591811352,-0.21221942524551984,-4.305479591811352,-4.305479591811352,-4.305479591811352,-4.305479591811352,-4.305479591811352,-4.305479591811352,-4.305479591811352,-4.305479591811352,0.018274602181513444,-4.305479591811352,0.27258710951679177,-0.9358002472601363,2.784165920025278,-4.305479591811352,3.468350647074163,1.0014558469706483,1.3639687522197708,2.3393666822538908,4.003038556705027,3.3372226900812585,0.0974032264650031,3.0033527456612203,-1.5916865536005673,5.784355009038896,-4.305479591811352,1.5385991078676744,6.607519456599519,-0.2509802317400407,-4.305479591811352,-4.305479591811352,-4.305479591811352,-4.305479591811352,-4.305479591811352,-4.305479591811352,-4.305479591811352,0.36502415168240177,0.9827991183618447,-4.305479591811352,5.695819941071249,4.68607067083272,6.736041477487971,-4.305479591811352,6.010959048599359,-4.305479591811352,-4.305479591811352,2.6600229783879277,-4.305479591811352,-4.305479591811352,3.0475130114692393,-4.305479591811352,3.5651857762525987,2.8122632647933825,-4.305479591811352,4.612490739988693,-4.305479591811352,-4.305479591811352,-4.305479591811352,1.4728727340041576,2.443666978690022,-4.305479591811352,-4.305479591811352,-4.305479591811352,6.280984948607524,6.348373059442163,-4.305479591811352,-4.305479591811352,-4.305479591811352,-0.569891234322343
PSMA265D,-2.1167341323806657,-2.1167341323806657,-2.1167341323806657,-2.1167341323806657,-2.1167341323806657,-2.1167341323806657,-2.1167341323806657,-2.1167341323806657,-2.1167341323806657,-2.1167341323806657,-2.1167341323806657,-2.1167341323806657,-2.1167341323806657,-2.1167341323806657,-2.1167341323806657,-2.1167341323806657,-2.1167341323806657,-2.1167341323806657,-2.1167341323806657,-2.1167341323806657,-2.1167341323806657,-2.1167341323806657,-2.1167341323806657,-2.1167341323806657,-2.1167341323806657,-2.1167341323806657,-2.1167341323806657,-2.1167341323806657,-2.1167341323806657,6.463582297350366,-2.1167341323806657,-2.1167341323806657,-2.1167341323806657,-2.1167341323806657,3.0329187282198617,-2.1167341323806657,-2.1167341323806657,4.499640215682932,-2.1167341323806657,1.699923442866952,4.317209454300351,-2.1167341323806657,6.281419136300694,-2.1167341323806657,-2.1167341323806657,-2.1167341323806657,-2.1167341323806657,-2.1167341323806657,3.0890736461935386,-2.1167341323806657,-2.1167341323806657,5.8471070540140335,4.172515520871874,-2.1167341323806657,-2.1167341323806657,-2.1167341323806657,10.181509409951282,-2.1167341323806657,-2.1167341323806657,10.47307380257576,5.052739286469099,7.408326725723797,3.810515020941968,-2.1167341323806657,2.335059785305173,-2.1167341323806657,-2.1167341323806657,-2.1167341323806657,-2.1167341323806657,-2.1167341323806657,-2.1167341323806657,-2.1167341323806657,-2.1167341323806657,-2.1167341323806657,-2.1167341323806657,-2.1167341323806657,-2.1167341323806657,-2.1167341323806657,3.010498160070023,-2.1167341323806657,-2.1167341323806657,6.031915241549429,10.82285802460898,7.571904543086417,-2.1167341323806657,-2.1167341323806657,-2.1167341323806657,-2.1167341323806657,5.051422420818196,-2.1167341323806657,-2.1167341323806657,5.186513109915222,1.1583051361434578,2.3513402879809124,5.632912647317976,5.582066160304075,-2.1167341323806657,2.996074341624535,5.861208944456723,5.660016496700738,6.823208490061995
PSMA265F,-2.439522294677868,-2.439522294677868,-2.439522294677868,-2.439522294677868,-2.439522294677868,-2.439522294677868,-2.439522294677868,-2.439522294677868,6.492669194015597,-2.439522294677868,-2.439522294677868,-2.439522294677868,-2.439522294677868,-2.439522294677868,-2.439522294677868,-2.439522294677868,-2.439522294677868,-2.439522294677868,-2.439522294677868,-2.439522294677868,-2.439522294677868,-2.439522294677868,-2.439522294677868,-2.439522294677868,2.580668502865322,-2.439522294677868,-2.439522294677868,-2.439522294677868,-2.439522294677868,6.238639840757278,-2.439522294677868,-2.439522294677868,-2.439522294677868,-2.439522294677868,4.009675174010017,-2.439522294677868,2.260407482124469,6.16713375048206,-2.439522294677868,2.401746903594834,6.612479264947823,-2.439522294677868,7.42572723464096,-2.439522294677868,-2.439522294677868,-2.439522294677868,4.9512036053549915,-2.439522294677868,3.2179732305541915,-2.439522294677868,3.4730543915089083,6.193974107075385,-2.439522294677868,-2.439522294677868,-2.439522294677868,-2.439522294677868,7.918222573705277,-2.439522294677868,-2.439522294677868,11.068493939327936,6.264792619335818,6.485734464084953,5.764571121668095,-2.439522294677868,-2.439522294677868,1.5090441051942882,-2.439522294677868,-2.439522294677868,-2.439522294677868,-2.439522294677868,-2.439522294677868,-2.439522294677868,-2.439522294677868,-2.439522294677868,-2.439522294677868,-2.439522294677868,-2.439522294677868,-2.439522294677868,4.392415457375758,1.331004739800127,-2.439522294677868,5.085631535032099,8.063894035694915,8.6972212073304,-2.439522294677868,-2.439522294677868,-2.439522294677868,-2.439522294677868,6.571044846605253,-2.439522294677868,-2.439522294677868,5.490348890688375,3.4709165731149634,-2.439522294677868,-2.439522294677868,7.924311668621569,-2.439522294677868,-0.2668876512495757,4.833106276396457,5.936801859933923,5.761017388179137
PSMA265H,-2.8371944431514624,-2.8371944431514624,-2.8371944431514624,-2.8371944431514624,-2.8371944431514624,-2.8371944431514624,-2.8371944431514624,2.604271800131068,4.568351056067576,4.069897631459329,-2.8371944431514624,-2.8371944431514624,-2.8371944431514624,-2.8371944431514624,-2.8371944431514624,-2.8371944431514624,-2.8371944431514624,-2.8371944431514624,-2.8371944431514624,-2.8371944431514624,-2.8371944431514624,-2.8371944431514624,-2.8371944431514624,-2.8371944431514624,-2.8371944431514624,-2.8371944431514624,-2.8371944431514624,5.181390009791601,-2.8371944431514624,5.82158110843886,-2.8371944431514624,-2.8371944431514624,-2.8371944431514624,-2.8371944431514624,4.431399481086196,-2.8371944431514624,3.832193110148605,6.177302552267787,-2.8371944431514624,4.256289979717133,4.621445471523577,-2.8371944431514624,6.502685996461567,-2.8371944431514624,-2.8371944431514624,-2.8371944431514624,5.8223395295243625,-2.8371944431514624,1.003605690426511,-2.8371944431514624,2.739568066085365,5.314430386270533,4.035755332356273,-2.8371944431514624,-2.8371944431514624,-2.8371944431514624,10.080939422240704,-2.8371944431514624,-2.8371944431514624,9.966826117459782,5.257866813162883,4.12695185386105,4.579316112815813,2.759628901136953,3.065570146631247,2.4116856199524843,-2.8371944431514624,-2.8371944431514624,0.03115846819014223,-2.8371944431514624,-2.8371944431514624,-2.8371944431514624,-2.8371944431514624,-2.8371944431514624,-2.8371944431514624,-2.8371944431514624,-2.8371944431514624,-2.8371944431514624,-2.8371944431514624,-2.8371944431514624,-2.8371944431514624,4.007529995613513,8.633152483481528,5.949844228988089,-2.8371944431514624,-2.8371944431514624,-2.8371944431514624,-2.8371944431514624,7.610308227503147,-2.8371944431514624,-2.8371944431514624,6.17782073069419,5.094542657190404,2.968800826365749,4.931530658272839,6.123336590454664,-2.8371944431514624,-2.8371944431514624,5.252352213516618,5.30579454974723,6.2629805426571945
PSMA265J,-2.7090781188162456,-2.7090781188162456,-2.7090781188162456,-2.7090781188162456,-2.7090781188162456,-2.7090781188162456,-2.7090781188162456,0.3456807188436617,4.593009501379976,3.824526741264357,-2.7090781188162456,-2.7090781188162456,-2.7090781188162456,-2.7090781188162456,-2.7090781188162456,-2.7090781188162456,-2.7090781188162456,-2.7090781188162456,-2.7090781188162456,-2.7090781188162456,-2.7090781188162456,-2.7090781188162456,-2.7090781188162456,1.0918428132121978,1.753507256697434,-2.7090781188162456,-2.7090781188162456,4.52610626661535,-2.7090781188162456,7.423550173665317,-2.7090781188162456,-2.7090781188162456,-2.7090781188162456,-2.7090781188162456,2.9449664440983803,-2.7090781188162456,3.2450524703555814,3.8911742209221885,-2.7090781188162456,1.201827574321939,5.501324659430996,-2.7090781188162456,6.697272892695547,-2.7090781188162456,-2.7090781188162456,-2.7090781188162456,4.754697735113777,-2.7090781188162456,2.01373227234477,-2.7090781188162456,2.6805447738158747,2.3938439192771153,-2.7090781188162456,-2.7090781188162456,-2.7090781188162456,-2.7090781188162456,9.008704698963445,-2.7090781188162456,-2.7090781188162456,10.437580272009015,5.6833009352246195,3.670618324723373,4.011607445047492,0.7777972239926854,5.2843435721074,0.6830145131298337,-2.7090781188162456,-2.7090781188162456,1.0431132374512284,-2.7090781188162456,-2.7090781188162456,-2.7090781188162456,-2.7090781188162456,-2.7090781188162456,-2.7090781188162456,-2.7090781188162456,-2.7090781188162456,-2.7090781188162456,2.7543652644978476,-2.7090781188162456,-2.7090781188162456,5.515237945721438,9.61898761096089,6.536220511204173,-2.7090781188162456,-2.7090781188162456,-2.7090781188162456,-2.7090781188162456,7.627522980454492,-2.7090781188162456,-2.7090781188162456,6.5632727892197575,4.563570537623938,4.414624548352951,-2.7090781188162456,5.852837188763951,-2.7090781188162456,-2.7090781188162456,5.580913779451869,5.707751475521781,6.453876196945538
PSMA265J_TR,-2.7090781188162456,-2.7090781188162456,-2.7090781188162456,-2.7090781188162456,-2.7090781188162456,-2.7090781188162456,-2.7090781188162456,0.3456807188436617,4.593009501379976,3.824526741264357,-2.7090781188162456,-2.7090781188162456,-2.7090781188162456,-2.7090781188162456,-2.7090781188162456,-2.7090781188162456,-2.7090781188162456,-2.7090781188162456,-2.7090781188162456,-2.7090781188162456,-2.7090781188162456,-2.7090781188162456,-2.7090781188162456,1.0918428132121978,1.753507256697434,-2.7090781188162456,-2.7090781188162456,4.52610626661535,-2.7090781188162456,7.423550173665317,-2.7090781188162456,-2.7090781188162456,-2.7090781188162456,-2.7090781188162456,2.9449664440983803,-2.7090781188162456,3.2450524703555814,3.8911742209221885,-2.7090781188162456,1.201827574321939,5.501324659430996,-2.7090781188162456,6.697272892695547,-2.7090781188162456,-2.7090781188162456,-2.7090781188162456,4.754697735113777,-2.7090781188162456,2.01373227234477,-2.7090781188162456,2.6805447738158747,2.3938439192771153,-2.7090781188162456,-2.7090781188162456,-2.7090781188162456,-2.7090781188162456,9.008704698963445,-2.7090781188162456,-2.7090781188162456,10.437580272009015,5.6833009352246195,3.670618324723373,4.011607445047492,0.7777972239926854,5.2843435721074,0.6830145131298337,-2.7090781188162456,-2.7090781188162456,1.0431132374512284,-2.7090781188162456,-2.7090781188162456,-2.7090781188162456,-2.7090781188162456,-2.7090781188162456,-2.7090781188162456,-2.7090781188162456,-2.7090781188162456,-2.7090781188162456,2.7543652644978476,-2.7090781188162456,-2.7090781188162456,5.515237945721438,9.61898761096089,6.536220511204173,-2.7090781188162456,-2.7090781188162456,-2.7090781188162456,-2.7090781188162456,7.627522980454492,-2.7090781188162456,-2.7090781188162456,6.5632727892197575,4.563570537623938,4.414624548352951,-2.7090781188162456,5.852837188763951,-2.7090781188162456,-2.7090781188162456,5.580913779451869,5.707751475521781,6.453876196945538
PSMA265L,-2.876193560024914,-2.876193560024914,-2.876193560024914,-2.876193560024914,-2.876193560024914,-2.876193560024914,-2.876193560024914,2.29363413415407,6.626160456676526,-2.876193560024914,-2.876193560024914,-2.876193560024914,-2.876193560024914,-2.876193560024914,-2.876193560024914,-2.876193560024914,-2.876193560024914,-2.876193560024914,-2.876193560024914,-2.876193560024914,-2.876193560024914,-2.876193560024914,-2.876193560024914,-1.0196083090653847,2.2408204256255146,-2.876193560024914,-2.876193560024914,-2.876193560024914,-2.876193560024914,6.656523631840519,-2.876193560024914,-2.876193560024914,-2.876193560024914,-2.876193560024914,5.321971836573033,-2.876193560024914,5.759356804949907,6.762363984979055,-2.876193560024914,4.725763921898858,6.23992431340151,-2.876193560024914,7.80711239406435,-2.876193560024914,-2.876193560024914,-2.876193560024914,7.128100834095953,-2.876193560024914,3.445373098193242,-2.876193560024914,-2.876193560024914,5.906778791245524,-2.876193560024914,-2.876193560024914,-2.876193560024914,-2.876193560024914,7.544809801691199,-2.876193560024914,-2.876193560024914,10.109289789902398,6.376939731788959,7.156223311528087,6.088646778430469,-2.876193560024914,5.76251905950517,2.156410981433794,-2.876193560024914,-2.876193560024914,1.2340310758048503,-2.876193560024914,-2.876193560024914,-2.876193560024914,-2.876193560024914,-2.876193560024914,-2.876193560024914,-2.876193560024914,0.8100132976220547,-2.876193560024914,-2.876193560024914,-2.876193560024914,-2.876193560024914,4.707384060827186,8.839237056255211,8.460961108043357,-2.876193560024914,-2.876193560024914,-2.876193560024914,-2.876193560024914,6.831435820650855,-2.876193560024914,-2.876193560024914,6.205982033153245,3.673339241290855,2.1095304204671486,3.961726088141652,8.101697252558665,-2.876193560024914,-2.876193560024914,5.810616020858187,6.333640867769312,7.6600648452878985
ESM5GEZ1_P,-2.898315739184074,-2.898315739184074,-2.898315739184074,-2.898315739184074,-2.898315739184074,-2.898315739184074,-2.898315739184074,-2.898315739184074,-2.898315739184074,-2.898315739184074,-2.898315739184074,-2.898315739184074,-2.898315739184074,-2.898315739184074,-2.898315739184074,-2.898315739184074,-2.898315739184074,9.741599559402179,-2.898315739184074,-2.898315739184074,-0.6497542802121838,-2.898315739184074,-2.898315739184074,8.743708930062784,7.156756067205464,-2.898315739184074,-2.898315739184074,-2.898315739184074,-2.898315739184074,-2.898315739184074,-2.898315739184074,-2.898315739184074,3.856019286484485,-2.898315739184074,2.9900993177812767,3.973443354262935,-2.898315739184074,6.288185188819787,2.1020980680218138,1.260357523044421,5.891020219549149,3.9917617247180353,7.103874336676485,-2.898315739184074,-2.898315739184074,-2.898315739184074,-2.898315739184074,8.05891705775916,-2.898315739184074,-2.898315739184074,2.003708498486521,7.23686778745067,-2.898315739184074,4.177555095048545,-2.898315739184074,-2.898315739184074,9.030184762699086,-2.898315739184074,-2.898315739184074,8.778350986364828,4.469799527503429,5.861412996937335,-2.898315739184074,-2.898315739184074,-2.898315739184074,1.1540975450236086,-2.898315739184074,-2.898315739184074,-2.898315739184074,-2.898315739184074,-2.898315739184074,-2.898315739184074,2.730630334055057,-2.898315739184074,-2.898315739184074,-2.898315739184074,1.0858747781900426,3.370373819899097,-2.898315739184074,-2.898315739184074,-2.898315739184074,3.4704023546936122,7.350294690042537,4.718335956909574,-2.898315739184074,-2.898315739184074,0.4407579214600439,5.021232552281522,2.455725597530545,-2.898315739184074,-2.898315739184074,3.5782120769018393,-2.898315739184074,-2.898315739184074,-2.898315739184074,2.96237807102196,8.31424072388359,5.9343479642215105,4.348517519335757,7.024418693781532,6.568084961297661
HSM5MD8H_P,3.8870240005877514,4.785520720938857,-3.357533430905084,4.475370453403341,-3.357533430905084,-3.357533430905084,5.606600455323885,4.576819987007339,-3.357533430905084,-3.357533430905084,-3.357533430905084,6.562755962411092,-3.357533430905084,-3.357533430905084,-3.357533430905084,-3.357533430905084,-3.357533430905084,-3.357533430905084,8.781551474062994,-3.357533430905084,7.994844047182604,8.863852686954345,-3.357533430905084,-3.357533430905084,-3.357533430905084,-3.357533430905084,-3.357533430905084,-3.357533430905084,-3.357533430905084,2.5776152191367183,3.367883331751999,-3.357533430905084,3.5413051649333704,-3.357533430905084,-3.357533430905084,-3.357533430905084,-3.357533430905084,-3.357533430905084,-3.357533430905084,-3.357533430905084,-3.357533430905084,4.1485646970333665,-3.357533430905084,-3.357533430905084,-3.357533430905084,-3.357533430905084,-3.357533430905084,4.562502430228066,0.6600156689294678,6.07973373025681,-3.357533430905084,1.1081542758254095,-3.357533430905084,4.183509718484758,3.7893547013685724,4.786091442747753,8.967827653421622,-0.7169676147358732,-3.357533430905084,8.570581262491846,-3.357533430905084,3.247021227501291,-0.05631802424549015,-3.357533430905084,4.283503431756021,2.5388828319405876,2.6206794814356886,0.41462275980352814,4.775980644795788,0.974907406724947,-3.357533430905084,-3.357533430905084,2.994973882934044,-3.357533430905084,-3.357533430905084,-3.357533430905084,-3.357533430905084,2.6196317236473314,-3.357533430905084,-3.357533430905084,-3.357533430905084,4.510830913578149,-3.357533430905084,4.392457873993631,-3.357533430905084,-3.357533430905084,6.82494353631416,-3.357533430905084,4.7361575196963175,5.892427888318897,3.8249209626773766,5.779152453144512,-3.357533430905084,-3.357533430905084,-3.357533430905084,6.446303064905581,-3.357533430905084,2.5468066319544596,1.477458325450872,2.7205091696335773,3.295506954977065
MSM6J2JH_P,-3.78974440370812,3.314443269036957,-1.4161953777386191,3.045816712764191,5.549124522973574,-3.78974440370812,5.214939619289668,-3.78974440370812,-3.78974440370812,1.4126510461497883,1.8510504342938763,5.670767992925053,4.485970615124767,4.862947624684916,3.841082526024355,5.438069352943891,-3.78974440370812,5.237235356261392,6.602337079399447,1.085082747853221,4.714275070296638,-1.4161953777386191,5.241483699336071,5.88541908304001,5.766013017360273,0.9191886137728833,6.8110256177913175,1.312703304361003,-3.78974440370812,-3.78974440370812,2.283947635990752,-3.78974440370812,-3.78974440370812,-3.78974440370812,-3.78974440370812,-3.78974440370812,-3.78974440370812,-3.78974440370812,-3.78974440370812,-3.78974440370812,-3.78974440370812,-3.78974440370812,-3.78974440370812,-3.78974440370812,-3.78974440370812,-3.78974440370812,-3.78974440370812,-3.78974440370812,2.3546829753612597,1.0656833643893986,-3.78974440370812,-3.78974440370812,-3.78974440370812,5.685714824343006,-3.78974440370812,-3.78974440370812,6.20642449302455,5.089089450736763,2.928432501421269,7.616257222273456,-3.78974440370812,-3.78974440370812,-3.78974440370812,-3.78974440370812,1.6528483435187962,-3.78974440370812,2.920867407708629,-3.78974440370812,-3.78974440370812,2.888371265093717,1.0579886634476665,5.083940914494758,2.7412637086927036,-3.78974440370812,5.912703983259266,-3.78974440370812,5.389583958519051,-3.78974440370812,-3.78974440370812,9.390092449807867,-3.78974440370812,4.097642413632132,5.472978979177402,4.976241220459977,-3.78974440370812,-3.78974440370812,4.686698827975832,-3.78974440370812,-3.78974440370812,3.658050938296543,2.8661052685206263,2.346198645342187,-3.78974440370812,-3.78974440370812,-3.78974440370812,7.461684278253184,5.803978708875218,-3.78974440370812,-3.78974440370812,-3.78974440370812,-3.78974440370812
HSM5MD8D_P,6.158355550213952,1.358456160640312,-3.2810791612915438,5.158529406415854,6.761386510833164,-3.2810791612915438,-3.2810791612915438,-3.2810791612915438,1.912811914055066,2.677765615810153,-3.2810791612915438,6.369145606631224,-3.2810791612915438,3.7618833586124643,5.266281939531176,1.3945477691151087,-3.2810791612915438,-3.2810791612915438,-3.2810791612915438,-3.2810791612915438,2.42796360948134,4.279888171089146,5.803150957360882,6.380007891395388,6.435776463064528,-3.2810791612915438,-3.2810791612915438,2.0116517036745716,4.742625685395731,2.3252911780020487,4.636448665847714,-3.2810791612915438,5.6562767089045325,-3.2810791612915438,-3.2810791612915438,0.6418150218941658,-3.2810791612915438,-3.2810791612915438,-3.2810791612915438,-3.2810791612915438,-3.2810791612915438,4.127905311310746,-3.2810791612915438,0.5484812630823974,-3.2810791612915438,-3.2810791612915438,-3.2810791612915438,7.054932146750813,-3.2810791612915438,-3.2810791612915438,2.0055941097446226,-3.2810791612915438,-3.2810791612915438,3.5212534984575994,1.2263041286019423,3.551381239444906,-3.2810791612915438,6.811825363101661,2.703290288821595,9.007042751449262,-3.2810791612915438,3.4444124868129107,2.382470215908791,-3.2810791612915438,-3.2810791612915438,-3.2810791612915438,2.5446769763566213,-3.2810791612915438,0.6116614145068322,2.3186490641474666,-3.2810791612915438,-3.2810791612915438,5.035524400189147,6.222623896706419,-3.2810791612915438,-3.2810791612915438,-3.2810791612915438,-3.2810791612915438,-3.2810791612915438,9.97253236094259,-3.2810791612915438,3.711036303120519,-3.2810791612915438,-3.2810791612915438,4.587654838109202,-3.2810791612915438,-3.2810791612915438,-1.3201771983749957,-0.8378743402933004,-3.2810791612915438,3.0820243222612413,3.4221879751798854,-3.2810791612915438,-3.2810791612915438,-3.2810791612915438,5.841708075961684,-3.2810791612915438,-3.2810791612915438,-3.2810791612915438,-3.2810791612915438,-0.5589060705266657
HSM6XRQC_P,-1.8688941746362104,-1.8688941746362104,-1.8688941746362104,-1.8688941746362104,-1.8688941746362104,-1.8688941746362104,-1.8688941746362104,-1.8688941746362104,-1.8688941746362104,-1.8688941746362104,-1.8688941746362104,-1.8688941746362104,-1.8688941746362104,-1.8688941746362104,-1.8688941746362104,-1.8688941746362104,-1.8688941746362104,11.377127444412672,-1.8688941746362104,-1.8688941746362104,8.089973550807434,9.266921244059239,7.203594468550001,-1.8688941746362104,7.190933746834701,-1.8688941746362104,-1.8688941746362104,-1.8688941746362104,-1.8688941746362104,4.123770098736658,-1.8688941746362104,-1.8688941746362104,-1.8688941746362104,10.308568523587478,-1.8688941746362104,-1.8688941746362104,-1.8688941746362104,-1.8688941746362104,-1.8688941746362104,-1.8688941746362104,-1.8688941746362104,-1.8688941746362104,2.5715440674491603,-1.8688941746362104,-1.8688941746362104,-1.8688941746362104,-1.8688941746362104,-1.8688941746362104,-1.8688941746362104,-1.8688941746362104,3.3647744590047832,7.122983449302997,5.320041453658183,-1.8688941746362104,-1.8688941746362104,-1.8688941746362104,8.24899251272391,-1.8688941746362104,-1.8688941746362104,-1.8688941746362104,-1.8688941746362104,6.391079272717418,-1.8688941746362104,-1.8688941746362104,-1.8688941746362104,6.91001145178054,-1.8688941746362104,-1.8688941746362104,-1.8688941746362104,-1.8688941746362104,-1.8688941746362104,-1.8688941746362104,-1.8688941746362104,-1.8688941746362104,-1.8688941746362104,-1.8688941746362104,-1.8688941746362104,-1.8688941746362104,-1.8688941746362104,-1.8688941746362104,-1.8688941746362104,-1.8688941746362104,-1.8688941746362104,5.26274802109612,-1.8688941746362104,-1.8688941746362104,-1.8688941746362104,-1.8688941746362104,7.744445999676535,-1.8688941746362104,-1.8688941746362104,6.093059466372218,-1.8688941746362104,4.87719378429233,-1.8688941746362104,4.512395649617325,-1.8688941746362104,6.124369601226917,6.40089251404047,9.137219016311478,-1.8688941746362104
HSM5MD6O_P,-2.5785463022103876,5.032530136298745,-2.5785463022103876,8.094928761429825,8.243101919734084,-2.5785463022103876,-2.5785463022103876,-2.5785463022103876,-2.5785463022103876,-2.5785463022103876,-2.5785463022103876,7.754889414940177,-2.5785463022103876,-2.5785463022103876,-2.5785463022103876,-2.5785463022103876,-2.5785463022103876,-2.5785463022103876,-2.5785463022103876,-2.5785463022103876,7.899706436079954,9.57282032144743,-2.5785463022103876,9.903527657491832,8.789256017707514,5.616321697964056,-2.5785463022103876,-2.5785463022103876,-2.5785463022103876,-2.5785463022103876,-2.5785463022103876,-2.5785463022103876,-2.5785463022103876,2.560694400488149,-2.5785463022103876,-2.5785463022103876,-2.5785463022103876,-2.5785463022103876,-2.5785463022103876,-2.5785463022103876,-2.5785463022103876,3.788974861100689,-2.5785463022103876,-2.5785463022103876,-2.5785463022103876,-2.5785463022103876,-2.5785463022103876,6.266491734146656,-2.5785463022103876,-2.5785463022103876,3.3372013879977516,-2.5785463022103876,-2.5785463022103876,6.58024003408957,-2.5785463022103876,-2.5785463022103876,5.916517143498442,-2.5785463022103876,-2.5785463022103876,7.861338126092884,2.93240222945256,4.889162543241123,-2.5785463022103876,-2.5785463022103876,-2.5785463022103876,-2.5785463022103876,-2.5785463022103876,-2.5785463022103876,-2.5785463022103876,3.2597901985451987,-2.5785463022103876,-2.5785463022103876,4.322916034152234,-2.5785463022103876,-2.5785463022103876,-2.5785463022103876,9.694926587926494,-2.5785463022103876,-2.5785463022103876,-2.5785463022103876,-2.5785463022103876,4.162447342658857,-2.5785463022103876,4.810798892773444,5.0054230923612275,-2.5785463022103876,-2.5785463022103876,-2.5785463022103876,-2.5785463022103876,1.7027684556122384,1.4070730452604607,4.704582864669521,-2.5785463022103876,-2.5785463022103876,-2.5785463022103876,4.221517464276338,-2.5785463022103876,2.861212359172134,4.571060239941297,6.595412604606895,5.559660847357429
HSM6XRT6_P,4.382411120221637,3.769180894189442,-5.213600575923241,2.715304647557068,-5.213600575923241,-5.213600575923241,-5.213600575923241,-0.9008121553144797,0.8644658065570123,-5.213600575923241,-5.213600575923241,5.5832427353987395,-5.213600575923241,-0.21001954377375753,5.271157906881612,-5.213600575923241,4.227821860537135,-0.5959821934134215,-5.213600575923241,-5.213600575923241,4.069028610425002,2.5285658395411357,3.4128390270596505,4.9497379379868365,5.40837777277658,-5.213600575923241,-5.213600575923241,5.066500546889539,4.999899433362774,2.4091220161619145,6.041926643067009,1.3591200412380857,4.95913035777413,-5.213600575923241,0.9332066302377857,0.45841125296225904,-5.213600575923241,2.711088896125754,1.3864117610690307,-5.213600575923241,2.146470639094007,3.6742620260263275,3.0301798914016738,4.5460814792842745,-5.213600575923241,3.456323935481886,0.4177791287508281,4.359003749619803,0.2778183470299318,3.957037781745033,-5.213600575923241,6.761147843963158,-5.213600575923241,4.695534603553895,4.820757683624322,-5.213600575923241,4.60402793358924,-5.213600575923241,2.9257137423615687,6.05508634152733,0.6943301270823143,4.271019571865904,3.037742221489749,-5.213600575923241,-5.213600575923241,1.1959137663212553,0.8252772916898214,2.165618461160486,1.0664993898720763,2.3553787852336,-5.213600575923241,-5.213600575923241,3.189842093357716,-5.213600575923241,-5.213600575923241,4.375644702617183,-5.213600575923241,4.515769453199089,-5.213600575923241,-5.213600575923241,-5.213600575923241,1.8175717697908302,2.9579798681671203,0.8838636439528678,0.1505874094120454,-2.3611469955942326,4.606052782862111,-5.213600575923241,-5.213600575923241,-5.213600575923241,3.8331997033039356,3.8865425435223235,1.9641937539945031,2.223634249539159,-5.213600575923241,6.758110680936805,-5.213600575923241,-5.213600575923241,-0.3228911916289601,0.3858834799857789,1.685640198530991
HSM6XRTA_P,6.135503400280081,-0.08594673785476203,-4.7398272113171345,4.156223763050172,5.801514964329932,-4.7398272113171345,-4.7398272113171345,1.5458030266452853,-0.6561448996577042,-4.7398272113171345,-4.7398272113171345,6.683623295895238,-4.7398272113171345,2.430093798676852,4.534406727968429,0.40345779100439394,-4.7398272113171345,0.6887992721587395,-4.7398272113171345,-4.7398272113171345,4.100458493091972,4.294851977105062,4.580892118552886,5.4515307690090795,5.825595926283862,-4.7398272113171345,-4.7398272113171345,3.2534213951778126,4.045380064729235,4.591095197257191,4.025861196312418,-0.326682037983991,4.268299699008751,-4.7398272113171345,0.7170071701461094,0.12044325352640506,-1.0308598813705245,0.8347439930833538,1.1858914244639172,-4.7398272113171345,1.8877062243110894,5.312666069276574,0.23831504155948124,2.4047779135403333,-4.7398272113171345,-4.7398272113171345,-4.7398272113171345,7.751386353296075,2.071133743693151,2.9246008028940658,-4.7398272113171345,3.381723510640186,-4.7398272113171345,4.628776602156457,3.5704642298257028,3.023105697187919,-4.7398272113171345,2.4727627997638093,3.247272332218216,6.915294327803016,1.5200682627115896,-4.7398272113171345,1.4239713394913975,-4.7398272113171345,0.5642798241848048,0.5942358278916569,1.4518551230844166,2.874030330467442,2.3876984497698217,2.5893789050284006,-4.7398272113171345,-4.7398272113171345,4.127515245721963,4.403091649074775,-4.7398272113171345,-4.7398272113171345,0.35364167282299874,-4.7398272113171345,1.8186182864103122,7.027520754273718,-4.7398272113171345,4.78033509425667,5.837850437477777,4.081669920659485,-4.7398272113171345,-4.7398272113171345,-4.7398272113171345,1.1177582387179585,2.485982761001849,-4.7398272113171345,2.815269235494065,-4.7398272113171345,-4.7398272113171345,-4.7398272113171345,-4.7398272113171345,5.016888840475184,-4.7398272113171345,-4.7398272113171345,-4.7398272113171345,-4.7398272113171345,0.1763502332949738
HSM6XRSZ_P,4.100408423101285,5.470350247255845,-4.784598192009744,6.2510698825915805,-4.784598192009744,-4.784598192009744,-4.784598192009744,-4.784598192009744,2.6375983958059495,1.8654880177941982,-4.784598192009744,7.087390715988906,-4.784598192009744,3.1364435100906123,7.246537852428005,-4.784598192009744,4.73974827890617,0.330050793636369,-4.784598192009744,-4.784598192009744,5.309688631040351,4.942302396881086,4.960232107830745,5.860620867481657,6.959249456124432,1.0227573204882052,-4.784598192009744,2.8166050727939638,1.8759228355804929,0.5674004353276327,4.406003896732618,-0.7340754807643801,4.053747309023227,-4.784598192009744,-4.784598192009744,1.0944953715855403,-4.784598192009744,2.4195652762457858,-4.784598192009744,-4.784598192009744,2.5209177715227193,2.4903574374772406,1.833656392693225,3.427543102023563,-4.784598192009744,3.307378005760185,-4.784598192009744,4.275322546938836,1.2966907437548025,2.98379141957699,-4.784598192009744,4.467398503483472,-4.784598192009744,2.7305789876235798,0.14005747261601442,-4.784598192009744,4.932672758548454,-4.784598192009744,4.331631748979047,6.500254208263267,2.8431226501459594,2.088704030173277,1.5267151115753785,-4.784598192009744,-4.784598192009744,-4.784598192009744,-0.49412475843197434,1.7552909054637578,-4.784598192009744,3.237635034404402,-4.784598192009744,-4.784598192009744,4.817599334629055,-4.784598192009744,-4.784598192009744,6.176488959097174,3.9516590341033995,3.4733098164258775,-4.784598192009744,-4.784598192009744,0.3338886494770996,-4.784598192009744,-4.784598192009744,2.312700117045675,-1.1135294970862581,2.4283297300370412,5.6663846733850125,-2.085463389145083,-4.784598192009744,-4.784598192009744,2.6252144358306273,3.756146006374043,-0.5826815561519219,0.538686033475912,-4.784598192009744,6.011870242692311,-4.784598192009744,-4.784598192009744,0.26244741284770257,1.324811683175957,2.086272115603501
HSM6XRTC_P,5.953308924835541,1.0902298372824983,-3.5913117435094986,5.572067177467854,7.172684616592321,-3.5913117435094986,-3.5913117435094986,1.5198083074775202,-3.5913117435094986,-3.5913117435094986,-3.5913117435094986,5.837579867162026,-3.5913117435094986,3.865366926260914,6.019325094367023,0.9744138943054939,-3.5913117435094986,-3.5913117435094986,-3.5913117435094986,-3.5913117435094986,2.6570703314904307,3.285085955731236,6.974164431505433,6.875616792716932,6.299400014410053,-3.5913117435094986,-3.5913117435094986,2.6643935526719913,4.982393613709258,0.16321907659308366,5.651796920535366,1.2228344072143358,6.423479936738008,-3.5913117435094986,-3.5913117435094986,0.20000512082838107,-3.5913117435094986,1.6304626016727806,-3.5913117435094986,-3.5913117435094986,-3.5913117435094986,3.0529476048498276,-1.5761141729151777,2.2326645459686496,-3.5913117435094986,-3.5913117435094986,-3.5913117435094986,8.550802208020981,2.8773472382260543,2.8004420192980835,-3.5913117435094986,2.0671144440044067,3.047595458637626,1.243718757385416,3.109512772998709,-3.5913117435094986,-3.5913117435094986,5.740576730046112,4.468493905471578,8.608911644947083,-3.5913117435094986,-3.5913117435094986,-3.5913117435094986,-3.5913117435094986,-3.5913117435094986,-3.5913117435094986,0.1863684405632089,-3.5913117435094986,2.6849188018720804,-0.12837652806794964,2.155549657291104,-3.5913117435094986,4.430218499177376,6.232075361660974,-3.5913117435094986,-3.5913117435094986,-3.5913117435094986,1.7698490900792763,-3.5913117435094986,9.092632232503302,-3.5913117435094986,4.865770346547663,-3.5913117435094986,3.436963252152526,-3.5913117435094986,-3.5913117435094986,-3.5913117435094986,2.160964551362767,2.001505253311464,-3.5913117435094986,1.8967239960689994,3.856196275701512,-3.5913117435094986,-3.5913117435094986,-3.5913117435094986,5.256819130251596,-3.5913117435094986,-3.5913117435094986,-3.5913117435094986,-3.5913117435094986,-3.5913117435094986
HSM5MD6S_P,-3.453780134695977,3.621862908404087,-3.453780134695977,6.690546704006591,7.5203335968380705,-3.453780134695977,-3.453780134695977,0.4676813802565274,-3.453780134695977,-3.453780134695977,-3.453780134695977,6.919689958677232,-3.453780134695977,0.7509026339987095,-3.453780134695977,-3.453780134695977,-3.453780134695977,-3.453780134695977,-3.453780134695977,-3.453780134695977,7.57494273812888,8.34623049102068,-3.453780134695977,8.620703575744233,8.047301391211484,4.986724042536935,-3.453780134695977,3.6491718482414512,-3.453780134695977,2.771115017103056,-3.453780134695977,-3.453780134695977,-3.453780134695977,4.59938333470533,-3.453780134695977,-3.453780134695977,-3.453780134695977,-3.453780134695977,-3.453780134695977,-3.453780134695977,-3.453780134695977,5.234647359332105,-3.453780134695977,-3.453780134695977,-3.453780134695977,2.3529121214797666,-3.453780134695977,5.641228859371896,-3.453780134695977,4.291908662510899,-3.453780134695977,3.6190303769214216,2.651445336310939,4.417415573721253,3.065853218331087,-3.453780134695977,6.912835801615288,2.3437233119243643,-3.453780134695977,9.148372891605819,3.643735854028752,1.6933024333666555,2.1943237700438765,-3.453780134695977,-3.453780134695977,-3.453780134695977,2.9695989739852386,1.674853523396438,-0.766851492878212,2.9179320075784316,3.468681224501376,-3.453780134695977,5.0719772549571935,-3.453780134695977,-3.453780134695977,-3.453780134695977,6.571393117230507,-3.453780134695977,-3.453780134695977,-3.453780134695977,-3.453780134695977,3.0577497669935827,2.012206827857856,5.827368110088806,-3.453780134695977,-3.453780134695977,-3.453780134695977,-3.453780134695977,-3.453780134695977,3.4765424591950636,2.756356433029511,3.7959815693158188,-3.453780134695977,-3.453780134695977,-3.453780134695977,4.79741574187888,-3.453780134695977,2.345260655651007,1.1283048960566031,3.52103359399885,3.554777554003489
HSM67VDX_P,-4.9138396634728405,3.12137572815102,-4.9138396634728405,4.995298808806136,6.244499243830928,-1.3552788476136062,3.6173666138373335,1.0140191835775436,1.3440851186013854,-4.9138396634728405,-4.9138396634728405,6.253773548364331,3.0256408282702543,5.976186759242282,-4.9138396634728405,-4.9138396634728405,-4.9138396634728405,4.702758127507717,-4.9138396634728405,-4.9138396634728405,4.56137645481586,6.86759467061181,4.16679074143765,3.41406521813735,-0.22551053434015422,2.405996096107992,-4.9138396634728405,-4.9138396634728405,-4.9138396634728405,5.69864997837611,2.7886604987399517,-0.43142111204523914,1.3158108683932355,2.526742825971933,-1.3680178896195532,-1.4726665495317448,-0.9863372797566345,3.678855819436203,0.32618633592307233,-4.9138396634728405,1.8676406438341093,4.05006188820131,-3.5556831625242538,4.264813655186238,-0.09172349944370595,4.712576461883093,-4.9138396634728405,-1.2111235376854523,3.091608907870776,4.647624468388473,-4.9138396634728405,3.784125660634012,1.0812738250593812,3.487662829356899,3.231625493342248,1.0500696032484127,6.283117284100051,-4.9138396634728405,-4.9138396634728405,4.34059393251723,1.001807563506289,0.19886142288929065,1.364934564654634,-4.9138396634728405,-4.9138396634728405,4.964949857272934,4.952273106492912,0.5973906922665897,0.3889565243362263,0.8913396170069579,-4.9138396634728405,3.962578657988968,3.763852543771753,5.312705351609356,-4.9138396634728405,5.692792595079666,-4.9138396634728405,2.0887650222352763,-4.9138396634728405,-4.9138396634728405,-4.9138396634728405,3.7118536859653766,1.4171132569480616,1.9977306765604412,-4.9138396634728405,-4.9138396634728405,-4.9138396634728405,-4.9138396634728405,6.2260564945249275,4.216370951320556,3.582287815900872,7.093758057969004,-4.9138396634728405,-4.9138396634728405,-4.9138396634728405,5.14492338099257,-4.9138396634728405,-4.9138396634728405,-4.9138396634728405,-4.9138396634728405,-4.9138396634728405
HSM6XRT4_P,4.32304699745349,5.336112793273337,-4.919288965320311,6.153160438269003,-4.919288965320311,-4.919288965320311,-4.919288965320311,-4.919288965320311,3.2213291854725314,-4.919288965320311,-4.919288965320311,6.769228910347799,-4.919288965320311,1.1169298518796786,6.506582010019608,-4.919288965320311,5.107528330329936,6.371890227823924,-4.919288965320311,-4.919288965320311,5.35022147331182,3.327911145029505,5.002946034268156,5.800016072397375,6.48191266508382,1.4122898760065414,-4.919288965320311,1.0532114727131363,3.101131402962909,0.9874151994971747,4.513541551214596,-0.22169741298062462,2.066624309219911,-4.919288965320311,-0.7515223836518885,1.3013711979533182,-4.919288965320311,1.9868983899260781,-0.03743045543650325,-0.627804366181909,2.6253638218973103,1.048178539824315,3.423454357916402,3.423553129097429,-4.919288965320311,3.3112539753196755,-4.919288965320311,4.473732778324636,3.920042848888534,3.659709817105197,-4.919288965320311,7.166233524952214,-4.919288965320311,1.1944206890382612,1.6830084548044955,-4.919288965320311,3.6471526656429125,-4.919288965320311,1.5491682174233894,5.377771401359826,0.6538895638321893,1.9426196121172383,0.9803353088791349,-4.919288965320311,-4.919288965320311,-4.919288965320311,2.0900373841857016,1.0902994127748817,-2.051800547696306,1.960055076251633,-4.919288965320311,-4.919288965320311,2.041568720922032,-4.919288965320311,-4.919288965320311,5.710097058693518,4.909140865297193,1.3254066902933825,-4.919288965320311,-4.919288965320311,-4.919288965320311,2.218324375119293,-4.919288965320311,4.089358777313122,-4.919288965320311,2.853250271020661,-4.919288965320311,-4.919288965320311,1.005314557234069,-4.919288965320311,2.1424185493734154,4.5131845096026835,2.5762352765644874,1.1154412552760817,-4.919288965320311,5.1620102478808025,-4.919288965320311,-0.45371049171312805,0.6157498323319199,1.6031961186430923,1.7653801548568664
HSM67VDR_P,-4.351884236935774,-4.351884236935774,-4.351884236935774,-4.351884236935774,6.096257285889294,-4.351884236935774,3.731592013845172,2.01804090474692,-4.351884236935774,-4.351884236935774,-4.351884236935774,3.8504580062282576,-4.351884236935774,4.109355215245171,-0.000292921309496208,4.171514009038192,5.3570349761481975,2.72344149308414,7.303255724001879,-4.351884236935774,6.679128479013146,7.072612284955088,-2.6290977603397554,5.794981453546784,7.6799604069551926,4.702083799301169,-4.351884236935774,0.6331153451460381,3.271586375503757,3.1221177155879545,0.6837928630813774,-4.351884236935774,-4.351884236935774,1.8571322743210388,-4.351884236935774,-4.351884236935774,-0.4083388331477913,-4.351884236935774,-4.351884236935774,-4.351884236935774,-4.351884236935774,0.4017299458427033,-4.351884236935774,2.000072210452781,0.8299233776940689,2.686221482771784,-4.351884236935774,3.4264351763231797,2.8997685772824573,3.114710696264197,-4.351884236935774,1.765355662419621,0.8920010163371082,1.687441782205215,1.543644052725833,-4.351884236935774,5.645126965305175,0.9711498244466714,1.752933141754177,6.8285254498962,-4.351884236935774,5.79528716446451,-4.351884236935774,-4.351884236935774,-4.351884236935774,-4.351884236935774,2.48611632178231,-4.351884236935774,1.1948785940197855,-4.351884236935774,2.7286713659295225,-4.351884236935774,2.5664394322686874,-0.4723607229204898,-4.351884236935774,5.700573243820857,5.991429635626354,-4.351884236935774,2.046734857626034,-4.351884236935774,-4.351884236935774,2.231825738972627,6.9337657519755345,7.101833336233996,-4.351884236935774,-4.351884236935774,-4.351884236935774,-4.351884236935774,2.2724707280104663,-4.351884236935774,2.6122755529019486,4.049652901275044,-4.351884236935774,-4.351884236935774,-4.351884236935774,5.782636055970109,6.63495356261404,0.2166459139361745,1.3892181450433938,2.722764674093516,2.8804394620304015
CSM79HGR_P,7.887125801482357,-3.4328181807782467,4.144503526425256,7.731189232800648,7.384503635373166,4.062229191571589,2.3972919851773984,-3.4328181807782467,-3.4328181807782467,-3.4328181807782467,-3.4328181807782467,7.060336979594542,6.1165073139871815,-0.034674765690521525,-3.4328181807782467,-3.4328181807782467,-3.4328181807782467,6.200054635106503,8.939314688918781,-3.4328181807782467,5.274858122855185,-1.1174149368086947,7.774161673634794,-3.4328181807782467,8.487819731584766,0.5400509894763239,-3.4328181807782467,-3.4328181807782467,-3.4328181807782467,-3.4328181807782467,3.5937869199734465,-3.4328181807782467,4.668127693113496,-3.4328181807782467,-3.4328181807782467,-3.4328181807782467,-3.4328181807782467,-3.4328181807782467,-3.4328181807782467,-3.4328181807782467,-3.4328181807782467,-3.4328181807782467,-3.4328181807782467,-3.4328181807782467,-3.4328181807782467,2.228223581499112,-3.4328181807782467,-3.4328181807782467,0.44184628114936864,-3.4328181807782467,-3.4328181807782467,-3.4328181807782467,1.1008724675036934,6.03938660492365,-3.4328181807782467,-3.4328181807782467,5.901378633249655,5.169920184704491,-3.4328181807782467,7.178680799723407,-3.4328181807782467,3.889813483244767,0.6519076352594464,-3.4328181807782467,4.045457294400282,-3.4328181807782467,6.3459031257742495,-3.4328181807782467,-3.4328181807782467,1.4254899282493003,2.1163276184062045,-3.4328181807782467,3.5846485355114472,3.233742642940032,-3.4328181807782467,-3.4328181807782467,7.344132744897567,3.702816697717269,-3.4328181807782467,-3.4328181807782467,0.6082980020366016,3.848091922804403,6.605041300813476,5.037281940824627,6.380079115593323,-3.4328181807782467,-3.4328181807782467,-3.4328181807782467,-3.4328181807782467,-3.4328181807782467,0.979386301892669,4.184956027018308,-3.4328181807782467,-3.4328181807782467,-3.4328181807782467,7.636071398778845,-3.4328181807782467,-3.4328181807782467,-3.4328181807782467,0.5793554941042274,0.8689359419844909
MSM6J2PQ_P,-5.146386799632426,-0.7603084188605163,-5.146386799632426,1.871460697417791,4.233488624348441,-5.146386799632426,2.4922712294990443,2.4896420184855623,-5.146386799632426,-5.146386799632426,1.896134170127243,5.031734352787566,-0.7165323432577821,-1.5336329046320838,6.1227503124391465,-5.146386799632426,1.886884485577677,-5.146386799632426,-5.146386799632426,-5.146386799632426,2.3281756181341127,4.719054910705106,2.9451875623310126,3.9256404675000143,5.775331749273759,2.3084335584274553,4.328677947395764,6.587166633737459,3.8643787749126117,3.347776847852068,3.02247998514018,-5.146386799632426,-5.146386799632426,-5.146386799632426,1.464221413770967,-5.146386799632426,1.89948640594878,0.48040366475937546,-5.146386799632426,-5.146386799632426,-5.146386799632426,2.8744915239718285,-5.146386799632426,2.644842923224303,4.240587760431976,3.7753184144463985,-5.146386799632426,-5.146386799632426,3.8130727917384917,5.424346342921764,-5.146386799632426,-5.146386799632426,-5.146386799632426,5.157849880961396,6.158991357852074,3.3026088801905162,5.5878592696993135,-1.8868724545076034,4.319043838874214,5.869141502772311,-5.146386799632426,1.7311668328112058,3.18042093971747,-5.146386799632426,2.8330467772714805,-5.146386799632426,-5.146386799632426,3.014299134728237,3.6457422828746315,1.4683835302565562,3.5750210081497826,-5.146386799632426,-1.0115928264963685,1.4595391842863732,-5.146386799632426,5.590577431585017,-5.146386799632426,3.191247633681493,2.0211116501701953,-5.146386799632426,-5.146386799632426,3.541795270459941,4.353673714426638,4.726405287902031,-5.146386799632426,-5.146386799632426,0.9364664866395493,2.5842825573259853,-5.146386799632426,-5.146386799632426,4.088804511769001,4.309781392709936,-5.146386799632426,2.886070100010368,1.8768861251705937,6.874851671434628,-5.146386799632426,-5.146386799632426,0.785330999252146,3.5207236656145326,3.0870732278827306
MSM79H52_P,-3.365128170181441,4.590236635118865,5.293090834398245,6.0272314146726975,7.803550558714912,-0.42709897179964607,6.635563222718426,2.8218678079717536,1.6129801580941034,1.9667051220185066,6.513541407485691,7.715581495367127,-3.365128170181441,4.256417201512478,-3.365128170181441,6.024014932056002,-3.365128170181441,-3.365128170181441,-3.365128170181441,-3.365128170181441,6.093206899754489,-3.365128170181441,3.709969082486414,5.07533666100715,6.472157281507686,-3.365128170181441,8.051575142031496,-3.365128170181441,-3.365128170181441,6.5678160598797275,2.7984018892357954,-3.365128170181441,-3.365128170181441,-3.365128170181441,2.4758009968020023,-3.365128170181441,-3.365128170181441,-3.365128170181441,-3.365128170181441,-3.365128170181441,-3.365128170181441,5.249839336473592,-3.365128170181441,-3.365128170181441,-3.365128170181441,-3.365128170181441,1.5809570886064215,-3.365128170181441,-3.365128170181441,-3.365128170181441,3.111604662281466,2.2187172021351333,-3.365128170181441,3.7996296200851862,-3.365128170181441,-3.365128170181441,6.3007994510730585,4.347951311418612,-3.365128170181441,4.665569343034062,-3.365128170181441,-3.365128170181441,-3.365128170181441,-3.365128170181441,-3.365128170181441,-3.365128170181441,3.3008241666863123,4.475618785462377,3.2286159558741954,3.3994751788969095,-3.365128170181441,-3.365128170181441,5.017506689199248,7.9065061567551345,-3.365128170181441,-3.365128170181441,-3.365128170181441,-3.365128170181441,-3.365128170181441,-3.365128170181441,-0.9669143645605374,3.843192139312885,-3.365128170181441,-3.365128170181441,-3.365128170181441,-3.365128170181441,9.562225197030218,-3.365128170181441,-3.365128170181441,-3.365128170181441,1.0177762418235723,6.322017410335961,-3.365128170181441,2.2848692469228897,4.398587065921092,8.034120154720684,-3.365128170181441,-3.365128170181441,-3.365128170181441,-3.365128170181441,-3.365128170181441
HSM67VG6_P,3.991479137849444,3.9024350966656245,-5.119932019680014,5.327357580276782,5.757734264220545,-5.119932019680014,-5.119932019680014,-5.119932019680014,1.8784732217456828,0.9911517354950714,-5.119932019680014,5.472603242637157,-5.119932019680014,-0.894164340354008,6.790014463992668,-5.119932019680014,3.9879413805555233,6.344882019000753,-5.119932019680014,-5.119932019680014,5.330363191703914,6.06245439034116,3.283315496954028,6.257112150838533,5.216389146320353,1.39285595175597,-5.119932019680014,-5.119932019680014,1.6447369019910143,4.745877282292627,3.010014279002757,-2.8394706164780352,0.3632083892574425,0.23645468139543802,-5.119932019680014,-0.12214576605248872,-0.1515161183143494,0.3416886383370663,-5.119932019680014,-5.119932019680014,1.4612220949148567,3.6851769518184625,0.6960658864543978,3.7236210089287303,-5.119932019680014,2.734093941081766,-5.119932019680014,-5.119932019680014,2.990516826411464,4.041911940614752,-5.119932019680014,4.850365438177794,-5.119932019680014,1.5294169753576492,1.8305590033411452,-5.119932019680014,4.452264408617809,-5.119932019680014,3.5180945508881853,6.242262024435174,2.170143916813383,1.16522438170721,-0.48898745408212996,-5.119932019680014,-5.119932019680014,-5.119932019680014,2.7828404981831287,2.5091486903099254,-1.2242005958010527,2.5437096831811115,-5.119932019680014,-5.119932019680014,3.8516506588052923,-5.119932019680014,-5.119932019680014,5.655484221743249,-5.119932019680014,-0.23091893668454944,-1.059950962922688,-5.119932019680014,-0.5043871271962832,3.915519864934928,-0.25320281266643185,3.9087607243270543,-5.119932019680014,3.805000159598392,5.113692129935853,-5.119932019680014,1.7117934450101862,-5.119932019680014,3.4561275667822597,4.10371674034821,2.796391534988649,0.9754937927458291,-5.119932019680014,5.573971085826517,-5.119932019680014,0.9766707991049826,0.6207248266549872,3.2845097627689572,1.9618772419104813
CSM7CZ2F_P,3.6642199955204005,5.781830546957771,-3.761261928772729,6.469150003474338,7.3278051042463215,-3.761261928772729,-3.761261928772729,-3.761261928772729,0.9394794864305318,-3.761261928772729,-3.761261928772729,7.162956801175669,-3.761261928772729,0.28432464140520963,9.034307130593593,-3.761261928772729,7.244866792864264,4.306782023041697,-3.761261928772729,-3.761261928772729,5.983965484271236,7.56479952407507,4.924302282239706,7.2718071992226125,6.959368132226446,2.1182537731335076,-3.761261928772729,-3.761261928772729,2.306974245175488,2.5703099752488523,4.5889578412765,-1.3554251890208668,-3.761261928772729,-3.761261928772729,-3.761261928772729,0.4708532537602306,1.9498422557779183,1.967223453396148,-3.761261928772729,-3.761261928772729,4.141788815586162,4.535766325342385,1.2593262761935176,2.4543340580465713,-3.761261928772729,2.7030520993032363,-3.761261928772729,-3.761261928772729,0.7139748566181279,4.251573074985833,-3.761261928772729,4.651795871385371,-3.761261928772729,3.827387047147867,-3.761261928772729,-3.761261928772729,6.772079393976386,-3.761261928772729,4.532484573903933,6.8040870771620625,3.1595408209805047,-3.761261928772729,-3.761261928772729,-3.761261928772729,4.642754015917647,-3.761261928772729,0.48845381791042364,1.1148600890997216,-3.761261928772729,3.3337362696891066,2.704004206192111,-3.761261928772729,-3.761261928772729,-3.761261928772729,-3.761261928772729,6.92164527133726,-3.761261928772729,-3.761261928772729,-3.761261928772729,-3.761261928772729,0.11152015756589861,-3.761261928772729,-0.7327755820956536,-3.761261928772729,1.532985760440786,4.476006161801762,5.415628398919946,-3.761261928772729,-3.761261928772729,-3.761261928772729,-3.761261928772729,3.9604746968155444,-3.761261928772729,-1.4931482116548693,-3.761261928772729,6.444865937121694,-3.761261928772729,-3.761261928772729,-3.761261928772729,-3.761261928772729,-0.20205959755014824
PSM7J19X_P,-1.8823387910001568,-1.8823387910001568,-1.8823387910001568,-1.8823387910001568,-1.8823387910001568,-1.8823387910001568,-1.8823387910001568,-1.8823387910001568,-1.8823387910001568,-1.8823387910001568,-1.8823387910001568,-1.8823387910001568,-1.8823387910001568,-1.8823387910001568,-1.8823387910001568,-1.8823387910001568,-1.8823387910001568,-1.8823387910001568,-1.8823387910001568,-1.8823387910001568,-1.8823387910001568,-1.8823387910001568,-1.8823387910001568,-1.8823387910001568,2.2553726764058926,-1.8823387910001568,-1.8823387910001568,-1.8823387910001568,-1.8823387910001568,6.6283197237603515,-1.8823387910001568,-1.8823387910001568,-1.8823387910001568,-1.8823387910001568,8.035945111792106,-1.8823387910001568,-1.8823387910001568,10.709007683105517,-1.8823387910001568,10.103466505210976,9.319102288722322,-1.8823387910001568,9.210938287550764,-1.8823387910001568,-1.8823387910001568,-1.8823387910001568,8.439189013378636,-1.8823387910001568,-1.8823387910001568,-1.8823387910001568,-1.8823387910001568,8.854620630550786,-1.8823387910001568,-1.8823387910001568,-1.8823387910001568,-1.8823387910001568,-1.8823387910001568,9.00032211615021,-1.8823387910001568,4.127728372731241,8.555988533674775,9.248291941567482,-1.8823387910001568,4.086355511142774,-1.8823387910001568,-1.8823387910001568,-1.8823387910001568,-1.8823387910001568,-1.8823387910001568,-1.8823387910001568,-1.8823387910001568,-1.8823387910001568,7.017253219037269,-1.8823387910001568,-1.8823387910001568,-1.8823387910001568,-1.8823387910001568,-1.8823387910001568,-1.8823387910001568,-1.8823387910001568,2.535522185951713,-1.8823387910001568,-1.8823387910001568,-1.8823387910001568,-1.8823387910001568,-1.8823387910001568,-1.8823387910001568,-1.8823387910001568,6.788433854960813,-1.8823387910001568,-1.8823387910001568,-1.8823387910001568,-1.8823387910001568,-1.8823387910001568,-1.8823387910001568,9.89827325884077,-1.8823387910001568,-1.8823387910001568,4.457533102497114,5.352568330415084,5.962870932563655
HSM7CZ2L_P,3.263831865082653,4.156488573802687,-4.5309762114528525,4.79813644158548,5.696173324446233,-4.5309762114528525,-4.5309762114528525,-4.5309762114528525,2.201532695508102,-4.5309762114528525,-4.5309762114528525,6.650839664051629,-4.5309762114528525,-1.2686009076846734,7.592795205709283,-4.5309762114528525,5.805223282603452,1.9242086272421899,-4.5309762114528525,-4.5309762114528525,4.0602903816141085,4.610170649037333,3.9778743197565047,7.312838222661505,5.708130425554808,-4.5309762114528525,-4.5309762114528525,-4.5309762114528525,4.062333450325436,2.7607954263447256,4.872193679914478,-0.6677041549519007,-1.3723350914690542,1.3420975647283768,-1.5968823794957707,0.7989376410532092,-4.5309762114528525,2.495793047105833,-4.5309762114528525,-4.5309762114528525,3.180465798209716,3.0245760174897987,1.168927729695051,1.767755210742,-4.5309762114528525,2.452759463273831,0.3464443172921374,-4.5309762114528525,1.8286834738469162,4.5210381849576455,-4.5309762114528525,5.233194123895447,2.4408610911689355,-4.5309762114528525,2.241674034210912,-4.5309762114528525,5.829108532804216,-4.5309762114528525,3.5990714732868048,8.071750635025758,1.097193644124216,2.4694080427551155,-4.5309762114528525,-0.6274629581553466,-4.5309762114528525,-4.5309762114528525,2.2868184629796957,1.843703502761624,-0.9306845353374413,2.525942331021697,3.4925911151482296,-4.5309762114528525,3.5027231463581874,-4.5309762114528525,-4.5309762114528525,5.307243486195496,-4.5309762114528525,-2.5603796330295374,-4.5309762114528525,-4.5309762114528525,-2.172844664262085,2.906582402047687,-4.5309762114528525,-0.36592141250640253,-4.5309762114528525,4.736768835216148,3.7400147781117274,-4.5309762114528525,-4.5309762114528525,-4.5309762114528525,2.3755482251256925,3.741856122321747,3.6537516269675407,3.5291096262570756,-4.5309762114528525,5.815872376922398,-2.125314731015875,-4.5309762114528525,-1.1463245636053827,1.6049485067574425,2.584480261622633
HSM7CYYV_P,7.377225848297329,3.443832066606432,-3.286126339599626,6.48684719537421,7.386306883284016,-3.286126339599626,-3.286126339599626,-3.286126339599626,1.4879925174432937,3.0427029254844014,-3.286126339599626,6.832108000623067,-3.286126339599626,3.5621673529919677,5.812610998593405,1.006579424435449,-3.286126339599626,-3.286126339599626,-3.286126339599626,-3.286126339599626,4.239405406388858,5.168926652105397,6.259763225130495,6.743789658930181,6.218216115082414,-3.286126339599626,-3.286126339599626,3.9714247997526844,3.0643171612531255,4.226830685836452,5.525309380817335,-3.286126339599626,1.9182555122938059,-3.286126339599626,-3.286126339599626,-3.286126339599626,-3.286126339599626,-3.286126339599626,-3.286126339599626,-3.286126339599626,-3.286126339599626,5.030140693280287,-3.286126339599626,2.8113038448178163,-3.286126339599626,-3.286126339599626,-3.286126339599626,8.092561897450429,-3.286126339599626,-3.286126339599626,3.101776801142904,-3.286126339599626,3.326727088101709,4.365509364689699,-3.286126339599626,3.6546428972093103,-3.286126339599626,5.62570466835273,-3.286126339599626,8.69598632381473,-3.286126339599626,2.7418049509520444,3.672981566287831,-3.286126339599626,-3.286126339599626,-3.286126339599626,-3.286126339599626,-3.286126339599626,-3.286126339599626,3.8966464711889124,-3.286126339599626,-3.286126339599626,5.605154974933261,6.363206593703117,-3.286126339599626,-3.286126339599626,-3.286126339599626,-3.286126339599626,-3.286126339599626,9.697819473560156,-3.286126339599626,2.7616129347900626,-3.286126339599626,2.7105824597259334,6.565754273264606,-3.286126339599626,-3.286126339599626,-3.286126339599626,-3.286126339599626,-3.286126339599626,-3.286126339599626,4.222733199999881,-3.286126339599626,-3.286126339599626,-3.286126339599626,7.4522977567133095,-3.286126339599626,-3.286126339599626,-3.286126339599626,-3.286126339599626,2.9980203312733726
HSM7CYYR_P,6.037357054473144,3.5176975130227266,-3.2427940470665053,7.35169947499456,7.604657180502066,-3.2427940470665053,-3.2427940470665053,-3.2427940470665053,-3.2427940470665053,-3.2427940470665053,-3.2427940470665053,8.219098101455348,-3.2427940470665053,4.599477869545693,7.751324931233839,3.996270677468223,-3.2427940470665053,5.628331919982194,-3.2427940470665053,-3.2427940470665053,5.906733846525207,5.218868024996493,8.465836704532954,6.9438873680440665,7.271771465083335,-3.2427940470665053,-3.2427940470665053,-3.2427940470665053,-3.2427940470665053,-3.2427940470665053,4.187245177170422,-3.2427940470665053,-3.2427940470665053,-3.2427940470665053,-3.2427940470665053,-3.2427940470665053,-3.2427940470665053,1.542659797714732,-3.2427940470665053,-3.2427940470665053,-3.2427940470665053,2.0369323398873327,0.932425618439872,1.5809651650409737,-3.2427940470665053,-3.2427940470665053,-3.2427940470665053,7.365488497658415,3.342112006984581,3.2105139607734134,-3.2427940470665053,-3.2427940470665053,-3.2427940470665053,0.932425618439872,-3.2427940470665053,3.482039889659662,-3.2427940470665053,-3.2427940470665053,2.609475382112157,6.310995557937668,0.23625705087826177,3.0132521533443866,-3.2427940470665053,-3.2427940470665053,-3.2427940470665053,-3.2427940470665053,3.1597362402787477,-3.2427940470665053,0.15598945078413173,2.777096802512573,4.128940900583874,6.453066122250043,4.677352284325588,8.318189738774496,-3.2427940470665053,-3.2427940470665053,3.631549944586464,-3.2427940470665053,-3.2427940470665053,9.484184410796308,-3.2427940470665053,4.387919445750608,-3.2427940470665053,3.363067801923627,-3.2427940470665053,-3.2427940470665053,-3.2427940470665053,-3.2427940470665053,-3.2427940470665053,-3.2427940470665053,3.7204692437209816,2.7269738339542666,-3.2427940470665053,-3.2427940470665053,-3.2427940470665053,5.0445122087791345,-3.2427940470665053,-3.2427940470665053,-3.2427940470665053,-3.2427940470665053,-3.2427940470665053
PSM6XBTZ_P,3.1670246637067407,6.24042608369688,2.991138011764332,5.272116097808382,7.501736595557255,1.4546522582702295,5.682229604757793,-3.6298329028964726,-3.6298329028964726,-3.6298329028964726,6.9776361276958525,6.47416558818586,-3.6298329028964726,5.554525704497601,-3.6298329028964726,6.350526846573838,6.982649679461753,1.8465012219468182,-3.6298329028964726,-3.6298329028964726,5.262898912924517,8.833448119729226,0.6559839109844052,8.360521314698593,7.4638811296036005,-3.6298329028964726,-3.6298329028964726,5.232479614642806,2.7457644268201147,-0.29351886386241155,4.213699188248073,-3.6298329028964726,1.4369062035512012,-3.6298329028964726,-3.6298329028964726,-3.6298329028964726,-3.6298329028964726,-3.6298329028964726,-3.6298329028964726,-3.6298329028964726,-3.6298329028964726,-3.6298329028964726,-3.6298329028964726,1.7672571846148522,-3.6298329028964726,2.014698084669668,-3.6298329028964726,4.38849825234761,-3.6298329028964726,1.7736702857163262,-0.1056593043176175,-3.6298329028964726,-3.6298329028964726,-3.6298329028964726,3.0513806593300545,-3.6298329028964726,6.981727849739841,-3.6298329028964726,-3.6298329028964726,6.65866864754609,-3.6298329028964726,-3.6298329028964726,-3.6298329028964726,-3.6298329028964726,-3.6298329028964726,-3.6298329028964726,0.10311309674911406,-3.6298329028964726,-3.6298329028964726,0.9428905960865972,-3.6298329028964726,5.958024306065376,4.7481362829273905,6.951424040893496,-3.6298329028964726,6.272011305145845,-3.6298329028964726,0.7951094745674485,-3.6298329028964726,-3.6298329028964726,-3.6298329028964726,0.865261873327956,2.7599529486406675,2.7190293025265406,3.9353397452889265,-3.6298329028964726,4.9525197679991315,-3.6298329028964726,-3.6298329028964726,-3.6298329028964726,1.95785512129242,1.9883228647770501,-3.6298329028964726,-3.6298329028964726,-3.6298329028964726,7.250490631372386,6.873861297838385,-3.6298329028964726,-3.6298329028964726,-3.6298329028964726,-3.6298329028964726
HSM7CZ2J_P,5.130582675744492,5.829118718599998,-4.033657286131314,6.6951060795264175,6.810165891296823,-4.033657286131314,-4.033657286131314,-4.033657286131314,1.3660767388277861,2.9200682013306167,-4.033657286131314,6.240320960901673,-4.033657286131314,-1.5625872561125593,8.850934055978716,-4.033657286131314,5.727330115286304,0.06128921781854757,-4.033657286131314,-4.033657286131314,5.430401654463251,6.263399463063579,4.682876197858733,7.525530750819122,6.517328597333767,-4.033657286131314,-4.033657286131314,-4.033657286131314,2.6436659071373816,3.0410711529081214,6.282685842482991,1.6802949585413014,-4.033657286131314,-4.033657286131314,-4.033657286131314,1.5679631572175392,-4.033657286131314,2.6491336150527776,-4.033657286131314,-4.033657286131314,1.9346952710010532,4.770343931698817,2.339998416980178,3.3350982600488193,-4.033657286131314,2.960627584475877,-4.033657286131314,-4.033657286131314,-0.22815120016324109,2.079181199431787,3.584724250137338,6.707626912252309,-4.033657286131314,-4.033657286131314,2.060395461439912,-4.033657286131314,5.179431475734067,-4.033657286131314,2.366589947240861,5.1531771463247695,2.960441829561071,-4.033657286131314,1.1098979554379724,-4.033657286131314,-4.033657286131314,-4.033657286131314,-4.033657286131314,3.6002262357754384,-4.033657286131314,3.7917084323166916,2.981125802608778,-4.033657286131314,5.102995720395447,-4.033657286131314,-4.033657286131314,6.237618737847026,3.6799490515108557,-4.033657286131314,-4.033657286131314,-4.033657286131314,-4.033657286131314,-4.033657286131314,-4.033657286131314,-4.033657286131314,2.2485309070083,4.4644043798984265,4.48372484980448,-4.033657286131314,-4.033657286131314,-4.033657286131314,1.3139614512428235,2.705947645749985,1.3321101169483764,1.7546445394419194,4.249923881369781,7.0355001308363185,-4.033657286131314,-4.033657286131314,-4.033657286131314,-4.033657286131314,-4.033657286131314
MSM79HCN_P,10.201647877605883,-1.8875732351416161,-1.8875732351416161,-1.8875732351416161,10.27257160371428,-1.8875732351416161,8.068759244015844,-1.8875732351416161,-1.8875732351416161,3.901830356352491,-1.8875732351416161,-1.8875732351416161,-1.8875732351416161,10.542597992363488,-1.8875732351416161,-1.8875732351416161,-1.8875732351416161,-1.8875732351416161,-1.8875732351416161,-1.8875732351416161,-1.8875732351416161,0.9304639685446237,10.219865808688882,-1.8875732351416161,-1.8875732351416161,-1.8875732351416161,-1.8875732351416161,-1.8875732351416161,-1.8875732351416161,-1.8875732351416161,-1.8875732351416161,-1.8875732351416161,-1.8875732351416161,-1.8875732351416161,-1.8875732351416161,-1.8875732351416161,-1.8875732351416161,-1.8875732351416161,-1.8875732351416161,-1.8875732351416161,-1.8875732351416161,-1.8875732351416161,-1.8875732351416161,-1.8875732351416161,-1.8875732351416161,-1.8875732351416161,-1.8875732351416161,8.886367870291224,-1.8875732351416161,-1.8875732351416161,3.815637124981734,-1.8875732351416161,-1.8875732351416161,7.932346972636017,-1.8875732351416161,-1.8875732351416161,5.506179856719795,-1.8875732351416161,5.18989591035477,9.485951973884056,-1.8875732351416161,-1.8875732351416161,-1.8875732351416161,-1.8875732351416161,-1.8875732351416161,-1.8875732351416161,-1.8875732351416161,-1.8875732351416161,-1.8875732351416161,-1.8875732351416161,-1.8875732351416161,-1.8875732351416161,5.431049681001881,-1.8875732351416161,-1.8875732351416161,-1.8875732351416161,3.8328772904710124,-1.8875732351416161,-1.8875732351416161,-1.8875732351416161,-1.8875732351416161,7.257103793161421,-1.8875732351416161,5.5791023313215575,-1.8875732351416161,0.2837342948568722,-1.8875732351416161,-1.8875732351416161,-1.8875732351416161,-1.8875732351416161,-1.8875732351416161,4.413558789267845,-1.8875732351416161,-1.8875732351416161,-1.8875732351416161,6.761563299333746,-1.8875732351416161,4.644890270937655,2.1630435876305167,5.104849537110534,4.917249670656811
HSMA33J1_P,-4.13679820909859,-4.13679820909859,-4.13679820909859,5.042610925522466,7.255092663722149,-4.13679820909859,5.599282736993079,-4.13679820909859,1.5851782236870342,0.877261560476633,6.150238865756005,-4.13679820909859,-4.13679820909859,1.4927434019323798,-4.13679820909859,-4.13679820909859,-4.13679820909859,-4.13679820909859,3.8457687283820894,-4.13679820909859,5.2292403678017,7.773660100106628,5.593404592481879,5.363116064258607,7.371119318606619,4.828006693439397,5.814201632362449,5.272667348048227,-4.13679820909859,-0.06726026707955413,2.4644783605597027,4.348207645704084,-4.13679820909859,0.3129923250982092,-4.13679820909859,-4.13679820909859,-4.13679820909859,3.2587368394051826,-0.46958829077312814,-4.13679820909859,-4.13679820909859,1.561446445019758,-4.13679820909859,-4.13679820909859,0.4124906135569404,0.9021506648518134,0.5141125548527636,-4.13679820909859,3.3318809182207447,3.27069801934387,-4.13679820909859,2.281512137780682,-4.13679820909859,-4.13679820909859,2.9046690833362883,-4.13679820909859,5.536037009722352,-4.13679820909859,4.399719095993273,8.268395164797461,2.9971387197768973,-4.13679820909859,-4.13679820909859,-4.13679820909859,-4.13679820909859,2.7070865326444284,3.8656048612735523,-0.5363742161246634,-1.2309880792433336,3.301664355752676,-4.13679820909859,5.740428459558348,4.767458245009431,-4.13679820909859,-4.13679820909859,5.8421910075382915,-4.13679820909859,-4.13679820909859,1.7542205624713372,4.5494796349266915,-4.13679820909859,3.420937192514658,4.899445694552171,3.6556803037061885,-4.13679820909859,2.7624682181182196,-4.13679820909859,7.1775116506426,-4.13679820909859,-4.13679820909859,2.9353499817463815,4.830696874227433,-4.13679820909859,-4.13679820909859,-4.13679820909859,6.274330977908699,6.527711515763643,-4.13679820909859,-4.13679820909859,-4.13679820909859,-4.13679820909859
HSM5MD8L_P,4.951189317743936,1.1141857151118764,-3.3612000046690333,4.711688815520967,6.959379854567445,-3.3612000046690333,-3.3612000046690333,-3.3612000046690333,-3.3612000046690333,-3.3612000046690333,-3.3612000046690333,6.158084709056196,-3.3612000046690333,3.461651726648487,5.668977048942829,1.5991691576404872,-3.3612000046690333,0.5942041623615939,-3.3612000046690333,-3.3612000046690333,2.596776299770675,4.447125742254754,5.859180967458838,6.006104452931777,5.642013514295682,-3.3612000046690333,-3.3612000046690333,2.846509341876157,2.7149328911966837,0.9685403133360762,3.4776399739325594,-3.3612000046690333,4.819000452251627,-3.3612000046690333,-3.3612000046690333,-3.3612000046690333,-3.3612000046690333,-3.3612000046690333,-3.3612000046690333,-3.3612000046690333,-3.3612000046690333,3.956472933068981,-3.3612000046690333,-0.03584782523507357,-3.3612000046690333,-3.3612000046690333,-3.3612000046690333,6.434852083103425,-3.3612000046690333,2.0948749229143413,2.942112557811801,-3.3612000046690333,-3.3612000046690333,3.6826368627861052,-3.3612000046690333,1.3927153134801582,-3.3612000046690333,7.293347386310143,3.540562969360322,8.575515596734963,-0.5697270598521147,2.7751249375088083,1.4658377776299556,-3.3612000046690333,1.4911556512995112,0.0029581981351842757,3.690377043654485,-0.03225711482799021,-3.3612000046690333,2.1168445737687627,1.881402190761662,-3.3612000046690333,4.626108691512335,6.102721953494463,-3.3612000046690333,-3.3612000046690333,-3.3612000046690333,-3.3612000046690333,-3.3612000046690333,10.012377662658732,-3.3612000046690333,3.507726171888635,-3.3612000046690333,-3.3612000046690333,5.8400036391605035,-3.3612000046690333,-3.3612000046690333,2.6620903689375677,3.428099322837271,-3.3612000046690333,2.7036098269196964,2.1050747705636077,-3.3612000046690333,-3.3612000046690333,-3.3612000046690333,5.784310906823028,-3.3612000046690333,-3.3612000046690333,-3.3612000046690333,-3.3612000046690333,0.714963472681152
MSM6J2JF_P,6.943430568564226,3.3522544186399985,0.9514992718487747,-0.6137224871879923,1.261317111831155,-5.774333890843959,-2.7217373135249083,-1.5603387641627684,-1.4679636700996337,-5.774333890843959,-5.774333890843959,4.576345576185393,2.019859638001517,2.463009775902256,0.34841751763898277,0.36913606961478695,-0.18119404587983823,3.721641330848221,-0.15946110935336932,1.630498471226974,5.419271612940804,1.8222138434111388,4.324931493471983,5.6681411539406135,5.837374411888888,3.5026945293933887,-5.774333890843959,4.079698176925587,2.9050116129449686,2.0107540570567535,-0.869034137537513,-5.774333890843959,1.5418382321531459,1.938509204716559,-1.5958652938747093,-0.5086280049464325,-1.3379318270719285,1.5272555001172474,-2.078786683189236,-0.2395910961539176,1.4783181422689715,1.887239438929396,0.23837615978806603,2.247588275192496,-5.774333890843959,-5.774333890843959,-5.774333890843959,3.104406546970253,0.8555366624297625,1.1863541686662638,-5.774333890843959,3.6625949900259167,0.7506375367365656,-1.6638816363331284,1.3617437910740255,1.4862656125960072,4.35007084124668,0.9586803359628773,-5.774333890843959,4.3172718886617325,2.954386060236084,-0.6323644331515137,-1.9259007357291917,0.3222025764178058,-5.774333890843959,-5.774333890843959,0.6216877021680558,0.882233536200749,-2.5287631092630125,1.5799685482705623,-5.774333890843959,2.797006676597639,4.08504407517726,2.695380022711313,-5.774333890843959,4.406142558874338,-5.774333890843959,-0.47003249679094594,-0.415553379197247,3.4420788907996664,-5.774333890843959,0.6397786884793799,2.0866442304120234,1.5052336906442338,-5.774333890843959,-2.188502386696582,3.7399849982045055,-5.774333890843959,0.965175667619885,-5.774333890843959,1.0954436430948187,3.1460094941922643,-3.027624683848247,-0.9423892122372912,-5.774333890843959,5.2273557749143915,-1.4076216387103884,1.2277160601949078,-0.32532047456485635,2.788494305310828,2.0407312660504884
HSM5MD8B_P,5.736294132263517,0.44745254804527157,-4.6430048243201725,4.347831777279206,5.958303910848678,-4.6430048243201725,-4.6430048243201725,-1.6430374829693335,1.66621247038022,-4.6430048243201725,-4.6430048243201725,5.542036309512417,-4.6430048243201725,2.557775158508629,4.597577386362008,0.31186824046256945,-3.1093221490660934,0.20531302852249844,-3.4123481381534653,-4.6430048243201725,1.6957200611662122,4.60053171665804,5.179033019326223,5.1177470975681585,4.728596483895466,-4.6430048243201725,-4.6430048243201725,4.260108897261718,5.593223890358854,3.4379452164500552,3.751782605053074,-1.0145367173979647,4.8339725517978955,-4.6430048243201725,0.21555415156996993,0.7774392122384821,-1.5069347330860143,1.2858663037033642,0.2295632188698633,0.026296334089012774,-0.3039812533349,3.7929232793776517,0.6684926898941406,1.3129100036776737,-4.6430048243201725,-4.6430048243201725,-4.6430048243201725,6.957819099170488,2.5458778369141317,2.5770977688419503,-4.6430048243201725,3.0517850176564814,-4.6430048243201725,3.3413624430963154,1.7388376879810101,2.7537520183377104,-4.6430048243201725,6.19436087866206,3.2989088945152867,6.754981461919908,0.981281294477407,1.8223846285207026,2.241124986251857,-4.6430048243201725,0.8984985616449936,-1.2191464007350064,1.688559147340932,-2.747669499108188,0.10459616894852353,2.105699769156028,-4.6430048243201725,3.6544318181189626,4.589323722531975,4.959607017462625,-4.6430048243201725,-4.6430048243201725,-4.6430048243201725,-2.3518769003915114,-0.1413772955848156,8.36830300616016,-4.6430048243201725,3.3404329919187576,-2.0613978290787482,-4.6430048243201725,0.31896095607589103,-4.6430048243201725,-4.6430048243201725,0.14577178673582836,1.6567982961961665,-4.6430048243201725,1.5183773680289043,2.7428562248680137,-4.6430048243201725,-4.6430048243201725,-4.6430048243201725,4.693909582154439,-4.6430048243201725,-4.6430048243201725,-4.6430048243201725,0.4876552177860596,-0.32394456946331474
HSM5MD6E_P,2.2035573387675758,3.085128811116684,-3.455631146815625,0.4434948634828526,1.16216935208997,-3.455631146815625,5.861402442478961,1.0747182470719423,-3.455631146815625,-3.455631146815625,-3.455631146815625,0.9157656206371652,-3.455631146815625,-1.4992672277438626,-0.7878703977237453,-0.45875707722366066,-1.7776698989600739,-3.455631146815625,8.428342667905625,-3.455631146815625,8.557028194216581,9.452044219278202,-0.5360724045056582,1.7404935167475504,2.164044639711461,-3.455631146815625,-3.455631146815625,-3.455631146815625,-0.7642892837241035,-3.455631146815625,-3.455631146815625,-3.455631146815625,3.4382050135397293,-0.9899094644401885,0.21203216318552975,-3.455631146815625,-3.455631146815625,5.743174774331993,0.14548736589594924,-3.455631146815625,-3.455631146815625,5.062569664076048,-3.455631146815625,-3.455631146815625,-3.455631146815625,-0.4305426963482155,-3.455631146815625,1.2118360276827005,-0.01718261520286468,2.647452549938569,-3.455631146815625,-3.455631146815625,0.6635102690429484,5.483170480450702,0.7678033124360066,2.5373183564302364,6.925929967083634,2.4759734236807764,-1.8214153328543148,8.656265170483898,2.241567948072152,-3.455631146815625,2.616486507837088,-3.455631146815625,3.7303587880287985,0.5428646882160937,2.419024793975212,1.7128252538980462,0.7711549356363783,1.8899435965039544,-3.455631146815625,-3.455631146815625,4.222063346694764,-1.5156004284603526,-3.455631146815625,-3.455631146815625,1.0845496411973734,2.488066469859022,-3.455631146815625,3.6632588067650866,-3.455631146815625,3.830973204468453,-3.455631146815625,4.3841439400797135,3.1224664084327065,-3.455631146815625,4.237804468617767,-3.455631146815625,2.7926786600669837,2.921608956563868,1.4645310007726415,3.048575688759665,-3.455631146815625,-3.455631146815625,2.328427870388154,6.37524045002468,-3.455631146815625,-3.455631146815625,-3.455631146815625,-3.455631146815625,-0.6680800299949752
HSM5MD5F_P,2.9260348533420926,1.9781141675024339,-5.758753574307756,2.617542106953607,-5.758753574307756,-5.758753574307756,-5.758753574307756,-1.0369703786147557,-0.20031666537075665,-0.2346747325934846,-5.758753574307756,4.665325295520972,-5.758753574307756,-0.9369292454941647,4.773223620970095,-5.758753574307756,2.9111226204339298,1.3846621468168356,0.09036469552792337,-5.758753574307756,3.4997065968164014,2.6161556493139413,2.26699943959116,4.303458939637657,3.9309057666258918,-0.04253777671331527,-3.6444501737982318,3.81846628005464,3.4979444902165335,2.228117539167033,4.726368319520206,0.5390556503078328,4.26331720025645,5.15650986472777,-0.18017477896218637,-1.5655048171584625,-0.2958924760388726,1.6956013223856443,-0.35776388655652447,-3.3582763158459503,1.6924184529352377,2.648628621562099,2.1964781806348634,2.5750633078744167,-5.758753574307756,2.69174821702728,-1.2120893719181538,5.203158577103207,-0.03837612266985424,3.4411117657438224,-5.758753574307756,6.239905242474082,1.7845944562035312,1.971689659683526,1.921875329263404,-5.758753574307756,5.742034287068645,-5.758753574307756,4.5172716315943,5.896013154150191,0.3223253778576236,2.0545444863069457,2.096626537752652,-5.758753574307756,3.7679262624599446,-5.758753574307756,1.2935670334118807,2.673367512442919,-0.5180880592881163,1.2624855039454808,-5.758753574307756,-5.758753574307756,-5.758753574307756,-0.989275612957238,-5.758753574307756,3.9871484819513006,-5.758753574307756,3.9262540613495833,-0.5869422322861908,-0.9386306885561471,-3.2325199620148926,0.4334246970152398,0.5255603616776581,1.960498891672902,-5.758753574307756,1.652838352813105,3.110073535867053,-1.8534668558216687,-0.049162688835604484,-5.758753574307756,1.3387554184614423,2.9587742939117616,-0.2572483521452398,-1.055937766552967,0.2786791072355097,5.977768812984731,-5.758753574307756,-5.758753574307756,0.21628026427672253,1.149256400909219,1.639418325959527
HSM6XRTE_P,5.227624730310286,1.1055071639743579,-0.5591189461804724,5.085981986701491,5.9370531041165755,-5.358185654768766,-2.1843809589762238,-0.41546648626584215,2.6954166132346735,-5.358185654768766,-5.358185654768766,5.774850084836025,1.2137927918241083,2.6884411826591563,4.441520144641619,0.8888303196668677,-0.8412257913843639,1.0010553372599746,1.38301548505983,-5.358185654768766,1.8699790778295675,4.1421757703614865,5.121428757314286,5.356970344449901,4.758292755718571,-5.358185654768766,-5.358185654768766,3.655095099258806,4.1997993905349205,3.5142177028285992,3.8128774039567004,-0.3010282741198065,4.25260406404022,-2.0932777650241334,1.6202889033086185,1.6722063534592753,-5.358185654768766,0.6581176168998342,-0.163273741275745,-1.734607671189524,1.490043370370234,5.650210800486755,0.3515306485755847,1.6675210632477766,-5.358185654768766,-5.358185654768766,-5.358185654768766,6.492612736060341,1.7341313328344192,2.340312113640805,-5.358185654768766,-0.4962702487090169,-0.3203345176846675,1.9128906882342607,1.6398858437258834,3.087943110880241,0.38926269340041664,4.1386264767844025,1.8829059590950328,6.413717338464242,1.4165920347323961,0.792228371039295,0.32861020430661725,-5.358185654768766,-5.358185654768766,-0.24400362141448717,0.8411695002584878,-0.5018965884591999,0.22272852735658155,2.6223436869830428,-5.358185654768766,3.7445129378659283,4.285746163303983,4.951218346025309,-5.358185654768766,-5.358185654768766,-5.358185654768766,0.7761911474854362,-5.358185654768766,6.36060575310152,-5.358185654768766,2.6614749048868447,-5.358185654768766,-0.26604271461472884,-5.358185654768766,-2.637230101813781,-5.358185654768766,-0.7289466398779698,1.546170916421235,-5.358185654768766,1.1393352075010954,3.011423653896798,-5.358185654768766,-0.26222992146605506,1.8756785298408678,4.521096053057302,-5.358185654768766,-5.358185654768766,-5.358185654768766,-2.3644061023643292,-1.5811095285320462
HSM5MD6U_P,1.8619388014087948,4.910116363100379,-4.77146749567493,6.682206624308107,6.576592744194421,-4.77146749567493,-4.77146749567493,1.7343390837511885,0.6078873268645228,-4.77146749567493,-4.77146749567493,7.286171282310655,-4.77146749567493,1.0212376632153983,3.474167493350749,0.28854708818540686,0.7733366986047585,2.3751274070569046,-0.4963967972975176,-4.77146749567493,5.976466066620552,7.052020687927472,2.0517954933176696,7.050393263902323,4.918746160193586,2.4237174483949397,-4.77146749567493,3.241786503916373,0.7433394578836339,2.2497410178484065,1.012900209228599,-4.77146749567493,0.4157467687314451,-4.77146749567493,-0.37502270558849204,0.11728659262687913,0.14941685175673314,-0.013112791121793421,-4.77146749567493,-4.77146749567493,0.12409748713450419,3.018834181263828,1.308233948032135,-4.77146749567493,-4.77146749567493,1.7136284744910126,-4.77146749567493,5.499546098548857,1.5341009364994296,2.3125400231649795,-4.77146749567493,2.4050109251014637,-4.77146749567493,3.356516468851509,3.1439928214916213,1.287950778143248,3.7813180922462966,1.2116285927258028,-0.7046025415239079,7.054788615874825,3.005141043483217,-4.77146749567493,0.22447414505175267,-4.77146749567493,-4.77146749567493,0.38833085215638974,2.6076776438759444,1.7540385159376877,2.149756265454676,2.4103914487821534,1.9820493096240357,-4.77146749567493,3.6639580504692395,1.7814418138505044,-4.77146749567493,1.1921203738232737,5.78140044504445,-4.77146749567493,-4.77146749567493,3.3945346277005086,-4.77146749567493,0.22991664102058884,-4.77146749567493,0.3125697245378767,3.1291221998950514,-4.77146749567493,-4.77146749567493,-4.77146749567493,0.9557950090331992,2.9222922407954384,2.1322945632160044,2.7723285068684644,-4.77146749567493,-4.77146749567493,0.5365976971591842,5.615182973374269,-4.77146749567493,-4.77146749567493,-4.77146749567493,1.764914710439629,0.3654883446159385
HSM6XRT2_P,2.431739309241398,4.365711341593359,-4.951597402835551,5.072791467512344,2.9088025800888255,-4.951597402835551,-4.951597402835551,-2.234341352066002,0.8396197497489766,-4.951597402835551,-4.951597402835551,6.236402659575486,-4.951597402835551,1.4556436024110093,7.390406244941142,-4.951597402835551,5.0399401760872085,5.904590188430607,-0.06026405773577359,-4.951597402835551,5.2962704132706575,4.402552569474837,4.360423685636336,7.058124925213118,6.089549954670831,0.7206644511689397,-4.951597402835551,-0.036108861963557004,4.00727541588892,1.0287100896188814,4.8332756608935865,0.5864245359772156,0.31866295410846135,-0.05950030897382774,-4.951597402835551,0.16091686448472942,0.4580724869024202,2.0121025145162914,-4.951597402835551,-4.951597402835551,0.9187340462753255,2.7766145181772988,1.8574199792643311,2.6609106041638366,-4.951597402835551,2.4231042423810942,-4.951597402835551,4.659712288588863,0.8286866888005271,2.2134492162399244,-4.951597402835551,5.961696091684358,-4.951597402835551,1.1368226262033128,3.0216217980898294,-4.951597402835551,4.8438363816485275,-4.951597402835551,3.206470484065499,5.873577825184477,2.268824223577097,0.9467547647269763,0.470731850106743,-4.951597402835551,2.9474378786019635,-4.951597402835551,-0.028678475193508746,1.8339050694339774,-0.41405144895031043,2.8281902592369956,-4.951597402835551,-4.951597402835551,3.3348252156218203,1.7446322759225037,-4.951597402835551,5.744350417443653,-4.951597402835551,-1.5439903520882616,0.8830872635640192,2.4740122041011903,-4.951597402835551,-4.951597402835551,-4.951597402835551,2.046885897500249,0.5908169333897657,2.236767849154381,-4.951597402835551,-4.951597402835551,-4.951597402835551,-4.951597402835551,1.982823079021645,3.3062602590880372,1.1193613635248578,1.860446775035049,-4.951597402835551,6.011570500718472,-4.951597402835551,-2.949010010595657,-0.41405144895031043,0.37953888468504005,0.7701570134122893
HSM67VG2_P,4.308941600786752,5.249059468893062,-3.8723313306997245,6.394401571798335,6.77303881592657,-3.8723313306997245,-3.8723313306997245,-3.8723313306997245,3.3216278309941565,-3.8723313306997245,-3.8723313306997245,7.252801604500344,-3.8723313306997245,-2.5846453238084646,5.986833537539335,-3.8723313306997245,4.3869965500988135,9.461208916399785,0.1586130277901816,-3.8723313306997245,5.018285027819877,5.861491645315928,3.2558244480971386,6.030775749500867,5.771298634217979,1.7091244189168346,-3.8723313306997245,2.6487372445824597,2.963757766326962,1.119863479321893,3.7861699733441734,-3.8723313306997245,-2.072784940697124,-3.8723313306997245,0.35784645819095395,1.2325378113961083,-0.3547166659879206,3.5352353615399155,-0.5347007463612119,-3.8723313306997245,4.885594835348014,1.6695676231842729,4.071085966220535,2.4492679920898217,-3.8723313306997245,-3.8723313306997245,-3.8723313306997245,-0.6014151014644789,-3.8723313306997245,0.6333728803618506,-3.8723313306997245,7.33302201187271,-3.8723313306997245,2.0417971273385103,0.6411471810491296,-3.8723313306997245,2.145058685655946,-3.8723313306997245,-3.8723313306997245,3.604542895309921,2.1044098940103417,-0.4587779091500934,-0.6853277537340148,-3.8723313306997245,2.0808300500463046,1.1951014505554838,-3.8723313306997245,3.867791363819852,-3.8723313306997245,3.0317676605708828,-3.8723313306997245,-3.8723313306997245,4.056685755700451,-3.8723313306997245,-3.8723313306997245,5.811903088584036,4.321767900087843,-3.8723313306997245,-3.8723313306997245,-3.8723313306997245,-3.8723313306997245,-3.8723313306997245,-3.8723313306997245,-3.8723313306997245,-3.8723313306997245,3.4331414673263483,-3.8723313306997245,-3.8723313306997245,5.738556128908893,-3.8723313306997245,1.5427895661607778,3.84023492006701,-3.8723313306997245,1.0429521763200018,-3.8723313306997245,5.034850800447743,-3.8723313306997245,-1.3064876581326992,-0.908568155573354,1.0473838023741013,1.8085773082873988
CSM79HGV_P,4.654397251670499,-4.225166953058707,2.367584791410528,5.919174465457747,6.2291526741832755,2.1134681987536377,0.4961321097703806,-4.225166953058707,-4.225166953058707,-4.225166953058707,-4.225166953058707,6.912737779561802,7.475279194365516,2.4730455129925444,-0.9927668712999012,-4.225166953058707,2.275560096280456,5.035501064806108,7.979569040526751,-0.8063136810011517,5.1272579658431185,3.587289948144079,6.615859686479867,4.350828709099068,6.8863555181787195,4.2406956434424465,-4.225166953058707,-4.225166953058707,-4.225166953058707,0.37173266445636877,2.365349472730787,-4.225166953058707,3.554275933488511,-0.893379921371741,-4.225166953058707,-4.225166953058707,-4.225166953058707,-4.225166953058707,-4.225166953058707,-4.225166953058707,-4.225166953058707,0.5465264364435622,-4.225166953058707,-4.225166953058707,0.4516316717896167,1.1495931602830396,-4.225166953058707,-4.225166953058707,1.4083418367283649,1.3881080543371382,-4.225166953058707,-4.225166953058707,0.4440185260955438,5.923156715276868,0.5812663000659359,-0.816370112637232,6.806838689738485,3.2476859658338304,-4.225166953058707,7.045667771103679,-4.225166953058707,1.704923321737276,-4.225166953058707,-4.225166953058707,3.1236166454752015,-4.225166953058707,5.564680315357724,-4.225166953058707,-4.225166953058707,0.6140341197886592,1.4598022974046003,-4.225166953058707,2.9694858305465788,2.2120799901309445,-4.225166953058707,1.6455300515379534,5.464596147621915,1.8660950790905595,1.9551049431520733,5.525030911839684,0.603501899603426,2.2312948343951247,7.256732724370966,5.001208326697122,-4.225166953058707,-1.7748828186264358,-4.225166953058707,-4.225166953058707,-4.225166953058707,-4.225166953058707,0.7982586462599848,3.857030954670509,-4.225166953058707,-4.225166953058707,-4.225166953058707,6.5438008296349,0.6276417423695744,-4.225166953058707,-4.225166953058707,0.5430716617733182,1.1491213106049667
HSM67VGE_P,2.131707299369075,-0.35644415134451357,-5.671847688034042,1.8738139153233702,4.112516727577797,-5.671847688034042,-0.537381147162348,0.08237089932542574,-5.671847688034042,-5.671847688034042,-5.671847688034042,3.333691592018396,-0.549511547063732,1.9403420896769763,2.7132151185608464,1.0797339031029942,2.223322863889539,-0.46809776042113604,3.0549413732778943,-5.671847688034042,2.5530533317565878,4.221803023103112,3.600103626012464,2.6908435451544106,4.245015121811454,1.1205282799340628,1.5149138554603274,3.712240259128852,3.009626660020344,4.009532844294769,4.526750502793929,0.6670501238734357,3.3506798313823296,-5.671847688034042,-0.13448559130213766,0.914489677943215,-0.9196745979189789,0.29332338692483706,0.2149379831791558,1.4956032110702768,-0.8713797972531037,0.9223628814223845,0.30117319219732686,3.2190216419613,-5.671847688034042,-1.0199654402757794,-0.7959959664130132,7.4839846428482595,1.8604206906234948,3.154342022009284,-5.671847688034042,0.9735457441076063,1.0489950370266081,2.8632062823797515,1.9999578585628166,0.8976939721486916,2.619533696690021,2.5767618657612106,2.655514809189948,4.991341033137462,-0.9676358528736735,0.4076337553888738,1.8521099073533804,-5.671847688034042,0.22060408912926022,-1.6007280036596594,-0.007157010026411115,1.3664352549770227,0.42182574822796504,0.19513973387476913,1.315958421457112,-5.671847688034042,1.7541753321658637,4.56965122116795,-5.671847688034042,0.5681318921052911,-5.671847688034042,0.3397744980925985,-4.12757378004043,6.26743305696624,-5.671847688034042,2.2534810696810883,-0.19597260863717025,4.020192186531801,-5.671847688034042,-5.671847688034042,-5.671847688034042,-3.4103630051756806,0.5784560595672641,0.44149804665032377,1.9158578908165582,1.6603681910149461,-5.671847688034042,0.3542142098186396,-5.671847688034042,2.8811609552403015,1.1639118620897104,-5.671847688034042,-5.671847688034042,-1.0034965160968419,-0.7273555739695858
HSM67VGI_P,6.176830074117947,3.3867786525260133,-3.0437168303844206,7.199460616102041,8.317342873637624,-3.0437168303844206,-3.0437168303844206,-3.0437168303844206,-3.0437168303844206,-3.0437168303844206,-3.0437168303844206,7.619117793086003,-3.0437168303844206,5.028260626781769,8.307126467238902,2.5822652858547013,-3.0437168303844206,1.9451261745129251,-3.0437168303844206,-3.0437168303844206,5.382790162454634,7.4145118914436665,7.609591169411668,6.546051893103771,7.530846153724365,-3.0437168303844206,-3.0437168303844206,-3.0437168303844206,3.519300045936233,-3.0437168303844206,5.818941568416015,-3.0437168303844206,2.293247968698754,-3.0437168303844206,-3.0437168303844206,-3.0437168303844206,-3.0437168303844206,3.491960975882101,-3.0437168303844206,-3.0437168303844206,3.088520778983887,6.449088931810264,-3.0437168303844206,-3.0437168303844206,-3.0437168303844206,-3.0437168303844206,-3.0437168303844206,8.063049507887666,-3.0437168303844206,3.6494644798203772,-3.0437168303844206,4.9557417725780075,5.280643702055364,-3.0437168303844206,-3.0437168303844206,-3.0437168303844206,-3.0437168303844206,5.4866506586326915,4.175609504363912,7.936833149211064,-3.0437168303844206,-3.0437168303844206,-3.0437168303844206,-3.0437168303844206,-3.0437168303844206,-3.0437168303844206,-3.0437168303844206,2.556844830012947,-3.0437168303844206,2.8470131988997025,-3.0437168303844206,-3.0437168303844206,6.201177978683612,8.66076091827837,-3.0437168303844206,-3.0437168303844206,-3.0437168303844206,-3.0437168303844206,-3.0437168303844206,9.528017872755495,-3.0437168303844206,3.8959716328105083,-3.0437168303844206,-3.0437168303844206,6.120084867914909,-3.0437168303844206,-3.0437168303844206,-3.0437168303844206,2.1906747249965157,-3.0437168303844206,-3.0437168303844206,-3.0437168303844206,-3.0437168303844206,-3.0437168303844206,-3.0437168303844206,6.5858950723612555,-3.0437168303844206,-3.0437168303844206,-3.0437168303844206,-3.0437168303844206,-3.0437168303844206
PSM6XBW1_P,1.0574800621569196,3.618864529627059,-4.776634505251684,3.636914308490476,6.402666596660712,-4.776634505251684,4.813031323007158,0.5001315421628725,0.39831374326021063,-4.776634505251684,-4.776634505251684,5.430227751144601,-4.776634505251684,4.191287642300531,1.6256625741238198,4.224838435795376,2.26590329146869,4.286261683218384,2.454479251292126,-4.776634505251684,4.6383852143187765,3.5333359397450614,3.0133587285572023,5.8198460301398125,5.275219885561496,0.880610234126312,5.831157744934099,-4.776634505251684,-4.776634505251684,3.626372957861629,2.364955897983525,0.30879499596057336,-4.776634505251684,-0.9960917986115021,-0.2967513875295893,-4.776634505251684,0.16811309066133617,0.5137179225064052,-0.5919669880717571,-4.776634505251684,-1.2577206764844764,4.31790606091254,0.5006575228345103,-4.776634505251684,2.0149670435749885,1.9287724547798737,-4.776634505251684,-4.776634505251684,2.0150827011790575,1.7903972194311697,-4.776634505251684,-4.776634505251684,-4.776634505251684,-1.0641269678391385,3.0090449179314813,1.934555207988434,4.432869425583281,2.108111847017142,-0.05986157454395524,6.327291574309276,0.2511009555750334,2.031599280329985,-4.776634505251684,-0.022793863553751237,-4.776634505251684,-4.776634505251684,2.478921507063302,-4.776634505251684,2.8755300997507645,0.5225025526709377,1.0343133130720528,4.876921861510955,-4.776634505251684,1.9360582687674937,-4.776634505251684,0.5775519320695697,5.462660069230589,-4.776634505251684,-4.776634505251684,8.237428919826485,-4.776634505251684,0.6120098729450874,2.036818433369846,3.1859822622616676,-4.776634505251684,-4.776634505251684,-4.776634505251684,-4.776634505251684,3.507644944071985,2.685614350618679,2.399246682426826,3.1575005784680314,-4.776634505251684,-4.776634505251684,-4.776634505251684,6.5719319094332,5.517656678886924,-4.776634505251684,-4.776634505251684,0.763623017701546,-0.5106839022150247
MSM9VZFJ_P,-4.408101039799114,2.6380602034469502,-4.408101039799114,-4.408101039799114,7.650813553871419,-4.408101039799114,5.1265969981245005,-0.06797086018839416,0.22846570307026148,-4.408101039799114,-4.408101039799114,6.85580614548552,6.459965085210645,-0.14988913948978322,0.47467935936084515,-4.408101039799114,-1.8529345838213853,3.5894419758588922,-4.408101039799114,0.6031959842578125,5.5436046371384435,4.135392600717639,5.704165533134525,6.841421140198488,7.738350864672005,2.351063615381678,5.513936617244578,-0.013654961028226609,-4.408101039799114,1.178725243988568,-4.408101039799114,-4.408101039799114,-4.408101039799114,-4.408101039799114,0.8602179562679186,0.05819545538777149,-4.408101039799114,-1.0465297294495244,-4.408101039799114,-4.408101039799114,1.4199179032903295,0.652533272124364,-4.408101039799114,1.6295460867552025,-0.7258768691904454,2.9969121734858053,-4.408101039799114,-4.408101039799114,1.3300444944585301,0.9915986988153112,-4.408101039799114,3.3346642438378247,2.0237753051235057,4.233552494226651,2.5745622183743926,1.8526768585069835,6.224302236190686,-4.408101039799114,3.7656119843438054,7.080654527751263,1.8097638380817624,-4.408101039799114,2.611264317277435,-4.408101039799114,-4.408101039799114,-2.45733918387611,1.2436676585297768,-0.8848254250580947,0.5008764873058933,2.313793399889173,2.7764917967231773,5.6088436141116045,-4.408101039799114,1.2805688101310064,-4.408101039799114,6.469482527521766,-4.408101039799114,1.0529918537643752,-4.408101039799114,1.1108329126706487,-4.408101039799114,2.0054385667306756,5.461865739951334,4.70929114683141,-4.408101039799114,3.052404352479522,-4.408101039799114,-4.408101039799114,-0.5718224288422231,1.9746583083324953,2.267252594808122,3.1616754233387914,-4.408101039799114,-4.408101039799114,-4.408101039799114,5.945346539119525,6.153496433024659,-4.408101039799114,-4.408101039799114,-4.408101039799114,0.10622520258388057
MSM79H94_P,-3.0967230205927283,7.080925505205315,-3.0967230205927283,0.01781099998944491,7.860074271531409,-0.04170603156310726,6.621778027677888,-3.0967230205927283,-3.0967230205927283,-3.0967230205927283,-3.0967230205927283,2.4412793396236943,9.99713136029156,2.3757685510465656,2.4688593723948173,1.0848490137374434,1.9962445127965474,7.478532737979352,-0.08508855555857764,5.220080530467974,1.7302453555986066,1.9229394642188673,8.473393604732426,6.054689110717263,8.675578406990006,7.696116819141368,-3.0967230205927283,-3.0967230205927283,-3.0967230205927283,-3.0967230205927283,4.752300462228792,1.259755322447056,3.1633486947185547,-0.286318445988611,-3.0967230205927283,0.17387147251098334,-3.0967230205927283,2.1343758692729544,-3.0967230205927283,2.9163426361772773,-3.0967230205927283,-3.0967230205927283,-3.0967230205927283,-3.0967230205927283,-3.0967230205927283,-3.0967230205927283,-3.0967230205927283,6.240699046080389,-3.0967230205927283,-3.0967230205927283,2.5394859257161926,5.109397234818409,-3.0967230205927283,-3.0967230205927283,-3.0967230205927283,-3.0967230205927283,0.4567993461123052,-3.0967230205927283,-3.0967230205927283,5.9975650429721155,3.7160266847452164,-3.0967230205927283,-3.0967230205927283,-3.0967230205927283,-3.0967230205927283,-3.0967230205927283,-0.26840637993988103,-3.0967230205927283,-3.0967230205927283,2.8197332833166113,-3.0967230205927283,5.244512368802692,4.304351913334798,5.3433798534486385,0.9750595612797408,-3.0967230205927283,7.098378522014985,3.043362860601377,-3.0967230205927283,4.678231512192058,-3.0967230205927283,-3.0967230205927283,-3.0967230205927283,-3.0967230205927283,1.7099933748428153,-3.0967230205927283,-3.0967230205927283,-3.0967230205927283,2.1481986025321103,-3.0967230205927283,-3.0967230205927283,-3.0967230205927283,-3.0967230205927283,-3.0967230205927283,-3.0967230205927283,5.580094152760191,-1.40945533325778,-3.0967230205927283,-3.0967230205927283,-3.0967230205927283,-1.2875428687528991
MSM79H8J_P,-5.038034648439062,2.281176741027913,-0.31380318861478784,4.792025099145722,6.145006543455113,-0.19377011655286935,3.802094940503136,-5.038034648439062,0.36246564869410847,-5.038034648439062,2.8329002454886636,1.3110057173551635,-5.038034648439062,5.254233503935858,7.439078517501599,3.935337015907078,5.265023000308245,-2.069134296445773,5.7583873200490405,-5.038034648439062,5.45074805074354,1.6876066734337698,0.26319837762169307,6.345289171650432,1.8394552493896938,-1.936093992484567,4.352328597435341,1.5042195217538978,-5.038034648439062,1.2949091404651387,3.307211414053654,1.566845231756254,-5.038034648439062,-5.038034648439062,0.520266196991205,0.1976616246986751,-1.2919861647088133,3.561374819047721,-0.08299066127225352,-5.038034648439062,-0.5038529894480703,1.3356381799783854,-0.9784420084483987,1.9496087759822416,-5.038034648439062,1.7726489489527815,-2.2860451516558165,2.2084160794439915,1.3695412179728077,2.005968225768423,-5.038034648439062,-1.3966079258000494,-5.038034648439062,-5.038034648439062,1.8803840828747465,0.6073519038994775,4.463504840516402,2.1911548707021256,2.0289826830554363,6.3308572419839955,-0.8903607023772242,1.8548833698501719,2.671666579388228,-5.038034648439062,-5.038034648439062,-5.038034648439062,4.572397791273387,-0.9183117734081545,-5.038034648439062,3.17525518463927,1.731561879213296,4.577515497588375,3.557340359356873,4.054754860009467,-5.038034648439062,4.911483614216992,-5.038034648439062,-1.2968435463795256,-1.0730892292429086,2.3270296789803604,-5.038034648439062,0.7174606232757679,-5.038034648439062,2.660095453918929,1.7759227379498004,-1.2061354320998525,3.8894854629039637,-5.038034648439062,-5.038034648439062,-5.038034648439062,1.6402112789603143,1.8442034735053863,-5.038034648439062,-5.038034648439062,-5.038034648439062,6.899785103373727,4.808926655898515,-5.038034648439062,-5.038034648439062,-1.4322042050393922,-2.911208829135454
HSM5MD5Z_P,-1.6004233974754865,6.346476305274903,-1.6004233974754865,9.06222812886896,9.264928023114148,-1.6004233974754865,-1.6004233974754865,-1.6004233974754865,-1.6004233974754865,-1.6004233974754865,-1.6004233974754865,9.874347340936863,-1.6004233974754865,-1.6004233974754865,-1.6004233974754865,-1.6004233974754865,-1.6004233974754865,-1.6004233974754865,-1.6004233974754865,-1.6004233974754865,9.524960030021836,11.21418663135904,-1.6004233974754865,10.47163490282775,10.115426909406004,5.025072117069766,-1.6004233974754865,-1.6004233974754865,-1.6004233974754865,-1.6004233974754865,-1.6004233974754865,-1.6004233974754865,-1.6004233974754865,-1.6004233974754865,-1.6004233974754865,-1.6004233974754865,-1.6004233974754865,-1.6004233974754865,-1.6004233974754865,-1.6004233974754865,-1.6004233974754865,-1.6004233974754865,-1.6004233974754865,-1.6004233974754865,-1.6004233974754865,-1.6004233974754865,-1.6004233974754865,7.093379312856391,-1.6004233974754865,-1.6004233974754865,-1.6004233974754865,-1.6004233974754865,5.786859641508438,7.024803148081539,-1.6004233974754865,-1.6004233974754865,3.6748287280565606,-1.6004233974754865,-1.6004233974754865,8.325902407964117,-1.6004233974754865,-1.6004233974754865,-1.6004233974754865,-1.6004233974754865,-1.6004233974754865,-1.6004233974754865,-1.6004233974754865,-1.6004233974754865,-1.6004233974754865,-1.6004233974754865,-1.6004233974754865,-1.6004233974754865,-1.6004233974754865,-1.6004233974754865,-1.6004233974754865,-1.6004233974754865,8.761125928089102,-1.6004233974754865,6.899862039763607,-1.6004233974754865,-1.6004233974754865,-1.6004233974754865,-1.6004233974754865,-1.6004233974754865,5.969543792739211,-1.6004233974754865,-1.6004233974754865,-1.6004233974754865,-1.6004233974754865,-1.6004233974754865,-1.6004233974754865,-1.6004233974754865,-1.6004233974754865,-1.6004233974754865,-1.6004233974754865,-1.6004233974754865,-1.6004233974754865,-1.6004233974754865,-1.6004233974754865,-1.6004233974754865,-1.6004233974754865
HSM5MD5B_P,2.0770410191194912,3.3941646823612652,-4.781618597638504,3.878029015301398,-4.781618597638504,-4.781618597638504,-4.781618597638504,-2.0482376872552894,0.47378491998057903,-0.7375421395837822,-4.781618597638504,5.335721222447784,-4.781618597638504,-0.19242734071755763,8.007307304340063,-4.781618597638504,4.566740955114515,-4.781618597638504,-1.8779674851305952,-4.781618597638504,4.297488380720969,4.681110761698008,3.6861051963304554,6.4728164413065645,5.562409295041048,-0.14622268579067743,-4.781618597638504,2.663829598422791,2.2759537993376453,3.1892651110651444,2.9993931776402265,-2.4385067766307316,3.958284148503566,-4.781618597638504,-4.781618597638504,-1.261485838227335,-4.781618597638504,0.1538370218470675,-4.781618597638504,-4.781618597638504,1.406896196621811,2.4570992381655508,-1.8721855986962463,1.4742743968909462,-4.781618597638504,1.6919445305340757,-4.781618597638504,5.161657121435914,-4.781618597638504,2.407896689965497,-4.781618597638504,3.346872607956044,-4.781618597638504,1.8459913026467802,-0.08550476815424801,-4.781618597638504,5.502774680086439,-4.781618597638504,4.210538898089408,7.438984752431698,1.1612702482715296,5.476083918102178,1.601609409690461,-4.781618597638504,3.121170625941242,-1.1717273018266994,2.5076118308533006,0.16141020853238786,-0.5427716673579113,1.6492461499575857,-4.781618597638504,-4.781618597638504,2.41805917377848,-4.781618597638504,-4.781618597638504,5.672874094117336,-4.781618597638504,3.572263704805695,-4.781618597638504,-4.781618597638504,-4.781618597638504,3.785950577291324,4.429993433537154,3.7571993353021966,-4.781618597638504,2.5652177266136382,3.3392297664616493,1.5127027269759772,0.5720289424746401,-4.781618597638504,0.9040658784125633,3.249583573198257,3.142603233295689,2.760562770701723,-4.781618597638504,5.910098388103009,-4.781618597638504,2.6007169916440747,2.244787838723566,1.902056940627836,5.094620253902155
HSM5MD5D_P,4.058364671128958,5.259525376135033,-5.007714518811676,4.661942358733789,-5.007714518811676,-5.007714518811676,-5.007714518811676,-5.007714518811676,2.9105693229131475,-0.6859813541056194,-5.007714518811676,6.005454893781948,-5.007714518811676,1.5807705866431672,7.151571356388432,-5.007714518811676,4.210235985164774,-5.007714518811676,-1.4352063255511922,-5.007714518811676,4.854251504972367,3.8064070253004303,4.159470983697059,5.558588011374073,6.006581341810771,0.10114624484700485,-5.007714518811676,2.7950158291241367,1.9607842837879979,2.0727675797530756,4.399386318860369,-0.9256623083420763,4.135671635994174,3.492294537110591,-1.2659450233589986,2.0286609492972865,-5.007714518811676,2.575471139646014,0.30962059296588507,-5.007714518811676,2.0855769914675886,5.461216696572949,1.2250128500529778,2.9209498716072693,-5.007714518811676,1.6165561399193455,-5.007714518811676,4.75378745487924,-1.649900615234266,2.901956987897126,-5.007714518811676,1.9536966589622233,-5.007714518811676,0.42127170375959366,2.0635164888840567,-5.007714518811676,5.27835055276441,-5.007714518811676,5.02564222945286,7.303212161834727,2.43208945555115,1.7138071031995654,2.0426769863205587,-5.007714518811676,3.424560629896333,-5.007714518811676,1.882355457385585,1.9964349263394885,-5.007714518811676,2.8527334760878817,-5.007714518811676,-5.007714518811676,3.1158063619276257,-5.007714518811676,-5.007714518811676,6.075561903206221,-5.007714518811676,3.637285099570267,-5.007714518811676,-5.007714518811676,-0.2752683339197244,2.4584940784480604,0.44029751705894604,1.1709637555778851,-0.4613425814182257,4.559845852704982,5.209876968864303,2.4794423889257757,-5.007714518811676,-5.007714518811676,1.1522047277906742,1.9805973091384264,-2.2743648431430046,-5.007714518811676,-5.007714518811676,5.551755433921459,-5.007714518811676,-5.007714518811676,0.3452831648668173,1.1709637555778851,1.4453438736370066
HSM5MD6I_P,-3.226983340301306,4.981205265748657,-3.226983340301306,6.574557478714003,-3.226983340301306,-3.226983340301306,5.261795971120012,3.2923844819525536,1.5595347505726629,2.776311682614276,-3.226983340301306,-3.226983340301306,-3.226983340301306,-3.226983340301306,-0.6690275774112031,-3.226983340301306,-3.226983340301306,-3.226983340301306,9.096662148115854,-3.226983340301306,7.767207729309664,9.82736114395366,-3.226983340301306,-1.052336578910829,0.7203950236055938,-3.226983340301306,-3.226983340301306,-3.226983340301306,-3.226983340301306,-3.226983340301306,4.862131177918435,-3.226983340301306,4.243572025107584,-3.226983340301306,1.5898404070286212,1.5228247830997361,-3.226983340301306,5.136141121892665,0.6724680173284625,-3.226983340301306,1.1001063085144374,4.40794885700962,-1.064386615652186,-3.226983340301306,-3.226983340301306,2.471514637396721,-3.226983340301306,-3.226983340301306,1.2131633097385848,3.4580032396500986,3.0834946386335726,0.5451647318864019,1.6701134789836196,2.775530226689983,3.81988663725764,1.4281973052568269,7.4046451460239275,0.6638932588981366,-3.226983340301306,8.635634009154629,3.3223906138730968,-3.226983340301306,1.9610393693773034,-3.226983340301306,-3.226983340301306,-3.226983340301306,2.8661509822360376,1.1918054001334948,2.0822496955950296,3.0366415873448878,-3.226983340301306,-3.226983340301306,4.709722636405026,-3.226983340301306,-3.226983340301306,-3.226983340301306,-0.05877483092217872,3.6254323060527645,-3.226983340301306,-3.226983340301306,-3.226983340301306,4.724565146568327,-3.226983340301306,4.1951734648595504,-3.226983340301306,-3.226983340301306,4.798093791716773,-3.226983340301306,0.5451647318864019,-3.226983340301306,3.290206336326291,3.3082652020328682,-3.226983340301306,-3.226983340301306,-3.226983340301306,5.603798405833971,-3.226983340301306,-3.226983340301306,-3.226983340301306,0.4431625188616515,1.9281414356809243
HSM6XRSX_P,3.00499366222543,3.709965731950895,-5.594302607152006,3.1753997448049995,-5.594302607152006,-5.594302607152006,-5.594302607152006,-2.975856075839088,0.6329647137636574,-5.594302607152006,-5.594302607152006,5.2989429673770445,-5.594302607152006,1.5220714446997459,6.32184469112868,-5.594302607152006,3.563683292072403,1.4465061378788837,-2.0992553428309577,-5.594302607152006,4.129985334596145,4.212024653898688,3.0691705098766233,5.277476068269609,5.52338948330595,-0.5185298044554276,-5.594302607152006,4.320168383670488,2.603361226480099,0.42229988916735195,4.560008694830772,0.3241026929542876,4.002093988483957,5.960729379034823,-0.6857666147419934,1.3318763201374058,-2.672268384755707,1.5888899272356243,0.3103302051512218,-5.594302607152006,2.211800578467585,2.4116027814164402,1.0992733902631926,2.6613917035858234,-5.594302607152006,1.9715146231715064,-1.2936420567497908,5.312910574058751,0.6012445037133842,2.9775918843786773,-5.594302607152006,5.273408038265025,-5.594302607152006,-0.40567316202999315,1.7451603440899524,-5.594302607152006,4.584996290572995,-5.594302607152006,3.1387667941040185,5.716835324175026,1.5117881555722938,2.6034220980794984,2.606218193709182,-5.594302607152006,3.1349463190637525,-1.1118315559290561,1.8700654481915837,0.2859167543753376,-1.399494937520302,2.2348995366154387,-5.594302607152006,-5.594302607152006,3.4218811364882615,-5.594302607152006,-5.594302607152006,4.283375196473273,-5.594302607152006,3.484406338830845,0.8512035156699707,-5.594302607152006,-1.4248108285130083,-0.7656022180469595,0.8279406436061114,0.46993364407020355,1.9540144384788807,3.309555684510867,3.643027596701624,-1.6849325536523914,-1.1870896573662613,-5.594302607152006,1.0175405111619682,2.1078900305347537,-1.0678170851465403,-1.396167395808865,-5.594302607152006,5.924851107627762,-5.594302607152006,-0.9808101797172277,1.0234681713876679,2.04888465009701,2.487410494552127
HSM5MD6K_P,-2.8346807384729065,6.1658851780255395,-2.8346807384729065,7.516243263964439,-2.8346807384729065,-2.8346807384729065,6.158920478919951,4.120267701506534,-2.8346807384729065,-2.8346807384729065,-2.8346807384729065,-2.8346807384729065,-2.8346807384729065,-2.8346807384729065,-2.8346807384729065,-2.8346807384729065,-2.8346807384729065,-2.8346807384729065,9.54632878061215,-2.8346807384729065,7.999843773539088,9.995519835228396,-2.8346807384729065,-0.8533528185106878,1.1261809975663386,-2.8346807384729065,-2.8346807384729065,-2.8346807384729065,-2.8346807384729065,-2.8346807384729065,6.274934683258992,-0.06571746890727681,4.64105377134733,-2.8346807384729065,0.9855415929183557,-1.5115177710972834,-2.8346807384729065,1.0397999817985006,-2.8346807384729065,-2.8346807384729065,-2.8346807384729065,4.470865962183228,-2.8346807384729065,-2.8346807384729065,-2.8346807384729065,3.590902799524436,0.004853372856860716,4.127820655858566,2.8525427261333576,4.7157216230806265,-2.8346807384729065,-2.8346807384729065,0.816346342344854,2.7417579501446667,3.83529233051679,3.776752691259687,7.784428993630376,-2.8346807384729065,-2.8346807384729065,9.381510826939808,3.7647085617710614,-2.8346807384729065,2.5489854318841427,-2.8346807384729065,-2.8346807384729065,-2.8346807384729065,2.439586074014281,2.6458231431659343,3.3820918162618367,2.8905964346676303,-2.8346807384729065,-2.8346807384729065,4.685279829432123,-2.8346807384729065,-2.8346807384729065,-2.8346807384729065,-2.8346807384729065,3.8083168218343415,-2.8346807384729065,-2.8346807384729065,-2.8346807384729065,3.8808805340104433,-2.8346807384729065,5.550096421747466,-2.8346807384729065,-2.8346807384729065,5.6409967973943065,-2.8346807384729065,-2.8346807384729065,0.03535536543294704,4.259425973513808,3.9895690406358275,-2.8346807384729065,-2.8346807384729065,-2.8346807384729065,6.485723069490373,-2.8346807384729065,-2.8346807384729065,-2.8346807384729065,-2.8346807384729065,-2.8346807384729065
HSM6XRTG_P,4.788871640785857,0.8664773646999944,-3.422611175686365,5.548506974775624,7.2959954847564035,-3.422611175686365,-3.422611175686365,-3.422611175686365,-3.422611175686365,-3.422611175686365,-3.422611175686365,6.058099685974345,-3.422611175686365,3.6202865973254292,5.263497343957808,1.7114208971430962,-3.422611175686365,-0.014769347994278093,-3.422611175686365,-3.422611175686365,2.0996493227461315,5.106095380707539,6.541773802605711,6.600612958456537,5.831879944034679,-3.422611175686365,-3.422611175686365,2.3968780069787234,3.4485837480876977,2.6926183789764497,4.424330612685931,-0.3592203489856569,4.801766691193152,-3.422611175686365,0.011375932024591862,-0.15685186110251514,-3.422611175686365,-3.422611175686365,-3.422611175686365,-3.422611175686365,0.18016548209896044,5.683334780388422,-3.422611175686365,-0.8576619105325154,-3.422611175686365,-3.422611175686365,-3.422611175686365,5.255458497329359,-3.422611175686365,1.3266592551412888,2.1080075803570058,-3.422611175686365,-3.422611175686365,2.4027986873866984,0.5495656544447716,1.6091329822728717,-3.422611175686365,6.595249059758725,2.3590577379352684,8.814543283407327,0.8637301102286283,3.9592019029317997,2.7105698242570693,-3.422611175686365,-3.422611175686365,-3.422611175686365,-0.7279840881595341,-3.422611175686365,-3.422611175686365,2.977978340527331,-3.422611175686365,4.703078882667351,5.17844500875526,6.065451737854605,-3.422611175686365,-3.422611175686365,-3.422611175686365,1.553432574330408,-3.422611175686365,9.829886982722055,-3.422611175686365,4.17232341212623,-3.422611175686365,2.809247176338938,2.8796413327710946,-3.422611175686365,-3.422611175686365,1.0010370348773812,2.190881727987211,-3.422611175686365,0.35473682870351375,-3.422611175686365,-3.422611175686365,-3.422611175686365,-3.422611175686365,6.004709695576668,-3.422611175686365,-3.422611175686365,-3.422611175686365,-3.422611175686365,-3.422611175686365
HSM67VDT_P,6.473934433950419,4.382943060785895,-3.9975690275424256,5.850393189181194,7.532380776146308,-1.661384094745502,4.627683295851865,-3.9975690275424256,-3.9975690275424256,0.6865723799083607,-3.9975690275424256,6.331438602151419,-3.9975690275424256,3.43349526353646,-0.0636765356622,5.811084139570564,-3.9975690275424256,-3.9975690275424256,0.19800676101348813,-3.9975690275424256,6.025712816662121,8.980739467171297,5.4947511165223535,7.149482651514225,7.480577969732701,-3.9975690275424256,-3.9975690275424256,-3.9975690275424256,-3.9975690275424256,3.6266359463216684,-3.9975690275424256,-3.9975690275424256,0.6496021827361194,-3.9975690275424256,-3.9975690275424256,-3.9975690275424256,-3.9975690275424256,0.10420165475740717,-3.9975690275424256,-3.9975690275424256,-3.9975690275424256,3.501987215035313,-3.9975690275424256,2.2149903160343296,-3.9975690275424256,-3.9975690275424256,0.7675638858864513,4.584397131450568,0.8057256132182378,2.645773861432036,-3.9975690275424256,2.5194746600963196,-3.9975690275424256,0.4887141678379372,-0.3870078618791908,-3.9975690275424256,5.637210195001148,3.863453993072514,4.136892656520996,5.842043159022216,0.9588283275316343,2.576943167026685,-3.9975690275424256,-3.9975690275424256,-3.9975690275424256,2.1435694900749844,-2.074990848226209,-3.9975690275424256,-1.944218842403675,-0.7663825272998537,2.6370237085252475,4.831277767359766,3.9258741010495486,-1.0286375955362992,4.229730762573867,6.853831822489187,-3.9975690275424256,2.938579394455142,-3.9975690275424256,-3.9975690275424256,-3.9975690275424256,2.463491580246152,-3.9975690275424256,0.20913706523292674,-3.9975690275424256,3.5841584405927067,-3.9975690275424256,-3.9975690275424256,2.5896026444364084,3.649094489861504,2.9080928059733244,2.916777994685676,-0.245408295232993,0.3600250728501173,-3.9975690275424256,5.953772564540948,-3.9975690275424256,-3.9975690275424256,-3.9975690275424256,1.0119347989113603,1.4775662247704808
HSM67VGA_P,5.310968741491923,2.6083261108266322,-4.579243131680672,5.670873273083462,6.819366115600294,-4.579243131680672,-4.579243131680672,-4.579243131680672,1.714198097805415,2.253949076370855,-4.579243131680672,6.952305330070873,-4.579243131680672,4.495732622061472,6.59484737352822,0.38397806657711264,-4.579243131680672,2.397112976473178,-4.579243131680672,-4.579243131680672,4.20693701363875,3.1402751202786243,6.772370419765154,6.813923151913348,6.57648999865742,-4.579243131680672,-4.579243131680672,2.3681054816138083,4.299573133123952,1.7758774669604112,4.085317187365755,0.29393983838415316,4.245690929553394,-4.579243131680672,1.1857974681271166,-4.579243131680672,-4.579243131680672,1.2040370982765047,-4.579243131680672,-0.032130686966484134,-1.3718726230384988,4.694242559007924,0.1871779989298421,2.667538552971271,-4.579243131680672,-4.579243131680672,-4.579243131680672,6.304847516551353,2.0356830120484792,2.2131926432775932,1.308912437255099,1.9605739310266372,-4.579243131680672,2.4931685569191977,1.6175398315973464,-1.1549779505255202,-4.579243131680672,4.72271038439114,3.1388939177914024,7.08493114502452,0.45614787075248486,-4.579243131680672,-0.7654972729976173,-4.579243131680672,3.8830919435877584,-4.579243131680672,-4.579243131680672,1.476570844922227,0.7481839648656354,2.604315184180317,2.7144026544215274,5.214939525666018,5.19013979288184,7.097537775052975,-4.579243131680672,-4.579243131680672,-4.579243131680672,1.3921488559661093,-4.579243131680672,4.256933113263357,-4.579243131680672,4.736480297383566,-4.579243131680672,2.534390066554778,-4.579243131680672,-4.579243131680672,4.179089644402298,-4.579243131680672,-4.579243131680672,-4.579243131680672,2.4119427829965874,2.79554230542519,-4.579243131680672,-4.579243131680672,-4.579243131680672,4.8067924115278275,-4.579243131680672,-4.579243131680672,-4.579243131680672,1.0983491774011984,0.8770441428435305
MSM6J2M3_P,2.1610338803900566,2.5867298286629117,-1.0830138844866912,3.94790849878211,5.670543297641553,1.208159185721831,3.3044878580857837,2.2487373043636625,-5.294231457034105,-5.294231457034105,3.682216652275092,4.1324112281915175,0.5889040351298256,1.9755492786256275,0.8856106384212161,0.1401683851086819,5.305400713739015,-5.294231457034105,2.4657297737811197,1.055604709743604,4.22212781973746,5.509741917370224,4.084473056121596,5.712277379612257,4.689941806147061,3.6471979524808633,4.848265787590167,0.24238235686828702,-5.294231457034105,-1.4537002171594793,0.2607950105995549,-5.294231457034105,2.1825476805174215,-5.294231457034105,-5.294231457034105,-5.294231457034105,-5.294231457034105,-5.294231457034105,-5.294231457034105,-5.294231457034105,-5.294231457034105,-0.23334413298318424,-5.294231457034105,2.0842687471369485,1.7751896458157903,2.1043495417584683,-5.294231457034105,2.841219979962257,1.7372174409838745,0.9966917265228821,-5.294231457034105,-5.294231457034105,-5.294231457034105,3.181032164424992,-0.8552530542754955,2.062486992292486,5.939018099247518,6.212143179935771,-0.3983156069406384,7.10905779411389,-5.294231457034105,2.6729837743444254,-5.294231457034105,-5.294231457034105,-5.294231457034105,-5.294231457034105,3.1427289129422764,-5.294231457034105,1.5071256678533542,-0.4671342885494596,-5.294231457034105,3.0849302375543894,1.3800704916862738,3.292265431616178,-5.294231457034105,1.8375229341828634,3.4190931164329186,1.744809933055878,0.8953304521934955,-5.294231457034105,-3.1971358516593185,6.047454717535968,-1.5509170271818196,0.9340895273581635,-5.294231457034105,-1.9685476063943774,2.6484399616267966,-5.294231457034105,-5.294231457034105,4.755009150396088,3.422741632121755,3.24190406290416,-0.07705004970732965,-0.5226165322819956,0.7549224551926361,5.77208632723241,3.890966169079136,0.6217735439047498,-0.10822324672977146,1.9734828556371529,0.9008425066182149
HSM67VFX_P,2.7660562753811684,4.2903244929122515,-4.905779300257745,5.0181807347445115,-4.905779300257745,-4.905779300257745,-4.905779300257745,-4.905779300257745,2.4439436758519184,0.562231585236562,-4.905779300257745,5.728981901236358,-4.905779300257745,0.7772827581021406,6.134213480582453,-4.905779300257745,5.107083725060473,-4.905779300257745,-1.0185652947538166,-4.905779300257745,4.503484968003853,4.935628907590002,3.87051367001232,6.244830013713845,6.190383488063629,-4.905779300257745,-4.905779300257745,2.6424341737548813,3.7478073914999293,0.9982885156262684,5.512241639421861,1.3139796557117451,3.197298320331094,4.232414159881564,-4.905779300257745,-4.905779300257745,1.6150565361356861,0.5954961939617522,-4.905779300257745,-4.905779300257745,0.26265664475326744,4.039345638358704,-4.905779300257745,2.2906325560053347,-4.905779300257745,2.381584443320121,-0.41278453493634437,-0.8079269107045501,0.2783540719271169,3.8456603491239623,-4.905779300257745,4.626583426577615,-4.905779300257745,5.114576314455917,2.5614491585299213,-4.905779300257745,5.799453725805272,-4.905779300257745,4.06803798896951,7.858861510543068,2.9503392635977024,1.9724697687376782,1.6837728515295662,-4.905779300257745,-4.905779300257745,-4.905779300257745,2.0608071223374385,-1.0818838193066593,-4.905779300257745,3.2746621051000027,-4.905779300257745,-4.905779300257745,0.767413738955721,-4.905779300257745,-4.905779300257745,5.9090072918397105,-4.905779300257745,2.669826515539204,1.3470276795249347,0.4152973919778056,-0.5607060453109991,2.140761794545507,3.5955862657754407,2.7321347366231565,-4.905779300257745,3.5592760136855306,-1.7065622631829687,-4.905779300257745,-2.310678526530504,-4.905779300257745,1.6232065961974573,3.623236796320528,2.263850363172554,2.25948133244781,-4.905779300257745,6.230602896791028,-1.2193059209508217,0.3153984717542464,0.9788553144594871,1.1984630291203429,1.6938593934784407
ESM5GEYU_P,-3.9970150105366056,-3.9970150105366056,-3.9970150105366056,-3.9970150105366056,-3.9970150105366056,-3.9970150105366056,-3.9970150105366056,-3.9970150105366056,0.17287299894006836,-3.9970150105366056,-3.9970150105366056,-3.9970150105366056,-3.9970150105366056,2.3377163245811072,5.372933629748392,-3.9970150105366056,-3.9970150105366056,8.337077448047145,3.00112508885573,-3.9970150105366056,1.317675054178192,2.068659239619323,-3.9970150105366056,7.5266681876829455,6.5856997634115375,-3.9970150105366056,-3.9970150105366056,-3.9970150105366056,-3.9970150105366056,2.951228421516624,-3.9970150105366056,-3.9970150105366056,4.387726950956874,-3.9970150105366056,2.904600795561568,2.8786517866593035,2.3208347338731112,5.8421904093390555,1.5976840961222383,2.0459180818099973,4.878249176105344,4.42725619354338,6.0212454226914796,-3.9970150105366056,-3.9970150105366056,0.9611010718072333,-3.9970150105366056,7.052035640878223,-3.9970150105366056,-3.9970150105366056,0.6890180113509246,7.0187750357743885,3.177965905713245,3.234157075258686,-3.9970150105366056,-3.9970150105366056,7.708850893769192,-3.9970150105366056,-3.9970150105366056,8.094295679775922,4.316335306673597,5.587934589339318,-3.9970150105366056,-3.9970150105366056,-3.9970150105366056,1.0848720420431999,-3.9970150105366056,0.29043160500025955,0.09091764087611054,0.7629580578557817,-3.9970150105366056,-3.9970150105366056,3.930218463037302,2.277340186893947,-3.9970150105366056,-3.9970150105366056,2.3925709343502266,3.4732939760273416,-3.9970150105366056,-3.9970150105366056,-3.9970150105366056,3.581049882715213,3.945160672735395,3.406436932290898,-3.9970150105366056,0.5237434161425352,0.8446317221449497,-3.9970150105366056,1.4792113389766985,-3.9970150105366056,0.23247514622352838,2.802193845505518,1.667659768283622,0.07622853895166593,-3.9970150105366056,3.6725349894412114,4.421844873512185,5.0159321943625965,3.9673793932157837,6.851307915252687,6.252828945796682
ESM5GEZ3_P,-3.1009399227845087,-3.1009399227845087,-3.1009399227845087,-3.1009399227845087,-3.1009399227845087,-3.1009399227845087,-3.1009399227845087,-3.1009399227845087,1.9256465086258405,3.2031728848291,-3.1009399227845087,-3.1009399227845087,-3.1009399227845087,-3.1009399227845087,-3.1009399227845087,-3.1009399227845087,-3.1009399227845087,8.941362694735155,-3.1009399227845087,-3.1009399227845087,-3.1009399227845087,-3.1009399227845087,-3.1009399227845087,8.788846464687484,7.527163997798796,-3.1009399227845087,-3.1009399227845087,-3.1009399227845087,-3.1009399227845087,-3.1009399227845087,-3.1009399227845087,-3.1009399227845087,3.2869698655900983,1.256077158306633,0.8829346938369795,2.7687566385027695,-3.1009399227845087,5.538370038505045,-0.5421333698326265,-3.1009399227845087,4.447285819329706,5.085784476101573,5.45238496836507,-3.1009399227845087,-3.1009399227845087,-3.1009399227845087,-3.1009399227845087,5.879894546459443,0.805329066203381,-3.1009399227845087,2.6463396772860968,5.230499391802187,-3.1009399227845087,4.77289069732459,-3.1009399227845087,-3.1009399227845087,8.507407672081273,-3.1009399227845087,-3.1009399227845087,9.871240916635534,5.0019082047077195,4.672098603169385,-3.1009399227845087,-3.1009399227845087,-3.1009399227845087,1.2619360533089115,-3.1009399227845087,-3.1009399227845087,-3.1009399227845087,-3.1009399227845087,-3.1009399227845087,-3.1009399227845087,5.697001045880483,-3.1009399227845087,-3.1009399227845087,-3.1009399227845087,-3.1009399227845087,2.322621660275713,3.3875631058283826,-3.1009399227845087,1.100634016912906,3.2574306741512276,6.0270135750217655,4.8721399212733365,-3.1009399227845087,-3.1009399227845087,-1.1125107271140884,5.050393153488167,2.5114342561791894,-3.1009399227845087,-0.27173120688579644,4.086383425143599,2.612485105351995,3.818911761124321,-3.1009399227845087,3.8654846663772853,7.178889379252923,4.293122297878943,1.6483695610409015,5.238636731663089,3.957135527511209
ESM5MEBP_P,-2.8249893853625156,-2.8249893853625156,-2.8249893853625156,-2.8249893853625156,-2.8249893853625156,-2.8249893853625156,-2.8249893853625156,-2.8249893853625156,-2.8249893853625156,-2.8249893853625156,-2.8249893853625156,-2.8249893853625156,-2.8249893853625156,-0.05105843614532901,-2.8249893853625156,-2.8249893853625156,-2.8249893853625156,8.61560621242959,-2.8249893853625156,-2.8249893853625156,-2.8249893853625156,-2.8249893853625156,3.5824763770451575,8.919818052048322,8.384894547716382,-2.8249893853625156,-2.8249893853625156,-2.8249893853625156,-2.8249893853625156,-2.8249893853625156,-2.8249893853625156,-2.8249893853625156,3.703266269399431,-2.8249893853625156,-2.8249893853625156,2.651646857274038,-2.8249893853625156,3.0142962120482686,-2.8249893853625156,-2.8249893853625156,-2.8249893853625156,-2.8249893853625156,4.4835946578711825,-2.8249893853625156,-2.8249893853625156,-2.8249893853625156,-2.8249893853625156,7.309937866491984,2.2936841831512673,-2.8249893853625156,3.601640157802705,5.590829340604947,4.769013777054769,5.528419549843424,-2.8249893853625156,-2.8249893853625156,9.393768382983737,-2.8249893853625156,-2.8249893853625156,9.934664659855747,-2.8249893853625156,6.92677939979286,-2.8249893853625156,-2.8249893853625156,-2.8249893853625156,4.185210101533224,-2.8249893853625156,-2.8249893853625156,3.1972495129135003,-2.8249893853625156,3.7237281680412515,-2.8249893853625156,4.82070411868585,-2.8249893853625156,-2.8249893853625156,-2.8249893853625156,-2.8249893853625156,2.8185513082984137,-2.8249893853625156,-2.8249893853625156,-2.8249893853625156,-2.8249893853625156,2.666670218922965,6.82301140176841,4.735274241629065,-2.8249893853625156,-2.8249893853625156,-2.8249893853625156,4.355765828764479,-2.8249893853625156,2.676561851002175,5.38566487164637,5.306290155123493,5.254489314413514,-2.8249893853625156,-2.8249893853625156,7.798032487380199,5.064433925906429,4.1470818910663905,6.958949894130295,5.0533626900681465
HSM5MD57_P,4.026014337517274,4.3624982821427585,-5.268533011090042,5.24474760788728,-5.268533011090042,-5.268533011090042,-5.268533011090042,-5.268533011090042,2.2012046704767227,-5.268533011090042,-5.268533011090042,5.635577564118799,-5.268533011090042,3.2444285339556895,6.6658186034820766,-5.268533011090042,3.7113730571874397,-1.0007749458267075,-5.268533011090042,-5.268533011090042,5.036762554349167,4.600113040844828,3.436790014450403,6.3305526261636285,5.8657320066492,-1.556267521713611,-5.268533011090042,3.1584067799988844,2.0000907371421954,2.2150286543112836,5.053127243776423,0.6127516231730121,3.644571321762161,-5.268533011090042,0.6407536148842494,1.6913691335960843,-5.268533011090042,2.3834820904354403,0.28412071290537355,-5.268533011090042,2.513902863031209,4.667875976310826,1.9964260411311843,2.5662755479014914,-5.268533011090042,1.8324913683932795,0.3480534072281909,5.155093889427066,-0.20796468940185342,3.2100524199713734,-5.268533011090042,6.127697506106457,2.4552310685506678,-0.5390620082908377,1.7318115326683081,-5.268533011090042,3.6369012782066372,-5.268533011090042,3.9496519357796203,5.806371844292199,2.527079139067083,0.4327790857442171,1.4370539699717337,-5.268533011090042,-5.268533011090042,-0.7382966882226949,0.7304902345885242,0.8850455835524986,-2.6172157852635998,3.438439014220629,-5.268533011090042,-5.268533011090042,-5.268533011090042,-5.268533011090042,-5.268533011090042,5.560724145327859,-5.268533011090042,3.067959157590871,-5.268533011090042,-5.268533011090042,-0.026474072745326538,-2.0761355560068893,-0.5343442951623416,2.328847509437389,2.0447653379661137,4.0676730353760195,5.322276102723058,1.0806601279316768,1.7836497279892436,-5.268533011090042,1.6760036587538965,3.5640411451312497,1.1749258036676071,1.7895645330130119,-5.268533011090042,5.684315665972605,-5.268533011090042,-2.285802939961224,0.7744180707379016,0.35890060352696906,2.402631714977468
HSM5MD8P_P,4.343239137079203,0.6225204031806779,-4.027393814669457,4.921848225457568,6.964075853520705,-4.027393814669457,-4.027393814669457,-4.027393814669457,-1.402044235643448,-4.027393814669457,-4.027393814669457,6.65117249629223,-4.027393814669457,4.289004525289608,2.3954491157612114,1.1646250645192175,-4.027393814669457,2.2340669871592684,-4.027393814669457,-4.027393814669457,3.193786804874998,5.512113538335796,5.263258643288807,4.355148840915278,6.352860179771767,-4.027393814669457,-4.027393814669457,2.813565191783498,3.068238272180535,3.0779767391311204,4.265788529732988,-0.39967511364468145,5.009910415540851,0.7077764274050242,-1.285866970815885,1.7121658090775806,-4.027393814669457,1.0193380700381542,-2.3403966083064454,-4.027393814669457,1.1190848483456097,6.2562432906189915,0.5229900728666035,2.3471707069881154,-4.027393814669457,-4.027393814669457,-4.027393814669457,7.226322113812042,1.4843438482698783,2.720808642329315,-4.027393814669457,0.9452297346017868,-4.027393814669457,3.971406650705319,1.8113601656025748,3.298027589609929,-4.027393814669457,0.9548850308929975,2.521128513826855,7.348689678317815,0.19577415856143077,2.2823477930319678,2.1353896554425553,-4.027393814669457,-4.027393814669457,1.5015753411312556,0.5542103286905444,-4.027393814669457,1.2850637875967728,1.4835351114949784,1.7066792565810012,-4.027393814669457,3.982669953302577,5.726435114952919,-4.027393814669457,-4.027393814669457,-4.027393814669457,-4.027393814669457,-4.027393814669457,9.22079157687771,-4.027393814669457,-4.027393814669457,-4.027393814669457,-4.027393814669457,3.474311570169511,-4.027393814669457,-4.027393814669457,-4.027393814669457,3.230342544298977,-4.027393814669457,2.3895811212436513,2.6262024371521377,-4.027393814669457,-4.027393814669457,-4.027393814669457,4.2817117635105335,-0.30823920214298894,-4.027393814669457,-1.5009897146483802,1.0978950293183622,2.7202215461686485
HSM5MD82_P,2.434769254488443,0.2552504821671491,-4.827649793715851,5.384571568140332,6.454584425221686,-4.827649793715851,-4.827649793715851,1.4871758754234161,1.4998827485186634,-4.827649793715851,-4.827649793715851,5.756640227478553,-4.827649793715851,3.370255555946713,3.78286583966311,0.9961154715429723,-3.722584846420535,2.219296399113828,-4.827649793715851,-4.827649793715851,1.717966396787011,5.714525516404574,5.97634468730463,3.2284318346235548,5.461774008346357,-4.827649793715851,-4.827649793715851,4.744171511687035,3.913574455207323,4.307187163715538,3.291265782901868,-1.583615868485536,3.454096367397777,-4.827649793715851,0.9756075235707922,1.1791878211667468,0.5161342744393185,3.323288022988814,0.3887111235857752,-3.409347719556008,1.4640754817951693,5.449616062220164,1.451849019738841,3.302272356061321,-4.827649793715851,-4.827649793715851,-4.827649793715851,6.744091024167583,2.211092693338439,1.785673397809556,-4.827649793715851,3.820059005645791,2.482817522960336,3.7673308710445506,3.445988125512179,1.883347752248449,-4.827649793715851,1.4112943409884195,1.4419590663431245,7.676002051905876,1.190065813751204,0.811756189379313,2.2807944790723376,-4.827649793715851,-4.827649793715851,0.5864479672787972,-4.827649793715851,2.1806058277822062,2.1450999221101323,1.0197160564576926,-4.827649793715851,3.5657646725279175,3.9394655478330023,4.801126344708052,-4.827649793715851,-4.827649793715851,-4.827649793715851,-3.567974851742253,-4.827649793715851,7.366607212018711,-4.827649793715851,0.018219226729575766,-4.827649793715851,-4.827649793715851,2.381161892163158,-4.827649793715851,-4.827649793715851,-4.827649793715851,3.014420759758405,-4.827649793715851,2.0994126587468287,1.9832859843781794,-4.827649793715851,0.7654738016628801,3.1870771594001095,4.480547149498621,-4.827649793715851,-4.827649793715851,-3.409347719556008,0.8059964348282556,1.0387757824019692
HSM5MD8A_P,0.4251367414805074,1.769118471048528,-5.122324892655907,4.846867746602716,2.12274690413306,-5.122324892655907,-5.122324892655907,0.25235063179945527,-5.122324892655907,-5.122324892655907,-5.122324892655907,6.372116819049861,-5.122324892655907,3.827220988784876,5.713221212097277,-5.122324892655907,4.910894859037509,4.660571337739642,-5.122324892655907,-5.122324892655907,6.125876551908598,4.039222500226338,4.588938472391942,4.905434654928528,5.185622474941637,0.7373533765467624,-5.122324892655907,-5.122324892655907,0.13168461320725378,3.4977295385803044,3.7771872321970426,-1.7070993625821096,2.4845721306483224,-5.122324892655907,-5.122324892655907,0.4669871425020453,-0.7520497170824676,1.0791897620103068,-5.122324892655907,-5.122324892655907,1.061656005971142,4.273593267960317,-5.122324892655907,4.2807642561892205,-5.122324892655907,2.723315917102994,-5.122324892655907,3.8136854517731242,3.6202206068383243,1.7397777513035972,-5.122324892655907,4.431558945331048,-5.122324892655907,0.6644645407382281,1.1118716296505369,-5.122324892655907,5.791251599322296,-5.122324892655907,4.6017450205949295,2.3815545220079075,1.3303961230527648,3.3593054793032957,0.2811051936491822,-5.122324892655907,3.3653624044464623,-0.2828412780859324,5.699366410709141,1.9535308239389977,0.5617729443008077,1.8334416954220236,-5.122324892655907,-5.122324892655907,3.363213031683161,-5.122324892655907,-5.122324892655907,5.927989062269549,-5.122324892655907,1.8375725627623334,-0.5995109828724701,-5.122324892655907,-5.122324892655907,6.2086531515398065,3.4991978897092126,5.593168275903476,-5.122324892655907,2.179383384667532,-0.7116788054814158,-5.122324892655907,4.121937912132889,-5.122324892655907,1.2111190045611853,6.777003979501608,2.745051598463186,0.6188040019713039,-5.122324892655907,5.504410887123575,-5.122324892655907,1.0200520048757076,1.505181775584381,2.868561045112533,2.6757919623867474
ESM5ME9H_P,-2.7874880025154507,-2.7874880025154507,-2.7874880025154507,-2.7874880025154507,-2.7874880025154507,-2.7874880025154507,-2.7874880025154507,-2.7874880025154507,-2.7874880025154507,-2.7874880025154507,-2.7874880025154507,-2.7874880025154507,-2.7874880025154507,-2.7874880025154507,-2.7874880025154507,-2.7874880025154507,-2.7874880025154507,8.422349634032326,-2.7874880025154507,-2.7874880025154507,2.755965307238828,-2.7874880025154507,-2.7874880025154507,9.88864267697932,8.08537809772698,0.18694759376583292,-2.7874880025154507,-2.7874880025154507,-2.7874880025154507,-2.7874880025154507,-2.7874880025154507,-2.7874880025154507,3.0811746279519516,-2.7874880025154507,-2.7874880025154507,4.887062010766061,-2.7874880025154507,5.188088722291078,1.5211135446299888,-2.7874880025154507,2.340932473930893,3.926812009021975,4.077544115085802,-2.7874880025154507,-2.7874880025154507,-2.7874880025154507,-2.7874880025154507,6.8394452759016895,3.360204736276833,-2.7874880025154507,-2.7874880025154507,4.221450388724012,-2.7874880025154507,4.616974982769249,-2.7874880025154507,-2.7874880025154507,7.751182031232993,-2.7874880025154507,-2.7874880025154507,10.094396715786718,4.4026387630288175,0.5581594992118912,-2.7874880025154507,-2.7874880025154507,1.7024104785866037,-2.7874880025154507,-2.7874880025154507,1.8897579362228356,3.16705408432078,-2.7874880025154507,3.796912753187452,-2.7874880025154507,6.384441856896027,-2.7874880025154507,-2.7874880025154507,-2.7874880025154507,1.1481486482080623,2.4482737567215267,-2.7874880025154507,-2.7874880025154507,0.35510737370636214,6.296297959642258,3.6934054417163615,6.348546279934726,-2.7874880025154507,1.8109111108992533,-2.7874880025154507,-2.7874880025154507,-2.7874880025154507,-2.7874880025154507,1.9731230345409205,4.587180527817905,1.9505488006878178,-2.7874880025154507,-2.7874880025154507,3.7478388474563475,8.215750212834518,1.6434003207467303,1.3733257013241378,4.47628903091819,4.034092788203885
HSM5MD59_P,2.1638987654508224,3.8566148649037055,-4.821927653591059,3.953234952518862,-4.821927653591059,-4.821927653591059,-4.821927653591059,-4.821927653591059,0.20727594235194502,-4.821927653591059,-4.821927653591059,5.549582051505868,-4.821927653591059,2.2749146641936306,7.346910807818471,-4.821927653591059,5.365727507934215,-0.2258481968415964,-4.821927653591059,-4.821927653591059,5.270620452002079,4.866854975893357,3.9506376973638373,7.1280376168207855,5.602152831374926,-0.13967811712280742,-4.821927653591059,2.4443368999965207,1.053678292264749,0.7299683935237855,4.33531323781055,-0.9163187221010833,3.89686348415157,-4.821927653591059,-4.821927653591059,-0.9333573921721321,-2.778822445426078,0.556121327581538,-4.821927653591059,-4.821927653591059,-0.30743328307307394,1.852306031817383,-4.821927653591059,2.29995556522576,-4.821927653591059,2.1581572336478727,-4.821927653591059,5.151602707546744,-1.338251733070873,2.824624117369848,-4.821927653591059,3.387837551938765,2.8018135239758415,0.9682594944138909,-4.821927653591059,-4.821927653591059,5.502227673427739,-4.821927653591059,4.015411333030311,7.586063742806171,1.8797532404540274,4.389218258528461,0.9988996148440767,-4.821927653591059,2.4567942335785036,-1.1945205873270321,2.225518749986108,-4.821927653591059,-4.821927653591059,1.6220656175271158,2.5730595276720596,-4.821927653591059,4.116741020710227,-4.821927653591059,-4.821927653591059,5.475323088572162,-4.821927653591059,3.3925915989791653,-4.821927653591059,-4.821927653591059,-4.821927653591059,3.641042821040422,5.541037289961572,5.48983755301669,-4.821927653591059,2.918824141560396,3.604060088909976,1.4185189720566775,1.481899848282806,-4.821927653591059,1.089545873165716,2.1799737571349214,3.3713807891412966,2.609635394094152,-4.821927653591059,5.074358359349921,-4.821927653591059,1.6488939469525024,2.2462859939432116,2.014854148364001,3.684435991515884
HSM5MD8N_P,7.503404370302878,2.668670432065574,-4.063911432612896,6.347043111130107,7.651104796244265,-4.063911432612896,-4.063911432612896,0.26543989022383485,1.2397023385161603,-4.063911432612896,-4.063911432612896,6.79472663629595,-4.063911432612896,4.034831273925247,6.475200170851475,2.2589636572624645,-4.063911432612896,1.5379487903390512,-4.063911432612896,-4.063911432612896,3.550027648327183,5.055340703290888,7.354606516763322,7.33029109981989,6.317011365128516,-4.063911432612896,-4.063911432612896,2.2928176577251023,2.8818695909632774,1.1142838221027702,3.3961364063022526,-0.6018893178648668,3.948757007021725,-4.063911432612896,-4.063911432612896,-1.0239894100000342,-4.063911432612896,0.310376602690269,-4.063911432612896,-4.063911432612896,-0.5215364811214602,5.026068456250013,-4.063911432612896,1.2767668601633364,-4.063911432612896,-4.063911432612896,-4.063911432612896,6.431463001488304,1.1079005018259007,1.9402852753205666,-4.063911432612896,1.5707294884538978,-4.063911432612896,4.573451621656125,1.7426908192682617,0.9715163768468589,-4.063911432612896,6.877311931025504,3.393119946038242,7.2926727250907595,2.130856059539391,-4.063911432612896,1.9925815877168649,-4.063911432612896,-4.063911432612896,-4.063911432612896,2.7553787450242826,0.7038161842351016,0.882972059518357,3.0138102104418705,-4.063911432612896,4.980251731359517,5.240096543317378,6.452723594689045,-4.063911432612896,-4.063911432612896,-4.063911432612896,-4.063911432612896,-4.063911432612896,7.760843033606484,-4.063911432612896,2.492703292653239,-4.063911432612896,-4.063911432612896,4.440538037526306,-4.063911432612896,-4.063911432612896,-0.21673874030922669,1.9598458160190129,-4.063911432612896,2.2195274586295293,2.6337176988576116,-4.063911432612896,-4.063911432612896,1.625283666947201,5.486603238687329,-4.063911432612896,-4.063911432612896,-4.063911432612896,-4.063911432612896,-4.063911432612896
CSM6J2H9_P,-4.281958629995968,-4.281958629995968,-4.281958629995968,5.192004056445727,6.803995200924327,-4.281958629995968,2.946598048314942,0.8774021232555516,-4.281958629995968,1.0778869702993727,4.630098477528644,5.208237743001881,4.663087629974823,-0.5816187863593214,-4.281958629995968,-4.281958629995968,-4.281958629995968,4.006765931506841,-4.281958629995968,-4.281958629995968,2.6068765460987207,7.730736357621816,3.8407666260343207,7.566237320877886,6.665621422425035,5.461803621440041,6.118807173442393,0.8667178240926372,-4.281958629995968,1.8150494378747366,3.2714086263961075,1.1190619703198603,-4.281958629995968,-4.281958629995968,-4.281958629995968,0.04493597618057876,-4.281958629995968,0.17817361029465495,-1.9750670378669462,-4.281958629995968,-4.281958629995968,4.057279264658724,-4.281958629995968,-0.8780325228901535,0.21434049520181553,-4.281958629995968,-4.281958629995968,-4.281958629995968,1.5881846346596946,2.4694587279399327,-4.281958629995968,0.18645541617455663,-4.281958629995968,2.836518523199823,0.9167651812225781,-0.2569947067949201,5.577712374455176,-4.281958629995968,4.167405153106387,8.007415338882414,-0.5664949048342134,0.41600421099978924,1.887492704135063,-4.281958629995968,-4.281958629995968,0.34819680425598065,0.009007167342621969,-4.281958629995968,2.8258068826899416,1.917360015880865,2.155264243920029,-4.281958629995968,4.141604877469154,3.5051567043514638,1.6971719372506442,5.933136155294241,-4.281958629995968,-4.281958629995968,1.2678508492674414,-4.281958629995968,-4.281958629995968,5.06467877096876,5.172351221051509,4.882215044158214,-4.281958629995968,2.22652769524663,4.6370947717193145,-4.281958629995968,1.312011911221747,5.77665422241717,2.0137750668729515,3.8409190732804026,-4.281958629995968,-4.281958629995968,-4.281958629995968,7.354968815825826,-4.281958629995968,-4.281958629995968,-4.281958629995968,-4.281958629995968,-1.2805451608923324
