Name,Acidaminococcus_intestini,Adlercreutzia_equolifaciens,Agathobaculum_butyriciproducens,Alistipes_finegoldii,Alistipes_indistinctus,Alistipes_putredinis,Alistipes_shahii,Anaerostipes_hadrus,Asaccharobacter_celatus,Bacteroides_caccae,Bacteroides_cellulosilyticus,Bacteroides_coprocola,Bacteroides_dorei,Bacteroides_eggerthii,Bacteroides_faecis,Bacteroides_finegoldii,Bacteroides_fragilis,Bacteroides_massiliensis,Bacteroides_ovatus,Bacteroides_plebeius,Bacteroides_salyersiae,Bacteroides_sp_CAG_144,Bacteroides_stercoris,Bacteroides_thetaiotaomicron,Bacteroides_uniformis,Bacteroides_vulgatus,Bacteroides_xylanisolvens,Barnesiella_intestinihominis,Bifidobacterium_adolescentis,Bifidobacterium_bifidum,Bifidobacterium_longum,Bifidobacterium_pseudocatenulatum,Bilophila_wadsworthia,Blautia_hydrogenotrophica,Blautia_obeum,Blautia_wexlerae,Butyricimonas_synergistica,Butyricimonas_virosa,Catenibacterium_mitsuokai,Clostridium_sp_CAG_58,Collinsella_aerofaciens,Collinsella_stercoris,Coprobacter_fastidiosus,Coprococcus_catus,Coprococcus_comes,Dialister_invisus,Dorea_formicigenerans,Dorea_longicatena,Eggerthella_lenta,Escherichia_coli,Eubacterium_eligens,Eubacterium_hallii,Eubacterium_ramulus,Eubacterium_rectale,Eubacterium_siraeum,Eubacterium_sp_CAG_38,Eubacterium_ventriosum,Faecalibacterium_prausnitzii,Firmicutes_bacterium_CAG_110,Firmicutes_bacterium_CAG_83,Flavonifractor_plautii,Fusicatenibacter_saccharivorans,Gemmiger_formicilis,Gordonibacter_pamelaeae,Haemophilus_parainfluenzae,Holdemanella_biformis,Intestinibacter_bartlettii,Lachnospira_pectinoschiza,Lawsonibacter_asaccharolyticus,Methanobrevibacter_smithii,Odoribacter_splanchnicus,Oscillibacter_sp_57_20,Oscillibacter_sp_CAG_241,Parabacteroides_distasonis,Parabacteroides_merdae,Parabacteroides_sp_CAG_409,Paraprevotella_xylaniphila,Parasutterella_excrementihominis,Prevotella_copri,Proteobacteria_bacterium_CAG_139,Roseburia_faecis,Roseburia_hominis,Roseburia_intestinalis,Roseburia_inulinivorans,Ruminococcus_bicirculans,Ruminococcus_bromii,Ruminococcus_gnavus,Ruminococcus_lactaris,Ruminococcus_torques,Ruthenibacterium_lactatiformans,Slackia_isoflavoniconvertens,Streptococcus_parasanguinis,Streptococcus_salivarius,Streptococcus_thermophilus,Veillonella_parvula
1_1_D0,-5.320269947727095,0.4770865428998565,3.1816721185476684,0.41070400869668156,3.0159991808210087,4.387374430723925,-0.3806512714702013,3.1454434072696653,1.3578068407092063,2.9577583264673573,-5.320269947727095,-5.320269947727095,3.049310463260052,-0.054050975319864136,0.02270943654678348,-1.8137631142922892,-5.320269947727095,1.176992066232498,2.1681375845030164,-5.320269947727095,-5.320269947727095,-1.820921012710091,1.046436380106302,-1.7057005323599288,3.19902123789294,4.055939460739478,-5.320269947727095,0.8085034359626349,5.123932489635408,6.230934865678581,5.117700650945666,1.0197428177048105,-5.320269947727095,-5.320269947727095,3.872167626783856,4.078580040866902,-5.320269947727095,-5.320269947727095,1.5003010403858887,-5.320269947727095,5.956222903774325,-0.19697123089619772,-5.320269947727095,3.3213687392574034,4.486305453961798,-5.320269947727095,4.308871781628772,5.351670366544652,-5.320269947727095,4.20730639899068,1.674692550542236,4.793363718967455,0.9075646997790505,5.821040845311451,-5.320269947727095,-5.320269947727095,-2.110505171897058,6.621043762671681,-5.320269947727095,5.366837302493869,2.0270087280134064,5.317322267291688,3.5233727902471736,-5.320269947727095,-5.320269947727095,1.2975505549961541,2.2543038609566013,-5.320269947727095,-5.320269947727095,-5.320269947727095,1.0255976196787504,0.9238539302611946,-2.329563265091842,0.8811780249876309,2.3041150941643718,-5.320269947727095,1.0307963116226313,-5.320269947727095,4.703275517563041,-5.320269947727095,6.032793175550543,2.240355787452531,0.8997924803374815,0.9522978227417456,-5.320269947727095,5.307988562010387,-5.320269947727095,-5.320269947727095,4.294419173505023,0.10661777279085882,1.356160358740163,0.9847444626172344,2.9097279390291373,5.42640979398888,-5.320269947727095
1_15_D0,-3.6560825666314187,-3.6560825666314187,3.6276442373171687,-3.6560825666314187,-3.6560825666314187,-3.6560825666314187,-3.6560825666314187,6.503741773858091,0.6563441872397622,-3.6560825666314187,-3.6560825666314187,-3.6560825666314187,7.407670896102077,-3.6560825666314187,-3.6560825666314187,-3.6560825666314187,4.335260878980856,-3.6560825666314187,-3.6560825666314187,-3.6560825666314187,-3.6560825666314187,-3.6560825666314187,-3.6560825666314187,6.26623355650898,7.806469296610137,-3.6560825666314187,5.7146045156428675,4.369325958573475,6.829854655455654,-3.6560825666314187,-3.6560825666314187,-3.6560825666314187,3.043516785522473,5.553559904910103,-3.6560825666314187,6.9678757194815955,3.074060037885549,-3.6560825666314187,-3.6560825666314187,4.2599102346113655,8.245921151921634,3.739792368370381,4.20767369854423,-3.6560825666314187,-3.6560825666314187,4.510138768920173,-3.6560825666314187,-3.6560825666314187,3.203197115445298,4.868319568973123,-3.6560825666314187,6.910275066104177,-3.6560825666314187,-3.6560825666314187,-3.6560825666314187,5.867954567717318,-3.6560825666314187,2.8241248267129233,-3.6560825666314187,2.4349961264796374,6.064179300339284,-3.6560825666314187,4.268256929905421,2.899123304127918,-3.6560825666314187,3.5772718324946915,2.5259345137724836,-3.6560825666314187,2.4477540759815177,-3.6560825666314187,3.820062253080752,-3.6560825666314187,-3.6560825666314187,4.58469811518082,6.001124089714454,-3.6560825666314187,-3.6560825666314187,-3.6560825666314187,-3.6560825666314187,-3.6560825666314187,8.279885965847093,4.808999707807759,-3.6560825666314187,-3.6560825666314187,-3.6560825666314187,8.63183636812053,7.003132649424781,-3.6560825666314187,-3.6560825666314187,5.357993022370768,-3.6560825666314187,-3.6560825666314187,1.9914266249729966,1.9383139470659874,-3.6560825666314187
1_17_D0,-4.797812099748402,-4.797812099748402,5.256475943180929,1.592994724216469,-4.797812099748402,-4.797812099748402,-4.797812099748402,5.698868759897097,-4.797812099748402,-4.797812099748402,-4.797812099748402,-4.797812099748402,-4.797812099748402,-4.797812099748402,-4.797812099748402,-4.797812099748402,2.0847549149738196,-4.797812099748402,4.712011963270648,-4.797812099748402,-4.797812099748402,-4.797812099748402,-4.797812099748402,3.849282267736837,4.674337064479793,5.147118411184628,2.7345458325055665,4.210936508435062,7.941151088453658,0.924793136985727,5.511615987284346,-4.797812099748402,0.5278463640843043,-4.797812099748402,5.704551099021069,4.477922756616541,-4.797812099748402,-4.797812099748402,-4.797812099748402,1.383454554434202,6.091936089022109,0.5809251261057948,0.7075922843210449,-4.797812099748402,3.802331604712567,-4.797812099748402,3.8485389860591432,4.897320892901452,1.177291527405715,2.6957847889179565,4.930654370659897,4.802393490342063,-4.797812099748402,2.4416615320487587,-4.797812099748402,2.0750938536146464,2.6072723241199167,6.91744372983765,-4.797812099748402,4.432683888496206,2.7830043282005033,5.268580495961464,4.367305176975665,-1.6744136072342943,0.6949649463135295,-4.797812099748402,2.5512166054716454,5.031164023446689,-0.5517610888548052,-4.797812099748402,2.627713157334366,2.1262110510937573,-4.797812099748402,2.438456202557389,4.544628470679649,-4.797812099748402,-4.797812099748402,-4.797812099748402,-4.797812099748402,-0.03717423899066574,6.2358804125177425,1.6715061848379706,3.308220235787487,2.82032818816893,5.317367249290449,5.734154628259902,0.9683379880212932,2.5323603728409756,2.212277576394521,1.2830660988669562,1.4001011053174928,-4.797812099748402,0.22177836185486477,-4.797812099748402,-4.797812099748402
1_19_D0,-4.6645010848475295,1.408536772870315,3.052135889981977,-4.6645010848475295,1.9099633449835887,4.71637973865848,1.7652985414416689,6.125835981758837,2.02446111978871,3.381050752591129,-4.6645010848475295,-4.6645010848475295,-4.6645010848475295,-4.6645010848475295,-4.6645010848475295,-1.5479611297613456,-4.6645010848475295,4.101047156563059,3.469477560520801,-4.6645010848475295,-4.6645010848475295,-4.6645010848475295,-4.6645010848475295,2.7126353801875043,4.073164267793761,5.996073675302524,2.297730929315396,3.347066341380563,7.49279149385118,-4.6645010848475295,5.809830920146526,-4.6645010848475295,0.030376690483427282,-4.6645010848475295,5.364974160684487,5.945937899679843,0.42510225548923586,-4.6645010848475295,-4.6645010848475295,-4.6645010848475295,6.611242670602563,1.7423751264096072,2.034040667346394,4.437380121445283,5.613038720057347,3.2071789415118275,6.093426780386633,7.1841814530589945,-4.6645010848475295,5.230328258278213,-4.6645010848475295,4.497320204598493,4.243212434843219,-4.6645010848475295,-4.6645010848475295,-4.6645010848475295,-4.6645010848475295,6.921323146612012,-4.6645010848475295,3.9997969531382465,0.3396867389187186,5.23021837491831,1.8139868045721812,1.1361464759496513,-4.6645010848475295,-4.6645010848475295,3.3087384186713686,-4.6645010848475295,-4.6645010848475295,-4.6645010848475295,2.931146978829827,2.0266279149950357,-4.6645010848475295,2.866112574578727,2.98932028274362,-4.6645010848475295,1.2125780937214303,-4.6645010848475295,-4.6645010848475295,-4.6645010848475295,-4.6645010848475295,1.8069340920291577,-4.6645010848475295,3.8965971411103695,-4.6645010848475295,-4.6645010848475295,5.145032082938249,-4.6645010848475295,6.160754817638032,1.9385851897813762,3.84440488734886,1.6933798444870867,3.189153018429436,3.9983855250862774,-4.6645010848475295
1_21_D0,-1.9357193325431066,-1.9357193325431066,7.346851344230155,-1.9357193325431066,-1.9357193325431066,-1.9357193325431066,-1.9357193325431066,8.826262948761123,-1.9357193325431066,-1.9357193325431066,-1.9357193325431066,-1.9357193325431066,-1.9357193325431066,-1.9357193325431066,-1.9357193325431066,-1.9357193325431066,-1.9357193325431066,-1.9357193325431066,-1.9357193325431066,-1.9357193325431066,-1.9357193325431066,-1.9357193325431066,-1.9357193325431066,-1.9357193325431066,-1.9357193325431066,-1.9357193325431066,-1.9357193325431066,-1.9357193325431066,-1.9357193325431066,9.817838997636871,3.3993940385481345,-1.9357193325431066,2.4243331514745634,-1.9357193325431066,7.866665006078351,5.015842290392198,-1.9357193325431066,-1.9357193325431066,-1.9357193325431066,-1.9357193325431066,-1.9357193325431066,-1.9357193325431066,-1.9357193325431066,-1.9357193325431066,8.809081011646557,-1.9357193325431066,-1.9357193325431066,10.092725883674118,9.037896189974093,9.552901580556266,-1.9357193325431066,9.028317872697913,-1.9357193325431066,-1.9357193325431066,-1.9357193325431066,-1.9357193325431066,-1.9357193325431066,-1.9357193325431066,-1.9357193325431066,-1.9357193325431066,5.944337623480165,-1.9357193325431066,-1.9357193325431066,6.9236065959818065,-1.9357193325431066,-1.9357193325431066,6.806717924649262,-1.9357193325431066,-1.9357193325431066,-1.9357193325431066,-1.9357193325431066,-1.9357193325431066,-1.9357193325431066,-1.9357193325431066,-1.9357193325431066,-1.9357193325431066,-1.9357193325431066,-1.9357193325431066,-1.9357193325431066,-1.9357193325431066,-1.9357193325431066,-1.9357193325431066,8.807497731100867,-1.9357193325431066,-1.9357193325431066,-1.9357193325431066,10.62068042683102,-1.9357193325431066,-1.9357193325431066,-1.9357193325431066,-1.9357193325431066,3.9199644910634435,2.9068257121026626,-1.9357193325431066,8.031209119851763
1_22_D0,-4.1218654602104845,3.309280371813812,5.150969105279528,3.069340097308171,0.658757396681052,-4.1218654602104845,2.7137096124170226,-4.1218654602104845,2.9666105711934243,5.6856505802429265,-0.2955169561144704,-4.1218654602104845,-4.1218654602104845,4.336275461677853,-4.1218654602104845,-4.1218654602104845,-4.1218654602104845,3.528791223212954,4.284286571636432,-4.1218654602104845,-4.1218654602104845,-4.1218654602104845,-4.1218654602104845,4.180984416329338,7.280625251904592,6.2239360382191755,-4.1218654602104845,-4.1218654602104845,6.547960985445007,-4.1218654602104845,6.835549036833848,7.9261069566345075,0.6278151447198201,-4.1218654602104845,-4.1218654602104845,5.419484582127005,-4.1218654602104845,-4.1218654602104845,-4.1218654602104845,-4.1218654602104845,7.276512477883632,2.6436609268670788,-4.1218654602104845,5.300890283728454,5.898898200773134,-4.1218654602104845,4.844533592043984,6.1653434164915,0.5371687233318543,1.1887545944070084,-4.1218654602104845,3.8264856712110795,-4.1218654602104845,3.911720143385832,-4.1218654602104845,-4.1218654602104845,5.441695719161563,8.110338768626974,-4.1218654602104845,5.659762118913796,3.254749737365719,7.0983172338809695,-4.1218654602104845,0.2725355491999508,-4.1218654602104845,0.8429103148717658,0.5780287556425119,-4.1218654602104845,-1.1521675878720306,-4.1218654602104845,4.008145657366968,-4.1218654602104845,-4.1218654602104845,4.452142070877316,4.513118759212092,-4.1218654602104845,-4.1218654602104845,0.3318736964108506,-4.1218654602104845,2.6459416931145974,-4.1218654602104845,-4.1218654602104845,2.323973793917543,2.376862995862523,4.52064124198815,-4.1218654602104845,-4.1218654602104845,6.414219949761218,-4.1218654602104845,3.5143972418441543,-4.1218654602104845,-4.1218654602104845,2.3537389818494017,-4.1218654602104845,-4.1218654602104845
1_4_D0,5.33034368738549,0.9784188729375458,5.458339439277744,-0.11217720412249221,-3.7032345285912935,-3.7032345285912935,-3.7032345285912935,6.7903005990203384,0.9935459763591155,2.7856773339419814,-3.7032345285912935,-3.7032345285912935,-3.7032345285912935,-3.7032345285912935,-3.7032345285912935,-3.7032345285912935,-3.7032345285912935,-3.7032345285912935,3.6314353365562475,-3.7032345285912935,-3.7032345285912935,-3.7032345285912935,4.016274019251225,-3.7032345285912935,4.993359460119098,6.029469420280641,-3.7032345285912935,-3.7032345285912935,7.694525032798829,-3.7032345285912935,6.066928524615735,-3.7032345285912935,0.686193340883289,-3.7032345285912935,5.1872432672440985,5.409801214272334,-3.7032345285912935,-3.7032345285912935,-3.7032345285912935,-3.7032345285912935,7.732180196233457,2.0452703431383306,-3.7032345285912935,3.5296674355610094,6.013694799523238,-3.7032345285912935,5.6855975640901715,6.9762741588084864,-3.7032345285912935,1.722759063789674,3.9795303551553705,6.901624264676462,4.578930681772238,-3.7032345285912935,-3.7032345285912935,-3.7032345285912935,2.4220590165132663,8.989889275278928,-3.7032345285912935,3.544342972406109,2.945290773008,7.420622003776964,4.720169730698632,-3.7032345285912935,-3.7032345285912935,-3.7032345285912935,-3.7032345285912935,0.9572382553824337,2.761628298072324,-3.7032345285912935,-3.7032345285912935,-3.7032345285912935,-3.7032345285912935,3.9852935903824447,4.968542098849381,-3.7032345285912935,-3.7032345285912935,1.2423081662449782,7.832926180107135,-3.7032345285912935,-3.7032345285912935,0.04249000843002193,-3.7032345285912935,6.050359440235224,-3.7032345285912935,-3.7032345285912935,4.597310223672514,-3.7032345285912935,7.094183993109683,-3.7032345285912935,-3.7032345285912935,2.114902763824217,-3.7032345285912935,2.0701969845933217,-3.7032345285912935
1_9_D0,-3.6151832742264993,-3.6151832742264993,5.929705104425661,2.882429748252079,-3.6151832742264993,-3.6151832742264993,-3.6151832742264993,6.417462578411197,-3.6151832742264993,-3.6151832742264993,-3.6151832742264993,-3.6151832742264993,-3.6151832742264993,-3.6151832742264993,-3.6151832742264993,-3.6151832742264993,5.00196974655128,-3.6151832742264993,-3.6151832742264993,-3.6151832742264993,-3.6151832742264993,2.9690081099864214,-3.6151832742264993,-3.6151832742264993,-3.6151832742264993,6.613813302691378,-3.6151832742264993,4.695396267497974,5.775285842426476,-3.6151832742264993,7.209872882733357,-3.6151832742264993,-3.6151832742264993,0.6786394416043731,-0.005255974773442418,7.473150507885398,-3.6151832742264993,-3.6151832742264993,-3.6151832742264993,-3.6151832742264993,-3.6151832742264993,-3.6151832742264993,-3.6151832742264993,4.586892289992266,6.729483877836057,4.575778098914478,2.0350032696802387,-3.6151832742264993,4.459153288922261,3.0617697603265004,-1.3188535935620482,5.6251737568423925,-3.6151832742264993,8.870739275130084,-3.6151832742264993,-3.6151832742264993,-3.6151832742264993,7.925639289732498,-3.6151832742264993,-3.6151832742264993,4.275587674959318,7.58349677337747,-3.6151832742264993,4.735903827113816,2.897074098630794,-3.6151832742264993,4.6892024118859785,-3.6151832742264993,-3.6151832742264993,-3.6151832742264993,-3.6151832742264993,-3.6151832742264993,-3.6151832742264993,-3.6151832742264993,-3.6151832742264993,-3.6151832742264993,-3.6151832742264993,-3.6151832742264993,-3.6151832742264993,1.1163139426977686,7.394900501320276,5.931378930913455,-3.6151832742264993,3.5215997942057555,4.226214873228613,7.9196249653286,5.96470677754047,6.004428371249735,7.475009868630314,3.1494800642999854,-3.6151832742264993,3.0863924219893786,4.436837365084125,5.659638092336649,2.959849181930897
1_1_W10,-5.941743531867438,-1.1147235351135887,3.5088585436861983,-0.7568744269205112,2.1578248489681373,4.634022633880786,1.458280680690792,3.0605834795464,-0.3441301102444676,3.0946037421248516,-0.8375972253681656,-5.941743531867438,3.1152916530676844,-0.1591186381157268,2.736756537543589,0.6769202251117274,-5.941743531867438,1.6761279105251248,2.0750400381209895,-5.941743531867438,-5.941743531867438,0.5335201116115371,1.4949360384258776,1.7594548207047165,3.4385808066310863,3.394660746233491,-1.4760265740944956,1.8239461334873877,4.480303696089852,4.761700825373392,3.101080975863254,-0.14545234685061814,-5.941743531867438,-1.7288256955966332,3.751170428314764,3.229585964983797,-3.7400839720650296,-5.941743531867438,0.42875131474345896,0.17198701429395857,4.793880488316715,-0.9935625752473367,-1.1679981934284545,2.711932751159039,3.523884761587012,1.545485682621793,3.052632683224158,4.4366174067297495,-5.941743531867438,1.184492877186389,4.307844067384066,4.2782402696386885,0.871910269915734,5.093006206173955,0.7957140511666552,-5.941743531867438,-2.417099746434646,6.306961215066956,-5.941743531867438,4.887698346778645,0.6269362231462354,4.748917087933682,3.2055552319739204,-5.941743531867438,-5.941743531867438,0.9736578770436415,-1.9254802129254873,-5.941743531867438,-0.7587524143871764,-5.941743531867438,1.2495531901979469,2.95949724302422,-2.1756711586187123,2.4261191128517456,2.495822299026157,-5.941743531867438,1.9916887154732104,-1.5547911187276888,5.091547868896713,-5.941743531867438,5.579474392364148,1.1293278754089808,-5.941743531867438,0.58647306970584,-5.941743531867438,-5.941743531867438,-5.941743531867438,-2.4677084063493417,4.330367484410983,-0.11668739103941128,1.1035818661343466,-0.9034494072540475,0.6969948326584072,2.010842700775087,-5.941743531867438
1_1_W14,-5.879934136257456,-1.1781932046223114,3.6905436760669135,1.459461978867271,1.7891693174153618,4.5188006108617955,1.3691663940238765,2.83729674527652,0.4504263788870393,2.8209995427893713,-1.2627156842964284,-5.879934136257456,3.076426801761273,-0.42123053199474025,1.3594505125137628,0.9715793562024855,-5.879934136257456,1.6155096830267315,2.206926621461079,-5.879934136257456,-5.879934136257456,-0.1756565542695716,2.419130781832335,1.3943776691151575,3.59568367713078,3.7504566395122767,-0.2963022432111968,1.5824352455050956,3.784109969440874,4.651875560609813,3.0675788803769493,-1.6379772131736017,-5.879934136257456,-5.879934136257456,4.112085464229562,3.8733649890178032,-2.4573281230778354,-5.879934136257456,1.0433607123802648,0.6954990379226267,4.709016586774023,-1.270092602496537,-0.4167146488413467,2.729573557306974,3.637631995437493,1.2233705699358701,2.950216290695745,4.5864612000899045,-5.879934136257456,-5.879934136257456,4.695911723047755,4.233498337535194,1.7243276992729797,5.706865885407226,-0.9928866278417212,-0.04320606148054118,-5.879934136257456,6.445208895626424,-5.879934136257456,4.451713973618667,0.4194737379131297,4.527893929550135,3.0365145144169716,-5.879934136257456,-5.879934136257456,1.2908684081350525,0.4090711051813267,-5.879934136257456,-0.68132391385896,-5.879934136257456,1.2413853142982507,2.2975419145515534,-2.2769791076050767,2.7686076042242513,2.612583345456785,-5.879934136257456,1.9254613198850716,-5.879934136257456,5.48453935259914,-5.879934136257456,5.217924643823759,1.4923866852376477,0.06291678241952248,2.1501073095556933,-5.879934136257456,-5.879934136257456,-5.879934136257456,-5.879934136257456,4.026262855446556,-0.3111923933687324,3.010823166356457,0.549474239216198,1.6488395018387063,1.1380294892357687,-5.879934136257456
1_1_W18,-5.617008504644916,-1.4598620140376823,3.4477284450771046,-0.14976626584653197,2.224101574301815,4.813403488465977,1.6031673225819327,3.5198942084014586,0.09375414181303476,3.0410932961597386,0.11169413958619678,-5.617008504644916,3.3715728704716357,1.241086751686769,2.191313390249957,1.0909345740809586,-5.617008504644916,0.867528641953065,2.6530980334912666,-5.617008504644916,-5.617008504644916,-5.617008504644916,2.4148022590551923,1.949057576086382,3.6963186958885084,3.6582880660602637,-0.770267442217067,1.7672358121815925,4.7102168457817095,5.241620122186845,3.502883006872003,-5.617008504644916,-5.617008504644916,-5.617008504644916,4.351685591065974,3.8619849243345596,-5.617008504644916,-5.617008504644916,1.6252486154782284,0.46357730621974635,5.245538664110484,-0.4897283083097026,2.558129864286138,3.110094852757528,3.4105330250170676,1.3693869982365943,3.7159667024003973,4.570965676397793,-5.617008504644916,-5.617008504644916,3.5911764810011713,4.68354987028444,1.8248350407545555,5.991007519816636,1.541272217782521,-0.9681468289091608,-0.09102191981523866,6.81789900192777,-5.617008504644916,5.171369288326945,-0.2824308464460561,5.076944706796134,3.162178584083959,-5.617008504644916,-5.617008504644916,0.8741862975851058,-5.617008504644916,-5.617008504644916,-5.617008504644916,-5.617008504644916,1.444821806437579,2.55788346891897,-1.5107820827466867,2.7278896224912,3.5499132819634998,-5.617008504644916,1.7964170973692992,-5.617008504644916,4.7582172594066705,-5.617008504644916,5.494146405398197,2.077080216258744,-2.1290859468783,2.49711664761666,-5.617008504644916,-5.617008504644916,-5.617008504644916,-5.617008504644916,3.9348283827742856,-0.46537036396813036,1.193176318722533,-0.6080676524176312,0.3230951365660424,3.6178576666287077,-5.617008504644916
1_1_W2,-5.799738583230857,-1.1571626994230098,3.252856006612264,0.5247802656121863,1.9584702268824223,4.512568011930378,0.8619894239401305,3.80742605776521,-1.0537288453419364,2.9312352967747506,-5.799738583230857,-5.799738583230857,2.8164525564373166,0.6539795552528469,2.2767385065342873,0.22107337340989996,-5.799738583230857,0.4432462637519805,1.5691502247228737,-5.799738583230857,-5.799738583230857,-5.799738583230857,0.9497922528280816,0.4616188584534493,3.088854868563181,3.9910034798748475,0.9518688227784295,0.7775281909595471,3.3795922272886845,5.262652784261432,3.192532461792082,0.27658476630529627,-3.146636581400214,-1.3760375363992576,3.5160280134646493,4.156746491238087,-3.5326979542921855,-5.799738583230857,0.30099146202978844,1.6645302320094002,5.083576508386745,-0.9195975108807577,-0.1393762847610276,3.154536403484702,3.981968542475741,-0.5562934194646516,3.6422943133110195,4.42535966545663,-5.799738583230857,0.0419784976960873,3.313982354055814,4.237447177801453,1.4812675660985262,5.621233801245281,-5.799738583230857,-5.799738583230857,-5.799738583230857,6.721506016808961,-5.799738583230857,4.774245567768226,1.5712460732893883,5.007808765176824,2.7759645295767834,-5.799738583230857,-1.9513846069120842,2.1045263967824237,1.0059973431297866,-5.799738583230857,-3.0358357424167703,-5.799738583230857,0.9641104288950002,2.4629070183372415,-1.8962002867480976,2.1906604635673173,2.52534931235975,-5.799738583230857,1.7740143560117598,-3.253720138983832,4.87026119541342,-5.799738583230857,5.168043705520942,1.5378954977140102,1.320310753961511,1.7097721496983818,-5.799738583230857,-5.799738583230857,-5.799738583230857,-5.799738583230857,4.413994276472734,1.1476475923925387,1.72137067337406,1.2227828227885462,2.4727295762176045,3.1655789945908346,-5.799738583230857
1_1_W24,-5.674561965715634,-5.674561965715634,3.45122380137786,-5.674561965715634,1.4668956730899518,4.733695399877493,1.7987695238434958,4.52217043928359,-1.1325720642232255,3.349810224698029,-1.2226983637873925,-5.674561965715634,3.8275260305402314,1.3313320733818026,1.3798685248592415,2.3668033075074764,-5.674561965715634,1.4788436397064588,2.7416235832584537,-5.674561965715634,-5.674561965715634,-0.32415223948610183,3.4221851888321906,1.5077246068774848,3.5731272304611963,4.490416677529422,-0.23705418681026913,2.46657237327787,3.1919797826513223,4.790425164999734,2.973191669442989,-5.674561965715634,-5.674561965715634,-5.674561965715634,4.347818841316291,3.9248721828499153,-3.796378310227622,-5.674561965715634,1.5437883267643029,1.5695325142411338,5.178222843651454,-2.3368760774671795,1.5159447348493318,3.244709262280894,3.638336155372679,-5.674561965715634,3.726124103665801,4.688139126945483,-5.674561965715634,-5.674561965715634,4.7737470380102955,4.876869824314692,2.429976335410217,4.427256146550544,-5.674561965715634,-1.657648194390891,-5.674561965715634,6.871325416801544,-5.674561965715634,3.5614427496648453,1.1858018461966253,5.148362928001742,3.492466870706104,-5.674561965715634,-5.674561965715634,-0.06515490190453832,-5.674561965715634,-5.674561965715634,-5.674561965715634,-5.674561965715634,1.4871316792341727,4.406569920063005,4.414794599731065,3.0011409575595653,2.541772813418115,-5.674561965715634,2.6250812940860886,-5.674561965715634,3.7455235085542693,-5.674561965715634,5.430483806380083,2.400476495864858,1.6107913954427122,3.0926225097292726,-5.674561965715634,-0.9665215703293395,-5.674561965715634,1.4905648576347144,4.461559514293337,0.021517313744610078,1.5605453144108754,0.058788400102246285,2.22652230237824,2.7165440686623823,-5.674561965715634
1_1_W6,-5.698502025192367,-2.2833027429244908,3.2289339127814936,0.3008054831515521,1.472526232740611,4.818056380523265,1.6264863450853566,5.130781787229651,-0.6547512702550247,3.381009706431768,0.28079700398709306,-5.698502025192367,3.303708476942294,0.6819523330803756,1.8564261915714422,1.6105044473406034,-5.698502025192367,0.7596843951244088,2.617916398888907,-5.698502025192367,-5.698502025192367,-0.3553651910717104,1.499378261216168,2.1479721057535874,3.758822344733999,3.6223885666044584,1.6161167184242213,1.449240898073616,2.479936419566883,4.986318870140073,3.1630581961224493,-5.698502025192367,-0.777926906552894,-5.698502025192367,4.165319781528805,4.108673664989031,-0.4567971929015364,-5.698502025192367,0.5404667450067961,0.762809389258317,4.789692400621217,-1.2198804597240187,1.3155384564348145,2.443448094419505,3.3519053929692912,-5.698502025192367,3.546759262441551,4.489584823780905,-5.698502025192367,-5.698502025192367,2.6551822957938116,4.661034410375574,1.7737739153021552,5.776584020114726,0.7703349670042545,-5.698502025192367,-2.5972122005526987,6.71508176062858,-5.698502025192367,4.481624006734432,1.183511188728363,5.1148677518517225,3.390142242654435,-5.698502025192367,-5.698502025192367,1.5901072035994108,-5.698502025192367,-5.698502025192367,-0.8992119641685115,-5.698502025192367,1.647654394941945,2.1939193200416867,-4.029217289012049,3.6876074886176626,3.269125143545544,-5.698502025192367,2.15509816778823,-5.698502025192367,4.7409532571295205,-5.698502025192367,5.567743331405985,-0.9878361708255792,1.9448233194062503,2.5161076011015524,-5.698502025192367,-5.698502025192367,-5.698502025192367,1.5878069501058745,4.997691189567757,-0.5110647116222324,2.1262840729265617,-5.698502025192367,0.4826266188311621,2.596914649450258,-5.698502025192367
1_15_W10,-5.5677982705615605,1.1455142270289302,2.547228398714645,2.57965479427975,-0.4345716575851277,5.6085944672086026,-1.110904261322954,2.168619228700921,1.6745915896264192,0.47891392550925893,2.992535145910866,-5.5677982705615605,0.2227360352873795,-5.5677982705615605,2.500713721421489,-5.5677982705615605,-5.5677982705615605,3.0335123092272624,-5.5677982705615605,0.7703719617197029,-5.5677982705615605,-5.5677982705615605,-5.5677982705615605,-5.5677982705615605,4.839935482060727,4.439124462960805,3.393763233207518,3.70578833366406,1.2144514294980358,-5.5677982705615605,2.1142653859548313,-5.5677982705615605,-5.5677982705615605,-2.5845226388398057,2.488763715629486,4.490859285062363,-1.595809034140803,-5.5677982705615605,-5.5677982705615605,2.3860367174042105,4.642377724336357,-1.6317698494427528,-1.65232138530388,3.0256084369386027,3.8378999578078057,-5.5677982705615605,3.664438350158658,4.631834704681766,-5.5677982705615605,4.881182654520696,1.4733590968205226,3.6121642828002845,0.9590995412990129,5.94865070318551,-0.6900906175401129,1.4355472290750262,3.5573806096040856,5.397695278399736,3.5819759352829674,3.170641722615228,0.4914046013429241,4.975719805275241,1.3870486390626073,-3.114522731348698,-5.5677982705615605,-1.0614007993136347,2.094866698840291,-5.5677982705615605,-1.547916221362705,3.947283679148846,3.08402894976709,3.366307696831754,3.6121105846625623,3.252611348563353,3.2922056389231598,-5.5677982705615605,-5.5677982705615605,-1.8240683075258897,-5.5677982705615605,-5.5677982705615605,-1.7596220562428027,0.7536603390190555,3.91821381270395,4.590014313664447,4.356572922063419,6.784056818951913,5.879217980326332,-5.5677982705615605,2.553717875599073,2.112631052974657,-5.5677982705615605,-0.635297136681686,-5.5677982705615605,0.9058671664887736,-5.5677982705615605
1_15_W18,-4.295427987179407,2.6109663430585863,0.48635049741572445,4.941278514736305,-0.5266239738106684,8.436263083550479,2.4304666862122914,-0.09119858523570734,3.4754194950525275,7.421010492278162,2.2144166811795527,-4.295427987179407,2.199388663652752,-4.295427987179407,3.526701194674801,-4.295427987179407,6.4740000386790815,3.4359458786185373,1.3638472165718927,1.8428023991205817,-4.295427987179407,-4.295427987179407,-4.295427987179407,-4.295427987179407,6.567865077444593,5.552518319056269,4.693795534784189,6.049924894180282,-4.295427987179407,2.699480734063444,-4.295427987179407,-4.295427987179407,-4.295427987179407,-4.295427987179407,3.995324161207007,1.1252729219785795,2.0570173551605517,-4.295427987179407,-4.295427987179407,-4.295427987179407,6.309503692536609,1.0384373349666856,2.9046365338484073,3.482894968684615,-4.295427987179407,-4.295427987179407,3.153419363072535,4.030938324357365,-4.295427987179407,4.638434613759171,-4.295427987179407,4.7056339769517,-4.295427987179407,5.794980229015428,-4.295427987179407,-4.295427987179407,-4.295427987179407,4.085164891053048,-4.295427987179407,1.6269159490279526,-4.295427987179407,-1.6765019994497603,0.4037793930145597,-4.295427987179407,-4.295427987179407,3.0436065323555006,-4.295427987179407,-4.295427987179407,-4.295427987179407,7.2472241349579045,5.448697648023457,-4.295427987179407,5.830323667467644,6.137575045432989,5.386957580413681,-4.295427987179407,-4.295427987179407,-0.8032103585698351,-4.295427987179407,-4.295427987179407,-0.8778764118343041,3.1771207104301347,-4.295427987179407,3.2794696146950333,5.228862222071549,2.271892696341151,4.97018682698946,-4.295427987179407,0.9018657453557282,6.126780626501708,-4.295427987179407,-4.295427987179407,-4.295427987179407,-0.4419717135651311,-4.295427987179407
1_15_W2,-4.958691482190609,1.859439568863266,-2.642811740239404,2.480716033597525,-4.958691482190609,5.4043087923809185,-1.4631413622301999,3.568419478484965,2.0141644115715627,3.351266602533215,-4.958691482190609,-4.958691482190609,3.532735218396814,-4.958691482190609,1.9974180698278126,-4.958691482190609,7.432577353540371,0.19973391905470095,-4.958691482190609,-4.958691482190609,-4.958691482190609,-4.958691482190609,-4.958691482190609,1.962523564362776,4.947785519225031,-4.958691482190609,0.04006492127614614,3.568613253165757,5.391595220565177,5.745431199260052,3.8831478136831246,-4.958691482190609,-0.06993626600141134,2.42040364575384,2.9900275191117203,-4.958691482190609,2.227001616285439,0.7419049472290453,-4.958691482190609,-4.958691482190609,6.387203518830971,0.8574959780685125,-4.958691482190609,4.212615668395481,3.393619740066284,-4.958691482190609,3.208489633608292,4.49286105897916,-4.958691482190609,5.086654650024256,-4.958691482190609,5.13923760812129,-4.958691482190609,-4.958691482190609,-4.958691482190609,-4.958691482190609,3.2824671062061874,3.6843605067974767,2.4756553901973275,3.250314487123158,3.6632378176314786,4.475731450392296,0.7198468234471864,0.8039360387664747,-4.958691482190609,0.5251221739830694,2.2056103311797806,-4.958691482190609,-4.958691482190609,5.5012567590578545,2.5979153309774627,1.5097839043678194,4.587275210050376,2.156025638510104,1.9030729720266457,-4.958691482190609,-4.958691482190609,-4.958691482190609,-4.958691482190609,-4.958691482190609,1.2888395041315954,0.26508515186356796,-4.958691482190609,1.952604555795875,3.8747820996554463,7.167897708335173,6.472337179110562,-4.958691482190609,4.919606309491703,5.416048584828291,-1.8153080909334598,0.6667950505227704,3.262727069574364,2.3796076577879353,-4.958691482190609
1_15_W24,-5.178844599924233,2.394171014700417,3.392804880049831,4.049388908177665,-0.7358760021229767,6.442749999873579,1.5070893544349646,5.830089192831984,3.3736138552674255,4.5181655786383494,0.5612339159648325,-5.178844599924233,-5.178844599924233,-5.178844599924233,2.134580509768428,-5.178844599924233,3.337275108166807,3.370499224278629,-5.178844599924233,-5.178844599924233,-5.178844599924233,-5.178844599924233,-5.178844599924233,0.43768084829840426,6.4238800024607094,5.336422817526716,2.31006086234674,4.721686706524233,-5.178844599924233,-5.178844599924233,-5.178844599924233,-5.178844599924233,-5.178844599924233,2.2564935308023744,4.758517445756882,3.1717917465346295,0.3833832212138155,-1.358846246091277,-5.178844599924233,1.0460343121518205,5.91547202727644,0.1468361871056736,-5.178844599924233,3.976007382792302,3.884805817722275,-5.178844599924233,4.338746097892691,4.34999856529292,-5.178844599924233,3.5673992948538995,-5.178844599924233,4.757019153894859,-5.178844599924233,3.781714975604018,-5.178844599924233,-5.178844599924233,2.2500930302392934,4.696831951375225,4.32093510564572,6.332917527946735,-1.1785347615050714,3.5190971059948177,1.5676488130415747,1.0500397666080694,-5.178844599924233,2.491543445627724,1.8404682925867206,-5.178844599924233,-5.178844599924233,4.616550774265415,2.501996204861576,4.002594827033091,5.976810069424107,3.159744981425649,4.013652068273758,-5.178844599924233,-5.178844599924233,-5.178844599924233,-5.178844599924233,-5.178844599924233,-5.178844599924233,3.1168502684920023,-2.700143840908005,4.969611465029386,5.116171530657061,-5.178844599924233,4.270202167429355,-5.178844599924233,5.791400455320957,5.442992879381611,-5.178844599924233,1.3365620135910898,0.491901624148527,3.059577541295763,-5.178844599924233
1_15_W6,-5.183351833164744,0.9921902123795183,3.6624934192826784,2.1850105008524032,-5.183351833164744,5.784929450380511,-5.183351833164744,3.200683992800319,2.3319624609089864,3.165522217886531,-5.183351833164744,-5.183351833164744,3.5282966441757937,-5.183351833164744,3.2263212650756605,-5.183351833164744,1.627743128512022,2.3829926549125906,-5.183351833164744,2.3678072673167048,-5.183351833164744,-5.183351833164744,-5.183351833164744,-5.183351833164744,4.883277735399599,2.8226172260444224,2.656850192033078,3.198430832756139,2.381871530702232,2.6050909272816662,3.2868391925717173,-5.183351833164744,-5.183351833164744,-5.183351833164744,3.838286453938629,2.7461692986871835,-5.183351833164744,-5.183351833164744,-5.183351833164744,-5.183351833164744,5.107995844978957,-1.7890857369253546,-1.0077318932290762,4.223088974627317,4.86350280650119,-5.183351833164744,4.76402888941613,4.909598299157533,-5.183351833164744,3.63653812660156,4.333339471137955,3.817495914526372,1.6677099424858195,6.387066128802902,-5.183351833164744,2.7815007663568414,3.4494492030848143,6.132833620782735,2.827226817214031,3.208763404034725,-5.183351833164744,5.784059463407985,2.404223182000462,-5.183351833164744,-5.183351833164744,3.107242404595503,3.7197044403323307,-5.183351833164744,-5.183351833164744,4.814815154284215,2.216404368328946,1.659196548891316,3.5179235045949824,1.349524172509951,2.491964508084683,-5.183351833164744,-5.183351833164744,-5.183351833164744,-5.183351833164744,-5.183351833164744,1.1453036046616383,1.9987920358760487,4.317258704968503,3.2781107350801966,6.083811844517409,6.967770816202713,-5.183351833164744,-5.183351833164744,6.477689114958897,-0.9606252628860563,-5.183351833164744,0.7917065136076156,1.661965598749286,1.585117357710705,-5.183351833164744
1_17_W10,3.4313280749727593,-5.532651025446832,3.411369855732281,-0.5233046136445925,-5.532651025446832,3.4065667456780355,1.2473234430392646,3.855032681218222,-5.532651025446832,3.8501083690352234,1.053736949885475,-5.532651025446832,-2.1796291191023123,-5.532651025446832,-5.532651025446832,1.9477748137131625,2.702624041927911,-5.532651025446832,2.1271493243758064,-5.532651025446832,3.133731684514621,-5.532651025446832,-5.532651025446832,3.5491324077404673,3.313463754752143,5.210675578846795,-0.16211695579820962,3.141820261660796,2.5632013150015904,0.2856876010095615,2.5838441101274574,-5.532651025446832,0.1294471897755276,-5.532651025446832,3.85757651355687,3.9925493301361312,-1.0790091935963133,-0.32411235122757454,-5.532651025446832,1.6931766975282283,5.044123703099397,-0.3282797518081697,1.0835449473870735,0.8236872005485107,4.771143974595118,-5.532651025446832,3.403085017263761,5.22539851027953,-5.532651025446832,3.6073249596330914,6.103360552856813,4.799535086698656,3.2593862898669945,4.900828394939923,-5.532651025446832,-5.532651025446832,-0.33426347041177173,6.550881113255254,-5.532651025446832,2.445050752687286,1.907586191412272,5.645616421814088,2.5653839849973012,-5.532651025446832,-5.532651025446832,-5.532651025446832,1.4016467845705671,5.483631169252456,-5.532651025446832,-5.532651025446832,2.671592450246628,3.4020266830252925,-5.532651025446832,3.3148542559919685,1.5149277964359538,-5.532651025446832,2.20924509622395,-0.018794267993593294,-5.532651025446832,-5.532651025446832,5.694919199724617,2.8520149477547045,2.1236614628425725,3.125048758845338,2.656507405162025,3.914512496072345,4.117711347724329,-5.532651025446832,5.339026993331123,-5.532651025446832,2.1586496480701287,-0.010510685036020817,1.868967856632615,-5.532651025446832,-5.532651025446832
1_17_W2,4.078339563626306,-4.310570171407832,3.2482615429291046,1.4515402338939571,-5.896550348049226,4.007843124948089,0.8518476073713614,3.666177458320269,-1.1299223412383874,2.309143895150834,4.254377769034425,-5.896550348049226,-5.896550348049226,-5.896550348049226,-5.896550348049226,0.6259567566691526,-5.896550348049226,-5.896550348049226,3.0521162305983474,-5.896550348049226,1.0011918378169735,-5.896550348049226,-5.896550348049226,1.8261019431924899,4.524220255995896,5.192721434249463,-1.53114196208932,2.3041519735436253,4.670503725659126,-5.896550348049226,2.2784774451836487,-5.896550348049226,0.23811958306427883,-2.0222630519665223,2.692350571247225,0.32707167198608733,1.4080266222280589,-0.2942426401964333,-5.896550348049226,1.2941922855828745,4.471188065601392,-0.23850645409922855,1.8771700906726663,2.2019459579336456,3.6146854492719687,-5.896550348049226,3.3425582352805936,3.9429151313254347,-5.896550348049226,1.345147039767352,5.776311178128301,4.014139946354387,2.717499515654347,5.333641313222829,-5.896550348049226,2.4710043647358386,1.9535535189913347,6.278392910484863,-1.9913738336343556,2.0111480252907956,1.208423779208463,4.4011941575497175,2.1448517278056043,-2.7328865723887894,1.2635661126800368,-5.896550348049226,0.824136718545371,-5.896550348049226,0.5797030634126221,2.4798369186636178,3.1379702920415316,2.700591562527613,-1.8366859141208263,2.9785388646252366,2.3986535075744166,-5.896550348049226,4.171504871058696,0.24301610322024558,-5.896550348049226,-5.896550348049226,3.480452524296994,2.6712203524105957,2.613066236268831,2.545986826593393,4.898435358463809,4.898775946420706,2.4295580134788928,-5.896550348049226,3.5143214199605692,-1.1644803977380516,1.124092519581148,-5.896550348049226,1.3039008887148524,-5.896550348049226,-5.896550348049226
1_17_W6,-0.9568731072356016,-4.684939835773745,3.8984897176057043,-0.6124386685632714,-4.684939835773745,2.7731061008382314,1.837980576574525,5.238605282127768,-0.4040441865096298,2.106450998396488,2.3501555533306595,-4.684939835773745,-0.34188706004913705,-4.684939835773745,-4.684939835773745,1.296374822957004,-0.033234885835907946,-4.684939835773745,0.5918968259438451,-4.684939835773745,1.9000584993507204,-4.684939835773745,-4.684939835773745,2.4408969128221,4.210236768609596,5.43815088814132,-4.684939835773745,1.9053095651723355,7.628008922978946,-4.684939835773745,5.741212096854892,-4.684939835773745,-4.684939835773745,-4.684939835773745,5.17417842423688,4.5397238292719235,-4.684939835773745,-3.0514561169440437,-4.684939835773745,0.39853439049752737,7.211069929994728,2.0496514027187196,0.8159133143655861,-0.9445638889536525,4.4198317479835385,-4.684939835773745,3.6949548035552437,4.625637825135801,-4.684939835773745,4.254691782393496,2.5809861958920663,3.94000990827018,0.4538209419528716,2.1412600490990137,-4.684939835773745,2.3382916158002276,1.0285074947412447,7.125961698170724,-4.684939835773745,3.49117808998961,1.9486609210834454,6.969358761457512,3.0859840231740705,-4.684939835773745,2.516969478705964,-4.684939835773745,-4.684939835773745,-4.684939835773745,-4.684939835773745,-4.684939835773745,2.7559621778994794,1.0701495786029476,-4.684939835773745,3.260000375128927,0.5839695239826135,-4.684939835773745,3.1416086047821388,0.6891334502203001,-4.684939835773745,-4.684939835773745,4.204472631649851,-1.288694584679659,2.1023912354026226,2.973142232645416,0.3953358304805814,7.114544095159071,2.4991515729495237,-4.684939835773745,6.009066138435875,-4.684939835773745,3.260402051882556,0.2647935555076,2.434913700154601,-4.684939835773745,-4.684939835773745
1_19_W14,-3.782049154521525,2.7516168630281257,3.4603335640929105,2.921769264673488,1.9244731674642956,3.7698138147363442,-1.9432389620784587,5.880447426826188,3.1619249183998006,-3.782049154521525,-3.782049154521525,-3.782049154521525,2.6656981052548003,-3.782049154521525,-3.782049154521525,-3.782049154521525,-3.782049154521525,-3.782049154521525,-0.008534810534158055,-3.782049154521525,-3.782049154521525,-3.782049154521525,-3.782049154521525,-3.782049154521525,3.9614744179641983,2.257530427104041,3.050525178786301,-3.782049154521525,8.829283067272598,-3.782049154521525,7.158304653458937,-3.782049154521525,1.47923123519608,-0.49836227220765394,6.487320127380049,6.738296465683272,-3.782049154521525,-3.782049154521525,-3.782049154521525,4.791284036068046,7.977723492233924,2.6393462374278345,-3.782049154521525,4.583553677721394,5.805345085372654,6.095745942889684,6.271604264389909,7.451251988906258,-3.782049154521525,-3.782049154521525,-3.782049154521525,6.5972130362943995,4.936708499333397,-3.782049154521525,-3.782049154521525,-3.782049154521525,-3.782049154521525,6.8301464522364,-3.782049154521525,4.296982911602114,-3.782049154521525,7.735417734762491,2.868490471887868,3.925483698463019,-3.782049154521525,3.5449629258652706,-3.782049154521525,3.4926856010822895,-3.782049154521525,-3.782049154521525,-3.782049154521525,-3.782049154521525,-3.782049154521525,-3.782049154521525,-1.0525954348323943,-3.782049154521525,0.6883069167591795,-3.782049154521525,1.457850247952793,-3.782049154521525,6.258965229356122,-3.782049154521525,-3.782049154521525,5.919739034085955,-3.782049154521525,-3.782049154521525,-3.782049154521525,-3.782049154521525,6.92919071571888,2.057039132202929,4.932845893066348,-3.782049154521525,1.6375326007759199,2.599681527430179,-3.782049154521525
1_19_W18,-4.361870613326108,-4.361870613326108,1.2040303846299594,2.3006127859485455,-2.618742780201943,5.461104987271074,-0.6024347480286902,5.054697198352718,-4.361870613326108,3.530456752696616,3.92835219587431,-4.361870613326108,6.142667890669968,-4.361870613326108,-4.361870613326108,3.8826669595942667,-4.361870613326108,1.4311072970323586,3.6911141946604857,-4.361870613326108,-4.361870613326108,-4.361870613326108,-2.2118182053734525,3.9693781573933435,5.3003562684360634,5.505685529669716,4.391381929593201,3.741729332244989,8.856615230708831,-4.361870613326108,4.446408381264389,-4.361870613326108,2.202557802592416,-4.361870613326108,4.74680901736069,5.426247294910891,-4.361870613326108,1.2222956921384647,-4.361870613326108,0.4384131272699552,6.427368691466119,1.6838266993080637,2.756911227289007,-4.361870613326108,5.376712479561005,4.420359402725179,4.846794932325857,4.745525950624901,-4.361870613326108,1.4270362112277315,-4.361870613326108,5.6731970113541585,3.008921611218425,-4.361870613326108,-4.361870613326108,-4.361870613326108,-4.361870613326108,7.032032926847554,-4.361870613326108,3.248486770531902,2.99043000304048,5.498300218092068,1.8758205253471436,0.7253030490422638,-4.361870613326108,3.3490596474969845,-4.361870613326108,0.9550390474407351,-4.361870613326108,-4.361870613326108,3.9099714995237544,3.3494727709531205,-4.361870613326108,5.060833423635406,0.9382980580822,-4.361870613326108,4.499683509167191,-4.361870613326108,-4.361870613326108,-4.361870613326108,-4.361870613326108,-4.361870613326108,5.541579707471204,3.16166348113173,-4.361870613326108,-4.361870613326108,-0.0594221991002577,-4.361870613326108,3.7735528635304094,-4.361870613326108,2.313627438599835,-4.361870613326108,-1.1353844882731234,-4.361870613326108,-4.361870613326108
1_19_W24,-4.947990975958847,3.0440992372629267,3.2026798976865862,2.3168504371338585,1.4472106735781276,4.7838978951300835,1.4559632796548847,3.9189006816876937,3.2506058536763387,4.686120076469665,4.782112100250317,-4.947990975958847,6.319652716385709,-4.947990975958847,-4.947990975958847,3.472154391125505,-4.947990975958847,-0.022234982586143204,5.147283775776289,-4.947990975958847,-4.947990975958847,-4.947990975958847,-4.947990975958847,4.039872859679659,5.078869025493626,5.302638667951003,2.5926198319426534,3.308372342180319,5.732144564165186,-4.947990975958847,4.906834924901127,-4.947990975958847,2.410637463005152,1.625859027774987,4.014279586774776,5.906961378485717,-4.947990975958847,1.0231786762780475,-4.947990975958847,4.740282864039741,5.924253815467425,1.304113096473074,-4.947990975958847,3.4507738466547204,5.107011200695409,3.699562511838673,5.279257496375214,6.248378333629891,-4.947990975958847,-4.947990975958847,-4.947990975958847,3.893591247080189,1.9338930397783827,-4.947990975958847,-4.947990975958847,-4.947990975958847,-4.947990975958847,7.339841035683237,-4.947990975958847,2.173402543285987,3.2831969975233175,5.8862728575636005,0.7052966843438337,1.8219203810128635,-4.947990975958847,2.6008583935613947,-4.947990975958847,5.331980968170792,-4.947990975958847,-4.947990975958847,3.232306505262212,3.108521570928408,-4.947990975958847,3.4392977738243706,1.8822626561338023,-4.947990975958847,3.289427163464807,-4.947990975958847,-4.947990975958847,-4.947990975958847,-4.947990975958847,-4.947990975958847,-4.947990975958847,5.335681773124115,-4.947990975958847,-4.947990975958847,2.6880617929103243,-4.947990975958847,6.14998998328584,1.342869476820094,3.52693121061188,-4.947990975958847,-0.5471625630549735,-4.947990975958847,-4.947990975958847
1_19_W6,-5.121637855828871,1.321646245105942,2.085859852331394,4.126016284061005,2.681900906102557,4.980460240714472,1.1558974028307452,4.24381095290784,1.909463600962705,2.29439246546013,4.008746428028848,-5.121637855828871,5.370561230182725,-5.121637855828871,-5.121637855828871,3.165957091673972,-5.121637855828871,2.0225311086106927,3.241950201045121,-5.121637855828871,-5.121637855828871,-5.121637855828871,1.678892239404579,3.4908734403221304,4.097260598674345,5.198073024296239,4.035117163479367,3.5401797181734205,7.427106361553729,-5.121637855828871,5.353763313067031,-5.121637855828871,2.148172505829802,-5.121637855828871,5.435628619458315,4.759391373269393,-5.121637855828871,0.3703494861427288,-5.121637855828871,2.3330766075383016,5.933257633372206,1.2718428710261094,1.277338291299289,3.78294356522298,4.760912234002628,4.292858558022944,4.625446780060505,6.016383668211406,-5.121637855828871,3.2542708616355895,-5.121637855828871,4.681107877012199,3.1924645262691875,-5.121637855828871,-5.121637855828871,-5.121637855828871,-5.121637855828871,4.917114768213507,-5.121637855828871,3.9894300724101317,0.17785053800346873,4.990401428371973,0.6615202260901789,1.2564796092763766,-5.121637855828871,1.420095522487955,-5.121637855828871,1.8593964447582128,-5.121637855828871,-5.121637855828871,1.9408114194479582,1.810341396124568,-5.121637855828871,3.1540864782888525,1.4445018404577432,-5.121637855828871,2.071927604423837,-5.121637855828871,-5.121637855828871,-5.121637855828871,6.671977559708131,1.921046624815192,-5.121637855828871,3.4948991059661463,-5.121637855828871,-5.121637855828871,0.000683217440140993,-5.121637855828871,4.952736555816633,1.0157467234288982,2.9803420508736576,-5.121637855828871,-1.9183317039274517,-5.121637855828871,-5.121637855828871
1_21_W2,-3.2644775141306166,-3.2644775141306166,6.733093737792796,-3.2644775141306166,-3.2644775141306166,4.14666446268699,-3.2644775141306166,8.158729204806011,-3.2644775141306166,3.1031276424117014,-3.2644775141306166,-3.2644775141306166,2.4322297509940984,-3.2644775141306166,-3.2644775141306166,-3.2644775141306166,-3.2644775141306166,6.199156825552658,1.165837109766187,-3.2644775141306166,-3.2644775141306166,-3.2644775141306166,-3.2644775141306166,-3.2644775141306166,2.4651988324587357,3.905941510354614,2.0164446219188488,5.514927486801761,-3.2644775141306166,6.481503609179824,4.989995060833657,3.168743277329532,5.978581275198727,-3.2644775141306166,5.761472943225535,3.8223284228536425,-3.2644775141306166,-3.2644775141306166,-3.2644775141306166,-3.2644775141306166,7.7150275348434905,2.445688835616677,-3.2644775141306166,-3.2644775141306166,7.829591563340915,-3.2644775141306166,7.42953135860208,8.094990948154313,4.990851132720162,8.228992902858852,-3.2644775141306166,8.049427938987609,2.6470364201406724,-3.2644775141306166,-3.2644775141306166,-3.2644775141306166,-3.2644775141306166,-3.2644775141306166,-3.2644775141306166,-3.2644775141306166,6.739675421870048,-3.2644775141306166,-3.2644775141306166,2.650195604375427,-3.2644775141306166,-3.2644775141306166,3.431996968182033,-3.2644775141306166,-3.2644775141306166,-3.2644775141306166,-3.2644775141306166,-3.2644775141306166,-3.2644775141306166,3.6625287271796463,-3.2644775141306166,-3.2644775141306166,-3.2644775141306166,-3.2644775141306166,5.386037319037356,-3.2644775141306166,-3.2644775141306166,-3.2644775141306166,6.422968981638326,-3.2644775141306166,-3.2644775141306166,-3.2644775141306166,9.280986904319136,-3.2644775141306166,5.6376660564927485,-3.2644775141306166,-3.2644775141306166,2.6062313780729465,2.54028187669325,7.506012172283313,-3.2644775141306166
1_22_W10,-4.55705901046502,1.567802004092301,4.585914065581317,2.294939124725645,-4.55705901046502,4.427207827469722,-0.9634185958478962,6.815348453106868,1.6508027824358615,2.110167377376264,-4.55705901046502,-4.55705901046502,-4.55705901046502,-4.55705901046502,-4.55705901046502,-4.55705901046502,-4.55705901046502,0.4879243002727218,1.1672204648139832,-4.55705901046502,-4.55705901046502,-4.55705901046502,-4.55705901046502,-0.4164706399756053,4.833698479395285,3.4376823165815846,-4.55705901046502,2.626837553989323,5.976399973208865,6.232808928629712,5.724168416855875,7.0613634223574895,-1.5355141166580921,2.486087709140203,7.283041057919452,3.3255612112322526,-4.55705901046502,-4.55705901046502,-4.55705901046502,-4.55705901046502,7.166262293178487,2.540888645123367,-4.55705901046502,4.554866217123761,4.698205711706717,-4.55705901046502,5.1080756869057655,5.616541965471405,1.3522763869270449,-4.55705901046502,-0.014690217954701268,4.215714140552368,3.0362040296990083,4.30461071467877,-4.55705901046502,-4.55705901046502,1.5182935613915474,7.758899565173132,-4.55705901046502,2.8345576165667987,1.1456256045813742,4.787046291410566,0.05468110089023526,0.5094195315600736,-4.55705901046502,1.4622373070837824,-4.55705901046502,2.2701000139860437,-4.55705901046502,3.6634230195625346,-0.27278078579925946,0.3213828565869896,-4.55705901046502,2.2045104933843085,2.0469781598883454,-4.55705901046502,-4.55705901046502,-4.55705901046502,1.0869769922203325,0.3875832163375019,-4.55705901046502,-4.55705901046502,4.068651714340819,1.535994031615755,4.694387186032742,5.618778625308115,-4.55705901046502,5.035358203148903,2.618583201848608,2.9742227183688748,-4.55705901046502,-4.55705901046502,1.084804482067213,-4.55705901046502,-4.55705901046502
1_22_W18,-4.769785053205817,1.6918890940321853,4.559028890590712,1.8874524326668602,-4.769785053205817,5.685316486389836,1.7949517036031306,5.759260787572993,2.3473676084057162,3.777743419346101,-4.769785053205817,-4.769785053205817,-4.769785053205817,0.831361693162215,-4.769785053205817,-4.769785053205817,-4.769785053205817,0.6455136310628244,2.0690967258015593,-4.769785053205817,-4.769785053205817,-4.769785053205817,-4.769785053205817,-2.2416011071455983,4.820037263022015,3.1868110993378016,-4.769785053205817,3.4522942298938384,7.018103107812682,6.158195821527723,5.290399959261219,6.725505565167487,0.5664516904998269,1.443200256683519,6.660589378846131,2.9630335549269944,-4.769785053205817,-4.769785053205817,-4.769785053205817,-0.3754046378693392,6.934989000187831,1.7961116765776284,-4.769785053205817,4.217827420155621,5.2031335744323,-4.769785053205817,4.4446132332450805,5.487860575696885,-4.769785053205817,-4.769785053205817,-4.769785053205817,4.73542872853495,3.117753078013579,3.1448232694319564,-4.769785053205817,-4.769785053205817,3.8028346247256026,7.068952668802999,-4.769785053205817,4.437946727972654,0.11034115247210785,5.568198427533691,1.4085781204935177,-4.769785053205817,-4.769785053205817,-1.9091585553817847,-4.769785053205817,3.128363374118816,-1.0727384894128473,5.875817106383516,1.8620013804301205,2.875635400975649,-4.769785053205817,3.0894924383156948,3.191022281542171,-4.769785053205817,-4.769785053205817,-4.769785053205817,1.431792215910077,-2.382538827716637,-4.769785053205817,-4.769785053205817,2.0763497334576115,1.4540716832411338,5.364420625571633,2.148369515750435,-4.769785053205817,3.0216453276325987,2.3330704932329933,1.4111369137708625,-4.769785053205817,-4.769785053205817,2.1466359205335586,2.2406674973848473,-4.769785053205817
1_22_W2,-4.920620564676252,1.6713729537703177,3.799799291840464,1.6022914620312507,-4.920620564676252,6.049496627319211,1.6677386743329947,5.103596213486091,2.1453708224699133,3.9220638688227156,-4.920620564676252,-4.920620564676252,-4.920620564676252,-0.21541790863642518,-4.920620564676252,-4.920620564676252,-4.920620564676252,3.6042066917996554,2.216658765047364,-4.920620564676252,-4.920620564676252,-4.920620564676252,-1.3907149544071622,1.5050428316362252,6.139392533209036,5.147830121055879,-4.920620564676252,4.5889132153161185,5.984876579635507,5.5898063424119,5.672756713625833,5.891771886331922,-4.920620564676252,-0.8523004569112427,3.0979693700065454,3.4343973014626883,-4.920620564676252,-2.8041989563465997,-4.920620564676252,-4.920620564676252,6.335608071346918,1.9433533004825652,-4.920620564676252,3.840464139347425,4.548038082908165,-4.920620564676252,4.663590688690538,4.251988822632855,-4.920620564676252,-4.920620564676252,3.988778464054146,4.478477305133686,3.074240118551642,5.4090133391659325,-4.920620564676252,-4.920620564676252,3.2908941239707845,7.4200614429190335,-4.920620564676252,4.966076765716495,-1.9384993224691254,4.691250669098015,-4.920620564676252,-2.629234454059336,-4.920620564676252,0.45719811841045477,-0.3331470573484978,-1.1993632655840791,-1.5890106587038986,5.251040108779893,1.9943234505671814,-4.920620564676252,-4.920620564676252,3.474787666978444,3.5282187679249937,-4.920620564676252,-4.920620564676252,-4.920620564676252,5.599959691088381,1.388489669988875,-4.920620564676252,1.6378788718887876,4.135163328150111,3.2612992216796775,5.379212770840672,5.699421646602738,-4.920620564676252,3.7632316963190933,1.5810774271737973,1.8050956834926488,-4.920620564676252,-4.920620564676252,-0.5993583567040499,-4.920620564676252,-4.920620564676252
1_22_W24,-4.281448048494269,3.2111988407006216,4.275602533627367,3.2857768542052606,-4.281448048494269,6.67030758145817,2.7481108391857285,5.195862355839465,3.557389863332597,3.550757528326118,-4.281448048494269,-4.281448048494269,-4.281448048494269,0.13847902300549464,-4.281448048494269,-4.281448048494269,-4.281448048494269,2.8034558302015355,3.752422698037776,-4.281448048494269,-4.281448048494269,-4.281448048494269,-4.281448048494269,-4.281448048494269,6.342451520499288,4.569538587944573,-4.281448048494269,4.015743352639526,7.741438176603653,7.130270809004954,5.976023309869616,6.548458581947458,0.3347864214465659,-4.281448048494269,5.753044811013725,3.7458131988591887,-4.281448048494269,-4.281448048494269,-4.281448048494269,1.890814648449335,8.124660927896116,2.0377164821232308,-4.281448048494269,4.554125235510549,4.550983447291119,-4.281448048494269,4.84378823591877,4.524145338515251,-4.281448048494269,-4.281448048494269,-4.281448048494269,5.832652787940182,2.4838429837147498,-4.281448048494269,-4.281448048494269,-4.281448048494269,2.688641863388229,7.246848720021324,2.591799660662888,5.585057425405525,-4.281448048494269,4.961046082817374,1.8973143691475371,-4.281448048494269,-4.281448048494269,-4.281448048494269,-4.281448048494269,4.2387539730544335,-4.281448048494269,5.1331119865878625,3.1027935245173914,1.8726087948352657,-4.281448048494269,4.390418959477284,4.044910680436553,-4.281448048494269,-4.281448048494269,-4.281448048494269,1.9584647763429324,-4.281448048494269,-4.281448048494269,-4.281448048494269,-4.281448048494269,4.285583074062254,4.889527037342899,-4.281448048494269,-4.281448048494269,3.5538525990119547,5.185962324537263,3.4116996224724385,-4.281448048494269,-4.281448048494269,-4.281448048494269,-4.281448048494269,-4.281448048494269
1_22_W6,-4.501726893628744,1.8718200884400895,4.769785421381493,1.8931714863690603,-4.501726893628744,5.139177576842928,0.27504343361331607,4.944500997232968,2.2576118853683242,3.156128115925158,-4.501726893628744,-4.501726893628744,-4.501726893628744,-0.13438081626819276,-4.501726893628744,-4.501726893628744,-4.501726893628744,2.6024739656324734,0.8680472492804245,-4.501726893628744,-4.501726893628744,-4.501726893628744,-4.501726893628744,-2.4174550877180305,5.782364951799248,4.210364908739611,-4.501726893628744,3.183033689039167,7.248885142534798,6.266015172999275,5.9681427732148045,6.665316215839266,0.38710057865057657,1.6012670201257473,5.628945358768947,2.2876847724664326,-4.501726893628744,-4.501726893628744,-4.501726893628744,-4.501726893628744,6.869636585712166,2.2609197031487547,-4.501726893628744,4.197880015215309,3.8067600252098073,-4.501726893628744,4.8334192521851636,5.0269037501529805,-4.501726893628744,-4.501726893628744,3.2015748514174573,3.561194796762834,2.1737239231049656,7.637281041740776,-4.501726893628744,-4.501726893628744,3.4756657457814475,7.785844481467345,-4.501726893628744,3.8173617669957203,1.189371652841853,5.3434997640499216,-0.04648591490310494,-1.9985569805065584,-4.501726893628744,0.06657148327038342,-4.501726893628744,1.4952422966825587,-4.501726893628744,4.998454642326535,1.529153968882257,2.3110635730454563,-4.501726893628744,3.1187227847572485,2.191073946235713,-4.501726893628744,-4.501726893628744,-4.501726893628744,3.5563953497576515,-1.1719963543512542,-4.501726893628744,-4.501726893628744,3.0473612692329235,3.0846880778499486,3.5885800463056894,5.306407343917131,-4.501726893628744,3.9354824445565235,-1.2092026258381665,2.1283112442354275,-4.501726893628744,-4.501726893628744,-4.501726893628744,-4.501726893628744,-4.501726893628744
1_4_W10,-4.167219107973869,3.038769804468692,5.396557772105506,-4.167219107973869,-4.167219107973869,4.993243268311381,-4.167219107973869,6.209190840152698,3.3554336333500547,2.8259914743583314,-4.167219107973869,4.3977800419570565,-4.167219107973869,-4.167219107973869,-4.167219107973869,0.5264585497937961,-4.167219107973869,-4.167219107973869,2.427680257239502,-4.167219107973869,-4.167219107973869,-4.167219107973869,3.9925281867538835,-4.167219107973869,3.8249417153492775,5.4416538136625086,-4.167219107973869,2.7124435374526428,6.56232900946306,-4.167219107973869,6.462660861919597,-4.167219107973869,1.7493236160935206,-4.167219107973869,5.168969091837577,5.354608270637541,-4.167219107973869,-4.167219107973869,-4.167219107973869,1.4667860693712562,7.559122198768209,2.1283570088996413,-4.167219107973869,4.288703296770639,5.450823626465086,-4.167219107973869,5.074120343326254,5.947872680081595,-4.167219107973869,0.7428416561715547,4.308993823067003,6.083230345822802,3.9638802146604926,-4.167219107973869,-4.167219107973869,-4.167219107973869,1.3396408565451186,8.281006347491019,-4.167219107973869,2.8059137410830814,1.7344906985982176,7.043144153483587,4.468245209666091,-4.167219107973869,-4.167219107973869,2.7257156924269816,-4.167219107973869,0.17905555134654882,-2.166799775857138,-4.167219107973869,-4.167219107973869,-4.167219107973869,-4.167219107973869,3.3685587806781054,4.316292625689544,-4.167219107973869,-4.167219107973869,-4.167219107973869,6.709461732683328,-4.167219107973869,-4.167219107973869,-4.167219107973869,-4.167219107973869,5.303108586282151,-4.167219107973869,-4.167219107973869,-4.167219107973869,6.29579905233829,7.491836516395448,-4.167219107973869,4.7583667964238625,2.627153286558828,1.750156671931153,5.372856542695407,-4.167219107973869
1_4_W2,2.166415916508879,0.6847910056959368,5.524587660019793,-4.024663656533312,-4.024663656533312,4.014962539337527,-4.024663656533312,6.461186044588816,-0.3840721991680649,1.8483042349088432,-4.024663656533312,2.0105472508685045,-4.024663656533312,-4.024663656533312,-4.024663656533312,-4.024663656533312,-4.024663656533312,-4.024663656533312,3.0008136227938564,-4.024663656533312,-4.024663656533312,-4.024663656533312,3.514808937658729,-4.024663656533312,4.457103883690598,5.406623691032475,-4.024663656533312,1.4080987957946078,6.338958947624244,-4.024663656533312,6.766966148845871,-4.024663656533312,1.0205621271931964,-4.024663656533312,5.005660376291077,4.766101363836095,-4.024663656533312,-4.024663656533312,-4.024663656533312,-4.024663656533312,7.777150631887293,1.9262375637581561,-4.024663656533312,4.350523383660469,6.143807080939317,-4.024663656533312,5.41984724386153,6.734993122507668,-4.024663656533312,5.101996747089249,3.917698289464136,5.678637145907166,4.136520212657877,-4.024663656533312,-4.024663656533312,-4.024663656533312,-4.024663656533312,8.642421471291366,-4.024663656533312,2.740257754930817,-4.024663656533312,7.005597207452764,4.691179904702879,-4.024663656533312,-4.024663656533312,3.896150817105503,4.288129211790261,-0.5088284937189034,-1.7817321628943983,-4.024663656533312,-4.024663656533312,-4.024663656533312,-4.024663656533312,3.5334820122323034,3.7375144121608654,-4.024663656533312,-4.024663656533312,-4.024663656533312,6.651564973680218,-4.024663656533312,-4.024663656533312,0.5854091988231218,-4.024663656533312,4.417466561027258,-4.024663656533312,-4.024663656533312,2.014024116794703,4.730260553406107,7.6211080310795865,-4.024663656533312,4.192705818975163,2.3379428135272544,1.0358436091785137,4.128862276265925,-4.024663656533312
1_4_W6,-3.6920845444508448,-3.6920845444508448,4.981153656447231,-3.6920845444508448,-3.6920845444508448,5.759587890990208,-3.6920845444508448,6.048564742912919,-3.6920845444508448,4.68026104996592,-3.6920845444508448,5.558615419618007,2.6121051005645732,-3.6920845444508448,-3.6920845444508448,-3.6920845444508448,-3.6920845444508448,-3.6920845444508448,3.5167734175591043,-3.6920845444508448,-3.6920845444508448,-3.6920845444508448,5.267450582657862,-3.6920845444508448,5.6184647630311995,6.211245282494655,-3.6920845444508448,-3.6920845444508448,6.210708231000144,-3.6920845444508448,5.575602142617239,-3.6920845444508448,-3.6920845444508448,-3.6920845444508448,4.184611388852534,4.967805454255002,-3.6920845444508448,-3.6920845444508448,-3.6920845444508448,-3.6920845444508448,7.102873434910322,0.818017294364271,-3.6920845444508448,3.8042508027911452,4.536700404940408,-3.6920845444508448,5.119809259527038,6.1610465810232995,-3.6920845444508448,-3.6920845444508448,4.309516289485651,5.7044142241531715,3.3348043235995934,-3.6920845444508448,-3.6920845444508448,-3.6920845444508448,-3.6920845444508448,8.741308817324617,-3.6920845444508448,3.5986031665287053,3.5726837709666768,6.853107655953204,4.640915893388819,-3.6920845444508448,-3.6920845444508448,-3.6920845444508448,-3.6920845444508448,4.1141750604577325,3.993956558799302,-3.6920845444508448,1.7014571471830227,-3.6920845444508448,-3.6920845444508448,4.762000933854364,5.067796028433625,-3.6920845444508448,-3.6920845444508448,-3.6920845444508448,8.994737057470404,-3.6920845444508448,-3.6920845444508448,-3.6920845444508448,4.427333316847907,6.883232349210099,-3.6920845444508448,-3.6920845444508448,-3.6920845444508448,5.053720374981047,7.126151620115294,-3.6920845444508448,4.671300661433782,6.777787794085517,-3.6920845444508448,-3.6920845444508448,-3.6920845444508448
1_9_W10,-5.514705286472767,1.0691040939673817,2.6755891253532225,3.4037557393031674,-5.514705286472767,4.762214215234145,2.328993310920109,4.517981807674438,2.0742642021397453,-5.514705286472767,3.419241183915159,-5.514705286472767,-5.514705286472767,-5.514705286472767,-5.514705286472767,-5.514705286472767,4.9354495078303735,-5.514705286472767,4.007823364678618,-5.514705286472767,-5.514705286472767,1.721186047250277,4.759426545289283,3.4898565195872564,5.782821109106549,5.9982401218224535,2.139082282473006,3.526017363772424,1.4862287388992081,-5.514705286472767,3.8399966059571184,-5.514705286472767,0.4989903337246435,-5.514705286472767,4.576005985976536,3.0261179131741436,0.4754046642799743,2.435166647076432,-5.514705286472767,-5.514705286472767,-5.514705286472767,-2.9661422346253374,0.7742035616467406,3.353846147329204,3.9932916142217447,2.712593432761129,2.77070608208854,4.2414229689996334,1.476751555977601,0.8317134602206799,4.298911700660695,4.567678909021344,1.593289797683723,6.149678154550522,1.2131256511674655,-5.514705286472767,2.9348118899956486,6.375044760674974,-5.514705286472767,1.4226097206298034,0.10990206687064585,5.3968910576985945,1.0159872215869523,0.33395097864747747,1.9223566121252444,0.6910909595823087,-5.514705286472767,-5.514705286472767,-2.120013486062584,-5.514705286472767,-5.514705286472767,2.5211055524255697,3.4009105038648304,3.743588008900886,3.522574129787076,-5.514705286472767,-5.514705286472767,-5.514705286472767,-5.514705286472767,-1.5372149338568466,4.070944962576833,3.5347966952102583,4.000784117649145,-5.514705286472767,3.357532906637938,4.84207160346201,-5.514705286472767,-5.514705286472767,4.356048072101194,-5.514705286472767,-5.514705286472767,2.7064927957010276,5.365306680427447,1.5622709853132282,0.9806970740688348
1_9_W14,-5.12897055513614,2.645851886904575,3.9772900691087996,-0.8602063889537082,-5.12897055513614,3.9386232612280034,2.0581511454535484,4.404841613637654,3.6639335985466452,-5.12897055513614,0.6313072238354209,-5.12897055513614,-5.12897055513614,-5.12897055513614,-5.12897055513614,-5.12897055513614,4.145412394136267,-5.12897055513614,3.174579672162265,-5.12897055513614,-5.12897055513614,-0.0561185787145817,4.955454409323661,2.1674890708106753,4.937393977904097,5.655347971296926,2.327264512552534,3.118471732381785,5.8060101238865585,-5.12897055513614,4.949158654200925,3.3127349654321003,0.27394908078760416,-5.12897055513614,5.121842125457052,3.811192037748084,-5.12897055513614,0.13954141207294235,-5.12897055513614,-5.12897055513614,-5.12897055513614,0.6355031609757535,-5.12897055513614,3.8134494436081825,5.295570848878744,3.5446370358825963,3.903271259606659,5.366927884309512,2.0918204017947595,1.7315914521804308,3.1276536632305447,5.3612853854277,3.154548566267695,5.9011278452726845,-5.12897055513614,-5.12897055513614,2.591374116860787,7.48340925070343,-5.12897055513614,1.3859603533995832,0.1405986400703565,6.2289862083503,2.2908962964497084,1.9499285954859493,1.9763127826819433,2.307492425972322,-1.5508561707010653,-5.12897055513614,-0.19529477038636323,-5.12897055513614,-5.12897055513614,2.781593222000742,3.840814413049973,3.1977513469917973,3.288641594156254,-5.12897055513614,-5.12897055513614,-5.12897055513614,-5.12897055513614,-0.7060022650745399,-5.12897055513614,-0.02758578652352739,-5.12897055513614,-5.12897055513614,4.628973214989068,5.1229949396449275,-5.12897055513614,-5.12897055513614,5.579055995574485,-5.12897055513614,-5.12897055513614,0.963682794161282,2.9373582194916343,4.143436227781245,0.9275448659989518
1_9_W18,-4.894437039042993,1.4450239802793599,3.1765750562429567,-0.3810933099024236,-4.894437039042993,1.691713775745293,1.4026912685026085,4.484746862854999,2.437064062825657,-4.894437039042993,1.8153905125149503,-4.894437039042993,-4.894437039042993,-4.894437039042993,-4.894437039042993,-4.894437039042993,5.319077917372708,-4.894437039042993,3.706440966305811,-4.894437039042993,-4.894437039042993,-4.894437039042993,5.748641565441742,3.9853555011457162,5.235978679477382,6.421278972458102,3.0886869394406533,2.9759775693133346,6.460908924861371,-4.894437039042993,5.111079280916137,4.295657879632673,1.0518789588803052,-4.894437039042993,5.374476510766967,4.555218012071495,-4.894437039042993,-2.999409007936677,-4.894437039042993,-4.894437039042993,-1.3291037088763833,0.6605575150565848,-4.894437039042993,4.071424402569854,5.899565556567035,4.105606225741367,4.110504050577925,5.923915847500563,1.906993490846438,4.133661877667504,4.734299490351107,5.069719130201499,3.781478032701453,5.396554933002475,-4.894437039042993,-4.894437039042993,2.6191697606874715,7.599558706048343,-4.894437039042993,-0.6119527237437055,1.8183012608664564,6.098257233999565,2.1916727308305664,1.895196740913784,2.879887479160897,2.370042357211932,1.8208082887525645,-4.894437039042993,-4.894437039042993,-4.894437039042993,-4.894437039042993,3.88742790799596,3.3389689834253726,3.514693838007881,3.3592916914651267,-4.894437039042993,-4.894437039042993,-4.894437039042993,-4.894437039042993,-4.894437039042993,-4.894437039042993,3.4428493937206133,-4.894437039042993,-4.894437039042993,-4.894437039042993,-4.894437039042993,-4.894437039042993,-4.894437039042993,5.671143291570574,-4.894437039042993,-4.894437039042993,3.0553520266717147,4.837582335162439,3.1921794674886756,3.0340760293211293
1_9_W2,-5.18770317437548,0.5467990348237333,3.1318577357969453,2.2433319524677104,-5.18770317437548,4.025265783686587,1.3220607238604245,4.817616493668593,1.5013448208481375,-5.18770317437548,2.1419003059082042,-5.18770317437548,-5.18770317437548,-5.18770317437548,-5.18770317437548,-5.18770317437548,3.813513736923503,-5.18770317437548,2.621821547299846,-5.18770317437548,-5.18770317437548,-5.18770317437548,3.883519045682604,2.750080809951357,3.7394123176735965,5.350557513383689,-0.29200937511548375,2.106436846141828,3.9976447835252804,-5.18770317437548,5.7928825598267535,-5.18770317437548,-1.177540179611979,-5.18770317437548,4.605297090875119,3.2906548319543916,-5.18770317437548,-1.053082823400926,-5.18770317437548,-5.18770317437548,-5.18770317437548,-0.2950941009381367,-1.253126397950588,2.9467759246153804,4.92442580145099,2.35954978393074,2.5464261137686073,5.1379413108044965,1.4894870447636661,2.140954533243371,4.301562716998305,4.663809593798836,2.473834097680684,7.390478797922869,-5.18770317437548,6.023668248855282,1.7985362529445315,6.563723395980273,-5.18770317437548,-0.5309243098951129,0.23448913232391355,5.99820115983528,1.3206801888427906,0.7527075750061352,3.7185736884503955,1.6464729341006148,2.208505801485104,-5.18770317437548,-5.18770317437548,-5.18770317437548,-5.18770317437548,0.08039247560349239,1.6535403255318553,3.444059925961338,2.7837278421587213,-5.18770317437548,-5.18770317437548,-5.18770317437548,-5.18770317437548,-5.18770317437548,5.281593626342236,2.1298083527264184,-5.18770317437548,-0.293550548585614,3.536932075943718,4.358232544973427,2.7251085514472972,2.790175200645918,5.4227007233532465,-5.18770317437548,-5.18770317437548,2.131856594614442,3.0734006957726816,3.255758994444741,1.0994425292679049
1_9_W24,-5.03369251832706,1.8504497503782753,2.893536525999103,2.639877624043428,-5.03369251832706,4.242084790820461,0.63600810824469,4.248356903833255,2.6506308390235107,-5.03369251832706,1.0249810675990245,-5.03369251832706,-5.03369251832706,-5.03369251832706,-5.03369251832706,-5.03369251832706,2.63752040045848,-5.03369251832706,3.518777100403888,-5.03369251832706,-5.03369251832706,0.05268141829895079,4.098386121927049,2.5483115728139945,4.960778347771095,5.671020497860572,-5.03369251832706,2.064778975584308,7.245249132213728,-5.03369251832706,5.45137913337031,3.764069240080638,-0.9255150724120327,-5.03369251832706,4.2572153181886705,2.861177467638151,-5.03369251832706,-5.03369251832706,-5.03369251832706,-5.03369251832706,-5.03369251832706,0.3447168928104336,-5.03369251832706,4.043758521223299,4.82666155990716,3.7447431932527273,3.36173474332659,5.02626331764852,0.39630402600857195,-0.2500857759998709,3.590411248328812,4.733620966992302,2.992329541374051,6.570909812133849,2.617428439599683,5.651595349594541,2.1522195600213196,7.215065548928739,-5.03369251832706,0.6665456200773487,-0.9832055797062011,6.094672118608113,2.2582162235887555,1.6366709698373594,0.33801726613324945,2.310723965581637,0.8962582266856325,-5.03369251832706,-1.5582227729433136,-5.03369251832706,-5.03369251832706,1.1139095059800344,3.1406357384901193,2.3236618926418497,3.3272016111062293,-5.03369251832706,-5.03369251832706,-5.03369251832706,-5.03369251832706,-5.03369251832706,5.389051854682484,0.48344084787804675,4.545810660725738,-5.03369251832706,-5.03369251832706,-2.090215844824124,1.2966112574197073,-5.03369251832706,4.813886060818888,-5.03369251832706,-5.03369251832706,1.9295586214106146,2.896589204550505,2.203838801353908,2.7024571637326265
1_9_W6,-4.7398021532917305,-4.7398021532917305,5.086633147667894,6.9733436219959914,1.6320572301468932,1.9723264677238772,2.4647038270851294,5.8821355563680635,-4.7398021532917305,5.374769736439163,3.833683133403527,-4.7398021532917305,7.136383220157794,-4.7398021532917305,-4.7398021532917305,-4.7398021532917305,-4.7398021532917305,-4.7398021532917305,2.935513575737647,-4.7398021532917305,-4.7398021532917305,-4.7398021532917305,-4.7398021532917305,4.692583656241152,6.10116167745106,-4.7398021532917305,4.81661186234466,3.789000097548631,-4.7398021532917305,-4.7398021532917305,4.741320301540763,-4.7398021532917305,2.497248560448951,3.9805914854917406,5.863571728136993,2.5556586538221495,-0.3601255893489821,0.22224899820560928,-4.7398021532917305,4.77361804219515,-4.7398021532917305,-4.7398021532917305,-4.7398021532917305,-4.7398021532917305,4.615330419471768,-4.7398021532917305,-4.7398021532917305,-4.7398021532917305,5.024829283957785,0.5071018244650887,5.113835749653029,5.98679418840559,-4.7398021532917305,-4.7398021532917305,5.6794986517145585,1.2314272269645476,-4.7398021532917305,6.428828460179368,-4.7398021532917305,-4.7398021532917305,2.7478721443653322,4.5644088947463555,4.039451901081482,5.003829995480737,-4.7398021532917305,-4.7398021532917305,0.19078153553522093,4.4273679817283105,1.580754350343513,3.7654390042084627,3.4058424380152195,-4.7398021532917305,4.874611183326034,5.751833618486648,4.186810743143923,-4.7398021532917305,-4.7398021532917305,-4.7398021532917305,-4.7398021532917305,-4.7398021532917305,2.066301871430146,-4.7398021532917305,4.807225907684926,4.866335987972448,5.4561570118285685,6.635026170413433,1.5937197604669784,5.094029262478342,-4.7398021532917305,2.779784052353132,-4.7398021532917305,0.929437826404353,3.491786154435176,-4.7398021532917305,-4.7398021532917305
SGP007146,2.8953877104258368,-1.0667453685725512,-1.0667453685725512,-1.0667453685725512,-1.0667453685725512,-1.0667453685725512,-1.0667453685725512,1.9562797986609102,-1.0667453685725512,-1.0667453685725512,-1.0667453685725512,-1.0667453685725512,-1.0667453685725512,-1.0667453685725512,-1.0667453685725512,-1.0667453685725512,-1.0667453685725512,-1.0667453685725512,-1.0667453685725512,-1.0667453685725512,-1.0667453685725512,-1.0667453685725512,-1.0667453685725512,-1.0667453685725512,-1.0667453685725512,-1.0667453685725512,-1.0667453685725512,-1.0667453685725512,-1.0667453685725512,-1.0667453685725512,2.5669012409454393,-1.0667453685725512,-1.0667453685725512,-1.0667453685725512,-1.0667453685725512,1.432504360340813,-1.0667453685725512,-1.0667453685725512,-1.0667453685725512,-1.0667453685725512,3.077944995577626,-1.0667453685725512,-1.0667453685725512,-1.0667453685725512,-1.0667453685725512,-1.0667453685725512,-1.0667453685725512,-1.0667453685725512,-1.0667453685725512,12.096722695642303,-1.0667453685725512,-1.0667453685725512,-1.0667453685725512,4.023788001149729,-1.0667453685725512,-1.0667453685725512,-1.0667453685725512,3.914917331850784,-1.0667453685725512,-1.0667453685725512,-1.0667453685725512,-1.0667453685725512,-1.0667453685725512,-1.0667453685725512,-1.0667453685725512,-1.0667453685725512,-1.0667453685725512,-1.0667453685725512,-1.0667453685725512,-1.0667453685725512,-1.0667453685725512,-1.0667453685725512,-1.0667453685725512,-1.0667453685725512,-1.0667453685725512,-1.0667453685725512,-1.0667453685725512,8.788847384996465,-1.0667453685725512,11.931528524992467,-1.0667453685725512,-1.0667453685725512,-1.0667453685725512,-1.0667453685725512,-1.0667453685725512,4.304451578948928,1.6173118312757353,-1.0667453685725512,-1.0667453685725512,-1.0667453685725512,-1.0667453685725512,6.27273718518767,6.173892675996187,8.50382786304409,4.71584093819407
SGP007155,12.666642459986162,-1.088763353501033,-1.088763353501033,-1.088763353501033,-1.088763353501033,-1.088763353501033,-1.088763353501033,0.33766936410617987,-1.088763353501033,-1.088763353501033,-1.088763353501033,-1.088763353501033,-1.088763353501033,-1.088763353501033,-1.088763353501033,-1.088763353501033,-1.088763353501033,-1.088763353501033,-1.088763353501033,-1.088763353501033,-1.088763353501033,-1.088763353501033,3.2285206582706216,-1.088763353501033,-1.088763353501033,-1.088763353501033,-1.088763353501033,-1.088763353501033,3.217096027204697,-1.088763353501033,1.92421784557523,-1.088763353501033,-1.088763353501033,-1.088763353501033,0.9978710583242201,0.7979314048854267,-1.088763353501033,-1.088763353501033,-1.088763353501033,-1.088763353501033,2.89445889154422,-1.088763353501033,-1.088763353501033,-1.088763353501033,-1.088763353501033,-1.088763353501033,-1.088763353501033,-1.088763353501033,-1.088763353501033,2.512753973783525,-1.088763353501033,-1.088763353501033,-1.088763353501033,3.8208280147109424,-1.088763353501033,-1.088763353501033,-1.088763353501033,3.6510316714836435,-1.088763353501033,-1.088763353501033,-1.088763353501033,-1.088763353501033,-1.088763353501033,-1.088763353501033,-1.088763353501033,-1.088763353501033,-1.088763353501033,-1.088763353501033,-1.088763353501033,-1.088763353501033,-1.088763353501033,-1.088763353501033,-1.088763353501033,-1.088763353501033,-1.088763353501033,-1.088763353501033,-1.088763353501033,8.383185705160773,-1.088763353501033,4.8480109048233455,-1.088763353501033,-1.088763353501033,-1.088763353501033,-1.088763353501033,-1.088763353501033,3.434571077466103,-1.088763353501033,-1.088763353501033,-1.088763353501033,-1.088763353501033,-1.088763353501033,7.493454964921151,8.103416552131641,9.130708112237608,6.392409532962333
SGP007163,-0.8121677725778049,-0.8121677725778049,-0.8121677725778049,-0.8121677725778049,-0.8121677725778049,-0.8121677725778049,-0.8121677725778049,-0.8121677725778049,-0.8121677725778049,-0.8121677725778049,-0.8121677725778049,-0.8121677725778049,-0.8121677725778049,-0.8121677725778049,-0.8121677725778049,-0.8121677725778049,-0.8121677725778049,-0.8121677725778049,-0.8121677725778049,-0.8121677725778049,-0.8121677725778049,-0.8121677725778049,-0.8121677725778049,-0.8121677725778049,-0.8121677725778049,-0.8121677725778049,-0.8121677725778049,-0.8121677725778049,-0.8121677725778049,-0.8121677725778049,3.832608088444971,-0.8121677725778049,-0.8121677725778049,-0.8121677725778049,-0.8121677725778049,-0.8121677725778049,-0.8121677725778049,-0.8121677725778049,-0.8121677725778049,-0.8121677725778049,-0.8121677725778049,-0.8121677725778049,-0.8121677725778049,-0.8121677725778049,-0.8121677725778049,-0.8121677725778049,-0.8121677725778049,-0.8121677725778049,-0.8121677725778049,-0.8121677725778049,-0.8121677725778049,-0.8121677725778049,-0.8121677725778049,-0.8121677725778049,-0.8121677725778049,-0.8121677725778049,-0.8121677725778049,-0.8121677725778049,-0.8121677725778049,-0.8121677725778049,-0.8121677725778049,-0.8121677725778049,-0.8121677725778049,-0.8121677725778049,8.172178916087834,-0.8121677725778049,8.507782277340366,-0.8121677725778049,-0.8121677725778049,-0.8121677725778049,-0.8121677725778049,-0.8121677725778049,-0.8121677725778049,-0.8121677725778049,-0.8121677725778049,-0.8121677725778049,-0.8121677725778049,-0.8121677725778049,12.925479944375756,-0.8121677725778049,-0.8121677725778049,-0.8121677725778049,-0.8121677725778049,-0.8121677725778049,-0.8121677725778049,3.1772163874224706,-0.8121677725778049,-0.8121677725778049,-0.8121677725778049,-0.8121677725778049,-0.8121677725778049,8.386781393988027,9.199895721535182,9.186964002432996,6.45752171006093
SGP007172,-1.1612969793517536,-1.1612969793517536,-1.1612969793517536,-1.1612969793517536,-1.1612969793517536,-1.1612969793517536,-1.1612969793517536,-1.1612969793517536,-1.1612969793517536,-1.1612969793517536,-1.1612969793517536,-1.1612969793517536,-1.1612969793517536,-1.1612969793517536,-1.1612969793517536,-1.1612969793517536,-1.1612969793517536,-1.1612969793517536,-1.1612969793517536,-1.1612969793517536,-1.1612969793517536,-1.1612969793517536,-1.1612969793517536,-1.1612969793517536,-1.1612969793517536,-1.1612969793517536,-1.1612969793517536,-1.1612969793517536,3.084311544699027,2.1818904805222505,3.7778193751471196,-1.1612969793517536,-1.1612969793517536,-1.1612969793517536,-1.1612969793517536,4.606344401481344,-1.1612969793517536,-1.1612969793517536,-1.1612969793517536,-1.1612969793517536,3.9751311292164697,-1.1612969793517536,-1.1612969793517536,-1.1612969793517536,-1.1612969793517536,-1.1612969793517536,-1.1612969793517536,-1.1612969793517536,-1.1612969793517536,5.706155810613548,-1.1612969793517536,2.7369578372989523,-1.1612969793517536,-1.1612969793517536,-1.1612969793517536,-1.1612969793517536,-1.1612969793517536,4.840949572547268,-1.1612969793517536,-1.1612969793517536,-1.1612969793517536,2.8284812574254943,-1.1612969793517536,-1.1612969793517536,6.994933788824446,-1.1612969793517536,2.8572177332672055,-1.1612969793517536,-1.1612969793517536,-1.1612969793517536,-1.1612969793517536,-1.1612969793517536,-1.1612969793517536,-1.1612969793517536,-1.1612969793517536,-1.1612969793517536,-1.1612969793517536,-1.1612969793517536,5.75887232935686,-1.1612969793517536,-1.1612969793517536,-1.1612969793517536,-1.1612969793517536,-1.1612969793517536,-1.1612969793517536,4.908737748934293,-1.1612969793517536,-1.1612969793517536,-1.1612969793517536,-1.1612969793517536,-1.1612969793517536,7.625436112170723,9.47040339175535,12.594925537683725,6.6325963384910045
SGP007181,-0.4644974224314762,-0.4644974224314762,-0.4644974224314762,-0.4644974224314762,-0.4644974224314762,-0.4644974224314762,-0.4644974224314762,-0.4644974224314762,-0.4644974224314762,-0.4644974224314762,-0.4644974224314762,-0.4644974224314762,-0.4644974224314762,-0.4644974224314762,-0.4644974224314762,-0.4644974224314762,-0.4644974224314762,-0.4644974224314762,-0.4644974224314762,-0.4644974224314762,-0.4644974224314762,-0.4644974224314762,-0.4644974224314762,-0.4644974224314762,-0.4644974224314762,-0.4644974224314762,-0.4644974224314762,-0.4644974224314762,-0.4644974224314762,-0.4644974224314762,-0.4644974224314762,9.945955411941156,-0.4644974224314762,-0.4644974224314762,-0.4644974224314762,8.923394916087943,-0.4644974224314762,-0.4644974224314762,-0.4644974224314762,-0.4644974224314762,-0.4644974224314762,-0.4644974224314762,-0.4644974224314762,-0.4644974224314762,-0.4644974224314762,-0.4644974224314762,-0.4644974224314762,-0.4644974224314762,-0.4644974224314762,-0.4644974224314762,-0.4644974224314762,-0.4644974224314762,-0.4644974224314762,10.138154272986949,-0.4644974224314762,-0.4644974224314762,-0.4644974224314762,-0.4644974224314762,-0.4644974224314762,-0.4644974224314762,-0.4644974224314762,-0.4644974224314762,-0.4644974224314762,-0.4644974224314762,-0.4644974224314762,-0.4644974224314762,-0.4644974224314762,-0.4644974224314762,-0.4644974224314762,-0.4644974224314762,-0.4644974224314762,-0.4644974224314762,-0.4644974224314762,-0.4644974224314762,-0.4644974224314762,-0.4644974224314762,-0.4644974224314762,-0.4644974224314762,-0.4644974224314762,-0.4644974224314762,-0.4644974224314762,-0.4644974224314762,-0.4644974224314762,-0.4644974224314762,-0.4644974224314762,-0.4644974224314762,-0.4644974224314762,-0.4644974224314762,-0.4644974224314762,-0.4644974224314762,-0.4644974224314762,-0.4644974224314762,-0.4644974224314762,13.261760840245392,-0.4644974224314762
SGP007187,12.50282355451956,-1.261359677805567,-1.261359677805567,-1.261359677805567,-1.261359677805567,-1.261359677805567,-1.261359677805567,2.8700470311558455,-1.261359677805567,-1.261359677805567,-1.261359677805567,-1.261359677805567,-1.261359677805567,-1.261359677805567,-1.261359677805567,-1.261359677805567,-1.261359677805567,-1.261359677805567,-1.261359677805567,-1.261359677805567,-1.261359677805567,-1.261359677805567,-1.261359677805567,-1.261359677805567,-1.261359677805567,-1.261359677805567,-1.261359677805567,-1.261359677805567,-1.261359677805567,-1.261359677805567,3.0452476916417,3.458551346573948,-1.261359677805567,-1.261359677805567,-1.261359677805567,3.168386678329828,-1.261359677805567,-1.261359677805567,-1.261359677805567,-1.261359677805567,-1.261359677805567,-1.261359677805567,-1.261359677805567,-1.261359677805567,2.557963807661329,-1.261359677805567,-1.261359677805567,3.440397585559202,-1.261359677805567,-1.261359677805567,-1.261359677805567,2.145332228501223,-1.261359677805567,3.8478305588184334,-1.261359677805567,-1.261359677805567,-1.261359677805567,4.1945547907223,-1.261359677805567,-1.261359677805567,-1.261359677805567,2.2921139491650493,-1.261359677805567,-1.261359677805567,3.01512884021464,-1.261359677805567,-1.261359677805567,-1.261359677805567,-1.261359677805567,-1.261359677805567,-1.261359677805567,-1.261359677805567,-1.261359677805567,-1.261359677805567,-1.261359677805567,-1.261359677805567,-1.261359677805567,8.881510320090538,8.336171206290642,5.802454958144043,-1.261359677805567,-1.261359677805567,-1.261359677805567,-1.261359677805567,-1.261359677805567,3.731632457498364,-1.261359677805567,-1.261359677805567,3.148516355735774,-1.261359677805567,-1.261359677805567,7.137626781519711,6.666122033968415,4.359563659305314,-1.261359677805567
SGP007195,-0.8866486660423405,-0.8866486660423405,-0.8866486660423405,-0.8866486660423405,-0.8866486660423405,-0.8866486660423405,-0.8866486660423405,-0.8866486660423405,-0.8866486660423405,-0.8866486660423405,-0.8866486660423405,-0.8866486660423405,-0.8866486660423405,-0.8866486660423405,-0.8866486660423405,-0.8866486660423405,-0.8866486660423405,-0.8866486660423405,-0.8866486660423405,-0.8866486660423405,-0.8866486660423405,-0.8866486660423405,-0.8866486660423405,-0.8866486660423405,-0.8866486660423405,-0.8866486660423405,-0.8866486660423405,-0.8866486660423405,-0.8866486660423405,-0.8866486660423405,5.104772665931506,5.610430946577386,-0.8866486660423405,-0.8866486660423405,-0.8866486660423405,4.79527820635602,-0.8866486660423405,-0.8866486660423405,-0.8866486660423405,-0.8866486660423405,2.115528207435876,-0.8866486660423405,-0.8866486660423405,-0.8866486660423405,-0.8866486660423405,-0.8866486660423405,-0.8866486660423405,5.688250546392125,-0.8866486660423405,-0.8866486660423405,-0.8866486660423405,-0.8866486660423405,-0.8866486660423405,2.8990913808190673,-0.8866486660423405,-0.8866486660423405,-0.8866486660423405,5.056626546242008,-0.8866486660423405,-0.8866486660423405,-0.8866486660423405,-0.8866486660423405,-0.8866486660423405,-0.8866486660423405,-0.8866486660423405,-0.8866486660423405,-0.8866486660423405,-0.8866486660423405,-0.8866486660423405,-0.8866486660423405,-0.8866486660423405,-0.8866486660423405,-0.8866486660423405,-0.8866486660423405,-0.8866486660423405,-0.8866486660423405,-0.8866486660423405,-0.8866486660423405,-0.8866486660423405,-0.8866486660423405,-0.8866486660423405,-0.8866486660423405,-0.8866486660423405,-0.8866486660423405,-0.8866486660423405,3.128590379535284,-0.8866486660423405,-0.8866486660423405,3.530665948923888,-0.8866486660423405,-0.8866486660423405,7.970092801469842,7.706179033403011,12.912489243171192,6.1871947092124655
SGP007199,-4.010790261103594,2.2709914597770826,3.815996447184861,2.600228605205851,1.6912837332538242,3.1994820377972886,-4.010790261103594,6.862629412515245,3.317546004967009,-4.010790261103594,-4.010790261103594,-4.010790261103594,1.1180222237788957,-4.010790261103594,-4.010790261103594,-4.010790261103594,-4.010790261103594,0.8283836130028615,1.831252099898176,-4.010790261103594,-4.010790261103594,-4.010790261103594,2.6977937997422714,2.1238126188190805,3.7860499964119976,3.162366918400478,-4.010790261103594,2.0541359555042487,1.503858495850876,-4.010790261103594,6.803365973469088,7.740682573899322,-4.010790261103594,-4.010790261103594,4.965140386681152,4.354962710100562,-4.010790261103594,-4.010790261103594,-4.010790261103594,-1.3375226380674334,-4.010790261103594,-4.010790261103594,-4.010790261103594,-4.010790261103594,1.1690847979494485,-4.010790261103594,5.39101405133388,7.180887831900634,4.435329811095195,-4.010790261103594,-4.010790261103594,6.798495814566939,3.7356819238261485,7.699710014643622,4.136196044884815,1.1232474229750338,2.7500981417034884,4.356633466412699,-4.010790261103594,4.663960727447971,2.018586373265723,3.48922378879349,2.059258857699872,3.4835212415312506,-4.010790261103594,-4.010790261103594,4.49709736969463,3.088487474979524,-4.010790261103594,-4.010790261103594,-4.010790261103594,-4.010790261103594,-0.955335131505846,-4.010790261103594,-4.010790261103594,-4.010790261103594,-4.010790261103594,-4.010790261103594,-4.010790261103594,-0.3928497268827158,-4.010790261103594,2.342585213501038,4.004099991989745,1.9033627477308483,-4.010790261103594,8.866429236294758,1.6737821872709553,-4.010790261103594,5.40750084450173,2.930816938987494,-4.010790261103594,2.3764543964932034,4.179277062159138,6.671670145120325,-4.010790261103594
SGP007208,-1.0920018239920974,-1.0920018239920974,-1.0920018239920974,-1.0920018239920974,-1.0920018239920974,-1.0920018239920974,-1.0920018239920974,-1.0920018239920974,-1.0920018239920974,-1.0920018239920974,-1.0920018239920974,-1.0920018239920974,-1.0920018239920974,-1.0920018239920974,-1.0920018239920974,-1.0920018239920974,-1.0920018239920974,-1.0920018239920974,-1.0920018239920974,-1.0920018239920974,-1.0920018239920974,-1.0920018239920974,-1.0920018239920974,-1.0920018239920974,-1.0920018239920974,-1.0920018239920974,-1.0920018239920974,-1.0920018239920974,5.786077762907321,-1.0920018239920974,5.168953809884083,-1.0920018239920974,-1.0920018239920974,-1.0920018239920974,-1.0920018239920974,2.553408211746996,-1.0920018239920974,-1.0920018239920974,-1.0920018239920974,-1.0920018239920974,4.7196290439270285,-1.0920018239920974,-1.0920018239920974,-1.0920018239920974,-1.0920018239920974,-1.0920018239920974,-1.0920018239920974,-1.0920018239920974,-1.0920018239920974,11.658491110398584,-1.0920018239920974,-1.0920018239920974,-1.0920018239920974,5.171359268139526,-1.0920018239920974,-1.0920018239920974,-1.0920018239920974,-1.0920018239920974,-1.0920018239920974,-1.0920018239920974,-1.0920018239920974,-1.0920018239920974,-1.0920018239920974,-1.0920018239920974,3.9702253284317433,-1.0920018239920974,-1.0920018239920974,-1.0920018239920974,-1.0920018239920974,-1.0920018239920974,-1.0920018239920974,-1.0920018239920974,-1.0920018239920974,-1.0920018239920974,-1.0920018239920974,-1.0920018239920974,-1.0920018239920974,12.118045039441729,-1.0920018239920974,8.465411106570775,-1.0920018239920974,-1.0920018239920974,-1.0920018239920974,-1.0920018239920974,-1.0920018239920974,5.154747302009267,-1.0920018239920974,-1.0920018239920974,-1.0920018239920974,-1.0920018239920974,-1.0920018239920974,9.038678315226514,10.008964902865966,-1.0920018239920974,5.730158365799805
SGP007592,12.766644001539461,-0.8659877454670113,-0.8659877454670113,-0.8659877454670113,-0.8659877454670113,4.363239334407627,-0.8659877454670113,-0.8659877454670113,-0.8659877454670113,-0.8659877454670113,-0.8659877454670113,-0.8659877454670113,-0.8659877454670113,4.141164051130199,-0.8659877454670113,-0.8659877454670113,-0.8659877454670113,-0.8659877454670113,-0.8659877454670113,-0.8659877454670113,-0.8659877454670113,-0.8659877454670113,4.360529893695034,-0.8659877454670113,5.414610515104789,5.937137642859686,-0.8659877454670113,-0.8659877454670113,-0.8659877454670113,-0.8659877454670113,-0.8659877454670113,-0.8659877454670113,7.73026992482916,-0.8659877454670113,-0.8659877454670113,-0.8659877454670113,-0.8659877454670113,-0.8659877454670113,-0.8659877454670113,-0.8659877454670113,-0.8659877454670113,-0.8659877454670113,-0.8659877454670113,-0.8659877454670113,-0.8659877454670113,-0.8659877454670113,-0.8659877454670113,-0.8659877454670113,-0.8659877454670113,-0.8659877454670113,-0.8659877454670113,-0.8659877454670113,-0.8659877454670113,-0.8659877454670113,-0.8659877454670113,-0.8659877454670113,-0.8659877454670113,3.93475588693061,-0.8659877454670113,-0.8659877454670113,-0.8659877454670113,-0.8659877454670113,-0.8659877454670113,-0.8659877454670113,-0.8659877454670113,-0.8659877454670113,-0.8659877454670113,-0.8659877454670113,-0.8659877454670113,-0.8659877454670113,-0.8659877454670113,-0.8659877454670113,-0.8659877454670113,-0.8659877454670113,-0.8659877454670113,-0.8659877454670113,-0.8659877454670113,11.074951911716818,-0.8659877454670113,7.79802899487064,-0.8659877454670113,-0.8659877454670113,-0.8659877454670113,-0.8659877454670113,-0.8659877454670113,-0.8659877454670113,-0.8659877454670113,-0.8659877454670113,-0.8659877454670113,-0.8659877454670113,-0.8659877454670113,-0.8659877454670113,5.22163846214225,-0.8659877454670113,-0.8659877454670113
SGP007597,-0.8402828569417835,-0.8402828569417835,-0.8402828569417835,-0.8402828569417835,-0.8402828569417835,-0.8402828569417835,-0.8402828569417835,-0.8402828569417835,-0.8402828569417835,-0.8402828569417835,-0.8402828569417835,-0.8402828569417835,-0.8402828569417835,-0.8402828569417835,-0.8402828569417835,-0.8402828569417835,-0.8402828569417835,-0.8402828569417835,-0.8402828569417835,-0.8402828569417835,-0.8402828569417835,-0.8402828569417835,-0.8402828569417835,-0.8402828569417835,5.857832212045221,7.189705763150729,-0.8402828569417835,-0.8402828569417835,-0.8402828569417835,-0.8402828569417835,-0.8402828569417835,-0.8402828569417835,-0.8402828569417835,-0.8402828569417835,-0.8402828569417835,-0.8402828569417835,-0.8402828569417835,-0.8402828569417835,-0.8402828569417835,-0.8402828569417835,-0.8402828569417835,-0.8402828569417835,-0.8402828569417835,-0.8402828569417835,-0.8402828569417835,-0.8402828569417835,-0.8402828569417835,-0.8402828569417835,-0.8402828569417835,-0.8402828569417835,-0.8402828569417835,-0.8402828569417835,-0.8402828569417835,-0.8402828569417835,-0.8402828569417835,-0.8402828569417835,-0.8402828569417835,-0.8402828569417835,-0.8402828569417835,-0.8402828569417835,-0.8402828569417835,-0.8402828569417835,-0.8402828569417835,-0.8402828569417835,-0.8402828569417835,-0.8402828569417835,-0.8402828569417835,-0.8402828569417835,-0.8402828569417835,-0.8402828569417835,-0.8402828569417835,-0.8402828569417835,-0.8402828569417835,-0.8402828569417835,-0.8402828569417835,-0.8402828569417835,-0.8402828569417835,10.905374720485632,-0.8402828569417835,7.426190840942523,-0.8402828569417835,-0.8402828569417835,-0.8402828569417835,-0.8402828569417835,-0.8402828569417835,-0.8402828569417835,-0.8402828569417835,-0.8402828569417835,-0.8402828569417835,-0.8402828569417835,-0.8402828569417835,9.720055666744653,10.12578417591289,12.683172889599533,9.196492285051184
SGP007605,-0.7550406979819488,-0.7550406979819488,-0.7550406979819488,-0.7550406979819488,-0.7550406979819488,5.885181574659212,-0.7550406979819488,-0.7550406979819488,-0.7550406979819488,-0.7550406979819488,-0.7550406979819488,-0.7550406979819488,-0.7550406979819488,5.774372141577739,-0.7550406979819488,-0.7550406979819488,-0.7550406979819488,-0.7550406979819488,-0.7550406979819488,-0.7550406979819488,-0.7550406979819488,-0.7550406979819488,-0.7550406979819488,-0.7550406979819488,6.355160118303198,7.3361472714468725,-0.7550406979819488,-0.7550406979819488,-0.7550406979819488,-0.7550406979819488,-0.7550406979819488,-0.7550406979819488,-0.7550406979819488,-0.7550406979819488,-0.7550406979819488,-0.7550406979819488,-0.7550406979819488,-0.7550406979819488,-0.7550406979819488,-0.7550406979819488,-0.7550406979819488,-0.7550406979819488,-0.7550406979819488,-0.7550406979819488,-0.7550406979819488,-0.7550406979819488,-0.7550406979819488,-0.7550406979819488,-0.7550406979819488,-0.7550406979819488,-0.7550406979819488,-0.7550406979819488,-0.7550406979819488,4.940701100672717,-0.7550406979819488,-0.7550406979819488,-0.7550406979819488,5.79003924972227,-0.7550406979819488,-0.7550406979819488,-0.7550406979819488,-0.7550406979819488,-0.7550406979819488,-0.7550406979819488,-0.7550406979819488,-0.7550406979819488,-0.7550406979819488,-0.7550406979819488,-0.7550406979819488,-0.7550406979819488,-0.7550406979819488,-0.7550406979819488,-0.7550406979819488,-0.7550406979819488,-0.7550406979819488,-0.7550406979819488,-0.7550406979819488,9.8290292520239,-0.7550406979819488,13.012022073159187,-0.7550406979819488,-0.7550406979819488,-0.7550406979819488,-0.7550406979819488,-0.7550406979819488,-0.7550406979819488,-0.7550406979819488,-0.7550406979819488,-0.7550406979819488,-0.7550406979819488,-0.7550406979819488,-0.7550406979819488,-0.7550406979819488,-0.7550406979819488,6.010847244879793
SGP007609,-0.7301400440101702,-0.7301400440101702,-0.7301400440101702,-0.7301400440101702,-0.7301400440101702,1.9482488774380915,-0.7301400440101702,-0.7301400440101702,-0.7301400440101702,-0.7301400440101702,-0.7301400440101702,1.7336140582945898,-0.7301400440101702,-0.7301400440101702,-0.7301400440101702,-0.7301400440101702,3.011975046767107,-0.7301400440101702,-0.7301400440101702,-0.7301400440101702,-0.7301400440101702,8.651360657201973,-0.7301400440101702,-0.7301400440101702,3.033179524041268,3.4639995099226724,-0.7301400440101702,-0.7301400440101702,-0.7301400440101702,-0.7301400440101702,-0.7301400440101702,-0.7301400440101702,7.963237319791238,-0.7301400440101702,-0.7301400440101702,-0.7301400440101702,-0.7301400440101702,-0.7301400440101702,-0.7301400440101702,-0.7301400440101702,-0.7301400440101702,-0.7301400440101702,-0.7301400440101702,-0.7301400440101702,-0.7301400440101702,-0.7301400440101702,-0.7301400440101702,-0.7301400440101702,-0.7301400440101702,12.886981441544744,-0.7301400440101702,-0.7301400440101702,-0.7301400440101702,-0.7301400440101702,-0.7301400440101702,-0.7301400440101702,-0.7301400440101702,-0.7301400440101702,-0.7301400440101702,-0.7301400440101702,-0.7301400440101702,-0.7301400440101702,-0.7301400440101702,-0.7301400440101702,-0.7301400440101702,-0.7301400440101702,-0.7301400440101702,-0.7301400440101702,-0.7301400440101702,-0.7301400440101702,-0.7301400440101702,-0.7301400440101702,-0.7301400440101702,-0.7301400440101702,-0.7301400440101702,-0.7301400440101702,-0.7301400440101702,8.149783978517185,-0.7301400440101702,11.219523327342612,-0.7301400440101702,-0.7301400440101702,-0.7301400440101702,-0.7301400440101702,-0.7301400440101702,-0.7301400440101702,-0.7301400440101702,-0.7301400440101702,-0.7301400440101702,-0.7301400440101702,-0.7301400440101702,-0.7301400440101702,-0.7301400440101702,-0.7301400440101702,-0.7301400440101702
SGP007614,-0.9726853231247663,-0.9726853231247663,-0.9726853231247663,-0.9726853231247663,-0.9726853231247663,-0.9726853231247663,-0.9726853231247663,-0.9726853231247663,-0.9726853231247663,-0.9726853231247663,-0.9726853231247663,-0.9726853231247663,7.931975471689733,-0.9726853231247663,-0.9726853231247663,-0.9726853231247663,9.191854309241071,-0.9726853231247663,-0.9726853231247663,-0.9726853231247663,-0.9726853231247663,-0.9726853231247663,-0.9726853231247663,-0.9726853231247663,8.69776737705548,9.7185957652522,-0.9726853231247663,-0.9726853231247663,-0.9726853231247663,-0.9726853231247663,-0.9726853231247663,-0.9726853231247663,-0.9726853231247663,-0.9726853231247663,-0.9726853231247663,-0.9726853231247663,-0.9726853231247663,-0.9726853231247663,-0.9726853231247663,-0.9726853231247663,-0.9726853231247663,-0.9726853231247663,-0.9726853231247663,-0.9726853231247663,-0.9726853231247663,-0.9726853231247663,-0.9726853231247663,-0.9726853231247663,-0.9726853231247663,9.872045536151912,-0.9726853231247663,-0.9726853231247663,-0.9726853231247663,-0.9726853231247663,-0.9726853231247663,-0.9726853231247663,-0.9726853231247663,-0.9726853231247663,-0.9726853231247663,-0.9726853231247663,-0.9726853231247663,-0.9726853231247663,-0.9726853231247663,-0.9726853231247663,10.759411329867582,-0.9726853231247663,-0.9726853231247663,-0.9726853231247663,-0.9726853231247663,-0.9726853231247663,-0.9726853231247663,-0.9726853231247663,-0.9726853231247663,-0.9726853231247663,5.744994625023207,-0.9726853231247663,-0.9726853231247663,-0.9726853231247663,-0.9726853231247663,-0.9726853231247663,-0.9726853231247663,-0.9726853231247663,-0.9726853231247663,-0.9726853231247663,-0.9726853231247663,-0.9726853231247663,-0.9726853231247663,-0.9726853231247663,-0.9726853231247663,-0.9726853231247663,-0.9726853231247663,-0.9726853231247663,9.243989828241876,-0.9726853231247663,12.49030354620422
SGP007619,-0.8539338475618852,-0.8539338475618852,-0.8539338475618852,-0.8539338475618852,-0.8539338475618852,-0.8539338475618852,-0.8539338475618852,-0.8539338475618852,-0.8539338475618852,-0.8539338475618852,-0.8539338475618852,3.3440391205904287,2.911210568613164,-0.8539338475618852,-0.8539338475618852,-0.8539338475618852,2.9014918536019643,-0.8539338475618852,-0.8539338475618852,-0.8539338475618852,-0.8539338475618852,-0.8539338475618852,-0.8539338475618852,-0.8539338475618852,5.097456279787256,5.077705695548509,-0.8539338475618852,-0.8539338475618852,-0.8539338475618852,-0.8539338475618852,-0.8539338475618852,-0.8539338475618852,-0.8539338475618852,-0.8539338475618852,-0.8539338475618852,-0.8539338475618852,-0.8539338475618852,-0.8539338475618852,-0.8539338475618852,-0.8539338475618852,-0.8539338475618852,-0.8539338475618852,-0.8539338475618852,-0.8539338475618852,-0.8539338475618852,-0.8539338475618852,-0.8539338475618852,-0.8539338475618852,-0.8539338475618852,12.34758561685613,-0.8539338475618852,-0.8539338475618852,-0.8539338475618852,-0.8539338475618852,-0.8539338475618852,-0.8539338475618852,-0.8539338475618852,4.313848191306711,-0.8539338475618852,-0.8539338475618852,-0.8539338475618852,-0.8539338475618852,-0.8539338475618852,-0.8539338475618852,-0.8539338475618852,-0.8539338475618852,-0.8539338475618852,-0.8539338475618852,-0.8539338475618852,-0.8539338475618852,-0.8539338475618852,-0.8539338475618852,-0.8539338475618852,-0.8539338475618852,-0.8539338475618852,-0.8539338475618852,-0.8539338475618852,12.15150419639495,-0.8539338475618852,8.526318539494643,-0.8539338475618852,-0.8539338475618852,-0.8539338475618852,-0.8539338475618852,-0.8539338475618852,-0.8539338475618852,-0.8539338475618852,-0.8539338475618852,-0.8539338475618852,-0.8539338475618852,-0.8539338475618852,-0.8539338475618852,3.7549369760437674,5.662461222448183,4.787951086947993
SGP007624,-3.1089424859844232,-3.1089424859844232,3.0975381218889666,1.578393530992523,-3.1089424859844232,3.4512005595719266,-3.1089424859844232,5.509074588688288,-3.1089424859844232,5.044488906275602,-3.1089424859844232,-3.1089424859844232,3.6554228208434125,3.922462537860162,-3.1089424859844232,3.9327642056020355,5.767307024643463,-3.1089424859844232,-3.1089424859844232,-3.1089424859844232,-3.1089424859844232,-3.1089424859844232,2.699816083534609,3.02097255774659,4.245660417873367,6.136615560397677,0.43059182570545396,4.544079261028196,3.736434403587147,4.257378815771402,4.597570954441673,3.7433394190727594,-3.1089424859844232,-3.1089424859844232,-3.1089424859844232,1.060770340321465,-3.1089424859844232,-3.1089424859844232,-3.1089424859844232,1.8320658516246677,2.7028172999657567,-3.1089424859844232,-3.1089424859844232,-3.1089424859844232,-3.1089424859844232,-3.1089424859844232,-3.1089424859844232,3.1924446209536814,-3.1089424859844232,10.519880007921294,4.425255808062685,-3.1089424859844232,-3.1089424859844232,3.9064036465650567,-3.1089424859844232,-3.1089424859844232,2.433052426683057,5.9491739044093945,-3.1089424859844232,-3.1089424859844232,-3.1089424859844232,-3.1089424859844232,-3.1089424859844232,-3.1089424859844232,4.060001903579476,-3.1089424859844232,3.6332152301110545,6.234263712249554,-3.1089424859844232,-3.1089424859844232,-3.1089424859844232,-3.1089424859844232,-3.1089424859844232,3.4737711319498095,3.1139615332455257,-3.1089424859844232,-3.1089424859844232,5.173771424585178,-3.1089424859844232,8.234278779299048,5.58503578074193,-3.1089424859844232,5.604796285791316,-3.1089424859844232,-3.1089424859844232,-3.1089424859844232,0.7190114552256759,-3.1089424859844232,1.8147367078433962,-3.1089424859844232,-3.1089424859844232,2.4685228141293507,2.642286036368427,-3.1089424859844232,2.6233234600213837
SGP007629,-0.9586353257546065,-0.9586353257546065,-0.9586353257546065,-0.9586353257546065,-0.9586353257546065,-0.9586353257546065,-0.9586353257546065,-0.9586353257546065,-0.9586353257546065,-0.9586353257546065,2.3390529154290327,-0.9586353257546065,-0.9586353257546065,-0.9586353257546065,-0.9586353257546065,-0.9586353257546065,-0.9586353257546065,-0.9586353257546065,-0.9586353257546065,-0.9586353257546065,-0.9586353257546065,-0.9586353257546065,-0.9586353257546065,-0.9586353257546065,6.358377560762304,6.50877783925737,-0.9586353257546065,-0.9586353257546065,5.9647086418145125,-0.9586353257546065,3.630176853798858,-0.9586353257546065,-0.9586353257546065,-0.9586353257546065,-0.9586353257546065,-0.9586353257546065,-0.9586353257546065,-0.9586353257546065,-0.9586353257546065,-0.9586353257546065,-0.9586353257546065,-0.9586353257546065,-0.9586353257546065,-0.9586353257546065,-0.9586353257546065,-0.9586353257546065,-0.9586353257546065,-0.9586353257546065,-0.9586353257546065,-0.9586353257546065,-0.9586353257546065,-0.9586353257546065,-0.9586353257546065,-0.9586353257546065,-0.9586353257546065,-0.9586353257546065,-0.9586353257546065,5.172540683098736,-0.9586353257546065,-0.9586353257546065,-0.9586353257546065,-0.9586353257546065,-0.9586353257546065,-0.9586353257546065,-0.9586353257546065,-0.9586353257546065,-0.9586353257546065,-0.9586353257546065,-0.9586353257546065,-0.9586353257546065,-0.9586353257546065,-0.9586353257546065,-0.9586353257546065,3.412710727692632,-0.9586353257546065,-0.9586353257546065,-0.9586353257546065,12.15101406365309,-0.9586353257546065,12.162119859517881,-0.9586353257546065,-0.9586353257546065,-0.9586353257546065,-0.9586353257546065,-0.9586353257546065,-0.9586353257546065,-0.9586353257546065,-0.9586353257546065,-0.9586353257546065,-0.9586353257546065,-0.9586353257546065,5.509354864370228,5.328305789329599,4.32139204762022,5.749564865530818
SGP007634,-0.9310667425566592,-0.9310667425566592,-0.9310667425566592,-0.9310667425566592,-0.9310667425566592,-0.9310667425566592,-0.9310667425566592,-0.9310667425566592,-0.9310667425566592,4.729432036698631,3.7845575002454375,-0.9310667425566592,3.6791456680793733,-0.9310667425566592,-0.9310667425566592,-0.9310667425566592,1.9495484494891286,-0.9310667425566592,-0.9310667425566592,-0.9310667425566592,-0.9310667425566592,-0.9310667425566592,-0.9310667425566592,-0.9310667425566592,6.631337171623815,7.184945515104675,-0.9310667425566592,-0.9310667425566592,5.29290833894057,-0.9310667425566592,-0.9310667425566592,-0.9310667425566592,-0.9310667425566592,-0.9310667425566592,-0.9310667425566592,-0.9310667425566592,-0.9310667425566592,-0.9310667425566592,-0.9310667425566592,-0.9310667425566592,-0.9310667425566592,-0.9310667425566592,-0.9310667425566592,-0.9310667425566592,-0.9310667425566592,-0.9310667425566592,-0.9310667425566592,-0.9310667425566592,-0.9310667425566592,-0.9310667425566592,-0.9310667425566592,-0.9310667425566592,-0.9310667425566592,-0.9310667425566592,-0.9310667425566592,-0.9310667425566592,-0.9310667425566592,-0.9310667425566592,-0.9310667425566592,-0.9310667425566592,-0.9310667425566592,-0.9310667425566592,-0.9310667425566592,-0.9310667425566592,-0.9310667425566592,-0.9310667425566592,-0.9310667425566592,-0.9310667425566592,-0.9310667425566592,-0.9310667425566592,-0.9310667425566592,-0.9310667425566592,-0.9310667425566592,3.746165420238299,-0.9310667425566592,-0.9310667425566592,-0.9310667425566592,-0.9310667425566592,-0.9310667425566592,-0.9310667425566592,-0.9310667425566592,-0.9310667425566592,-0.9310667425566592,-0.9310667425566592,-0.9310667425566592,-0.9310667425566592,-0.9310667425566592,-0.9310667425566592,-0.9310667425566592,-0.9310667425566592,-0.9310667425566592,9.797668400977877,10.223445678472782,12.749137605225174,7.510247847104272
SGP007638,-0.9165165051519111,-0.9165165051519111,-0.9165165051519111,-0.9165165051519111,-0.9165165051519111,-0.9165165051519111,-0.9165165051519111,1.5673108356835836,-0.9165165051519111,-0.9165165051519111,2.5059307880660917,-0.9165165051519111,2.7972863995846815,-0.9165165051519111,-0.9165165051519111,-0.9165165051519111,-0.9165165051519111,-0.9165165051519111,-0.9165165051519111,-0.9165165051519111,-0.9165165051519111,-0.9165165051519111,-0.9165165051519111,-0.9165165051519111,4.7500742558659095,5.04537896482418,-0.9165165051519111,-0.9165165051519111,4.406425583511794,-0.9165165051519111,3.440359466817121,-0.9165165051519111,-0.9165165051519111,-0.9165165051519111,-0.9165165051519111,-0.9165165051519111,-0.9165165051519111,-0.9165165051519111,-0.9165165051519111,-0.9165165051519111,-0.9165165051519111,-0.9165165051519111,-0.9165165051519111,-0.9165165051519111,-0.9165165051519111,-0.9165165051519111,-0.9165165051519111,-0.9165165051519111,-0.9165165051519111,12.802498176269394,-0.9165165051519111,-0.9165165051519111,-0.9165165051519111,-0.9165165051519111,-0.9165165051519111,-0.9165165051519111,-0.9165165051519111,3.7390589421810994,-0.9165165051519111,-0.9165165051519111,-0.9165165051519111,-0.9165165051519111,-0.9165165051519111,-0.9165165051519111,-0.9165165051519111,-0.9165165051519111,-0.9165165051519111,-0.9165165051519111,-0.9165165051519111,-0.9165165051519111,-0.9165165051519111,-0.9165165051519111,-0.9165165051519111,1.323742939904717,-0.9165165051519111,-0.9165165051519111,-0.9165165051519111,-0.9165165051519111,-0.9165165051519111,1.8383223674173,-0.9165165051519111,-0.9165165051519111,-0.9165165051519111,-0.9165165051519111,-0.9165165051519111,-0.9165165051519111,-0.9165165051519111,-0.9165165051519111,-0.9165165051519111,-0.9165165051519111,-0.9165165051519111,6.357890651997148,6.512157824985316,10.455902621269935,5.778980593772309
SGP007642,-0.9080058268042333,-0.9080058268042333,-0.9080058268042333,-0.9080058268042333,-0.9080058268042333,-0.9080058268042333,-0.9080058268042333,-0.9080058268042333,-0.9080058268042333,-0.9080058268042333,-0.9080058268042333,-0.9080058268042333,7.298778472039812,-0.9080058268042333,-0.9080058268042333,-0.9080058268042333,-0.9080058268042333,-0.9080058268042333,-0.9080058268042333,-0.9080058268042333,-0.9080058268042333,-0.9080058268042333,-0.9080058268042333,-0.9080058268042333,10.623122479644898,10.554711993158085,-0.9080058268042333,-0.9080058268042333,10.761393197730884,-0.9080058268042333,-0.9080058268042333,-0.9080058268042333,-0.9080058268042333,-0.9080058268042333,-0.9080058268042333,-0.9080058268042333,-0.9080058268042333,-0.9080058268042333,-0.9080058268042333,-0.9080058268042333,-0.9080058268042333,-0.9080058268042333,-0.9080058268042333,-0.9080058268042333,-0.9080058268042333,-0.9080058268042333,-0.9080058268042333,-0.9080058268042333,-0.9080058268042333,-0.9080058268042333,-0.9080058268042333,-0.9080058268042333,-0.9080058268042333,-0.9080058268042333,-0.9080058268042333,-0.9080058268042333,-0.9080058268042333,8.089328377359362,-0.9080058268042333,-0.9080058268042333,-0.9080058268042333,-0.9080058268042333,-0.9080058268042333,-0.9080058268042333,9.828030917344224,-0.9080058268042333,-0.9080058268042333,-0.9080058268042333,-0.9080058268042333,-0.9080058268042333,-0.9080058268042333,-0.9080058268042333,-0.9080058268042333,-0.9080058268042333,-0.9080058268042333,-0.9080058268042333,-0.9080058268042333,-0.9080058268042333,-0.9080058268042333,-0.9080058268042333,-0.9080058268042333,-0.9080058268042333,-0.9080058268042333,-0.9080058268042333,-0.9080058268042333,-0.9080058268042333,-0.9080058268042333,-0.9080058268042333,-0.9080058268042333,-0.9080058268042333,-0.9080058268042333,-0.9080058268042333,9.449638634737049,-0.9080058268042333,12.391502859951151
SGP007647,-0.783516102685093,-0.783516102685093,-0.783516102685093,-0.783516102685093,-0.783516102685093,-0.783516102685093,-0.783516102685093,-0.783516102685093,-0.783516102685093,-0.783516102685093,-0.783516102685093,-0.783516102685093,2.0257482709408254,-0.783516102685093,-0.783516102685093,-0.783516102685093,-0.783516102685093,-0.783516102685093,-0.783516102685093,-0.783516102685093,-0.783516102685093,-0.783516102685093,-0.783516102685093,-0.783516102685093,-0.783516102685093,3.498130591015718,-0.783516102685093,-0.783516102685093,-0.783516102685093,-0.783516102685093,4.15124326135396,-0.783516102685093,-0.783516102685093,-0.783516102685093,-0.783516102685093,-0.783516102685093,-0.783516102685093,-0.783516102685093,-0.783516102685093,-0.783516102685093,-0.783516102685093,-0.783516102685093,-0.783516102685093,-0.783516102685093,-0.783516102685093,-0.783516102685093,-0.783516102685093,-0.783516102685093,-0.783516102685093,-0.783516102685093,-0.783516102685093,-0.783516102685093,-0.783516102685093,-0.783516102685093,-0.783516102685093,-0.783516102685093,-0.783516102685093,-0.783516102685093,-0.783516102685093,-0.783516102685093,-0.783516102685093,-0.783516102685093,-0.783516102685093,-0.783516102685093,6.592632138013393,-0.783516102685093,-0.783516102685093,-0.783516102685093,-0.783516102685093,-0.783516102685093,-0.783516102685093,-0.783516102685093,-0.783516102685093,-0.783516102685093,-0.783516102685093,-0.783516102685093,-0.783516102685093,9.957654302690166,-0.783516102685093,12.959391545320567,-0.783516102685093,-0.783516102685093,-0.783516102685093,-0.783516102685093,-0.783516102685093,-0.783516102685093,-0.783516102685093,-0.783516102685093,-0.783516102685093,-0.783516102685093,-0.783516102685093,7.335241024749037,8.880931091905511,4.057212390395179,7.140684111845923
SGP007652,-0.5462103308714266,-0.5462103308714266,-0.5462103308714266,-0.5462103308714266,-0.5462103308714266,-0.5462103308714266,-0.5462103308714266,-0.5462103308714266,-0.5462103308714266,-0.5462103308714266,-0.5462103308714266,-0.5462103308714266,5.866126054485257,-0.5462103308714266,-0.5462103308714266,-0.5462103308714266,-0.5462103308714266,-0.5462103308714266,-0.5462103308714266,-0.5462103308714266,-0.5462103308714266,-0.5462103308714266,-0.5462103308714266,-0.5462103308714266,6.063714551774244,6.870351733343032,-0.5462103308714266,-0.5462103308714266,-0.5462103308714266,-0.5462103308714266,-0.5462103308714266,-0.5462103308714266,-0.5462103308714266,-0.5462103308714266,-0.5462103308714266,-0.5462103308714266,-0.5462103308714266,-0.5462103308714266,-0.5462103308714266,-0.5462103308714266,-0.5462103308714266,-0.5462103308714266,-0.5462103308714266,-0.5462103308714266,-0.5462103308714266,-0.5462103308714266,-0.5462103308714266,-0.5462103308714266,-0.5462103308714266,-0.5462103308714266,-0.5462103308714266,-0.5462103308714266,-0.5462103308714266,-0.5462103308714266,-0.5462103308714266,-0.5462103308714266,-0.5462103308714266,-0.5462103308714266,-0.5462103308714266,-0.5462103308714266,-0.5462103308714266,-0.5462103308714266,-0.5462103308714266,-0.5462103308714266,-0.5462103308714266,-0.5462103308714266,-0.5462103308714266,-0.5462103308714266,-0.5462103308714266,-0.5462103308714266,-0.5462103308714266,-0.5462103308714266,-0.5462103308714266,-0.5462103308714266,-0.5462103308714266,-0.5462103308714266,-0.5462103308714266,13.228099383813761,-0.5462103308714266,9.946053293683446,-0.5462103308714266,-0.5462103308714266,-0.5462103308714266,-0.5462103308714266,-0.5462103308714266,-0.5462103308714266,-0.5462103308714266,-0.5462103308714266,-0.5462103308714266,-0.5462103308714266,-0.5462103308714266,-0.5462103308714266,6.638374430454339,-0.5462103308714266,-0.5462103308714266
SGP007657,12.874192688625222,-0.8119012445109064,-0.8119012445109064,-0.8119012445109064,-0.8119012445109064,-0.8119012445109064,-0.8119012445109064,-0.8119012445109064,-0.8119012445109064,-0.8119012445109064,-0.8119012445109064,-0.8119012445109064,6.4323314687266775,-0.8119012445109064,-0.8119012445109064,-0.8119012445109064,-0.8119012445109064,-0.8119012445109064,5.019014178122779,-0.8119012445109064,-0.8119012445109064,-0.8119012445109064,-0.8119012445109064,-0.8119012445109064,6.900078533385428,7.15084394420066,-0.8119012445109064,-0.8119012445109064,-0.8119012445109064,-0.8119012445109064,-0.8119012445109064,-0.8119012445109064,-0.8119012445109064,-0.8119012445109064,-0.8119012445109064,-0.8119012445109064,-0.8119012445109064,-0.8119012445109064,-0.8119012445109064,-0.8119012445109064,-0.8119012445109064,-0.8119012445109064,-0.8119012445109064,-0.8119012445109064,-0.8119012445109064,-0.8119012445109064,-0.8119012445109064,-0.8119012445109064,-0.8119012445109064,-0.8119012445109064,-0.8119012445109064,-0.8119012445109064,-0.8119012445109064,3.146957517298116,-0.8119012445109064,-0.8119012445109064,-0.8119012445109064,6.0506632419759985,-0.8119012445109064,-0.8119012445109064,-0.8119012445109064,-0.8119012445109064,-0.8119012445109064,-0.8119012445109064,-0.8119012445109064,-0.8119012445109064,-0.8119012445109064,-0.8119012445109064,-0.8119012445109064,-0.8119012445109064,-0.8119012445109064,-0.8119012445109064,-0.8119012445109064,-0.8119012445109064,3.3513767690407033,-0.8119012445109064,-0.8119012445109064,7.28810924892415,-0.8119012445109064,10.798038193124933,-0.8119012445109064,-0.8119012445109064,-0.8119012445109064,-0.8119012445109064,-0.8119012445109064,-0.8119012445109064,-0.8119012445109064,-0.8119012445109064,-0.8119012445109064,-0.8119012445109064,-0.8119012445109064,-0.8119012445109064,-0.8119012445109064,-0.8119012445109064,-0.8119012445109064
SGP007145,2.2485292056115354,4.030004394924216,4.902496614055247,0.17190243661520732,-4.769251319985646,-4.769251319985646,-4.769251319985646,5.743915857567366,3.9827491803092228,-4.769251319985646,-4.769251319985646,-4.769251319985646,-4.769251319985646,4.010780232693254,-4.769251319985646,0.8152274563904669,2.000437660448096,2.066927667196822,-4.769251319985646,-4.769251319985646,-4.769251319985646,-4.769251319985646,-4.769251319985646,2.2356653014730297,3.521779082413568,4.416951875027955,-0.6968587386209961,1.5098204635804233,-4.769251319985646,-4.769251319985646,5.71357781538661,-4.769251319985646,-4.769251319985646,3.6756849869114383,3.7257084025627893,2.745163143057516,-4.769251319985646,-2.8324744858925346,-4.769251319985646,2.1973272477511117,6.45139082630894,1.1888199811932108,-4.769251319985646,3.7612537713220053,5.4148138199682565,-4.769251319985646,3.548754755285474,5.3818865306794015,-0.4359703546699336,6.3541461918184226,2.3106531079906683,5.257664457266056,2.488352201744978,6.911032092979807,-0.2689376873078384,-4.769251319985646,3.0000406068243137,6.188652737428686,-4.769251319985646,3.0643299235148698,3.8195778222389247,6.083784679488824,2.8147364839045146,3.7326485856323703,-4.769251319985646,-4.769251319985646,2.4757210164082784,2.558295902291291,1.5706219578880374,-4.769251319985646,-4.769251319985646,-4.769251319985646,-4.769251319985646,-0.06934044144362517,3.538637297727732,-4.769251319985646,-4.769251319985646,0.9941793817673119,-4.769251319985646,-4.769251319985646,6.094661635427034,-0.8315055606151684,-4.769251319985646,-1.239407805850906,4.793507342410026,7.673241221800445,6.10084668425163,-4.769251319985646,2.728560597160314,2.5951166327049897,-4.769251319985646,0.8022356686002716,0.23184376874270285,3.1921372071240492,-4.769251319985646
SGP007154,3.2292156495949635,1.3559238071035455,0.8036621062197309,-4.683785072251757,-4.683785072251757,-0.6672883803875802,-4.683785072251757,4.30747381604344,1.8202523288431962,2.4003010512190333,-4.683785072251757,-4.683785072251757,0.7048722591596057,0.04589924538794676,-4.683785072251757,-4.683785072251757,-4.683785072251757,-0.5289689837546607,0.7935323739083397,-4.683785072251757,-4.683785072251757,-4.683785072251757,-0.43359642510376517,-4.683785072251757,1.4388605667982075,2.2684019909006405,-0.4706612355143758,1.4070841664450011,6.314090944039324,4.966285864718215,4.7423792801310904,-4.683785072251757,-4.683785072251757,-4.683785072251757,4.866844405924849,0.910527382842039,-4.683785072251757,-4.683785072251757,-4.683785072251757,-4.683785072251757,8.143937014703475,1.9406825135332513,-4.683785072251757,5.028198343345073,6.657012552465591,2.211573854136388,6.0386338980122645,5.877815440849561,1.406559042240767,1.8235462977230474,1.7119667572386899,4.316285126716865,2.968534282301575,4.637184507141786,1.1114628669791973,-4.683785072251757,3.1151531070795535,5.073370219930493,-4.683785072251757,2.9277825639413813,-4.683785072251757,2.8471067795797413,1.9003134321052402,2.115131397844938,-0.41556678093079036,4.5425247089542,4.459618500151789,-4.683785072251757,-4.683785072251757,7.314660829872912,-4.683785072251757,-0.8859380518210376,1.309556687777814,-3.0399551368694695,-4.683785072251757,-4.683785072251757,-4.683785072251757,-4.683785072251757,-4.683785072251757,-0.7454832442554657,2.707798316414369,4.128817369179872,-4.683785072251757,1.1763403780720667,0.2664544488763365,5.889508176899026,-0.6064945195265494,-4.683785072251757,5.3674643684176,3.60890687018587,3.9672066729402795,3.0049852839203197,4.3853289220404745,0.6856164438725152,-4.683785072251757
SGP007162,-2.174458956522674,2.7450795817663867,4.858955042722429,1.9035739091299542,-4.322909811638112,4.730388038353483,-4.322909811638112,4.623725907742389,3.570595576943788,0.4647908476211047,-4.322909811638112,-0.9429991575088099,-4.322909811638112,-4.322909811638112,0.48560055980252237,-4.322909811638112,-1.1441241120522285,2.7759062172651285,-4.322909811638112,0.009269449583033662,-4.322909811638112,-4.322909811638112,-0.46987071684143267,-4.322909811638112,2.4764491490783627,2.5847878688570045,-1.837668689026005,1.5979004457404145,5.120142710383669,-4.322909811638112,3.0462401113451607,-4.322909811638112,-4.322909811638112,4.571584205474713,4.876673224191619,4.6497337741667195,-4.322909811638112,-4.322909811638112,-4.322909811638112,-4.322909811638112,7.546784514478391,1.1902532543846558,-4.322909811638112,4.469921024719272,6.260541773465006,-4.322909811638112,5.363876293733133,6.808324858415044,-4.322909811638112,-4.322909811638112,3.940801826291289,6.508651028130492,3.7231255563267878,8.715249707550452,2.1387793096208396,-4.322909811638112,2.7412017392966295,6.451047404760494,-4.322909811638112,2.65571121475746,3.449179573767994,4.552984518077881,3.0458581867000953,1.2127993507281598,-4.322909811638112,-4.322909811638112,-0.5271670348343882,-4.322909811638112,0.5235878264283542,-4.322909811638112,-4.322909811638112,1.1902532543846558,-4.322909811638112,0.8932859235315842,0.28363026928347246,-4.322909811638112,-4.322909811638112,-4.322909811638112,5.715684783404251,-4.322909811638112,-4.322909811638112,3.541895973973415,-4.322909811638112,3.103982073666635,-4.322909811638112,1.1516497275230044,-0.7843923047945172,3.5013871592372503,6.218040632289959,1.2868246993215209,-4.322909811638112,2.5983254312893154,2.6005142896798565,3.6757040144425135,-4.322909811638112
SGP007180,-2.389376126496618,-2.389376126496618,-2.389376126496618,-2.389376126496618,-2.389376126496618,-2.389376126496618,-2.389376126496618,7.967089423025714,-2.389376126496618,-2.389376126496618,-2.389376126496618,-2.389376126496618,-2.389376126496618,-2.389376126496618,-2.389376126496618,-2.389376126496618,-2.389376126496618,-2.389376126496618,2.2594037718437026,-2.389376126496618,-2.389376126496618,-2.389376126496618,3.366180868569142,-2.389376126496618,-2.389376126496618,4.881770966418467,-2.389376126496618,-2.389376126496618,3.227134472483055,2.220107745264322,10.541426599277939,-2.389376126496618,-2.389376126496618,-2.389376126496618,-2.389376126496618,10.496243030248689,-2.389376126496618,-2.389376126496618,-2.389376126496618,-2.389376126496618,1.9964745183741233,-2.389376126496618,-2.389376126496618,-2.389376126496618,-2.389376126496618,3.191282451233233,7.087468937877105,5.37734671164569,5.029327841758986,6.478515087977679,-2.389376126496618,1.887826137713681,5.880266727716042,2.7537678363852365,-2.389376126496618,2.854595636560635,-2.389376126496618,7.15802389090504,-2.389376126496618,-2.389376126496618,0.6028061033252801,8.87406350800762,-2.389376126496618,2.220107745264322,3.8690981133888283,-2.389376126496618,6.164940057137948,-2.389376126496618,-2.389376126496618,-2.389376126496618,-2.389376126496618,-2.389376126496618,-2.389376126496618,-2.389376126496618,-2.389376126496618,-2.389376126496618,-2.389376126496618,-2.389376126496618,3.018934174576035,-2.389376126496618,5.8909667034991,-2.389376126496618,2.106674051475421,-2.389376126496618,-2.389376126496618,2.5454723180993106,7.701049322613388,-2.389376126496618,-2.389376126496618,-2.389376126496618,-2.389376126496618,4.030475490201891,5.5730559198246326,-2.389376126496618,3.2787998065933586
SGP007186,5.108212203502431,1.5907026044878307,4.8353249773013145,-4.600147567481329,-4.600147567481329,-4.600147567481329,-4.600147567481329,4.382186106230101,2.3679421748218124,1.3145079293387836,-4.600147567481329,-4.600147567481329,-4.600147567481329,-4.600147567481329,-4.600147567481329,0.011362579334141643,-4.600147567481329,-4.600147567481329,-4.600147567481329,1.4243171553604501,-4.600147567481329,-4.600147567481329,-0.8422966956998703,-4.600147567481329,-0.2448748666252527,1.318797424949354,0.419539522145266,-4.600147567481329,5.45171265764365,6.114802619298343,5.3768172079815875,2.678260080175222,-4.600147567481329,-4.600147567481329,5.982636895223556,3.085795987439221,-4.600147567481329,-4.600147567481329,2.734140572697103,-4.600147567481329,6.456313975295903,0.4650756339859097,-4.600147567481329,3.752565330981536,6.618383390961507,-4.600147567481329,5.192636870261745,7.574742367223173,-4.600147567481329,5.327837007212201,3.6202467347245815,6.335091129698057,3.5738881900355173,5.236096897547915,-4.600147567481329,-4.600147567481329,3.3466548902625917,6.181153502579672,-4.600147567481329,0.8817755634156885,-4.600147567481329,6.142993088752668,4.854536483072119,0.17566700023245474,3.808667290338673,4.645116872138604,5.519629996800473,1.806514448100418,-4.600147567481329,-4.600147567481329,-4.600147567481329,-4.600147567481329,-4.600147567481329,-0.6281062454726261,0.31507965168643004,-4.600147567481329,-4.600147567481329,-4.600147567481329,5.29423790607264,-4.600147567481329,3.168179262339856,-4.600147567481329,3.405870606566644,5.011088511968444,-4.600147567481329,-0.21608728540468292,2.310423352182931,-4.600147567481329,7.078666793456058,0.6983924778154709,4.4515838858600345,6.019421398083338,4.368752427133477,-4.600147567481329,2.7030737252197703
SGP007591,5.1169757403038005,0.3408718103228008,-4.455522554048757,4.045586219040762,2.2311645266245232,7.3239481675050815,4.771642451673957,2.2653689247791657,0.7930031107382387,4.947339943579601,5.8902168710673015,-4.455522554048757,-4.455522554048757,0.5361680669841231,3.4500848215677458,5.5019376209465225,4.347307949877984,-4.455522554048757,-4.455522554048757,-4.455522554048757,-4.455522554048757,5.727540682424287,5.982030468573994,-4.455522554048757,6.677439618917966,7.919496952834668,-4.455522554048757,6.598996954428208,5.471871699573059,4.57468405198409,4.297641440516634,-4.455522554048757,1.6090224074807216,-4.455522554048757,3.1130253125243463,-4.455522554048757,-4.455522554048757,0.33304592744893036,-4.455522554048757,-4.455522554048757,3.881681711841238,-4.455522554048757,-4.455522554048757,3.5802589441758164,2.406934166180876,2.6012798767070535,-4.455522554048757,3.076121032199179,-4.455522554048757,6.547279644267374,-4.455522554048757,2.067672553589354,1.0110042323769495,6.621762865137937,3.1907802100978557,2.6845383480740477,3.1262067336633246,6.71938756786141,-4.455522554048757,4.668281034362418,0.743290408191168,-4.455522554048757,-4.455522554048757,-4.455522554048757,-4.455522554048757,-4.455522554048757,-0.7929364937899681,-4.455522554048757,-4.455522554048757,-4.455522554048757,4.91692626995989,-4.455522554048757,-4.455522554048757,5.063626773702994,-0.38168866091640297,-4.455522554048757,2.380472112811172,2.841469545181031,-4.455522554048757,-4.455522554048757,-4.455522554048757,4.4063267408231015,4.967328527973123,4.328597537152428,5.471897296750623,-4.455522554048757,-4.455522554048757,-4.455522554048757,0.5989890972254504,0.993570006777567,-4.455522554048757,-4.455522554048757,-4.455522554048757,-4.455522554048757,-4.455522554048757
SGP007596,-3.9706683611572053,1.339567305850153,4.374936416043725,-3.9706683611572053,-3.9706683611572053,-3.9706683611572053,-3.9706683611572053,5.161996383174109,1.8395707393856338,6.9330142424214305,4.920620158426432,-3.9706683611572053,-3.9706683611572053,-0.6537927628918627,-3.9706683611572053,-3.9706683611572053,4.456431173257655,-3.9706683611572053,5.531402592357616,-3.9706683611572053,-3.9706683611572053,-3.9706683611572053,-1.8770384298782066,5.263620152059802,8.073326467146414,8.868772809098584,-3.9706683611572053,-3.9706683611572053,-3.9706683611572053,-3.9706683611572053,5.584678313741169,3.6404956762563687,-3.9706683611572053,-3.9706683611572053,5.276297557235764,0.30653288557214076,-3.9706683611572053,-3.9706683611572053,-3.9706683611572053,1.9557654539799367,4.278247981902361,-1.5879332527431487,3.6681723075965813,-3.9706683611572053,4.558455606708757,4.719269693290677,2.9997751888531674,5.348317312468974,-3.9706683611572053,1.780151635132503,5.856468136293095,5.038171967843228,2.5560276127926933,6.707826016666614,-3.9706683611572053,-3.9706683611572053,-3.9706683611572053,7.519293837178677,-3.9706683611572053,-3.9706683611572053,3.987327796105279,4.15712297833037,-3.9706683611572053,-3.9706683611572053,3.068502328185355,-3.9706683611572053,2.951974840945123,6.486417082949095,-3.9706683611572053,-3.9706683611572053,-3.9706683611572053,-3.9706683611572053,-3.9706683611572053,-3.9706683611572053,-3.9706683611572053,-3.9706683611572053,-3.9706683611572053,6.281417990990686,-3.9706683611572053,3.9084177757640157,4.917794913329659,2.6694182420918136,6.182612736112969,4.527696585180872,3.214143443028891,-3.9706683611572053,1.5474433059664232,5.220229944830369,-3.9706683611572053,0.22170527053579114,-3.9706683611572053,-3.9706683611572053,-0.5528273336261051,0.8023998159661208,-1.3794942806766688
SGP007604,-4.778686733261534,0.44176675585150527,2.5086996103543733,1.6423023144184068,-0.06157183558772772,6.973919290059163,-4.778686733261534,4.177651340661992,0.51364200333113,5.9256462029625805,-4.778686733261534,-4.778686733261534,5.040290759606373,-1.1843304612508803,-4.778686733261534,-4.778686733261534,3.2829773912924605,-4.778686733261534,5.941875898627342,-4.778686733261534,-4.778686733261534,-4.778686733261534,-4.778686733261534,4.496253121293883,6.071958673817198,7.559079322607252,0.34382498256307237,5.9805636817707,1.6298603881629559,2.325757119689613,0.6444932282650875,2.017326300372706,-4.778686733261534,-4.778686733261534,3.671472859396517,2.6899162584169964,-4.778686733261534,-4.778686733261534,-4.778686733261534,3.1556693868458376,3.801590512865187,-4.778686733261534,-4.778686733261534,2.6595960592665557,2.7935328454009127,1.8051158975521613,3.2194341467422474,3.60645934803252,1.5843041002632567,-0.6565978805471548,5.206592824455903,1.721077691613024,1.7951598794598107,5.973208029733033,-4.778686733261534,-4.778686733261534,0.9228841587421499,6.306107686718285,-4.778686733261534,0.794583030661471,-1.0557376366611049,4.4129110803479135,-2.372050987852653,-2.901234877171227,2.9240136291611005,-4.778686733261534,0.023965371104580413,-4.778686733261534,-1.3635477242957865,-4.778686733261534,5.918048044176545,5.130862988661882,5.249515386890937,6.028212629927868,4.697357258321152,-4.778686733261534,-4.778686733261534,2.0299927736892807,-4.778686733261534,5.165895289570326,6.2114230249922375,0.29339003570277633,3.226596586726103,1.924794885568076,1.3546915464285556,-4.778686733261534,-4.778686733261534,-4.778686733261534,1.7986406647182864,1.234202769658543,-4.778686733261534,-4.778686733261534,-4.778686733261534,-4.778686733261534,-4.778686733261534
SGP007608,-3.2999963250924544,-3.2999963250924544,5.518587811593329,2.076785492067703,-3.2999963250924544,2.1501267929763976,-3.2999963250924544,5.892964345537291,-3.2999963250924544,-3.2999963250924544,-3.2999963250924544,-3.2999963250924544,-3.2999963250924544,2.129842488008304,-3.2999963250924544,-3.2999963250924544,8.068012164721146,-3.2999963250924544,-3.2999963250924544,-3.2999963250924544,-3.2999963250924544,4.145905060544672,2.029165255360457,-3.2999963250924544,3.4321287629932193,4.2186567504692505,-3.2999963250924544,4.586464850907604,-3.2999963250924544,6.446176300861633,8.118864533618725,-3.2999963250924544,-3.2999963250924544,-3.2999963250924544,3.432007629292186,3.970840528845172,-3.2999963250924544,-3.2999963250924544,-3.2999963250924544,-3.2999963250924544,-3.2999963250924544,-3.2999963250924544,4.021618309154978,-3.2999963250924544,-3.2999963250924544,4.358122388779451,-3.2999963250924544,6.307296571136212,3.2357512722720854,-3.2999963250924544,6.835172072252977,5.236960680194764,-3.2999963250924544,8.215490592439853,-3.2999963250924544,7.7592487739355676,6.6783026495599564,9.115060502361159,-3.2999963250924544,-3.2999963250924544,3.961895316363993,6.63808115989241,3.7859832688813455,-3.2999963250924544,-3.2999963250924544,-3.2999963250924544,-3.2999963250924544,-3.2999963250924544,1.5726207520895148,-3.2999963250924544,4.239618398645013,-3.2999963250924544,-3.2999963250924544,-3.2999963250924544,-3.2999963250924544,-3.2999963250924544,-3.2999963250924544,4.13360848371671,-3.2999963250924544,7.352306074696937,-3.2999963250924544,-3.2999963250924544,7.288796701181532,-3.2999963250924544,6.741631490345731,8.64143152105111,3.035517498242009,-3.2999963250924544,6.0287436103713965,-3.2999963250924544,-3.2999963250924544,-3.2999963250924544,-3.2999963250924544,-3.2999963250924544,-3.2999963250924544
SGP007613,-4.482194109964928,2.045482988317376,2.648286704229834,7.492738550662339,2.213345036231214,-4.482194109964928,-4.482194109964928,4.047158519353781,2.677187651454129,-4.482194109964928,-4.482194109964928,-4.482194109964928,-4.482194109964928,-4.482194109964928,-4.482194109964928,-4.482194109964928,5.4740039567961425,-4.482194109964928,6.555974153339189,-4.482194109964928,-4.482194109964928,-4.482194109964928,-4.482194109964928,-4.482194109964928,1.2287420729095704,7.45829889660409,-4.482194109964928,-4.482194109964928,6.765487948761043,5.776756342008231,5.378400841836985,-4.482194109964928,-4.482194109964928,1.2738219805137092,4.492011302043769,0.8515130704189957,-4.482194109964928,-4.482194109964928,-4.482194109964928,-4.482194109964928,4.704996379173781,-4.482194109964928,-4.482194109964928,2.680472334577077,4.720715575720692,4.065344626719665,1.8366013931230798,3.9498534538833594,2.6938199662592446,3.691645422728647,3.7126068751725585,4.163255128101546,1.3919427377559437,6.113706689839114,4.422261697028531,4.906407715318283,-4.482194109964928,7.37197616719388,3.2314116699428537,2.414695532608439,-0.11245011186401577,5.18727551029736,-4.482194109964928,2.8294141392277075,3.001858814862696,-4.482194109964928,3.480560107945596,-4.482194109964928,0.6772962347248921,-4.482194109964928,4.8073901118480045,2.279861952191334,1.714290691761648,-4.482194109964928,-4.482194109964928,-4.482194109964928,-4.482194109964928,-4.482194109964928,-4.482194109964928,-4.482194109964928,-4.482194109964928,4.305075265326078,6.202304180026819,4.5973290937494085,5.461303508505761,6.987069537294142,0.4011459543478857,1.9702794869900941,-4.482194109964928,1.866105899457902,-4.482194109964928,-4.482194109964928,1.6480368347323173,-4.482194109964928,2.9792761364385747
SGP007618,-4.596835633293846,2.7160048060404236,3.600072665075074,3.818999593399763,5.400724051518722,6.141459264144979,-4.596835633293846,5.298248200458929,2.8168756741676777,-4.596835633293846,3.6155555003126656,-4.596835633293846,7.00150835945891,-4.596835633293846,-4.596835633293846,-4.596835633293846,6.108348335089507,-4.596835633293846,-4.596835633293846,-4.596835633293846,-4.596835633293846,5.354677848271566,-4.596835633293846,4.72383763879111,7.880808516978843,3.2608333233285647,4.119194814780779,6.732353517308869,6.15147353823645,-4.596835633293846,4.119948333149771,0.28674498787291647,-4.596835633293846,-1.1610410185039104,4.742237556188406,0.889821159107294,3.8058820844076306,2.483843787224955,-4.596835633293846,-4.596835633293846,-4.596835633293846,-4.596835633293846,-4.596835633293846,1.1873347513372803,4.850508615386946,-4.596835633293846,-0.24240575700585332,-4.596835633293846,-0.9919981250709355,4.83504644666849,3.4409915448245707,2.0300060803189606,-4.596835633293846,-4.596835633293846,-4.596835633293846,2.5873543077411822,-4.596835633293846,6.566212613207176,-4.596835633293846,-4.596835633293846,2.1477079745767176,2.716079598025252,-4.596835633293846,-4.596835633293846,-4.596835633293846,-4.596835633293846,1.6002556346683274,-4.596835633293846,1.0614085802364457,-4.596835633293846,4.712718268269574,-4.596835633293846,-0.5884832427131688,5.131663782270112,6.822996529643071,-4.596835633293846,4.086662303698006,5.289016670850622,-4.596835633293846,1.8615174851471448,4.26043229724498,4.096622052842792,3.752443307325736,-4.596835633293846,4.561557211497662,-4.596835633293846,3.0291835157500087,-4.596835633293846,4.2536085098755905,2.001991848577517,-4.596835633293846,0.814101073945956,1.8777328785876488,0.8095816705097345,-4.596835633293846
SGP007623,-0.9897704820094546,-5.674702763948101,3.8338740422907858,2.534760006054233,2.005438168538351,3.355097287219505,0.5696111565486666,5.8918601737484355,-5.674702763948101,1.1887072257072582,-1.7558141198066526,-5.674702763948101,1.2645732543793233,-5.674702763948101,1.9649894396247518,-0.21121877926693244,1.859005857180187,-5.674702763948101,1.2146045971300632,-5.674702763948101,1.2997057800749872,-5.674702763948101,-5.674702763948101,-5.674702763948101,3.330556701553796,3.8092010422697378,-0.606948876305438,3.274219206648067,4.167105449724058,4.594917937549298,4.700423195709556,3.8709121848431947,-5.674702763948101,-5.674702763948101,1.559892626523716,2.4175713822861695,-0.6486528231362634,0.8823008489886739,-5.674702763948101,-0.6549557918991962,2.741083474884059,-5.674702763948101,-5.674702763948101,0.10464128211086354,1.7754234735230687,-0.6340985762042397,0.05856572983362973,3.1261259998764217,-5.674702763948101,3.26164066978295,4.851426706189304,0.6457168579611334,0.7730969673051389,4.402158137651957,2.68118301321696,-0.11625302127268355,3.7665976048985597,6.05937594915884,-1.178316518845378,-5.674702763948101,1.6986029076233695,2.494947032894161,-2.416942089717887,-5.674702763948101,3.6784800991071336,-5.674702763948101,4.19762199131731,6.543602480510995,-5.674702763948101,2.714244970028905,1.9924846216411831,0.13920652631047048,-0.016087707014863284,2.302076698591833,3.0621718089304375,-5.674702763948101,-1.1140302282605496,0.6082885306110093,-5.674702763948101,3.3062685258691005,5.888127945960381,-2.3048138179914233,5.915494589248199,0.7998565144680665,0.9363887105744322,-5.674702763948101,3.1428350378082515,-5.674702763948101,3.284196695502729,-5.674702763948101,-5.674702763948101,1.1973409430723594,2.25041321410188,1.407050086421246,3.1194085688543147
SGP007628,-3.290064355239151,-3.290064355239151,5.435371707088131,-3.290064355239151,-3.290064355239151,-3.290064355239151,-3.290064355239151,5.234607201655226,-3.290064355239151,7.90262817940553,-3.290064355239151,-3.290064355239151,7.250467486636829,5.877516884734336,-3.290064355239151,6.339981029279288,-3.290064355239151,7.341725885149805,8.421062104588815,-3.290064355239151,-3.290064355239151,-3.290064355239151,9.002976876327564,5.251550210179938,8.455072785959153,8.788092495959244,-3.290064355239151,-3.290064355239151,6.016087176044748,3.5811110783106104,4.871406109830066,-3.290064355239151,-3.290064355239151,-3.290064355239151,4.12231084941954,4.141168620968124,-3.290064355239151,-3.290064355239151,-3.290064355239151,-3.290064355239151,4.772564373844537,-3.290064355239151,-3.290064355239151,-3.290064355239151,4.80830558900307,5.102448821464414,4.983300611940012,5.441249068444558,-3.290064355239151,4.832004634281973,-3.290064355239151,4.986297808463428,-3.290064355239151,7.139775807422573,-3.290064355239151,-3.290064355239151,-3.290064355239151,7.323712801723463,-3.290064355239151,-3.290064355239151,-3.290064355239151,4.25042675812867,-1.592422215307689,-3.290064355239151,1.920479020692559,-3.290064355239151,-3.290064355239151,2.716396159611164,-3.290064355239151,-3.290064355239151,-3.290064355239151,-3.290064355239151,-3.290064355239151,6.434219088236755,-3.290064355239151,-3.290064355239151,-3.290064355239151,4.745657672958566,-3.290064355239151,6.591773104673674,-3.290064355239151,-3.290064355239151,-3.290064355239151,-3.290064355239151,-3.290064355239151,-3.290064355239151,-3.290064355239151,-3.290064355239151,3.131563599490616,-3.290064355239151,3.009316656028285,-3.290064355239151,0.49386060350292205,-3.290064355239151,1.6996659577293514
SGP007633,-3.7337956032525987,3.7531669196361603,-3.7337956032525987,-3.7337956032525987,-3.7337956032525987,-3.7337956032525987,-3.7337956032525987,7.290967323176906,4.450178824793474,-3.7337956032525987,7.482332566400618,-3.7337956032525987,7.792084201740556,-3.7337956032525987,-3.7337956032525987,-3.7337956032525987,5.707718973520479,-3.7337956032525987,-3.7337956032525987,-3.7337956032525987,-3.7337956032525987,-3.7337956032525987,-3.7337956032525987,-3.7337956032525987,8.709177216392538,1.413609225996634,-3.7337956032525987,-3.7337956032525987,7.7993651446533745,-3.7337956032525987,7.339402631647363,-3.7337956032525987,-3.7337956032525987,3.8133022741032594,-3.7337956032525987,6.183172946760186,1.922487350398125,2.599665670178841,-3.7337956032525987,-3.7337956032525987,-3.7337956032525987,-3.7337956032525987,-3.7337956032525987,-3.7337956032525987,6.1413965423254755,5.514916463417341,4.420702907080952,4.8444787957261655,1.3372652266962408,-3.7337956032525987,5.228241294072331,-3.7337956032525987,-3.7337956032525987,-3.7337956032525987,-3.7337956032525987,-3.7337956032525987,-3.7337956032525987,5.764152976154186,-3.7337956032525987,5.520501131773016,5.139224188795494,5.200566070840377,-3.7337956032525987,4.114474879928655,-3.7337956032525987,-3.7337956032525987,-3.7337956032525987,5.962802424179774,3.5367358210330213,-3.7337956032525987,5.0448636024064,-3.7337956032525987,-3.7337956032525987,7.212778698986483,-3.7337956032525987,-3.7337956032525987,-3.7337956032525987,4.079006908277168,-3.7337956032525987,7.20072760677613,6.596548331733151,2.647467643981506,3.5663185254966816,-3.7337956032525987,-3.7337956032525987,-3.7337956032525987,2.2724534781000694,6.058090565037734,5.33293501147562,5.804028585949626,-3.7337956032525987,2.0008532705747424,2.3381627973127923,2.488637558109768,-3.7337956032525987
SGP007641,-2.531507585597378,-2.531507585597378,-2.531507585597378,-2.531507585597378,-2.531507585597378,-2.531507585597378,-2.531507585597378,7.683051424749914,-2.531507585597378,8.926229500655396,-0.24846223642289367,-2.531507585597378,1.7618694228509675,-2.531507585597378,-2.531507585597378,-2.531507585597378,8.576270994442396,-2.531507585597378,-2.531507585597378,-2.531507585597378,-2.531507585597378,-2.531507585597378,-2.531507585597378,8.801984313876765,4.301399182939123,10.011927411988479,8.820939306745288,-2.531507585597378,3.618765213295786,-2.531507585597378,2.8477873356043677,-2.531507585597378,-2.531507585597378,-2.531507585597378,-2.531507585597378,7.689811382132611,-2.531507585597378,-2.531507585597378,-2.531507585597378,-2.531507585597378,-2.531507585597378,-2.531507585597378,-2.531507585597378,-2.531507585597378,-2.531507585597378,5.864425554712654,-2.531507585597378,-2.531507585597378,5.151297960584935,6.215181920715231,8.592704874081921,6.507865266335214,-2.531507585597378,-2.531507585597378,-2.531507585597378,5.445386185555138,-2.531507585597378,8.16925309924502,-2.531507585597378,-2.531507585597378,7.067088687611262,-2.531507585597378,-2.531507585597378,1.8537449996937951,5.2877089312299725,-2.531507585597378,2.5197227866302523,-2.531507585597378,-2.531507585597378,-2.531507585597378,-2.531507585597378,-2.531507585597378,-2.531507585597378,1.6094924330491693,-2.531507585597378,-2.531507585597378,-2.531507585597378,-2.531507585597378,-2.531507585597378,-2.531507585597378,9.496247771989676,6.648422878186351,-2.531507585597378,-2.531507585597378,-2.531507585597378,-2.531507585597378,4.996615371892287,-2.531507585597378,-2.531507585597378,3.0220323600880903,-2.531507585597378,-2.531507585597378,1.3305762503284946,1.9786524790407132,-2.531507585597378
SGP007646,-2.7222970451928123,-2.7222970451928123,5.9494313521395075,-2.7222970451928123,-2.7222970451928123,-2.7222970451928123,-2.7222970451928123,8.326529997640245,-2.7222970451928123,-2.7222970451928123,-2.7222970451928123,-2.7222970451928123,4.749252863430631,-2.7222970451928123,-2.7222970451928123,-2.7222970451928123,-2.7222970451928123,-2.7222970451928123,3.0306403850928394,-2.7222970451928123,-2.7222970451928123,-2.7222970451928123,-2.7222970451928123,-2.7222970451928123,4.883766154325437,4.772966112604004,-2.7222970451928123,-2.7222970451928123,-2.7222970451928123,-2.7222970451928123,8.01960532956696,-2.7222970451928123,-2.7222970451928123,-2.7222970451928123,6.332097437351427,-2.7222970451928123,-2.7222970451928123,-2.7222970451928123,-2.7222970451928123,-2.7222970451928123,2.6655917755167664,-2.7222970451928123,-2.7222970451928123,-2.7222970451928123,4.595431084049464,4.317839703573164,6.505672084522653,6.140420001312456,5.802885545857156,6.829498423756816,-2.7222970451928123,-2.7222970451928123,-2.7222970451928123,3.214390415455102,-2.7222970451928123,8.005916536845058,-2.7222970451928123,9.955387531134386,-2.7222970451928123,-2.7222970451928123,7.029762029283477,-2.7222970451928123,-2.7222970451928123,1.9671277515648313,-2.7222970451928123,-2.7222970451928123,3.8390064240073754,-2.7222970451928123,-2.7222970451928123,-2.7222970451928123,-2.7222970451928123,-2.7222970451928123,-2.7222970451928123,-2.7222970451928123,-2.7222970451928123,-2.7222970451928123,-2.7222970451928123,5.410746047052629,-2.7222970451928123,8.556395440746321,9.909248546817047,5.6587409583869706,5.5571570566849005,6.8693457250743455,5.885232027650247,-2.7222970451928123,4.640672807517674,-2.7222970451928123,7.528550388571786,-2.7222970451928123,-2.7222970451928123,-2.7222970451928123,-2.7222970451928123,-2.7222970451928123,-2.7222970451928123
SGP007651,-4.855953955435913,1.587621687856413,4.583241344595642,-4.855953955435913,-4.855953955435913,6.361734601353264,-4.855953955435913,3.825045584719245,2.7625866625064592,-4.855953955435913,-4.855953955435913,-4.855953955435913,1.1997436609632919,-4.855953955435913,-4.855953955435913,2.686928322129419,-4.855953955435913,-4.855953955435913,4.446502647054796,-4.855953955435913,-4.855953955435913,-4.855953955435913,5.952660896646453,4.8372742441762275,6.777918157899237,7.093533876258551,-4.855953955435913,6.187302511101061,-0.21234241023384826,-4.855953955435913,2.7662385844577333,4.192553292748583,-4.855953955435913,0.8174895499307979,4.979482768758519,0.8067700614374687,-4.855953955435913,-4.855953955435913,-4.855953955435913,3.0019031876283755,2.982802429448755,-4.855953955435913,-4.855953955435913,3.938137159219556,2.7495959251466253,2.528132599904575,3.287406267951968,2.19629204750023,-4.855953955435913,-4.855953955435913,6.478284810038177,3.1686669745340605,0.9566176856379975,5.354190978812648,5.674215676417428,-4.855953955435913,1.8095249224874728,6.114334636070631,2.424103587020933,1.5763701234675311,3.7890542507779044,4.972404909049285,-0.2899273108672791,2.974368283165103,5.189008821227301,-4.855953955435913,-4.855953955435913,-4.855953955435913,1.4667419650329254,-4.855953955435913,3.0684005670759396,4.94305928478839,-4.855953955435913,5.759576580311128,-1.5462791769177944,-4.855953955435913,-4.855953955435913,4.379641241339596,-4.855953955435913,2.1127794020307133,4.6374550666251775,2.4008830662476006,2.572733310130282,-4.855953955435913,-4.855953955435913,6.183936716315664,-4.855953955435913,4.4282437620530795,3.4667587082514597,3.232787154526874,-4.855953955435913,-4.855953955435913,-4.855953955435913,4.603666560626278,-4.855953955435913
SGP007656,7.248250499664769,-4.092322417221629,4.742796105299034,-4.092322417221629,-4.092322417221629,1.5576401504906965,4.197542975941115,5.143767317724892,-4.092322417221629,-4.092322417221629,-4.092322417221629,-4.092322417221629,-0.9557864488310877,-4.092322417221629,-4.092322417221629,-4.092322417221629,6.825624016259253,-4.092322417221629,5.817955308985578,-4.092322417221629,-4.092322417221629,-4.092322417221629,-4.092322417221629,-4.092322417221629,0.7002931710509479,8.525958823653617,-4.092322417221629,6.3476817457155805,6.7698520278941725,5.254527600638475,6.02964358388454,2.4673922650662092,2.4742368228088347,-4.092322417221629,1.7184750341845003,4.342887094422533,-4.092322417221629,-4.092322417221629,-4.092322417221629,-4.092322417221629,5.75153755803003,-0.1925314449705624,-4.092322417221629,-4.092322417221629,-4.092322417221629,4.686394071994806,4.615527086470122,5.494879928832403,2.5239948948299906,0.7596409651131815,-4.092322417221629,5.205829048991607,3.4419690640310003,5.661933055682495,-4.092322417221629,5.272338980884914,-4.092322417221629,6.39112224596083,-4.092322417221629,-4.092322417221629,3.612697071113259,5.621702671875491,-0.04098425526432514,0.9619036460685244,3.099026975114419,-4.092322417221629,1.9038229471507044,-4.092322417221629,-4.092322417221629,-4.092322417221629,4.6823413751200516,-4.092322417221629,-4.092322417221629,5.821086144310961,6.920277111777068,-4.092322417221629,-4.092322417221629,4.22673636593332,-4.092322417221629,7.443278634382848,-4.092322417221629,-4.092322417221629,6.407822167910821,3.5618083298515586,4.2758831782257545,-4.092322417221629,4.094653395766726,-4.092322417221629,-4.092322417221629,1.2056096096355375,3.812437106960555,-4.092322417221629,-4.092322417221629,-4.092322417221629,-4.092322417221629
SGP007148,2.014587269374566,2.387134910269059,5.348530448744724,2.5722598950341196,-3.85463471071742,2.4783629139927923,-3.85463471071742,7.370523125268393,4.3382975084317765,-3.85463471071742,2.254412529755993,0.6406685602138449,3.3687047355681514,-3.85463471071742,-3.85463471071742,-3.85463471071742,2.6191277558976465,-3.85463471071742,-3.85463471071742,-3.85463471071742,-3.85463471071742,-3.85463471071742,-3.85463471071742,2.125276146370404,3.1664100416088603,-3.85463471071742,1.6992477771972858,1.1609030836395,-3.85463471071742,-3.85463471071742,7.1924446741990025,7.72680364210548,-3.85463471071742,1.9301538083730527,6.522899262238834,5.69460055157506,-3.85463471071742,-3.85463471071742,-3.85463471071742,-0.34063953181372497,7.388695757028508,1.1018176980385697,-3.85463471071742,5.225755410628496,5.723793016099468,-3.85463471071742,4.329188232597509,7.0725718221335026,4.000371615134422,6.668752727944577,-3.85463471071742,-3.85463471071742,4.119981823927874,7.801223327896476,2.685769621749345,-0.26844647737043026,-3.85463471071742,7.561365083828656,-3.85463471071742,-3.85463471071742,0.9450619787423786,6.513304077893521,2.2311211880894923,4.150749347011335,-3.85463471071742,-3.85463471071742,4.163220355496499,-3.85463471071742,0.553957543657102,-3.85463471071742,-3.85463471071742,-3.85463471071742,-3.85463471071742,-3.85463471071742,-3.85463471071742,-3.85463471071742,-3.85463471071742,1.486558196755185,-3.85463471071742,-0.15530011622413653,-3.85463471071742,3.514438236247549,-3.85463471071742,3.1818245101163356,-3.85463471071742,8.489518744905697,5.0860454762959915,-3.85463471071742,2.8318196411344907,2.4939634559149786,-3.85463471071742,-3.85463471071742,-3.85463471071742,-3.85463471071742,-3.85463471071742
SGP007149,3.8396222954076977,3.084784112160084,5.700527922190363,0.6621719656103,-3.847495249475978,1.935504364565885,-3.847495249475978,6.741136368471008,4.3070866748251415,-3.847495249475978,0.01373372830837738,3.20456486673502,2.821659327041102,-3.847495249475978,-3.847495249475978,-3.847495249475978,1.8412226453029792,-3.847495249475978,-3.847495249475978,-3.847495249475978,-3.847495249475978,-3.847495249475978,-0.21379853749202837,0.8541864833057495,2.6285225412443136,-1.528818250121768,1.783432252194741,-0.767068009416846,-3.847495249475978,-3.847495249475978,6.5933546940142715,6.86825242551409,-3.847495249475978,1.2334845154721208,4.574881895840561,5.559916040625822,-3.847495249475978,-3.847495249475978,-3.847495249475978,-1.5388865020991158,6.545367632503011,0.31480890360637837,-3.847495249475978,4.802796378405006,6.170991300455196,-3.847495249475978,3.876298718466641,5.503774402174734,-0.8601251499721165,8.334552610267489,-3.847495249475978,5.397800475010324,4.35401248797777,7.538871540693764,0.04328277985648832,0.8222535791003924,-3.847495249475978,7.478518237367372,-3.847495249475978,-3.847495249475978,2.5352611559934397,6.277567571736269,3.4484332252251315,2.9397607629583034,-3.847495249475978,-3.847495249475978,4.81514258098031,-3.847495249475978,0.3460213060158015,-3.847495249475978,-3.847495249475978,-3.847495249475978,-3.847495249475978,-3.847495249475978,-3.847495249475978,-3.847495249475978,-3.847495249475978,2.5217470222729643,-3.847495249475978,0.3910859543051668,-3.847495249475978,-1.9153157525835702,-3.847495249475978,2.362695047600102,-3.847495249475978,8.028179424325367,8.37828462338698,-3.847495249475978,3.4623534599160344,2.1988455669554634,-3.847495249475978,-3.847495249475978,-0.87044393723375,-3.847495249475978,-3.847495249475978
SGP007150,3.3607977038463313,3.39236895356475,6.431374474363976,-3.9112904821530527,-3.9112904821530527,0.3852184757020325,-3.9112904821530527,7.016886217377166,4.6426370554958885,-3.9112904821530527,0.2530417195057115,2.0738190061096136,2.072292636813059,-3.9112904821530527,-3.9112904821530527,-3.9112904821530527,4.293686534192557,-3.9112904821530527,-3.9112904821530527,-3.9112904821530527,-3.9112904821530527,-3.9112904821530527,0.34019734754281217,1.5199501890115261,1.8797300317857744,0.8057493612292408,1.4360260335703607,-3.9112904821530527,-3.9112904821530527,-3.9112904821530527,6.043997400384251,7.370204371873392,-3.9112904821530527,3.498715746166515,5.07017322473998,5.3113455409049175,-3.9112904821530527,-3.9112904821530527,-3.9112904821530527,2.1916614257513025,6.765936368664434,0.516529512676966,-3.9112904821530527,4.750233338826293,6.177244004749338,-3.9112904821530527,4.194400306447256,6.210165607855496,1.979522508673143,8.728592579814377,-3.9112904821530527,5.5994868506625854,5.02851830979392,8.094489466721386,-3.9112904821530527,0.8057493612292408,-3.9112904821530527,7.042250309211177,-3.9112904821530527,-3.9112904821530527,1.6936914234857277,6.58709254396011,2.980110885108446,3.643344851632155,-3.9112904821530527,-3.9112904821530527,2.3140056849240898,-3.9112904821530527,-3.9112904821530527,-3.9112904821530527,-3.9112904821530527,-3.9112904821530527,-3.9112904821530527,-3.9112904821530527,-3.9112904821530527,-3.9112904821530527,-3.9112904821530527,1.9781248443393329,-3.9112904821530527,2.032031614672136,-3.9112904821530527,0.8245435854937906,-3.9112904821530527,3.8029237535591482,-3.9112904821530527,7.103135803053268,5.153428416599036,-3.9112904821530527,5.598251611586676,2.3386890451632922,-3.9112904821530527,-1.9283262222922843,0.5153223624981678,-3.9112904821530527,-3.9112904821530527
SGP007151,5.1992503828554835,3.3746182134165057,5.417613235292616,1.2745958728749862,-4.5172453349091075,2.2287743029628304,-4.5172453349091075,5.542899834637582,4.479113973828844,-4.5172453349091075,0.5915510546567102,2.5609946755527515,2.186637942518855,-4.5172453349091075,-4.5172453349091075,-4.5172453349091075,3.000287068633744,-4.5172453349091075,-4.5172453349091075,-4.5172453349091075,-4.5172453349091075,-4.5172453349091075,-4.5172453349091075,1.567675226694102,3.488588528284163,-4.5172453349091075,2.190845928766798,1.164727308288528,-4.5172453349091075,-4.5172453349091075,5.048040329654699,6.149630062872243,-4.5172453349091075,2.62019390869518,3.7285724016011805,4.028834039301397,-4.5172453349091075,-4.5172453349091075,-4.5172453349091075,3.6639257552231577,5.892757595194842,-1.0066143013656905,-4.5172453349091075,3.760023435238427,5.690714787169512,2.8778679526858957,2.996541928713085,5.43863796244116,-4.5172453349091075,7.983882204634128,0.6422057683773801,4.454726661677362,3.7565715927411274,7.223553019187435,-4.5172453349091075,-0.7448683142342851,-4.5172453349091075,6.097381616034438,-4.5172453349091075,0.2081187262903441,3.5890594254947477,5.064396611863009,2.5134826482738344,2.2075030064730177,-4.5172453349091075,-4.5172453349091075,3.981896413680407,-4.5172453349091075,0.02989433813500142,-4.5172453349091075,-4.5172453349091075,2.1230158461953685,1.9679149747655131,-4.5172453349091075,-4.5172453349091075,-4.5172453349091075,-4.5172453349091075,1.6612694259688503,-4.5172453349091075,0.09624773533329467,-4.5172453349091075,0.5426962823490094,5.437975430608825,2.205679383396264,-4.5172453349091075,6.684053994892102,7.5939238635751085,-4.5172453349091075,3.2557660112467763,2.1650748088110694,-4.5172453349091075,-1.567244009604325,-2.1460236408690676,3.987114829468511,-4.5172453349091075
SGP007157,4.223796343888899,-1.3589708606004747,2.6505700838815205,3.9108146840810085,-0.57533758905981,3.7310404967190243,0.20617199399037567,3.5978840927524094,-0.640195101701039,2.2111232729037367,-1.1832582685405049,2.1266629701298294,1.3723108486363813,2.2610477906931283,-6.479621840111071,-0.8686364254207666,-6.479621840111071,2.329332037713283,0.2209161311691581,0.8291024334561721,1.8769455711700678,-0.5515840539908732,5.203131957109481,2.081292057198869,3.9627323808871613,3.8854017650503274,-0.8291380385865166,1.9518587349137206,4.683990371145926,2.5275625393829255,4.338634216626332,-2.968203252086302,-1.949615084117748,0.9962974825850104,3.2035911486810393,1.1067931268186335,0.22901434892506423,0.06298816503186355,3.3533729668904035,1.4770537951066665,3.202643333901322,-2.117300250827369,-6.479621840111071,-0.6077060551289017,3.5942723164008745,-6.479621840111071,2.134551951130489,3.583466049038994,-2.327510231315327,0.8779766255982056,3.0637190979224416,2.324961659297573,1.5438470442483734,4.286680517854179,-6.479621840111071,-6.479621840111071,1.837448610990065,5.639524691707743,-6.479621840111071,2.8827216664049393,0.875796531924661,0.553058758844502,-6.479621840111071,-6.479621840111071,-6.479621840111071,3.1300802917840223,0.7330105873592894,-6.479621840111071,0.26362775104803937,1.6717176163330638,0.34752782193857445,-6.479621840111071,-6.479621840111071,2.052930206975116,2.0934492223855576,-6.479621840111071,0.9060302616052178,-3.864576574634408,-6.479621840111071,-6.479621840111071,3.5382580780373805,2.120821687768375,-1.6997737890802922,2.0001663545668436,-6.479621840111071,-0.9194616709309438,0.004326340063374623,1.4531539487992235,2.547433686749277,1.8010272191333856,1.0404315058726015,0.8272565396387819,1.8113839412414041,3.739724643918142,-6.479621840111071
SGP007158,3.8908157076714245,2.161360882181593,3.548588574006156,2.7108461732250637,-0.9388194842039237,3.5877936214557966,-2.5387759192882076,3.6872632629878463,2.5227597322153574,0.05764295083808335,-5.251099945361755,-0.10535643488424995,-0.023578243107214902,1.3409555263689255,-5.251099945361755,-5.251099945361755,-5.251099945361755,0.5825529442122779,-0.8655606417055974,-1.063310591976233,-1.2543416583465135,-5.251099945361755,2.666809001726925,-0.9495177698131378,3.7449518374728568,2.6029388747967186,-5.251099945361755,0.7307179814981781,5.949970905619469,5.285222225002217,6.023581453712003,3.0227590066548506,-5.251099945361755,0.5092062130106143,6.090017306870957,3.1853481700809185,-5.251099945361755,-5.251099945361755,5.01138437649829,1.5366706103513001,6.002431384209681,0.49987315499618745,-5.251099945361755,-1.0327902664207826,5.058473680708236,-5.251099945361755,3.2250286300478628,4.473103958479024,0.1635187243446996,2.387228358940537,-5.251099945361755,4.949814178511442,1.9697226351113528,1.1214917975660175,-5.251099945361755,-0.855719657162048,1.2594967513708468,6.265496365834185,-5.251099945361755,0.21516997153492845,0.6622938032073762,2.047940305301478,-5.251099945361755,-1.8832846711213946,-5.251099945361755,4.19673730801122,4.077992081804161,-5.251099945361755,-0.11131941585653138,3.6094447289836706,-5.251099945361755,-5.251099945361755,-5.251099945361755,0.18004126731227998,1.0539894794131568,-5.251099945361755,-0.3074496135766722,-5.251099945361755,-5.251099945361755,-5.251099945361755,5.111396234721992,-5.251099945361755,-5.251099945361755,2.234104299830645,-5.251099945361755,7.157016065278212,-0.855719657162048,-0.3001992160414009,2.2608030114580213,3.023337512573142,3.582715946745509,3.4913494940466583,4.760324880221823,4.626048361772403,-5.251099945361755
SGP007159,4.106074198841356,2.3474869352566614,3.6066706195285088,-1.6201704424796208,-4.323747615575243,2.435249523505025,-4.323747615575243,4.709256964680662,2.6849468538079417,0.9591537047349927,-4.323747615575243,-4.323747615575243,-2.3887119724773633,-0.030708202011515695,-4.323747615575243,-4.323747615575243,-4.323747615575243,-4.323747615575243,-4.323747615575243,-4.323747615575243,-4.323747615575243,-4.323747615575243,-0.5344487510925404,-4.323747615575243,2.427838405043583,1.143319772088562,-4.323747615575243,-1.9075708932812532,7.958630077515791,6.639406953360238,7.257647718678392,2.0833886740202763,-4.323747615575243,3.5498071836772587,7.046396142891715,3.103316552960517,-4.323747615575243,-4.323747615575243,5.507298032033203,-0.11511812457959181,6.788444988296908,1.1335414053040793,-4.323747615575243,-1.4515521805242564,5.447012874353714,-4.323747615575243,3.056140877825273,4.574276294331191,0.26104469943201813,1.1939151072492074,-4.323747615575243,5.275768615741224,1.4391797606654837,2.2449809941263483,1.3543318239236086,-4.323747615575243,1.6691172141440056,6.036833661227154,-4.323747615575243,2.009017742243482,1.878187564977103,-4.323747615575243,-4.323747615575243,0.06090011729096645,-4.323747615575243,5.419122071289237,4.515171447123603,-4.323747615575243,-0.03521531950574186,6.749102811071676,-4.323747615575243,-4.323747615575243,-4.323747615575243,0.3365021693831025,0.28428573117407474,-4.323747615575243,-4.323747615575243,-4.323747615575243,-4.323747615575243,-4.323747615575243,5.4730427898563585,0.010406651738025019,2.517452963720639,0.4143768782788264,-4.323747615575243,7.938746809866718,0.9147301753325721,-4.323747615575243,2.2062043692179065,4.297979168792704,3.958911442844003,2.2283672917277144,3.6974687276661315,5.111704109396214,-4.323747615575243
SGP007165,-3.7357497018279506,3.778221046431958,6.429728103253358,-3.7357497018279506,-3.7357497018279506,-3.7357497018279506,-3.7357497018279506,6.3689417544614,3.4498310410648365,-3.7357497018279506,-3.7357497018279506,-3.7357497018279506,5.644046326865829,-3.7357497018279506,-3.7357497018279506,4.003371083191132,-3.7357497018279506,-3.7357497018279506,3.9044126700654376,-3.7357497018279506,-3.7357497018279506,-3.7357497018279506,-3.7357497018279506,-3.7357497018279506,4.520649865887437,4.514119383557741,-3.7357497018279506,-3.7357497018279506,7.613578282034972,7.251162546237174,6.275786753963912,0.7142544986853654,-3.7357497018279506,-3.7357497018279506,5.906309697960585,5.731420443354237,-3.7357497018279506,-3.7357497018279506,-3.7357497018279506,-3.7357497018279506,6.693753406606534,1.242919811323075,1.2324257311931532,3.802033783608209,6.031234981272303,-3.7357497018279506,4.650273061092566,5.907976038191264,2.3366996503988515,-3.7357497018279506,3.0923206896800917,7.526330006523138,4.812085457395551,6.937606217657909,-3.7357497018279506,-3.7357497018279506,-3.7357497018279506,7.403819971907262,-3.7357497018279506,-3.7357497018279506,-3.7357497018279506,3.1490416969751776,0.6150271101233518,3.132350110938191,1.1457908898089446,-3.7357497018279506,-3.7357497018279506,-3.7357497018279506,-3.7357497018279506,-3.7357497018279506,-3.7357497018279506,-3.7357497018279506,-3.7357497018279506,2.6678368373869494,4.1728951908188066,-3.7357497018279506,-3.7357497018279506,-3.7357497018279506,9.028779693241708,-3.7357497018279506,-3.7357497018279506,0.07051119665116623,1.6783466675536687,6.437794916277024,-3.7357497018279506,0.7969377404498914,-3.7357497018279506,-3.7357497018279506,4.883067697377591,-3.7357497018279506,-3.7357497018279506,3.916539365464227,4.130924977372372,7.366310930336358,-0.444232531416473
SGP007166,-3.3096679912266715,0.869326967583623,6.089550553203999,-3.3096679912266715,-3.3096679912266715,-3.3096679912266715,-3.3096679912266715,6.906987637674592,1.8535255824027974,-3.3096679912266715,-3.3096679912266715,-3.3096679912266715,4.42873772682958,-3.3096679912266715,-3.3096679912266715,3.4469334380122723,-3.3096679912266715,-3.3096679912266715,2.8642675838856686,-3.3096679912266715,-3.3096679912266715,-3.3096679912266715,-3.3096679912266715,-3.3096679912266715,2.637485445637762,3.9947601249970806,-3.3096679912266715,-3.3096679912266715,8.934903487890146,8.10569586707332,6.283962294761517,2.6395935351597615,-3.3096679912266715,-3.3096679912266715,7.18884282343852,6.947591612339263,-3.3096679912266715,-3.3096679912266715,-3.3096679912266715,-3.3096679912266715,7.533077392179877,1.7946292914594437,-3.3096679912266715,4.754388508692638,5.694873878213671,-3.3096679912266715,6.478574446906984,6.162278146939676,3.759319654605137,-3.3096679912266715,-3.3096679912266715,8.7819288376066,5.410492847618996,7.315517076454313,-3.3096679912266715,-3.3096679912266715,-3.3096679912266715,8.591930417693058,-3.3096679912266715,-3.3096679912266715,3.5780269006868783,7.164762646725709,4.437801865342939,2.5403245681210027,-3.3096679912266715,-3.3096679912266715,1.0009422893504727,-3.3096679912266715,-3.3096679912266715,-3.3096679912266715,-3.3096679912266715,-3.3096679912266715,-3.3096679912266715,-3.3096679912266715,4.150888235823227,-3.3096679912266715,-3.3096679912266715,-3.3096679912266715,7.603084543988778,-3.3096679912266715,-3.3096679912266715,-3.3096679912266715,-3.3096679912266715,4.4932517615051975,-3.3096679912266715,0.19289894864917123,-3.3096679912266715,-3.3096679912266715,5.450929858644985,-3.3096679912266715,-3.3096679912266715,4.003748854394417,4.5652398474261116,-3.3096679912266715,-3.3096679912266715
SGP007167,-2.8311954845043648,-2.8311954845043648,6.880093540695697,-2.8311954845043648,-2.8311954845043648,-2.8311954845043648,-2.8311954845043648,5.051805303109252,-2.8311954845043648,-2.8311954845043648,-2.8311954845043648,-2.8311954845043648,3.743113178787442,-2.8311954845043648,-2.8311954845043648,-2.8311954845043648,-2.8311954845043648,-2.8311954845043648,-2.8311954845043648,-2.8311954845043648,-2.8311954845043648,-2.8311954845043648,-2.8311954845043648,-2.8311954845043648,-0.15807941074775123,0.9816177363349983,-2.8311954845043648,-2.8311954845043648,9.261666217561519,8.019388810626271,7.692852883738914,5.525364979743734,-2.8311954845043648,-2.8311954845043648,7.647876090607119,4.256932923705329,-2.8311954845043648,-2.8311954845043648,-2.8311954845043648,-2.8311954845043648,7.345228175611705,1.8212913096967576,-2.8311954845043648,1.2441166482095927,4.404687255421628,-2.8311954845043648,3.670115190118789,6.0081931295658455,2.538741373328948,-2.8311954845043648,-2.8311954845043648,6.184726815964201,5.545166913774371,6.726423607638662,-2.8311954845043648,-2.8311954845043648,-2.8311954845043648,7.795822733439369,-2.8311954845043648,-2.8311954845043648,-2.8311954845043648,4.004995621090091,4.224404362289669,2.4482833436207176,3.3314351706084677,-2.8311954845043648,1.4562266572045548,-2.8311954845043648,-2.8311954845043648,-2.8311954845043648,-2.8311954845043648,-2.8311954845043648,-2.8311954845043648,-0.8628922155545666,-2.8311954845043648,-2.8311954845043648,-2.8311954845043648,-2.8311954845043648,10.362772715895682,-2.8311954845043648,-2.8311954845043648,-2.8311954845043648,-2.8311954845043648,6.7326689571310165,-2.8311954845043648,1.002504147148331,-2.8311954845043648,-2.8311954845043648,5.008351187469027,-2.8311954845043648,-2.8311954845043648,5.100415423333764,6.1436298757572985,2.597287622150766,3.3033053106792964
SGP007168,-3.4885270838349136,3.5177943208421,6.362673056993035,-3.4885270838349136,-3.4885270838349136,3.215182654653354,-3.4885270838349136,8.241456257848537,3.390850946811584,-3.4885270838349136,-3.4885270838349136,-3.4885270838349136,2.52781151683798,-3.4885270838349136,-3.4885270838349136,-3.4885270838349136,-3.4885270838349136,-3.4885270838349136,0.33319292555301594,-3.4885270838349136,-1.635598041378902,-3.4885270838349136,-3.4885270838349136,-3.4885270838349136,-0.14911036940675437,0.48031038211213506,-3.4885270838349136,0.4010276712848686,8.646180528460889,8.62781522772526,7.156987973116417,2.816711853841136,-3.4885270838349136,5.836288181604251,7.406700982702954,5.742531728581145,-3.4885270838349136,-3.4885270838349136,-3.4885270838349136,-3.4885270838349136,7.143356942940219,1.393075239888045,-3.4885270838349136,3.52172298585727,3.3845530031840845,-1.0418342355960064,6.962768109626808,6.906959290297431,3.786131780356336,-3.4885270838349136,1.3780571912309174,7.638602409357933,5.851893453216225,8.00528555511304,-3.4885270838349136,-3.4885270838349136,-3.4885270838349136,6.246765970364752,-3.4885270838349136,-3.4885270838349136,-3.4885270838349136,5.083403853209264,0.6750405349815924,3.6553982746585607,-3.4885270838349136,-3.4885270838349136,-3.4885270838349136,-3.4885270838349136,-3.4885270838349136,-3.4885270838349136,-3.4885270838349136,-3.4885270838349136,-3.4885270838349136,0.03768271043670879,0.3511439828648282,-3.4885270838349136,-3.4885270838349136,-3.4885270838349136,5.898808165041549,-3.4885270838349136,-3.4885270838349136,-3.4885270838349136,-3.4885270838349136,3.050654614066211,-3.4885270838349136,1.0457709733253395,-3.4885270838349136,-3.4885270838349136,6.504868072043939,2.043480308875786,-3.4885270838349136,4.6964852666715196,5.427120308124415,5.348878717259839,-3.4885270838349136
SGP007173,-3.1072798513217634,1.2163332973677043,4.807883319859658,-3.1072798513217634,-3.1072798513217634,-3.1072798513217634,-3.1072798513217634,7.645992243530398,3.2352531075949056,-3.1072798513217634,-3.1072798513217634,0.10807795547530752,2.066940616482432,-3.1072798513217634,-3.1072798513217634,-3.1072798513217634,-3.1072798513217634,-3.1072798513217634,-3.1072798513217634,-3.1072798513217634,-3.1072798513217634,-3.1072798513217634,-3.1072798513217634,-3.1072798513217634,-3.1072798513217634,-3.1072798513217634,-3.1072798513217634,-3.1072798513217634,5.36961413401171,-3.1072798513217634,5.776528425997853,5.1311428122815865,-3.1072798513217634,-3.1072798513217634,5.548467028315817,8.671085944639294,-3.1072798513217634,-3.1072798513217634,-3.1072798513217634,-3.1072798513217634,7.716897992353859,1.0398539615364886,-3.1072798513217634,4.305116223530575,7.666831359195166,-3.1072798513217634,2.404487428831171,7.714228424051109,3.65878866354206,3.3660527629714636,-3.1072798513217634,7.386121161389903,6.75124029430776,4.068356397505878,-3.1072798513217634,-3.1072798513217634,-3.1072798513217634,6.318402342002646,-3.1072798513217634,-3.1072798513217634,-3.1072798513217634,9.581507152300194,4.064257210531219,2.40122200152811,4.036756857133637,-3.1072798513217634,6.358880690336609,-3.1072798513217634,-3.1072798513217634,-3.1072798513217634,-3.1072798513217634,-3.1072798513217634,-3.1072798513217634,-3.1072798513217634,-3.1072798513217634,-3.1072798513217634,-3.1072798513217634,-3.1072798513217634,2.253450134097683,-3.1072798513217634,1.8389178954112602,-3.1072798513217634,-3.1072798513217634,-3.1072798513217634,-3.1072798513217634,8.92528449022447,4.497268229088983,3.329240218771907,7.8880328000741535,-3.1072798513217634,-3.1072798513217634,4.567008378429594,3.336166334023649,5.170543087935475,-3.1072798513217634
SGP007174,-3.683229946848087,-0.16083645674896907,5.405450227073042,-3.683229946848087,-3.683229946848087,-3.683229946848087,-3.683229946848087,7.687279106480777,2.28843641759431,-3.683229946848087,-3.683229946848087,4.991540809764531,4.643691283923302,-3.683229946848087,-3.683229946848087,-3.683229946848087,3.2293195527509404,-3.683229946848087,-3.683229946848087,-3.683229946848087,-3.683229946848087,-3.683229946848087,-3.683229946848087,2.191889438613628,3.8380915539230562,-3.683229946848087,2.8658961794314406,-3.683229946848087,8.650929731058643,-3.683229946848087,5.988526484099334,6.155208064569834,-3.683229946848087,-3.683229946848087,5.9446415966110715,8.334548608849268,-3.683229946848087,-3.683229946848087,-3.683229946848087,-3.683229946848087,6.24316985241023,0.7929895559620608,-3.683229946848087,4.106305204632975,6.692193482580389,-3.683229946848087,5.03389593466742,6.71374679056677,3.081219262327757,4.226474312643469,-3.683229946848087,6.923697475113105,5.047456538539821,8.030362206056441,-3.683229946848087,-3.683229946848087,-3.683229946848087,6.572947218603274,-3.683229946848087,-3.683229946848087,-3.683229946848087,7.382172552528438,1.998860418401705,1.435008023141755,2.7906989041027757,-3.683229946848087,4.768896261617451,-3.683229946848087,-3.683229946848087,-3.683229946848087,-3.683229946848087,-3.683229946848087,-3.683229946848087,-3.683229946848087,-3.683229946848087,-3.683229946848087,-3.683229946848087,-3.683229946848087,1.5138931758909102,-3.683229946848087,7.039473183863151,0.4742143199469293,-3.683229946848087,2.49843875484654,-3.683229946848087,0.3356944888963689,5.782718071885498,1.9818898395719824,5.8536786210729925,-3.683229946848087,-3.683229946848087,3.531842432972663,5.176253773850643,-3.683229946848087,3.445153981412255
SGP007175,-4.87660428085551,-4.87660428085551,3.5510218630849506,3.7013869558746206,-4.87660428085551,3.555585201642251,-4.87660428085551,5.20566301095789,0.6158226331587695,-4.87660428085551,3.4791197904191415,4.733743321822223,7.57632551151049,-4.87660428085551,-4.87660428085551,-4.87660428085551,4.940940991255947,-4.87660428085551,-4.87660428085551,-4.87660428085551,-4.87660428085551,-4.87660428085551,-4.87660428085551,3.3384912003566,3.8669429998052642,-4.87660428085551,3.3704177894401637,3.3784718934252584,1.8572816205635156,-0.20086931313615253,0.08594996008823408,-4.87660428085551,-4.87660428085551,-4.87660428085551,2.6268728138245416,4.018812563494828,-4.87660428085551,2.2281862543218534,-4.87660428085551,4.413124493757663,5.386033045790722,-1.368884783787717,2.1573663807956196,2.095303909523989,5.553981882886827,-4.87660428085551,3.123534702433659,6.067059561568586,0.8599140675327739,-4.87660428085551,4.842346794422184,2.83738565827362,3.837029121203458,1.4237691296740485,-4.87660428085551,-4.87660428085551,-4.87660428085551,6.830043163344012,-4.87660428085551,-4.87660428085551,3.9741661819634144,6.569155483244293,0.10428405672877261,-0.35954168551841015,4.87595897599334,-4.87660428085551,1.0797249724562423,-4.87660428085551,0.14496973922323164,-4.87660428085551,3.407577351174247,3.940993660159613,-4.87660428085551,6.543016731361842,-4.87660428085551,-4.87660428085551,-4.87660428085551,4.911557312001439,2.6145786696871864,4.27206024313308,-4.87660428085551,2.728261683410121,4.685102146487104,5.016482390918837,-4.87660428085551,0.18805046032702322,4.207050858719433,5.391033956837072,5.4501333617406065,1.386792761949315,-4.87660428085551,0.10946121765522676,1.568196620233655,-4.87660428085551,2.513721333292164
SGP007176,-3.93941561362527,1.3041955473309716,5.645005921023967,-1.0740068101334757,-3.93941561362527,1.3063521325426386,-3.93941561362527,6.651804049112458,3.3864334293204923,-3.93941561362527,-3.93941561362527,3.329472019904345,4.795864703316903,-3.93941561362527,-3.93941561362527,-3.93941561362527,3.7248013881451607,-3.93941561362527,-3.93941561362527,-3.93941561362527,-3.93941561362527,-3.93941561362527,-3.93941561362527,2.6737053594052735,2.814639783240419,-3.93941561362527,2.3390035519142476,-3.93941561362527,5.339385670770985,-3.93941561362527,6.670246792873032,5.956959437341926,-3.93941561362527,-3.93941561362527,6.861914101457056,7.112604517446499,-3.93941561362527,-3.93941561362527,-3.93941561362527,-3.93941561362527,6.844857064552317,0.963457895930814,-3.93941561362527,4.085858557135242,7.105377527110768,-3.93941561362527,5.532950166773861,7.261156259203549,2.9964490430559634,-0.14539827505043235,-3.93941561362527,6.392276991226279,6.534738358494252,3.3705652307497145,-3.93941561362527,-3.93941561362527,-3.93941561362527,7.592649379297804,-3.93941561362527,-3.93941561362527,3.540451613090198,8.46441475185689,4.83318933827967,0.22035376287537822,-3.93941561362527,-3.93941561362527,2.6527680947913064,-3.93941561362527,-0.6375624581840267,-3.93941561362527,-3.93941561362527,-1.0975671297622647,-3.93941561362527,-3.93941561362527,-3.93941561362527,-3.93941561362527,-3.93941561362527,-3.93941561362527,1.9112178691821589,0.9032498352616134,-3.93941561362527,-0.22682483896564598,-3.93941561362527,5.219188503823596,-3.93941561362527,1.6732422293960898,4.222469860463517,4.482563017301193,7.519350096681862,-3.93941561362527,-3.93941561362527,3.225066873041042,3.704842178158004,5.068654282539204,2.100146167064577
SGP007183,-4.444505055201322,3.6153381387673997,4.553485862795524,-0.11361283689527646,-4.444505055201322,4.6861054940612785,-0.04320410228053184,7.206281517560175,4.22723095938583,-0.5629992795397403,-4.444505055201322,-4.444505055201322,4.300210695269964,-4.444505055201322,-4.444505055201322,2.7544525857302986,-4.444505055201322,2.899812528314576,-4.444505055201322,-4.444505055201322,-4.444505055201322,-0.789622841659698,-4.444505055201322,0.4373783387252512,4.055791471306285,1.846092884991239,-4.444505055201322,2.875240861349636,-4.444505055201322,-4.444505055201322,0.21731566523788537,-2.142193568778799,-0.6651152141120207,-4.444505055201322,4.993403219026701,5.696006552690093,-4.444505055201322,-4.444505055201322,-4.444505055201322,1.3518149383940106,-1.3240712473365885,-4.444505055201322,-4.444505055201322,-4.444505055201322,6.958557031036122,4.207112237491517,3.6216979199227035,0.06259778881257283,4.544088379543918,0.7611779061017856,4.549233491962341,5.806869999099703,5.950090492255407,7.586628730430003,-4.444505055201322,-0.1429421535470432,3.7640975113825075,6.794948793157072,-4.444505055201322,-4.444505055201322,3.886735250622147,6.849650410892701,-4.444505055201322,3.1160282949358438,-4.444505055201322,-4.444505055201322,4.160648453922756,-4.444505055201322,1.3971846419114646,-4.444505055201322,0.9968042400663872,-4.444505055201322,-4.444505055201322,1.5001556403327108,3.1796965072907994,-4.444505055201322,-4.444505055201322,-4.444505055201322,-4.444505055201322,-4.444505055201322,7.141848936908109,-4.444505055201322,-4.444505055201322,2.8652826023268414,-4.444505055201322,7.117500629835165,2.9663749610672463,4.9623108492507955,5.891277551883643,2.4235648717924017,-4.444505055201322,3.3524536672384784,3.6824238649841714,5.414935578346346,2.336024503792106
SGP007184,-2.9345889601626602,-2.9345889601626602,4.5177282184495935,-2.9345889601626602,-2.9345889601626602,3.968448715834998,-2.9345889601626602,8.754746702230833,-2.9345889601626602,-2.9345889601626602,-2.9345889601626602,-2.9345889601626602,6.798884749312228,-2.9345889601626602,-2.9345889601626602,-2.9345889601626602,-2.9345889601626602,4.702835117208791,-2.9345889601626602,-2.9345889601626602,-2.9345889601626602,-2.9345889601626602,-2.9345889601626602,-2.9345889601626602,5.927302859875365,6.3054120376513,-2.9345889601626602,3.2770625933320954,-2.9345889601626602,-2.9345889601626602,3.4192759386835068,4.792128357897639,-2.9345889601626602,-2.9345889601626602,5.207579415188696,7.690364295834767,-2.9345889601626602,-2.9345889601626602,-2.9345889601626602,-2.9345889601626602,-2.9345889601626602,-2.9345889601626602,-2.9345889601626602,-2.9345889601626602,8.618501587345774,-2.9345889601626602,-2.9345889601626602,-2.9345889601626602,-2.9345889601626602,-2.9345889601626602,-2.9345889601626602,6.401051893439177,7.17823766463872,7.651355813704216,-2.9345889601626602,7.837843261545002,6.791249400843535,9.078918160175089,-2.9345889601626602,-2.9345889601626602,-2.9345889601626602,6.762160648784595,-2.9345889601626602,-2.9345889601626602,5.69646245779657,-2.9345889601626602,-2.9345889601626602,-2.9345889601626602,-2.9345889601626602,-2.9345889601626602,-2.9345889601626602,-2.9345889601626602,-2.9345889601626602,4.897031344563464,4.056287284748097,-2.9345889601626602,-2.9345889601626602,-2.9345889601626602,-2.9345889601626602,-2.9345889601626602,9.519801045666423,-2.9345889601626602,-2.9345889601626602,2.757012222090726,-2.9345889601626602,-2.9345889601626602,3.7322628836236413,7.28631529969063,8.07293960718084,-2.9345889601626602,-2.9345889601626602,5.536729309238827,5.9636883457095555,4.614076218124525,-2.9345889601626602
SGP007189,4.972091160956844,-4.609656521657513,4.651105909251076,-4.609656521657513,-0.7666116039657282,1.6975219386851688,-4.609656521657513,4.33900403035731,-0.7270873889085241,1.966090621909263,-4.609656521657513,-4.609656521657513,-1.0930965530491648,-4.609656521657513,-4.609656521657513,1.7188101913040983,-4.609656521657513,1.2465780841392213,-1.7921202132991745,-4.609656521657513,-4.609656521657513,-4.609656521657513,2.2564006439568356,0.7252040244766338,-4.609656521657513,1.679270079193775,-2.7687573542147916,-4.609656521657513,6.490658140281342,-4.609656521657513,4.373272995966473,-0.08609045602157295,-4.609656521657513,-4.609656521657513,5.154466107196048,4.829013633912899,-4.609656521657513,-4.609656521657513,-4.609656521657513,-4.609656521657513,6.726745038514403,1.2455985785615455,-4.609656521657513,2.230203857716485,5.742516655092729,6.604335183289328,5.29458593878969,6.5729523678043265,1.1999845602261416,6.674969600144602,-1.5014955843818782,4.929122571008366,4.020551798745593,7.153725838640691,-4.609656521657513,-4.609656521657513,4.073246691589467,6.163989730477005,-4.609656521657513,3.206716687279627,-4.609656521657513,6.189273519960926,4.64765222848039,-4.609656521657513,3.5725974848504567,-4.609656521657513,4.681584869414655,-1.5893086184462035,-4.609656521657513,-4.609656521657513,-4.609656521657513,-4.609656521657513,-4.609656521657513,0.753653210927272,2.1240873784739875,-4.609656521657513,-4.609656521657513,-4.609656521657513,2.6822324725241016,-4.609656521657513,5.223736270061863,1.5071129144257522,2.2232234710704386,3.153770480256725,-4.609656521657513,6.988623280280017,3.432547495919411,-4.609656521657513,6.167701240647206,2.577581568578104,-4.609656521657513,4.9291348865300675,4.805154716602457,2.5828703021112167,3.9199016663476636
SGP007190,5.045744344732846,-4.3262756328535215,4.609322256435003,-4.3262756328535215,-4.3262756328535215,-0.049589520063729964,-4.3262756328535215,5.187118942367145,0.13702623216811105,1.271246391503606,-4.3262756328535215,-4.3262756328535215,-0.22255902446180365,-4.3262756328535215,-4.3262756328535215,0.4051628730117933,-4.3262756328535215,0.6265421121948176,-1.1337656848811584,-4.3262756328535215,-4.3262756328535215,-4.3262756328535215,1.079018474717703,-4.3262756328535215,-4.3262756328535215,0.7792017718182382,-4.3262756328535215,-4.3262756328535215,6.744085767528058,-4.3262756328535215,5.3942406139716,2.8900401091262307,-4.3262756328535215,-4.3262756328535215,4.76753158940515,5.2642387378099285,-4.3262756328535215,-4.3262756328535215,-4.3262756328535215,-4.3262756328535215,7.709553282726957,1.7984720454717698,-4.3262756328535215,1.7193063871548837,5.943440311244958,6.775369785808824,5.685156802257559,7.732579387879516,0.20084422823460812,6.3394551962095065,-0.09010862654419505,6.070857106342952,2.5668631023638744,5.55224577148972,-4.3262756328535215,-4.3262756328535215,-0.8613593670816435,5.391949209360485,-4.3262756328535215,3.548448033210293,-4.3262756328535215,6.053916895125084,4.610262601132065,-4.3262756328535215,3.837935900330134,-4.3262756328535215,3.528131053990478,-4.3262756328535215,-4.3262756328535215,4.486131553041306,-0.24644578642585202,-4.3262756328535215,0.6197875785751705,-0.1992295538873332,1.4488170615777651,-4.3262756328535215,-4.3262756328535215,-4.3262756328535215,5.8775860721118764,-4.3262756328535215,4.442189468128069,-4.3262756328535215,-4.3262756328535215,2.366202996175546,-4.3262756328535215,6.582100916932086,3.24708964106326,-4.3262756328535215,6.352214332262502,1.9126458234640422,-4.3262756328535215,7.0663300972769445,3.5024722867483806,3.649685283764436,3.6880737149480263
SGP007191,5.494180187472587,-3.811924737333433,4.505916357254944,-3.811924737333433,-3.811924737333433,0.40432692305796536,-3.811924737333433,5.744181881946607,-3.811924737333433,0.5667069688362147,-3.811924737333433,-3.811924737333433,-3.811924737333433,-3.811924737333433,-3.811924737333433,-0.34109217132098557,-3.811924737333433,-3.811924737333433,-3.811924737333433,-3.811924737333433,-3.811924737333433,-3.811924737333433,1.6247997908141336,-3.811924737333433,-3.811924737333433,-3.811924737333433,-3.811924737333433,-3.811924737333433,6.228412931349106,-3.811924737333433,4.443306570407224,0.9113178689090269,-3.811924737333433,-3.811924737333433,5.4008763450933674,4.6357136687848275,-3.811924737333433,-3.811924737333433,-3.811924737333433,-3.811924737333433,7.528971189543148,2.142632432527817,-3.811924737333433,3.480069761928,5.844998193976161,5.646323604046931,6.094277473397467,8.352121121544535,2.0985195408310977,8.215742838910412,3.0210409101866995,6.350525178461955,3.727199684387684,5.448437784851296,-3.811924737333433,-3.811924737333433,-3.811924737333433,5.5820937933792045,-3.811924737333433,0.1408569940966622,-3.811924737333433,5.642714666904946,5.13887851992867,-3.811924737333433,3.205453243792647,-3.811924737333433,1.4965398881174963,-3.811924737333433,-3.811924737333433,4.106645970345572,-3.811924737333433,-3.811924737333433,-3.811924737333433,-3.811924737333433,1.475443735991112,-3.811924737333433,-3.811924737333433,-3.811924737333433,5.970810581329745,-3.811924737333433,5.090653569885015,3.812441237092502,-1.7889558202157687,2.2033547339382666,-3.811924737333433,6.897140204316207,2.3193395938568973,-3.811924737333433,6.42697616901437,4.0925627639101085,-3.811924737333433,8.21970644345504,7.4187690819054435,5.57530445842877,-3.811924737333433
SGP007192,4.211506743313519,-5.145241472292106,2.5088581516527917,1.532133315981195,0.04613623384802068,1.4919276410813316,-5.145241472292106,3.3794793414700104,-5.145241472292106,2.3791414115105534,-5.145241472292106,-5.145241472292106,1.58828537298118,-5.145241472292106,-5.145241472292106,3.7316121008533347,-5.145241472292106,2.7459457523837933,0.2596117928249999,-5.145241472292106,-5.145241472292106,-5.145241472292106,3.616140806516462,2.960361832891694,0.6545745391907207,3.8841741383764843,3.439218686491503,1.8706074401806454,4.364178658294286,-5.145241472292106,2.776050518450835,-5.145241472292106,-2.6030624700032003,-5.145241472292106,4.0082008766718715,2.0355086351206566,-5.145241472292106,-5.145241472292106,-5.145241472292106,3.9124029234986146,6.674501154335487,1.2176409801367685,-5.145241472292106,0.6407328365048084,5.545638883183093,5.9186560165580495,4.472346478565625,6.263546835731846,-2.2702790911512096,6.148897963055476,-5.145241472292106,4.210432966166366,3.4966446626980163,5.098488346260858,-5.145241472292106,-5.145241472292106,-5.145241472292106,7.014575173618357,-5.145241472292106,1.607718852302897,1.5071562730614687,3.5356930830056337,2.5555522566242193,-5.145241472292106,1.589138206543728,-5.145241472292106,0.569283947566678,-5.145241472292106,-5.145241472292106,4.108055035696999,1.577706850134823,3.0361004746967533,-0.5409217146669718,1.9297274719881168,3.0442903184899226,-5.145241472292106,-5.145241472292106,-5.145241472292106,3.5075108301247075,-5.145241472292106,4.25516029898709,2.557064595639295,-5.145241472292106,2.7737064998934553,-5.145241472292106,5.895368473955952,2.986695652487457,-5.145241472292106,5.34051132462403,2.5047719663562056,-5.145241472292106,5.697296672264359,4.674482697560746,4.273600248745398,1.8729635648962732
SGP007197,2.607114321467977,3.4143118219928352,7.093625802681461,-2.7108830358908627,-2.7108830358908627,-2.7108830358908627,-2.7108830358908627,7.271897951010882,4.359622102883213,-2.7108830358908627,-2.7108830358908627,-2.7108830358908627,-2.7108830358908627,-2.7108830358908627,-2.7108830358908627,-2.7108830358908627,-2.7108830358908627,1.0288219077334375,-2.7108830358908627,-2.7108830358908627,-2.7108830358908627,-2.7108830358908627,1.2540108171230173,-2.7108830358908627,3.652462092587852,6.6808441550842375,-2.7108830358908627,-2.7108830358908627,-2.7108830358908627,-2.7108830358908627,9.48518278570684,9.843745876726377,-2.7108830358908627,-2.7108830358908627,3.4980995467107796,2.619562917960913,-2.7108830358908627,-2.7108830358908627,-2.7108830358908627,2.1040364855884732,-2.7108830358908627,-2.7108830358908627,-2.7108830358908627,-2.7108830358908627,6.2033229878831655,-2.7108830358908627,7.4664511513110945,9.922786574243188,3.5809089714584896,-2.7108830358908627,-2.7108830358908627,6.493113085364025,3.7452583394114543,6.512527257947776,-2.7108830358908627,1.1303418736500657,6.123300647240674,8.010625625248657,-2.7108830358908627,-2.7108830358908627,-2.7108830358908627,2.6141046178822034,-2.7108830358908627,3.6828237869992675,-2.7108830358908627,-2.7108830358908627,-2.7108830358908627,-2.7108830358908627,-2.7108830358908627,-2.7108830358908627,-2.7108830358908627,-2.7108830358908627,-2.7108830358908627,-2.7108830358908627,-2.7108830358908627,-2.7108830358908627,-2.7108830358908627,3.5292649012278856,-2.7108830358908627,6.516403454833096,-2.7108830358908627,-2.7108830358908627,-2.7108830358908627,-2.7108830358908627,-2.7108830358908627,0.8128073900770616,6.292887496131018,-2.7108830358908627,6.945755190938662,-2.7108830358908627,-2.7108830358908627,2.2502499153486895,1.7754169167288527,6.842176420157557,-2.7108830358908627
SGP007201,-2.93261420983133,4.83488422910769,5.438369288794234,-2.93261420983133,-2.93261420983133,-2.93261420983133,-2.93261420983133,7.796972444125268,5.7002788963972915,0.7767488297356522,-2.93261420983133,-2.93261420983133,-2.93261420983133,-2.93261420983133,-2.93261420983133,-2.93261420983133,-2.93261420983133,-2.93261420983133,-2.93261420983133,-2.93261420983133,-2.93261420983133,-2.93261420983133,-2.93261420983133,-2.93261420983133,0.12064238627332635,3.750743708567925,-2.93261420983133,-2.93261420983133,9.936876119046667,-2.93261420983133,9.847857684567451,0.6244715514292523,-2.93261420983133,1.6482214093900858,6.003786980452242,5.744429733170661,-2.93261420983133,-2.93261420983133,-2.93261420983133,-2.93261420983133,0.3479476343388672,-2.93261420983133,-2.93261420983133,1.1362242469014951,6.653168127420026,-2.93261420983133,7.5886694665135845,7.94232514690442,-0.055659177300830365,5.830217892216222,1.9557636765053612,6.808910129332357,5.627270662440595,5.415114437810631,-2.93261420983133,-2.93261420983133,4.739890935159406,7.224818291081872,-2.93261420983133,-2.93261420983133,-2.93261420983133,-2.93261420983133,-2.93261420983133,1.561470008537773,3.254628022514396,-2.93261420983133,5.0401482359040335,-2.93261420983133,-2.93261420983133,-2.93261420983133,-2.93261420983133,-2.93261420983133,-2.93261420983133,-2.93261420983133,-2.93261420983133,-2.93261420983133,-2.93261420983133,4.219600683736277,-2.93261420983133,0.450900023560898,-2.93261420983133,4.276519544675728,5.437576335151696,-1.3302497292637518,2.350971610480075,2.6300324450287462,-2.93261420983133,-2.93261420983133,-2.93261420983133,-2.93261420983133,-2.93261420983133,4.420436903735693,5.7391630047677005,2.7362539313423024,-2.93261420983133
SGP007202,-3.5243411207671684,6.053836568020558,4.658798606621033,-3.5243411207671684,-3.5243411207671684,2.0600385904554646,-3.5243411207671684,8.077025502255244,7.019998256604505,2.405885617965346,-3.5243411207671684,-3.5243411207671684,-3.5243411207671684,-3.5243411207671684,-3.5243411207671684,-3.5243411207671684,2.6469326766742336,-3.5243411207671684,2.526629389736553,-3.5243411207671684,-3.5243411207671684,-3.5243411207671684,-3.5243411207671684,-3.5243411207671684,2.559909122701857,3.6626512825981736,-3.5243411207671684,0.5069731724695341,8.387538571675789,-3.5243411207671684,8.336292277870957,-3.5243411207671684,-3.5243411207671684,4.449579073731521,6.03201715187879,5.358343415924276,-3.5243411207671684,-3.5243411207671684,-3.5243411207671684,-3.5243411207671684,-3.5243411207671684,-3.5243411207671684,-3.5243411207671684,5.93295204841319,7.479366878362383,-3.5243411207671684,7.255100799684809,6.905337402582553,4.256033185013721,1.9641545743649438,-3.5243411207671684,7.354059860570416,4.595217023677361,4.151299421793323,-3.5243411207671684,-3.5243411207671684,0.425851191163515,7.252904681768033,-3.5243411207671684,-3.5243411207671684,2.8218407460847024,-3.5243411207671684,-3.5243411207671684,4.881804543482785,-3.5243411207671684,-3.5243411207671684,6.757537472537177,-3.5243411207671684,-3.5243411207671684,-3.5243411207671684,-3.5243411207671684,-3.5243411207671684,-3.5243411207671684,-3.5243411207671684,-3.5243411207671684,-3.5243411207671684,-3.5243411207671684,-0.13661514719149181,-3.5243411207671684,-3.5243411207671684,-3.5243411207671684,4.224183211374492,7.32493857173304,2.1374059865237935,7.541331452849668,2.355122828220006,-3.5243411207671684,-3.5243411207671684,0.9634406004735645,2.3082931208286777,-3.5243411207671684,3.8059128473563657,5.104266989504142,7.910230953071094,-3.5243411207671684
SGP007203,-3.251859325996371,5.4110105529487,6.081187764226888,-3.251859325996371,-3.251859325996371,2.194102355540844,-3.251859325996371,8.12229974239669,6.0207804260984785,1.963819001772098,-3.251859325996371,-3.251859325996371,-3.251859325996371,-3.251859325996371,-3.251859325996371,-3.251859325996371,-3.251859325996371,-3.251859325996371,1.6043260415886564,-3.251859325996371,-3.251859325996371,-3.251859325996371,-3.251859325996371,-3.251859325996371,2.4638112272445394,2.8137785586404904,-3.251859325996371,0.30189128238113305,8.757548551058628,-3.251859325996371,8.237780718400177,1.9124881284360384,-3.251859325996371,3.294485677399008,8.043699218375387,5.703291704783516,-3.251859325996371,-3.251859325996371,-3.251859325996371,-3.251859325996371,-3.251859325996371,-3.251859325996371,-3.251859325996371,4.796464897967422,7.221864471253661,-3.251859325996371,7.534567206172907,7.919643056358058,5.139628488339534,-3.251859325996371,-3.251859325996371,7.920368254687675,3.733398599992632,8.208294487720744,-3.251859325996371,-3.251859325996371,4.4939169083891235,7.929802314945938,-3.251859325996371,-3.251859325996371,-3.251859325996371,3.987263126273806,-3.251859325996371,4.7519337234979835,-3.251859325996371,-3.251859325996371,1.6863801241188892,-3.251859325996371,-3.251859325996371,-3.251859325996371,-3.251859325996371,-3.251859325996371,-3.251859325996371,-3.251859325996371,-3.251859325996371,-3.251859325996371,-3.251859325996371,1.1799368547878881,-3.251859325996371,-3.251859325996371,-3.251859325996371,-3.251859325996371,7.667130842375771,-3.251859325996371,6.953736415673195,3.5681972816772562,-3.251859325996371,-3.251859325996371,2.258894183483246,1.464159075034713,-3.251859325996371,1.8165481580304625,4.917210379446472,7.280341780273611,-3.251859325996371
SGP007204,-3.0044565858019006,5.558317687398748,6.564682051232307,-3.0044565858019006,-3.0044565858019006,3.1396692595351405,-3.0044565858019006,7.86875783664796,6.070812379097218,0.10187781187809364,-3.0044565858019006,-3.0044565858019006,-3.0044565858019006,-3.0044565858019006,-3.0044565858019006,-3.0044565858019006,-3.0044565858019006,-3.0044565858019006,1.529708533778921,-3.0044565858019006,-3.0044565858019006,-3.0044565858019006,-3.0044565858019006,-3.0044565858019006,3.127101174335225,3.2499290221124344,-3.0044565858019006,0.07992879272121911,9.54934527060485,-3.0044565858019006,8.889427975794078,-3.0044565858019006,-3.0044565858019006,3.8493001768048583,8.217475072426062,5.4294430321815685,-3.0044565858019006,-3.0044565858019006,-3.0044565858019006,-3.0044565858019006,-3.0044565858019006,-3.0044565858019006,-3.0044565858019006,5.183428844071004,7.8190682704067225,-3.0044565858019006,7.50460015990593,7.531326805533832,4.3203790923434795,-3.0044565858019006,-3.0044565858019006,7.604684800774477,5.916465650284275,5.9298970379575895,-3.0044565858019006,-3.0044565858019006,5.35403520632254,8.004068501246563,-3.0044565858019006,-3.0044565858019006,-3.0044565858019006,4.694951496637146,-3.0044565858019006,4.918235147134433,-3.0044565858019006,-3.0044565858019006,0.7555928737989461,-3.0044565858019006,-3.0044565858019006,-3.0044565858019006,-3.0044565858019006,-3.0044565858019006,-3.0044565858019006,-3.0044565858019006,-3.0044565858019006,-3.0044565858019006,-3.0044565858019006,-3.0044565858019006,-3.0044565858019006,-3.0044565858019006,-3.0044565858019006,-3.0044565858019006,8.601784903388054,-3.0044565858019006,7.572742982828543,1.6509209446245734,-3.0044565858019006,-3.0044565858019006,2.9528229563685677,2.3140766126072805,-3.0044565858019006,3.709869263438957,4.702667521891325,-3.0044565858019006,-3.0044565858019006
SGP007210,-0.15239061827700162,2.4577407392560016,4.09171314995771,-3.619126545941512,-3.619126545941512,-3.619126545941512,-3.619126545941512,4.46581706857536,3.119407165469811,-0.7581223240771191,-3.619126545941512,-3.619126545941512,1.7268878551845823,-3.619126545941512,-3.619126545941512,-3.619126545941512,-3.619126545941512,-3.619126545941512,-3.619126545941512,-3.619126545941512,-3.619126545941512,-3.619126545941512,-3.619126545941512,-3.619126545941512,-3.619126545941512,-3.619126545941512,-3.619126545941512,-3.619126545941512,8.945899642078615,6.808015801692212,6.897935692886691,1.9681943527692027,-3.619126545941512,1.8984954948739237,5.455833588875109,4.25636514389901,-3.619126545941512,-3.619126545941512,6.815640488750929,-3.619126545941512,7.770851457394722,2.1807548851183647,-3.619126545941512,4.251106660638912,6.385762843317737,2.2210797904803563,3.9324793952350765,6.730724300192634,2.9912628683481435,3.311391115470631,-3.619126545941512,5.176267480679604,3.2699602807868713,8.495711139819429,-3.619126545941512,-3.619126545941512,-3.619126545941512,6.658930707228332,-3.619126545941512,-3.619126545941512,-3.619126545941512,6.27329219504246,4.953927100642543,1.6277621572019285,5.951146865155199,6.623158356581119,-3.619126545941512,-3.619126545941512,-3.619126545941512,3.293768761357379,-3.619126545941512,-3.619126545941512,1.4864228148324763,-3.619126545941512,2.3806685775554577,-3.619126545941512,-3.619126545941512,-3.619126545941512,-3.619126545941512,-3.619126545941512,-3.619126545941512,-3.619126545941512,-3.619126545941512,2.683075502797731,2.3565020796651224,5.602846844292817,-3.619126545941512,-3.619126545941512,4.271856604769185,-0.27673222175666545,-3.619126545941512,6.676290333003123,7.982893903095165,-3.619126545941512,1.3148578021554655
SGP007211,-1.0140475228921932,2.1825589273774204,4.4132863370037425,-3.7211659849756984,-3.7211659849756984,2.024042071651751,-3.7211659849756984,4.8422157102732415,2.8320218674929682,1.2038170315315995,-3.7211659849756984,-3.7211659849756984,-0.0892065227150578,-3.7211659849756984,-3.7211659849756984,-3.7211659849756984,-3.7211659849756984,-3.7211659849756984,-3.7211659849756984,-3.7211659849756984,-3.7211659849756984,-3.7211659849756984,-3.7211659849756984,-3.7211659849756984,-3.7211659849756984,-3.7211659849756984,-3.7211659849756984,-3.7211659849756984,6.350989114128645,6.599687188022578,5.840765683418642,-3.7211659849756984,-3.7211659849756984,2.547490750258204,6.88721971173507,5.639649296664888,-3.7211659849756984,-3.7211659849756984,5.750753050319381,-3.7211659849756984,7.240216907492645,1.5782147474362986,-3.7211659849756984,5.0655679394710535,5.711060836174158,3.5170513807972803,5.187444643233789,7.005365829631707,4.227218191678462,2.3756478069253113,-3.7211659849756984,4.493272017916549,2.756346866485729,8.643855715659504,-3.7211659849756984,-3.7211659849756984,-3.7211659849756984,4.9832644548948455,-3.7211659849756984,1.7679921627183646,-0.4004835097470032,6.196539291928248,5.559779733215292,2.7229032873851855,4.6591015718524424,6.254232012884106,6.002073493411162,-3.7211659849756984,-3.7211659849756984,-3.7211659849756984,-3.7211659849756984,-3.7211659849756984,2.5144374369632407,-3.7211659849756984,1.495649966921805,-3.7211659849756984,-3.7211659849756984,-3.7211659849756984,-3.7211659849756984,-3.7211659849756984,0.23022917719553604,-3.7211659849756984,-3.7211659849756984,0.411605488186936,0.6766449551776414,7.760679691145885,-3.7211659849756984,-3.7211659849756984,5.245062496694629,-3.7211659849756984,-3.7211659849756984,7.622187264677235,8.543894696105049,-3.7211659849756984,-3.7211659849756984
SGP007212,2.0423842356110145,0.11681098406553936,5.1265273055512575,1.332740640543097,-4.10744816814397,2.733817857098451,-4.10744816814397,5.541667330139185,0.931404040563157,2.3611943791430354,-4.10744816814397,-4.10744816814397,3.717220684212463,-4.10744816814397,-4.10744816814397,-4.10744816814397,0.20026077703072254,-4.10744816814397,-0.8152643473838328,-4.10744816814397,-4.10744816814397,-4.10744816814397,2.036344426488072,-4.10744816814397,-0.37413052740654784,-4.10744816814397,-4.10744816814397,-0.40845416775648324,8.830350908814593,4.754327835907098,5.610957404191396,-4.10744816814397,-1.8386842181423315,-1.6070742727661003,3.456892008775081,3.5746522655640396,-4.10744816814397,-4.10744816814397,6.134962302035012,-4.10744816814397,6.86600327672836,1.4875830786720439,-4.10744816814397,3.0815692887053867,4.285690768222037,4.1352448296770365,3.26033535199576,6.34820799791183,1.970159090213178,3.5024614182653675,-4.10744816814397,4.455486678057446,3.5711148974233815,7.535418978512046,-4.10744816814397,-4.10744816814397,-2.0087334902245164,7.748581228468421,-4.10744816814397,1.7800364564663047,-4.10744816814397,6.44788662713219,5.284328804328441,-2.3091746916440865,-0.6435652519834925,6.187452009312764,5.063936408004296,-4.10744816814397,-4.10744816814397,-4.10744816814397,-4.10744816814397,-4.10744816814397,1.932711428770113,0.8554313103000091,3.1651582737196993,-4.10744816814397,-4.10744816814397,-4.10744816814397,-4.10744816814397,-4.10744816814397,2.808311043352659,-4.10744816814397,-4.10744816814397,0.32631400214962625,-0.2909267386030354,5.927947170732166,1.7138736608506004,-4.10744816814397,4.6144043334527725,-0.07085814583965622,-4.10744816814397,2.2813200222160477,4.352184226722413,1.0656763632689081,-4.10744816814397
SGP007213,3.7899210403086885,-3.9540752380368556,3.560759565728497,-3.9540752380368556,-3.9540752380368556,-3.9540752380368556,-3.9540752380368556,7.948869808938976,-3.9540752380368556,2.5652450966808793,-3.9540752380368556,-3.9540752380368556,5.830718891245563,-3.9540752380368556,-3.9540752380368556,-3.9540752380368556,5.479090816535584,-3.9540752380368556,2.7109739622273246,-3.9540752380368556,-3.9540752380368556,-3.9540752380368556,5.856170446095733,-3.9540752380368556,3.184327522385627,-3.9540752380368556,-3.9540752380368556,-3.9540752380368556,6.4683697127986175,5.979102698096302,6.735225506404807,5.075108648534675,-3.9540752380368556,-3.9540752380368556,2.9098354093567043,6.272410371147404,-3.9540752380368556,-3.9540752380368556,7.267933148080019,-3.9540752380368556,7.708742629599984,1.9326353739869306,-3.9540752380368556,-3.9540752380368556,4.033767936830786,-3.9540752380368556,5.549702166434838,7.310805068473657,3.920492785441745,2.194314090105805,-3.9540752380368556,5.747232065044286,6.10678664754761,2.7701263584507174,-3.9540752380368556,-3.9540752380368556,-3.9540752380368556,6.753034412193033,-3.9540752380368556,-3.9540752380368556,3.3350126608824837,6.893002531921882,4.452400426471986,-0.012010065488766486,4.504292346983534,5.522982805980796,4.439699919607597,-3.9540752380368556,-3.9540752380368556,-3.9540752380368556,-3.9540752380368556,-3.9540752380368556,-3.9540752380368556,-3.9540752380368556,-3.9540752380368556,-3.9540752380368556,-3.9540752380368556,-3.9540752380368556,-3.9540752380368556,-3.9540752380368556,3.0653036349065594,-3.9540752380368556,4.831689091519515,2.7921283258784326,-3.9540752380368556,2.1389365842729298,7.06309063738399,-3.9540752380368556,7.726381786718313,-3.9540752380368556,-3.9540752380368556,3.973106815986287,5.711723037744483,-3.9540752380368556,3.512469658470743
SGP007594,5.385430704586863,-0.7207903369180446,0.8555544526761647,4.771900832557236,2.4407145781764097,5.801602736133279,2.8085057908042854,1.9578355461703776,1.003818494532311,3.8992597890256038,-4.774605711990938,-4.774605711990938,6.247956040895771,8.090654163609665,-4.774605711990938,5.919509499635011,-4.774605711990938,4.427376291180692,-0.46434526675240306,-4.774605711990938,-4.774605711990938,-4.774605711990938,4.59415903641886,2.6071848265593696,7.5183322515493725,4.916921127327409,3.4868554294518095,4.603219337336032,5.1795484645175565,3.1255521293509023,3.690293693043226,-4.774605711990938,-0.054282987794545434,1.4500967896923385,-2.5424386241164463,1.7254562230123707,2.9496329338395206,0.941993626478812,-4.774605711990938,-4.774605711990938,3.531019046303313,-3.057951243591617,2.143961319070497,2.2951414922324256,2.960737541099661,-4.774605711990938,1.362169223133935,3.6996155164553697,-4.774605711990938,-4.774605711990938,1.677015728704843,2.20102015966953,1.8959924706744227,4.498084643705739,4.37938226274559,-4.774605711990938,1.075572778193517,5.490823070644363,0.9433283589342789,4.529225466221086,-0.824614920835339,-4.774605711990938,-4.774605711990938,-4.774605711990938,-2.039726849753281,0.8888508177601953,-1.5457844185128735,-4.774605711990938,-4.774605711990938,-4.774605711990938,4.263514662761143,3.74275499693859,-4.774605711990938,3.4046042782973904,3.8661338144153854,-4.774605711990938,-4.774605711990938,0.6964681481520714,-4.774605711990938,-4.774605711990938,-4.774605711990938,3.735975704108256,-4.774605711990938,3.9137457175691006,2.3862156445144898,-4.774605711990938,-4.774605711990938,-4.774605711990938,-1.4722092319525615,0.8874413025991341,-0.8870904425983692,-4.774605711990938,0.30306386506046223,-4.774605711990938,-4.774605711990938
SGP007595,5.293652256783039,0.4612929122109941,1.8195749571550568,4.6245755943899916,2.153910860153095,5.945117538470116,2.4378007112844404,1.5052537967623945,2.042872876484865,4.064072336832099,-5.378130692287581,-5.378130692287581,4.09764133399225,6.2769487987950185,-5.378130692287581,5.36434245795283,-5.378130692287581,5.090188905699245,-1.40246944940181,-5.378130692287581,-5.378130692287581,-5.378130692287581,6.516742915981717,1.298204685746211,6.499671462342322,6.034030883844628,2.3914702979087803,4.8653346950622804,4.429360896752155,2.9186217406412425,3.2125665755846162,-5.378130692287581,0.4991559552367102,2.054896034872905,1.461699793183005,0.5994290949005023,2.4470283029756015,0.3158362549421021,-5.378130692287581,0.9094681858005895,3.9319770229204885,-2.2745456779041646,0.4125082333568262,1.5510795908654025,3.873403252621145,-5.378130692287581,1.6717033862543547,3.82606514288588,-5.378130692287581,-5.378130692287581,-5.378130692287581,2.1496636803335294,3.2402547634028886,1.6302254796763975,0.4446616996902639,-5.378130692287581,-0.6693500611422021,5.400032503883954,3.247495261962082,3.8517773352622067,1.9989136433802743,-5.378130692287581,-5.378130692287581,-5.378130692287581,-5.378130692287581,1.8077436928057304,-5.378130692287581,-5.378130692287581,-2.848594712112348,-5.378130692287581,3.880824979204476,2.6188829274407714,-5.378130692287581,2.7055994005430026,4.054658225591021,-5.378130692287581,-5.378130692287581,3.0338679504295083,-5.378130692287581,0.07986514570046488,-5.378130692287581,1.8488268310153,3.213678627806627,3.9630930802773685,3.777154131291825,-5.378130692287581,-5.378130692287581,0.9285675686190018,1.0399296652577457,1.9805562723189087,0.9074782749937258,-0.9527507338089496,-1.2096194795353004,-5.378130692287581,-5.378130692287581
SGP007599,-3.7556987826756973,-3.7556987826756973,-3.7556987826756973,-3.7556987826756973,-3.7556987826756973,6.567089702887538,4.449266228219435,5.39201226383722,0.8167059296043107,-3.7556987826756973,-3.7556987826756973,-3.7556987826756973,5.176047354212805,7.877311713788645,3.672425560141585,-3.7556987826756973,-3.7556987826756973,7.449384448256808,4.034978806350132,-3.7556987826756973,-3.7556987826756973,-3.7556987826756973,7.224935562845033,6.532621387504884,8.747808542831221,7.580614545194686,5.049915758933374,6.381141297041692,-3.7556987826756973,-3.7556987826756973,4.626703219713252,-3.7556987826756973,3.378842223706389,-3.7556987826756973,-3.7556987826756973,4.923281404091084,-3.7556987826756973,-3.7556987826756973,-3.7556987826756973,-3.7556987826756973,3.290498112750475,-3.7556987826756973,5.764122655252519,-3.7556987826756973,4.517207075336151,4.697896027855379,-3.7556987826756973,4.696852000342846,0.2997514639371808,1.9597731688331486,-3.7556987826756973,-3.7556987826756973,2.4330306090082994,-0.5058816264323109,-3.7556987826756973,-3.7556987826756973,-3.7556987826756973,7.4263976990554195,-3.7556987826756973,-3.7556987826756973,4.330290121074081,-3.7556987826756973,-3.7556987826756973,-3.7556987826756973,2.7008485139602723,-3.7556987826756973,-3.7556987826756973,7.221640528252028,2.036091685569824,-3.7556987826756973,5.361594075106415,-3.7556987826756973,-3.7556987826756973,6.529252488143934,4.824126881189722,-3.7556987826756973,5.786329044727273,6.185788424721104,-3.7556987826756973,3.5054409528586286,-3.7556987826756973,-1.1496215040958955,-3.7556987826756973,6.467717160432685,-3.7556987826756973,-3.7556987826756973,-3.7556987826756973,-3.7556987826756973,-3.7556987826756973,0.5487837141096925,-3.7556987826756973,-3.7556987826756973,-3.7556987826756973,4.029479825553971,2.4578416524325997
SGP007600,-4.90572239508098,0.4425746825669865,3.8678347748268527,-2.809447663562178,-4.90572239508098,6.278466830328682,2.399844881952837,4.517986395747931,1.6105999418036152,-4.90572239508098,-4.90572239508098,-4.90572239508098,3.9820181619665567,5.454590434387967,4.388329626052703,-4.90572239508098,-4.90572239508098,5.349790557514975,3.804323357954817,-4.90572239508098,-4.90572239508098,-4.90572239508098,6.459260468631539,3.261879782472681,6.910632057371936,7.1369287634155185,4.750499541716979,4.926675222738918,-4.90572239508098,-4.90572239508098,5.7840656045986245,-4.90572239508098,-4.90572239508098,-4.90572239508098,3.207749117897251,2.6029255073948026,-4.90572239508098,-4.90572239508098,-4.90572239508098,-0.5859412629749254,3.66370813076007,-4.90572239508098,3.2873009798319135,1.8597168126594301,4.039635213191337,3.2394470704469525,2.9312804417921328,4.142849052231388,0.5144967328863999,2.7071338639213796,3.179234152653989,2.7726682486257825,2.325949566752307,5.551968222156358,-4.90572239508098,-4.90572239508098,2.3197512524526793,6.026980433071762,-4.90572239508098,1.7165705059686163,1.2488333273278949,-1.0852904872416271,-4.90572239508098,1.0771678134383267,-1.5474608057767334,-4.90572239508098,0.3250276323131107,4.497860396508794,-0.7050705782985709,-4.90572239508098,3.721454656926011,2.04126653718931,-4.90572239508098,4.673651979670026,4.324831948938004,-4.90572239508098,4.085628745709543,5.729050868068591,-4.90572239508098,2.6038068583510245,6.549762021478822,1.9845056781970927,-4.90572239508098,4.8860366458147855,-4.90572239508098,-4.90572239508098,-2.079611894975871,-4.90572239508098,0.06211747667860479,-4.90572239508098,-4.90572239508098,-4.90572239508098,-1.6237366962605613,1.815896634650703,-4.90572239508098
SGP007602,8.951463480891878,-2.3554794716323872,-2.3554794716323872,-2.3554794716323872,-2.3554794716323872,-2.3554794716323872,-2.3554794716323872,8.44971790017022,-2.3554794716323872,7.493669691089076,-2.3554794716323872,-2.3554794716323872,9.646981779846294,5.928020025664149,-2.3554794716323872,-2.3554794716323872,7.8743508038194925,-2.3554794716323872,5.6633094065030365,-2.3554794716323872,-2.3554794716323872,-2.3554794716323872,-2.3554794716323872,-2.3554794716323872,8.423654085995526,7.653642366081708,-2.3554794716323872,6.530036761298112,5.415988842525502,-2.3554794716323872,7.5610178883392285,-2.3554794716323872,-2.3554794716323872,-2.3554794716323872,5.9067235125764395,6.774468400769932,-2.3554794716323872,-2.3554794716323872,-2.3554794716323872,-2.3554794716323872,-2.3554794716323872,-2.3554794716323872,-2.3554794716323872,-2.3554794716323872,-2.3554794716323872,5.16168776507387,-2.3554794716323872,-2.3554794716323872,-2.3554794716323872,8.494684586111456,7.636283791616551,7.788448169288957,-2.3554794716323872,-2.3554794716323872,-2.3554794716323872,-2.3554794716323872,-2.3554794716323872,10.507982307055833,-2.3554794716323872,-2.3554794716323872,-2.3554794716323872,7.075934245646812,-2.3554794716323872,-2.3554794716323872,-2.3554794716323872,-2.3554794716323872,-2.3554794716323872,-2.3554794716323872,-2.3554794716323872,-2.3554794716323872,-2.3554794716323872,-2.3554794716323872,-2.3554794716323872,-2.3554794716323872,6.27507387839217,-2.3554794716323872,-2.3554794716323872,-2.3554794716323872,-2.3554794716323872,6.512698125892155,-2.3554794716323872,-2.3554794716323872,-2.3554794716323872,-2.3554794716323872,-2.3554794716323872,-2.3554794716323872,-2.3554794716323872,-2.3554794716323872,7.868684142881569,-2.3554794716323872,-2.3554794716323872,-2.3554794716323872,-2.3554794716323872,-2.3554794716323872,-2.3554794716323872
SGP007603,6.238440507270023,0.5052543515584507,3.7935132545946164,0.4280604276620128,-5.0514275605938455,0.9827091387259808,-5.0514275605938455,5.365024534741664,-0.637060129162716,4.494309516364731,0.9242529398007067,-5.0514275605938455,3.310097944679131,-1.591217513371113,-5.0514275605938455,-5.0514275605938455,1.6278185389434618,-5.0514275605938455,3.6318762250294396,-5.0514275605938455,0.356384951796171,-5.0514275605938455,-1.2881310494451217,-1.0876435113491585,5.062567045736303,6.912962964287523,3.3141136750242035,4.6384875814479845,-5.0514275605938455,-5.0514275605938455,5.93857460686945,-5.0514275605938455,-0.637060129162716,-5.0514275605938455,4.424719529406671,2.8885632947766364,-5.0514275605938455,-5.0514275605938455,-5.0514275605938455,-0.7385109574295683,-5.0514275605938455,-5.0514275605938455,0.6279320486155733,-5.0514275605938455,3.183456355102863,3.828239850306119,2.482140002843779,4.988879413743383,0.2525796623738952,4.134465945469856,2.6299901446541973,3.708096939248663,0.35304510800794553,5.727274650620567,-5.0514275605938455,2.4477902643697576,4.293934186004181,6.795086654246843,-5.0514275605938455,2.5415620840770954,1.7759131501446417,5.017967004435857,-5.0514275605938455,0.12179295183202576,2.5373213568761637,-5.0514275605938455,3.506517196596251,4.927247480468328,-5.0514275605938455,-5.0514275605938455,2.6971166849454224,-5.0514275605938455,-5.0514275605938455,-5.0514275605938455,5.535488184829251,-5.0514275605938455,-5.0514275605938455,-5.0514275605938455,-5.0514275605938455,-0.9970067535028733,6.321336683599045,0.6358875160151243,4.379297101553689,3.5968642547924823,3.5395779537553285,6.415139296735973,2.3989012813037434,3.1249428398412045,3.8487548445325253,-5.0514275605938455,-5.0514275605938455,0.8099868242785844,2.29392790416043,-5.0514275605938455,2.408982254518067
SGP007606,-4.3975486827350405,0.6957679198978699,1.4252583691194216,5.643352151578125,1.3892428905395064,7.785272973509892,4.3826012170248,4.321968123152045,0.8647499899533564,6.077321477314917,6.027616101013923,-4.3975486827350405,-4.3975486827350405,-1.4864355887586704,-4.3975486827350405,-4.3975486827350405,4.958558432435006,-4.3975486827350405,4.2035113898700205,-4.3975486827350405,-4.3975486827350405,4.496122489302337,-4.3975486827350405,4.179907237987334,6.283428015705231,8.01812818070161,-4.3975486827350405,6.877816598465561,5.491551859673181,-4.3975486827350405,5.280185015545672,-4.3975486827350405,2.655727564196912,1.0458243986871203,4.265564645000961,2.6245282880417395,-4.3975486827350405,-4.3975486827350405,-4.3975486827350405,3.2469094128382796,-4.3975486827350405,-4.3975486827350405,1.5213711594079236,2.5030118113888804,4.207776998327195,-4.3975486827350405,2.834773680896607,3.6277360718709124,2.25231941382087,5.014355262023176,4.334170950095469,3.3234326225159556,2.8187243472187937,1.8706369365891327,-4.3975486827350405,-4.3975486827350405,-0.5232069844303204,6.953165907646071,-4.3975486827350405,4.29990163000056,2.453418846597507,-4.3975486827350405,-4.3975486827350405,0.14428865476920194,1.4524002793118393,-4.3975486827350405,-4.3975486827350405,-4.3975486827350405,-1.5358177302345517,-4.3975486827350405,6.644940460888494,5.690902787433872,2.2013354421383697,-4.3975486827350405,-4.3975486827350405,-4.3975486827350405,-4.3975486827350405,5.454247851685254,-4.3975486827350405,4.581543750795751,-4.3975486827350405,1.0274667038867307,-4.3975486827350405,3.56956353463514,4.399693621248561,-4.3975486827350405,-4.3975486827350405,-4.3975486827350405,3.679139716259354,-4.3975486827350405,-4.3975486827350405,-4.3975486827350405,-4.3975486827350405,-4.3975486827350405,-0.8587282047118077
SGP007607,-4.6631553835964965,2.1073380007362035,2.139402195317774,4.451595792976912,1.8882107079024166,6.858440667833227,3.5734806878922907,4.887923524270654,2.545898931654631,5.891939847048548,5.045241648764755,-4.6631553835964965,-4.6631553835964965,-1.2411769947310756,-4.6631553835964965,-4.6631553835964965,3.4201455463243136,-4.6631553835964965,3.4505858674831593,-4.6631553835964965,-4.6631553835964965,4.026519215025539,-1.5061148862612423,3.7512401621678038,6.539132254688837,7.909046493147088,-4.6631553835964965,5.997378453802256,7.080053388393996,-4.6631553835964965,5.184569396386513,-4.6631553835964965,2.8444827853742485,1.976322111951128,4.581122089670637,1.2340606265476257,-4.6631553835964965,-4.6631553835964965,-4.6631553835964965,2.5037333087620492,-4.6631553835964965,-4.6631553835964965,-0.0791067258809317,2.481305342704136,5.2962710061526455,-4.6631553835964965,3.718642062551159,3.7747144003908213,1.228229665798346,0.3327930903219265,4.664009157047558,2.760933572560087,2.39178914719938,5.283246667224287,-4.6631553835964965,-4.6631553835964965,1.1600933431911882,6.45892704978385,-4.6631553835964965,4.45104410249224,2.6715808775349155,3.2430771549983683,-4.6631553835964965,0.701681805537719,-0.3521156336922555,-4.6631553835964965,-4.6631553835964965,-4.6631553835964965,-0.35510974919396787,-4.6631553835964965,5.525457023203602,4.147760657197396,1.2516529509065482,-4.6631553835964965,-4.6631553835964965,-4.6631553835964965,-4.6631553835964965,5.310234720437991,-4.6631553835964965,4.118949919916591,-4.6631553835964965,-4.6631553835964965,-4.6631553835964965,4.529473395306149,4.446102116238099,-4.6631553835964965,-4.6631553835964965,2.660398575543044,2.7661707563525946,1.262121189632655,-4.6631553835964965,-4.6631553835964965,-4.6631553835964965,-4.6631553835964965,-1.1278395043236937
SGP007611,-4.384348320609092,-4.384348320609092,4.2700880649639394,3.502464802432332,-4.384348320609092,5.790911202400949,2.9561630693545595,5.877561166107057,1.1791310020596697,-4.384348320609092,1.807559436212018,7.970031881968142,7.028242899762602,-4.384348320609092,-0.3529972103705141,-4.384348320609092,6.216923162146418,-4.384348320609092,-4.384348320609092,-4.384348320609092,-4.384348320609092,-4.384348320609092,-4.384348320609092,4.747941818602446,7.221410904012672,-0.32107104413162446,5.756894631534302,-4.384348320609092,-4.384348320609092,-4.384348320609092,6.5105341917524875,-4.384348320609092,-4.384348320609092,-4.384348320609092,2.8319773597528375,4.5204191092140595,-4.384348320609092,2.1780863733838283,-4.384348320609092,1.6639422802608888,5.511463541622902,-0.9988893934897778,-4.384348320609092,2.656861552038765,5.314610935858644,-4.384348320609092,1.8633106311277743,4.7254384860758964,-1.0338764980176531,0.8204259670488376,3.0063892289674783,5.0446864657623705,4.565674817290134,4.4337583081820835,-0.09265164354231992,6.1690099737053625,-4.384348320609092,6.765034318554673,-4.384348320609092,-4.384348320609092,2.530196877160521,5.21264347983321,2.6347618974748723,1.153891563990495,-4.384348320609092,-4.384348320609092,-4.384348320609092,-4.384348320609092,1.6453037595792006,-4.384348320609092,4.039025922898943,2.419283809181076,0.9420512643854941,6.905458886230063,6.099099335644064,-4.384348320609092,-4.384348320609092,-4.384348320609092,-4.384348320609092,0.7233218735756779,-4.384348320609092,1.439589846147916,-4.384348320609092,5.691105168771942,-4.384348320609092,-4.384348320609092,0.6780837323496502,4.236038682196507,4.91900682715567,-2.1407209482872744,-4.384348320609092,-0.6856208572336762,1.2082982313135169,-4.384348320609092,-4.384348320609092
SGP007612,-4.259520485736996,-1.582792034380189,4.350067590668349,3.5001131738159517,-4.259520485736996,6.146387958129845,3.9284997434804776,4.978837347156384,0.907480224790941,-4.259520485736996,3.280661930503725,7.712734898207175,7.641043466561221,-4.259520485736996,-4.259520485736996,-4.259520485736996,6.9580113024985195,-4.259520485736996,-4.259520485736996,-4.259520485736996,-4.259520485736996,-4.259520485736996,-4.259520485736996,5.99572762104224,7.359727197081832,0.7209418142544894,6.089019602284119,-4.259520485736996,-4.259520485736996,-4.259520485736996,5.218845906297354,-4.259520485736996,-4.259520485736996,-4.259520485736996,1.2942591233340899,3.608931122720681,-4.259520485736996,3.4333602701447434,-4.259520485736996,1.1338541093249823,4.512554307962181,-4.259520485736996,-4.259520485736996,2.810342736250905,4.435045081429199,-4.259520485736996,1.860039623686185,3.5997531307473514,-4.259520485736996,1.4176051262373583,1.0216519514405498,3.099216466100488,3.0227625494862496,-0.09569778675204255,-4.259520485736996,6.059493658900536,-4.259520485736996,6.86241683376001,-4.259520485736996,0.943296794527452,3.232574854937422,4.4743788294777005,1.372064358691949,-0.6055500624764978,-4.259520485736996,-4.259520485736996,-4.259520485736996,-2.2162981826963915,1.807083856227651,-4.259520485736996,4.53139287219226,3.2738427076640724,0.8499421157850655,6.009851772026683,6.3211319196955245,-4.259520485736996,-4.259520485736996,-4.259520485736996,-4.259520485736996,-4.259520485736996,7.643893972937492,4.637062407698505,-4.259520485736996,2.096718017179131,-4.259520485736996,-4.259520485736996,0.7498167361868013,4.7475746930077225,4.308311667065364,-2.775416255834834,-4.259520485736996,0.12100078529770286,-0.10234916454093046,1.9391191730006527,-4.259520485736996
SGP007616,-4.990947257971779,-4.990947257971779,4.018551212845103,-4.990947257971779,-4.990947257971779,5.714081192024722,1.4190765873404994,4.928139658765386,0.6142774850730426,-4.990947257971779,-4.990947257971779,0.14128897707597154,0.3394363070350721,5.961093283734526,4.937154009560584,-4.990947257971779,3.8594079349840733,5.512015808057899,3.323953447751066,-4.990947257971779,-4.990947257971779,-4.990947257971779,5.837060261205947,1.0493517689697773,5.3628402552198065,6.856650381811842,-4.990947257971779,4.092711113862367,-4.990947257971779,-4.990947257971779,5.163043966569193,4.11069711709012,-4.990947257971779,-4.990947257971779,2.749921308645873,2.54021656513741,-4.990947257971779,-4.990947257971779,-4.990947257971779,-1.1850555460326078,4.091792663299696,-4.990947257971779,1.6178181524534674,3.057875470958505,4.008499807113284,2.17023829592884,3.5139102414597607,4.976878378605191,-4.990947257971779,3.1578527780326002,4.484204101569708,3.947361821853799,2.095917614223308,6.539330319092416,-4.990947257971779,-4.990947257971779,3.8783987421554755,6.379281102383781,-4.990947257971779,0.6863769589146607,-4.990947257971779,4.976781143317423,-4.990947257971779,-4.990947257971779,1.1430752196047091,-4.990947257971779,1.9808360631022968,5.870892382244794,-4.990947257971779,-4.990947257971779,3.212902956664694,3.2122218475059148,-4.990947257971779,3.061182719318192,3.6026930642732538,-4.990947257971779,4.227376682211466,4.634579956637247,-4.990947257971779,1.8616739408515235,-1.8034809506799476,5.641739534115489,-4.990947257971779,5.910989324568181,4.885436145696162,-4.990947257971779,1.6030273671483073,4.784570789787701,4.301638470288517,-4.990947257971779,-4.990947257971779,-4.990947257971779,-0.41284314052859017,-4.990947257971779,-4.990947257971779
SGP007617,-5.341310116049151,-1.056473978219767,2.2448832835101014,-1.1341036730867948,-5.341310116049151,5.940760807988816,3.4929202753354076,2.3426084343888736,0.32605159772839265,-5.341310116049151,-5.341310116049151,-2.8361388346132763,1.8883093434640594,5.818654162243225,5.255454936174619,-5.341310116049151,2.9821820046081937,5.246499922458704,3.977710289796997,-5.341310116049151,-5.341310116049151,-5.341310116049151,4.8707072034340975,1.991586617644284,6.6951532439172246,6.593496708002019,2.863703955547697,4.877586675945087,2.629516752797212,-5.341310116049151,3.6599542005213355,3.895935256774634,-5.341310116049151,-5.341310116049151,2.0662431440312474,0.4184874134387222,-5.341310116049151,-5.341310116049151,-5.341310116049151,-5.341310116049151,2.748027962340297,-5.341310116049151,3.522774116269436,1.1443289596715083,0.7164833835098969,2.6292739624501458,0.8628532214710853,2.4245864431606776,-5.341310116049151,0.18220069063404587,3.872477821173904,0.646180191474703,0.5599007617222638,4.911673894965663,-5.341310116049151,0.3873098068177381,2.1909800987841983,5.653412572794755,-5.341310116049151,3.3083613297684273,-0.13161054127757055,3.909198493725003,0.4400881521618487,-1.6661207440855073,0.8456606780665181,-5.341310116049151,0.514661460076276,-5.341310116049151,-5.341310116049151,-5.341310116049151,4.982093155085327,4.598049256658232,-5.341310116049151,4.1870690943779545,2.7166756267719414,-5.341310116049151,3.9528237791823306,4.217134544999235,-5.341310116049151,1.8277072789565798,-3.8565605418559645,2.319566219623221,5.732407433939409,3.288715225628012,4.371913966757415,-5.341310116049151,-2.2929128618192287,3.8742972947673397,2.2193407046719367,0.1619567515882423,-5.341310116049151,-5.341310116049151,-0.29384302860786526,-5.341310116049151,3.5084771212438737
SGP007621,3.109286819459289,-5.577575841486592,0.5897749266772818,4.568104081605712,3.548419084684239,5.744297296048184,3.2306569389119675,2.0279988274030813,-5.577575841486592,4.172223248851704,3.010498283496174,-3.29335670801893,4.050810680434266,-5.577575841486592,4.331602497401773,0.9865796544559169,4.58822423031324,-5.577575841486592,4.111307512636258,-5.577575841486592,3.8616086567774266,0.8333148645616202,-5.577575841486592,-0.5625877675290596,6.4041463919525015,6.121426242238344,2.813798899298744,5.350650274496077,3.4331289978264117,2.8585550492546252,1.2338028584239336,-5.577575841486592,0.3719618086870389,-5.577575841486592,0.7184762411255239,1.1189794378845725,2.6591763714445387,3.2711263749919013,-5.577575841486592,-5.577575841486592,2.634119291404752,-5.577575841486592,0.539675621201746,1.7423821747989185,2.648682933302906,-5.577575841486592,-5.577575841486592,2.08726934563842,-5.577575841486592,0.8466828425294608,1.2688322881450729,1.8454131546292176,-0.6729836536856197,3.065208955793815,5.033013892945341,1.5352291735242796,2.925828932068372,5.15676061080143,-1.9970014651907402,-5.577575841486592,-1.4631924595235617,2.4408564145483407,1.4523599695379756,-5.577575841486592,-1.4924258643575126,-5.577575841486592,-0.3091273151869025,-5.577575841486592,-1.149579862357827,4.02455295655543,5.019468902928468,2.3294571939720266,1.451579280469832,5.005501723392345,6.032579266393189,-5.577575841486592,3.4430615207787376,1.795421790759936,-5.577575841486592,-1.1801194637753039,4.438521284438729,0.2973216213226104,-5.577575841486592,2.9017338341513197,2.2090559364367994,4.3426205413666,-5.577575841486592,-5.577575841486592,0.45389897508268007,0.2054711409887755,-5.577575841486592,-5.577575841486592,-5.577575841486592,-5.577575841486592,-5.577575841486592
SGP007622,1.8348613924891986,-5.7123622653185055,1.1434644956484128,4.779515758593909,4.291543296808008,5.504301693725422,2.730522159824801,2.6738041808891753,-3.3707383956028885,3.6013700085453806,0.892834865226777,-5.7123622653185055,3.663711770527554,-5.7123622653185055,4.220184067781882,2.100845418821538,4.160114219885331,-5.7123622653185055,3.307866260683914,-5.7123622653185055,3.559468712971168,0.39202066567098726,-5.7123622653185055,-5.7123622653185055,5.556641304574555,6.12452597501533,1.8583938561521638,5.407445988993684,4.739724974595786,3.0897113203180098,2.565180457925618,-5.7123622653185055,0.9506419207029078,-5.7123622653185055,1.3997197777864185,1.0087909854697532,1.9911729850777151,3.2563407603222814,-5.7123622653185055,1.884826668046335,3.308904090821616,-5.7123622653185055,-1.975712527392501,2.6537912858654416,3.678030200336117,-5.7123622653185055,1.182296792608721,3.3274169352005805,-5.7123622653185055,0.5902095296465664,1.6248170605209342,2.5625228938155873,0.16885241964393938,3.61603558361353,4.894856939244473,2.2604328245700405,4.082174488534395,5.264095224675479,1.4689609406765403,-1.4085624804289196,-5.7123622653185055,3.981154358898583,1.2211484093702012,-5.7123622653185055,-5.7123622653185055,-5.7123622653185055,-5.7123622653185055,0.561538327681248,-5.7123622653185055,5.177202450842189,4.318590002236792,2.555907449048356,2.613478143826322,4.572834270586391,5.301969454605186,-5.7123622653185055,1.8221715069194984,1.360070010784952,-5.7123622653185055,-5.7123622653185055,4.3191618257941204,0.31363087279177027,-0.55600774022375,3.1235997132706865,3.3196813013451543,-5.7123622653185055,-5.7123622653185055,-5.7123622653185055,4.025343896006828,0.7214639563466543,-5.7123622653185055,-5.7123622653185055,-5.7123622653185055,-5.7123622653185055,-5.7123622653185055
SGP007626,-3.5300403530601034,-3.5300403530601034,-3.5300403530601034,1.4199727279681298,-3.5300403530601034,4.224566000780545,-0.16010486099489718,6.033725715901759,-3.5300403530601034,5.510965665883732,-3.5300403530601034,-0.24142409669761555,4.385643147234959,4.519505600663147,-3.5300403530601034,7.95808974067984,8.717573110970857,-3.5300403530601034,2.179354837153541,-3.5300403530601034,-3.5300403530601034,-3.5300403530601034,2.942577731937237,3.8725844392722593,4.8467489719020165,9.259283013692462,2.125585770407234,4.978274824671266,-3.5300403530601034,-3.5300403530601034,5.544793572967057,-3.5300403530601034,-3.5300403530601034,-3.5300403530601034,2.044389673586682,1.7288716563910604,-3.5300403530601034,-3.5300403530601034,-3.5300403530601034,3.0078667288296757,5.344439840095597,-3.5300403530601034,-3.5300403530601034,-3.5300403530601034,-3.5300403530601034,-3.5300403530601034,4.94754331756337,6.420011281688764,-3.5300403530601034,5.901779265979339,-3.5300403530601034,-3.5300403530601034,4.363665653502304,0.6266966248018839,-3.5300403530601034,-3.5300403530601034,-3.5300403530601034,6.629905575435095,-3.5300403530601034,-3.5300403530601034,-3.5300403530601034,-3.5300403530601034,-3.5300403530601034,-3.5300403530601034,3.3888955221620733,-3.5300403530601034,3.7791144475809046,7.820886609898471,-3.5300403530601034,-3.5300403530601034,-3.5300403530601034,-3.5300403530601034,-3.5300403530601034,4.1040667379667735,3.7829075064593916,-3.5300403530601034,-3.5300403530601034,-3.5300403530601034,-3.5300403530601034,-3.5300403530601034,6.898026779274086,-3.5300403530601034,5.161097228622201,6.4615899334098525,-3.5300403530601034,-3.5300403530601034,5.213596658189226,-3.5300403530601034,5.676256224985112,-3.5300403530601034,-3.5300403530601034,1.3393014974486448,1.6691421061867526,6.547447696453163,6.116924231280522
SGP007627,-1.9065737548242385,-1.9065737548242385,-1.9065737548242385,-1.9065737548242385,-1.9065737548242385,-1.9065737548242385,-1.9065737548242385,7.636496762154234,-1.9065737548242385,-1.9065737548242385,-1.9065737548242385,-1.9065737548242385,3.0310467473594276,-1.9065737548242385,-1.9065737548242385,-1.9065737548242385,-1.9065737548242385,-1.9065737548242385,0.4802268136607797,-1.9065737548242385,-1.9065737548242385,-1.9065737548242385,-1.9065737548242385,-1.9065737548242385,4.70540747420817,5.182146004683971,-1.9065737548242385,-1.9065737548242385,4.4156508458075505,-1.9065737548242385,8.228380152591853,-1.9065737548242385,-1.9065737548242385,-1.9065737548242385,-1.9065737548242385,-1.9065737548242385,-1.9065737548242385,-1.9065737548242385,-1.9065737548242385,-1.9065737548242385,7.360696686384843,-1.9065737548242385,-1.9065737548242385,-1.9065737548242385,-1.9065737548242385,-1.9065737548242385,-1.9065737548242385,9.294444725082508,-1.9065737548242385,5.883883760204405,-1.9065737548242385,-1.9065737548242385,-1.9065737548242385,-1.9065737548242385,-1.9065737548242385,-1.9065737548242385,-1.9065737548242385,10.808156394295624,-1.9065737548242385,-1.9065737548242385,-1.9065737548242385,-1.9065737548242385,-1.9065737548242385,-1.9065737548242385,-1.9065737548242385,-1.9065737548242385,7.077696779038987,10.151718963324127,-1.9065737548242385,-1.9065737548242385,-1.9065737548242385,-1.9065737548242385,-1.9065737548242385,-1.9065737548242385,-1.9065737548242385,-1.9065737548242385,-1.9065737548242385,-1.9065737548242385,-1.9065737548242385,-1.9065737548242385,4.440473935879731,-1.9065737548242385,10.40894079242275,7.175525576311316,-1.9065737548242385,-1.9065737548242385,8.81029444219356,-1.9065737548242385,8.960980818984464,-1.9065737548242385,-1.9065737548242385,3.30926548494571,-1.9065737548242385,5.423211022361305,8.301813675096643
SGP007631,2.6353469392582625,-5.545298095867514,2.580541802989658,2.552017447653393,0.6843104891892171,5.455018439160204,2.323468662680466,2.8693606152570332,-5.545298095867514,4.399108277496354,5.248443066728377,-5.545298095867514,2.231834387160032,-5.545298095867514,0.5952850098554379,4.6971035233239595,4.410994504178637,-5.545298095867514,2.0325115080201304,-5.545298095867514,3.573240316174772,-1.4545632134992417,-5.545298095867514,-5.545298095867514,5.812099751083172,6.7467595301936285,2.532807006467352,5.502279235023071,4.201046697038046,4.032081863451423,3.0163650743859627,-5.545298095867514,1.4795435914029156,-5.545298095867514,1.389069198436962,2.736195574578524,2.877118597987514,2.170398995508233,-5.545298095867514,1.1031907153367868,4.083478706773461,-1.7867815707485146,0.7841479163032794,1.0473801029283187,3.820104826684709,-5.545298095867514,2.600850215634738,3.002263918014399,-2.442803038335967,-1.1789390347863833,4.518327966204259,0.9112198646636616,1.06470412481029,4.031025488474212,3.212504841788288,-5.545298095867514,2.3502708499987666,5.492051392830657,-5.545298095867514,-1.7418722129618072,0.12402738270535174,3.7805522377278455,-5.545298095867514,-1.6878835218078105,-1.24843550915587,-5.545298095867514,-5.545298095867514,-5.545298095867514,0.9343919736762727,-5.545298095867514,4.371282477635896,4.385824280604115,-5.545298095867514,4.91750214292091,3.111475738964704,-5.545298095867514,3.3795598154395456,2.223279359965389,-5.545298095867514,-0.4077275901668287,5.620169100995837,3.402305843647376,-5.545298095867514,3.5469647202870442,-5.545298095867514,4.699667323235515,-5.545298095867514,-5.545298095867514,2.0650777394255018,0.95158172019348,-5.545298095867514,-5.545298095867514,-0.43050978549824315,-1.1263726354349775,-5.545298095867514
SGP007632,6.139826394754408,-4.338064363676979,4.4358652211651695,-4.338064363676979,-4.338064363676979,-4.338064363676979,2.7178744279934417,5.506517727075861,-4.338064363676979,4.077388033662032,-4.338064363676979,-4.338064363676979,6.2810290149601755,-4.338064363676979,4.917169429259969,6.43684485825069,6.992928676807461,-4.338064363676979,4.64355205343047,-4.338064363676979,6.587972887757655,-4.338064363676979,-4.338064363676979,3.3941728741485724,6.8078988565708976,8.287650912980077,0.06076715344981842,4.106270503752501,5.656868223022265,-4.338064363676979,1.6545464492721633,-4.338064363676979,-4.338064363676979,-4.338064363676979,2.5822297081913588,2.0630368055388466,-4.338064363676979,-4.338064363676979,-4.338064363676979,-4.338064363676979,5.105710136650005,-0.7084599282492299,3.44979275341245,2.8702376112145878,3.727734751594954,-4.338064363676979,4.6524334366506315,5.25604420559786,-4.338064363676979,4.475012210155547,4.79843628229517,5.043743136843473,0.450782517382299,-4.338064363676979,-4.338064363676979,-4.338064363676979,2.6870330999093905,6.113601072137467,-4.338064363676979,-4.338064363676979,-1.0762060541496332,4.604724941532982,1.4536991786346078,-4.338064363676979,2.6143054727377235,-4.338064363676979,-4.338064363676979,-4.338064363676979,-4.338064363676979,-4.338064363676979,5.819830123831878,-4.338064363676979,-4.338064363676979,7.172831571468896,3.7190854686694204,-4.338064363676979,5.154976736566937,0.5012644643098412,-4.338064363676979,-0.6252982882742533,1.5830578908041826,0.22312738289655343,-4.338064363676979,4.439074164237312,-4.338064363676979,-4.338064363676979,-4.338064363676979,4.40733463756767,4.973324988885549,-4.338064363676979,-4.338064363676979,0.7023927805716248,1.5432428285356758,-4.338064363676979,2.391552215321279
SGP007636,-4.690906276228203,2.449946180910426,3.4973341140999077,3.488634800120252,1.3662544676507524,5.990768419468487,1.1411390450357723,6.001195504011937,3.216629323804974,3.162959294469605,5.149142653930658,-4.690906276228203,-2.7021681841646767,-4.690906276228203,-4.690906276228203,-4.690906276228203,2.4716112887320056,-4.690906276228203,1.8621207620510543,-4.690906276228203,-4.690906276228203,3.195888470116625,-4.690906276228203,1.2031798748388676,6.584616009252148,6.608194952479709,-4.690906276228203,5.96266948445948,7.546485392515356,5.78699120195687,6.978331265947329,-4.690906276228203,2.408164117005052,4.568123419878039,4.885877811136603,1.1221130447280583,-2.3204744784804614,-0.31711659655901236,-4.690906276228203,1.2950740268892886,4.984078595144426,-1.4058557880369467,0.06867025205328581,2.1902462849020683,5.243337856828306,-4.690906276228203,4.239618531478188,4.309775207570498,3.959985774729584,0.1123876962844701,-0.20585004928099515,4.458919568357099,2.0909457841524564,-1.1402615950240715,2.17379636814535,-4.690906276228203,1.900954036418935,6.814254245507675,-4.690906276228203,4.241125467377321,3.672687319425414,-4.690906276228203,-4.690906276228203,2.8362656226950858,-4.690906276228203,-4.690906276228203,0.6737446635198356,-4.690906276228203,1.2399264540857082,-4.690906276228203,4.132654619856725,3.5805573195382596,-4.690906276228203,-4.690906276228203,-4.690906276228203,-4.690906276228203,-4.690906276228203,5.905815667219397,-4.690906276228203,3.227370543842879,-4.690906276228203,1.9370528732991295,-4.690906276228203,-4.690906276228203,-4.690906276228203,6.040700424285625,-4.690906276228203,-4.690906276228203,0.18619394032003456,2.453302614201453,-4.690906276228203,-4.690906276228203,-4.690906276228203,1.0374462552604928,-4.690906276228203
SGP007637,-5.027345620643212,2.1138299302861494,3.2884057309866206,2.247592353222915,1.8275943237699241,5.703869081222365,1.5927057959053483,4.7867665763132585,2.707066498752879,3.5113934569576974,4.480110416019184,-5.027345620643212,-3.068100205894318,-5.027345620643212,-5.027345620643212,-5.027345620643212,2.6532778650241093,-5.027345620643212,2.354523056647965,-5.027345620643212,-5.027345620643212,2.340686690438904,-3.4599054043473814,2.1352669839798057,6.6928651256386615,6.40918974066078,-5.027345620643212,4.400277475741544,7.291443682976222,5.148528123410076,6.005286986491991,-5.027345620643212,1.8091210361803052,4.2795520911182745,5.293914885090514,1.3231884568754237,0.04578382006465276,0.7365167929910701,-5.027345620643212,2.2880966817335926,5.320899924166552,-0.9985945330099018,-0.5693351752162226,2.6702789929080035,3.271041473010772,-5.027345620643212,3.7486042070532566,4.38713620451537,3.074687612184147,-1.4292389691054606,1.5730432760432196,4.5108725750057,1.6599934496089697,1.8319486265898863,2.748550898510447,-5.027345620643212,3.4255776525625548,6.139114406250382,-5.027345620643212,4.288541948253148,3.5273792596703473,-0.1114082451090308,-5.027345620643212,2.4309660375781785,-5.027345620643212,-5.027345620643212,1.0795980548733342,-5.027345620643212,1.4695173305188796,-5.027345620643212,3.1680939430938393,-5.027345620643212,-5.027345620643212,-5.027345620643212,-5.027345620643212,-5.027345620643212,-5.027345620643212,5.124740705147136,-5.027345620643212,3.4985504647741488,-5.027345620643212,4.01126464570026,-5.027345620643212,-5.027345620643212,-5.027345620643212,6.429826739789123,-5.027345620643212,-5.027345620643212,0.7816792036761431,1.5049512420977234,-5.027345620643212,1.7544341620010924,0.9346119884931756,2.7335749519746457,-5.027345620643212
SGP007639,-2.376752963770162,-2.376752963770162,-2.376752963770162,-2.376752963770162,-2.376752963770162,-2.376752963770162,-2.376752963770162,9.251552980210741,-2.376752963770162,-2.376752963770162,2.779206127399773,-2.376752963770162,2.32793926334873,-2.376752963770162,-2.376752963770162,-2.376752963770162,5.6880026543393845,-2.376752963770162,3.138783699397873,-2.376752963770162,-2.376752963770162,-2.376752963770162,-2.376752963770162,-2.376752963770162,6.548638393615143,9.051631094093684,7.839656873083367,-2.376752963770162,4.9483052066152755,-2.376752963770162,7.009715225160261,7.245958173162121,-2.376752963770162,-2.376752963770162,-2.376752963770162,-2.376752963770162,-2.376752963770162,-2.376752963770162,8.14984452664935,-2.376752963770162,7.770080640256225,-2.376752963770162,-2.376752963770162,-2.376752963770162,-2.376752963770162,-2.376752963770162,7.973269461709487,8.875306147778087,-2.376752963770162,8.345314878485112,-2.376752963770162,-2.376752963770162,-2.376752963770162,-2.376752963770162,-2.376752963770162,-2.376752963770162,-2.376752963770162,8.671604415684827,-2.376752963770162,-2.376752963770162,5.520801386907081,-2.376752963770162,-2.376752963770162,-2.376752963770162,6.0426425185545085,8.613623520101026,-2.376752963770162,-2.376752963770162,-2.376752963770162,-2.376752963770162,-2.376752963770162,-2.376752963770162,-2.376752963770162,0.948555653492118,-2.376752963770162,-2.376752963770162,-2.376752963770162,-2.376752963770162,10.04501700672146,-2.376752963770162,-2.376752963770162,-2.376752963770162,-2.376752963770162,-2.376752963770162,-2.376752963770162,-2.376752963770162,-2.376752963770162,-2.376752963770162,-2.376752963770162,-2.376752963770162,-2.376752963770162,4.8705959409661155,5.3088958224445255,-2.376752963770162,9.407765853732728
SGP007640,-1.870286896903453,-1.870286896903453,-1.870286896903453,-1.870286896903453,-1.870286896903453,-1.870286896903453,-1.870286896903453,8.357931919615035,-1.870286896903453,-1.870286896903453,1.8115256953088394,-1.870286896903453,-1.870286896903453,-1.870286896903453,-1.870286896903453,-1.870286896903453,-1.870286896903453,-1.870286896903453,-1.870286896903453,-1.870286896903453,-1.870286896903453,-1.870286896903453,-1.870286896903453,-1.870286896903453,10.162016605770456,11.279835604623635,-1.870286896903453,-1.870286896903453,5.596896584003658,-1.870286896903453,3.5982722397787636,-1.870286896903453,-1.870286896903453,-1.870286896903453,-1.870286896903453,-1.870286896903453,-1.870286896903453,-1.870286896903453,6.620038314355987,-1.870286896903453,5.933335084460719,-1.870286896903453,-1.870286896903453,-1.870286896903453,-1.870286896903453,-1.870286896903453,4.212677444394329,6.660105905282839,-1.870286896903453,10.41296149084382,-1.870286896903453,-1.870286896903453,-1.870286896903453,-1.870286896903453,-1.870286896903453,-1.870286896903453,-1.870286896903453,7.192026450883841,-1.870286896903453,-1.870286896903453,5.72508212118805,-1.870286896903453,-1.870286896903453,-1.870286896903453,-1.870286896903453,5.966466937392338,-1.870286896903453,6.065324262604207,-1.870286896903453,-1.870286896903453,-1.870286896903453,-1.870286896903453,-1.870286896903453,2.5316682998042683,-1.870286896903453,-1.870286896903453,-1.870286896903453,-1.870286896903453,7.780583143410317,-1.870286896903453,-1.870286896903453,-1.870286896903453,-1.870286896903453,-1.870286896903453,-1.870286896903453,-1.870286896903453,3.2456907525232648,-1.870286896903453,-1.870286896903453,-1.870286896903453,5.862472429433839,4.365466949399914,4.940984240168572,-1.870286896903453,8.209580998703402
SGP007644,2.3002428311279104,-3.9824193588337575,3.737689104757247,-3.9824193588337575,-3.9824193588337575,5.76573969071859,3.976983037349009,5.267199513187905,-3.9824193588337575,6.021256794757029,4.135458065098332,-3.9824193588337575,6.811438775772643,-3.9824193588337575,4.566437831624716,4.64552479958611,-3.9824193588337575,-3.9824193588337575,4.126907363594272,-3.9824193588337575,-3.9824193588337575,-3.9824193588337575,-3.9824193588337575,-3.9824193588337575,6.51136527674822,7.696625911363973,5.755488323634968,5.731511039113312,6.953102231833657,6.185549601115501,5.546149085304455,-3.9824193588337575,-3.9824193588337575,-3.9824193588337575,5.278269096729572,3.8101266936519353,-3.9824193588337575,-3.9824193588337575,-3.9824193588337575,-3.9824193588337575,5.722863470336365,-3.9824193588337575,2.941130108183563,1.0517565241111875,4.279272988797324,0.9944283134209684,3.6699265477043443,5.150841167278797,-3.9824193588337575,3.5174774250261347,5.492393321406265,5.308081492695885,4.355117929006737,1.8146748545359888,-3.9824193588337575,-3.9824193588337575,3.803808555507648,8.889682269756007,-3.9824193588337575,-0.3073215839236152,1.862350943039191,5.406303561879476,-3.9824193588337575,-3.9824193588337575,-3.9824193588337575,-3.9824193588337575,-3.9824193588337575,-3.9824193588337575,-3.9824193588337575,-3.9824193588337575,4.001740914969138,4.935190351319593,-3.9824193588337575,5.505272001952007,-3.9824193588337575,-3.9824193588337575,-3.9824193588337575,2.415117427406778,-3.9824193588337575,-3.9824193588337575,7.065266973195389,-3.9824193588337575,-3.9824193588337575,6.101218540496405,-3.9824193588337575,-3.9824193588337575,-3.9824193588337575,-3.9824193588337575,4.303728135349668,-3.9824193588337575,-3.9824193588337575,-3.9824193588337575,-3.9824193588337575,-3.9824193588337575,-3.9824193588337575
SGP007645,4.987805779366196,-0.8222964843634983,2.3471783153138013,-0.2401516443314815,-0.046479654462272535,6.072258381474413,3.589704342471463,1.7367953029947483,0.7692583282751295,3.8867439474478127,2.9194207666740564,-5.217944449732009,4.96799281998128,-5.217944449732009,3.8618430463487927,5.219004716407225,-5.217944449732009,4.390296620966216,5.48366509030102,-5.217944449732009,-5.217944449732009,-5.217944449732009,-5.217944449732009,-5.217944449732009,5.78109731446724,7.078839503874088,4.345315184928063,4.8448908958638786,6.089086992863958,4.276335862512831,4.247782288724219,-5.217944449732009,0.22763197454865391,-5.217944449732009,2.6599294836628404,-5.217944449732009,-5.217944449732009,-5.217944449732009,-5.217944449732009,0.9946709350041871,3.6350294052162813,-5.217944449732009,1.9537082391277565,-1.6658227071782203,3.3203049649234213,2.344145990678416,2.6826605274439608,3.0192855420819393,-5.217944449732009,2.209212792621136,3.61176911760745,2.628725402252349,2.0797213456321018,3.156277569090115,-5.217944449732009,-5.217944449732009,3.1166777537519605,6.35413776095136,-5.217944449732009,4.3310319570047575,1.3225966871035082,4.961504532093356,-5.217944449732009,0.03678551994864776,0.004077317070633413,-5.217944449732009,-5.217944449732009,-5.217944449732009,0.9091566223769476,-5.217944449732009,3.993253290746999,3.643286863965713,-5.217944449732009,4.697565184393215,-3.3925482218291876,-5.217944449732009,-5.217944449732009,2.318248115183044,-5.217944449732009,0.29798653444257717,5.511477610704189,1.1747755705551262,4.833077434341977,3.838811418916393,2.8466008416627036,-5.217944449732009,-5.217944449732009,-5.217944449732009,1.6313943977262104,0.6140586485698973,-5.217944449732009,0.9727176381123384,1.1328373819590976,-5.217944449732009,-1.6009823194070396
SGP007649,-4.26012263608332,-2.712012399142994,4.123886082890299,3.1568392171188018,-4.26012263608332,2.542392826530815,-4.26012263608332,6.013660835723625,-4.26012263608332,6.074647863304914,4.31316404958311,-4.26012263608332,7.982882388797352,-4.26012263608332,-4.26012263608332,-4.26012263608332,5.619801625176096,-4.26012263608332,6.683943256642699,-4.26012263608332,4.642374163745162,-4.26012263608332,-4.26012263608332,4.425774180366637,7.491447476754738,0.11530754887661843,3.351917699675396,5.61788329810679,-4.26012263608332,-4.26012263608332,5.487931655625054,-4.26012263608332,1.8321578670032466,-4.26012263608332,4.229963750269234,4.5477867486479875,-4.26012263608332,-4.26012263608332,-4.26012263608332,-4.26012263608332,-4.26012263608332,-4.26012263608332,0.7458933368550067,-4.26012263608332,3.7201200440845836,5.15796979049678,4.496215530021492,5.8823391487879935,2.456541306184546,-4.26012263608332,3.456094000178922,5.178152323440712,3.5057506812809534,7.048484538174909,-4.26012263608332,-4.26012263608332,5.739271149862596,7.430053216968656,-4.26012263608332,4.1844322896142705,4.446939183351348,-4.26012263608332,-4.26012263608332,2.914013486671486,1.0279242775466582,-4.26012263608332,2.9866416523258064,-4.26012263608332,1.3828223811308256,-4.26012263608332,5.5963465563046615,-4.26012263608332,-4.26012263608332,-4.26012263608332,6.793709838328029,-4.26012263608332,-4.26012263608332,2.6441048635420232,-4.26012263608332,5.66120077456622,-4.26012263608332,-4.26012263608332,-4.26012263608332,6.1633492351349854,-4.26012263608332,-4.26012263608332,4.212093841308123,-2.4119570100221246,4.852167657137143,0.7883747950220279,-4.26012263608332,-0.7671581632948232,0.5367251173380687,0.3351526457116343,-4.26012263608332
SGP007650,-4.050556000371573,-4.050556000371573,3.5761300331074395,3.674438041979914,-4.050556000371573,3.2202488290582325,-4.050556000371573,3.8040313167261743,-4.050556000371573,7.2682936426705265,3.74340146973533,-4.050556000371573,8.41513298294534,-4.050556000371573,-4.050556000371573,-4.050556000371573,5.617139798623723,-4.050556000371573,7.826883796073635,-4.050556000371573,4.297168856349481,-4.050556000371573,-4.050556000371573,4.213928880395725,7.638142074274452,0.4326177583041648,3.6415600464692464,5.98912710332003,-4.050556000371573,-4.050556000371573,4.986663007334657,-4.050556000371573,1.9934035777628818,-4.050556000371573,3.5221337522344696,2.741721052312867,-4.050556000371573,-4.050556000371573,-4.050556000371573,-4.050556000371573,-4.050556000371573,-4.050556000371573,1.9021427984947783,-4.050556000371573,1.1154862166157553,5.812433494911156,4.469327750105212,4.891211754370921,1.5804465968460573,1.1684004958728131,3.631150485192004,3.3801412871309147,2.723826300869157,5.983396069768149,-4.050556000371573,-4.050556000371573,5.1093905664794,7.425668227021035,-4.050556000371573,5.2778500140414675,4.642326175241295,3.0445542271177732,-4.050556000371573,0.26345433577414923,-4.050556000371573,-4.050556000371573,2.104708309361789,-4.050556000371573,-4.050556000371573,-4.050556000371573,6.536480682762328,-4.050556000371573,-4.050556000371573,-4.050556000371573,6.265209148218602,-4.050556000371573,-4.050556000371573,3.603394439089401,-4.050556000371573,6.587317648184539,-4.050556000371573,-4.050556000371573,-4.050556000371573,5.743372766504895,-4.050556000371573,-4.050556000371573,1.2817954091774233,3.9713944587044443,4.063487515888186,0.6208584449008452,-4.050556000371573,-4.050556000371573,0.5802288949182763,-4.050556000371573,-0.00548851577781484
SGP007654,2.7159228335350134,0.8796669824485539,0.3746296555031918,4.265253067417578,1.6636177302476218,5.040651479450936,1.5212652028345568,2.4810370805644855,1.0199395218491034,2.686919723074042,2.289584298497137,-6.006012165940683,4.729287837773045,-6.006012165940683,3.17849585861651,3.3959051324225413,3.3535610645709566,-6.006012165940683,4.047973519905962,-6.006012165940683,3.2677452278879544,0.8202402336256558,-6.006012165940683,-6.006012165940683,5.713861122843257,6.289530429401536,-6.006012165940683,4.743084272207186,3.4595649853772583,3.3084612080511357,3.427304864438363,-6.006012165940683,-0.03414659777205031,2.0465007504585415,4.096798010120178,-6.006012165940683,2.201630976278401,0.6360772715805485,-6.006012165940683,1.2635081551445175,4.686468422242278,-1.2538669620953966,-0.2666963830896121,1.3086090230964587,3.440098269984605,-6.006012165940683,0.8746422270100398,2.870945242477669,0.44688792500326624,2.6079353358203328,4.101068919613963,3.261642499543293,-0.06632387395090955,4.709169913018914,-6.006012165940683,1.3882545238075394,3.0337427531173624,4.3446837442595445,-6.006012165940683,0.37426045962179977,0.2669733740630642,0.6977948275460637,-6.006012165940683,1.034164815516351,-6.006012165940683,-6.006012165940683,-6.006012165940683,-6.006012165940683,0.8209491871459367,-6.006012165940683,3.3186001742488473,1.4097889755932789,3.7431593899572047,3.4306901940899284,3.909617085254103,-6.006012165940683,-0.09100803472943042,1.2826720511138197,-6.006012165940683,-0.3703768105798604,2.8531180852354536,1.852628406242161,-6.006012165940683,1.7228078333401609,-6.006012165940683,3.9078718857918493,-0.6616708262409512,2.8156457395634904,1.803447031399295,1.3922651764933835,-6.006012165940683,-6.006012165940683,0.7005964436365746,-0.42881262805809417,-6.006012165940683
SGP007655,1.2728304180243502,-0.7817053951361732,1.340783669742538,5.399686860659941,2.8816417516937465,5.5678156375868175,4.440377127436245,2.0962684432430274,-0.6767152713327018,3.063731436902784,5.3082880574276095,-5.298610663745125,4.694367971624594,-5.298610663745125,3.7473667921265275,3.9485777633215537,3.9261806937239037,-5.298610663745125,2.263701705099882,-5.298610663745125,4.694141302862904,-5.298610663745125,-5.298610663745125,0.14672845373462096,7.673947458814335,5.827245564562993,2.3981623783429153,5.564831532476187,-5.298610663745125,-5.298610663745125,-0.1551478816497518,-5.298610663745125,1.7844527741975655,-5.298610663745125,2.4698471134044224,-0.5085913723291213,2.3424397433985273,2.4750044996486986,-5.298610663745125,1.3099133078873653,3.2669170313191005,-5.298610663745125,1.9448559895739645,0.7480376773204229,1.396403533891304,-5.298610663745125,0.3596368541385022,0.38092980542909594,-5.298610663745125,1.729928751396753,4.861703226436703,0.38655711831125394,-5.298610663745125,1.5453999088364139,-5.298610663745125,1.5842047298707094,0.20670737968892716,4.502077048129539,-5.298610663745125,0.11729438005805015,-5.298610663745125,3.1904002230824275,0.10942836653097388,-0.28913156580647836,-5.298610663745125,-5.298610663745125,-5.298610663745125,-5.298610663745125,-0.338102703883278,4.174655765611125,4.051806053247762,3.67433897933649,4.060359179165369,4.506109997565492,4.131811871670006,-5.298610663745125,2.908345666953667,3.3187055443584725,-5.298610663745125,0.6173718319550812,5.145865208104978,3.069783501276473,3.6230560339386972,2.5578165623463622,-5.298610663745125,-2.750169085670695,-5.298610663745125,2.1898846727234034,1.124140900688265,1.3099133078873653,-5.298610663745125,-5.298610663745125,1.0251036293742253,-5.298610663745125,-5.298610663745125
SGP007659,5.2067343807239395,-1.0272499613245003,2.683986338183744,0.7810558862512789,-0.5832705450819251,6.580945045953288,2.6159423197034126,2.8106325537564354,0.623784389518808,-5.430481288240344,3.5833199199503554,-5.430481288240344,4.306976291870249,-5.430481288240344,-5.430481288240344,5.042724463512963,1.305740335660106,5.406664411232011,0.013198476246895297,-5.430481288240344,-5.430481288240344,3.2374507507603187,4.31831069251164,2.3195714298348644,5.271741439222691,6.480805683175488,2.235419550048043,4.916752150577696,6.030097563058341,2.7296935086022254,3.5184064146476324,-1.1665517150114493,0.4585294090077099,-0.21173708780573897,2.660230773475151,1.4341830568521772,-0.33022651324183805,-0.10481718414871466,-5.430481288240344,2.372035085968255,4.413747832488019,-1.713186795132076,2.063250195044347,1.9873112189397792,2.856402149457578,-5.430481288240344,2.7686954249580067,3.2727942743680885,-5.430481288240344,0.1006961032890743,1.8294705379091294,2.970546059048627,0.6579754512065152,3.6639022157608876,2.8666909939449114,-5.430481288240344,-5.430481288240344,5.227913032746665,-5.430481288240344,-1.8891788820939475,0.5368774103579295,3.7874006493547094,-3.5718387574618067,-2.8380216099742714,-5.430481288240344,-5.430481288240344,-0.15266863457981117,3.756685326994396,-1.0449096271497993,-5.430481288240344,4.463944039259435,-5.430481288240344,1.4152308339859898,5.249414190794752,3.9377010751092545,-5.430481288240344,-5.430481288240344,2.8808244193238446,-5.430481288240344,2.455439118151938,4.9207952855793735,-5.430481288240344,-5.430481288240344,2.116671388364181,-5.430481288240344,5.698647475363359,-0.5401024711706359,-5.430481288240344,1.2122331555421964,1.1710436772571944,-5.430481288240344,-5.430481288240344,-5.430481288240344,-5.430481288240344,-5.430481288240344
SGP007660,4.530431857132235,-1.4890345305553918,3.1417589613790105,1.9151492299705621,-1.0361721649279971,4.870482473550684,2.141005922523904,2.819827397501645,0.005006603121714193,-5.488081913934003,3.9781917725324796,-5.488081913934003,0.9278930076139842,-5.488081913934003,-5.488081913934003,3.9230646090430197,1.5891175539463456,5.377506003291744,0.6869471246102696,-5.488081913934003,-5.488081913934003,2.0952703222541764,5.4030733504810105,2.6017820029839456,5.790412063950168,6.990756758485611,2.8459424299180682,3.669020272497302,6.160536726417951,2.614029364930542,3.001100126472317,3.4958972086226234,0.04158422810542994,-5.488081913934003,3.105397204767267,0.7615134936241681,0.08780440934133438,-0.8500096318694492,-5.488081913934003,-0.18836526429752887,5.011615785953406,-0.9810933788320817,0.577059952264757,1.317401008640136,2.889455124492306,0.39073339930976125,2.9428231218686314,3.002439010470076,-5.488081913934003,1.2689168833175763,1.8177250104953924,1.7152115933319214,0.2207575640007562,3.4692394603645074,-0.8870082685969258,3.7376186730343077,-5.488081913934003,5.11999363467599,-5.488081913934003,-1.6827319392028102,0.47624904977694893,4.512188871388517,-0.7465800919243026,-5.488081913934003,-5.488081913934003,-5.488081913934003,-5.488081913934003,-5.488081913934003,-0.6732332813444817,-5.488081913934003,3.286309305775231,-0.1922314813679602,-0.5032304063980675,5.027781486913517,4.054206412511313,-5.488081913934003,-5.488081913934003,1.9613540864068355,-5.488081913934003,-0.1994514983430058,4.724711981869467,-5.488081913934003,-2.5095795287239486,3.4845773666629434,2.586602576036233,5.574896644240615,1.7942422819233892,-5.488081913934003,-0.05442448702171632,0.14943576728791896,-5.488081913934003,-5.488081913934003,-1.0007728163921676,-5.488081913934003,-5.488081913934003
MET1,-0.7483809660254046,-0.7483809660254046,-0.7483809660254046,-0.7483809660254046,-0.7483809660254046,11.245613038349221,-0.7483809660254046,-0.7483809660254046,-0.7483809660254046,-0.7483809660254046,-0.7483809660254046,-0.7483809660254046,-0.7483809660254046,-0.7483809660254046,-0.7483809660254046,-0.7483809660254046,-0.7483809660254046,-0.7483809660254046,-0.7483809660254046,-0.7483809660254046,-0.7483809660254046,-0.7483809660254046,-0.7483809660254046,-0.7483809660254046,10.51882628715491,11.12793695969145,-0.7483809660254046,12.181725011824712,-0.7483809660254046,-0.7483809660254046,-0.7483809660254046,-0.7483809660254046,-0.7483809660254046,-0.7483809660254046,-0.7483809660254046,-0.7483809660254046,-0.7483809660254046,-0.7483809660254046,-0.7483809660254046,-0.7483809660254046,-0.7483809660254046,-0.7483809660254046,-0.7483809660254046,-0.7483809660254046,-0.7483809660254046,-0.7483809660254046,-0.7483809660254046,-0.7483809660254046,-0.7483809660254046,-0.7483809660254046,-0.7483809660254046,-0.7483809660254046,-0.7483809660254046,-0.7483809660254046,-0.7483809660254046,-0.7483809660254046,-0.7483809660254046,10.949165415516426,-0.7483809660254046,-0.7483809660254046,-0.7483809660254046,-0.7483809660254046,-0.7483809660254046,-0.7483809660254046,-0.7483809660254046,-0.7483809660254046,-0.7483809660254046,-0.7483809660254046,-0.7483809660254046,-0.7483809660254046,10.582639263721306,-0.7483809660254046,-0.7483809660254046,-0.7483809660254046,-0.7483809660254046,-0.7483809660254046,-0.7483809660254046,-0.7483809660254046,-0.7483809660254046,-0.7483809660254046,-0.7483809660254046,-0.7483809660254046,-0.7483809660254046,-0.7483809660254046,-0.7483809660254046,-0.7483809660254046,-0.7483809660254046,-0.7483809660254046,-0.7483809660254046,-0.7483809660254046,-0.7483809660254046,-0.7483809660254046,-0.7483809660254046,-0.7483809660254046,-0.7483809660254046
MET103,-2.9931425114796752,-2.9931425114796752,4.8213279975746355,5.297508051196367,7.843781074533995,2.9617914696773795,2.4629416409031144,3.5925629255124614,-2.9931425114796752,5.251806294245396,-2.9931425114796752,-2.9931425114796752,7.803181143189697,-2.9931425114796752,-2.9931425114796752,-2.9931425114796752,-2.9931425114796752,-2.9931425114796752,6.629004767294977,-2.9931425114796752,-2.9931425114796752,-2.9931425114796752,-2.9931425114796752,7.399992401964073,6.849576218096303,6.591535331684615,7.248329587362954,5.759327758985936,-2.9931425114796752,-2.9931425114796752,-2.9931425114796752,-2.9931425114796752,-2.9931425114796752,-2.9931425114796752,2.844936765525186,-2.9931425114796752,-2.9931425114796752,-2.9931425114796752,7.684712940536855,-2.9931425114796752,6.006147729426195,-2.9931425114796752,-2.9931425114796752,-2.9931425114796752,5.07930501471372,-2.9931425114796752,-2.9931425114796752,7.1500641569302745,-2.9931425114796752,-2.9931425114796752,-2.9931425114796752,-2.9931425114796752,5.053201919831688,3.427629640325671,-2.9931425114796752,-2.9931425114796752,-2.9931425114796752,6.7549279358772845,-2.9931425114796752,-2.9931425114796752,-2.9931425114796752,-2.9931425114796752,-2.9931425114796752,-2.9931425114796752,-2.9931425114796752,5.5097167334872035,-2.9931425114796752,-2.9931425114796752,-2.9931425114796752,-2.9931425114796752,3.7953518643996453,4.725691518645864,-2.9931425114796752,5.214919711041419,-2.9931425114796752,-2.9931425114796752,5.483799039461061,-2.9931425114796752,10.333653623067194,-2.9931425114796752,5.410792032107503,4.8849525343898135,-2.9931425114796752,7.346457912243027,-2.9931425114796752,-2.9931425114796752,-2.9931425114796752,-2.9931425114796752,5.157713544205406,-2.9931425114796752,3.1981944333015964,-2.9931425114796752,-2.9931425114796752,-2.9931425114796752,-2.9931425114796752
MET107,-1.4909523114778729,-1.4909523114778729,-1.4909523114778729,-1.4909523114778729,-1.4909523114778729,-1.4909523114778729,-1.4909523114778729,-1.4909523114778729,-1.4909523114778729,-1.4909523114778729,-1.4909523114778729,-1.4909523114778729,11.46479458100035,-1.4909523114778729,7.740492202650913,-1.4909523114778729,10.160764753470918,-1.4909523114778729,-1.4909523114778729,-1.4909523114778729,-1.4909523114778729,-1.4909523114778729,9.813134948985757,-1.4909523114778729,9.504767256166573,-1.4909523114778729,-1.4909523114778729,-1.4909523114778729,-1.4909523114778729,-1.4909523114778729,-1.4909523114778729,-1.4909523114778729,-1.4909523114778729,-1.4909523114778729,-1.4909523114778729,-1.4909523114778729,-1.4909523114778729,-1.4909523114778729,-1.4909523114778729,-1.4909523114778729,5.906351974836717,-1.4909523114778729,-1.4909523114778729,-1.4909523114778729,-1.4909523114778729,-1.4909523114778729,-1.4909523114778729,6.7468023445938385,-1.4909523114778729,-1.4909523114778729,-1.4909523114778729,-1.4909523114778729,-1.4909523114778729,6.875868827792175,-1.4909523114778729,-1.4909523114778729,-1.4909523114778729,9.406300330137542,-1.4909523114778729,-1.4909523114778729,-1.4909523114778729,-1.4909523114778729,-1.4909523114778729,-1.4909523114778729,-1.4909523114778729,-1.4909523114778729,-1.4909523114778729,-1.4909523114778729,-1.4909523114778729,-1.4909523114778729,-1.4909523114778729,-1.4909523114778729,-1.4909523114778729,5.261298044038355,-1.4909523114778729,-1.4909523114778729,-1.4909523114778729,-1.4909523114778729,-1.4909523114778729,-1.4909523114778729,10.032258364683223,-1.4909523114778729,9.063050972118498,9.383228655757268,-1.4909523114778729,-1.4909523114778729,9.408023973473352,-1.4909523114778729,-1.4909523114778729,-1.4909523114778729,-1.4909523114778729,-1.4909523114778729,-1.4909523114778729,-1.4909523114778729,-1.4909523114778729
MET111,-0.7794390682614818,-0.7794390682614818,-0.7794390682614818,-0.7794390682614818,-0.7794390682614818,-0.7794390682614818,-0.7794390682614818,-0.7794390682614818,-0.7794390682614818,-0.7794390682614818,-0.7794390682614818,-0.7794390682614818,-0.7794390682614818,-0.7794390682614818,-0.7794390682614818,-0.7794390682614818,-0.7794390682614818,-0.7794390682614818,8.086391092318273,-0.7794390682614818,-0.7794390682614818,-0.7794390682614818,-0.7794390682614818,-0.7794390682614818,-0.7794390682614818,-0.7794390682614818,-0.7794390682614818,-0.7794390682614818,-0.7794390682614818,-0.7794390682614818,12.59191918063835,-0.7794390682614818,-0.7794390682614818,-0.7794390682614818,-0.7794390682614818,-0.7794390682614818,-0.7794390682614818,-0.7794390682614818,-0.7794390682614818,-0.7794390682614818,-0.7794390682614818,-0.7794390682614818,-0.7794390682614818,-0.7794390682614818,-0.7794390682614818,-0.7794390682614818,-0.7794390682614818,-0.7794390682614818,-0.7794390682614818,-0.7794390682614818,-0.7794390682614818,7.919909616891204,-0.7794390682614818,-0.7794390682614818,-0.7794390682614818,-0.7794390682614818,-0.7794390682614818,11.603553642791924,-0.7794390682614818,-0.7794390682614818,-0.7794390682614818,-0.7794390682614818,-0.7794390682614818,-0.7794390682614818,-0.7794390682614818,-0.7794390682614818,-0.7794390682614818,-0.7794390682614818,-0.7794390682614818,-0.7794390682614818,-0.7794390682614818,-0.7794390682614818,-0.7794390682614818,-0.7794390682614818,-0.7794390682614818,-0.7794390682614818,-0.7794390682614818,-0.7794390682614818,-0.7794390682614818,-0.7794390682614818,8.504129730678759,-0.7794390682614818,9.598287834408033,10.286446909281207,-0.7794390682614818,-0.7794390682614818,-0.7794390682614818,-0.7794390682614818,-0.7794390682614818,-0.7794390682614818,-0.7794390682614818,-0.7794390682614818,-0.7794390682614818,-0.7794390682614818,-0.7794390682614818
MET116,6.503880958268832,-4.058662079094567,-4.058662079094567,3.212813149470282,-4.058662079094567,-4.058662079094567,-4.058662079094567,5.947515460457662,-4.058662079094567,6.002277066207538,-4.058662079094567,-4.058662079094567,5.832414340915433,-4.058662079094567,-4.058662079094567,5.387014066590245,2.352176875296336,-4.058662079094567,6.69489454102391,-4.058662079094567,5.429839347331725,-4.058662079094567,-4.058662079094567,5.1618040435787185,8.188314541867207,8.01896466746226,1.9832613077436658,-4.058662079094567,-4.058662079094567,2.6953653338500176,4.227256775586661,5.2976128771130915,-4.058662079094567,-4.058662079094567,-4.058662079094567,4.444738265245054,-4.058662079094567,-4.058662079094567,-4.058662079094567,-4.058662079094567,3.638659377936066,-4.058662079094567,-4.058662079094567,-4.058662079094567,4.00337945478938,2.6714200926106377,2.819509035720988,5.838953660619872,2.93374295887525,-4.058662079094567,4.9007693776825665,-4.058662079094567,-4.058662079094567,7.411638621558284,-4.058662079094567,4.999872111493751,5.679034533032385,7.344199280458952,-4.058662079094567,-4.058662079094567,3.454053040221978,3.6447181333752923,-4.058662079094567,-4.058662079094567,-4.058662079094567,-4.058662079094567,-4.058662079094567,-4.058662079094567,-0.010359435586781984,-4.058662079094567,5.125930284385311,-4.058662079094567,-4.058662079094567,5.413613954095493,5.158074559840732,-4.058662079094567,-4.058662079094567,3.5835852600261004,-4.058662079094567,-4.058662079094567,6.279570585394424,4.186044720295254,6.837017022473473,5.340242330255454,1.226636131171869,-4.058662079094567,-4.058662079094567,4.1500556308261265,-4.058662079094567,3.7453337492712047,-4.058662079094567,4.292346654928031,4.943581290061477,-4.058662079094567,-4.058662079094567
MET120,-2.675919733283143,-2.675919733283143,6.755144741507672,-2.675919733283143,-2.675919733283143,-2.675919733283143,-2.675919733283143,7.66874277344189,-2.675919733283143,-2.675919733283143,-2.675919733283143,-2.675919733283143,-2.675919733283143,-2.675919733283143,-2.675919733283143,-2.675919733283143,4.804918451139499,-2.675919733283143,9.370808278075012,-2.675919733283143,8.497062223119752,-2.675919733283143,-2.675919733283143,6.255180191282315,8.731620643255892,9.384999586680523,-2.675919733283143,6.497807521430523,-2.675919733283143,6.3470619054232005,7.368838085867457,5.962576854495393,-2.675919733283143,-2.675919733283143,-2.675919733283143,3.6160828290672384,-2.675919733283143,-2.675919733283143,-2.675919733283143,-2.675919733283143,-2.675919733283143,-2.675919733283143,-2.675919733283143,-2.675919733283143,-2.675919733283143,-2.675919733283143,5.970929246764036,-2.675919733283143,5.56480648983171,3.6301376120620628,-2.675919733283143,5.259556492996983,-2.675919733283143,8.02694487814344,-2.675919733283143,-2.675919733283143,-2.675919733283143,8.756057807731779,-2.675919733283143,-2.675919733283143,4.602646059103846,-2.675919733283143,-2.675919733283143,-2.675919733283143,-2.675919733283143,-2.675919733283143,-2.675919733283143,-2.675919733283143,-2.675919733283143,-2.675919733283143,-2.675919733283143,-2.675919733283143,-2.675919733283143,-2.675919733283143,8.624047291321933,-2.675919733283143,-2.675919733283143,7.539968016882186,-2.675919733283143,3.0714123774209288,-2.675919733283143,6.833653888815404,8.391148341795038,-2.675919733283143,8.155856927961828,6.274532347634602,-2.675919733283143,-2.675919733283143,-2.675919733283143,-2.675919733283143,-2.675919733283143,-2.675919733283143,-2.675919733283143,-2.675919733283143,-2.675919733283143
MET124,-2.8524435983958867,-2.8524435983958867,5.519707338797294,-2.8524435983958867,-2.8524435983958867,-2.8524435983958867,-2.8524435983958867,7.386548466877475,-2.8524435983958867,-2.8524435983958867,-2.8524435983958867,-2.8524435983958867,-2.8524435983958867,-2.8524435983958867,-2.8524435983958867,-2.8524435983958867,9.072731799742055,-2.8524435983958867,-2.8524435983958867,-2.8524435983958867,-2.8524435983958867,-2.8524435983958867,-2.8524435983958867,7.611725069322974,-2.8524435983958867,-2.8524435983958867,-2.8524435983958867,-2.8524435983958867,3.9314918186088548,-2.8524435983958867,5.7127468640652665,-2.8524435983958867,-2.8524435983958867,-2.8524435983958867,7.300508946152078,-2.8524435983958867,-2.8524435983958867,-2.8524435983958867,-2.8524435983958867,5.565239479207722,-2.8524435983958867,-2.8524435983958867,-2.8524435983958867,3.073616542154242,5.653696240321726,-2.8524435983958867,4.729441947240896,5.712667137629666,4.655885336286242,3.9669480160441886,8.59647893804572,4.147925439343616,-2.8524435983958867,6.270114512432717,7.125079235524217,5.719559872063189,-2.8524435983958867,9.465760137574483,-2.8524435983958867,-2.8524435983958867,4.4839192786384805,6.438303160667401,6.234087797798705,-2.8524435983958867,-2.8524435983958867,-2.8524435983958867,-2.8524435983958867,-2.8524435983958867,-2.8524435983958867,-2.8524435983958867,-2.8524435983958867,-2.8524435983958867,-2.8524435983958867,-2.8524435983958867,-2.8524435983958867,-2.8524435983958867,-2.8524435983958867,-2.8524435983958867,-2.8524435983958867,-2.8524435983958867,8.910316454909704,6.586661532994462,8.85971287291555,8.323086401479014,4.6076586369206005,6.939241176609184,2.8079734453634657,-2.8524435983958867,-2.8524435983958867,-2.8524435983958867,-2.8524435983958867,-2.8524435983958867,-2.8524435983958867,-2.8524435983958867,-2.8524435983958867
MET129,3.2260305655611923,-4.985010621374183,-4.985010621374183,5.240445569431712,3.166579029167596,6.341015875339311,4.149303881744095,0.2598210081399319,-4.985010621374183,3.961146040227929,-4.985010621374183,-4.985010621374183,3.9093550587025607,5.497497804906708,-4.985010621374183,1.9351438315439564,-4.985010621374183,3.4386714582761027,1.8788166405708688,5.672615923477894,-4.985010621374183,2.3557296279639344,6.099410808569077,4.136887093379248,6.7344793115934305,6.152564725998673,4.617886128793775,4.744707327237564,4.113458715726531,-4.985010621374183,4.3973541389988515,-4.985010621374183,-4.985010621374183,-4.985010621374183,-4.985010621374183,-4.985010621374183,1.078176038503492,2.974757136525871,-4.985010621374183,1.4509513121664561,4.0343861864886374,-4.985010621374183,2.659203306221123,1.6649279576692946,2.9810341767125665,-4.985010621374183,-4.985010621374183,3.8728524327070595,-4.985010621374183,2.8331788616415956,3.658792275979205,-4.985010621374183,1.911572756143948,4.522004162625917,5.493648154588136,2.3733856209809785,-4.985010621374183,6.938620401307728,1.8804583105378612,2.7534016219903092,1.1832062302976967,3.856615756871771,1.205573963271319,-4.985010621374183,-4.985010621374183,2.815949553874285,-4.985010621374183,3.28874584586565,-4.985010621374183,-4.985010621374183,5.5335159787476424,3.1806225434900357,-4.985010621374183,5.179223105198195,5.994165340653538,-4.985010621374183,4.917040395482433,1.4649666322799817,-4.985010621374183,-4.985010621374183,5.759663967678637,-4.985010621374183,3.2987513739159144,2.009543586367987,-4.985010621374183,-4.985010621374183,-4.985010621374183,2.7119923551916587,1.8905769476391363,-4.985010621374183,-4.985010621374183,-4.985010621374183,-4.985010621374183,-4.985010621374183,-4.985010621374183
MET133,4.757954577428775,-3.9059377063478724,3.8777802754926967,3.6691229116154993,-3.9059377063478724,6.553122005219713,-3.9059377063478724,-3.9059377063478724,-3.9059377063478724,-3.9059377063478724,-3.9059377063478724,-3.9059377063478724,5.80438645884084,-3.9059377063478724,-3.9059377063478724,-3.9059377063478724,5.891797392114705,-3.9059377063478724,7.422928930804956,8.455776094093919,-3.9059377063478724,6.397160245401823,8.317908587232143,4.299222796758005,7.061836516751132,6.7035183110782,-3.9059377063478724,7.049927260129696,-3.9059377063478724,-3.9059377063478724,-3.9059377063478724,-3.9059377063478724,-3.9059377063478724,-3.9059377063478724,4.563146399264786,-3.9059377063478724,-3.9059377063478724,-3.9059377063478724,-3.9059377063478724,-3.9059377063478724,3.349267190683321,-3.9059377063478724,4.819416046632595,-3.9059377063478724,4.081161774127942,0.9840054833512717,-3.9059377063478724,3.0287901403272413,-3.9059377063478724,3.839043877097602,2.8630668051800816,3.110601014814897,-3.9059377063478724,-3.9059377063478724,-3.9059377063478724,5.622826396607637,2.0490406989255217,7.116463497720242,3.5838559757908985,3.8541582517316684,-3.9059377063478724,3.2624138891981067,1.8462975376817372,-3.9059377063478724,-3.9059377063478724,-3.9059377063478724,-3.9059377063478724,5.028041721478561,-3.9059377063478724,2.3146531174716864,6.071702009058234,4.219516554085249,-3.9059377063478724,4.696174967282377,4.71896502518396,-3.9059377063478724,-3.9059377063478724,-3.9059377063478724,-3.9059377063478724,-3.9059377063478724,6.456439835697955,4.277481919753021,2.953036141369103,-3.9059377063478724,5.9763930794555815,-3.9059377063478724,-3.9059377063478724,3.9415235161769377,4.550891608554583,3.667943892423665,-3.9059377063478724,-3.9059377063478724,-3.9059377063478724,-3.9059377063478724,-3.9059377063478724
MET138,12.101221987017095,-1.0366159713819503,-1.0366159713819503,-1.0366159713819503,-1.0366159713819503,-1.0366159713819503,-1.0366159713819503,-1.0366159713819503,-1.0366159713819503,-1.0366159713819503,-1.0366159713819503,-1.0366159713819503,-1.0366159713819503,-1.0366159713819503,-1.0366159713819503,-1.0366159713819503,-1.0366159713819503,-1.0366159713819503,-1.0366159713819503,-1.0366159713819503,-1.0366159713819503,-1.0366159713819503,-1.0366159713819503,-1.0366159713819503,-1.0366159713819503,-1.0366159713819503,-1.0366159713819503,-1.0366159713819503,-1.0366159713819503,-1.0366159713819503,-1.0366159713819503,-1.0366159713819503,-1.0366159713819503,-1.0366159713819503,-1.0366159713819503,-1.0366159713819503,-1.0366159713819503,-1.0366159713819503,-1.0366159713819503,-1.0366159713819503,-1.0366159713819503,-1.0366159713819503,-1.0366159713819503,-1.0366159713819503,-1.0366159713819503,-1.0366159713819503,-1.0366159713819503,-1.0366159713819503,-1.0366159713819503,10.427459349702463,-1.0366159713819503,-1.0366159713819503,-1.0366159713819503,9.03381793531325,-1.0366159713819503,-1.0366159713819503,-1.0366159713819503,10.882178801628365,-1.0366159713819503,-1.0366159713819503,10.069208447325012,-1.0366159713819503,9.45077252596403,-1.0366159713819503,-1.0366159713819503,-1.0366159713819503,-1.0366159713819503,-1.0366159713819503,-1.0366159713819503,-1.0366159713819503,-1.0366159713819503,-1.0366159713819503,-1.0366159713819503,-1.0366159713819503,-1.0366159713819503,-1.0366159713819503,-1.0366159713819503,-1.0366159713819503,-1.0366159713819503,-1.0366159713819503,10.411009898778964,-1.0366159713819503,8.827339010894283,-1.0366159713819503,7.945965582221907,-1.0366159713819503,-1.0366159713819503,-1.0366159713819503,-1.0366159713819503,-1.0366159713819503,-1.0366159713819503,-1.0366159713819503,-1.0366159713819503,-1.0366159713819503,-1.0366159713819503
MET14,-2.356523431274974,-2.356523431274974,6.05162183085724,-2.356523431274974,-2.356523431274974,-2.356523431274974,-2.356523431274974,5.603963913083717,-2.356523431274974,9.160286637201486,-2.356523431274974,-2.356523431274974,-2.356523431274974,-2.356523431274974,-2.356523431274974,-2.356523431274974,5.631030057344762,-2.356523431274974,8.980648892192788,-2.356523431274974,-2.356523431274974,-2.356523431274974,-2.356523431274974,6.004047319092559,9.904942949052776,10.68573266629331,7.96985173344769,-2.356523431274974,-2.356523431274974,-2.356523431274974,-2.356523431274974,-2.356523431274974,-2.356523431274974,-2.356523431274974,-2.356523431274974,3.772582376245259,-2.356523431274974,-2.356523431274974,-2.356523431274974,-2.356523431274974,-2.356523431274974,-2.356523431274974,-2.356523431274974,-2.356523431274974,-2.356523431274974,-2.356523431274974,-2.356523431274974,6.309680510423339,-2.356523431274974,5.9148207722484605,7.9133548301408725,-2.356523431274974,-2.356523431274974,3.1951142115463504,-2.356523431274974,-2.356523431274974,4.473371522983228,7.87489318821593,-2.356523431274974,-2.356523431274974,5.647690931111782,6.1854280166317865,-2.356523431274974,-2.356523431274974,4.757844045783944,-2.356523431274974,-2.356523431274974,-2.356523431274974,-2.356523431274974,-2.356523431274974,-2.356523431274974,-2.356523431274974,-2.356523431274974,-2.356523431274974,-2.356523431274974,-2.356523431274974,-2.356523431274974,5.995664238085848,-2.356523431274974,-2.356523431274974,-2.356523431274974,-2.356523431274974,-2.356523431274974,4.049367062367065,-2.356523431274974,-2.356523431274974,5.754544953452102,4.458592034228709,4.129129383841362,-2.356523431274974,-2.356523431274974,-2.356523431274974,-2.356523431274974,5.545671737713928,6.630240944385476
MET142,-3.8981226554351256,-3.8981226554351256,3.641154540393706,1.7473003089578256,-3.8981226554351256,7.238333802577797,-3.8981226554351256,4.348102331822125,-3.8981226554351256,-3.8981226554351256,-3.8981226554351256,5.921561068235089,7.326768850124639,-3.8981226554351256,-3.8981226554351256,2.828859037108873,0.896145851975664,-3.8981226554351256,5.217959003099863,-3.8981226554351256,-3.8981226554351256,3.333163259763678,-3.8981226554351256,-3.8981226554351256,7.758840817754168,7.422230893923755,6.497476372299991,5.731008575552892,5.081820748761381,-3.8981226554351256,5.660020594641658,-3.8981226554351256,-3.8981226554351256,-3.8981226554351256,-3.8981226554351256,4.580230829289171,-3.8981226554351256,-3.8981226554351256,-3.8981226554351256,-3.8981226554351256,-3.8981226554351256,-3.8981226554351256,-3.8981226554351256,-3.8981226554351256,5.284950548301745,-3.8981226554351256,3.358752183724426,5.7909862806949,-3.8981226554351256,-3.8981226554351256,3.6813587709759705,3.476277812281859,-3.8981226554351256,7.147405267800897,-3.8981226554351256,4.755483997202758,4.6772613817606565,7.787640997399361,-3.8981226554351256,-3.8981226554351256,3.1805469096325734,4.694374200566926,-3.8981226554351256,-3.8981226554351256,1.2168708932955727,-3.8981226554351256,-3.8981226554351256,4.785133049047588,-3.8981226554351256,-3.8981226554351256,4.3406412690789224,-3.8981226554351256,-3.8981226554351256,5.857434794721251,5.081402331226109,-3.8981226554351256,-3.8981226554351256,-3.8981226554351256,-3.8981226554351256,-3.8981226554351256,7.307326206941021,-3.8981226554351256,6.718355425142706,7.463656374281385,4.839571743922484,7.184274198799944,2.1493804853800116,5.241534967664753,-3.8981226554351256,-3.8981226554351256,-3.8981226554351256,2.3394586215500848,3.0094451403851936,-3.8981226554351256,-3.8981226554351256
MET147,-2.690646504065077,-2.690646504065077,3.0357467690479325,-2.690646504065077,4.226116854510345,-2.690646504065077,-2.690646504065077,4.7625649711373,-2.690646504065077,8.731027464530044,-2.690646504065077,-2.690646504065077,-2.690646504065077,-2.690646504065077,-2.690646504065077,-2.690646504065077,7.90353397814355,-2.690646504065077,-2.690646504065077,-2.690646504065077,-2.690646504065077,-2.690646504065077,-2.690646504065077,-2.690646504065077,9.64067828060293,9.663810451250146,7.310663217656755,8.83985169935088,-2.690646504065077,-2.690646504065077,-2.690646504065077,-2.690646504065077,-2.690646504065077,-2.690646504065077,6.10993614390476,-2.690646504065077,-2.690646504065077,-2.690646504065077,-2.690646504065077,-2.690646504065077,5.216712080531615,-2.690646504065077,-2.690646504065077,-2.690646504065077,-2.690646504065077,-2.690646504065077,-2.690646504065077,-2.690646504065077,-2.690646504065077,-2.690646504065077,6.506603194910178,2.737103986511107,-2.690646504065077,7.684007549418597,-2.690646504065077,6.062649316843662,-2.690646504065077,8.271160930720221,-2.690646504065077,-2.690646504065077,3.649378896243869,4.240355826404779,-2.690646504065077,-2.690646504065077,-2.690646504065077,-2.690646504065077,-2.690646504065077,-2.690646504065077,-2.690646504065077,-2.690646504065077,6.635862094890627,-2.690646504065077,-2.690646504065077,7.864147067604309,-2.690646504065077,-2.690646504065077,-2.690646504065077,3.77827097899734,-2.690646504065077,-2.690646504065077,7.839433260144778,6.41684527550922,7.614060170509733,6.100735114345937,7.142444379129913,6.470169764544724,-2.690646504065077,5.81944605496398,-2.690646504065077,-2.690646504065077,-2.690646504065077,-2.690646504065077,-2.690646504065077,-2.690646504065077,-2.690646504065077
MET152,-2.492806121258278,-2.492806121258278,-2.492806121258278,5.6748324434975554,-2.492806121258278,10.28664725943256,5.621534153442004,-2.492806121258278,-2.492806121258278,7.055212568614529,5.740700969754887,-2.492806121258278,8.37692528727682,-2.492806121258278,-2.492806121258278,-2.492806121258278,-2.492806121258278,6.218499989278153,5.863148618078631,-2.492806121258278,8.132447438741647,-2.492806121258278,8.646452456812849,4.982638995669997,8.686974164860354,7.840324805023421,-2.492806121258278,9.183360617943581,-2.492806121258278,-2.492806121258278,-2.492806121258278,-2.492806121258278,6.978942817164004,-2.492806121258278,-2.492806121258278,-2.492806121258278,-2.492806121258278,-2.492806121258278,-2.492806121258278,-2.492806121258278,5.6281343493344735,-2.492806121258278,-2.492806121258278,-2.492806121258278,-2.492806121258278,-2.492806121258278,-2.492806121258278,-2.492806121258278,-2.492806121258278,-2.492806121258278,-2.492806121258278,-2.492806121258278,-2.492806121258278,-2.492806121258278,-2.492806121258278,-2.492806121258278,-2.492806121258278,8.675418838569989,-2.492806121258278,-2.492806121258278,-2.492806121258278,3.7587624433856632,-2.492806121258278,-2.492806121258278,-2.492806121258278,-2.492806121258278,-2.492806121258278,-2.492806121258278,-2.492806121258278,-2.492806121258278,8.724841443876276,-2.492806121258278,-2.492806121258278,6.404291789172828,5.969346171037247,-2.492806121258278,-2.492806121258278,7.461338374742533,-2.492806121258278,7.583593422614296,6.024120131671837,-2.492806121258278,-2.492806121258278,-2.492806121258278,4.9779389380815005,-2.492806121258278,-2.492806121258278,-2.492806121258278,-2.492806121258278,-2.492806121258278,-2.492806121258278,-2.492806121258278,-2.492806121258278,-2.492806121258278,-2.492806121258278
MET157,7.139644520777694,-3.0734921566703957,-3.0734921566703957,-3.0734921566703957,-3.0734921566703957,8.595435969970348,5.92859250497157,-3.0734921566703957,-3.0734921566703957,6.735977947354004,7.123775227921794,-3.0734921566703957,-3.0734921566703957,-3.0734921566703957,-3.0734921566703957,7.230119636900065,-3.0734921566703957,-3.0734921566703957,7.6483943365398375,-3.0734921566703957,6.042541224851513,-3.0734921566703957,9.217652470518745,5.19478732551481,9.178945083757498,8.993246997201767,-3.0734921566703957,-3.0734921566703957,5.997723161779439,5.14604822200099,5.364670177228159,-3.0734921566703957,-3.0734921566703957,-3.0734921566703957,3.682423346030114,-3.0734921566703957,-3.0734921566703957,2.615194827447482,-3.0734921566703957,-3.0734921566703957,5.803174838990367,-3.0734921566703957,5.26137112714705,-3.0734921566703957,-3.0734921566703957,-3.0734921566703957,-3.0734921566703957,4.109285457629896,-3.0734921566703957,4.900851378245204,-3.0734921566703957,-3.0734921566703957,-3.0734921566703957,6.602879399529364,2.4881388482150104,-3.0734921566703957,-3.0734921566703957,6.87938272450819,-3.0734921566703957,5.226962187797705,3.2899587485327553,-3.0734921566703957,-3.0734921566703957,-3.0734921566703957,-3.0734921566703957,-3.0734921566703957,-3.0734921566703957,-3.0734921566703957,-3.0734921566703957,-3.0734921566703957,6.0102030386135175,-3.0734921566703957,-3.0734921566703957,6.127937163578397,6.2340983148862374,-3.0734921566703957,-3.0734921566703957,-3.0734921566703957,-3.0734921566703957,-3.0734921566703957,4.097425650546833,-3.0734921566703957,-3.0734921566703957,3.3906539996725362,-3.0734921566703957,-3.0734921566703957,-3.0734921566703957,-3.0734921566703957,2.714773657966685,-3.0734921566703957,-3.0734921566703957,-3.0734921566703957,5.58424419693753,-3.0734921566703957,-3.0734921566703957
MET162,-2.701307722243138,-2.701307722243138,5.114336977806611,-2.701307722243138,-2.701307722243138,-2.701307722243138,3.42776165310243,5.307583835501932,-2.701307722243138,-2.701307722243138,-2.701307722243138,-2.701307722243138,-2.701307722243138,-2.701307722243138,6.562203388531717,-2.701307722243138,6.443940102489779,-2.701307722243138,7.771987455759554,-2.701307722243138,-2.701307722243138,-2.701307722243138,-2.701307722243138,4.4154241368085625,9.251940096238979,10.079017542717441,6.688515979528805,7.920722996465051,7.126378462653718,5.186468002839912,5.27226502891636,-2.701307722243138,-2.701307722243138,-2.701307722243138,5.987142513549591,4.536343613610567,-2.701307722243138,-2.701307722243138,-2.701307722243138,-2.701307722243138,5.316778497262115,-2.701307722243138,-2.701307722243138,-2.701307722243138,6.233216113862549,-2.701307722243138,2.4806846697140017,5.670899909034799,-2.701307722243138,-2.701307722243138,9.020951654782698,4.666735051407123,-2.701307722243138,-2.701307722243138,-2.701307722243138,-2.701307722243138,-2.701307722243138,8.510043360940736,-2.701307722243138,-2.701307722243138,-2.701307722243138,-2.701307722243138,-2.701307722243138,-2.701307722243138,-2.701307722243138,4.219362775787507,-2.701307722243138,-2.701307722243138,-2.701307722243138,-2.701307722243138,7.197314027154837,-2.701307722243138,-2.701307722243138,-2.701307722243138,-2.701307722243138,-2.701307722243138,-2.701307722243138,-2.701307722243138,-2.701307722243138,-2.701307722243138,-2.701307722243138,-2.701307722243138,8.726729630389613,4.409038973403789,6.843113754482166,-2.701307722243138,-2.701307722243138,-2.701307722243138,-2.701307722243138,-2.701307722243138,-2.701307722243138,-2.701307722243138,3.8994094633025798,-2.701307722243138,-2.701307722243138
MET166,-2.3472466640244143,-2.3472466640244143,-2.3472466640244143,-2.3472466640244143,4.969685552249553,-2.3472466640244143,-2.3472466640244143,-2.3472466640244143,-2.3472466640244143,8.432526436612777,-2.3472466640244143,-2.3472466640244143,10.249072766929856,-2.3472466640244143,-2.3472466640244143,-2.3472466640244143,-2.3472466640244143,-2.3472466640244143,8.217294588748151,-2.3472466640244143,-2.3472466640244143,-2.3472466640244143,-2.3472466640244143,7.048689321418457,10.330247577695573,-2.3472466640244143,5.044850076342933,-2.3472466640244143,5.898451354766614,4.774325419347159,5.157127892549941,-2.3472466640244143,-2.3472466640244143,-2.3472466640244143,3.792844107452747,5.249370284263771,5.701548719322708,4.0598400079278,-2.3472466640244143,3.962680298421766,-2.3472466640244143,-2.3472466640244143,-2.3472466640244143,-2.3472466640244143,5.811262532428294,-2.3472466640244143,3.6812533640407112,-2.3472466640244143,-2.3472466640244143,-2.3472466640244143,7.833518127556902,-2.3472466640244143,-2.3472466640244143,-2.3472466640244143,5.93197507047837,-2.3472466640244143,-2.3472466640244143,8.944397127199345,-2.3472466640244143,-2.3472466640244143,4.447260884000826,-2.3472466640244143,-2.3472466640244143,-2.3472466640244143,-2.3472466640244143,-2.3472466640244143,-2.3472466640244143,-2.3472466640244143,-2.3472466640244143,-2.3472466640244143,-2.3472466640244143,-2.3472466640244143,-2.3472466640244143,8.157245706297019,-2.3472466640244143,-2.3472466640244143,-2.3472466640244143,7.056235585068779,-2.3472466640244143,3.377343345181357,-2.3472466640244143,-2.3472466640244143,-2.3472466640244143,-2.3472466640244143,-2.3472466640244143,9.197940373138623,-2.3472466640244143,-2.3472466640244143,-2.3472466640244143,-2.3472466640244143,-2.3472466640244143,-2.3472466640244143,4.633033298242862,-2.3472466640244143,-2.3472466640244143
MET171,-1.5267484598084415,-1.5267484598084415,6.59436785167755,-1.5267484598084415,-1.5267484598084415,-1.5267484598084415,-1.5267484598084415,-1.5267484598084415,-1.5267484598084415,-1.5267484598084415,-1.5267484598084415,-1.5267484598084415,11.224476252961582,-1.5267484598084415,-1.5267484598084415,-1.5267484598084415,-1.5267484598084415,-1.5267484598084415,-1.5267484598084415,-1.5267484598084415,-1.5267484598084415,-1.5267484598084415,-1.5267484598084415,-1.5267484598084415,10.42851004555888,-1.5267484598084415,-1.5267484598084415,-1.5267484598084415,-1.5267484598084415,9.142211140968381,10.090264895836935,-1.5267484598084415,-1.5267484598084415,-1.5267484598084415,-1.5267484598084415,8.584654369635462,-1.5267484598084415,-1.5267484598084415,-1.5267484598084415,-1.5267484598084415,-1.5267484598084415,-1.5267484598084415,-1.5267484598084415,-1.5267484598084415,-1.5267484598084415,-1.5267484598084415,-1.5267484598084415,-1.5267484598084415,-1.5267484598084415,4.841744131088786,4.2814783424399625,-1.5267484598084415,-1.5267484598084415,-1.5267484598084415,-1.5267484598084415,-1.5267484598084415,-1.5267484598084415,8.446347547477544,-1.5267484598084415,-1.5267484598084415,-1.5267484598084415,6.658819366192845,-1.5267484598084415,-1.5267484598084415,5.163854551389496,-1.5267484598084415,-1.5267484598084415,-1.5267484598084415,-1.5267484598084415,-1.5267484598084415,-1.5267484598084415,-1.5267484598084415,-1.5267484598084415,-1.5267484598084415,-1.5267484598084415,-1.5267484598084415,-1.5267484598084415,-1.5267484598084415,-1.5267484598084415,-1.5267484598084415,10.505551828099478,-1.5267484598084415,9.160861899963631,-1.5267484598084415,-1.5267484598084415,-1.5267484598084415,9.650897742677492,-1.5267484598084415,-1.5267484598084415,-1.5267484598084415,-1.5267484598084415,-1.5267484598084415,-1.5267484598084415,-1.5267484598084415,7.365836818704755
MET175,-3.268992338241775,2.6172179878097026,2.7444833252299894,6.1408214294507735,4.556817988961694,8.477552124213773,3.0968500010142463,4.7962326238224025,3.2785967397614346,5.981007462013265,-3.268992338241775,-3.268992338241775,-3.268992338241775,-3.268992338241775,-3.268992338241775,-3.268992338241775,-3.268992338241775,6.229018136609682,8.623689352248974,-3.268992338241775,-3.268992338241775,-3.268992338241775,-3.268992338241775,4.5252103700681605,9.039116361443204,7.989237770445043,-3.268992338241775,7.693052345313539,4.040596797063269,-3.268992338241775,-3.268992338241775,-3.268992338241775,-3.268992338241775,-3.268992338241775,-3.268992338241775,-3.268992338241775,-3.268992338241775,-3.268992338241775,-3.268992338241775,-3.268992338241775,2.941573526396801,-3.268992338241775,-3.268992338241775,-3.268992338241775,2.6219541035517704,-3.268992338241775,2.6534166079382535,5.523838744500144,-3.268992338241775,3.34778229126269,-3.268992338241775,1.949150860476209,-3.268992338241775,7.339479705110595,-3.268992338241775,-3.268992338241775,3.884526408229589,7.798272627168455,-3.268992338241775,3.753204985475702,3.2025571147183234,4.074265231777851,-3.268992338241775,-3.268992338241775,-3.268992338241775,-3.268992338241775,-3.268992338241775,6.311119134115004,-3.268992338241775,-3.268992338241775,4.9687531488950265,-3.268992338241775,-3.268992338241775,6.739631250107531,-3.268992338241775,-3.268992338241775,-3.268992338241775,5.895888259895158,-3.268992338241775,-3.268992338241775,8.599859412585012,-3.268992338241775,4.988943652740786,5.4047534887958815,-3.268992338241775,-3.268992338241775,-3.268992338241775,4.4222132333129505,-3.268992338241775,3.350871015499605,-3.268992338241775,-3.268992338241775,-3.268992338241775,-3.268992338241775,-3.268992338241775
MET179,6.861035609732406,-3.7064596211389773,0.14119995357913417,3.2286086383667776,3.23788400583915,-3.7064596211389773,-3.7064596211389773,3.4482746977368146,-3.7064596211389773,4.171803502179242,-3.7064596211389773,-3.7064596211389773,-3.7064596211389773,-3.7064596211389773,-3.7064596211389773,-3.7064596211389773,-3.7064596211389773,5.167943324573777,4.881588111041368,-3.7064596211389773,-3.7064596211389773,3.6395371820021154,-3.7064596211389773,5.340385898573648,5.173127879310107,6.260287566702413,2.20208761513606,4.5275748815063634,5.730567986109676,4.06484457716631,2.028673094452847,-3.7064596211389773,2.7672614496110777,-3.7064596211389773,4.045307719484939,-3.7064596211389773,-3.7064596211389773,-0.29677148853043533,-3.7064596211389773,2.2165600486262305,4.655599870842565,-3.7064596211389773,-3.7064596211389773,-3.7064596211389773,-3.7064596211389773,-3.7064596211389773,2.8640987451260855,4.620888144768488,-3.7064596211389773,-3.7064596211389773,-3.7064596211389773,-3.7064596211389773,2.1288697900895794,4.0321442422971625,-3.7064596211389773,2.198077874569993,3.665671945006997,6.405597120486235,-3.7064596211389773,3.482298174937937,2.492516917121387,3.3456916597922683,2.353519056086239,-3.7064596211389773,-3.7064596211389773,-3.7064596211389773,-3.7064596211389773,6.1891397300675575,-3.7064596211389773,4.197196565616243,5.303913369524851,-3.7064596211389773,-3.7064596211389773,4.779013449354439,4.693865784217852,-3.7064596211389773,-3.7064596211389773,-3.7064596211389773,9.818609578290353,3.288042875582458,6.324820376039904,-3.7064596211389773,4.231434312968395,5.762672504214657,5.4326704572741535,-3.7064596211389773,-3.7064596211389773,-3.7064596211389773,4.218846259472498,-3.7064596211389773,-3.7064596211389773,-3.7064596211389773,-3.7064596211389773,-3.7064596211389773,-3.7064596211389773
MET183,-0.38870368777339515,-0.38870368777339515,-0.38870368777339515,-0.38870368777339515,-0.38870368777339515,-0.38870368777339515,-0.38870368777339515,-0.38870368777339515,-0.38870368777339515,-0.38870368777339515,-0.38870368777339515,-0.38870368777339515,-0.38870368777339515,-0.38870368777339515,-0.38870368777339515,-0.38870368777339515,-0.38870368777339515,-0.38870368777339515,10.739241416629106,-0.38870368777339515,-0.38870368777339515,-0.38870368777339515,-0.38870368777339515,-0.38870368777339515,13.077041287261919,-0.38870368777339515,-0.38870368777339515,-0.38870368777339515,-0.38870368777339515,-0.38870368777339515,-0.38870368777339515,-0.38870368777339515,-0.38870368777339515,-0.38870368777339515,-0.38870368777339515,-0.38870368777339515,-0.38870368777339515,-0.38870368777339515,-0.38870368777339515,-0.38870368777339515,-0.38870368777339515,-0.38870368777339515,-0.38870368777339515,-0.38870368777339515,-0.38870368777339515,-0.38870368777339515,-0.38870368777339515,-0.38870368777339515,-0.38870368777339515,-0.38870368777339515,-0.38870368777339515,-0.38870368777339515,-0.38870368777339515,-0.38870368777339515,-0.38870368777339515,-0.38870368777339515,-0.38870368777339515,11.94445657125827,-0.38870368777339515,-0.38870368777339515,-0.38870368777339515,-0.38870368777339515,-0.38870368777339515,-0.38870368777339515,-0.38870368777339515,-0.38870368777339515,-0.38870368777339515,-0.38870368777339515,-0.38870368777339515,-0.38870368777339515,-0.38870368777339515,-0.38870368777339515,-0.38870368777339515,-0.38870368777339515,-0.38870368777339515,-0.38870368777339515,-0.38870368777339515,-0.38870368777339515,-0.38870368777339515,-0.38870368777339515,-0.38870368777339515,-0.38870368777339515,-0.38870368777339515,-0.38870368777339515,-0.38870368777339515,-0.38870368777339515,-0.38870368777339515,-0.38870368777339515,-0.38870368777339515,-0.38870368777339515,-0.38870368777339515,-0.38870368777339515,-0.38870368777339515,-0.38870368777339515,-0.38870368777339515
MET187,-2.6085891897950564,-2.6085891897950564,6.531257905248531,-2.6085891897950564,-2.6085891897950564,-2.6085891897950564,-2.6085891897950564,8.042943703377764,-2.6085891897950564,-2.6085891897950564,-2.6085891897950564,-2.6085891897950564,-2.6085891897950564,-2.6085891897950564,5.745707527781737,-2.6085891897950564,4.45692307649854,7.351709697261146,-2.6085891897950564,-2.6085891897950564,-2.6085891897950564,-2.6085891897950564,9.345484253519013,3.627254248902208,6.803206561341777,10.089471483416757,6.503626919291777,6.876349266095677,4.379563553508482,-2.6085891897950564,6.11368637897185,-2.6085891897950564,-2.6085891897950564,-2.6085891897950564,-2.6085891897950564,7.311041860418544,-2.6085891897950564,-2.6085891897950564,-2.6085891897950564,-2.6085891897950564,8.329095917920712,-2.6085891897950564,-2.6085891897950564,6.624362245937471,7.3609090443120335,-2.6085891897950564,6.866720950273316,8.880952794734567,-2.6085891897950564,-2.6085891897950564,5.987202690652857,-2.6085891897950564,-2.6085891897950564,-2.6085891897950564,-2.6085891897950564,-2.6085891897950564,-2.6085891897950564,8.828893499460259,-2.6085891897950564,-2.6085891897950564,-2.6085891897950564,-2.6085891897950564,-2.6085891897950564,-2.6085891897950564,-2.6085891897950564,-2.6085891897950564,-2.6085891897950564,-2.6085891897950564,-2.6085891897950564,-2.6085891897950564,5.141085214787329,-2.6085891897950564,-2.6085891897950564,6.856088361341188,-2.6085891897950564,-2.6085891897950564,-2.6085891897950564,-2.6085891897950564,-2.6085891897950564,-2.6085891897950564,7.618504837998113,-2.6085891897950564,-2.6085891897950564,-2.6085891897950564,-2.6085891897950564,-2.6085891897950564,6.80370905248259,7.516903050322564,-2.6085891897950564,-2.6085891897950564,-2.6085891897950564,-2.6085891897950564,-2.6085891897950564,-2.6085891897950564,-2.6085891897950564
MET19,-3.083774695882349,-3.083774695882349,5.187338650123863,-3.083774695882349,-3.083774695882349,3.9418472876819965,3.0412650793696177,5.561778258948383,-3.083774695882349,7.129837016915529,-3.083774695882349,-3.083774695882349,9.503197192325192,-3.083774695882349,-3.083774695882349,-3.083774695882349,-3.083774695882349,7.634950592892181,7.045331949864411,-3.083774695882349,-3.083774695882349,-3.083774695882349,-3.083774695882349,6.977088415959046,7.3803372057312835,-3.083774695882349,6.717496989007307,-3.083774695882349,-3.083774695882349,-3.083774695882349,-3.083774695882349,-3.083774695882349,-3.083774695882349,-3.083774695882349,5.262682400514133,4.294919630083837,-3.083774695882349,-3.083774695882349,-3.083774695882349,-3.083774695882349,-3.083774695882349,-3.083774695882349,6.129113120964785,-3.083774695882349,4.3161342408063,-3.083774695882349,0.5605868311998599,6.262417324780411,3.713272589957774,6.874131085239865,-3.083774695882349,3.1998136098978893,5.192784624784174,1.3598526292869355,-3.083774695882349,6.825995131613686,-3.083774695882349,8.91074956081777,-3.083774695882349,-3.083774695882349,3.82491338499078,-3.083774695882349,2.6738271604705393,-3.083774695882349,-3.083774695882349,-3.083774695882349,-3.083774695882349,-3.083774695882349,-3.083774695882349,-3.083774695882349,4.9377149917905045,3.188090879167474,-3.083774695882349,6.539114830453094,-3.083774695882349,-3.083774695882349,-3.083774695882349,-3.083774695882349,-3.083774695882349,-3.083774695882349,5.775246308465883,-3.083774695882349,9.138319564472724,-3.083774695882349,-3.083774695882349,-3.083774695882349,6.429887283190459,-3.083774695882349,7.4355335083661025,-3.083774695882349,-3.083774695882349,-3.083774695882349,-3.083774695882349,-3.083774695882349,5.1446871186886876
MET191,-3.3452415562643623,-3.3452415562643623,-3.3452415562643623,7.189309685658172,2.3839211816132977,8.80370149446967,7.54044088111821,6.527414263189593,-3.3452415562643623,7.5851835180266205,-3.3452415562643623,-3.3452415562643623,-3.3452415562643623,-3.3452415562643623,-3.3452415562643623,-3.3452415562643623,-3.3452415562643623,-3.3452415562643623,7.7413226173947995,-3.3452415562643623,-3.3452415562643623,-3.3452415562643623,-3.3452415562643623,6.171164466376027,7.942456887618959,6.308307110459941,6.798926400685561,6.864860915887947,6.690060170751726,6.158321741021928,6.29424503020182,-3.3452415562643623,-3.3452415562643623,-3.3452415562643623,-3.3452415562643623,-3.3452415562643623,-3.3452415562643623,-3.3452415562643623,-3.3452415562643623,-3.3452415562643623,-3.3452415562643623,-3.3452415562643623,-3.3452415562643623,-3.3452415562643623,5.880230874435821,-3.3452415562643623,-3.3452415562643623,6.004905792140795,-3.3452415562643623,-3.3452415562643623,-3.3452415562643623,-3.3452415562643623,-3.3452415562643623,-3.3452415562643623,-3.3452415562643623,-3.3452415562643623,6.161407116123961,7.789487532793347,7.3756194845869825,-3.3452415562643623,-3.3452415562643623,7.222876645312317,-3.3452415562643623,-3.3452415562643623,-3.3452415562643623,-3.3452415562643623,-3.3452415562643623,-3.3452415562643623,-3.3452415562643623,4.352200519271427,7.542961838852944,-3.3452415562643623,5.471925453696777,5.631709836789788,7.630173995450693,-3.3452415562643623,-3.3452415562643623,6.33492430586132,-3.3452415562643623,5.695153895844216,-3.3452415562643623,4.164029239974531,6.037985028057605,-3.3452415562643623,5.732221839590488,-3.3452415562643623,-3.3452415562643623,-3.3452415562643623,-3.3452415562643623,4.219074788399577,3.158451936733208,-3.3452415562643623,-3.3452415562643623,-3.3452415562643623,-3.3452415562643623
MET195,-1.3328695178831271,-1.3328695178831271,-1.3328695178831271,-1.3328695178831271,-1.3328695178831271,-1.3328695178831271,-1.3328695178831271,-1.3328695178831271,-1.3328695178831271,-1.3328695178831271,-1.3328695178831271,-1.3328695178831271,-1.3328695178831271,-1.3328695178831271,-1.3328695178831271,-1.3328695178831271,-1.3328695178831271,-1.3328695178831271,-1.3328695178831271,-1.3328695178831271,-1.3328695178831271,-1.3328695178831271,11.005137117067775,-1.3328695178831271,-1.3328695178831271,10.737077247104029,-1.3328695178831271,-1.3328695178831271,7.886945614136234,-1.3328695178831271,8.5379232239219,-1.3328695178831271,-1.3328695178831271,-1.3328695178831271,-1.3328695178831271,-1.3328695178831271,-1.3328695178831271,-1.3328695178831271,-1.3328695178831271,-1.3328695178831271,-1.3328695178831271,-1.3328695178831271,-1.3328695178831271,-1.3328695178831271,-1.3328695178831271,-1.3328695178831271,-1.3328695178831271,-1.3328695178831271,-1.3328695178831271,-1.3328695178831271,-1.3328695178831271,-1.3328695178831271,-1.3328695178831271,10.853662346173552,-1.3328695178831271,10.148895709495951,-1.3328695178831271,-1.3328695178831271,-1.3328695178831271,-1.3328695178831271,-1.3328695178831271,6.717451586327776,-1.3328695178831271,-1.3328695178831271,-1.3328695178831271,-1.3328695178831271,-1.3328695178831271,-1.3328695178831271,-1.3328695178831271,-1.3328695178831271,-1.3328695178831271,-1.3328695178831271,-1.3328695178831271,-1.3328695178831271,-1.3328695178831271,-1.3328695178831271,-1.3328695178831271,-1.3328695178831271,-1.3328695178831271,-1.3328695178831271,10.49168698980569,8.103062452068645,10.109872108572839,-1.3328695178831271,-1.3328695178831271,-1.3328695178831271,8.740423092216448,-1.3328695178831271,7.296032497406209,-1.3328695178831271,-1.3328695178831271,-1.3328695178831271,-1.3328695178831271,-1.3328695178831271,-1.3328695178831271
MET199,-1.3234789581452375,3.3190377794621764,-1.3234789581452375,-1.3234789581452375,-1.3234789581452375,-1.3234789581452375,5.348019770996312,-1.3234789581452375,6.10526459557429,-1.3234789581452375,-1.3234789581452375,-1.3234789581452375,-1.3234789581452375,-1.3234789581452375,-1.3234789581452375,-1.3234789581452375,-1.3234789581452375,-1.3234789581452375,-1.3234789581452375,-1.3234789581452375,-1.3234789581452375,-1.3234789581452375,10.69869315786413,9.984855822919837,11.906627480572885,-1.3234789581452375,10.453502405444787,-1.3234789581452375,-1.3234789581452375,-1.3234789581452375,-1.3234789581452375,-1.3234789581452375,-1.3234789581452375,-1.3234789581452375,-1.3234789581452375,-1.3234789581452375,-1.3234789581452375,-1.3234789581452375,-1.3234789581452375,-1.3234789581452375,-1.3234789581452375,-1.3234789581452375,-1.3234789581452375,-1.3234789581452375,-1.3234789581452375,-1.3234789581452375,-1.3234789581452375,-1.3234789581452375,-1.3234789581452375,-1.3234789581452375,7.360328155081652,-1.3234789581452375,-1.3234789581452375,-1.3234789581452375,7.298030143527161,-1.3234789581452375,-1.3234789581452375,8.999248254124206,-1.3234789581452375,5.946931407994632,-1.3234789581452375,-1.3234789581452375,-1.3234789581452375,-1.3234789581452375,6.325378898179237,-1.3234789581452375,-1.3234789581452375,-1.3234789581452375,-1.3234789581452375,-1.3234789581452375,-1.3234789581452375,-1.3234789581452375,-1.3234789581452375,-1.3234789581452375,-1.3234789581452375,-1.3234789581452375,-1.3234789581452375,-1.3234789581452375,-1.3234789581452375,-1.3234789581452375,-1.3234789581452375,-1.3234789581452375,-1.3234789581452375,5.07267524424583,-1.3234789581452375,8.383202493774942,-1.3234789581452375,-1.3234789581452375,-1.3234789581452375,-1.3234789581452375,-1.3234789581452375,-1.3234789581452375,-1.3234789581452375,-1.3234789581452375,-1.3234789581452375
MET203,-3.516081165560477,3.3466374962769816,-3.516081165560477,-3.516081165560477,-3.516081165560477,-3.516081165560477,3.4303895266066524,-3.516081165560477,3.8470497848136267,6.451998482586207,-3.516081165560477,-3.516081165560477,-3.516081165560477,-3.516081165560477,-3.516081165560477,4.539317519464498,4.631917152230717,-3.516081165560477,6.703391324721821,7.743322284845286,-3.516081165560477,6.188161896603505,8.57093342490456,-3.516081165560477,9.013150276835393,7.6797596776647605,-3.516081165560477,7.9792991879049575,3.4970566437348864,4.126407978475073,4.535266724582932,-3.516081165560477,-3.516081165560477,3.998627936511859,3.0321453921307597,-3.516081165560477,1.8268070364941025,-3.516081165560477,-3.516081165560477,-3.516081165560477,5.129237983587098,-3.516081165560477,-3.516081165560477,-3.516081165560477,4.1152967700418355,-3.516081165560477,-3.516081165560477,-3.516081165560477,-3.516081165560477,-3.516081165560477,6.060583822769273,-3.516081165560477,-3.516081165560477,6.510222028748973,-3.516081165560477,-3.516081165560477,-3.516081165560477,7.332142849225231,-3.516081165560477,-3.516081165560477,4.971410433921442,-3.516081165560477,-3.516081165560477,-3.516081165560477,-3.516081165560477,-3.516081165560477,-3.516081165560477,-3.516081165560477,3.2896632751772845,-3.516081165560477,5.508215485574789,-3.516081165560477,-3.516081165560477,5.293272808834066,6.906708227994384,-3.516081165560477,-3.516081165560477,-3.516081165560477,-3.516081165560477,4.0593447745992135,6.075166259983033,-3.516081165560477,-3.516081165560477,4.475451434424144,6.522465001607724,-3.516081165560477,-3.516081165560477,-3.516081165560477,-3.516081165560477,3.722191255585546,5.033132439145794,4.179580006024922,5.445552699683684,-3.516081165560477,4.645349132629429
MET208,1.9740106890917675,-5.043892803375787,2.359346567888883,5.119780471010014,1.0315250039479436,6.552118964338973,1.66136552759452,-5.043892803375787,-5.043892803375787,3.386698608978074,4.161813904714933,-5.043892803375787,2.8329025797358653,2.1917704814740473,4.135397582212253,1.9405185318609233,-5.043892803375787,3.901172943941021,2.06460073592178,-5.043892803375787,-1.018183956811857,4.110447087994507,-5.043892803375787,-0.17434355849000127,6.620008473125649,6.873362486925862,4.011079287423157,6.978046148543096,-5.043892803375787,2.7392199135440194,-5.043892803375787,-5.043892803375787,2.458098112474672,-5.043892803375787,0.014164547634541336,5.192880021417807,3.0090815193882134,3.1761821061580653,-5.043892803375787,-5.043892803375787,4.426532235831511,-5.043892803375787,2.179553881384563,2.651174701594086,4.145419442482274,-5.043892803375787,1.8454428592847272,1.7098049412135907,-5.043892803375787,-5.043892803375787,2.6470460546954575,0.8952077343177889,2.9222843642982967,-5.043892803375787,4.1266956860482145,3.3238237996694453,2.6875849515727834,6.1745050174540275,0.7997940406237758,-5.043892803375787,1.6789478654321215,2.617330369441417,3.4619295604808036,-5.043892803375787,-5.043892803375787,4.5934009633005095,-5.043892803375787,-5.043892803375787,-5.043892803375787,1.722560053065246,5.0454168914965525,-0.5738494182718306,-5.043892803375787,6.032185568568961,3.3978158163333596,-5.043892803375787,3.53008019339092,1.6054221301883702,-5.043892803375787,-5.043892803375787,-5.043892803375787,4.723577358140584,-5.043892803375787,5.427059292383489,-5.043892803375787,4.4969551276959425,-5.043892803375787,-5.043892803375787,3.850953588404045,-5.043892803375787,3.590863996426032,-5.043892803375787,-5.043892803375787,3.585449875917762,-5.043892803375787
MET212,-3.9325656223442316,1.8863390870343002,3.837302251989115,0.07127928843735276,-3.9325656223442316,7.100856108196753,-3.9325656223442316,6.1971405647883975,3.443515763648029,-3.9325656223442316,-3.9325656223442316,-3.9325656223442316,-3.9325656223442316,-3.9325656223442316,-3.9325656223442316,-3.9325656223442316,4.626456374275995,4.562721779641093,6.036639822653463,-3.9325656223442316,-3.9325656223442316,-3.9325656223442316,-3.9325656223442316,5.9871816621566145,7.462320018378793,7.28136384819318,6.737382375502796,7.25239792580339,2.3376917139349365,-3.9325656223442316,5.097863625599217,5.916434457470349,5.526977368361929,-3.9325656223442316,-3.9325656223442316,6.94640970643534,-3.9325656223442316,-3.9325656223442316,-3.9325656223442316,-3.9325656223442316,-3.9325656223442316,-3.9325656223442316,4.8463706191595035,-3.9325656223442316,-3.9325656223442316,-3.9325656223442316,4.005095971225684,5.434081769206554,1.7158150116834143,0.9769448872026594,-3.9325656223442316,3.5990688862758313,4.5066893478686305,8.104945155036427,-3.9325656223442316,-3.9325656223442316,4.919119170453405,7.19651598234841,-3.9325656223442316,-3.9325656223442316,4.485782179358675,5.139267469300591,-3.9325656223442316,-3.9325656223442316,-3.9325656223442316,-3.9325656223442316,-3.9325656223442316,5.160067146522962,-3.9325656223442316,-3.9325656223442316,5.369346752260547,-3.9325656223442316,-3.9325656223442316,6.520350654594861,6.022866432326125,-3.9325656223442316,-3.9325656223442316,5.204347174552237,-3.9325656223442316,1.4679538245931827,-3.9325656223442316,-3.9325656223442316,7.472444275742479,4.968542574972764,-3.9325656223442316,-3.9325656223442316,5.385525078549915,4.701151314793326,-3.9325656223442316,2.9154125637141624,-3.9325656223442316,-3.9325656223442316,-3.9325656223442316,-3.9325656223442316,-3.9325656223442316
MET216,-3.2119139691666714,3.0010753390982305,5.230393145009936,-3.2119139691666714,-3.2119139691666714,-3.2119139691666714,-3.2119139691666714,6.330165987142746,3.7049223261268827,4.196615396801848,-3.2119139691666714,-3.2119139691666714,-3.2119139691666714,-3.2119139691666714,-3.2119139691666714,-3.2119139691666714,-3.2119139691666714,5.761358794004559,7.248223915184631,-3.2119139691666714,-3.2119139691666714,-3.2119139691666714,4.953517025581997,3.9201402020441805,7.385264678093329,7.860719983075005,-3.2119139691666714,-3.2119139691666714,6.184539842207605,4.984249810673281,5.147147817482816,-3.2119139691666714,-3.2119139691666714,-3.2119139691666714,4.12952747104785,3.830705671372246,-3.2119139691666714,-3.2119139691666714,-3.2119139691666714,-3.2119139691666714,6.649422068157815,-3.2119139691666714,-3.2119139691666714,-3.2119139691666714,6.704245873541744,4.005620536172091,4.472122466488146,6.4848515042753565,-3.2119139691666714,-3.2119139691666714,6.2292490918322345,4.555313970072392,-3.2119139691666714,9.158867809637204,-3.2119139691666714,-3.2119139691666714,-3.2119139691666714,8.86941047032753,-3.2119139691666714,2.23475505954087,-3.2119139691666714,6.1569568874603835,-3.2119139691666714,-3.2119139691666714,-3.2119139691666714,2.9585766020008055,-3.2119139691666714,7.829924750912564,-3.2119139691666714,-3.2119139691666714,-3.2119139691666714,-3.2119139691666714,-3.2119139691666714,4.776833651029703,4.791801427993859,-3.2119139691666714,-3.2119139691666714,2.1304496567279525,-3.2119139691666714,-3.2119139691666714,-3.2119139691666714,-3.2119139691666714,8.817459005670525,7.90094790895348,-3.2119139691666714,-3.2119139691666714,-3.2119139691666714,-3.2119139691666714,4.11946200425754,-3.2119139691666714,-3.2119139691666714,-3.2119139691666714,-3.2119139691666714,-3.2119139691666714,-3.2119139691666714
MET221,-3.6552226733298454,-3.6552226733298454,5.228483183363367,-3.6552226733298454,-3.6552226733298454,7.4088901025914335,4.4050287706873705,6.513484696769554,-3.6552226733298454,7.3257756378395245,-3.6552226733298454,-3.6552226733298454,-3.6552226733298454,-3.6552226733298454,-3.6552226733298454,-3.6552226733298454,-3.6552226733298454,3.976188227926044,7.328979332706598,-3.6552226733298454,-3.6552226733298454,-3.6552226733298454,7.419029512746145,-3.6552226733298454,-3.6552226733298454,8.4244234843286,-3.6552226733298454,-3.6552226733298454,-3.6552226733298454,-3.6552226733298454,6.3473328664265,-3.6552226733298454,-3.6552226733298454,-3.6552226733298454,5.49258242039925,3.1014225083762526,-3.6552226733298454,-3.6552226733298454,-3.6552226733298454,5.032194007696572,5.957956914290192,-3.6552226733298454,-3.6552226733298454,3.082152909462451,-3.6552226733298454,3.347153387519005,5.718780136236579,7.694618015935158,3.5716637445901993,-3.6552226733298454,-3.6552226733298454,4.514987698033695,5.608056056199113,4.1095754623666245,-3.6552226733298454,-3.6552226733298454,5.87198087497412,8.21330558425056,-3.6552226733298454,6.727473699587815,2.6796526403974354,5.646338752017186,-3.6552226733298454,-3.6552226733298454,-3.6552226733298454,-3.6552226733298454,-3.6552226733298454,-3.6552226733298454,4.540220455684531,-3.6552226733298454,-3.6552226733298454,-3.6552226733298454,-3.6552226733298454,6.642388365499979,6.085757817018275,-3.6552226733298454,-3.6552226733298454,7.3867420940881665,-3.6552226733298454,2.7919419499689573,3.665193186524836,4.062166471736448,-3.6552226733298454,6.179322303341346,6.147873981764601,-3.6552226733298454,4.317430930824421,-3.6552226733298454,5.78114419563095,-3.6552226733298454,-3.6552226733298454,-3.6552226733298454,-3.6552226733298454,-3.6552226733298454,-3.6552226733298454
MET226,-1.1964120418156785,-1.1964120418156785,-1.1964120418156785,-1.1964120418156785,-1.1964120418156785,-1.1964120418156785,-1.1964120418156785,-1.1964120418156785,-1.1964120418156785,-1.1964120418156785,-1.1964120418156785,-1.1964120418156785,-1.1964120418156785,-1.1964120418156785,-1.1964120418156785,-1.1964120418156785,-1.1964120418156785,-1.1964120418156785,10.952829019759728,-1.1964120418156785,-1.1964120418156785,-1.1964120418156785,-1.1964120418156785,9.394095109743297,-1.1964120418156785,12.057732109362917,-1.1964120418156785,-1.1964120418156785,-1.1964120418156785,-1.1964120418156785,-1.1964120418156785,-1.1964120418156785,-1.1964120418156785,-1.1964120418156785,-1.1964120418156785,-1.1964120418156785,-1.1964120418156785,-1.1964120418156785,-1.1964120418156785,-1.1964120418156785,-1.1964120418156785,-1.1964120418156785,-1.1964120418156785,-1.1964120418156785,-1.1964120418156785,5.045312165114041,-1.1964120418156785,-1.1964120418156785,7.827860857179135,-1.1964120418156785,-1.1964120418156785,-1.1964120418156785,-1.1964120418156785,-1.1964120418156785,-1.1964120418156785,-1.1964120418156785,-1.1964120418156785,4.842450267654013,-1.1964120418156785,-1.1964120418156785,8.552082671636313,-1.1964120418156785,-1.1964120418156785,-1.1964120418156785,-1.1964120418156785,-1.1964120418156785,-1.1964120418156785,-1.1964120418156785,-1.1964120418156785,-1.1964120418156785,-1.1964120418156785,-1.1964120418156785,-1.1964120418156785,10.701357679545769,-1.1964120418156785,-1.1964120418156785,-1.1964120418156785,-1.1964120418156785,7.208692750367947,7.189601245222358,-1.1964120418156785,-1.1964120418156785,-1.1964120418156785,-1.1964120418156785,-1.1964120418156785,-1.1964120418156785,8.388054155496423,-1.1964120418156785,-1.1964120418156785,7.142131439617534,-1.1964120418156785,-1.1964120418156785,-1.1964120418156785,-1.1964120418156785,-1.1964120418156785
MET23,-1.062126188533373,-1.062126188533373,-1.062126188533373,-1.062126188533373,-1.062126188533373,-1.062126188533373,-1.062126188533373,-1.062126188533373,-1.062126188533373,-1.062126188533373,-1.062126188533373,-1.062126188533373,-1.062126188533373,-1.062126188533373,-1.062126188533373,-1.062126188533373,-1.062126188533373,-1.062126188533373,-1.062126188533373,-1.062126188533373,-1.062126188533373,-1.062126188533373,-1.062126188533373,-1.062126188533373,-1.062126188533373,-1.062126188533373,-1.062126188533373,-1.062126188533373,-1.062126188533373,-1.062126188533373,-1.062126188533373,-1.062126188533373,-1.062126188533373,-1.062126188533373,-1.062126188533373,-1.062126188533373,-1.062126188533373,-1.062126188533373,-1.062126188533373,-1.062126188533373,-1.062126188533373,-1.062126188533373,-1.062126188533373,-1.062126188533373,-1.062126188533373,-1.062126188533373,-1.062126188533373,-1.062126188533373,-1.062126188533373,-1.062126188533373,-1.062126188533373,-1.062126188533373,-1.062126188533373,11.395913386960856,-1.062126188533373,-1.062126188533373,-1.062126188533373,11.017945782188987,-1.062126188533373,-1.062126188533373,-1.062126188533373,9.922889152823762,-1.062126188533373,-1.062126188533373,-1.062126188533373,-1.062126188533373,-1.062126188533373,8.381726548082248,-1.062126188533373,-1.062126188533373,-1.062126188533373,9.487677368741972,-1.062126188533373,-1.062126188533373,-1.062126188533373,-1.062126188533373,-1.062126188533373,-1.062126188533373,-1.062126188533373,10.948790289450375,-1.062126188533373,-1.062126188533373,10.49752670706643,10.979766694591138,-1.062126188533373,8.710616283961727,-1.062126188533373,-1.062126188533373,-1.062126188533373,-1.062126188533373,-1.062126188533373,-1.062126188533373,-1.062126188533373,-1.062126188533373,-1.062126188533373
MET230,-4.625521708503303,1.734485965561852,2.215916795989007,5.141393168614818,-4.625521708503303,7.870296722720397,-4.625521708503303,3.85062434012341,2.71744919447921,-4.625521708503303,-4.625521708503303,-4.625521708503303,-4.625521708503303,-4.625521708503303,4.953802765182516,-4.625521708503303,5.642507525194407,-4.625521708503303,6.706589654126022,-4.625521708503303,-4.625521708503303,-4.625521708503303,7.033090407405689,-4.625521708503303,6.232556564930917,6.228258255384347,4.877456865328771,5.6776789359777124,4.045596635882089,4.064966046758312,3.5468603255945466,2.947012671932092,-0.5671665775528218,-4.625521708503303,-1.5723283355949764,1.3263563982249922,-4.625521708503303,-4.625521708503303,-4.625521708503303,-4.625521708503303,2.885935087721153,-4.625521708503303,5.158998562786,-0.03598651914638751,3.4540388871510617,2.241722431291909,0.6241033499158792,4.314097845595198,-4.625521708503303,3.154857060195213,3.3306418538012013,3.7231881258517268,1.434316782738489,2.0123447972361763,2.551896882311836,0.9808087468832642,2.525474349695137,6.700731976409116,-4.625521708503303,2.325962957901532,2.813419932541379,2.3823035425571515,-4.625521708503303,-4.625521708503303,-4.625521708503303,-4.625521708503303,-4.625521708503303,-4.625521708503303,-4.625521708503303,-4.625521708503303,6.245539309452922,2.9681285510777364,3.817958988976338,4.625623511389972,4.527520293977926,-4.625521708503303,-4.625521708503303,3.7820543937250815,-4.625521708503303,0.7632501831734189,4.604359541567292,4.618266948488718,2.8821378573177077,4.116566316524982,6.2766505004722015,-4.625521708503303,-4.625521708503303,-4.625521708503303,2.731076409099982,0.43499626369027666,-4.625521708503303,-4.625521708503303,-4.625521708503303,-4.625521708503303,-4.625521708503303
MET27,-3.1169170202948155,-3.1169170202948155,5.160859479435593,5.807507908777307,-3.1169170202948155,9.075899652246402,-3.1169170202948155,-3.1169170202948155,-3.1169170202948155,5.264442027621978,-3.1169170202948155,-3.1169170202948155,4.871034287143375,-3.1169170202948155,-3.1169170202948155,4.246234467238868,-3.1169170202948155,4.8832134528952835,-3.1169170202948155,7.54735182445563,-3.1169170202948155,-3.1169170202948155,7.553512639793434,-3.1169170202948155,7.00012691421929,8.31364180078153,-3.1169170202948155,8.87509585103037,6.312208868921467,-3.1169170202948155,5.890911528125372,-3.1169170202948155,-3.1169170202948155,3.3253407053858313,6.26219961993237,-3.1169170202948155,-3.1169170202948155,-3.1169170202948155,-3.1169170202948155,-3.1169170202948155,6.756484934017353,-3.1169170202948155,-3.1169170202948155,-3.1169170202948155,6.979283072668016,-3.1169170202948155,-3.1169170202948155,7.583702338967435,-3.1169170202948155,-3.1169170202948155,-3.1169170202948155,-3.1169170202948155,-3.1169170202948155,5.650945262312662,-3.1169170202948155,-3.1169170202948155,3.5383766099349403,8.120804524872549,-3.1169170202948155,-3.1169170202948155,7.622239132977257,-3.1169170202948155,-3.1169170202948155,-3.1169170202948155,-3.1169170202948155,-3.1169170202948155,-3.1169170202948155,6.245883286169773,-3.1169170202948155,-3.1169170202948155,7.498213644496191,-3.1169170202948155,-3.1169170202948155,6.953108507726629,6.295542614591852,-3.1169170202948155,-3.1169170202948155,-3.1169170202948155,6.968329437601035,-3.1169170202948155,-3.1169170202948155,4.951664854691475,-3.1169170202948155,-3.1169170202948155,-3.1169170202948155,7.219512879797288,-3.1169170202948155,6.709017170038014,-3.1169170202948155,-3.1169170202948155,-3.1169170202948155,-3.1169170202948155,-3.1169170202948155,-3.1169170202948155,-3.1169170202948155
MET31,-3.8172655184085524,2.6754074996525175,-3.8172655184085524,3.2623807780043608,-3.8172655184085524,7.782913182744498,5.103483507310487,3.2639552206525613,2.7552610251023193,-3.8172655184085524,5.184119323272535,-3.8172655184085524,7.734566572235661,-3.8172655184085524,-3.8172655184085524,-3.8172655184085524,3.559350701123093,6.116032925503276,7.219799383989468,-3.8172655184085524,-3.8172655184085524,-3.8172655184085524,6.319403585037079,7.343421117802117,8.554013215698417,6.787751007078504,-3.8172655184085524,-3.8172655184085524,-3.8172655184085524,-3.8172655184085524,-3.8172655184085524,-3.8172655184085524,1.457234877739788,-3.8172655184085524,3.407415861225637,-3.8172655184085524,3.786523954766457,2.654727922523951,-3.8172655184085524,-3.8172655184085524,3.767267050402995,-3.8172655184085524,6.747513394853542,1.461484282384104,5.979443573805169,-3.8172655184085524,-3.8172655184085524,3.5843389626298423,-3.8172655184085524,5.661165398849642,4.4345465502650585,-3.8172655184085524,-3.8172655184085524,6.328199206040688,-3.8172655184085524,-3.8172655184085524,-3.8172655184085524,6.934027023212488,-3.8172655184085524,6.276609402677174,1.9171499321513519,4.729611714601852,-3.8172655184085524,-3.8172655184085524,-3.8172655184085524,-3.8172655184085524,-3.8172655184085524,-3.8172655184085524,-3.8172655184085524,-3.8172655184085524,7.15356893127843,3.5120672423744708,-3.8172655184085524,5.187214880419933,6.228787589995507,-3.8172655184085524,-3.8172655184085524,3.7092959413947115,-3.8172655184085524,6.010740583532594,-3.8172655184085524,-3.8172655184085524,1.4340797058317563,4.094006252924611,5.096263925470597,-3.8172655184085524,-3.8172655184085524,4.866737743441201,-3.8172655184085524,2.2331915256519457,-3.8172655184085524,-3.8172655184085524,-3.8172655184085524,-3.8172655184085524,-3.8172655184085524
MET36,-2.7948042640544823,-2.7948042640544823,4.6625462970025815,-2.7948042640544823,-2.7948042640544823,-2.7948042640544823,-2.7948042640544823,8.044683889066675,-2.7948042640544823,6.6791720017402305,-2.7948042640544823,-2.7948042640544823,-2.7948042640544823,-2.7948042640544823,-2.7948042640544823,-2.7948042640544823,-2.7948042640544823,-2.7948042640544823,6.396654316469501,-2.7948042640544823,-2.7948042640544823,-2.7948042640544823,-2.7948042640544823,-2.7948042640544823,7.076861099709419,9.07252792575761,-2.7948042640544823,-2.7948042640544823,7.205377648620056,7.249321071272533,8.640721575992787,7.729798266875266,-2.7948042640544823,-2.7948042640544823,6.296676039927211,6.31637373428973,-2.7948042640544823,-2.7948042640544823,-2.7948042640544823,-2.7948042640544823,-2.7948042640544823,-2.7948042640544823,-2.7948042640544823,6.88410015729627,7.300977781516446,-2.7948042640544823,4.707788991018859,8.427942185063891,5.106839327579553,-2.7948042640544823,-2.7948042640544823,5.7327484805998115,3.0028086556940465,-2.7948042640544823,-2.7948042640544823,-2.7948042640544823,-2.7948042640544823,9.166278107168289,-2.7948042640544823,-2.7948042640544823,6.227369475809713,6.321770201195713,-2.7948042640544823,-2.7948042640544823,-2.7948042640544823,-2.7948042640544823,-2.7948042640544823,-2.7948042640544823,-2.7948042640544823,-2.7948042640544823,-2.7948042640544823,-2.7948042640544823,-2.7948042640544823,8.011836616232799,-2.7948042640544823,-2.7948042640544823,-2.7948042640544823,-2.7948042640544823,-2.7948042640544823,-2.7948042640544823,-2.7948042640544823,6.19523412571235,-2.7948042640544823,9.408187194402018,5.92026628479106,-2.7948042640544823,-2.7948042640544823,-2.7948042640544823,6.147076279897309,-2.7948042640544823,-2.7948042640544823,-2.7948042640544823,3.3199479609473723,-2.7948042640544823,-2.7948042640544823
MET40,-3.7377141238824425,-3.7377141238824425,-0.28782234590337197,-3.7377141238824425,2.1219655060152522,7.044827187067112,5.160401360290302,3.251109919203097,-3.7377141238824425,5.7563402256172855,4.925828525208141,-3.7377141238824425,6.194952645169215,-3.7377141238824425,-3.7377141238824425,7.322727987822373,-3.7377141238824425,5.286005539175089,3.8200137134468832,-3.7377141238824425,1.8873086297817583,4.898222008821457,8.380097018642816,6.332882652607253,8.52203667303075,7.328193887889343,4.038053985397122,7.150401975687885,0.6914765232748046,-3.7377141238824425,-3.7377141238824425,-3.7377141238824425,-3.7377141238824425,-3.7377141238824425,2.699209563112788,-3.7377141238824425,0.9521919062549102,4.296432623606678,-3.7377141238824425,3.7007891857454016,3.445690807364066,-3.7377141238824425,2.4524958359773974,-3.7377141238824425,4.527048322071683,-3.7377141238824425,2.3004662809382292,4.126695999747426,-3.7377141238824425,-3.7377141238824425,2.0852477544498136,2.939775861753323,-3.7377141238824425,6.143850859194883,-3.7377141238824425,-3.7377141238824425,-3.7377141238824425,6.251496502755389,-3.7377141238824425,3.3467566996445317,-3.7377141238824425,-3.7377141238824425,-3.7377141238824425,-3.7377141238824425,-3.7377141238824425,-3.7377141238824425,-3.7377141238824425,4.3931109061800955,-3.7377141238824425,-3.7377141238824425,5.848167541754477,-3.7377141238824425,-3.7377141238824425,7.916333280201991,7.00849563646689,-3.7377141238824425,4.353878344828103,-3.7377141238824425,-3.7377141238824425,-3.7377141238824425,-3.7377141238824425,2.8286166140051883,-3.7377141238824425,4.655693404805431,6.857135867410921,-3.7377141238824425,-3.7377141238824425,-3.7377141238824425,-3.7377141238824425,-3.7377141238824425,1.4065310253718977,-3.7377141238824425,-3.7377141238824425,-3.7377141238824425,-3.7377141238824425
MET44,-4.831384772167974,-4.831384772167974,2.351210654517417,1.905425786433927,-4.831384772167974,6.5537597708495134,-4.831384772167974,-4.831384772167974,-4.831384772167974,4.578016061112523,1.0524860507112583,-4.831384772167974,4.54188708904135,4.11207831091255,-4.831384772167974,3.2000398121113287,2.3736861924632766,3.8184835756786644,3.962504175621083,-4.831384772167974,4.602197582885159,3.561339640486403,4.665069531799522,5.29836774306816,5.3189862164881525,5.876253883561004,4.307042081893127,4.6059491278986435,2.124850359574009,-4.831384772167974,-4.831384772167974,-4.831384772167974,-4.831384772167974,-4.831384772167974,-4.831384772167974,2.6304032282452248,-4.831384772167974,-4.831384772167974,2.7505613016878616,2.789621998697733,3.9037905104918416,-4.831384772167974,2.7049241069009655,-4.831384772167974,2.3432556054340647,-4.831384772167974,-4.831384772167974,3.2044481176247404,-4.831384772167974,4.431967471838843,4.327569530160795,1.247461655470099,-4.831384772167974,6.384668616698589,-4.831384772167974,4.453514599569947,-4.831384772167974,6.011084511865102,2.814353026525585,-4.831384772167974,-4.831384772167974,2.7479273152641026,-4.831384772167974,-4.831384772167974,1.9010414583360307,1.5371031969093432,-4.831384772167974,4.133461423267434,-4.831384772167974,3.594086745704103,4.950056308692461,3.9181900210858203,4.109516096357628,4.731023378351012,5.274720461676946,5.51709772151899,4.430027286757189,-4.831384772167974,8.020390558592714,-4.831384772167974,4.188556194874897,-4.831384772167974,3.9709523766253803,2.9878256852314395,-4.831384772167974,3.7861355852872363,-4.831384772167974,3.1679181703708297,1.144872517832641,-4.831384772167974,-4.831384772167974,-4.831384772167974,-4.831384772167974,-4.831384772167974,-4.831384772167974
MET49,-4.06248830318393,-4.06248830318393,2.263132154631484,3.7031294803109596,-4.06248830318393,7.421315777699309,2.91728914304814,4.253637462264611,-4.06248830318393,6.931654543890971,-4.06248830318393,-4.06248830318393,-4.06248830318393,7.740114757607653,5.147687264077672,-4.06248830318393,2.328933640407447,-4.06248830318393,6.899668962124048,6.144633648515747,5.964401250915705,-4.06248830318393,5.700485434768475,4.922055389100592,7.817078821004989,7.701861580156018,4.881947913490255,3.8667190880012052,-4.06248830318393,-4.06248830318393,2.113359486487427,-4.06248830318393,0.6989624542625972,-4.06248830318393,5.275436851507811,2.5511334560204597,-4.06248830318393,-4.06248830318393,-4.06248830318393,3.292283822940947,4.254425913058581,-4.06248830318393,-4.06248830318393,-4.06248830318393,4.429302602422856,-4.06248830318393,2.977616229645747,4.228199513237993,-4.06248830318393,-4.06248830318393,5.182431616659073,3.8596897379444224,2.1432930587189283,7.622835568882724,-4.06248830318393,-4.06248830318393,4.304268814579911,6.449372778286881,-4.06248830318393,-4.06248830318393,4.281205685443024,4.649792060631962,1.6310320424586706,-4.06248830318393,-4.06248830318393,-4.06248830318393,-4.06248830318393,-4.06248830318393,-4.06248830318393,-4.06248830318393,5.398741962997705,2.348173300265529,-4.06248830318393,5.099421148436362,5.98060910977014,-4.06248830318393,-4.06248830318393,1.9678998057705614,-4.06248830318393,-4.06248830318393,-4.06248830318393,-4.06248830318393,-4.06248830318393,5.558407942927635,-4.06248830318393,-4.06248830318393,1.9736998360572837,-4.06248830318393,-4.06248830318393,1.0372998196642538,-4.06248830318393,1.1987190415401852,1.9485668833766674,-4.06248830318393,-4.06248830318393
MET5,-0.14542643745228112,-0.14542643745228112,-0.14542643745228112,-0.14542643745228112,-0.14542643745228112,-0.14542643745228112,-0.14542643745228112,-0.14542643745228112,-0.14542643745228112,-0.14542643745228112,-0.14542643745228112,-0.14542643745228112,-0.14542643745228112,-0.14542643745228112,-0.14542643745228112,-0.14542643745228112,-0.14542643745228112,-0.14542643745228112,-0.14542643745228112,-0.14542643745228112,-0.14542643745228112,-0.14542643745228112,-0.14542643745228112,-0.14542643745228112,-0.14542643745228112,-0.14542643745228112,-0.14542643745228112,-0.14542643745228112,-0.14542643745228112,-0.14542643745228112,-0.14542643745228112,-0.14542643745228112,-0.14542643745228112,-0.14542643745228112,-0.14542643745228112,-0.14542643745228112,-0.14542643745228112,-0.14542643745228112,-0.14542643745228112,-0.14542643745228112,-0.14542643745228112,-0.14542643745228112,-0.14542643745228112,-0.14542643745228112,-0.14542643745228112,-0.14542643745228112,-0.14542643745228112,-0.14542643745228112,-0.14542643745228112,13.670085120511493,-0.14542643745228112,-0.14542643745228112,-0.14542643745228112,-0.14542643745228112,-0.14542643745228112,-0.14542643745228112,-0.14542643745228112,-0.14542643745228112,-0.14542643745228112,-0.14542643745228112,-0.14542643745228112,-0.14542643745228112,-0.14542643745228112,-0.14542643745228112,-0.14542643745228112,-0.14542643745228112,-0.14542643745228112,-0.14542643745228112,-0.14542643745228112,-0.14542643745228112,-0.14542643745228112,-0.14542643745228112,-0.14542643745228112,-0.14542643745228112,-0.14542643745228112,-0.14542643745228112,-0.14542643745228112,-0.14542643745228112,-0.14542643745228112,-0.14542643745228112,-0.14542643745228112,-0.14542643745228112,-0.14542643745228112,-0.14542643745228112,-0.14542643745228112,-0.14542643745228112,-0.14542643745228112,-0.14542643745228112,-0.14542643745228112,-0.14542643745228112,-0.14542643745228112,-0.14542643745228112,-0.14542643745228112,-0.14542643745228112,-0.14542643745228112
MET54,-1.232634712491608,-1.232634712491608,-1.232634712491608,-1.232634712491608,-1.232634712491608,-1.232634712491608,-1.232634712491608,-1.232634712491608,-1.232634712491608,-1.232634712491608,-1.232634712491608,10.057149900976214,-1.232634712491608,-1.232634712491608,-1.232634712491608,-1.232634712491608,-1.232634712491608,-1.232634712491608,-1.232634712491608,11.926624846821223,-1.232634712491608,-1.232634712491608,-1.232634712491608,-1.232634712491608,-1.232634712491608,9.895284082893998,-1.232634712491608,-1.232634712491608,-1.232634712491608,-1.232634712491608,7.060070720880589,-1.232634712491608,-1.232634712491608,-1.232634712491608,-1.232634712491608,-1.232634712491608,-1.232634712491608,-1.232634712491608,-1.232634712491608,-1.232634712491608,-1.232634712491608,-1.232634712491608,-1.232634712491608,-1.232634712491608,-1.232634712491608,-1.232634712491608,6.974323233570107,-1.232634712491608,-1.232634712491608,-1.232634712491608,-1.232634712491608,-1.232634712491608,-1.232634712491608,-1.232634712491608,-1.232634712491608,10.734925666815187,-1.232634712491608,8.907005762952092,-1.232634712491608,-1.232634712491608,-1.232634712491608,4.682268764906188,-1.232634712491608,-1.232634712491608,6.237604645687417,-1.232634712491608,-1.232634712491608,-1.232634712491608,-1.232634712491608,-1.232634712491608,-1.232634712491608,-1.232634712491608,-1.232634712491608,-1.232634712491608,-1.232634712491608,-1.232634712491608,-1.232634712491608,-1.232634712491608,-1.232634712491608,-1.232634712491608,10.212893551389177,-1.232634712491608,-1.232634712491608,-1.232634712491608,-1.232634712491608,-1.232634712491608,9.491604584375137,-1.232634712491608,-1.232634712491608,-1.232634712491608,-1.232634712491608,-1.232634712491608,-1.232634712491608,-1.232634712491608,6.12892537553383
MET58,-4.126248813137639,-4.126248813137639,6.199859027700318,1.9852936627584503,-4.126248813137639,-4.126248813137639,-4.126248813137639,7.604933173495668,-4.126248813137639,4.325995788888834,-4.126248813137639,-4.126248813137639,-4.126248813137639,4.894230777110688,-4.126248813137639,-4.126248813137639,-4.126248813137639,-4.126248813137639,3.5686317878411495,-4.126248813137639,-4.126248813137639,-4.126248813137639,4.788758905320124,-0.08792592073681327,4.993394331183345,6.592650046230273,1.5875830003357283,3.86554188812633,4.225620601812987,5.404766106182469,6.699480464471682,3.9942595103839693,-4.126248813137639,-4.126248813137639,4.57049863958501,3.9020823849833848,-4.126248813137639,-4.126248813137639,-4.126248813137639,-4.126248813137639,5.755857415574091,-4.126248813137639,-4.126248813137639,-4.126248813137639,4.911397415495995,2.3780965555576135,3.700537006008961,6.863975176845183,-4.126248813137639,3.1984892401875546,7.487940632260321,4.812542029638745,3.871222098687845,3.8345477408686905,-4.126248813137639,-4.126248813137639,3.8599681037683746,8.366802433727514,-4.126248813137639,0.8906551130632128,-4.126248813137639,5.78571040984756,2.728235221275085,-4.126248813137639,4.409984040054083,-4.126248813137639,5.892193329481893,-4.126248813137639,-4.126248813137639,-4.126248813137639,0.8220870642677216,1.8453664029060164,-4.126248813137639,3.9367882195575277,2.743936818807885,-4.126248813137639,-4.126248813137639,-4.126248813137639,-4.126248813137639,-4.126248813137639,6.291551566749337,-4.126248813137639,-4.126248813137639,1.9533317545163813,4.846716380165004,-4.126248813137639,-4.126248813137639,-4.126248813137639,6.695713045868352,-4.126248813137639,-4.126248813137639,5.087346394274259,6.482842909436663,-4.126248813137639,3.616703149178541
MET63,3.248483096594189,-3.9369591169730143,3.7718286962103056,-3.9369591169730143,4.973832790557224,3.1629620291098117,1.0341806757965788,3.501201286908847,-3.9369591169730143,3.1703556787415312,2.9285692629492406,-3.9369591169730143,6.061916233489429,-3.9369591169730143,-3.9369591169730143,-3.9369591169730143,-3.9369591169730143,-3.9369591169730143,4.378110239606988,-3.9369591169730143,3.9177084110864397,-3.9369591169730143,4.531168793118136,4.196655976760927,5.000602758705269,-3.9369591169730143,-3.9369591169730143,-3.9369591169730143,4.66061800964795,-3.9369591169730143,-3.9369591169730143,-3.9369591169730143,3.702020545770833,-3.9369591169730143,4.734625731891863,1.583391551525576,-3.9369591169730143,1.989022389689132,-3.9369591169730143,2.2597661912033375,6.242269650731473,-3.9369591169730143,-3.9369591169730143,4.460863882723558,5.689067794213411,-3.9369591169730143,2.3559832941746786,5.630388637351161,-3.9369591169730143,-3.9369591169730143,-3.9369591169730143,4.5120366491032025,2.6483892120855144,7.6242586839421165,3.9899880611647482,4.671759003355012,-3.9369591169730143,7.185152296956721,-3.9369591169730143,-3.9369591169730143,-3.9369591169730143,3.933930141971696,3.0635632741432612,-3.9369591169730143,-3.9369591169730143,-3.9369591169730143,-3.9369591169730143,-3.9369591169730143,2.4451769855888434,2.779295583266154,6.017000190284545,4.964633008911205,-3.9369591169730143,4.263688907028364,4.87079345529906,-3.9369591169730143,-3.9369591169730143,-3.9369591169730143,9.328008988134313,-3.9369591169730143,6.534239304298732,1.2731581195254407,-3.9369591169730143,-3.9369591169730143,5.103978594823935,2.6966701235381336,-3.9369591169730143,-3.9369591169730143,5.477304483350701,-3.9369591169730143,2.342378056347453,-3.9369591169730143,-3.9369591169730143,-3.9369591169730143,-3.9369591169730143
MET67,-2.418643275155061,-2.418643275155061,5.764667892537309,-2.418643275155061,-2.418643275155061,-2.418643275155061,5.81538117531142,7.9109106897917645,-2.418643275155061,-2.418643275155061,-2.418643275155061,-2.418643275155061,-2.418643275155061,-2.418643275155061,-2.418643275155061,-2.418643275155061,-2.418643275155061,-2.418643275155061,-2.418643275155061,-2.418643275155061,-2.418643275155061,-2.418643275155061,-2.418643275155061,-2.418643275155061,-2.418643275155061,-2.418643275155061,-2.418643275155061,-2.418643275155061,-2.418643275155061,7.158510401497173,8.515569190376942,-2.418643275155061,-2.418643275155061,-2.418643275155061,6.755803319599155,2.1453313854477436,-2.418643275155061,-2.418643275155061,-2.418643275155061,5.934670430044319,7.97674639569459,-2.418643275155061,-2.418643275155061,5.796739326112623,3.798588953127248,1.5535962469262667,6.344355555762813,8.038954897065127,4.841968004548324,-2.418643275155061,2.525485059521184,-2.418643275155061,-2.418643275155061,9.29671944952893,-2.418643275155061,5.957243338788035,-2.418643275155061,9.086585173164927,-2.418643275155061,-2.418643275155061,5.8758775660831635,7.042551021553418,-2.418643275155061,-2.418643275155061,-2.418643275155061,-2.418643275155061,-2.418643275155061,-2.418643275155061,-2.418643275155061,-2.418643275155061,-2.418643275155061,-2.418643275155061,-2.418643275155061,10.656819520248087,-2.418643275155061,-2.418643275155061,-2.418643275155061,-2.418643275155061,-2.418643275155061,-2.418643275155061,-2.418643275155061,-2.418643275155061,8.441576022373226,7.0665242129213715,-2.418643275155061,-2.418643275155061,6.00010915789305,-2.418643275155061,-2.418643275155061,-2.418643275155061,-2.418643275155061,-2.418643275155061,-2.418643275155061,-2.418643275155061,6.585101599779374
MET72,-0.9974659542137321,-0.9974659542137321,-0.9974659542137321,-0.9974659542137321,-0.9974659542137321,-0.9974659542137321,-0.9974659542137321,-0.9974659542137321,-0.9974659542137321,-0.9974659542137321,-0.9974659542137321,-0.9974659542137321,-0.9974659542137321,-0.9974659542137321,-0.9974659542137321,-0.9974659542137321,-0.9974659542137321,-0.9974659542137321,-0.9974659542137321,-0.9974659542137321,-0.9974659542137321,-0.9974659542137321,-0.9974659542137321,-0.9974659542137321,-0.9974659542137321,-0.9974659542137321,-0.9974659542137321,-0.9974659542137321,-0.9974659542137321,7.92665478559574,-0.9974659542137321,-0.9974659542137321,-0.9974659542137321,-0.9974659542137321,8.023600398697369,-0.9974659542137321,-0.9974659542137321,-0.9974659542137321,-0.9974659542137321,-0.9974659542137321,-0.9974659542137321,-0.9974659542137321,-0.9974659542137321,-0.9974659542137321,-0.9974659542137321,-0.9974659542137321,-0.9974659542137321,-0.9974659542137321,-0.9974659542137321,8.721268585869325,12.702779818676268,-0.9974659542137321,-0.9974659542137321,-0.9974659542137321,-0.9974659542137321,-0.9974659542137321,-0.9974659542137321,-0.9974659542137321,-0.9974659542137321,-0.9974659542137321,8.471457267179254,-0.9974659542137321,-0.9974659542137321,-0.9974659542137321,7.127890031041747,-0.9974659542137321,-0.9974659542137321,-0.9974659542137321,-0.9974659542137321,-0.9974659542137321,-0.9974659542137321,-0.9974659542137321,-0.9974659542137321,-0.9974659542137321,-0.9974659542137321,-0.9974659542137321,-0.9974659542137321,-0.9974659542137321,-0.9974659542137321,-0.9974659542137321,-0.9974659542137321,-0.9974659542137321,-0.9974659542137321,-0.9974659542137321,8.002567904742651,-0.9974659542137321,9.7343543741038,-0.9974659542137321,-0.9974659542137321,-0.9974659542137321,-0.9974659542137321,7.190326973889334,6.883705968369144,-0.9974659542137321,-0.9974659542137321
MET77,-1.5756334527761489,-1.5756334527761489,7.537760940302467,-1.5756334527761489,-1.5756334527761489,-1.5756334527761489,-1.5756334527761489,9.230157853220405,-1.5756334527761489,-1.5756334527761489,-1.5756334527761489,-1.5756334527761489,-1.5756334527761489,-1.5756334527761489,-1.5756334527761489,-1.5756334527761489,-1.5756334527761489,-1.5756334527761489,-1.5756334527761489,-1.5756334527761489,-1.5756334527761489,-1.5756334527761489,-1.5756334527761489,-1.5756334527761489,-1.5756334527761489,8.355564209102196,-1.5756334527761489,-1.5756334527761489,-1.5756334527761489,-1.5756334527761489,-1.5756334527761489,-1.5756334527761489,-1.5756334527761489,-1.5756334527761489,6.552224279402016,7.656513210837974,-1.5756334527761489,-1.5756334527761489,10.765772549566343,-1.5756334527761489,-1.5756334527761489,-1.5756334527761489,-1.5756334527761489,-1.5756334527761489,-1.5756334527761489,-1.5756334527761489,-1.5756334527761489,10.261773427039207,-1.5756334527761489,-1.5756334527761489,9.885297968189233,-1.5756334527761489,-1.5756334527761489,-1.5756334527761489,-1.5756334527761489,-1.5756334527761489,-1.5756334527761489,8.599103223744338,-1.5756334527761489,-1.5756334527761489,-1.5756334527761489,6.271225323391722,-1.5756334527761489,-1.5756334527761489,6.735198987613056,-1.5756334527761489,-1.5756334527761489,-1.5756334527761489,-1.5756334527761489,-1.5756334527761489,-1.5756334527761489,-1.5756334527761489,-1.5756334527761489,-1.5756334527761489,-1.5756334527761489,-1.5756334527761489,-1.5756334527761489,-1.5756334527761489,11.111473985675126,-1.5756334527761489,-1.5756334527761489,-1.5756334527761489,-1.5756334527761489,-1.5756334527761489,-1.5756334527761489,-1.5756334527761489,-1.5756334527761489,-1.5756334527761489,-1.5756334527761489,-1.5756334527761489,-1.5756334527761489,9.668812470451911,7.722037274356051,-1.5756334527761489,5.697760519197857
MET81,-1.5304303089617157,-1.5304303089617157,-1.5304303089617157,-1.5304303089617157,-1.5304303089617157,-1.5304303089617157,-1.5304303089617157,-1.5304303089617157,-1.5304303089617157,-1.5304303089617157,-1.5304303089617157,-1.5304303089617157,6.594460660902251,-1.5304303089617157,-1.5304303089617157,9.799637755730847,-1.5304303089617157,8.15965350494361,5.855048622343319,-1.5304303089617157,-1.5304303089617157,-1.5304303089617157,11.617960104794243,6.970247147096927,9.934494230230605,10.620060285340974,7.626161024430776,-1.5304303089617157,-1.5304303089617157,-1.5304303089617157,-1.5304303089617157,-1.5304303089617157,-1.5304303089617157,-1.5304303089617157,-1.5304303089617157,-1.5304303089617157,-1.5304303089617157,-1.5304303089617157,-1.5304303089617157,-1.5304303089617157,-1.5304303089617157,-1.5304303089617157,-1.5304303089617157,-1.5304303089617157,-1.5304303089617157,-1.5304303089617157,-1.5304303089617157,-1.5304303089617157,-1.5304303089617157,-1.5304303089617157,-1.5304303089617157,-1.5304303089617157,-1.5304303089617157,8.9978050264503,-1.5304303089617157,-1.5304303089617157,-1.5304303089617157,8.61603469424564,-1.5304303089617157,-1.5304303089617157,6.301464716877668,-1.5304303089617157,-1.5304303089617157,-1.5304303089617157,-1.5304303089617157,-1.5304303089617157,-1.5304303089617157,-1.5304303089617157,-1.5304303089617157,-1.5304303089617157,6.730915237993018,-1.5304303089617157,-1.5304303089617157,7.574871617687544,7.035610087867557,-1.5304303089617157,-1.5304303089617157,-1.5304303089617157,-1.5304303089617157,-1.5304303089617157,-1.5304303089617157,-1.5304303089617157,-1.5304303089617157,-1.5304303089617157,-1.5304303089617157,-1.5304303089617157,-1.5304303089617157,-1.5304303089617157,-1.5304303089617157,-1.5304303089617157,-1.5304303089617157,-1.5304303089617157,-1.5304303089617157,-1.5304303089617157,-1.5304303089617157
MET85,6.3809321067571325,2.8670650120812624,3.4388720728381736,3.5583962026119034,-3.3711153949455355,6.7635125784016665,-3.3711153949455355,6.203636186330412,4.440848395016492,-3.3711153949455355,-3.3711153949455355,7.611608455134096,7.4964050527548345,-3.3711153949455355,-3.3711153949455355,-3.3711153949455355,-3.3711153949455355,-3.3711153949455355,5.31399133968464,9.10220428688109,-3.3711153949455355,-3.3711153949455355,-3.3711153949455355,6.335433568264199,7.13487559974979,7.18015624637037,5.7568016068685335,7.468623722561819,-3.3711153949455355,3.4485188340437203,-3.3711153949455355,-3.3711153949455355,2.4724643354538456,-3.3711153949455355,6.812149522610243,4.012207573884687,4.575045094133713,-3.3711153949455355,-3.3711153949455355,-3.3711153949455355,6.266686974821262,-3.3711153949455355,-3.3711153949455355,-3.3711153949455355,2.944214842927895,-3.3711153949455355,5.3926717923420355,-3.3711153949455355,2.4318796015923194,-3.3711153949455355,-3.3711153949455355,5.189411279611057,-3.3711153949455355,-3.3711153949455355,-3.3711153949455355,-3.3711153949455355,-3.3711153949455355,7.038952345063517,-3.3711153949455355,-3.3711153949455355,3.175762607246442,5.164865109627427,-3.3711153949455355,-3.3711153949455355,-3.3711153949455355,-3.3711153949455355,-3.3711153949455355,7.371188033820102,-3.3711153949455355,-3.3711153949455355,6.279703639206977,-3.3711153949455355,-3.3711153949455355,7.675081382358821,-3.3711153949455355,-3.3711153949455355,-3.3711153949455355,-3.3711153949455355,-3.3711153949455355,-3.3711153949455355,8.369889516169335,-3.3711153949455355,4.704110399071722,7.563132781300127,-3.3711153949455355,-3.3711153949455355,-3.3711153949455355,-3.3711153949455355,-3.3711153949455355,0.954510204193399,-3.3711153949455355,-3.3711153949455355,-3.3711153949455355,-3.3711153949455355,-3.3711153949455355
MET89,-2.246519285542453,4.210672509397442,7.145957199358856,-2.246519285542453,-2.246519285542453,8.812672304120472,-2.246519285542453,8.652436064879131,-2.246519285542453,-2.246519285542453,-2.246519285542453,-2.246519285542453,-2.246519285542453,-2.246519285542453,-2.246519285542453,-2.246519285542453,7.497323790201219,-2.246519285542453,-2.246519285542453,-2.246519285542453,-2.246519285542453,7.82279591164137,-2.246519285542453,-2.246519285542453,9.861820188030514,10.23629309822324,-2.246519285542453,9.035298792048676,-2.246519285542453,-2.246519285542453,-2.246519285542453,-2.246519285542453,-2.246519285542453,-2.246519285542453,-2.246519285542453,7.382363263973014,-2.246519285542453,-2.246519285542453,-2.246519285542453,-2.246519285542453,5.557728754387986,-2.246519285542453,-2.246519285542453,-2.246519285542453,-2.246519285542453,-2.246519285542453,-2.246519285542453,6.083481190276958,-2.246519285542453,-2.246519285542453,7.751812093551892,5.214769665897077,-2.246519285542453,8.615672678719326,-2.246519285542453,-2.246519285542453,-2.246519285542453,9.674966275285065,-2.246519285542453,-2.246519285542453,-2.246519285542453,6.29187452662029,-2.246519285542453,-2.246519285542453,-2.246519285542453,-2.246519285542453,-2.246519285542453,-2.246519285542453,-2.246519285542453,-2.246519285542453,7.016824549820711,-2.246519285542453,-2.246519285542453,7.489019256133072,-2.246519285542453,-2.246519285542453,-2.246519285542453,-2.246519285542453,-2.246519285542453,-2.246519285542453,6.58010550205291,-2.246519285542453,-2.246519285542453,7.304272894451557,-2.246519285542453,-2.246519285542453,-2.246519285542453,5.757747335526681,-2.246519285542453,-2.246519285542453,-2.246519285542453,-2.246519285542453,-2.246519285542453,-2.246519285542453,-2.246519285542453
MET9,7.4623240541896205,-3.5706102177368297,-3.5706102177368297,-3.5706102177368297,-3.5706102177368297,-3.5706102177368297,0.012744885081728441,6.1533503767002875,-3.5706102177368297,-3.5706102177368297,-3.5706102177368297,-3.5706102177368297,7.113113247369326,-3.5706102177368297,-3.5706102177368297,-3.5706102177368297,-3.5706102177368297,5.827961054522987,6.741077005126256,-3.5706102177368297,-3.5706102177368297,-3.5706102177368297,8.296527295226236,5.956342391008966,7.729198879288995,7.95921523265965,-3.5706102177368297,-3.5706102177368297,-3.5706102177368297,-3.5706102177368297,7.192346195611536,-3.5706102177368297,-3.5706102177368297,6.351330455968359,5.185379709077975,6.004075630881113,-3.5706102177368297,-3.5706102177368297,-3.5706102177368297,5.950813371973085,-3.5706102177368297,-3.5706102177368297,5.393465289113717,-3.5706102177368297,-3.5706102177368297,4.475700629182417,5.479136123030156,-3.5706102177368297,6.35556209558195,5.401615731277645,-3.5706102177368297,6.777580424428644,-3.5706102177368297,8.32008186420103,-3.5706102177368297,-3.5706102177368297,-3.5706102177368297,6.163602994781967,-3.5706102177368297,-3.5706102177368297,6.860940822709264,5.658087424528026,-3.5706102177368297,3.7703304806756606,-3.5706102177368297,-3.5706102177368297,0.375648953995654,-3.5706102177368297,-3.5706102177368297,-3.5706102177368297,5.933249867897025,-3.5706102177368297,-3.5706102177368297,5.815756404608825,6.089698331408624,-3.5706102177368297,-3.5706102177368297,-3.5706102177368297,-3.5706102177368297,4.81030836225295,5.950035901858661,-3.5706102177368297,-3.5706102177368297,-3.5706102177368297,-3.5706102177368297,5.7788125941231545,5.343675189844527,-3.5706102177368297,-3.5706102177368297,5.710929826104271,-3.5706102177368297,-3.5706102177368297,-3.5706102177368297,6.265983750181901,-3.5706102177368297
MET94,8.382779484128294,-1.9146962838608417,-1.9146962838608417,-1.9146962838608417,-1.9146962838608417,6.596301034258751,-1.9146962838608417,-1.9146962838608417,-1.9146962838608417,-1.9146962838608417,9.022869733313737,-1.9146962838608417,-1.9146962838608417,-1.9146962838608417,4.630880734523835,-1.9146962838608417,-1.9146962838608417,-1.9146962838608417,7.790580589127417,-1.9146962838608417,-1.9146962838608417,-1.9146962838608417,11.312491712192648,-1.9146962838608417,9.196932488049175,9.323821680592602,-1.9146962838608417,-1.9146962838608417,-1.9146962838608417,-1.9146962838608417,-1.9146962838608417,-1.9146962838608417,-1.9146962838608417,-1.9146962838608417,6.540418359399288,-1.9146962838608417,-1.9146962838608417,-1.9146962838608417,-1.9146962838608417,-1.9146962838608417,5.983974016549369,-1.9146962838608417,-1.9146962838608417,-1.9146962838608417,-1.9146962838608417,-1.9146962838608417,-1.9146962838608417,4.987109886247435,-1.9146962838608417,7.259698141687998,-1.9146962838608417,-1.9146962838608417,-1.9146962838608417,8.269176596397203,-1.9146962838608417,-1.9146962838608417,-1.9146962838608417,7.488635400595164,-1.9146962838608417,-1.9146962838608417,-1.9146962838608417,-1.9146962838608417,-1.9146962838608417,-1.9146962838608417,-1.9146962838608417,-1.9146962838608417,-1.9146962838608417,-1.9146962838608417,-1.9146962838608417,-1.9146962838608417,-1.9146962838608417,-1.9146962838608417,-1.9146962838608417,6.236594950263965,6.295856455458455,-1.9146962838608417,8.977933373956425,-1.9146962838608417,-1.9146962838608417,-1.9146962838608417,8.391250552786069,-1.9146962838608417,8.829612383893998,-1.9146962838608417,-1.9146962838608417,-1.9146962838608417,-1.9146962838608417,-1.9146962838608417,-1.9146962838608417,-1.9146962838608417,-1.9146962838608417,-1.9146962838608417,-1.9146962838608417,-1.9146962838608417,-1.9146962838608417
MET98,-4.041937945644682,-4.041937945644682,4.307567239876887,3.8415929808389535,3.966927240661674,-4.041937945644682,-4.041937945644682,6.100012541185707,-4.041937945644682,-4.041937945644682,-4.041937945644682,-4.041937945644682,-4.041937945644682,-4.041937945644682,5.897832861529453,6.457666150263641,-4.041937945644682,5.707670629078417,-4.041937945644682,-4.041937945644682,-4.041937945644682,-4.041937945644682,6.693883285499858,-4.041937945644682,-4.041937945644682,7.760057586578361,6.006374102755748,-4.041937945644682,2.193599426836518,4.61904063887027,3.192968425564011,6.542945473076468,2.7573193849815825,-4.041937945644682,5.606103825450882,-4.041937945644682,-4.041937945644682,-4.041937945644682,-4.041937945644682,-4.041937945644682,6.90794452741683,-4.041937945644682,-4.041937945644682,3.65358548773834,4.849304489510611,3.6644155301283536,2.3558245267036346,6.537735570878256,2.87010089385514,4.409413681816763,2.913946700491705,5.454740256685772,2.5208249297188408,-4.041937945644682,-4.041937945644682,5.042849820316659,-4.041937945644682,7.777849981804158,-4.041937945644682,6.07623760534107,5.439746238951134,5.045201637445053,1.183621379177005,-4.041937945644682,-4.041937945644682,-4.041937945644682,-4.041937945644682,-4.041937945644682,-4.041937945644682,-4.041937945644682,-4.041937945644682,4.837282131192555,1.5294373149471436,8.186260891639455,-4.041937945644682,-4.041937945644682,6.032248843785311,-4.041937945644682,-4.041937945644682,-4.041937945644682,-4.041937945644682,-4.041937945644682,3.9108563024797034,2.1256189803535,-4.041937945644682,-4.041937945644682,-4.041937945644682,5.25776899492838,4.191771685629861,0.8287778023213228,6.690642490765441,-4.041937945644682,-4.041937945644682,4.193264738807516,-4.041937945644682
MET100,6.614822272413407,3.3315688373386925,3.6739740090280053,1.4806627768470424,-3.908347891453788,7.359391376994159,-3.908347891453788,-3.908347891453788,3.974383791515532,5.042310692132374,-3.908347891453788,-3.908347891453788,-3.908347891453788,-3.908347891453788,4.352931545300205,4.57639306691527,-3.908347891453788,4.321353249908602,4.377490216852463,6.6875303108201845,4.976800371985082,3.3043805504483696,7.1439351378981275,-3.908347891453788,5.37420703532251,7.366138651002233,3.495443246753335,5.429007809794509,3.508551254230013,2.2771400644500126,1.8966688251499608,-3.908347891453788,-3.908347891453788,-3.908347891453788,-3.908347891453788,-3.908347891453788,-3.908347891453788,-3.908347891453788,-3.908347891453788,-3.908347891453788,5.770690731033147,-3.908347891453788,3.2923479004334038,-3.908347891453788,3.958404862158896,-3.908347891453788,-3.908347891453788,5.093218507751196,-3.908347891453788,-3.908347891453788,4.608054624727575,-3.908347891453788,-3.908347891453788,5.349758381500925,-3.908347891453788,5.61065616715721,3.085793943918824,6.356615326214543,-3.908347891453788,2.426449195455267,1.0186137095542627,-3.908347891453788,-3.908347891453788,-3.908347891453788,-3.908347891453788,3.3135502301305664,-3.908347891453788,-3.908347891453788,-3.908347891453788,-3.908347891453788,4.4576151425391295,-3.908347891453788,-3.908347891453788,4.0538592749771425,4.6960137616152675,4.425643995473393,3.6982659755647447,-3.908347891453788,9.172563621694682,-3.908347891453788,4.997333124901326,-3.908347891453788,-3.908347891453788,5.268812060326274,-3.908347891453788,-3.908347891453788,-3.908347891453788,1.6168413192412725,-3.908347891453788,-3.908347891453788,6.4895555146737545,-3.908347891453788,-3.908347891453788,-3.908347891453788,-3.908347891453788
MET101,-1.5919129779147951,-1.5919129779147951,-1.5919129779147951,-1.5919129779147951,-1.5919129779147951,-1.5919129779147951,-1.5919129779147951,-1.5919129779147951,-1.5919129779147951,-1.5919129779147951,-1.5919129779147951,-1.5919129779147951,-1.5919129779147951,8.388637932872797,7.857454506695799,5.320525144342497,-1.5919129779147951,6.6533480924853645,-1.5919129779147951,-1.5919129779147951,-1.5919129779147951,-1.5919129779147951,9.763405055453699,-1.5919129779147951,7.58598877765188,10.516888095356578,7.209301432058739,-1.5919129779147951,-1.5919129779147951,-1.5919129779147951,-1.5919129779147951,-1.5919129779147951,-1.5919129779147951,-1.5919129779147951,-1.5919129779147951,-1.5919129779147951,-1.5919129779147951,-1.5919129779147951,-1.5919129779147951,-1.5919129779147951,-1.5919129779147951,-1.5919129779147951,-1.5919129779147951,-1.5919129779147951,-1.5919129779147951,-1.5919129779147951,-1.5919129779147951,-1.5919129779147951,-1.5919129779147951,-1.5919129779147951,-1.5919129779147951,-1.5919129779147951,-1.5919129779147951,-1.5919129779147951,-1.5919129779147951,-1.5919129779147951,-1.5919129779147951,9.565407868076445,-1.5919129779147951,-1.5919129779147951,7.679890852879637,-1.5919129779147951,-1.5919129779147951,-1.5919129779147951,-1.5919129779147951,-1.5919129779147951,-1.5919129779147951,-1.5919129779147951,-1.5919129779147951,-1.5919129779147951,-1.5919129779147951,-1.5919129779147951,-1.5919129779147951,10.097252415448525,7.704335061690189,-1.5919129779147951,8.663510562294995,9.048328674356767,11.298763761517552,-1.5919129779147951,-1.5919129779147951,-1.5919129779147951,-1.5919129779147951,-1.5919129779147951,-1.5919129779147951,-1.5919129779147951,-1.5919129779147951,-1.5919129779147951,-1.5919129779147951,-1.5919129779147951,-1.5919129779147951,-1.5919129779147951,-1.5919129779147951,-1.5919129779147951,-1.5919129779147951
MET104,-3.149338820213064,-3.149338820213064,6.02708878921828,-3.149338820213064,5.195567409323762,-3.149338820213064,-3.149338820213064,7.297839571757663,-3.149338820213064,1.5618580416926182,-3.149338820213064,-3.149338820213064,7.524811221038101,4.075259394760881,-3.149338820213064,-3.149338820213064,-3.149338820213064,-3.149338820213064,4.895105725711921,-3.149338820213064,-3.149338820213064,-3.149338820213064,-3.149338820213064,6.182069949140146,6.900409742403003,6.035934669536611,6.316590743662391,4.745707472892976,-3.149338820213064,-3.149338820213064,-3.149338820213064,-3.149338820213064,-3.149338820213064,-3.149338820213064,-3.149338820213064,4.8455614377326555,-3.149338820213064,-3.149338820213064,7.123829039388916,-3.149338820213064,6.494814042016604,-3.149338820213064,-3.149338820213064,4.4665172179659605,6.166154533824373,-3.149338820213064,5.373795109497656,7.874721757107332,-3.149338820213064,-3.149338820213064,5.757865285339958,-3.149338820213064,6.558508750262876,-3.149338820213064,-3.149338820213064,-3.149338820213064,-3.149338820213064,8.757359664081523,2.9430327442081783,-3.149338820213064,-3.149338820213064,-3.149338820213064,-3.149338820213064,-3.149338820213064,-3.149338820213064,6.174138479326533,-3.149338820213064,-3.149338820213064,-3.149338820213064,-3.149338820213064,-3.149338820213064,5.919241359768715,-3.149338820213064,5.169127115086591,3.341681070283765,-3.149338820213064,4.916128086033595,-3.149338820213064,9.595680264716938,-3.149338820213064,6.151547569805718,8.235662874152379,-3.149338820213064,8.046634280797566,-3.149338820213064,-3.149338820213064,-3.149338820213064,-3.149338820213064,4.588763440672543,-3.149338820213064,-3.149338820213064,-3.149338820213064,-3.149338820213064,-3.149338820213064,-3.149338820213064
MET105,-4.7161329687513245,-4.7161329687513245,4.000852481205223,3.820971193590352,4.165532525991071,5.469935833926392,2.8460704878490963,4.360217792589528,-4.7161329687513245,5.139080873473763,-4.7161329687513245,-4.7161329687513245,4.3040696751585275,4.821840673589487,-4.7161329687513245,-4.7161329687513245,5.706612790795411,-4.7161329687513245,4.185070887634825,3.15318974402353,0.640494308697324,-4.7161329687513245,-4.7161329687513245,5.622764412030241,5.608260884132321,5.539691074824142,3.8414703837712487,2.1712324155706195,-4.7161329687513245,-4.7161329687513245,-4.7161329687513245,-4.7161329687513245,-4.7161329687513245,-4.7161329687513245,2.783930721674838,4.577415917513607,-4.7161329687513245,-4.7161329687513245,5.672303222901554,-4.7161329687513245,6.443662167149137,-4.7161329687513245,-4.7161329687513245,3.5254636779597712,5.564190478723574,-4.7161329687513245,4.882067973069401,7.084993498202989,-4.7161329687513245,5.266486004340304,4.374664133742178,3.573789495040372,3.697069317774237,-4.7161329687513245,4.881387680125019,-4.7161329687513245,-4.7161329687513245,6.163007001433508,4.419722767210705,2.6452868077667597,-4.7161329687513245,-4.7161329687513245,-4.7161329687513245,-4.7161329687513245,-4.7161329687513245,4.673535971863033,-4.7161329687513245,-4.7161329687513245,-4.7161329687513245,-4.7161329687513245,3.5451432690519997,5.293745901741598,3.6722981084239708,2.5868046453844897,3.2848439732574377,-4.7161329687513245,2.903603594218131,-4.7161329687513245,6.856337374962738,-4.7161329687513245,3.977292969530777,6.976632131880736,-4.7161329687513245,5.460085042634009,-4.7161329687513245,3.152836762786716,-4.7161329687513245,-4.7161329687513245,5.45484045793403,3.851627211869225,4.2996898435402775,-4.7161329687513245,-4.7161329687513245,-4.7161329687513245,-4.7161329687513245
MET106,-4.968896902266648,-4.968896902266648,4.247118706516907,2.7475045044623467,5.065942292448311,2.19163067905291,3.0435913329310607,1.9534595119284122,-4.968896902266648,2.8333589293933246,2.230394227197337,-4.968896902266648,4.65439381860387,4.642645498862095,-4.968896902266648,2.737699804116832,4.9097584990301035,-4.968896902266648,2.6121328926318395,2.6760849137856013,2.8236733732993597,-4.968896902266648,-4.968896902266648,5.895098120256014,6.586756658902143,3.58278413415405,4.019409665986219,2.9469560414966756,-4.968896902266648,-4.968896902266648,-4.968896902266648,-4.968896902266648,3.049294747398913,-4.968896902266648,-4.968896902266648,2.85935364513411,-4.968896902266648,2.2956919249954364,5.704948035378592,-4.968896902266648,5.499026982799341,-4.968896902266648,5.032839419866498,3.7694537244560085,5.171592130896633,-4.968896902266648,2.774009981730698,6.427020075810287,-4.968896902266648,3.9137483871888294,5.191918058290824,-4.968896902266648,3.60496609232246,2.7165548431330535,2.933275524171756,-4.968896902266648,-4.968896902266648,6.259544509868412,2.9572462376819555,3.681619105185235,-4.968896902266648,-4.968896902266648,-4.968896902266648,-4.968896902266648,-4.968896902266648,3.9017508179442855,-4.968896902266648,-4.968896902266648,-4.968896902266648,-4.968896902266648,3.844383495798784,3.964215502680009,2.2739970469667847,4.237968329857327,2.5617306857072855,-4.968896902266648,4.795949535143945,-4.968896902266648,6.942402574189343,-4.968896902266648,4.849942846875347,6.077232803146663,3.4232908284142702,4.764513916552039,-4.968896902266648,-4.968896902266648,-4.968896902266648,-4.968896902266648,6.049970965709635,1.9435063389359124,2.820317175912515,-4.968896902266648,-4.968896902266648,-4.968896902266648,-4.968896902266648
MET108,5.606900278716922,-2.4702257413740156,-2.4702257413740156,-2.4702257413740156,-2.4702257413740156,5.945115767894526,-2.4702257413740156,-2.4702257413740156,-2.4702257413740156,3.8318694453784667,-2.4702257413740156,-2.4702257413740156,3.35910756377124,-2.4702257413740156,-2.4702257413740156,-2.4702257413740156,4.89803642524975,-2.4702257413740156,4.359016681528269,7.005886819199451,-2.4702257413740156,-2.4702257413740156,3.685636373931552,-2.4702257413740156,4.210414840382848,5.293331351111988,-2.4702257413740156,-2.4702257413740156,7.577199644421393,6.376270537130514,4.777383849895219,-2.4702257413740156,-2.4702257413740156,-2.4702257413740156,-2.4702257413740156,4.399476854405391,-2.4702257413740156,-2.4702257413740156,6.310273892438738,-2.4702257413740156,6.562213052319715,-2.4702257413740156,-2.4702257413740156,-2.4702257413740156,4.678477812127432,4.130069762252813,-2.4702257413740156,5.2045574367352065,-2.4702257413740156,-2.4702257413740156,-2.4702257413740156,2.3587713478623193,-2.4702257413740156,6.613024739824686,-2.4702257413740156,-2.4702257413740156,-2.4702257413740156,7.276329757005839,-2.4702257413740156,-2.4702257413740156,-2.4702257413740156,-2.4702257413740156,4.4081777540066645,-2.4702257413740156,-2.4702257413740156,-2.4702257413740156,-2.4702257413740156,5.329188953872377,-2.4702257413740156,-2.4702257413740156,-2.4702257413740156,-2.4702257413740156,-2.4702257413740156,-2.4702257413740156,3.617097596704423,4.602617008905599,-2.4702257413740156,-2.4702257413740156,11.207380577101945,-2.4702257413740156,7.172743676030503,-2.4702257413740156,-2.4702257413740156,4.832433562912989,-2.4702257413740156,-2.4702257413740156,-2.4702257413740156,-2.4702257413740156,4.935669826190829,-2.4702257413740156,-2.4702257413740156,-2.4702257413740156,-2.4702257413740156,-2.4702257413740156,-2.4702257413740156
MET109,7.916898157314489,-2.7239031789830808,3.7710550466622106,-2.7239031789830808,-2.7239031789830808,4.731869477154253,-2.7239031789830808,-2.7239031789830808,-2.7239031789830808,-2.7239031789830808,-2.7239031789830808,2.8587782898411067,-2.7239031789830808,-2.7239031789830808,-2.7239031789830808,-2.7239031789830808,3.4802590746129436,3.4646205697336505,-2.7239031789830808,7.530440366907911,-2.7239031789830808,-2.7239031789830808,4.8740947067816585,-2.7239031789830808,-2.7239031789830808,5.5743116395459795,-2.7239031789830808,3.672302759347179,6.459376874670157,5.737718386365644,3.6675737386706926,-2.7239031789830808,-2.7239031789830808,-2.7239031789830808,2.622328558274665,3.8795872111894667,-2.7239031789830808,-2.7239031789830808,3.499669705679385,-2.7239031789830808,5.327370361544463,-2.7239031789830808,-2.7239031789830808,0.39041475181961083,4.008057496436705,4.914114148965069,-2.7239031789830808,4.12671135246023,-2.7239031789830808,-2.7239031789830808,5.771095144421162,3.0321338830772255,-2.7239031789830808,5.749988505354752,-2.7239031789830808,-2.7239031789830808,-2.7239031789830808,7.468790712539573,-2.7239031789830808,-2.7239031789830808,-2.7239031789830808,3.181483664851279,4.7484917394918265,-2.7239031789830808,-2.7239031789830808,1.0355482186756948,-2.7239031789830808,4.435013405054363,-2.7239031789830808,-2.7239031789830808,-2.7239031789830808,-2.7239031789830808,-2.7239031789830808,-2.7239031789830808,5.711884479209245,4.347093579449239,-2.7239031789830808,-2.7239031789830808,10.913076886795773,-2.7239031789830808,6.631773437085468,-2.7239031789830808,-2.7239031789830808,4.690555570562659,-2.7239031789830808,-2.7239031789830808,-2.7239031789830808,-2.7239031789830808,3.209708838437706,-2.7239031789830808,-2.7239031789830808,-2.7239031789830808,-2.7239031789830808,-2.7239031789830808,-2.7239031789830808
MET11,7.1839949436785595,-3.3871513247777916,5.515908465759234,-3.3871513247777916,-3.3871513247777916,-3.3871513247777916,-3.3871513247777916,6.807871976470347,-3.3871513247777916,-3.3871513247777916,-3.3871513247777916,-3.3871513247777916,2.5709758042907014,4.301060320025628,-3.3871513247777916,-3.3871513247777916,-3.3871513247777916,3.3260957175417465,3.717780452711996,-3.3871513247777916,-3.3871513247777916,-3.3871513247777916,5.988086971947052,4.194985311926185,5.7532695738912345,7.218860399834701,-3.3871513247777916,-3.3871513247777916,-3.3871513247777916,6.086711751803649,5.249424514038257,-3.3871513247777916,-3.3871513247777916,-3.3871513247777916,6.133990139043851,7.0228661096706215,-3.3871513247777916,-3.3871513247777916,-3.3871513247777916,3.4714169477248156,-3.3871513247777916,-3.3871513247777916,2.4296843178164176,-3.3871513247777916,-3.3871513247777916,4.9956291802172235,6.1198322790055855,6.185876077034339,4.381275359069977,-3.3871513247777916,-3.3871513247777916,7.21665228952223,-3.3871513247777916,9.678379792760905,-3.3871513247777916,7.109201386066835,-3.3871513247777916,7.708862267086743,-3.3871513247777916,-3.3871513247777916,3.8081985511356713,7.22686378221492,-3.3871513247777916,1.8387116617786496,-3.3871513247777916,-3.3871513247777916,-3.3871513247777916,-3.3871513247777916,-3.3871513247777916,-3.3871513247777916,-3.3871513247777916,-3.3871513247777916,-3.3871513247777916,3.579782619032782,-3.3871513247777916,-3.3871513247777916,-3.3871513247777916,2.996034363682093,-3.3871513247777916,5.951053449435663,7.388503403115775,-3.3871513247777916,6.820173949651632,3.2399681350533287,-3.3871513247777916,-3.3871513247777916,5.941978092972626,-3.3871513247777916,-3.3871513247777916,-0.3619141855853627,-3.3871513247777916,-3.3871513247777916,1.7070382957216133,-3.3871513247777916,2.5625410451852018
MET110,5.803330454859451,-3.0301788596172052,-3.0301788596172052,1.8573684384313136,-3.0301788596172052,6.966178700882315,-3.0301788596172052,-3.0301788596172052,-3.0301788596172052,0.9818491059994923,-3.0301788596172052,-3.0301788596172052,-3.0301788596172052,-3.0301788596172052,-3.0301788596172052,-3.0301788596172052,-3.0301788596172052,4.12066216178031,0.042433699020747895,6.889603435338379,-3.0301788596172052,-3.0301788596172052,5.534260373997838,-3.0301788596172052,2.017996995226097,6.951925776884996,-3.0301788596172052,5.244409607560569,6.718220425145298,5.32387298288884,1.3565696602652828,-3.0301788596172052,-3.0301788596172052,-3.0301788596172052,4.827817188587764,-3.0301788596172052,-3.0301788596172052,-3.0301788596172052,4.7810121432758,-3.0301788596172052,5.691481638715482,-3.0301788596172052,-3.0301788596172052,0.38559292469827966,5.25142862168373,4.391459208473568,-3.0301788596172052,3.7321107258503483,-3.0301788596172052,-3.0301788596172052,6.308336535722347,3.3268752439565015,-3.0301788596172052,6.839925886776324,-3.0301788596172052,-3.0301788596172052,-3.0301788596172052,7.165507064562135,-3.0301788596172052,-3.0301788596172052,-3.0301788596172052,-3.0301788596172052,5.718627822518851,-3.0301788596172052,-3.0301788596172052,4.088798953946471,-3.0301788596172052,5.610448765325701,-3.0301788596172052,-3.0301788596172052,4.8604566723648475,-3.0301788596172052,-3.0301788596172052,-3.0301788596172052,5.91093966880522,6.146326433833537,-3.0301788596172052,-3.0301788596172052,10.452761641783914,-3.0301788596172052,7.942673266547362,-3.0301788596172052,-3.0301788596172052,5.652824854235914,5.520265749769346,-3.0301788596172052,-3.0301788596172052,-3.0301788596172052,4.366199887699518,-3.0301788596172052,-3.0301788596172052,-3.0301788596172052,-3.0301788596172052,-3.0301788596172052,-3.0301788596172052
MET113,-1.8338980868803816,-1.8338980868803816,6.002407398254572,-1.8338980868803816,-1.8338980868803816,-1.8338980868803816,-1.8338980868803816,-1.8338980868803816,-1.8338980868803816,-1.8338980868803816,-1.8338980868803816,-1.8338980868803816,-1.8338980868803816,-1.8338980868803816,-1.8338980868803816,-1.8338980868803816,-1.8338980868803816,-1.8338980868803816,9.43044464251311,-1.8338980868803816,-1.8338980868803816,-1.8338980868803816,-1.8338980868803816,-1.8338980868803816,10.505586066085131,-1.8338980868803816,-1.8338980868803816,-1.8338980868803816,-1.8338980868803816,-1.8338980868803816,10.445153934025196,-1.8338980868803816,-1.8338980868803816,-1.8338980868803816,-1.8338980868803816,6.93974796151868,-1.8338980868803816,-1.8338980868803816,-1.8338980868803816,-1.8338980868803816,-1.8338980868803816,-1.8338980868803816,-1.8338980868803816,-1.8338980868803816,-1.8338980868803816,-1.8338980868803816,5.280756054777232,-1.8338980868803816,-1.8338980868803816,-1.8338980868803816,9.44143302774883,6.210608061205142,-1.8338980868803816,9.5535154216851,-1.8338980868803816,-1.8338980868803816,-1.8338980868803816,9.908028134155416,-1.8338980868803816,-1.8338980868803816,-1.8338980868803816,6.625510789609233,-1.8338980868803816,-1.8338980868803816,4.871810126080374,-1.8338980868803816,-1.8338980868803816,-1.8338980868803816,-1.8338980868803816,-1.8338980868803816,-1.8338980868803816,-1.8338980868803816,-1.8338980868803816,-1.8338980868803816,-1.8338980868803816,-1.8338980868803816,-1.8338980868803816,-1.8338980868803816,-1.8338980868803816,-1.8338980868803816,8.690663939310685,-1.8338980868803816,2.75133509962558,9.818050031032767,-1.8338980868803816,-1.8338980868803816,5.91111003132239,-1.8338980868803816,-1.8338980868803816,-1.8338980868803816,-1.8338980868803816,5.743084634502951,7.364182175012047,-1.8338980868803816,3.8828270744427424
MET114,8.61307953009243,-1.4882434810310805,-1.4882434810310805,-1.4882434810310805,-1.4882434810310805,-1.4882434810310805,-1.4882434810310805,-1.4882434810310805,-1.4882434810310805,-1.4882434810310805,-1.4882434810310805,-1.4882434810310805,-1.4882434810310805,-1.4882434810310805,-1.4882434810310805,-1.4882434810310805,-1.4882434810310805,-1.4882434810310805,-1.4882434810310805,7.314584527622888,-1.4882434810310805,-1.4882434810310805,-1.4882434810310805,-1.4882434810310805,3.465432492326686,7.782410654003994,-1.4882434810310805,-1.4882434810310805,8.272963348347444,6.597123609315782,6.814898588997875,-1.4882434810310805,-1.4882434810310805,-1.4882434810310805,-1.4882434810310805,-1.4882434810310805,-1.4882434810310805,-1.4882434810310805,-1.4882434810310805,-1.4882434810310805,6.020214602403829,-1.4882434810310805,-1.4882434810310805,-1.4882434810310805,-1.4882434810310805,-1.4882434810310805,5.33106979231722,-1.4882434810310805,-1.4882434810310805,-1.4882434810310805,6.98505376299229,-1.4882434810310805,-1.4882434810310805,8.131110276443176,-1.4882434810310805,-1.4882434810310805,-1.4882434810310805,8.368128665791142,-1.4882434810310805,-1.4882434810310805,-1.4882434810310805,-1.4882434810310805,-1.4882434810310805,-1.4882434810310805,-1.4882434810310805,-1.4882434810310805,-1.4882434810310805,7.2980124329933425,-1.4882434810310805,-1.4882434810310805,-1.4882434810310805,-1.4882434810310805,-1.4882434810310805,-1.4882434810310805,-1.4882434810310805,-1.4882434810310805,-1.4882434810310805,-1.4882434810310805,12.179694417191447,-1.4882434810310805,8.459963000551983,-1.4882434810310805,-1.4882434810310805,5.9374953000617054,-1.4882434810310805,-1.4882434810310805,-1.4882434810310805,-1.4882434810310805,-1.4882434810310805,-1.4882434810310805,-1.4882434810310805,-1.4882434810310805,-1.4882434810310805,-1.4882434810310805,-1.4882434810310805
MET115,6.310650292451041,-1.687849062316392,-1.687849062316392,-1.687849062316392,-1.687849062316392,-1.687849062316392,-1.687849062316392,6.071810474618965,-1.687849062316392,-1.687849062316392,-1.687849062316392,-1.687849062316392,-1.687849062316392,-1.687849062316392,-1.687849062316392,-1.687849062316392,-1.687849062316392,-1.687849062316392,5.330830408184882,8.405247351068905,-1.687849062316392,-1.687849062316392,-1.687849062316392,-1.687849062316392,4.740123687856366,7.984855685052798,-1.687849062316392,-1.687849062316392,5.37479756816754,4.295180669700563,2.8284687598810443,-1.687849062316392,-1.687849062316392,-1.687849062316392,-1.687849062316392,-1.687849062316392,-1.687849062316392,-1.687849062316392,-1.687849062316392,-1.687849062316392,5.251925407198255,-1.687849062316392,-1.687849062316392,-1.687849062316392,-1.687849062316392,-1.687849062316392,-1.687849062316392,-1.687849062316392,-1.687849062316392,-1.687849062316392,7.118253790955736,-1.687849062316392,-1.687849062316392,6.297915141298714,-1.687849062316392,-1.687849062316392,-1.687849062316392,6.834111487214056,-1.687849062316392,-1.687849062316392,-1.687849062316392,4.309012301852311,-1.687849062316392,-1.687849062316392,-1.687849062316392,-1.687849062316392,-1.687849062316392,8.164475708869201,-1.687849062316392,-1.687849062316392,-1.687849062316392,-1.687849062316392,-1.687849062316392,-1.687849062316392,-1.687849062316392,-1.687849062316392,-1.687849062316392,-1.687849062316392,12.003501833512905,-1.687849062316392,8.518587036142627,-1.687849062316392,4.759410825155886,5.364246535053928,-1.687849062316392,-1.687849062316392,6.625274709491679,-1.687849062316392,-1.687849062316392,-1.687849062316392,-1.687849062316392,-1.687849062316392,-1.687849062316392,-1.687849062316392,-1.687849062316392
MET117,7.0691019692764545,-4.3945921912987735,-4.3945921912987735,4.091465821423639,-4.3945921912987735,5.428255622085878,-4.3945921912987735,5.99202394600311,-4.3945921912987735,4.127619023524188,-4.3945921912987735,1.7780238854732877,0.904196842727071,4.143676640724117,-4.3945921912987735,3.846256551483881,-4.3945921912987735,2.989900683490803,2.6898606539800882,-4.3945921912987735,1.5221477571113526,2.1175766957175615,5.423408514380867,2.4266204382037353,6.163475074050797,6.373456153784104,-4.3945921912987735,6.286474323957066,3.9945169182205085,4.141168474282227,5.4557026179696635,5.249617977119115,-4.3945921912987735,2.990307845574642,-4.3945921912987735,4.742065538818533,-4.3945921912987735,-4.3945921912987735,3.563464437600346,-4.3945921912987735,3.7666032791952597,1.2912534017978938,-4.3945921912987735,3.2816951594041663,3.493118710833828,-4.3945921912987735,4.438961781132512,6.165776302330533,-4.3945921912987735,-4.3945921912987735,-4.3945921912987735,-4.3945921912987735,2.3913125751953777,7.942474703323848,-4.3945921912987735,-4.3945921912987735,5.322866232275711,7.654184406901974,-4.3945921912987735,1.261120956938722,3.1186256888269828,4.811639527732331,-4.3945921912987735,-4.3945921912987735,-4.3945921912987735,4.702758739943246,1.0303143610213645,-4.3945921912987735,-4.3945921912987735,-4.3945921912987735,2.8392072591618582,-4.3945921912987735,-4.3945921912987735,4.850495296575033,5.797666173443458,3.3524401063703086,-4.3945921912987735,-4.3945921912987735,6.949677698316538,-4.3945921912987735,-4.3945921912987735,1.0951193735801912,-4.3945921912987735,-4.3945921912987735,-4.3945921912987735,-4.3945921912987735,4.153710459039766,-4.3945921912987735,-4.3945921912987735,2.1573709283845988,-4.3945921912987735,-4.3945921912987735,-0.32915831919098437,-4.3945921912987735,2.7070293989264993
MET118,6.138879067319115,-4.214222529648694,3.2889370341818536,-4.214222529648694,-4.214222529648694,6.631696898462774,-4.214222529648694,4.8412412734342505,-4.214222529648694,5.732117607830687,-4.214222529648694,3.9327738248125286,-4.214222529648694,-4.214222529648694,3.089510436996938,4.2105349712336535,2.000373330585483,4.365624773530715,5.007805841932561,-4.214222529648694,-4.214222529648694,2.2222926956710616,5.223028367727603,0.6200611141347654,5.109607849782166,7.410563009063184,1.213121296027543,5.755994704205912,4.8732183747394915,4.528951452995116,4.741015771332163,2.457475655580992,-4.214222529648694,-4.214222529648694,2.3166323291726103,3.019877655523393,-4.214222529648694,-4.214222529648694,2.938687561519621,-4.214222529648694,4.49547152137515,-4.214222529648694,-4.214222529648694,4.036052404069416,5.357817436240648,-4.214222529648694,3.7837406089941172,6.047507875586238,-4.214222529648694,-4.214222529648694,-4.214222529648694,-4.214222529648694,2.7647516492870263,8.092991298575601,-4.214222529648694,-4.214222529648694,4.4877152121936605,7.347638134360377,-4.214222529648694,2.903604053691594,2.5027050526914048,4.111947069541978,-4.214222529648694,-4.214222529648694,-4.214222529648694,4.285233510304542,1.4826919052066536,-4.214222529648694,-4.214222529648694,-4.214222529648694,4.184110009264494,-4.214222529648694,-4.214222529648694,3.6909209164757293,5.646716187455254,-4.214222529648694,-4.214222529648694,-4.214222529648694,8.185016869002379,-4.214222529648694,-4.214222529648694,3.7215767026946853,-4.214222529648694,2.7801603984124714,-4.214222529648694,-4.214222529648694,3.095863296856658,-4.214222529648694,-4.214222529648694,1.327142041086928,-4.214222529648694,-4.214222529648694,2.0670618423246188,-4.214222529648694,-4.214222529648694
MET119,8.698966262501411,-2.3316270259739227,-2.3316270259739227,-2.3316270259739227,-2.3316270259739227,9.084716684239957,-2.3316270259739227,-2.3316270259739227,-2.3316270259739227,8.21425419336386,-2.3316270259739227,-2.3316270259739227,-2.3316270259739227,-2.3316270259739227,-2.3316270259739227,-2.3316270259739227,-2.3316270259739227,-2.3316270259739227,5.818038148782096,-2.3316270259739227,-2.3316270259739227,-2.3316270259739227,6.703030257660156,-2.3316270259739227,9.957753735264879,8.989978763757719,-2.3316270259739227,9.220661921349214,8.465910408488524,6.147780812024589,-2.3316270259739227,-2.3316270259739227,-2.3316270259739227,-2.3316270259739227,-2.3316270259739227,-2.3316270259739227,-2.3316270259739227,-2.3316270259739227,-2.3316270259739227,-2.3316270259739227,5.950669417846771,-2.3316270259739227,-2.3316270259739227,-2.3316270259739227,-2.3316270259739227,-2.3316270259739227,-2.3316270259739227,-2.3316270259739227,-2.3316270259739227,-2.3316270259739227,6.259711704195212,-2.3316270259739227,-2.3316270259739227,9.343846654602748,6.867901823136242,-2.3316270259739227,-2.3316270259739227,9.159886501177397,-2.3316270259739227,7.58134428325447,-2.3316270259739227,6.239628376239588,-2.3316270259739227,-2.3316270259739227,-2.3316270259739227,-2.3316270259739227,-2.3316270259739227,-2.3316270259739227,-2.3316270259739227,-2.3316270259739227,4.181917920280796,-2.3316270259739227,-2.3316270259739227,3.3892513127312576,7.058154115556903,5.8635393092479955,-2.3316270259739227,-2.3316270259739227,8.651245856253968,-2.3316270259739227,6.028957408165185,-2.3316270259739227,-2.3316270259739227,-2.3316270259739227,-2.3316270259739227,-2.3316270259739227,-2.3316270259739227,-2.3316270259739227,-2.3316270259739227,-2.3316270259739227,-2.3316270259739227,-2.3316270259739227,-2.3316270259739227,-2.3316270259739227,-2.3316270259739227
MET12,6.364482513054993,-3.536691987919591,5.674520825659366,-3.536691987919591,-3.536691987919591,4.33006268161154,-3.536691987919591,8.379904800126077,-3.536691987919591,-3.536691987919591,-3.536691987919591,-3.536691987919591,4.186183722950108,5.52228222239681,-3.536691987919591,-3.536691987919591,-3.536691987919591,3.2320997655043247,4.4389695210448314,-3.536691987919591,-3.536691987919591,-3.536691987919591,5.701336215811651,4.683212640515354,5.817889511810759,7.232078199857529,-3.536691987919591,2.6500087295360366,1.6090475065229164,7.2213781643535215,4.460348626096531,5.163239962072185,-3.536691987919591,-3.536691987919591,6.6035216758880155,5.710535638134446,-3.536691987919591,-3.536691987919591,-3.536691987919591,-3.536691987919591,5.497611750291263,-3.536691987919591,-3.536691987919591,4.446181510306885,-3.536691987919591,3.4308488028763664,6.72413213324993,6.888772376207635,2.969612646037616,-3.536691987919591,-3.536691987919591,8.839611655198118,4.0740006518978475,8.591582567665542,-3.536691987919591,4.972715594177403,-3.536691987919591,5.678314902178435,-3.536691987919591,-3.536691987919591,-3.536691987919591,7.7654501354500916,-3.536691987919591,-3.536691987919591,-3.536691987919591,1.207671064650345,-3.536691987919591,-3.536691987919591,-3.536691987919591,-3.536691987919591,-3.536691987919591,-3.536691987919591,-3.536691987919591,3.7698276497046983,2.0282754596648758,-3.536691987919591,1.286771716647202,-3.536691987919591,-3.536691987919591,-3.536691987919591,6.3227572784062795,-3.536691987919591,5.921407960870976,-3.536691987919591,-3.536691987919591,-3.536691987919591,5.3588728145717575,-3.536691987919591,-3.536691987919591,-3.536691987919591,-3.536691987919591,-3.536691987919591,3.2992297304962257,-3.536691987919591,-3.536691987919591
MET121,7.435760094243397,-3.666544211081062,5.398340086728103,-3.666544211081062,-3.666544211081062,6.634636422069326,-3.666544211081062,-3.666544211081062,-3.666544211081062,3.0568141445546892,-3.666544211081062,2.803983630266268,3.497257240615249,-3.666544211081062,-3.666544211081062,-3.666544211081062,-3.666544211081062,3.4135200254039413,4.74528793826504,6.387423185022428,-3.666544211081062,-3.666544211081062,5.253575911747172,1.7420129702039038,6.334237550286677,6.840037980009761,1.8881240697744648,6.102422301599979,7.807467747815988,6.913584658823266,6.986281382091625,4.578025122206854,-3.666544211081062,-3.666544211081062,-3.666544211081062,3.093078885420552,-3.666544211081062,-3.666544211081062,4.60898511545206,-3.666544211081062,4.739740375291067,-3.666544211081062,-3.666544211081062,-3.666544211081062,4.886186934205555,-3.666544211081062,5.314782496373864,6.329423632823818,-3.666544211081062,-3.666544211081062,7.159306118582709,5.474877873331853,-3.666544211081062,6.602579021956195,-3.666544211081062,-3.666544211081062,-3.666544211081062,8.557102116637502,-3.666544211081062,4.122569505489016,-3.666544211081062,-3.666544211081062,-3.666544211081062,-3.666544211081062,-3.666544211081062,-3.666544211081062,-3.666544211081062,-3.666544211081062,-3.666544211081062,-3.666544211081062,-3.666544211081062,-3.666544211081062,-3.666544211081062,4.580466783303792,5.075498631039288,5.796682208565413,-3.666544211081062,-3.666544211081062,8.568824256127828,-3.666544211081062,5.3318519900604455,5.82210263593203,2.5357803942503585,-3.666544211081062,5.15527030663826,3.7525740773284406,-3.666544211081062,-3.666544211081062,-3.666544211081062,-3.666544211081062,-3.666544211081062,-3.666544211081062,-3.666544211081062,-3.666544211081062,-3.666544211081062
MET122,5.339892781748156,0.5974502471651819,2.8340188503146226,-5.51085966311288,-5.51085966311288,5.286639154728331,1.6001037682364432,3.3038318275402068,1.3228087231083165,3.1620443877356124,-5.51085966311288,1.827197928739932,2.550503422820202,3.3462262273013623,-5.51085966311288,-5.51085966311288,2.4259179418883807,2.8963342308719477,3.2120892700354835,4.035306402092714,0.7617433145549946,2.8063105575456175,3.9420528133572406,1.4878407644427512,3.855143734399215,5.19850905363494,-0.2425752002747643,5.95377908311675,5.266383155485318,4.769217601398456,3.8121117548594325,-5.51085966311288,-5.51085966311288,2.3799139483421214,1.502532847357302,0.8560110845241082,1.1384204164702574,-5.51085966311288,1.8088156816458012,-0.9109926663333141,4.170377378601894,-5.51085966311288,-5.51085966311288,2.5046592083572286,3.9669348903705837,-5.51085966311288,2.9186823082920146,3.590968871129207,-5.51085966311288,3.0667060261766697,5.870259456689109,3.761418793944891,0.7250755460221239,3.4176650869131624,2.140087122331434,-5.51085966311288,-5.51085966311288,6.57615092222761,-5.51085966311288,1.5950514611027913,-0.9656717150480478,1.5882447431034006,-5.51085966311288,-5.51085966311288,-5.51085966311288,4.0430866443297,-5.51085966311288,-5.51085966311288,-5.51085966311288,-5.51085966311288,3.792300667987586,2.9166580194518197,1.7941739901528493,1.859652118988068,3.9082741907022998,4.498318178037064,0.5726170129522856,-5.51085966311288,5.883209955770503,-5.51085966311288,4.534157730358155,3.2236909352016623,3.930067664847704,1.8867038040256991,4.966670326123101,0.9965944347287037,-5.51085966311288,-5.51085966311288,-5.51085966311288,-5.51085966311288,-5.51085966311288,-5.51085966311288,-5.51085966311288,-5.51085966311288,-5.51085966311288
MET123,5.50800031125735,-5.0942351482692665,4.202766453690979,-5.0942351482692665,-5.0942351482692665,4.819478030691215,-5.0942351482692665,4.302369029688613,-1.033267004568458,5.579651397588853,-5.0942351482692665,2.1320516769167064,3.0334844966489722,5.718363034956082,1.3353565666549416,3.417412770819489,5.109240759786539,1.4517864571800994,5.144159573447816,6.4755222626395135,-5.0942351482692665,3.5746357643405844,5.204402347489353,-5.0942351482692665,3.6669443002523945,6.15200335429566,-5.0942351482692665,5.604035092084256,6.663714756334347,5.453223060078924,4.533043634303317,-5.0942351482692665,-5.0942351482692665,2.9785208497610753,-1.0454238090721368,2.058992783805987,-5.0942351482692665,-5.0942351482692665,2.499389187426524,-5.0942351482692665,5.294751524590751,-5.0942351482692665,-5.0942351482692665,2.479233995360522,3.3288266357836864,-5.0942351482692665,3.369068545541719,4.611047600251286,3.056406137237527,0.9242726738408829,5.47629992984687,4.4861324028414735,2.8314446607697805,2.2168257103152085,-5.0942351482692665,-5.0942351482692665,-5.0942351482692665,6.485413325419812,-5.0942351482692665,3.404020734995388,4.041585346017056,-5.0942351482692665,-5.0942351482692665,-5.0942351482692665,-5.0942351482692665,3.8441969944323544,-5.0942351482692665,-5.0942351482692665,-5.0942351482692665,-5.0942351482692665,2.714761906015722,-0.4502415478413315,-5.0942351482692665,1.3368635678551213,3.6102452784103614,3.97976905546672,-5.0942351482692665,-5.0942351482692665,4.324605692314828,-5.0942351482692665,2.9821958453882615,3.5998809886954923,1.1464741314499145,-0.9246005219606062,3.564035826661881,-5.0942351482692665,-5.0942351482692665,-5.0942351482692665,-5.0942351482692665,0.8620927097911588,-5.0942351482692665,1.8695061237020765,1.6275267214695024,2.948436501069409,-5.0942351482692665
MET126,-3.9868549315631707,-3.9868549315631707,2.9188870113926857,2.3435276309594917,-3.9868549315631707,5.9490794649538845,2.71890818952172,4.68362441003627,-0.7922098836034905,1.425494668192714,-3.9868549315631707,1.119220230556202,-3.9868549315631707,2.098096680239819,2.2317934693252672,3.6633744409236444,-3.9868549315631707,1.5136619572893775,-0.29265609043286744,6.327045033144648,-3.9868549315631707,-3.9868549315631707,4.921580758002676,-3.9868549315631707,4.2136477640956915,5.577552996518162,-3.9868549315631707,5.430077121552277,3.6862391133900463,-3.9868549315631707,2.7993131782684113,-3.9868549315631707,-3.9868549315631707,-3.9868549315631707,-3.9868549315631707,3.958697058595887,1.8656992393353216,-3.9868549315631707,-3.9868549315631707,-3.9868549315631707,4.143191427896783,-3.9868549315631707,-3.9868549315631707,0.961067755121018,3.5994126560989814,-3.9868549315631707,2.4908012443915126,4.764142136592183,-3.9868549315631707,3.453283266939704,3.8811607663429113,2.344466071832807,-3.9868549315631707,5.8420840065274255,5.024000891614187,-3.9868549315631707,-3.9868549315631707,7.3861529478599675,0.8369502478558797,-3.9868549315631707,-3.9868549315631707,1.7244594348958309,3.0914349275690114,-3.9868549315631707,-3.9868549315631707,-3.9868549315631707,-3.9868549315631707,3.174546385004346,-3.9868549315631707,-3.9868549315631707,5.095828103383483,3.7423032064654542,-3.9868549315631707,3.2146303482517586,4.510787352604212,6.065389398498242,-3.9868549315631707,-3.9868549315631707,9.439359274510604,-3.9868549315631707,6.220949415466849,3.109492340843074,-3.9868549315631707,4.07480048676638,-3.9868549315631707,2.991201630975712,-3.9868549315631707,3.9690981530769633,4.696062451400688,-3.9868549315631707,1.2007611492980672,-3.9868549315631707,-3.9868549315631707,-3.9868549315631707,-3.9868549315631707
MET127,4.201691487805541,-4.143996975066958,2.659278032556907,6.359516072885601,-4.143996975066958,8.111481561127512,5.097219870855684,-4.143996975066958,-4.143996975066958,3.396874535152884,-4.143996975066958,2.2671224122538813,-0.049873040073778796,2.132422568971556,-4.143996975066958,1.3708554974561018,-4.143996975066958,3.0215256037602947,3.742235321065424,6.343143212717247,-4.143996975066958,-4.143996975066958,4.730159400386717,-4.143996975066958,5.5743359635032395,5.894123046184497,2.8756403578497016,6.06800047587447,3.993384540815442,3.91143737312078,2.6238042040972385,-4.143996975066958,-4.143996975066958,-4.143996975066958,-4.143996975066958,-4.143996975066958,2.417793785231466,1.358532512196092,-4.143996975066958,2.3370881715752096,4.438822741539266,-4.143996975066958,-4.143996975066958,-4.143996975066958,3.451693674816025,-4.143996975066958,-4.143996975066958,3.584199399867712,-4.143996975066958,-4.143996975066958,2.2834111317174806,-4.143996975066958,-4.143996975066958,1.248645173387736,6.274607816304529,2.0700630274220204,-4.143996975066958,7.17512581317235,2.119265040183124,2.500982469563527,-4.143996975066958,0.13780489576963006,3.483399365837643,-4.143996975066958,-4.143996975066958,-0.519653456670401,-4.143996975066958,-4.143996975066958,-4.143996975066958,-4.143996975066958,5.601310477501473,5.789733798874515,-4.143996975066958,2.903230414399414,3.863052580645351,5.3771774091890086,-4.143996975066958,2.602971972909649,8.719459051947458,-4.143996975066958,5.815700339432325,5.03607782495737,-4.143996975066958,3.5332841054106536,-4.143996975066958,3.8620750884266375,-4.143996975066958,-4.143996975066958,3.512693339059883,-4.143996975066958,1.1769374149788803,-4.143996975066958,-4.143996975066958,-4.143996975066958,-4.143996975066958
MET128,3.4602921052908835,-4.4998954465314505,1.789560945730508,3.5022256337894886,-4.4998954465314505,5.433431776606431,-4.4998954465314505,2.74086066462504,-4.4998954465314505,-4.4998954465314505,-4.4998954465314505,3.6489035726262324,3.6373654748745317,4.069129618010613,-4.4998954465314505,2.0809788651522503,-4.4998954465314505,2.9052010868704663,-4.4998954465314505,6.707635697943365,-4.4998954465314505,2.7568654065609666,4.707106418926669,2.2934038089981215,4.191914145741847,6.004349817120717,1.7083524332609885,5.601412213789407,4.2936158511286235,-4.4998954465314505,0.4965924606036509,-4.4998954465314505,-4.4998954465314505,-4.4998954465314505,1.8281999710455121,-4.4998954465314505,-0.43089678859008984,-4.4998954465314505,1.7302268990178664,1.7369265666908884,2.69429831787632,-4.4998954465314505,-4.4998954465314505,1.8911257098101162,3.6682965285319913,-4.4998954465314505,-4.4998954465314505,4.0423170252034435,-4.4998954465314505,2.26513851683431,5.239737562446908,1.478604775378761,-4.4998954465314505,4.804681787793362,4.301546979402385,2.3658326090417496,-4.4998954465314505,6.9720579975386965,0.4791295234814079,-4.4998954465314505,-4.4998954465314505,2.8006646725652837,2.3669445388724295,-4.4998954465314505,2.5116462538432183,0.7013368907049458,-4.4998954465314505,0.16325275722612353,-4.4998954465314505,-4.4998954465314505,4.877829311379287,3.044841389068387,-4.4998954465314505,3.119399107986756,4.237462617194986,5.0551644698926745,-4.4998954465314505,1.6086389855894705,8.776400441981885,-4.4998954465314505,4.22115280738051,1.5853590936281323,-1.0840534196339906,4.198058626998454,-4.4998954465314505,4.903924553944434,-4.4998954465314505,2.215704482313794,3.427780761364934,-4.4998954465314505,-4.4998954465314505,-4.4998954465314505,-0.3320079067297854,-4.4998954465314505,-4.4998954465314505
MET13,4.460895434118523,1.4267925943911148,5.336714956200386,2.0056156028156273,-3.7652306599214054,5.129525522569157,-3.7652306599214054,6.893714935432836,-3.7652306599214054,3.0463686850872973,-3.7652306599214054,-3.7652306599214054,2.917040376869841,7.49961192504503,-3.7652306599214054,2.6055063631015942,-3.7652306599214054,4.101187120835916,-3.7652306599214054,-3.7652306599214054,-3.7652306599214054,-3.7652306599214054,6.598805612319642,3.8924036400296593,5.917323515025691,6.0673147425378895,1.2592647118383482,5.15614777281394,-3.7652306599214054,-3.7652306599214054,5.20283399461254,6.4025505708187485,-3.7652306599214054,-3.7652306599214054,6.400903979051487,5.029684889488651,-3.7652306599214054,-3.7652306599214054,4.315843451290509,3.2109657711978956,4.413847480867164,-3.7652306599214054,-3.7652306599214054,3.3105683571077904,-3.7652306599214054,-3.7652306599214054,5.1774416217875485,5.826407744313523,-3.7652306599214054,-3.7652306599214054,-3.7652306599214054,6.443503642377014,3.3348231064932117,9.177074983712938,-3.7652306599214054,-3.7652306599214054,-3.7652306599214054,6.955046162776675,-3.7652306599214054,-3.7652306599214054,2.023427050923626,6.164587912155562,-3.7652306599214054,-3.7652306599214054,-3.7652306599214054,3.374157059191666,-3.7652306599214054,-3.7652306599214054,-3.7652306599214054,-3.7652306599214054,-3.7652306599214054,-3.7652306599214054,-3.7652306599214054,4.453328425849131,2.9100652198322168,-3.7652306599214054,3.6197372418331746,-3.7652306599214054,-3.7652306599214054,-3.7652306599214054,6.841902560907487,-3.7652306599214054,6.564945143795731,-3.7652306599214054,-3.7652306599214054,-3.7652306599214054,3.1228843680378144,-3.7652306599214054,-3.7652306599214054,3.3543754736638585,-3.7652306599214054,-3.7652306599214054,-3.7652306599214054,7.612085252715012,-3.7652306599214054
MET130,0.3910334146649621,-1.4797018791365826,1.0921149446793983,2.900642626961046,-5.263399175003,4.106179766553034,2.9881680069292225,2.3312082838318746,1.0906781537935473,1.006286332219001,0.0706348366667715,2.293062222986938,1.9130826047956093,2.4287170433769907,3.3392421597586095,-5.263399175003,-5.263399175003,0.8193264194239918,0.6026599053335078,6.544593492771115,0.9316017504659735,2.7267131596512595,4.494258030125715,-5.263399175003,4.072220391893591,4.826079677775132,2.672633647290712,4.211559947646055,1.12500090328865,0.5152977059831976,0.29201441192081923,-5.263399175003,-5.263399175003,-5.263399175003,-1.223014077173488,-1.1317658975410385,-0.3381198742374405,0.7303405696797363,-5.263399175003,-5.263399175003,2.4377297529692594,-5.263399175003,-5.263399175003,2.679534733455866,2.819735240617476,-5.263399175003,1.2771515461197467,3.457515368447975,-5.263399175003,-5.263399175003,5.0755308626588125,2.1250366516556225,-0.9175610379716854,5.409319327626621,2.0275664267741034,1.6815666711936856,1.5902694809869828,5.681712726098095,1.2994028950611183,0.11028336528174165,-5.263399175003,2.7354355451666486,2.736624489581078,-5.263399175003,-0.4137807832920224,1.8978046767659569,-5.263399175003,4.604280078716983,-5.263399175003,0.3843956789337053,4.203818264795698,1.9424298621790994,-5.263399175003,2.2120390884546133,3.4010540775242557,5.172307538400267,3.6581266320316654,-5.263399175003,7.829432151095861,-5.263399175003,4.705087939042299,1.7038411375233382,-5.263399175003,2.3038661911137543,-0.7502643445698105,1.4535900268088753,-5.263399175003,-5.263399175003,2.792317504431507,-5.263399175003,0.7906278446314916,-5.263399175003,0.914600607395438,-5.263399175003,-5.263399175003
MET131,2.0861427151305296,-4.490319053348237,-4.490319053348237,-4.490319053348237,-4.490319053348237,4.765969944330077,3.2152545110732165,4.53384207603442,-4.490319053348237,-4.490319053348237,1.4502024266179854,2.94890097379007,3.823806603150639,2.418774373777376,3.7026110162256947,1.5040984307739542,-4.490319053348237,-4.490319053348237,-4.490319053348237,6.557276996707104,-4.490319053348237,5.415447062979204,4.607675824861299,-4.490319053348237,4.2979620494298425,4.80589091710038,2.500927410852312,5.662084193381135,-4.490319053348237,-4.490319053348237,-4.490319053348237,-4.490319053348237,-4.490319053348237,-4.490319053348237,2.1775303784984175,-4.490319053348237,-4.490319053348237,2.3339021267227835,-4.490319053348237,-4.490319053348237,2.506460104798732,-4.490319053348237,-4.490319053348237,2.4956920572726737,3.681688061010716,-4.490319053348237,-4.490319053348237,5.1474094177506124,-4.490319053348237,-4.490319053348237,4.895190976904067,3.106268960865335,-4.490319053348237,5.754005587116321,7.686647122451266,4.4726906294560465,-4.490319053348237,6.939270073833141,4.950092399764102,-4.490319053348237,-4.490319053348237,3.8607283190599215,4.345612364670294,-4.490319053348237,-4.490319053348237,3.5924467699187295,-4.490319053348237,4.660643884472329,-4.490319053348237,2.715056659085124,5.1373009186466385,3.4907010751518257,-4.490319053348237,-4.490319053348237,3.3463769485162977,6.517140165386223,4.69272647018617,-4.490319053348237,8.062619335759695,-4.490319053348237,5.521395308045548,4.213182041587597,-4.490319053348237,1.7112887501240301,3.871864552576425,5.429843684024371,-4.490319053348237,4.072771441044122,2.5381903570119437,-4.490319053348237,1.7904932816906065,-4.490319053348237,2.050259651053448,-4.490319053348237,-4.490319053348237
MET132,1.8963101306613082,-4.066418527518541,-4.066418527518541,4.892390901637419,-4.066418527518541,6.699254777730173,4.553315818016867,-4.066418527518541,-4.066418527518541,3.97326457745275,1.55767293818338,3.061181597914471,3.4256093997650305,2.9757355313068548,4.841083384382303,4.333984237397778,-4.066418527518541,1.9606878337514848,5.2613853155991075,8.26619359109888,-4.066418527518541,3.5649903306176745,5.093404356801336,-4.066418527518541,6.459621697834356,5.277090199553637,5.426603994931723,7.558768809584927,3.9201499159428916,-4.066418527518541,-4.066418527518541,-4.066418527518541,-4.066418527518541,-4.066418527518541,-4.066418527518541,-4.066418527518541,2.9237031173434778,2.4746337074893843,-4.066418527518541,-4.066418527518541,1.2099683119149791,-4.066418527518541,0.5514418558380463,-4.066418527518541,-4.066418527518541,-4.066418527518541,-4.066418527518541,2.6449831142875873,-4.066418527518541,2.1871342642463487,3.7244437027836907,-4.066418527518541,-4.066418527518541,4.657074576775007,4.66937919940582,-4.066418527518541,-4.066418527518541,5.5580930267625,3.0967201066083048,2.9628188316958646,-4.066418527518541,-4.066418527518541,-4.066418527518541,-4.066418527518541,-4.066418527518541,-4.066418527518541,-4.066418527518541,2.0733124413160455,-4.066418527518541,-4.066418527518541,5.202705622193185,3.5192379948810943,3.208222412569407,5.098837197723742,5.266858016674305,5.495955934601125,6.02390745111903,-4.066418527518541,8.52978885512922,-4.066418527518541,7.205685494560482,1.585276906324479,3.1859866772255936,2.376270890339308,4.75695027091661,-4.066418527518541,-4.066418527518541,-4.066418527518541,-4.066418527518541,-4.066418527518541,-4.066418527518541,-4.066418527518541,-4.066418527518541,-4.066418527518541,-4.066418527518541
MET135,5.138231079487872,-5.303258225570637,3.320669057450986,4.5299347766153915,-5.303258225570637,5.835992451094744,4.439669478658428,2.766773445359168,-5.303258225570637,3.9477868821451247,-5.303258225570637,-5.303258225570637,4.904760832595029,5.261229059532667,-5.303258225570637,-5.303258225570637,2.7098845356111427,4.3929225470720406,3.8334578527070278,3.729209889479355,-5.303258225570637,4.852801983945986,4.054117781309826,1.0575018269890464,5.056651600295,4.003745441279974,-5.303258225570637,7.112521192143866,3.2647364028230905,3.826014367570597,1.0978451286711595,-5.303258225570637,-0.5180120706033744,-5.303258225570637,1.305533965853181,-5.303258225570637,-5.303258225570637,-5.303258225570637,-5.303258225570637,2.033260480026149,4.914222206011386,-5.303258225570637,2.852230362305976,3.5878785010911134,3.9942542007163704,-0.10389608473163747,1.9525938792384254,4.161157991020632,-5.303258225570637,-5.303258225570637,3.5058577244940494,4.008015224612313,-5.303258225570637,3.9982355119550004,0.8412200780723369,-5.303258225570637,-0.15568464791078362,4.153930415813278,4.964516466688982,4.429456605731554,0.45080313427856034,2.7143088010338623,-5.303258225570637,-5.303258225570637,-5.303258225570637,-5.303258225570637,-5.303258225570637,5.31991970276202,-5.303258225570637,4.887451205763439,5.042167839190771,3.9468962863923185,3.809299026931776,4.884480381006194,4.32510357286702,1.4186995548417807,-5.303258225570637,-5.303258225570637,2.823191451739218,-5.303258225570637,3.2791000432233313,4.082957053166627,-5.303258225570637,-5.303258225570637,3.1267284531464012,4.7324778731289,-5.303258225570637,-5.303258225570637,4.941614090915829,2.6773856780732777,-5.303258225570637,-5.303258225570637,-5.303258225570637,-5.303258225570637,-5.303258225570637
MET136,5.394170028789415,-4.798127179816785,2.8099380033437935,2.4888469664827353,-4.798127179816785,5.296791780115637,4.438391093413945,4.6634946346329285,-4.798127179816785,4.4639003413388005,2.2788724650140955,-4.798127179816785,2.4818224498884494,5.332349534969268,-4.798127179816785,1.4939732997117119,-4.798127179816785,2.5520342902581215,4.230895260058684,5.703656197798843,-4.798127179816785,5.229793433969077,3.789857956003593,1.5687632110249847,5.014235450218098,5.8603254460680345,-4.798127179816785,6.731573782489297,4.307382356655926,3.3364809496389247,-4.798127179816785,-4.798127179816785,-4.798127179816785,-4.798127179816785,1.948781952776077,1.9539558307702727,-4.798127179816785,-4.798127179816785,-4.798127179816785,-4.798127179816785,3.4348424120926326,-4.798127179816785,-1.1108592339313024,0.5110638244505559,1.8735351111922558,2.9735099107085254,-4.798127179816785,3.1731012796500657,-4.798127179816785,-4.798127179816785,5.194829767316783,4.615013414138635,-4.798127179816785,5.44594980024903,-4.798127179816785,-4.798127179816785,2.1256144307697813,6.390284711205039,2.9451368929231743,3.7224039894089316,2.0263686704051818,3.060763751277282,2.0391706863784416,-4.798127179816785,-4.798127179816785,-4.798127179816785,-4.798127179816785,5.2262671197916495,-4.798127179816785,4.216835936166892,4.651746118961773,3.376888998011781,2.785406361098522,3.53771469461023,3.9109283170026616,4.32437777130694,-4.798127179816785,-4.798127179816785,7.8832110153654655,-4.798127179816785,6.455853552399121,-4.798127179816785,-0.3334755654774284,-4.798127179816785,3.2946198642440745,-4.798127179816785,-4.798127179816785,-4.798127179816785,3.145394172845366,-4.798127179816785,-4.798127179816785,-4.798127179816785,-4.798127179816785,-4.798127179816785,2.456429882494758
MET137,8.422095338000258,-4.138073494224129,2.9015504142497663,2.308146583219056,-4.138073494224129,5.593572335450335,1.265671537383616,3.69172238402294,-4.138073494224129,-4.138073494224129,-4.138073494224129,-4.138073494224129,4.495966763000561,4.521525102552287,-4.138073494224129,-4.138073494224129,5.349252375281068,-4.138073494224129,2.4960681450228597,4.980691785532352,-4.138073494224129,-4.138073494224129,4.5677029003049805,-4.138073494224129,4.594851758023913,2.977045559181084,-4.138073494224129,6.97853175356445,7.269647782350158,3.157244718450885,3.5878606011822427,-4.138073494224129,-4.138073494224129,-4.138073494224129,3.0558621176303458,-4.138073494224129,-4.138073494224129,-4.138073494224129,-4.138073494224129,-4.138073494224129,5.37147808772206,-4.138073494224129,-4.138073494224129,2.2335518047978775,-4.138073494224129,3.665383169552702,3.3756002947872155,4.203413486899734,-4.138073494224129,-4.138073494224129,5.532553384426703,5.185050352428623,-4.138073494224129,7.54599544605758,-4.138073494224129,-4.138073494224129,1.3010429988922656,6.846084846460476,3.4595141249024843,4.209268084264331,-4.138073494224129,2.9057312415255314,1.7672668829139369,-4.138073494224129,-4.138073494224129,-4.138073494224129,-4.138073494224129,4.154936215721752,-4.138073494224129,6.131865668285402,5.10796202814548,4.499455517052905,4.869176210678065,3.040920766272956,5.8564695094074946,-4.138073494224129,-4.138073494224129,-4.138073494224129,5.7291980677267045,-4.138073494224129,7.451860695828804,4.505463017118708,-4.138073494224129,-4.138073494224129,6.269463346428264,-4.138073494224129,-4.138073494224129,-4.138073494224129,-4.138073494224129,2.238866609662278,-4.138073494224129,-4.138073494224129,3.0930194046178245,-4.138073494224129,-4.138073494224129
MET139,5.36778017038067,-5.179481937204878,3.9513929261450524,1.2289448058707864,-5.179481937204878,6.417128230001449,3.164048532506696,1.6455424028122838,-5.179481937204878,-5.179481937204878,-5.179481937204878,-5.179481937204878,1.5652592216198649,1.2438027741689313,2.2599033412017517,-1.3584695655017818,2.527975421062637,2.5845110918423675,-0.5573298722318221,3.6283282805381463,-0.8016581644688081,1.1024305238142977,2.857221844357321,-5.179481937204878,6.26116973426962,4.721095928670683,-5.179481937204878,5.717123144321187,5.371231364471098,4.232328530291445,3.365025810576439,-5.179481937204878,-5.179481937204878,-5.179481937204878,2.6694613275159744,-5.179481937204878,3.3091805764220608,1.4055293339049078,1.0644274232688629,-5.179481937204878,5.552148788297952,-5.179481937204878,-5.179481937204878,2.9652479083623087,2.9390515344127834,-5.179481937204878,2.9205929732138864,4.242646305030643,-5.179481937204878,-5.179481937204878,3.561555793534195,4.091756527038752,-5.179481937204878,6.267438476179673,4.157623976497935,-5.179481937204878,3.48926129503044,6.683071642252042,4.019776201150863,-5.179481937204878,-5.179481937204878,4.068799986325249,3.3052054295915747,-5.179481937204878,-5.179481937204878,1.905894995314779,-5.179481937204878,3.4225482845162976,-5.179481937204878,5.144429274173833,4.5542494368084885,4.274713757072903,1.841529777701342,1.594812861793514,4.278595708296637,3.86684967798087,-5.179481937204878,-5.179481937204878,2.33283390114127,-5.179481937204878,5.774558769591577,2.003479309207246,0.5863464160101959,0.7826831577438726,5.873757503502429,-5.179481937204878,-5.179481937204878,-0.06498530481797538,4.135248725379394,-5.179481937204878,0.9462415132086095,-5.179481937204878,-5.179481937204878,-5.179481937204878,-5.179481937204878
MET140,4.62654691632372,-5.411339129685084,2.9836562749392117,4.129961942073146,-5.411339129685084,6.70250722041046,4.065664320829058,2.561140268123247,-5.411339129685084,2.1345998086873,-5.411339129685084,-5.411339129685084,3.7376568853015497,-5.411339129685084,3.5988764794698627,-5.411339129685084,2.4380432565780445,2.802222959587592,2.33005615318877,5.2192071782443,4.003269100599454,2.867293656544504,2.7342012937144906,-5.411339129685084,5.38531202569361,4.497986755091106,2.9509200047310076,5.186751401814744,4.739904557984435,3.7524047547198904,3.0585940659370046,-5.411339129685084,-5.411339129685084,-5.411339129685084,1.780678873982164,-5.411339129685084,2.522126363364279,1.2712734554152405,2.5453511793677928,-5.411339129685084,5.322237451161328,-5.411339129685084,-5.411339129685084,3.014941255494862,3.484263409931489,-5.411339129685084,2.252311108298695,3.5388190253787677,-5.411339129685084,-5.411339129685084,3.59354349650069,3.400395434092353,-5.411339129685084,-5.411339129685084,4.177471430208198,-5.411339129685084,3.7052622315746566,6.294351467377242,4.300589176054234,-5.411339129685084,-5.411339129685084,2.250640613286338,3.099012594625245,-5.411339129685084,-5.411339129685084,2.684266868163278,-5.411339129685084,3.8883479602553086,-5.411339129685084,4.187726920975661,4.81797825910544,3.336475591969907,1.2098834028325696,2.505622949156675,6.300295113540674,4.070967437348149,-5.411339129685084,-5.411339129685084,3.363638549203717,-5.411339129685084,4.691919287986746,-5.411339129685084,1.948504232469765,1.79939422184224,3.1647763715816426,1.5982403327606738,-5.411339129685084,1.4940829782431626,4.213241429000698,-5.411339129685084,1.884140045211402,-5.411339129685084,-5.411339129685084,-5.411339129685084,-5.411339129685084
MET141,5.243342266066458,-5.057919029179196,3.334187243217407,1.9222207227453385,-5.057919029179196,7.085631756278291,3.163906454781685,-0.9983334365011967,-5.057919029179196,0.1283266335401123,-5.057919029179196,3.8893484310416557,-5.057919029179196,-5.057919029179196,3.159198456653389,-5.057919029179196,-5.057919029179196,1.767417333900073,2.392723313701153,5.249505490997098,2.1002687274676255,4.989809809082723,3.0233679998202447,-5.057919029179196,6.344579177937297,4.924375605322229,1.9710742609335368,6.052768689835729,5.808135436794605,3.3694480473513213,3.526291845608041,-5.057919029179196,-5.057919029179196,-5.057919029179196,2.425735202546748,-5.057919029179196,0.9595367606183558,-5.057919029179196,-5.057919029179196,-5.057919029179196,5.21226407688543,-5.057919029179196,2.7688483982227377,3.0990125192406923,3.7593037503991047,-5.057919029179196,2.6347405669362187,4.131797251013701,-5.057919029179196,0.5796313757124842,3.4266393298145106,2.703203026968267,-5.057919029179196,5.682942862916583,-5.057919029179196,-5.057919029179196,-0.3239770201279413,6.923374126294879,4.865675998370321,1.8838078072840228,-5.057919029179196,4.222123909952514,3.752299298369717,-5.057919029179196,-5.057919029179196,3.2084979942657776,-5.057919029179196,3.2786273450911603,-5.057919029179196,1.7401497711807217,5.015802813265744,4.202169618605188,-5.057919029179196,-5.057919029179196,3.166329746465067,4.957037795650265,1.331685916079243,-5.057919029179196,2.89756809366414,-5.057919029179196,5.883061754241786,2.0429705768116504,3.970447410986152,2.8726162677265235,3.019350437565654,-5.057919029179196,-5.057919029179196,1.4711358754226218,3.0821765069513134,-5.057919029179196,2.9067416768428895,-5.057919029179196,-5.057919029179196,-5.057919029179196,-5.057919029179196
MET144,-4.8819927930446845,-4.8819927930446845,3.3550511943249743,4.678604721666831,-4.8819927930446845,5.506780633663247,2.1804028172183596,4.766660356552339,-4.8819927930446845,5.361185537038013,4.5822365226816855,0.49999075712915264,5.697089631476649,1.3394715067513738,2.9261829995361692,-4.8819927930446845,2.983253061503989,-4.8819927930446845,2.156797124618656,-4.8819927930446845,-4.8819927930446845,4.007928910854092,3.997121957908541,-4.8819927930446845,5.653958766946497,5.600365056207964,3.192247661979221,5.754429578313942,6.309111739114533,4.531044010903495,5.356403756051206,-4.8819927930446845,-4.8819927930446845,-4.8819927930446845,1.9444521851617322,-4.8819927930446845,3.1589986858094576,1.4485260313106911,-4.8819927930446845,-4.8819927930446845,3.4172679954914713,-4.8819927930446845,-4.8819927930446845,1.022076564033405,3.61210066711414,-4.8819927930446845,1.8475869274695063,4.4139354086051386,-4.8819927930446845,-4.8819927930446845,3.606146627389249,4.159526504614601,-4.8819927930446845,4.133627920881024,-4.8819927930446845,3.6737008941037903,3.208485980138475,6.936158039591047,2.737788813759468,-4.8819927930446845,-4.8819927930446845,2.49308220450564,-4.8819927930446845,-4.8819927930446845,-4.8819927930446845,3.7477202523887145,-4.8819927930446845,1.5835819155984279,-4.8819927930446845,4.892268569723883,3.9006061307358024,2.605853184269307,0.4835478037461858,5.071399971196282,4.972371755814745,-4.8819927930446845,-4.8819927930446845,-4.8819927930446845,7.37129993824518,-4.8819927930446845,5.211316524331772,4.168304790375805,-4.8819927930446845,0.5505296304789908,4.866730278342775,6.29601183465371,-4.8819927930446845,-4.8819927930446845,-4.8819927930446845,-0.39592346041906445,-4.8819927930446845,-4.8819927930446845,2.5863056429289557,-4.8819927930446845,-4.8819927930446845
MET145,-4.2413529820833915,1.4169599751509665,3.5939708036812474,3.8501643418393217,-4.2413529820833915,6.678293948801162,1.8497250258533118,3.7982839652048517,-4.2413529820833915,3.697484274263349,-1.1314348110696582,2.756912330051777,0.27525201503086016,-4.2413529820833915,-4.2413529820833915,-4.2413529820833915,-4.2413529820833915,2.6463996565050287,0.5779492699008966,-4.2413529820833915,-4.2413529820833915,2.364332335354236,4.940056611973134,-4.2413529820833915,4.48477791454572,5.222701787730129,3.345059554804756,4.947766797587456,5.6757944081042915,4.793940157377288,4.0062512900046325,-4.2413529820833915,-4.2413529820833915,-4.2413529820833915,2.736732467777954,1.377658571064055,1.248608772399745,-4.2413529820833915,-4.2413529820833915,-4.2413529820833915,4.261011537267808,-4.2413529820833915,-4.2413529820833915,1.7398152110724325,4.385899044323431,-4.2413529820833915,2.2787321520346175,5.103241044826852,-4.2413529820833915,2.9665602348689424,4.028989246783838,3.951708094446028,-4.2413529820833915,5.974349997761511,-4.2413529820833915,3.8924307620275735,3.1981538710639645,7.4802288215413135,-4.2413529820833915,-4.2413529820833915,-4.2413529820833915,5.016135457963981,-4.2413529820833915,-4.2413529820833915,-4.2413529820833915,3.334307610379156,-4.2413529820833915,4.817472256831946,-4.2413529820833915,-4.2413529820833915,3.439090635259811,-4.2413529820833915,-4.2413529820833915,4.311891849809939,4.74973307579148,-4.2413529820833915,-4.2413529820833915,-4.2413529820833915,8.916248936095636,-4.2413529820833915,6.848570104096753,3.011382708545721,3.419801019363301,4.824921434162278,5.647845733506443,5.326591826625729,-4.2413529820833915,-4.2413529820833915,2.782130063364999,-4.2413529820833915,-4.2413529820833915,-4.2413529820833915,-4.2413529820833915,-4.2413529820833915,-4.2413529820833915
MET146,4.018495295879077,-5.526448098539724,3.580749428318385,4.1133999042827,2.801352008111486,5.420941873182126,2.1954265368469734,2.3172139606548567,-5.526448098539724,2.6119827699138254,2.5218745082884197,-1.2974251892323707,3.2159426220803686,0.5465060646212168,1.648941501604872,-5.526448098539724,-5.526448098539724,1.9142906821402361,2.398831374414418,4.499032319292219,2.26575814292568,4.28673590819006,3.3652091527256065,2.05785119196712,5.2376433028762355,4.7252906905217475,0.9046098061048538,4.96558867556962,4.903839475819046,3.070317310477513,3.0939406872300363,-5.526448098539724,-5.526448098539724,-5.526448098539724,1.5709617285614144,-0.0787183960152209,3.149522955852878,1.6865811954954095,-5.526448098539724,-5.526448098539724,2.843269186274716,-5.526448098539724,-5.526448098539724,1.6045206625030346,3.349095399399017,-5.526448098539724,1.6560445146725868,3.815196884329822,-5.526448098539724,-5.526448098539724,4.958316073905392,2.837908212870376,-5.526448098539724,5.743680585451259,-5.526448098539724,2.8298906334646503,2.3321524884465177,6.404790419406894,3.017037287725941,-5.526448098539724,-5.526448098539724,2.96992658402381,2.391346736323613,-5.526448098539724,-5.526448098539724,2.8641533478200785,-5.526448098539724,3.5151259022488768,-5.526448098539724,2.0301264444468528,4.059202359608369,0.3222768907991984,1.7610509322315808,4.047352210216503,4.553658405432276,-5.526448098539724,-5.526448098539724,-5.526448098539724,6.3738781984774615,-5.526448098539724,5.198820327537561,2.11317868353129,-5.526448098539724,3.367448760617691,5.01372500667902,4.812071411993635,-5.526448098539724,-5.526448098539724,-5.526448098539724,-5.526448098539724,1.9221348678860242,-5.526448098539724,1.4791684433251255,-5.526448098539724,-5.526448098539724
MET149,-4.752825172432953,-4.752825172432953,3.4320815976642285,2.9641239399433044,-4.752825172432953,6.829958454738027,3.6693521439475356,4.150690597476443,0.437590363024416,-4.752825172432953,3.429946180197806,-4.752825172432953,2.058114456259263,4.012557139384953,3.14736230497504,3.0667112547661786,-4.752825172432953,-4.752825172432953,3.5674804436736975,4.2120615655947,5.33380609992483,2.6735157569128125,4.44563084905536,-4.752825172432953,6.685638083068856,5.8800741799184975,-4.752825172432953,5.781125953229742,-4.752825172432953,-0.0041488152935897915,2.8068845087712795,1.5496033168107584,-4.752825172432953,-4.752825172432953,4.5808355704251005,2.3240076708423265,2.191285505877972,1.551969117596978,-4.752825172432953,-4.752825172432953,4.300528026812122,-4.752825172432953,-4.752825172432953,2.782102460441859,3.747019878063605,-4.752825172432953,2.480128532016045,-4.752825172432953,-4.752825172432953,-4.752825172432953,-4.752825172432953,4.252165313265542,-4.752825172432953,5.886640676561285,-4.752825172432953,1.1173611995543364,-4.752825172432953,7.463514040358288,1.4537656025083532,-4.752825172432953,-4.752825172432953,4.884802312175387,-4.752825172432953,-4.752825172432953,-4.752825172432953,3.2487637633988253,-4.752825172432953,-4.752825172432953,-4.752825172432953,-4.752825172432953,5.11568456540331,4.836117666042605,-4.752825172432953,4.238175023743375,4.863348249805114,6.1450909390148585,-4.752825172432953,2.290044246503582,7.182196517132545,-4.752825172432953,5.59571896360216,3.845742333060488,-4.752825172432953,3.691546227518846,4.778098702845962,3.9000633042490698,2.8317793720571887,3.9031443177000975,1.7965314607898817,-4.752825172432953,2.2103253087723997,-4.752825172432953,-4.752825172432953,-4.752825172432953,-4.752825172432953
MET150,-4.252580158559471,-4.252580158559471,1.079866565620641,0.488685142160751,-4.252580158559471,4.97447023324529,0.25436837640172527,-4.252580158559471,-4.252580158559471,-4.252580158559471,4.9945629083446015,-4.252580158559471,-4.252580158559471,-4.252580158559471,3.2940303889296896,3.4872313238891453,6.679258468567637,-4.252580158559471,-4.252580158559471,2.293500153654474,5.015718728484296,-4.252580158559471,8.416686945897212,4.522587152833722,6.6715316000921785,5.73583785538913,6.981514039958527,4.441957560898078,-4.252580158559471,-4.252580158559471,5.496121331474568,5.373325881243943,0.9328915810869116,-4.252580158559471,4.882837135415808,3.6916119242322054,3.158036210434261,1.7623929336344517,-4.252580158559471,3.264066372088184,5.855832429418369,-4.252580158559471,-4.252580158559471,4.046782350176112,2.473027311438212,-4.252580158559471,1.4757899114297857,4.534651558857173,-4.252580158559471,4.786907875168589,-4.252580158559471,3.907806793971461,2.3940195013223073,-4.252580158559471,3.316630616340624,-4.252580158559471,-4.252580158559471,7.199338578248733,-4.252580158559471,0.5084283436064698,2.9250270621362082,-4.252580158559471,-4.252580158559471,-4.252580158559471,0.5112172482466875,0.5802601353863697,-4.252580158559471,1.4894950533556575,-4.252580158559471,-4.252580158559471,4.854376489922276,-4.252580158559471,-4.252580158559471,6.773583158585445,4.249994399928272,-4.252580158559471,-4.252580158559471,-4.252580158559471,7.535159509207388,-4.252580158559471,-4.252580158559471,2.4505876561147444,-4.252580158559471,-4.252580158559471,-4.252580158559471,-4.252580158559471,4.607072035292816,3.456415565553847,5.047128830834684,1.9033949124922716,-4.252580158559471,1.4349854879998816,0.18864429822026985,-4.252580158559471,0.7138790493842322
MET151,-3.7945623749592574,3.593363604854659,-3.7945623749592574,5.867927999376237,-3.7945623749592574,7.914898339763822,4.277507686337207,2.3853381616014087,4.192107978874707,-3.7945623749592574,-3.7945623749592574,2.0041494169964533,-3.7945623749592574,-3.7945623749592574,2.988358508325927,3.470768706038365,-3.7945623749592574,-3.7945623749592574,0.28192435885896927,6.9779669282755705,3.2278774652315887,4.114557053925698,5.750205410736646,2.5488801606898415,5.920826022957391,6.437137165722071,3.728711970568372,6.173526195649918,-3.7945623749592574,-3.7945623749592574,1.4618226389490445,-3.7945623749592574,-3.7945623749592574,-3.7945623749592574,4.133657140750092,-3.7945623749592574,0.4530601214672334,2.1580938724025263,-3.7945623749592574,3.6782631897712204,-3.7945623749592574,-3.7945623749592574,-3.7945623749592574,-3.7945623749592574,4.504811868179895,-3.7945623749592574,-3.7945623749592574,4.905501755007393,-3.7945623749592574,-3.7945623749592574,5.487350322065516,3.4795956969391906,-3.7945623749592574,-3.7945623749592574,-3.7945623749592574,-3.7945623749592574,-3.7945623749592574,7.558374956909086,-3.7945623749592574,3.119965919526525,4.083082151664148,4.838842930853245,-3.7945623749592574,-3.7945623749592574,-3.7945623749592574,-3.7945623749592574,-3.7945623749592574,-3.7945623749592574,1.6294191069890438,-3.7945623749592574,6.021449443713046,4.896913429316724,-3.7945623749592574,5.076518890812681,4.218366959850428,5.819602869720716,-3.7945623749592574,-3.7945623749592574,9.21954930305244,-3.7945623749592574,6.602950642993763,6.440038038471243,-3.7945623749592574,6.695815364643657,-3.7945623749592574,-3.7945623749592574,-3.7945623749592574,2.978697225120988,-3.7945623749592574,2.2049041489666177,-3.7945623749592574,-3.7945623749592574,-3.7945623749592574,-3.7945623749592574,-3.7945623749592574
MET154,3.2482040271341805,-4.105779747817495,4.212213866757701,2.71086957575836,-4.105779747817495,7.511331359446185,4.1585330624151045,0.16434108203787723,1.5828957452913048,1.7897070779033584,3.699708293719018,-4.105779747817495,5.170765853004612,-4.105779747817495,-4.105779747817495,2.517591055005047,-4.105779747817495,2.73665734005505,2.1340589968014676,6.727000118299015,-4.105779747817495,4.121662751329507,2.320565653869135,2.0470629831806146,6.923027992386752,4.658998545905373,1.882962465415729,6.2655884721042145,-4.105779747817495,-4.105779747817495,1.6709410395645765,-4.105779747817495,0.7908688997428275,-4.105779747817495,0.8044248152830029,-4.105779747817495,2.630945933664865,1.7885894015462505,-4.105779747817495,3.161475177000896,4.30287251186256,-4.105779747817495,-4.105779747817495,-4.105779747817495,3.3626628006783355,-4.105779747817495,-4.105779747817495,3.3161837582930973,-4.105779747817495,-4.105779747817495,5.353271254702236,-4.105779747817495,-4.105779747817495,4.901018631375166,7.804186398071569,-4.105779747817495,-4.105779747817495,7.355432596893584,-0.3348676610449104,2.066942424588884,-4.105779747817495,4.398076039025496,0.9444936683560297,-4.105779747817495,-4.105779747817495,-4.105779747817495,-4.105779747817495,-4.105779747817495,-0.1362617896655891,-4.105779747817495,5.4357703525140515,4.405780228866105,-4.105779747817495,4.002759975673137,3.984606995440741,6.045967833393902,-4.105779747817495,3.9094478498782905,8.689009445909937,-4.105779747817495,-4.105779747817495,4.675234058260645,3.623963471240388,3.1697289860309095,-4.105779747817495,-4.105779747817495,-4.105779747817495,-4.105779747817495,-0.03606042949370014,-4.105779747817495,1.983097918496278,-4.105779747817495,-4.105779747817495,-4.105779747817495,-4.105779747817495
MET155,4.387370457085109,-3.555525461628955,3.9034466551469134,4.793453728891969,-3.555525461628955,8.42032925420319,5.236740742092373,-3.555525461628955,-3.555525461628955,-3.555525461628955,6.194530647345817,-3.555525461628955,5.34712219312083,-3.555525461628955,-3.555525461628955,1.1647286423248318,-3.555525461628955,3.5121887714775477,-3.555525461628955,7.607251242675636,-3.555525461628955,3.5657580384170284,5.547318934418841,3.440383953984256,7.726973235111183,6.080265384890582,-3.555525461628955,7.9768700396620895,-3.555525461628955,3.702766847054642,-3.555525461628955,-3.555525461628955,-3.555525461628955,-3.555525461628955,-3.555525461628955,-3.555525461628955,-3.555525461628955,4.207949181966564,-3.555525461628955,-3.555525461628955,4.712349881468076,-3.555525461628955,-3.555525461628955,-3.555525461628955,1.1836429716370898,-3.555525461628955,-3.555525461628955,5.405512738034087,-3.555525461628955,-3.555525461628955,5.791500099401475,-3.555525461628955,-3.555525461628955,5.24292020005911,8.649448896816958,-3.555525461628955,-3.555525461628955,7.735061134623396,5.489953227404588,-3.555525461628955,-3.555525461628955,-3.555525461628955,3.8974915550645077,-3.555525461628955,-3.555525461628955,-3.555525461628955,-3.555525461628955,-3.555525461628955,-3.555525461628955,1.530057833564955,7.24804580174033,4.4676171593688325,3.9241585533467127,5.706439417486142,4.911923727523066,6.723173691016371,-3.555525461628955,1.4742644935874196,7.726825505136594,-3.555525461628955,-3.555525461628955,-3.555525461628955,5.10270182722672,-3.555525461628955,5.9038684557893495,-3.555525461628955,-3.555525461628955,-3.555525461628955,3.467020731055265,-3.555525461628955,-3.555525461628955,-3.555525461628955,-3.555525461628955,-3.555525461628955,-3.555525461628955
MET156,5.756619875465278,-5.482277510122213,2.9367566997077805,3.666988180782841,-5.482277510122213,5.854472700259492,1.3216153833643034,0.2975857119359535,1.3412910756821743,-1.0210259958310832,3.2817802936509404,-5.482277510122213,4.1718669635123184,0.11811815531563674,3.8533465243671303,3.0386564521888566,-5.482277510122213,1.8859342917581063,0.25032353502318294,3.9502979678089227,4.393936825147401,-5.482277510122213,5.181998073216789,3.252990226344136,6.4344564001334055,5.100798999462942,0.6623974896882245,5.669155408751626,0.9173138475268008,3.4294988641674005,2.2248183764039684,-5.482277510122213,-5.482277510122213,-5.482277510122213,-0.2475146838331117,1.056874838446788,2.5904530528121708,2.5287076674480478,-5.482277510122213,-5.482277510122213,3.3663004193624104,-5.482277510122213,1.799673328546496,0.4880149640399347,1.853306466539963,-5.482277510122213,1.9753457547474529,4.248410624393292,-5.482277510122213,-5.482277510122213,4.4694556278664255,1.724838953341111,-5.482277510122213,5.220306272402832,5.544938313631286,-5.482277510122213,2.8705134592750463,5.747327640940755,2.2485934522171087,-5.482277510122213,-5.482277510122213,1.1093262923232814,2.4958730018435977,-5.482277510122213,-5.482277510122213,1.6130966891542569,-5.482277510122213,-5.482277510122213,1.5083341099753094,2.9316284335987675,4.883433287394361,3.2661382399161196,2.348506431027668,4.139126511399535,3.423676094196753,4.478347211363679,-5.482277510122213,-5.482277510122213,3.84088996568033,-5.482277510122213,-5.482277510122213,2.2510989824457504,-5.482277510122213,4.056650352772307,5.263231285880328,3.9580455895447386,-5.482277510122213,-5.482277510122213,2.8882538885902864,-0.6884043665592561,1.6903673554724925,-5.482277510122213,-5.482277510122213,-5.482277510122213,-5.482277510122213
MET159,5.760177531323526,-4.338803614414301,-4.338803614414301,-4.338803614414301,-4.338803614414301,7.458016653396436,4.489385094948205,1.5428054057995926,-4.338803614414301,5.922173505818282,2.697439245618324,-4.338803614414301,0.6564960551780246,-4.338803614414301,-4.338803614414301,6.153654395865596,-4.338803614414301,2.7013196874759666,6.089729893380429,-4.338803614414301,4.511881144761621,-4.338803614414301,7.938366648181675,3.985722927711776,7.812903270021037,7.637958599180258,-4.338803614414301,5.967530367258798,4.191154635008097,3.725749741693571,4.138851839495738,-4.338803614414301,-4.338803614414301,-4.338803614414301,1.6316863277144344,1.3001603252295268,1.6109999194483189,2.0220121695166036,2.827883452991186,-4.338803614414301,3.9868940564985182,1.6421310335792052,5.028982042913826,-4.338803614414301,2.6581596728345076,-4.338803614414301,-4.338803614414301,4.031577795247724,-4.338803614414301,3.0173125317079137,3.1272085880664386,-4.338803614414301,-4.338803614414301,2.742434445802682,1.9001061760164006,-4.338803614414301,2.11329710270077,5.388227159974357,-4.338803614414301,3.763723897130709,3.295083927705318,-4.338803614414301,-4.338803614414301,-4.338803614414301,-4.338803614414301,3.2051051502311863,-4.338803614414301,3.7412147648235923,0.5033571408898592,-4.338803614414301,5.6828295539176334,2.735321130966673,-4.338803614414301,3.652165764889192,5.5658442850641645,-4.338803614414301,-4.338803614414301,-4.338803614414301,-4.338803614414301,-4.338803614414301,3.7694354089273387,-4.338803614414301,-4.338803614414301,3.6942833839727136,3.665785184843185,-4.338803614414301,-4.338803614414301,-4.338803614414301,2.061207420962665,1.1522507312659922,-4.338803614414301,3.026723919184776,2.9826379270940278,-4.338803614414301,-4.338803614414301
MET16,-1.911222241753272,-1.911222241753272,-1.911222241753272,9.17433283900672,-1.911222241753272,9.674863432194961,-1.911222241753272,-1.911222241753272,-1.911222241753272,-1.911222241753272,-1.911222241753272,-1.911222241753272,-1.911222241753272,8.584829334325846,-1.911222241753272,-1.911222241753272,7.619707660509391,-1.911222241753272,-1.911222241753272,-1.911222241753272,-1.911222241753272,-1.911222241753272,-1.911222241753272,7.919463308430843,10.659954769259343,10.36967016533483,8.427376495959292,8.144037349842014,-1.911222241753272,-1.911222241753272,-1.911222241753272,3.452882765800938,-1.911222241753272,-1.911222241753272,-1.911222241753272,-1.911222241753272,-1.911222241753272,-1.911222241753272,-1.911222241753272,-1.911222241753272,-1.911222241753272,-1.911222241753272,-1.911222241753272,-1.911222241753272,-1.911222241753272,-1.911222241753272,-1.911222241753272,-1.911222241753272,-1.911222241753272,-1.911222241753272,-1.911222241753272,-1.911222241753272,-1.911222241753272,6.856791822897181,-1.911222241753272,-1.911222241753272,-1.911222241753272,7.897674272267998,-1.911222241753272,-1.911222241753272,5.84886098218377,-1.911222241753272,-1.911222241753272,-1.911222241753272,-1.911222241753272,-1.911222241753272,-1.911222241753272,-1.911222241753272,-1.911222241753272,-1.911222241753272,7.373278858131891,-1.911222241753272,-1.911222241753272,-1.911222241753272,6.616119180734584,-1.911222241753272,-1.911222241753272,5.880383118652005,-1.911222241753272,-1.911222241753272,6.272761284763112,-1.911222241753272,-1.911222241753272,-1.911222241753272,10.015248828517185,-1.911222241753272,4.46465390443526,-1.911222241753272,-1.911222241753272,-1.911222241753272,-1.911222241753272,-1.911222241753272,-1.911222241753272,-1.911222241753272,-1.911222241753272
MET160,5.131002122427372,-0.9729657495246062,3.116994230893126,1.1467174472383208,-5.098503378753895,6.4670902185591554,2.971206564512073,1.082110293548043,1.4089929930523653,4.442249532086469,1.2259907176154812,-5.098503378753895,-5.098503378753895,-0.7792709506239852,-5.098503378753895,5.342668245412952,-5.098503378753895,1.6924999584447926,5.819917904536447,-5.098503378753895,1.3817034443771732,-5.098503378753895,6.972490844059289,2.5250569590367498,7.0038104344503544,6.6798094843956175,4.896887200079228,5.043799938921304,4.8728021941322925,4.182374846407542,4.048086475652683,-5.098503378753895,-5.098503378753895,-5.098503378753895,2.6320507488809683,1.428862332535643,0.8311607497253473,0.7749451141935397,0.9884987493681265,0.22355693010680788,4.344438506097232,3.5663077075922303,2.327257973886594,-5.098503378753895,3.769295788283223,-5.098503378753895,1.414849386086619,4.745117521911244,-5.098503378753895,2.198786205299501,0.09437435652343495,1.3160481409505582,1.3185516534419603,2.499178716412999,-5.098503378753895,-5.098503378753895,3.014422851444192,5.545697301749488,-5.098503378753895,3.2992411450747348,3.4219264523030715,-5.098503378753895,-5.098503378753895,-5.098503378753895,-5.098503378753895,2.953083651669072,-0.29328522891998254,-5.098503378753895,1.006716225289117,-5.098503378753895,4.227770583405497,-5.098503378753895,-5.098503378753895,3.401002028655263,4.110703131105192,-5.098503378753895,-5.098503378753895,-5.098503378753895,-0.7295904024649982,-5.098503378753895,3.52417138799001,3.361850887267255,-5.098503378753895,4.449966975846947,2.8883666363445872,-5.098503378753895,-0.18000251439409887,-5.098503378753895,3.399264414407444,1.9020311002087817,-5.098503378753895,1.4371450799354637,2.4333272397285963,-5.098503378753895,-5.098503378753895
MET161,7.224100505706316,-4.672032375732339,-4.672032375732339,4.598747525993047,-4.672032375732339,5.985356123154774,1.8501122856070893,3.238377945527769,1.905063317174081,5.669118550406232,2.062161944302682,-4.672032375732339,-4.672032375732339,-4.672032375732339,-4.672032375732339,2.0611057210954637,5.679794950890045,4.462715102376216,2.733978392677022,-4.672032375732339,1.0408324148378796,-4.672032375732339,7.292880876934202,1.974092802315763,7.114465039365893,6.2052391341100135,2.0692249826742115,6.581369045103976,4.962179962301777,4.990623274705011,5.746731725074106,1.0311537837278717,0.9861807700705079,-4.672032375732339,3.4867120616528906,-4.672032375732339,2.7658934443766707,-4.672032375732339,3.2723106817020113,-4.672032375732339,5.758491390064715,4.237702982538083,-4.672032375732339,-4.672032375732339,5.178494524390385,-4.672032375732339,-4.672032375732339,2.875929408680779,-4.672032375732339,4.406902135346703,2.6218496230019213,2.454017940733211,-4.672032375732339,2.7251581427793914,-4.672032375732339,1.1517102846413394,2.502847474926657,5.3302132793480705,-4.672032375732339,5.339428254379813,4.097431185422071,-4.672032375732339,-4.672032375732339,-4.672032375732339,-4.672032375732339,5.918627287062238,0.005416136344713607,-4.672032375732339,1.1373643943751315,-4.672032375732339,4.074694051251849,-4.672032375732339,-4.672032375732339,4.652056377301963,4.008883420912162,-4.672032375732339,-4.672032375732339,-4.672032375732339,-4.672032375732339,-4.672032375732339,1.8347068089255885,0.5245162397734706,-4.672032375732339,-4.672032375732339,3.8921543368239098,-4.672032375732339,-4.672032375732339,-4.672032375732339,2.992450015105198,1.8171353152105674,-4.672032375732339,4.778358499867032,4.918297907686831,-4.672032375732339,-4.672032375732339
MET163,4.626687880543793,-3.568955579103962,3.655961470808112,-3.568955579103962,-3.568955579103962,3.919402850516872,-3.568955579103962,5.078910899025845,-3.568955579103962,4.1280889751540455,0.638747683612781,-3.568955579103962,4.2764801968969195,3.214416611469596,4.468219007202885,-3.568955579103962,-3.568955579103962,3.562259813103064,3.7225937692794204,-3.568955579103962,1.6282407756669404,4.521641978234007,5.6701231348484225,2.401080586321557,6.127667939645793,7.904572194019541,-3.568955579103962,6.027599950321146,6.293232443644891,4.562167749418427,4.513310500765523,-3.568955579103962,-3.568955579103962,-3.568955579103962,6.077411624114698,4.091952875696587,-3.568955579103962,-3.568955579103962,3.574779192495491,-3.568955579103962,5.514451859991683,-3.568955579103962,-3.568955579103962,3.013803245187394,4.780174104545758,-3.568955579103962,0.4185538701530316,6.214020830720246,-3.568955579103962,-3.568955579103962,-3.568955579103962,3.710029825804055,-3.568955579103962,3.0449474297650605,-3.568955579103962,-3.568955579103962,-3.568955579103962,7.583117993201162,-3.568955579103962,-3.568955579103962,-3.568955579103962,-3.568955579103962,-3.568955579103962,-3.568955579103962,3.5477454243591486,4.628787367886688,-3.568955579103962,-3.568955579103962,-3.568955579103962,-3.568955579103962,4.269481846671634,-3.568955579103962,-3.568955579103962,4.5262372689670345,1.3510805667796042,-3.568955579103962,2.6175375000560646,-3.568955579103962,9.840116090098208,-3.568955579103962,-3.568955579103962,-3.568955579103962,-3.568955579103962,3.356456459823769,3.670401926333673,-3.568955579103962,-3.568955579103962,-3.568955579103962,-3.568955579103962,-3.568955579103962,-3.568955579103962,3.794114588743115,5.019081811510927,-3.568955579103962,-3.568955579103962
MET164,6.052127507853067,-3.9489860363390648,-3.9489860363390648,-3.9489860363390648,-3.9489860363390648,6.778172311211289,2.895407850706442,4.282313253393413,-3.9489860363390648,6.557218218104273,-3.9489860363390648,-3.9489860363390648,-3.9489860363390648,1.319122704309283,5.33381152460502,-3.9489860363390648,3.6924371767092445,3.76688124175448,4.541993126202798,-3.9489860363390648,-3.9489860363390648,2.6725024182470793,7.4354552427777705,-3.9489860363390648,6.272527627160295,8.55315739798651,-3.9489860363390648,7.686648862736013,6.924838270710415,5.220428204701941,4.470534876021602,-3.9489860363390648,2.886454877443991,3.892127986687851,5.582954652372284,-3.9489860363390648,-3.9489860363390648,-3.9489860363390648,-3.9489860363390648,5.172256988295437,6.473882457289225,0.9606788179184829,-3.9489860363390648,-3.9489860363390648,4.665608995399768,-3.9489860363390648,3.6802106741749654,5.628062631130048,-3.9489860363390648,5.937693548290143,4.010991069961,4.182280067688137,-3.9489860363390648,-3.9489860363390648,-3.9489860363390648,-3.9489860363390648,-3.9489860363390648,6.710211756215576,-3.9489860363390648,3.440373488423064,6.772512652175951,-3.9489860363390648,-3.9489860363390648,-3.9489860363390648,-3.9489860363390648,3.8811579341253966,-3.9489860363390648,-3.9489860363390648,-3.9489860363390648,-3.9489860363390648,6.005753939440849,4.605220244708871,-3.9489860363390648,5.294016400815689,5.545439139833645,-3.9489860363390648,-3.9489860363390648,-3.9489860363390648,6.5501191407340675,-3.9489860363390648,-3.9489860363390648,-3.9489860363390648,-3.9489860363390648,-3.9489860363390648,-3.9489860363390648,-3.9489860363390648,5.6774105774201855,-3.9489860363390648,-3.9489860363390648,-3.9489860363390648,-3.9489860363390648,4.1754025567797,3.109861513454063,-3.9489860363390648,-3.9489860363390648
MET165,-4.2105931922751,2.16669537171005,5.384816410151648,5.414276628681763,-4.2105931922751,7.688534421404982,4.390674967706057,3.2949914435689838,1.103305433083996,5.100060024559847,-4.2105931922751,-4.2105931922751,-4.2105931922751,-4.2105931922751,4.221801005204944,1.0750243821181975,-4.2105931922751,3.106820229592353,4.532467139835369,-4.2105931922751,3.318540010121658,5.08346976107696,6.732846049266229,1.7939882307929498,5.929414506074968,7.1350623899276036,-4.2105931922751,6.452384624699244,4.226471565185994,4.4625215693085485,3.2182728440806896,-4.2105931922751,2.881140879414356,-4.2105931922751,4.164999224562739,3.585244371160618,2.296910849005906,-4.2105931922751,-4.2105931922751,-4.2105931922751,5.1785917693526216,-4.2105931922751,2.5953924070970986,2.051950689713676,3.5942671698133566,-4.2105931922751,2.558484937856128,3.8968451772080757,-4.2105931922751,-4.2105931922751,2.4884890883111384,-0.7400237833488195,-4.2105931922751,-4.2105931922751,-4.2105931922751,4.632599165185792,-4.2105931922751,6.7235050268140295,-4.2105931922751,3.317919943610309,3.2142154186489886,-4.2105931922751,-4.2105931922751,-4.2105931922751,0.868022208297802,-4.2105931922751,-4.2105931922751,-4.2105931922751,-4.2105931922751,-4.2105931922751,6.175419040453674,5.93563853605159,1.0249195116639527,4.237592703153201,4.495781749538882,-4.2105931922751,3.5837326245802164,-4.2105931922751,8.574995907937375,-4.2105931922751,-4.2105931922751,-4.2105931922751,-4.2105931922751,6.134684521340909,2.5975965758940562,-4.2105931922751,-4.2105931922751,-4.2105931922751,-4.2105931922751,-4.2105931922751,-4.2105931922751,-4.2105931922751,1.7859321231830858,-4.2105931922751,-4.2105931922751
MET168,2.717781747867832,-3.7924173983855365,3.413318585485616,-3.7924173983855365,-3.7924173983855365,6.178895230013607,-3.7924173983855365,5.758365464991717,-3.7924173983855365,5.934890745421125,-3.7924173983855365,-3.7924173983855365,8.21663380318594,1.412452673239196,-3.7924173983855365,4.623794910503711,-3.7924173983855365,5.657190537799964,3.565977445255508,6.581399001116667,-3.7924173983855365,-3.7924173983855365,6.642633933330297,1.798976972787841,5.7749846108271194,-3.7924173983855365,0.42608275274783836,6.461224166313313,5.582903076712392,4.42409292570765,5.004286888746734,-3.7924173983855365,-3.7924173983855365,-3.7924173983855365,4.006931764698726,0.8871207019044736,0.9428078473364518,-3.7924173983855365,5.179235355664125,-3.7924173983855365,4.917132350863904,-3.7924173983855365,-3.7924173983855365,3.194605623193792,5.4935603605786225,-3.7924173983855365,4.770591535281624,6.310997305878484,-3.7924173983855365,-3.7924173983855365,6.231812796604171,3.514421113516825,3.317433752214999,-3.7924173983855365,3.6227109185865753,-3.7924173983855365,3.472079594599885,8.051087531783445,-3.7924173983855365,-3.7924173983855365,-3.7924173983855365,-3.7924173983855365,-3.7924173983855365,-3.7924173983855365,-3.7924173983855365,4.004779613264954,-3.7924173983855365,-3.7924173983855365,-3.7924173983855365,-3.7924173983855365,4.018374004041523,-3.7924173983855365,-3.7924173983855365,5.1927577955372355,4.060242759743737,3.4465693576421987,-3.7924173983855365,-3.7924173983855365,9.025678100468683,-3.7924173983855365,-3.7924173983855365,-3.7924173983855365,-3.7924173983855365,5.665757144791074,-3.7924173983855365,-3.7924173983855365,2.7017412452084786,-3.7924173983855365,-3.7924173983855365,-3.7924173983855365,-3.7924173983855365,-3.7924173983855365,5.001390670588794,-3.7924173983855365,-3.7924173983855365
MET169,4.9739013626265205,-4.182681776941145,3.5476541379770588,-4.182681776941145,-4.182681776941145,6.405019239140627,-4.182681776941145,5.6782029763202715,-4.182681776941145,4.7680821382203415,-4.182681776941145,-4.182681776941145,6.501528433144304,2.7403827435689134,-4.182681776941145,-4.182681776941145,-4.182681776941145,4.86390817948728,-0.3190022495421747,6.9807537545973215,2.3337326257965563,3.666339874754831,4.969569242804093,-4.182681776941145,5.883192295115168,-4.182681776941145,-4.182681776941145,4.299968413551728,7.119152780677144,5.863414465235014,6.526792314266174,-4.182681776941145,-4.182681776941145,2.629482130659084,4.089010817734879,0.9778105747442023,2.9648121419807607,-4.182681776941145,5.653224666582366,-4.182681776941145,6.934393091243619,-4.182681776941145,-4.182681776941145,3.9806787161900354,5.224767587963731,-4.182681776941145,5.775386120914259,6.90493633595511,-4.182681776941145,-4.182681776941145,4.056161806565263,4.828791982114027,1.8867224735436476,1.5191505268514547,4.168883683089356,-4.182681776941145,3.8139089047446983,8.294804242517348,-4.182681776941145,3.9709893164971586,3.466725946682251,-4.182681776941145,-4.182681776941145,-4.182681776941145,-4.182681776941145,5.402515196864757,-4.182681776941145,-4.182681776941145,-4.182681776941145,-4.182681776941145,4.737687341031893,-4.182681776941145,-4.182681776941145,2.087731906466818,3.7965309890094083,3.9646464588855483,-4.182681776941145,3.004839155262432,4.106375411013467,-4.182681776941145,-4.182681776941145,-4.182681776941145,-4.182681776941145,-4.182681776941145,-4.182681776941145,7.232865432237558,2.674981385028916,-4.182681776941145,-4.182681776941145,-4.182681776941145,-4.182681776941145,-4.182681776941145,-4.182681776941145,-4.182681776941145,-4.182681776941145
MET17,-3.3290680644848454,-3.3290680644848454,4.465133837130744,8.552027547532107,-3.3290680644848454,7.848939481335301,-3.3290680644848454,4.601440442235987,-3.3290680644848454,-3.3290680644848454,-3.3290680644848454,-3.3290680644848454,-3.3290680644848454,6.333242912849376,-3.3290680644848454,-3.3290680644848454,6.235277969630418,-3.3290680644848454,-3.3290680644848454,-3.3290680644848454,-3.3290680644848454,-3.3290680644848454,-3.3290680644848454,6.8171120389977595,9.316355857578426,8.576732006837585,7.071923877375645,-3.3290680644848454,-3.3290680644848454,3.734086192500113,3.8256439303389946,5.547149830058899,2.922229926836171,-3.3290680644848454,3.48518389769377,-3.3290680644848454,-3.3290680644848454,-3.3290680644848454,-3.3290680644848454,-3.3290680644848454,5.952759767104799,-3.3290680644848454,-3.3290680644848454,-3.3290680644848454,4.38868992971929,3.015904872071208,-3.3290680644848454,5.198971347130093,-3.3290680644848454,6.539703957897346,4.209281060106694,3.602734808720748,-3.3290680644848454,8.16973010446475,-3.3290680644848454,-3.3290680644848454,4.047612304190537,7.370024255912133,-3.3290680644848454,-3.3290680644848454,6.191856028853224,4.992597596735445,1.5154130856243366,-3.3290680644848454,-3.3290680644848454,-3.3290680644848454,-3.3290680644848454,-3.3290680644848454,-3.3290680644848454,-3.3290680644848454,3.4028354446745324,-3.3290680644848454,-3.3290680644848454,-3.3290680644848454,-3.3290680644848454,-3.3290680644848454,-3.3290680644848454,5.357454249683048,-3.3290680644848454,-3.3290680644848454,4.286886397774977,2.7336632146685975,-3.3290680644848454,3.026759371242739,5.060536554264615,-3.3290680644848454,4.374675399706285,-3.3290680644848454,-3.3290680644848454,1.5464962654747119,-3.3290680644848454,-3.3290680644848454,1.8825370450770667,-3.3290680644848454,3.5572768656067923
MET170,2.934645962002964,-4.688007756553947,2.698459724100913,-4.688007756553947,-4.688007756553947,6.568693544163725,0.7067794112920183,5.529264804980456,0.26518566983507164,4.529820872898078,-4.688007756553947,-4.688007756553947,5.77709510649799,3.5847956969846777,2.2369826042328684,3.7937404035180444,-4.688007756553947,5.250737275602265,4.143229987075898,6.5592954706030095,3.8012588274221804,3.9658403116901795,5.7091430729256825,-4.688007756553947,4.994806971521983,-4.688007756553947,2.228462629884384,5.6277364224971524,6.077386157364012,4.3938949053589305,4.395796092072652,-4.688007756553947,-4.688007756553947,-0.1829843317838744,3.261456389939755,-4.688007756553947,3.702236700897557,2.421190533658356,5.422006432090102,-4.688007756553947,5.1449168562527365,-4.688007756553947,-4.688007756553947,2.0183681307843537,4.353884197275412,-4.688007756553947,4.99192188652361,5.978832368037912,-4.688007756553947,-4.688007756553947,5.1188662370719324,3.8042633905404344,-0.3132798230243399,5.958900038233891,2.5596739282828267,-4.688007756553947,4.226207377199519,7.34276688200308,0.7941292278826744,2.140611392493387,0.9596325097862994,-4.688007756553947,-4.688007756553947,-4.688007756553947,-4.688007756553947,4.982824573803558,-4.688007756553947,-4.688007756553947,-4.688007756553947,-4.688007756553947,4.674018788635288,-4.688007756553947,-4.688007756553947,3.93531910387994,4.990018040052364,6.092458488253534,-4.688007756553947,-4.688007756553947,6.276899696724438,-4.688007756553947,-4.688007756553947,-4.688007756553947,-4.688007756553947,-4.688007756553947,-4.688007756553947,6.284807033942583,-1.0164166342773555,-4.688007756553947,-4.688007756553947,-4.688007756553947,-4.688007756553947,-4.688007756553947,-0.11224780786613842,-4.688007756553947,-4.688007756553947
MET172,7.942316478634082,-4.380571605742739,2.0519215696479867,4.633557059689886,-4.380571605742739,6.404670708758336,3.939382704725465,-4.380571605742739,-4.380571605742739,5.165571189144687,1.655328395044311,-4.380571605742739,6.082876337651286,4.288834217926289,2.7590014488679904,1.4984952217608019,4.784916315654156,3.8908594052908345,5.445341452021862,-4.380571605742739,3.595840366574235,1.5958943702319281,6.562020268986096,4.662735720571167,7.064173120302865,6.65306085968379,-4.380571605742739,4.388708323190522,3.4036004811371203,4.716244918131566,5.368387514953944,-4.380571605742739,-4.380571605742739,-4.380571605742739,-4.380571605742739,-4.380571605742739,1.2733490080288874,-4.380571605742739,-4.380571605742739,-4.380571605742739,3.8735149677908653,-4.380571605742739,-4.380571605742739,4.2917587438646505,3.748230248193277,-4.380571605742739,2.0637533391873326,4.685503039350711,-4.380571605742739,4.086780335906489,3.926445820019829,-4.380571605742739,-4.380571605742739,5.037858704571695,-4.380571605742739,-4.380571605742739,-4.380571605742739,7.24882063451743,-4.380571605742739,-4.380571605742739,-4.380571605742739,-4.380571605742739,1.5124967777249578,-4.380571605742739,-4.380571605742739,3.1440935795488425,-4.380571605742739,0.5904167788884678,-4.380571605742739,-4.380571605742739,3.718179181294218,-4.380571605742739,-4.380571605742739,5.572850507163552,3.845214388918138,-4.380571605742739,-4.380571605742739,2.812247681861436,7.3900663456993385,-4.380571605742739,3.3780082858066613,5.710746867842456,2.46247236155006,-4.380571605742739,-4.380571605742739,5.44017084947634,3.4282056296892742,-4.380571605742739,1.4515083048391162,2.259863033850233,-4.380571605742739,-4.380571605742739,-4.380571605742739,-4.380571605742739,-4.380571605742739
MET173,8.529166085266837,-1.3719538130907747,-1.3719538130907747,-1.3719538130907747,-1.3719538130907747,-1.3719538130907747,-1.3719538130907747,-1.3719538130907747,-1.3719538130907747,6.707259182251256,-1.3719538130907747,-1.3719538130907747,-1.3719538130907747,-1.3719538130907747,-1.3719538130907747,-1.3719538130907747,6.943183530036887,-1.3719538130907747,-1.3719538130907747,-1.3719538130907747,2.5548542226791415,-1.3719538130907747,-1.3719538130907747,-1.3719538130907747,-1.3719538130907747,7.188247370342863,-1.3719538130907747,-1.3719538130907747,7.116598722528794,5.486011420095452,7.37354396024237,-1.3719538130907747,-1.3719538130907747,-1.3719538130907747,-1.3719538130907747,-1.3719538130907747,-1.3719538130907747,-1.3719538130907747,5.064077978066838,-1.3719538130907747,4.740721771959622,-1.3719538130907747,-1.3719538130907747,-1.3719538130907747,-1.3719538130907747,-1.3719538130907747,-1.3719538130907747,7.543568603800143,-1.3719538130907747,-1.3719538130907747,-1.3719538130907747,-1.3719538130907747,-1.3719538130907747,6.929169584866917,-1.3719538130907747,-1.3719538130907747,-1.3719538130907747,5.567925003379706,-1.3719538130907747,-1.3719538130907747,-1.3719538130907747,-1.3719538130907747,-1.3719538130907747,-1.3719538130907747,-1.3719538130907747,3.3251232824549053,-1.3719538130907747,-1.3719538130907747,-1.3719538130907747,-1.3719538130907747,-1.3719538130907747,-1.3719538130907747,-1.3719538130907747,5.240392384201952,-1.3719538130907747,-1.3719538130907747,-1.3719538130907747,-1.3719538130907747,12.382378676758792,-1.3719538130907747,-1.3719538130907747,-1.3719538130907747,-1.3719538130907747,-1.3719538130907747,-1.3719538130907747,-1.3719538130907747,4.320175642145479,-1.3719538130907747,-1.3719538130907747,-1.3719538130907747,-1.3719538130907747,-1.3719538130907747,-1.3719538130907747,-1.3719538130907747,-1.3719538130907747
MET174,-0.5506293716277373,-0.5506293716277373,-0.5506293716277373,-0.5506293716277373,-0.5506293716277373,-0.5506293716277373,-0.5506293716277373,-0.5506293716277373,-0.5506293716277373,-0.5506293716277373,-0.5506293716277373,-0.5506293716277373,-0.5506293716277373,-0.5506293716277373,-0.5506293716277373,-0.5506293716277373,-0.5506293716277373,-0.5506293716277373,-0.5506293716277373,-0.5506293716277373,-0.5506293716277373,-0.5506293716277373,-0.5506293716277373,-0.5506293716277373,-0.5506293716277373,-0.5506293716277373,-0.5506293716277373,-0.5506293716277373,6.134695260319233,7.255711129268455,8.589366468951667,-0.5506293716277373,-0.5506293716277373,-0.5506293716277373,-0.5506293716277373,-0.5506293716277373,-0.5506293716277373,-0.5506293716277373,5.879000346450579,-0.5506293716277373,-0.5506293716277373,-0.5506293716277373,-0.5506293716277373,-0.5506293716277373,-0.5506293716277373,-0.5506293716277373,-0.5506293716277373,-0.5506293716277373,-0.5506293716277373,-0.5506293716277373,-0.5506293716277373,-0.5506293716277373,-0.5506293716277373,-0.5506293716277373,-0.5506293716277373,-0.5506293716277373,-0.5506293716277373,-0.5506293716277373,-0.5506293716277373,-0.5506293716277373,-0.5506293716277373,-0.5506293716277373,-0.5506293716277373,-0.5506293716277373,7.900392521852429,-0.5506293716277373,-0.5506293716277373,-0.5506293716277373,-0.5506293716277373,-0.5506293716277373,-0.5506293716277373,-0.5506293716277373,-0.5506293716277373,-0.5506293716277373,-0.5506293716277373,-0.5506293716277373,-0.5506293716277373,-0.5506293716277373,13.246848348023377,-0.5506293716277373,-0.5506293716277373,-0.5506293716277373,-0.5506293716277373,-0.5506293716277373,-0.5506293716277373,-0.5506293716277373,-0.5506293716277373,-0.5506293716277373,-0.5506293716277373,-0.5506293716277373,-0.5506293716277373,-0.5506293716277373,-0.5506293716277373,-0.5506293716277373,-0.5506293716277373
MET176,4.240390606440796,-0.14511570564322795,2.2484839515984705,3.1108215256130123,0.7061378387118777,4.295240994599247,0.9612244965640047,3.042743413870892,1.0292273040887956,3.836544502299923,2.1903293230410403,-6.364867184852126,4.73472928828866,3.314275624427153,2.111431505609782,-2.9056771126018264,2.8350747166103822,1.8757911545725134,3.840799653522131,-6.364867184852126,2.1629311542507805,1.203876590065029,4.23972458369129,3.3811217632163686,4.926284554473855,4.714428835094047,1.0795166021964206,3.7895438291054218,2.7328425653657478,1.6517681478034145,2.5990096573853965,-6.364867184852126,-0.9792839608374342,-6.364867184852126,1.3226799255014425,0.5887652628197664,1.3829453281853823,-2.19501375835896,-6.364867184852126,-6.364867184852126,3.5828586005890726,1.4740489497883145,-6.364867184852126,1.5279302390919316,2.7153887802520975,-6.364867184852126,0.599658596653299,2.98854708809355,-1.3040669298928664,-6.364867184852126,2.290283457168621,1.8593609758665117,0.35876329965706955,4.661491513811415,-6.364867184852126,-2.120720412303057,1.5079066785380455,4.686311660539543,-6.364867184852126,-6.364867184852126,0.9557590135483016,2.723590195167306,0.7833432272981184,-6.364867184852126,-1.4883537328848275,1.7924446502400366,-6.364867184852126,2.212587991140495,-0.46620698069110045,-6.364867184852126,2.796210310474115,0.7536886271943919,-0.09625933026643807,3.5140653968386237,2.340238002196588,-6.364867184852126,-6.364867184852126,-0.6421750416256549,5.377085080747682,-6.364867184852126,3.8869474286799437,0.6510801966967819,2.37263241830757,2.543711022213884,2.4774264483451187,3.6952878352444123,1.5190092245480376,-6.364867184852126,2.526711497703669,-2.0388534079783485,-6.364867184852126,0.7924017734385149,2.2933495607443124,-6.364867184852126,-6.364867184852126
MET177,3.526747157668425,-0.7140574937951545,1.873771878428201,4.073358928899946,2.792875759652696,4.6212469259569104,2.6015368906269245,2.698863799824423,-0.3383144916184291,4.039709133965102,1.6660223261166793,-6.3121222519678035,4.911176945537134,2.770876043971777,2.1400584532242544,-6.3121222519678035,3.47374485787709,2.6375903047002494,4.185920335867145,-6.3121222519678035,0.9978813153414947,2.3384718876743706,2.468341758572115,3.675958103040948,4.714718929038186,4.784493807264381,0.6671628972612753,4.330781571995589,2.8577085989602375,0.6215559362582734,2.7527896893521318,-6.3121222519678035,-0.36231674163000793,-6.3121222519678035,1.778701406678132,-0.6487585004011365,2.3149848437171965,0.5243893564611559,-6.3121222519678035,-0.06832556169644466,3.2133867956157873,-0.7304655131127422,-1.2928083571316638,1.7072566256704667,2.756685035284347,-6.3121222519678035,0.2858072543339265,2.8833704230239787,0.4487787933139771,0.6090555557834785,3.2062635394866357,2.101956017775742,-6.3121222519678035,4.546726093446878,-6.3121222519678035,-2.107521205015953,0.44840648483010703,4.798753983144685,-6.3121222519678035,-6.3121222519678035,-6.3121222519678035,2.096119309579204,0.7847427339835038,-6.3121222519678035,-6.3121222519678035,3.129630801717825,-6.3121222519678035,2.458295969310628,-6.3121222519678035,-6.3121222519678035,3.5660332888640256,1.2237105848447358,1.5407653092898332,4.130557344093408,2.9615157098009,-6.3121222519678035,-6.3121222519678035,-6.3121222519678035,4.4070582114086525,-6.3121222519678035,3.7200863780509135,0.7619621625798478,-2.453741726210083,1.9292621452001244,2.231717294775537,3.941184471438694,1.4984995109139252,-6.3121222519678035,3.061285141925322,0.3396797269908127,-6.3121222519678035,2.905224906389459,4.330124149861049,-0.6580979588218927,-6.3121222519678035
MET178,6.08910259240489,0.8479584402669174,2.7420626066032963,1.4654851060551932,1.1095746298619122,5.049887671130593,1.263527139291237,0.556279107896871,1.047572320495516,3.7067223409702956,-0.11112972335255122,-5.470997606390677,1.8971023913954888,-5.470997606390677,1.4112871406261478,-5.470997606390677,-5.470997606390677,3.0067496435940777,2.011963839977665,-5.470997606390677,-5.470997606390677,2.07168301049507,4.15100084410381,-5.470997606390677,4.132119874985238,5.863479505433742,0.08232254105313075,4.913431984767114,3.3099559657887614,2.9304428942510334,3.324412849850609,-5.470997606390677,2.100109476320891,-5.470997606390677,3.291617135737604,0.665133948508875,2.152084782274251,-2.2358937284739433,2.462313823712771,-5.470997606390677,4.6716573401057415,1.2426952432480194,-5.470997606390677,1.8438856398012176,3.4756631704859124,-5.470997606390677,2.331401201168811,4.6504435965914475,-5.470997606390677,-0.661231840227245,1.915644198744765,1.52716032550995,1.1180816093238208,5.8167668866872635,-5.470997606390677,-5.470997606390677,2.0638544775046395,6.160039023482391,-5.470997606390677,0.4044535772290816,1.6664224196212247,3.7165841378996873,2.0192525172422764,-5.470997606390677,-5.470997606390677,2.7866612086448415,-5.470997606390677,2.6307779193624894,1.5510475479066175,-5.470997606390677,3.438839973687779,-5.470997606390677,-5.470997606390677,3.4532010341621655,3.868047811012519,-5.470997606390677,-5.470997606390677,-5.470997606390677,5.827601355594606,-5.470997606390677,6.52056990926692,-0.24398969468536968,3.075874180563341,4.840192502856608,-0.9502263168037555,5.519725840362421,-5.470997606390677,-5.470997606390677,2.2992324600736564,-0.0010487975592301524,-5.470997606390677,0.8953210282203905,2.53201876858944,0.8149477800196205,-5.470997606390677
MET18,-2.9905271962513265,-2.9905271962513265,-2.9905271962513265,8.111237512561331,-2.9905271962513265,8.833470857026091,-2.9905271962513265,5.5433185521636945,-2.9905271962513265,-2.9905271962513265,-2.9905271962513265,-2.9905271962513265,-2.9905271962513265,-2.9905271962513265,-2.9905271962513265,-2.9905271962513265,8.65110104322434,-2.9905271962513265,-2.9905271962513265,-2.9905271962513265,-2.9905271962513265,-2.9905271962513265,-2.9905271962513265,7.917455978643972,9.056369764472915,9.274871577878706,7.41422447603415,-2.9905271962513265,-2.9905271962513265,4.303337181858543,-2.9905271962513265,5.327340763844025,-2.9905271962513265,-2.9905271962513265,4.796279729265319,-2.9905271962513265,-2.9905271962513265,-2.9905271962513265,-2.9905271962513265,-2.9905271962513265,5.438101972388858,-2.9905271962513265,-2.9905271962513265,-2.9905271962513265,2.639102511243488,3.319040823123255,3.5714557322162284,4.867633040284133,2.4129524405410603,7.087096161278692,6.653983366198264,6.433756883666145,2.6320212958228684,7.649202143564306,-2.9905271962513265,-2.9905271962513265,-2.9905271962513265,7.817083774468934,-2.9905271962513265,-2.9905271962513265,6.655904870788041,4.93569053851785,-2.9905271962513265,-2.9905271962513265,-2.9905271962513265,-2.9905271962513265,-2.9905271962513265,-2.9905271962513265,-2.9905271962513265,-2.9905271962513265,-2.9905271962513265,-2.9905271962513265,-2.9905271962513265,-2.9905271962513265,-2.9905271962513265,-2.9905271962513265,-2.9905271962513265,6.6738229610064534,-2.9905271962513265,-2.9905271962513265,4.3795340136288905,1.9432280749843631,-2.9905271962513265,3.3468736557434022,3.491445506413286,5.915840836748091,5.097181505598816,-2.9905271962513265,-2.9905271962513265,3.222726622382684,-2.9905271962513265,-2.9905271962513265,-2.9905271962513265,-2.9905271962513265,-2.9905271962513265
MET180,5.61907023007227,-5.389199577771267,1.7716556007438022,2.052542755930453,-5.389199577771267,5.676569286848319,1.9969213484790034,2.4558470492762767,-5.389199577771267,2.3538823963086797,-5.389199577771267,-5.389199577771267,1.8145184937987588,3.349608387524677,-5.389199577771267,2.168396400047759,-5.389199577771267,2.3885607850128645,0.93677133469832,5.179981772384245,3.515186225631907,2.195798397870842,4.648186017416945,1.7072316820359568,3.226804679539714,5.0497458534278294,-5.389199577771267,3.8531368231671497,4.8856344888170815,3.526395491266805,2.4300058848366355,-5.389199577771267,-5.389199577771267,-5.389199577771267,3.9949209886234103,-5.389199577771267,2.5274191431537503,2.1178613745043178,0.6347036779347253,-5.389199577771267,4.566063249946135,-5.389199577771267,-5.389199577771267,3.161261713845767,2.861397778889641,-5.389199577771267,1.5131421112555872,4.121253489646636,-5.389199577771267,-5.389199577771267,2.3254735455271556,3.3735707100291696,1.6998001544829817,4.0636472032120174,4.580062808151223,3.2965185593217674,-1.5889221275455707,5.834285570897819,2.6482919968603067,1.5719758951559557,-5.389199577771267,3.1004676496843304,3.289968406513986,-5.389199577771267,-5.389199577771267,2.022987951144307,-5.389199577771267,3.4043512345890123,0.27302324872664663,3.9115963031736944,4.279001260940955,1.658245242661823,-5.389199577771267,3.0713399752724895,3.191694829899456,4.998237595519514,-5.389199577771267,-5.389199577771267,7.220171735525096,-5.389199577771267,5.422081832494843,1.334101691698586,2.039121536255875,5.0406153280316035,-5.389199577771267,4.104606715306556,-5.389199577771267,-5.389199577771267,4.155193455526254,-5.389199577771267,-5.389199577771267,-5.389199577771267,-5.389199577771267,-5.389199577771267,-5.389199577771267
MET181,6.369462661200313,-3.5697441198449855,3.05279887766506,3.6017340873581745,-3.5697441198449855,7.10010995287764,2.9235972604502747,-3.5697441198449855,-3.5697441198449855,-3.5697441198449855,-3.5697441198449855,-3.5697441198449855,-3.5697441198449855,-3.5697441198449855,-3.5697441198449855,3.1010468106285876,-3.5697441198449855,2.951178622777886,-3.5697441198449855,7.318830743617321,5.314923852650008,-3.5697441198449855,5.123445411160647,3.678249820279122,4.407690962980656,5.819980676361798,0.3553536666589565,2.9468412461488205,5.55835721069054,3.693080808601148,-3.5697441198449855,-3.5697441198449855,-3.5697441198449855,-3.5697441198449855,4.505550484466111,-3.5697441198449855,1.696839779128684,1.4553119274380197,-3.5697441198449855,-3.5697441198449855,4.983895255842307,-3.5697441198449855,-3.5697441198449855,-3.5697441198449855,-3.5697441198449855,-3.5697441198449855,-3.5697441198449855,4.269623473305538,-3.5697441198449855,-3.5697441198449855,-3.5697441198449855,-3.5697441198449855,-3.5697441198449855,4.387348953431986,4.020192201428756,4.314980109053137,-3.5697441198449855,7.538361360425791,3.5707747152424574,-3.5697441198449855,-3.5697441198449855,4.100763340022621,3.7982092478105214,-3.5697441198449855,-3.5697441198449855,-3.5697441198449855,-3.5697441198449855,4.282443885075641,-3.5697441198449855,-3.5697441198449855,5.279344036500227,4.403865282818871,-3.5697441198449855,1.9856692205361117,3.0914204567366186,5.974083063717466,-3.5697441198449855,-3.5697441198449855,9.881578541611281,-3.5697441198449855,5.19155919914986,3.943445652680129,2.6606858625484326,5.788299489975048,3.6792205473259365,4.176822598936228,-3.5697441198449855,-3.5697441198449855,3.3297228746238474,-3.5697441198449855,-3.5697441198449855,-3.5697441198449855,-3.5697441198449855,-3.5697441198449855,-3.5697441198449855
MET182,5.527186125852316,-4.296021439126319,2.189247252245397,1.053108176442592,-4.296021439126319,5.76816505769053,2.7045314575399306,3.101154345642885,-4.296021439126319,3.3420061703558197,-4.296021439126319,-4.296021439126319,-4.296021439126319,-0.39401521140026396,-4.296021439126319,4.037786824644489,-4.296021439126319,5.103306731582609,-4.296021439126319,6.490386065770386,4.71797352090517,-4.296021439126319,5.438757396879018,4.169314405461423,4.257692813266239,6.145915584644409,3.283822246139879,3.927652401238494,3.754631255749042,3.0456248861113924,-4.296021439126319,-4.296021439126319,-4.296021439126319,-4.296021439126319,4.302867861802311,-4.296021439126319,1.415812073742,2.778241896298331,2.4823365130841095,1.5202337485229789,4.239592967070384,-4.296021439126319,-4.296021439126319,2.859322801092392,4.00377765846523,-4.296021439126319,2.454646294067202,4.0633868394821775,-4.296021439126319,-4.296021439126319,4.195761431667929,-0.6486984606435602,2.144156490054783,5.958245184049629,0.7847760254302045,4.591270499996675,-4.296021439126319,6.6775145073785644,-4.296021439126319,2.0052040617044886,-4.296021439126319,3.6406620438104413,2.7899301020520397,-4.296021439126319,-4.296021439126319,1.1902848187233914,-4.296021439126319,-4.296021439126319,-4.296021439126319,-4.296021439126319,5.406813291511746,1.4205278028903798,-4.296021439126319,3.0886205592372598,3.545719618288527,5.789546398428119,-4.296021439126319,-4.296021439126319,9.05169878522613,-4.296021439126319,2.1108493141453852,3.5662530842190714,3.293008863087482,3.461537915394074,-4.296021439126319,-4.296021439126319,-4.296021439126319,-4.296021439126319,2.8807733853897117,-4.296021439126319,-4.296021439126319,-4.296021439126319,-4.296021439126319,-4.296021439126319,-4.296021439126319
MET184,7.234098002281169,-4.173295855477585,0.34175641752075236,5.456809479809741,-4.173295855477585,7.406418187881,3.5208190157130925,-4.173295855477585,-4.173295855477585,5.193689580800772,-4.173295855477585,-4.173295855477585,4.397649668074811,4.668768985464836,-4.173295855477585,4.062400950368826,-4.173295855477585,1.4183699935101703,4.818818453765893,4.767655496107109,4.309053156361317,-4.173295855477585,6.961948054650886,2.710781942090839,4.970665189785374,6.463996977303363,3.0684192960019283,5.77860903049555,4.542819605868153,2.528831673773401,-4.173295855477585,-4.173295855477585,-4.173295855477585,-4.173295855477585,-4.173295855477585,-4.173295855477585,-4.173295855477585,-4.173295855477585,-4.173295855477585,0.8577593328825763,4.322126376512592,-4.173295855477585,-4.173295855477585,-4.173295855477585,3.0873852952197653,3.59720072519179,-4.173295855477585,-4.173295855477585,-4.173295855477585,-4.173295855477585,4.4723660423512355,-4.173295855477585,-4.173295855477585,4.88868113599967,6.169122271602145,3.887091672768457,-4.173295855477585,7.332777835122192,4.127412841912569,-4.173295855477585,-4.173295855477585,-4.173295855477585,3.387775976500861,-4.173295855477585,-4.173295855477585,-4.173295855477585,-4.173295855477585,-4.173295855477585,-4.173295855477585,-4.173295855477585,6.386379509103216,4.54916568648652,2.3192645305388275,4.6891310045837615,4.271686747515946,5.3850685305273105,-4.173295855477585,-4.173295855477585,8.46184526490951,-4.173295855477585,5.374068132292587,2.8233016103888318,-4.173295855477585,5.009847109215086,3.9946272039464974,4.773296280132968,0.643020194162542,-4.173295855477585,5.05871645090474,-4.173295855477585,-4.173295855477585,-4.173295855477585,-4.173295855477585,-4.173295855477585,-4.173295855477585
MET185,-0.597507147023796,-0.597507147023796,-0.597507147023796,-0.597507147023796,-0.597507147023796,-0.597507147023796,-0.597507147023796,-0.597507147023796,-0.597507147023796,-0.597507147023796,-0.597507147023796,-0.597507147023796,-0.597507147023796,-0.597507147023796,-0.597507147023796,-0.597507147023796,-0.597507147023796,-0.597507147023796,-0.597507147023796,-0.597507147023796,-0.597507147023796,-0.597507147023796,9.17872641158538,-0.597507147023796,-0.597507147023796,9.965950771711052,-0.597507147023796,-0.597507147023796,-0.597507147023796,-0.597507147023796,-0.597507147023796,-0.597507147023796,-0.597507147023796,-0.597507147023796,-0.597507147023796,-0.597507147023796,-0.597507147023796,-0.597507147023796,-0.597507147023796,-0.597507147023796,-0.597507147023796,-0.597507147023796,-0.597507147023796,-0.597507147023796,-0.597507147023796,-0.597507147023796,-0.597507147023796,-0.597507147023796,-0.597507147023796,-0.597507147023796,-0.597507147023796,-0.597507147023796,-0.597507147023796,10.673336565611972,-0.597507147023796,-0.597507147023796,-0.597507147023796,-0.597507147023796,-0.597507147023796,-0.597507147023796,-0.597507147023796,-0.597507147023796,-0.597507147023796,-0.597507147023796,-0.597507147023796,-0.597507147023796,-0.597507147023796,-0.597507147023796,-0.597507147023796,-0.597507147023796,-0.597507147023796,-0.597507147023796,-0.597507147023796,-0.597507147023796,-0.597507147023796,-0.597507147023796,-0.597507147023796,-0.597507147023796,12.935570868894896,-0.597507147023796,11.02205861433544,-0.597507147023796,-0.597507147023796,-0.597507147023796,-0.597507147023796,-0.597507147023796,-0.597507147023796,-0.597507147023796,-0.597507147023796,-0.597507147023796,-0.597507147023796,-0.597507147023796,-0.597507147023796,-0.597507147023796,-0.597507147023796
MET186,5.72735138003579,-3.298401041241087,-3.298401041241087,5.637291392653427,-3.298401041241087,8.038957828831192,4.301082583981128,-3.298401041241087,-3.298401041241087,3.653254998702674,-3.298401041241087,1.5969670794065198,-3.298401041241087,4.478986284913113,2.1500278624684572,4.452975305168523,-3.298401041241087,3.8040227162302704,3.439057248336825,6.505085936241245,-3.298401041241087,6.071813972433647,3.917821092690022,3.595485528237371,6.134015793887965,7.614268089740747,3.3741213857494525,6.827782269969637,-3.298401041241087,-3.298401041241087,-3.298401041241087,-3.298401041241087,-3.298401041241087,-3.298401041241087,-3.298401041241087,-3.298401041241087,-3.298401041241087,-3.298401041241087,-3.298401041241087,3.1288138572042064,4.49460575761196,-3.298401041241087,-3.298401041241087,-3.298401041241087,4.519852125514846,-3.298401041241087,-3.298401041241087,-3.298401041241087,-3.298401041241087,-3.298401041241087,5.544145141806513,-3.298401041241087,-3.298401041241087,7.197961265169232,-3.298401041241087,-3.298401041241087,-3.298401041241087,7.263085271488425,4.617001069284459,-3.298401041241087,-3.298401041241087,-3.298401041241087,3.438104181682556,-3.298401041241087,-3.298401041241087,-3.298401041241087,-3.298401041241087,-3.298401041241087,-3.298401041241087,-3.298401041241087,5.989544784464226,2.3846904143925514,-3.298401041241087,4.272207383001283,6.075265935942647,6.436115246173186,-3.298401041241087,-3.298401041241087,10.00574365603164,-3.298401041241087,6.938506264187666,2.6945985922108973,-3.298401041241087,3.598028129056707,4.3302224678828924,3.759999057956752,-3.298401041241087,-3.298401041241087,-3.298401041241087,-3.298401041241087,-3.298401041241087,-3.298401041241087,-3.298401041241087,-3.298401041241087,-3.298401041241087
MET188,2.195692655152878,-3.662097012276856,4.2164240456761695,-3.662097012276856,-3.662097012276856,5.312819915914855,-3.662097012276856,5.8337577998180405,-3.662097012276856,4.077516295466393,-3.662097012276856,-3.662097012276856,4.322192858151439,-3.662097012276856,0.41311401571766027,3.389781154231799,2.865237490031432,3.3566530592437305,2.807635702751748,4.747212246323203,0.4024299943255034,-3.662097012276856,4.996699934783005,1.8398589811381747,4.631614767088506,6.923751854026635,1.088758643416437,4.242885882545656,5.596272578189108,3.8500251701868393,2.2848469750511358,-3.662097012276856,-3.662097012276856,-3.662097012276856,2.0762171735819113,5.849447677870231,-3.662097012276856,-3.662097012276856,-3.662097012276856,0.6459198291027288,5.693130269567224,-3.662097012276856,-3.662097012276856,4.490732060485548,5.614078911086271,-3.662097012276856,4.545147440577922,7.678346224534463,-3.662097012276856,-3.662097012276856,3.8951365785207965,-3.662097012276856,4.285539093598465,3.9001339838558398,-3.662097012276856,-3.662097012276856,5.04072701024583,7.255255069607377,-3.662097012276856,3.310539909209374,-3.662097012276856,-3.662097012276856,-3.662097012276856,-3.662097012276856,-3.662097012276856,-3.662097012276856,-3.662097012276856,-3.662097012276856,-3.662097012276856,-3.662097012276856,3.50436380597926,-3.662097012276856,-3.662097012276856,5.792694677323191,4.474999708886687,-3.662097012276856,-3.662097012276856,-3.662097012276856,9.761865424138962,-3.662097012276856,-3.662097012276856,1.9393513121513557,-3.662097012276856,-3.662097012276856,-3.662097012276856,3.9672409458574975,2.798384029522806,4.638370918942333,-3.662097012276856,-3.662097012276856,-3.662097012276856,-3.662097012276856,2.5520465399653585,-3.662097012276856,-3.662097012276856
MET189,-3.8724964441728,-3.8724964441728,4.634464654706242,4.099794363966461,-3.8724964441728,4.498166442353568,2.6033101175266777,5.258679291018988,-3.8724964441728,6.495002163203571,-3.8724964441728,-3.8724964441728,2.6511287113619204,-3.8724964441728,4.8185734981597825,2.8120693971033175,5.466202563140165,5.447753021390118,2.599792138255011,5.0348546863269545,4.397356831176828,0.4455289256296062,4.777376893433857,4.100745806025756,5.533010143878942,8.659048665174641,3.4392336107083494,7.545637068780219,4.611607264107566,-3.8724964441728,4.2853022162112415,-3.8724964441728,-3.8724964441728,-3.8724964441728,2.6967646613608904,2.772286497642612,-3.8724964441728,-3.8724964441728,-3.8724964441728,-3.8724964441728,6.1142493890001575,-3.8724964441728,1.6349507852170877,5.280684927642261,4.041862287017427,-3.8724964441728,5.336467094322371,7.9187522168586595,-3.8724964441728,-3.8724964441728,2.7076473761897653,-3.8724964441728,5.053764824510947,-3.8724964441728,-3.8724964441728,-3.8724964441728,2.2811760940607666,8.258700081837487,-3.8724964441728,5.4972830264677315,-3.8724964441728,-3.8724964441728,-3.8724964441728,-3.8724964441728,-3.8724964441728,2.8429395408498044,-3.8724964441728,-3.8724964441728,-3.8724964441728,-3.8724964441728,4.421497313107584,-3.8724964441728,-3.8724964441728,5.691938454421114,3.6745240066459193,-3.8724964441728,-3.8724964441728,-3.8724964441728,7.165201147387444,-3.8724964441728,-3.8724964441728,-3.8724964441728,-3.8724964441728,-0.13672938243397503,-3.8724964441728,-3.8724964441728,3.3719637338069575,6.65675610325907,-3.8724964441728,-3.8724964441728,-3.8724964441728,-3.8724964441728,-3.8724964441728,-3.8724964441728,-3.8724964441728
MET190,5.341909040623143,0.1628138165318056,3.404053883642744,3.465076193869357,-5.261065151793122,5.9118980385630024,2.361780749773673,4.899563380763091,1.6653145105254037,2.374557918408338,2.945148396017638,3.266827269737796,3.338857306365962,-5.261065151793122,1.363332773728084,2.2358953392092014,1.8166243769878845,3.6916045969313576,-5.261065151793122,4.268813049720147,4.2100235659146055,-5.261065151793122,3.98420226351024,1.6762983913369256,6.0184555368762975,5.781013285642063,1.3413652620583436,-5.261065151793122,4.612750709935764,2.803864077494816,3.7440475525940036,-5.261065151793122,-5.261065151793122,-5.261065151793122,3.1457263093805548,2.7572931840589368,1.7471183259055625,-5.261065151793122,-5.261065151793122,2.7894505345157725,5.349843897287098,-5.261065151793122,1.811345847672147,2.5554971550369423,5.168046466384743,-5.261065151793122,3.249308314544444,5.153003035361884,-5.261065151793122,3.39278596404944,2.9042865858454174,3.260756958653828,2.275886707053183,-5.261065151793122,2.200136554067649,-5.261065151793122,2.3305254678071163,6.456648227344743,2.540043064582723,-5.261065151793122,-5.261065151793122,-5.261065151793122,3.235536670707096,-5.261065151793122,-5.261065151793122,-0.24541225723123716,-5.261065151793122,-5.261065151793122,2.2047720934447472,-5.261065151793122,4.2371501136749785,2.6712546153599765,-5.261065151793122,4.403568209640835,5.637944515870425,0.17447431275123826,-5.261065151793122,-5.261065151793122,6.903217610551898,-5.261065151793122,-5.261065151793122,5.288573645693242,-5.261065151793122,-5.261065151793122,-5.261065151793122,-5.261065151793122,-0.33034234707676013,3.4544285234296614,-5.261065151793122,1.2194225695100966,-5.261065151793122,1.5981471499780744,3.1718161519338626,-5.261065151793122,-5.261065151793122
MET192,5.100001774139409,-4.161615340507957,3.5507881833627613,5.303490346862319,-4.161615340507957,7.736897795300508,3.7734952819651815,6.13057219139054,-4.161615340507957,5.096913727410949,-4.161615340507957,2.055992728015185,2.8348244112406897,1.4042645200146602,3.1087575661290527,-4.161615340507957,0.496217306695403,2.9615872561801853,4.109546802313809,7.077565690872605,-4.161615340507957,4.525108938541628,2.7643079701789643,-4.161615340507957,6.027947788034278,6.580373489819582,3.3971531546209945,6.236933114202857,5.388730940381359,4.767480727860861,2.743446027692916,-4.161615340507957,-4.161615340507957,-4.161615340507957,2.248142837338298,-4.161615340507957,-4.161615340507957,-4.161615340507957,-4.161615340507957,-4.161615340507957,3.420666572321635,-4.161615340507957,-4.161615340507957,3.197975200058228,3.771849961322186,-4.161615340507957,-4.161615340507957,6.513815291999967,-4.161615340507957,-4.161615340507957,4.991357376848915,-4.161615340507957,3.8366679249524687,-4.161615340507957,-4.161615340507957,-4.161615340507957,3.676593930620048,8.29456500711738,-4.161615340507957,5.351725934138433,-4.161615340507957,4.346885661617199,-4.161615340507957,-4.161615340507957,-4.161615340507957,-4.161615340507957,-4.161615340507957,-4.161615340507957,-4.161615340507957,3.061644869783942,5.598165062991314,4.689110703449427,-4.161615340507957,3.761994693308738,4.768102485632524,4.801298989533087,-4.161615340507957,4.1309064725902935,7.786119578248405,-4.161615340507957,3.2736372289073676,5.498927348212254,-4.161615340507957,-4.161615340507957,-4.161615340507957,-4.161615340507957,-4.161615340507957,-4.161615340507957,3.726600820669778,-4.161615340507957,-4.161615340507957,-4.161615340507957,-4.161615340507957,-4.161615340507957,-4.161615340507957
MET193,5.590553189163431,-4.155351457804482,3.1948669477249334,5.952929242957467,-4.155351457804482,6.862119080833089,3.4606076222337734,1.180151831862828,-4.155351457804482,5.341398354923727,-4.155351457804482,-4.155351457804482,2.874666776211976,-4.155351457804482,4.2877389289117405,-4.155351457804482,5.6478665182271515,3.6968979811981653,4.406649304340984,7.116443503124228,-4.155351457804482,2.5510723600328937,3.807311722568503,-4.155351457804482,6.119477194806152,5.919924202330629,3.5507473692609643,6.504097190901626,6.040451182551113,5.366132376924746,3.664196305516268,-4.155351457804482,-4.155351457804482,-4.155351457804482,-4.155351457804482,-4.155351457804482,3.3997506226254286,-4.155351457804482,-4.155351457804482,-4.155351457804482,5.540927220144308,-4.155351457804482,-4.155351457804482,-4.155351457804482,-4.155351457804482,-4.155351457804482,2.046229912601821,3.538165008136426,-4.155351457804482,5.899688511145278,4.767056670006279,-4.155351457804482,-4.155351457804482,-4.155351457804482,-4.155351457804482,-4.155351457804482,-4.155351457804482,8.259671272246793,1.7145567742427765,4.675270035066277,-4.155351457804482,2.888972114231093,-4.155351457804482,-4.155351457804482,-4.155351457804482,-4.155351457804482,-4.155351457804482,3.6108280921183846,-4.155351457804482,-4.155351457804482,7.1246595348113875,4.123612875680059,4.709833450743072,3.447439796818772,4.58436814040533,5.587934845253093,-4.155351457804482,-4.155351457804482,7.864346990632699,-4.155351457804482,5.8887101314160315,3.8233414097124863,-4.155351457804482,-4.155351457804482,4.561445237877994,2.967396315413618,-4.155351457804482,-4.155351457804482,3.6070687422879883,-4.155351457804482,-4.155351457804482,-4.155351457804482,-4.155351457804482,-4.155351457804482,-4.155351457804482
MET194,-4.390292227401924,-4.390292227401924,3.578375200850507,3.5396453545099584,-4.390292227401924,5.654916697665393,-0.0880585755874943,5.517458933615535,0.26550778591187374,3.573184555286389,-4.390292227401924,-4.390292227401924,-4.390292227401924,-4.390292227401924,3.8041814951177964,1.462610489197023,-4.390292227401924,3.3967452957329245,1.8451902360012387,5.8226402354855935,-4.390292227401924,5.156996486896217,-4.390292227401924,-4.390292227401924,5.171686371577459,6.041435852595956,3.1429756216516553,5.582026733063026,5.130019089336189,4.427412703327195,0.6473524010241434,-4.390292227401924,-4.390292227401924,-4.390292227401924,1.7305914005157836,3.4413741462024667,2.6979989496221126,-4.390292227401924,2.7025444521435684,-4.390292227401924,4.403758514642098,-4.390292227401924,-4.390292227401924,1.4165863868241235,5.469477485191755,-4.390292227401924,3.614413100299463,5.122541676081254,-4.390292227401924,-4.390292227401924,2.4152792799067493,3.5841304829227267,3.6241843791361408,-4.390292227401924,-4.390292227401924,-4.390292227401924,5.509421563814465,7.805537552261255,4.148862337893204,-4.390292227401924,-4.390292227401924,1.909581585369911,-4.390292227401924,-4.390292227401924,-4.390292227401924,2.8436905116257467,-4.390292227401924,-4.390292227401924,-4.390292227401924,2.0161682647472814,5.009988382106372,2.7562540321961047,3.332472118204036,4.2435721445272625,4.466766433647857,6.508521048181855,-4.390292227401924,3.230559506544294,8.334225768662206,-4.390292227401924,-4.390292227401924,6.739150701085141,-4.390292227401924,-4.390292227401924,-4.390292227401924,4.74805084639675,-4.390292227401924,-4.390292227401924,4.391950854582582,-4.390292227401924,-4.390292227401924,-4.390292227401924,-4.390292227401924,5.673193364492846,-4.390292227401924
MET196,6.306514897148766,-4.0711314434027095,-0.03939712641557058,3.127083479313117,-4.0711314434027095,6.808584660138571,3.613396634913416,-4.0711314434027095,-4.0711314434027095,3.294871933839551,-4.0711314434027095,-4.0711314434027095,4.588232693588442,-4.0711314434027095,-4.0711314434027095,-4.0711314434027095,6.468059780190924,-4.0711314434027095,5.4790398818623185,7.851022503471922,0.6466859649810068,1.2293607857424949,6.242186490982732,5.053807229157459,5.647829134074207,7.460842941086927,3.5442296434383405,4.131893411372155,2.909153583698992,2.592715542801572,3.8344701662787326,-4.0711314434027095,-4.0711314434027095,-4.0711314434027095,1.7864671669016454,3.0365947926183017,-4.0711314434027095,-4.0711314434027095,-4.0711314434027095,-4.0711314434027095,3.703191918203556,-4.0711314434027095,0.5157458484520454,3.011159203458541,3.905419079524691,-4.0711314434027095,-4.0711314434027095,4.996181336196822,-4.0711314434027095,5.155236774154462,-4.0711314434027095,-4.0711314434027095,-4.0711314434027095,2.105697555718163,3.373654383524273,-4.0711314434027095,-4.0711314434027095,4.4718568121131925,-4.0711314434027095,-4.0711314434027095,0.4987725971311434,-4.0711314434027095,-4.0711314434027095,-4.0711314434027095,4.271607340417096,6.168929461255701,-4.0711314434027095,-4.0711314434027095,-4.0711314434027095,-4.0711314434027095,1.501112622902511,-4.0711314434027095,-4.0711314434027095,4.31854347286272,6.233566480437822,2.0740988842645454,-4.0711314434027095,-4.0711314434027095,8.656518922701428,-4.0711314434027095,-4.0711314434027095,6.841882637485622,5.729166291097132,-4.0711314434027095,3.200127749727166,4.254667527819896,5.5356877068136745,-4.0711314434027095,-4.0711314434027095,1.4362254130459409,-4.0711314434027095,-4.0711314434027095,2.562473793954844,-4.0711314434027095,1.2080078354782362
MET197,10.112030986053767,-1.5873852555893446,-1.5873852555893446,-1.5873852555893446,-1.5873852555893446,-1.5873852555893446,-1.5873852555893446,-1.5873852555893446,-1.5873852555893446,-1.5873852555893446,-1.5873852555893446,-1.5873852555893446,-1.5873852555893446,-1.5873852555893446,-1.5873852555893446,-1.5873852555893446,6.7900909248024695,-1.5873852555893446,-1.5873852555893446,9.10843784638969,-1.5873852555893446,-1.5873852555893446,5.350296806575562,-1.5873852555893446,-1.5873852555893446,6.580438690807585,-1.5873852555893446,-1.5873852555893446,8.218686132167107,-1.5873852555893446,7.62213368314189,4.453438785023538,-1.5873852555893446,-1.5873852555893446,-1.5873852555893446,-1.5873852555893446,-1.5873852555893446,-1.5873852555893446,7.314830624823688,-1.5873852555893446,4.721855430135092,-1.5873852555893446,-1.5873852555893446,-1.5873852555893446,-1.5873852555893446,-1.5873852555893446,-1.5873852555893446,6.943490652021449,-1.5873852555893446,5.778172887443593,-1.5873852555893446,-1.5873852555893446,-1.5873852555893446,-1.5873852555893446,-1.5873852555893446,-1.5873852555893446,-1.5873852555893446,-1.5873852555893446,-1.5873852555893446,-1.5873852555893446,-1.5873852555893446,-1.5873852555893446,-1.5873852555893446,-1.5873852555893446,-1.5873852555893446,4.654617350966099,-1.5873852555893446,-1.5873852555893446,-1.5873852555893446,-1.5873852555893446,-1.5873852555893446,-1.5873852555893446,-1.5873852555893446,-1.5873852555893446,5.352558685977904,-1.5873852555893446,-1.5873852555893446,-1.5873852555893446,11.973792058220202,-1.5873852555893446,-1.5873852555893446,-1.5873852555893446,-1.5873852555893446,-1.5873852555893446,-1.5873852555893446,-1.5873852555893446,6.630369240606191,-1.5873852555893446,-1.5873852555893446,-1.5873852555893446,-1.5873852555893446,-1.5873852555893446,4.511291971871548,6.1121319233500015,-1.5873852555893446
MET198,9.729224920512287,-2.288427167740613,-2.288427167740613,-2.288427167740613,-2.288427167740613,-2.288427167740613,-2.288427167740613,-2.288427167740613,-2.288427167740613,-2.288427167740613,-2.288427167740613,-2.288427167740613,-2.288427167740613,-2.288427167740613,-2.288427167740613,-2.288427167740613,2.932517713007826,-2.288427167740613,7.094636833435417,10.345166422862478,-2.288427167740613,-2.288427167740613,8.614079404839643,-2.288427167740613,-2.288427167740613,9.95394481226786,-2.288427167740613,-2.288427167740613,7.5190129444498,-2.288427167740613,6.415411689032925,-2.288427167740613,-2.288427167740613,-2.288427167740613,-2.288427167740613,4.088161081704526,-2.288427167740613,-2.288427167740613,-2.288427167740613,-2.288427167740613,5.162095285586321,-2.288427167740613,-2.288427167740613,4.119285623758064,-2.288427167740613,-2.288427167740613,4.525222528774641,6.709206584710098,-2.288427167740613,5.63790233378699,8.291134752932907,-2.288427167740613,5.158126951128583,-2.288427167740613,-2.288427167740613,-2.288427167740613,-2.288427167740613,-2.288427167740613,-2.288427167740613,-2.288427167740613,-2.288427167740613,5.197003081602392,-2.288427167740613,-2.288427167740613,-2.288427167740613,4.619658944694082,-2.288427167740613,-2.288427167740613,-2.288427167740613,-2.288427167740613,-2.288427167740613,-2.288427167740613,-2.288427167740613,-2.288427167740613,8.228894173567916,-2.288427167740613,-2.288427167740613,-2.288427167740613,9.382337931455083,-2.288427167740613,-2.288427167740613,6.287189621354262,5.532784921225367,-2.288427167740613,-2.288427167740613,-2.288427167740613,6.687657528378324,-2.288427167740613,-2.288427167740613,-2.288427167740613,-2.288427167740613,-2.288427167740613,3.128900782771039,-2.288427167740613,4.830344874002742
MET2,-1.5989330414167373,-1.5989330414167373,-1.5989330414167373,-1.5989330414167373,-1.5989330414167373,8.45470593894354,-1.5989330414167373,-1.5989330414167373,-1.5989330414167373,-1.5989330414167373,-1.5989330414167373,-1.5989330414167373,-1.5989330414167373,-1.5989330414167373,-1.5989330414167373,-1.5989330414167373,5.7513280472760995,-1.5989330414167373,-1.5989330414167373,-1.5989330414167373,-1.5989330414167373,-1.5989330414167373,-1.5989330414167373,-1.5989330414167373,8.359900492804096,-1.5989330414167373,-1.5989330414167373,-1.5989330414167373,9.985444526881182,9.523591477820247,10.08496970883078,-1.5989330414167373,-1.5989330414167373,-1.5989330414167373,8.0524409167585,-1.5989330414167373,-1.5989330414167373,-1.5989330414167373,-1.5989330414167373,-1.5989330414167373,10.911271170328193,-1.5989330414167373,-1.5989330414167373,-1.5989330414167373,-1.5989330414167373,-1.5989330414167373,-1.5989330414167373,-1.5989330414167373,-1.5989330414167373,8.10645551111449,-1.5989330414167373,-1.5989330414167373,-1.5989330414167373,-1.5989330414167373,-1.5989330414167373,-1.5989330414167373,-1.5989330414167373,10.952426005553283,-1.5989330414167373,-1.5989330414167373,-1.5989330414167373,9.092693526391134,-1.5989330414167373,-1.5989330414167373,-1.5989330414167373,-1.5989330414167373,-1.5989330414167373,-1.5989330414167373,-1.5989330414167373,6.93446854393333,-1.5989330414167373,8.141585180640828,-1.5989330414167373,-1.5989330414167373,-1.5989330414167373,-1.5989330414167373,-1.5989330414167373,-1.5989330414167373,-1.5989330414167373,-1.5989330414167373,-1.5989330414167373,6.8863234344620405,-1.5989330414167373,-1.5989330414167373,-1.5989330414167373,-1.5989330414167373,-1.5989330414167373,-1.5989330414167373,-1.5989330414167373,-1.5989330414167373,-1.5989330414167373,-1.5989330414167373,6.6770388315988995,-1.5989330414167373,-1.5989330414167373
MET20,-4.885650235147086,-4.885650235147086,2.0506533912735074,3.526851727072242,-4.885650235147086,5.836707613135577,2.833005790830815,1.7088960732207044,-4.885650235147086,4.47943976088269,-4.885650235147086,-4.885650235147086,6.826796455430189,6.434928494808647,-4.885650235147086,4.356583472967786,-4.885650235147086,4.948096027232222,2.5513703872374984,-4.885650235147086,-4.885650235147086,2.3522917541976947,5.0693926780622025,5.281677441018093,7.023113976683371,4.301928961520723,1.5005402020667002,5.549063352661811,-4.885650235147086,3.3483707887618746,2.6946666315193326,1.4797146871792197,1.8385495745588747,-4.885650235147086,0.7604712719534046,-4.885650235147086,2.643802085718243,-1.1301081993425992,-4.885650235147086,-4.885650235147086,2.2236476334074444,-4.885650235147086,3.792559957316783,-4.885650235147086,3.7097647889333603,4.932648067811059,-4.885650235147086,3.7528791019618035,-4.885650235147086,2.7253602687289105,3.4799177264665264,1.723176360403067,-4.885650235147086,4.470959265692129,-4.885650235147086,1.9288567966152481,4.38145046628614,6.239971782696243,-4.885650235147086,3.046822781972547,0.11776065498556676,4.20944775312584,2.465024141469658,-4.885650235147086,-4.885650235147086,2.789235812330517,-4.885650235147086,-4.885650235147086,-4.885650235147086,-4.885650235147086,4.82142657139325,3.7171055854860393,-4.885650235147086,4.836490813315206,5.586129708504275,-4.885650235147086,5.173993865149466,-4.885650235147086,-4.885650235147086,-4.885650235147086,6.528393812461173,2.3441921158284345,3.6583887095592926,3.768023933697873,5.891141636902736,5.798718447022962,-4.885650235147086,-4.885650235147086,3.9313666808552847,-4.885650235147086,-4.885650235147086,-4.885650235147086,-4.885650235147086,-4.885650235147086,-4.885650235147086
MET200,5.688885024944046,-3.625067817907544,-3.625067817907544,-3.625067817907544,-3.625067817907544,7.516457740375058,3.6273762371669207,2.7746932559259214,2.8593647438611027,6.02332868781294,-3.625067817907544,4.130415641997315,6.155153232646891,7.454831624006937,4.56068334961163,2.401751752996674,8.152768189313857,-3.625067817907544,-3.625067817907544,4.131008819045271,2.9673674556999723,4.877635191884349,5.539161443566779,3.965714652834235,8.000709925883779,6.923011721893145,4.528683162757498,7.4656257338308905,-3.625067817907544,-3.625067817907544,-3.625067817907544,-3.625067817907544,-3.625067817907544,-3.625067817907544,4.167730921082603,-3.625067817907544,-3.625067817907544,-3.625067817907544,-3.625067817907544,-3.625067817907544,3.816425798008921,-3.625067817907544,-3.625067817907544,-3.625067817907544,5.866684212986952,-3.625067817907544,-3.625067817907544,5.258282165021563,-3.625067817907544,8.397445230032053,6.213787829865264,-3.625067817907544,-3.625067817907544,-3.625067817907544,5.182298652103735,-3.625067817907544,-3.625067817907544,7.265559568807987,3.411160155889192,4.616165936020722,4.895293278245321,-3.625067817907544,-3.625067817907544,-3.625067817907544,-3.625067817907544,-3.625067817907544,-3.625067817907544,-3.625067817907544,-3.625067817907544,-3.625067817907544,4.293463526529185,-3.625067817907544,-3.625067817907544,-3.625067817907544,2.6017263404642375,5.6872699410306655,-3.625067817907544,-3.625067817907544,8.009808056039585,-3.625067817907544,-3.625067817907544,-3.625067817907544,-3.625067817907544,5.3244959506173295,-3.625067817907544,6.6397029339502165,-3.625067817907544,1.61186971807032,-3.625067817907544,-3.625067817907544,-3.625067817907544,-3.625067817907544,-3.625067817907544,-3.625067817907544,-3.625067817907544
MET201,1.62293357604619,2.913451868698626,4.187864351447993,0.9146960814896925,-4.083475791919151,6.090593740162471,2.8464256164518433,5.680229274233828,3.910944208735608,5.077968617493472,-4.083475791919151,5.1307801899476155,-4.083475791919151,3.605879191631592,0.7938814301130712,1.8348257210975936,-4.083475791919151,-4.083475791919151,-4.083475791919151,6.798411796779378,-4.083475791919151,3.2851077519878578,4.056805019959569,-4.083475791919151,5.875214636343106,6.203179173025666,3.6840963749970452,6.852936838146633,2.753633033596129,2.0030788552637535,1.4402092616920772,-4.083475791919151,-4.083475791919151,3.110478327196036,4.7115795877131905,-4.083475791919151,-4.083475791919151,-4.083475791919151,-4.083475791919151,-4.083475791919151,4.117141017602052,-4.083475791919151,-4.083475791919151,-4.083475791919151,4.773615794271494,-4.083475791919151,2.634429239550535,5.182537913263451,-4.083475791919151,-4.083475791919151,5.653083558299102,-0.7949119253124408,3.8359719853836776,-4.083475791919151,5.962617211399223,-4.083475791919151,4.257066970540371,7.7558716960040135,3.9669892474882316,3.2018753364803576,3.9939830766036843,-4.083475791919151,-4.083475791919151,-4.083475791919151,-4.083475791919151,-4.083475791919151,-4.083475791919151,-4.083475791919151,-4.083475791919151,-4.083475791919151,3.482937137803673,-4.083475791919151,-4.083475791919151,-4.083475791919151,3.442480406582895,6.058027408777882,-4.083475791919151,-4.083475791919151,8.503520106777485,-4.083475791919151,7.514704460657779,-4.083475791919151,-4.083475791919151,7.250541946483264,-4.083475791919151,5.5697409665155115,-4.083475791919151,3.714170997725997,-4.083475791919151,0.5452389349699214,-4.083475791919151,-4.083475791919151,-4.083475791919151,-4.083475791919151,-4.083475791919151
MET202,1.8230790817574043,-3.709061314575015,2.150658993918129,3.177080925863552,-3.709061314575015,8.541295604083253,3.7181740417046543,3.193818716003876,-3.709061314575015,6.2740695938980515,-3.709061314575015,4.482790202948015,-3.709061314575015,7.095895518955164,3.292330828969135,-0.14500468380481202,3.581158556411422,-3.709061314575015,2.46740002768538,7.94937254234266,-3.709061314575015,5.790583248258239,4.610777976770751,2.6795073258757682,8.11992455964516,5.845947607545625,2.0188278025755633,8.764770700062877,-3.709061314575015,3.6302773376115685,-3.709061314575015,-3.709061314575015,-3.709061314575015,-3.709061314575015,3.77307147623105,-3.709061314575015,3.708808926216098,2.220628919556585,-3.709061314575015,-3.709061314575015,4.857737923267217,-3.709061314575015,-3.709061314575015,-3.709061314575015,3.50103425056093,-3.709061314575015,-3.709061314575015,4.83141897291603,-3.709061314575015,-3.709061314575015,5.017064425062104,-3.709061314575015,-3.709061314575015,-3.709061314575015,6.499890177954187,-3.709061314575015,-3.709061314575015,5.0544365424623665,3.9994358347697814,6.363179982617613,-3.709061314575015,-3.709061314575015,2.398885454488765,-3.709061314575015,-3.709061314575015,-3.709061314575015,-3.709061314575015,-3.709061314575015,-3.709061314575015,-3.709061314575015,5.1531112671908765,-3.709061314575015,-3.709061314575015,-3.709061314575015,3.4901760767679653,6.895833575112238,-3.709061314575015,-3.709061314575015,5.448456225371708,-3.709061314575015,4.508663860861741,-3.709061314575015,-3.709061314575015,3.4193758293463503,-3.709061314575015,5.7267640699982865,-3.709061314575015,2.648788186458275,-3.709061314575015,4.291689871608097,-3.709061314575015,-3.709061314575015,-3.709061314575015,-3.709061314575015,-3.709061314575015
MET205,6.059365822160333,1.9707499968277942,-5.016744542607334,1.7292430079187522,1.143490695312928,6.0164941722356495,2.9778895210950758,2.8278478720238613,1.8919760097812626,6.0843791005093655,4.398805101771929,-5.016744542607334,3.6269937752299333,4.235682311609799,-5.016744542607334,0.7385891299165319,1.8524366333287965,1.2487384643087296,4.561357371828756,5.68573496560264,1.4345764431102843,4.488604155583005,4.416183657815842,0.8505103809932884,5.964178027559395,6.371210030453723,-5.016744542607334,6.901262550357723,5.759864917564995,3.701488073482132,4.5909107114566154,-5.016744542607334,-5.016744542607334,3.291289963686107,3.128104552972765,-5.016744542607334,3.2103001572150385,1.3509801828722523,-5.016744542607334,-5.016744542607334,4.988400517190588,-5.016744542607334,3.6587465927738805,4.332249595113836,3.2661257910204755,-5.016744542607334,-5.016744542607334,-5.016744542607334,-5.016744542607334,-5.016744542607334,4.417181233126084,-5.016744542607334,2.6614418658348376,4.965830831431454,-5.016744542607334,-5.016744542607334,2.9620835069181783,6.307940322187116,3.4630529063858244,-5.016744542607334,1.5846041457029303,-5.016744542607334,-5.016744542607334,-5.016744542607334,-5.016744542607334,1.0211316916295718,-5.016744542607334,-5.016744542607334,1.930347474920847,-5.016744542607334,3.831638409847362,-5.016744542607334,2.5559110355283723,4.227954339596707,4.651957926429036,4.350773281178884,-5.016744542607334,-5.016744542607334,-5.016744542607334,-5.016744542607334,4.6221240725384325,3.732197009903894,-5.016744542607334,3.3705708951079902,5.88703463379621,-5.016744542607334,-5.016744542607334,-5.016744542607334,-5.016744542607334,-5.016744542607334,-5.016744542607334,2.1812116277645686,3.1900342417802294,-5.016744542607334,-5.016744542607334
MET206,6.346851257488382,0.42550452320991283,2.754073160473883,1.2878707820287794,-5.079896004909521,5.677529156584136,2.687781303793475,3.3694086588768926,-5.079896004909521,4.378425802073602,2.407137184878083,0.44486950804088643,3.949194295869228,3.2095070556183662,-5.079896004909521,-5.079896004909521,-5.079896004909521,-0.5052154264120059,1.3725964088473086,6.587715467503936,4.259704189588986,3.191381318575183,4.025704497354911,0.4783965867580573,5.633879972786194,5.337213702418715,-5.079896004909521,5.90586691443198,-0.489903778441489,3.9733875374400727,4.625546677394404,3.2512347053339283,-5.079896004909521,1.4993771176945545,3.118171728837403,2.582894963613306,2.2544564367060564,-5.079896004909521,-5.079896004909521,-0.4769635618964827,5.071646581938145,-5.079896004909521,-5.079896004909521,2.820846873965812,3.997693131918818,-5.079896004909521,2.538987398035051,-5.079896004909521,-5.079896004909521,-5.079896004909521,3.7185821102904324,2.531451866947708,3.4852617540724244,6.015685944233297,-5.079896004909521,-5.079896004909521,2.02932845425278,6.646742441505081,4.382388862446054,4.355755054372738,0.07032220385784704,-5.079896004909521,-5.079896004909521,-5.079896004909521,-5.079896004909521,-5.079896004909521,-5.079896004909521,-5.079896004909521,0.8643914347914077,-5.079896004909521,3.774428577817879,-5.079896004909521,-5.079896004909521,1.494614746443042,3.5722368653753396,5.7942817477495385,-5.079896004909521,0.14321836934758103,2.797973722610833,-5.079896004909521,6.052244967244551,2.0283666512594634,-5.079896004909521,3.713907303886267,5.925809004138914,-5.079896004909521,-5.079896004909521,-5.079896004909521,-5.079896004909521,-5.079896004909521,1.7491444622647752,3.841506481500441,4.975737021914874,-5.079896004909521,-5.079896004909521
MET207,6.4933315912153695,-4.753743194521764,1.0866246656165979,1.0717242071594866,-4.753743194521764,6.163580520766381,4.203427229493133,3.2075336525495732,-4.753743194521764,6.204040424447515,2.193806336179426,-4.753743194521764,4.632790915931624,5.124521101570831,-4.753743194521764,-4.753743194521764,-4.753743194521764,0.23153327015069003,4.214395649813737,5.572053050736843,1.73973023175314,3.0098319098614397,5.813929923657939,-4.753743194521764,5.77008899933183,5.837125508884855,-4.753743194521764,7.673235227835243,3.9318430947016774,4.455008231322951,5.911439745989975,4.2985271390271285,-4.753743194521764,2.0290104362620083,-4.753743194521764,-4.753743194521764,2.9686498161331896,-4.753743194521764,-4.753743194521764,-4.753743194521764,5.044098617827856,-4.753743194521764,0.919314916265904,-4.753743194521764,4.871930927154559,-4.753743194521764,1.1121778764877757,2.743456467436551,-4.753743194521764,-4.753743194521764,5.011466881112917,1.597026590322371,4.674826152849972,6.297586596736439,-4.753743194521764,-4.753743194521764,-4.753743194521764,5.3339021352475235,3.6701429825163903,4.042898858567662,-4.753743194521764,-4.753743194521764,-4.753743194521764,-4.753743194521764,-4.753743194521764,-0.11344678828743149,-4.753743194521764,-4.753743194521764,0.3992444295422679,-4.753743194521764,3.5122632230189357,-4.753743194521764,2.556879798786839,1.2440520739781347,4.769053489942738,2.55167223173368,-4.753743194521764,-4.753743194521764,3.752921165457984,-4.753743194521764,3.7479399174971846,2.4977478052861812,-4.753743194521764,4.766382904217809,5.571969690418543,-4.753743194521764,-4.753743194521764,-4.753743194521764,-4.753743194521764,1.455539806326227,3.2802538413397686,5.040346388572819,5.467782309163464,-4.753743194521764,-4.753743194521764
MET209,3.7280799124144606,-5.4066854289813815,1.4787064611336076,6.63527929020329,2.6602360578017086,6.444094965197427,2.938060715608655,1.0959169135263638,-5.4066854289813815,-5.4066854289813815,4.966074036992174,-5.4066854289813815,3.4053694001704313,2.52017288085241,3.770947955479789,2.407547086459587,-5.4066854289813815,3.1359101136771343,3.7072794748393196,1.3459726321086798,-5.4066854289813815,3.7877173705569342,-5.4066854289813815,-5.4066854289813815,6.001121121099457,5.319204949866574,-0.6510173485113135,5.467226645294587,1.8954514366773996,3.24647846005457,2.996374723101857,3.5304149173173123,1.4214576392197626,-5.4066854289813815,-5.4066854289813815,4.313646255493633,3.109399666146447,3.855387558873554,-5.4066854289813815,2.271029591494437,3.065983489449194,-5.4066854289813815,2.551490451030981,-5.4066854289813815,2.0413291980530444,-5.4066854289813815,2.2470109232569726,2.8712252070971713,-5.4066854289813815,1.7579739998379447,4.897193265834858,0.3988767458856035,-5.4066854289813815,-5.4066854289813815,3.7897718437523675,-5.4066854289813815,2.405170553792364,6.124757174571274,2.8768770129269328,2.0442412948441957,-5.4066854289813815,2.380592704990277,0.8084626918286295,-5.4066854289813815,-5.4066854289813815,-0.6651593299260377,-5.4066854289813815,4.126126828915667,-5.4066854289813815,3.052236368401992,4.819426960135305,4.659222353122092,-5.4066854289813815,5.402899936316375,3.5329145369122683,-5.4066854289813815,2.7978468492023225,1.6897995510549846,2.659416306936836,-5.4066854289813815,-5.4066854289813815,1.8894180980020794,2.516907692502283,1.6281054298750668,-5.4066854289813815,5.124450164608195,-5.4066854289813815,1.2593446035301943,-5.4066854289813815,0.17057519943746158,2.099275596037404,-5.4066854289813815,-5.4066854289813815,-5.4066854289813815,-5.4066854289813815
MET21,-4.922389749162694,1.759725392405362,2.7334561228724725,2.2415136677489365,-4.922389749162694,5.397038222281694,3.322691712270748,4.876255653126531,1.7114587075246321,5.9792430687840525,-4.922389749162694,-4.922389749162694,7.599147719321032,4.161699673024375,-4.922389749162694,6.185101853856119,4.874444092240504,6.397434445005734,3.765166319930816,-4.922389749162694,-4.922389749162694,-4.922389749162694,5.642107639764521,5.315337755345981,6.197433871496875,4.908594992313867,4.7363843038103886,1.5936552907349224,-4.922389749162694,-4.922389749162694,4.140410129662604,2.974668748150438,2.206913114103208,-4.922389749162694,0.6701090360238613,2.8698137936612733,1.9164375810586156,-4.922389749162694,-4.922389749162694,0.9587626760914398,3.6898402738873486,-4.922389749162694,4.8982307625518064,1.019357319525982,3.229583718332198,-4.922389749162694,1.0492435518052305,4.010394479911438,-4.922389749162694,3.9226604254992337,3.897930925025073,1.879529676738449,1.5637326311428206,1.4277903024921628,-4.922389749162694,-4.922389749162694,3.6678769714910295,6.6645282780305735,-4.922389749162694,3.1242944784023097,3.713130548403119,3.0115928710468767,-4.922389749162694,-4.922389749162694,-4.922389749162694,2.480105608224915,-4.922389749162694,2.7511431549276013,-4.922389749162694,-4.922389749162694,4.157424314642105,3.6082334683226067,-4.922389749162694,5.091969965191925,2.3923167745243994,-4.922389749162694,2.124341285516522,-4.922389749162694,-4.922389749162694,-4.922389749162694,3.750932881054192,-4.922389749162694,3.6742770797864495,3.3242464728501195,-4.922389749162694,-4.922389749162694,-4.922389749162694,3.493655775282768,4.142220389286551,-4.922389749162694,-4.922389749162694,-4.922389749162694,-4.922389749162694,-4.922389749162694,-4.922389749162694
MET210,-3.515727295636342,-3.515727295636342,-3.515727295636342,7.936299785998283,3.67168868598273,8.347590914603947,6.464548987959432,-3.515727295636342,-3.515727295636342,6.214588654127331,6.434769233187271,-3.515727295636342,4.354596061434996,2.4728020011688248,-3.515727295636342,3.22132905045254,-3.515727295636342,4.388904647130498,6.195475524070835,-3.515727295636342,5.076414737325727,6.351414072825983,-3.515727295636342,-3.515727295636342,7.650653011082541,6.879323728913597,-3.515727295636342,7.658725947760759,-3.515727295636342,-3.515727295636342,-3.515727295636342,-3.515727295636342,-3.515727295636342,-3.515727295636342,-3.515727295636342,3.6026046521698216,3.9896518726023977,5.168131625222479,-3.515727295636342,-3.515727295636342,5.2154423975808895,-3.515727295636342,4.453393872889178,-3.515727295636342,-3.515727295636342,-3.515727295636342,-3.515727295636342,-3.515727295636342,-3.515727295636342,4.146409898176832,-3.515727295636342,-3.515727295636342,-3.515727295636342,7.911951432917345,8.247081500003034,-3.515727295636342,-3.515727295636342,8.197344652197984,-3.515727295636342,-3.515727295636342,-3.515727295636342,-3.515727295636342,-3.515727295636342,-3.515727295636342,-3.515727295636342,-3.515727295636342,-3.515727295636342,3.846836868606605,-3.515727295636342,-3.515727295636342,6.956099332087936,4.596152831381177,-3.515727295636342,6.601878574429796,4.856654663536522,-3.515727295636342,4.617476469332256,2.888952688512128,-3.515727295636342,-3.515727295636342,-3.515727295636342,3.6919606868250083,6.105286995987216,5.185104518623227,-3.515727295636342,6.431662247309754,-3.515727295636342,3.8829803224900017,-3.515727295636342,-3.515727295636342,-3.515727295636342,-3.515727295636342,-3.515727295636342,-3.515727295636342,-3.515727295636342
MET211,1.0067939456916202,-5.150070269428859,3.4113821233998287,5.4704314838187,2.5327100048254465,6.277898547738047,2.3264832224115093,3.0920233601658156,-5.150070269428859,4.878566799440646,3.349456609844081,-5.150070269428859,0.36016813270719084,5.34334180875868,2.445780576389625,2.979236745984357,-5.150070269428859,3.3077635679288493,4.657904072415255,4.871020105690976,4.739475841996924,4.2575325888376785,-5.150070269428859,-5.150070269428859,6.019357691619065,6.824644144847504,2.1754417212603334,6.389888725242819,-0.05297956686771599,2.44844818269579,-5.150070269428859,-5.150070269428859,-5.150070269428859,-5.150070269428859,2.842833502144906,3.767897946526583,2.2076794553118004,1.5830608693583184,-5.150070269428859,2.34455718223223,3.9885107730467135,-5.150070269428859,2.355141527569539,1.862531279815487,3.693815615215615,-5.150070269428859,0.6748531687919455,4.196434056154241,-5.150070269428859,-5.150070269428859,2.858725286386009,-0.32637556210816854,0.9860827059835469,-5.150070269428859,3.947082960933858,-5.150070269428859,-5.150070269428859,5.9201576520177515,-5.150070269428859,2.1589245613825403,-5.150070269428859,3.1229227614180592,-5.150070269428859,-5.150070269428859,-5.150070269428859,-0.03175563052272423,-5.150070269428859,4.485186166598751,-5.150070269428859,-5.150070269428859,5.606406866279214,2.48614429315323,-5.150070269428859,5.316363584790019,3.8532032041296445,-5.150070269428859,3.801670652488381,-5.150070269428859,5.15139279867942,-5.150070269428859,-5.150070269428859,5.845076432158155,-5.150070269428859,4.6574536638693775,4.474782645214892,-5.150070269428859,-5.150070269428859,-0.19075377135830607,2.326663783162166,2.318081288029293,1.5774752602080664,-5.150070269428859,1.5776025529639508,-5.150070269428859,-5.150070269428859
MET213,3.749118941508904,-5.133781358959755,0.5513274210610568,1.0212007781281978,4.746189281086659,6.452707817662786,4.439166817833856,-0.04383043341394277,-5.133781358959755,4.57263815412274,5.133773778786981,-5.133781358959755,4.436611960182058,-1.792961994080521,2.741442917802769,3.046494521278291,4.204545112069003,-5.133781358959755,4.969054255357814,-5.133781358959755,-5.133781358959755,3.5456264103241653,2.5855892218420076,0.5371561242141105,5.50766163537884,5.649550222689763,1.6334693490758427,5.653300997875888,3.4501042257081584,3.180904518623006,1.826488993895465,-5.133781358959755,3.1009287222716644,-5.133781358959755,2.0136368203167754,-5.133781358959755,4.114681709556317,2.2757128644608056,1.5611813571526865,2.426716890877736,3.380446197975152,-5.133781358959755,3.5850695458029476,0.4829036272410292,1.9071767309320986,2.730120393192217,0.2976133738770965,2.113835516612917,-5.133781358959755,-5.133781358959755,2.45206212819423,1.9090788788645856,-5.133781358959755,5.2241124077737275,1.5335070257438028,-5.133781358959755,1.9156630990297137,4.663404428359575,3.8915323106357196,-5.133781358959755,-5.133781358959755,2.6717965099586065,0.6170161828584337,-5.133781358959755,-5.133781358959755,0.7243626289651441,-5.133781358959755,-5.133781358959755,0.06543567355175739,1.7906695995915918,4.317249313339032,1.3856960920884838,3.371492438324899,5.473732048284702,6.41119824508003,-5.133781358959755,-5.133781358959755,-5.133781358959755,7.520053798845822,-5.133781358959755,-5.133781358959755,-5.133781358959755,-5.133781358959755,-5.133781358959755,3.3582814968235706,3.63995666150657,-0.5038105152832895,-5.133781358959755,-0.37682476283137945,0.705545735642418,-5.133781358959755,-5.133781358959755,-5.133781358959755,-5.133781358959755,-5.133781358959755
MET214,6.217951970958907,0.5085198678604606,2.2986656718538248,2.5534632675642683,2.8692353690624026,7.272194410691961,2.317376900905992,-4.507437692066624,0.5482790746162145,5.526073652441079,-4.507437692066624,-4.507437692066624,5.056461875746913,-4.507437692066624,5.8713521361523995,-0.679631387076391,-4.507437692066624,2.757921414208501,6.153458783656383,-4.507437692066624,-4.507437692066624,0.7650674599838698,4.8415825191000375,2.435764461488117,5.978618702493783,6.450113413673069,2.7506910073941144,5.700645750526929,4.677446792090324,3.955833003422252,2.4256673811260683,-4.507437692066624,3.924567386638917,-4.507437692066624,0.4581743659651991,2.802466753444251,4.404248905105111,2.7375277357121304,1.8297770161675695,-4.507437692066624,4.09080924307034,-4.507437692066624,3.6615858696813577,2.012341580953553,3.7915911025674633,-4.507437692066624,1.3743218300232574,4.397077326790029,-4.507437692066624,-4.507437692066624,-4.507437692066624,2.294976429597381,-4.507437692066624,6.508206111622943,-4.507437692066624,-4.507437692066624,1.413078188354099,6.233143168096776,-4.507437692066624,-4.507437692066624,1.7715383210179754,3.6942724083691854,2.4896936578809825,-4.507437692066624,-4.507437692066624,-4.507437692066624,-4.507437692066624,-4.507437692066624,-4.507437692066624,-4.507437692066624,4.325172887758037,2.090504937849105,0.2729029179170652,6.036286977145166,6.663784342874159,-4.507437692066624,-4.507437692066624,-4.507437692066624,8.02283588306532,-4.507437692066624,3.2671903200587282,-4.507437692066624,-4.507437692066624,3.8812010058919837,-4.507437692066624,-4.507437692066624,-4.507437692066624,-4.507437692066624,3.952497838259454,1.657855054978529,-4.507437692066624,-4.507437692066624,-4.507437692066624,-4.507437692066624,-4.507437692066624
MET215,6.1176110522317915,1.8304857927660443,3.31070466125455,1.691408795939922,1.937667831386042,6.427595941113758,1.89217061677296,2.7544648710496524,3.2009011022202554,4.606243408991246,-1.0250647747370554,-4.4618341099416465,4.110778282642656,-4.4618341099416465,4.204063768707951,1.0491151471070452,-4.4618341099416465,0.8337924656738842,4.231303898510714,-4.4618341099416465,-4.4618341099416465,-4.4618341099416465,2.8321108225643643,1.1435441406213673,5.328686176035457,4.664518646669656,3.2085985537767145,5.805837267042444,4.235045697022449,4.594530507999376,4.08897028600129,-4.4618341099416465,2.0942574327314576,-4.4618341099416465,-4.4618341099416465,4.393817493492158,2.561260684096262,-4.4618341099416465,4.225809806836404,0.26047006570933817,4.78461514402869,-4.4618341099416465,3.007246107530399,2.3966721758146123,4.690177554754946,-4.4618341099416465,2.083045186706073,5.149888432102777,-4.4618341099416465,-4.4618341099416465,1.5447442208106281,3.2047320790626257,0.775565787000188,7.388997472932928,-4.4618341099416465,-4.4618341099416465,3.8811549468981497,6.8562452506445055,-4.4618341099416465,1.413452096290543,-4.4618341099416465,3.7344301895403014,2.3330611115347537,-4.4618341099416465,-4.4618341099416465,-4.4618341099416465,-4.4618341099416465,-4.4618341099416465,-4.4618341099416465,-4.4618341099416465,2.8661406366131583,-4.4618341099416465,-4.4618341099416465,4.962205897816798,6.1613002579940845,-4.4618341099416465,-4.4618341099416465,-4.4618341099416465,8.537212133806172,-4.4618341099416465,4.189418204918976,1.2827746498852601,-4.4618341099416465,3.438043900678399,-4.4618341099416465,-4.4618341099416465,-4.4618341099416465,-4.4618341099416465,0.7835280356963619,-4.4618341099416465,-4.4618341099416465,0.8598465923150922,-4.4618341099416465,-4.4618341099416465,-4.4618341099416465
MET218,5.816026002399646,-4.90866594551739,2.5225142788567316,2.4419525814012095,-4.90866594551739,5.880569847764161,1.489076503238545,3.3013656090628434,0.38688193018908734,2.82975900338615,-4.90866594551739,-4.90866594551739,3.848205796596817,-4.90866594551739,2.2506505317947125,2.3899534059077476,1.2064260804719424,2.219368925491894,2.4193944413989987,4.484089784043329,-4.90866594551739,1.3959506188567294,4.221539700184808,2.5574050939931148,3.6360589807215975,5.569966740451838,-4.90866594551739,4.855263957131432,6.261414024153309,5.1824001084053,5.151914005550207,-4.90866594551739,-4.90866594551739,1.91923319826925,2.6278892618364926,2.117345370792263,-4.90866594551739,-4.90866594551739,-4.90866594551739,-4.90866594551739,6.049576881520316,-4.90866594551739,-4.90866594551739,2.1159626456784704,5.199540891308567,3.367232436689263,4.842227217849531,6.050080489689463,-4.90866594551739,1.1418515945318415,4.702040343169278,3.089997773459059,1.2375472053859387,3.7802737211595288,3.90346633045763,-4.90866594551739,-4.90866594551739,7.358843177629806,-4.90866594551739,2.238401982716854,-4.90866594551739,4.87700225882139,0.8729404518101127,-4.90866594551739,-4.90866594551739,2.431309301479615,-4.90866594551739,4.697137336250929,-4.90866594551739,-4.90866594551739,3.2950021315698415,-4.90866594551739,-4.90866594551739,1.5965301744656282,3.3662024928290766,4.51051095087476,-4.90866594551739,-4.90866594551739,6.572191889933483,-4.90866594551739,5.270921731669378,-4.90866594551739,-4.90866594551739,6.436738237852048,-4.90866594551739,3.979119685995891,-4.90866594551739,-4.90866594551739,2.5546724696030676,-4.90866594551739,-4.90866594551739,-4.90866594551739,1.8267002339446403,-4.90866594551739,-4.90866594551739
MET219,6.3558791927439,-4.17940439853928,3.194263538637336,-4.17940439853928,-4.17940439853928,6.724316306597582,1.6786617415597558,1.8647983322440123,-4.17940439853928,4.108150511006085,-4.17940439853928,3.356124741167827,2.5263141864153678,0.9949912861381662,3.880388211201266,3.5481554500546446,4.600714899053423,3.9556612019578923,3.742514958214117,5.604298074655182,-4.17940439853928,2.7199546694922345,5.338608582609135,-4.17940439853928,5.723835505615249,6.582976534125873,-4.17940439853928,6.130806439489345,6.169391053792468,4.5702467795030906,5.2572337825706725,-4.17940439853928,-4.17940439853928,-4.17940439853928,1.1732996641186428,1.1356121404493145,-4.17940439853928,-4.17940439853928,-4.17940439853928,-4.17940439853928,6.043399831954299,-4.17940439853928,-4.17940439853928,-4.17940439853928,4.645147091741224,3.179707668628475,4.288543703659234,5.215077102563423,-4.17940439853928,3.588185565656701,5.616091645516439,2.102421679444368,-4.17940439853928,4.827996005838804,-4.17940439853928,-4.17940439853928,-4.17940439853928,7.194700971173339,-4.17940439853928,-4.17940439853928,1.7999527738609657,4.255481665345446,-4.17940439853928,-4.17940439853928,-4.17940439853928,2.8735519633443154,-4.17940439853928,5.161104500809499,-4.17940439853928,-4.17940439853928,5.1654410573385325,-4.17940439853928,-4.17940439853928,2.2059432349986876,4.197320941610363,4.169696809993913,-4.17940439853928,-4.17940439853928,8.66865664584204,-4.17940439853928,7.321980581702752,-4.17940439853928,-4.17940439853928,5.403588447821746,1.7502234576274907,-4.17940439853928,-4.17940439853928,-4.17940439853928,-4.17940439853928,-4.17940439853928,-4.17940439853928,-4.17940439853928,-4.17940439853928,-4.17940439853928,-4.17940439853928
MET22,-4.276709858622921,-4.276709858622921,2.9830317785962164,2.459663081491426,-4.276709858622921,5.832089482473802,2.722696550941836,4.708090311852982,-4.276709858622921,5.76476929821028,-4.276709858622921,-4.276709858622921,2.780139825909461,3.9378116948347506,-4.276709858622921,3.227353836282539,4.286808410333015,6.817855084104944,5.869675345410345,-4.276709858622921,-4.276709858622921,0.25895019973325617,6.159240018302931,5.10917200718632,7.425186257251569,8.153949545225998,4.405185103189605,-4.276709858622921,-4.276709858622921,-4.276709858622921,-4.276709858622921,3.7515068077836835,-4.276709858622921,-4.276709858622921,3.7186853272588856,-4.276709858622921,2.5459601365141236,-4.276709858622921,-4.276709858622921,-4.276709858622921,2.989781449759926,-4.276709858622921,4.741584563795013,-4.276709858622921,3.209795315881255,-4.276709858622921,2.322296819460151,3.511313529423978,-4.276709858622921,5.114460095014111,3.669277969738636,-4.276709858622921,2.1766914732468905,5.753773392267971,-4.276709858622921,-4.276709858622921,4.659229740405302,7.604678604503883,-4.276709858622921,2.931571270793161,0.559461581968014,4.86742747409408,-4.276709858622921,-4.276709858622921,3.366265195914025,-4.276709858622921,-4.276709858622921,-4.276709858622921,-4.276709858622921,-4.276709858622921,5.233801858745255,5.212854670266862,-4.276709858622921,5.07955950147738,4.94179112715583,-4.276709858622921,5.237702350290686,-4.276709858622921,-4.276709858622921,-4.276709858622921,6.848984538363178,-4.276709858622921,-4.276709858622921,5.547907171310756,-4.276709858622921,-4.276709858622921,6.010326314251161,4.796921495716822,3.725826537941548,-4.276709858622921,-4.276709858622921,-4.276709858622921,-4.276709858622921,-4.276709858622921,2.250969069225107
MET220,6.261204526579261,-4.585924883340036,3.586465154357155,1.9954492208543684,-4.585924883340036,5.960167619828923,-4.585924883340036,3.716155757670104,-4.585924883340036,1.4672265379884006,-4.585924883340036,1.8503579090289053,3.463562016883352,-0.9017328360568602,1.6238261431312662,2.60104643346617,-4.585924883340036,3.207509153083593,1.5446457630541301,4.80742955746672,-4.585924883340036,1.4863132263816263,3.771110325894181,-4.585924883340036,4.793382895863945,5.735495806809537,-4.585924883340036,5.62148701377701,6.291428328631344,5.240606748646034,3.4014715148250696,-4.585924883340036,-4.585924883340036,1.2407011187945312,3.437854726598678,2.630514613198584,-4.585924883340036,-4.585924883340036,-4.585924883340036,-4.585924883340036,6.503811124227184,-4.585924883340036,-4.585924883340036,2.593482360716515,5.462919853554489,4.4580551144587925,6.206363024945594,6.725339827109742,-4.585924883340036,-4.585924883340036,3.0598619204856368,3.8363190973094348,3.3188242801683057,5.179426700931203,-4.585924883340036,-4.585924883340036,-4.585924883340036,7.429981120232066,-4.585924883340036,-4.585924883340036,0.454188596469832,5.071052853199897,-4.585924883340036,-4.585924883340036,-4.585924883340036,4.401777052032784,-4.585924883340036,1.0524042732882393,-4.585924883340036,0.5071720787194387,3.640420353586725,0.28952992647040965,-0.012340321893875128,1.8445207999967232,3.41901482141322,5.315435118561087,-4.585924883340036,-4.585924883340036,7.153426847686605,-4.585924883340036,6.675240405480659,-4.585924883340036,-4.585924883340036,6.16809418080209,3.846017296864521,-4.585924883340036,-4.585924883340036,-4.585924883340036,1.6422183746308532,-4.585924883340036,-4.585924883340036,-4.585924883340036,1.5326087420767687,-4.585924883340036,-4.585924883340036
MET223,-4.68220944615525,-4.68220944615525,3.9282685911113777,3.5113233683462184,-4.68220944615525,5.164168736807177,2.0990803662485362,4.918753212981889,-4.68220944615525,4.0775857386121315,-4.68220944615525,-4.68220944615525,-4.68220944615525,0.12562905044264738,3.0156968027191473,1.9429052076636726,2.6033679986727885,5.409983609424814,4.916356299883279,7.173884237998449,4.465976272044088,1.0265316460565792,5.124762071853502,2.6455074867874693,5.373112394971974,7.097693491870423,4.024193101914472,4.365058521327654,4.3376931396728144,4.448784724751809,2.1701612117722044,-4.68220944615525,-4.68220944615525,-4.68220944615525,4.472966996229736,-4.68220944615525,-4.68220944615525,0.8448064114836438,1.3177248240707442,-4.68220944615525,3.4621206016724306,-4.68220944615525,-4.68220944615525,1.979278007852705,3.461886409088315,-4.68220944615525,3.093887299160783,5.165640478670941,-4.68220944615525,-4.68220944615525,5.138992525736498,3.431175975506764,4.7425974515763265,3.513689118715914,-1.237267807660471,-4.68220944615525,3.8231160261320154,7.213290890762114,-4.68220944615525,4.045847714749678,-4.68220944615525,4.114997405696128,-4.68220944615525,-4.68220944615525,-4.68220944615525,2.4793732792941183,-4.68220944615525,-4.68220944615525,1.2392617844955511,-4.68220944615525,4.000283512225161,-4.68220944615525,-4.68220944615525,4.396593273858218,3.5996762088425696,-4.68220944615525,-4.68220944615525,-4.68220944615525,7.354320641053189,-4.68220944615525,-4.68220944615525,2.19841814650312,-4.68220944615525,6.890540723950305,4.195388246499216,-4.68220944615525,-4.68220944615525,-4.68220944615525,3.205068759929964,-4.68220944615525,2.384703552296436,-4.68220944615525,2.157940996192951,-4.68220944615525,-4.68220944615525
MET224,-3.7744088575923413,-3.7744088575923413,1.715445189518146,3.415697104162988,-3.7744088575923413,5.623034162675745,3.708169653348892,5.484809469920673,-3.7744088575923413,5.983495825914017,2.2845961993179564,-3.7744088575923413,-3.7744088575923413,-3.7744088575923413,3.1881256772881885,3.0126023777759894,-3.7744088575923413,4.726971812031393,5.559710303670417,6.813359587252741,4.234748732728217,1.8229548451344133,3.7195092450206495,3.1285477399928405,5.958855156724352,6.421784185516806,-3.7744088575923413,6.5123694128500045,-3.7744088575923413,2.8422909388437594,-3.7744088575923413,-3.7744088575923413,-3.7744088575923413,-3.7744088575923413,3.8667165882635413,-3.7744088575923413,2.4909042845888285,2.202565168479686,-3.7744088575923413,-3.7744088575923413,3.37567397239732,-3.7744088575923413,-3.7744088575923413,-3.7744088575923413,3.5839101863872997,-3.7744088575923413,1.6225627115682286,4.184140728978186,-3.7744088575923413,-3.7744088575923413,4.112300126205914,1.7275623926971022,3.1675763169437117,3.544468359554479,-3.7744088575923413,-3.7744088575923413,4.163601414428469,7.55893798149129,-3.7744088575923413,4.416873840791158,-3.7744088575923413,3.387273536650591,-3.7744088575923413,-3.7744088575923413,-3.7744088575923413,0.5754828896091659,-3.7744088575923413,-3.7744088575923413,-3.7744088575923413,-3.7744088575923413,5.051019599013091,-3.7744088575923413,-3.7744088575923413,5.328252441016646,4.921719780143198,-3.7744088575923413,-3.7744088575923413,-3.7744088575923413,9.582507272791851,-3.7744088575923413,-3.7744088575923413,4.593552197751164,-3.7744088575923413,6.958980391612207,3.672408476559987,-3.7744088575923413,-3.7744088575923413,-3.7744088575923413,4.857278679701197,-3.7744088575923413,3.6170959223037107,-3.7744088575923413,-3.7744088575923413,-3.7744088575923413,-3.7744088575923413
MET225,-4.781609734542636,-4.781609734542636,2.9022595125454638,-4.781609734542636,-4.781609734542636,4.920869645116876,1.9234654097514081,5.340784813717852,-4.781609734542636,4.664600891443518,-4.781609734542636,-4.781609734542636,-4.781609734542636,-4.781609734542636,1.3222892838303633,3.959502502313055,1.6134692611104793,3.8303572379973314,4.5905132733695435,7.028216167817555,2.264062509152928,0.7446880173309545,4.631889124007014,1.8803392054585064,5.784251254121363,5.165802720915742,2.7264355552758834,4.111166046096732,5.252653920485372,-4.781609734542636,2.681802204071502,-4.781609734542636,-4.781609734542636,-0.6821468611942532,3.928044588107534,1.659123145306764,-4.781609734542636,0.5024242597516242,4.1201951161458314,-0.1884912703115802,4.963017608196612,-4.781609734542636,-4.781609734542636,1.8836247178636718,4.741358330853219,-4.781609734542636,3.4277779625223337,4.825975936371702,-4.781609734542636,4.688789787784744,4.514528320573258,2.762195781156703,3.3035802806843293,5.04627988027851,-4.781609734542636,-4.781609734542636,4.966873070964257,7.049095056252139,-4.781609734542636,5.200445269925162,-4.781609734542636,4.166646617638745,-4.781609734542636,-4.781609734542636,-4.781609734542636,5.057202723726942,-4.781609734542636,-4.781609734542636,1.0754247550081821,-4.781609734542636,4.115522419979064,-0.11324621669998258,-4.781609734542636,4.840047322657662,5.3684741107196805,-4.781609734542636,-4.781609734542636,-4.781609734542636,7.406917306484685,-4.781609734542636,5.062708774037178,-4.781609734542636,-4.781609734542636,6.645280934377753,-4.781609734542636,-4.781609734542636,-4.781609734542636,-4.781609734542636,3.1952965114756067,1.2298982959317897,3.0252760762588906,-4.781609734542636,0.9184399474893237,-4.781609734542636,-4.781609734542636
MET227,-5.418640552827757,1.6815122327850043,4.1226835649118465,-5.418640552827757,-5.418640552827757,5.093920116859749,1.78618371770626,3.35463395186353,2.445312741258916,-5.418640552827757,-5.418640552827757,1.769904685982409,2.9769358457703694,0.4591441096604507,-5.418640552827757,3.0751724275338335,-5.418640552827757,1.6234746852839788,-5.418640552827757,5.2245905129129735,3.0568207114382613,1.220417282336748,2.9289451205837134,-5.418640552827757,5.655097731715081,5.244284303086718,-5.418640552827757,5.054639850797857,4.457900008321442,3.3997148093328002,3.8574630943523136,-0.24211557838574294,-5.418640552827757,1.0532139668768616,3.1001567331150435,3.142797995281599,-5.418640552827757,-5.418640552827757,2.601009893691759,2.3888697962856664,5.589849599059415,-5.418640552827757,1.0912817988757588,3.2758508421733827,5.5529790648714945,-5.418640552827757,4.286982132104035,4.870969629678372,1.4842430267121696,-5.418640552827757,1.9329801514940055,2.4459985009866196,3.2050065898245563,-5.418640552827757,1.5936621219677418,-5.418640552827757,2.396144249579063,6.375663829880026,2.120770336635169,0.30182836574239147,1.3868049881814715,-5.418640552827757,-5.418640552827757,-5.418640552827757,-5.418640552827757,3.8399396680879843,-5.418640552827757,-5.418640552827757,2.453190745969988,0.4216924376897424,4.055225900872876,2.974870662403988,-5.418640552827757,3.5358753253891786,2.7222078338442968,4.8026634924934335,1.6334299919968958,-5.418640552827757,6.803049302218305,-5.418640552827757,-5.418640552827757,4.028866435084957,-5.418640552827757,5.037826618945129,-5.418640552827757,4.338024744974723,-5.418640552827757,3.17694224278078,3.855928333568033,0.711469320893106,2.039212377962003,-5.418640552827757,-0.6403361781568737,-5.418640552827757,-5.418640552827757
MET228,-5.771338501640894,-5.771338501640894,1.5589434913087388,-5.771338501640894,-5.771338501640894,5.476042161432187,1.8874619531492023,3.8309362899432173,0.5114606850231427,1.8321240280484368,-5.771338501640894,0.1880840297127211,3.2926272784118398,2.550084731733951,-5.771338501640894,2.7824120137166215,4.340127000039128,2.9574240103630753,0.08160687421683299,4.630925691440019,1.327673248279738,3.526416472313943,2.5553470321785197,2.230308546939974,5.147266495976735,4.603349443438894,1.9240134161232758,5.508853391621024,-5.771338501640894,-5.771338501640894,2.837104444245039,1.9066432324432654,-5.771338501640894,0.015345048309146847,4.073016457955335,1.9059046765212946,2.1596798758294513,1.4917180716985525,2.5792936325994695,-5.771338501640894,5.49707374810942,-5.771338501640894,2.3787842727495327,1.3373736582274622,4.112865758255102,-5.771338501640894,3.4570041687162654,5.231437632672871,0.8442710852991144,-5.771338501640894,2.8895496677563433,1.5160154058207906,0.2651791429039214,-5.771338501640894,3.5655744544798766,-5.771338501640894,3.039115667509674,5.352309167821982,4.5814875989976365,-1.0405414133553261,-5.771338501640894,-5.771338501640894,-5.771338501640894,-5.771338501640894,-5.771338501640894,3.421155980804813,-5.771338501640894,-5.771338501640894,1.6350632934508083,4.335743265960802,4.548395997505745,1.8422011923781847,-5.771338501640894,2.6159165569281324,3.2669320651786613,5.240556747445532,1.8434078508593634,-5.771338501640894,4.553620545453015,-5.771338501640894,-5.771338501640894,4.393670377084803,-5.771338501640894,2.551583695464826,5.065770129513958,4.0719781382542255,-5.771338501640894,3.2574024921940614,3.5013690226202057,-1.4825799174583256,2.2014073123134166,-5.771338501640894,-0.6917949360616067,-5.771338501640894,-5.771338501640894
MET231,6.162520259407941,-4.281486942608167,-4.281486942608167,1.2691409881269315,-4.281486942608167,6.03461311144749,2.235709014071265,4.249616382332987,-4.281486942608167,3.2854035832118864,-4.281486942608167,2.197708147110446,-4.281486942608167,-4.281486942608167,1.0550615919598467,0.780267923451424,2.755298376782606,1.7543096482488139,3.1273602828425684,5.55855087637797,-4.281486942608167,-4.281486942608167,4.753387890767072,-0.8351358573639196,4.17308525625569,5.042747073142483,4.17860253507653,3.9940563611379405,4.777984584343796,3.8980741547233455,3.400836807842615,4.191411402622792,-4.281486942608167,-4.281486942608167,2.567304334363855,-4.281486942608167,-4.281486942608167,-4.281486942608167,2.279937827418446,-4.281486942608167,3.58996179277709,-4.281486942608167,-4.281486942608167,1.1951393345897205,4.578403173041045,-4.281486942608167,-4.281486942608167,5.2250106404122,-4.281486942608167,2.247382334706635,3.736073741441583,4.147639246750509,-4.281486942608167,5.411464667081343,2.527456173936109,-4.281486942608167,2.8399451830077656,6.240075153707725,-4.281486942608167,-4.281486942608167,-4.281486942608167,2.007288162018436,2.2717064671271414,-4.281486942608167,-4.281486942608167,2.467751990240729,-4.281486942608167,4.56542341258305,-4.281486942608167,3.4601118125282833,4.165788686051857,1.5836453669230819,-4.281486942608167,3.173693068331925,4.1220101030183205,5.400470662620004,-4.281486942608167,-4.281486942608167,9.193721477821816,-4.281486942608167,4.260275103034394,-4.281486942608167,3.9474599277649407,3.184687407128351,-4.281486942608167,-4.281486942608167,-4.281486942608167,-4.281486942608167,3.461230520945362,-4.281486942608167,-4.281486942608167,-4.281486942608167,2.21227036685836,-4.281486942608167,-4.281486942608167
MET232,5.23641243677981,-5.189186276811483,1.679543615512559,0.1877557095877478,-5.189186276811483,5.02881995498104,2.7314754409698523,3.5578284683024233,-5.189186276811483,1.757769945394302,-5.189186276811483,2.1171186252255616,-0.23545239819459773,2.6987267481587605,-0.4898094253278469,1.1127206821811964,-5.189186276811483,0.34756273971066065,1.822490697743551,4.438313418525911,-5.189186276811483,2.122590824532825,3.2119106150523837,-5.189186276811483,4.313754453606438,4.342679432391859,1.0361538819108649,-0.8359794943068639,5.030243356876992,4.070110325623829,4.317416162446437,4.083665183478036,-5.189186276811483,-5.189186276811483,2.375453503917659,-5.189186276811483,1.125226613332357,-5.189186276811483,3.609937142795725,-5.189186276811483,3.6104138602897757,-5.189186276811483,1.6261257583808142,2.6457340518673265,3.621055967085283,-5.189186276811483,1.1179008275889686,4.9528730528178,-5.189186276811483,-5.189186276811483,2.6326251871200848,4.020027349359478,-5.189186276811483,5.283992415284913,5.151266245496281,-5.189186276811483,2.0185486829156885,5.9311406065931465,2.483386399716454,-5.189186276811483,-5.189186276811483,2.506749166002683,2.0416938455197107,-5.189186276811483,-5.189186276811483,2.276396594762291,-5.189186276811483,2.55944835895592,-5.189186276811483,2.1662286494345304,3.9691762427045996,0.9338359745972076,-0.32133342346911853,2.0967190691180297,3.974591707185011,3.61511950632406,-0.4604868370690003,-5.189186276811483,8.01561451819654,-5.189186276811483,1.7685062884154235,-1.0389351261505801,1.98002912809278,2.8839670408645075,1.250930935833158,4.4630674780574955,-5.189186276811483,-5.189186276811483,3.49988534226705,-5.189186276811483,0.6325389805159007,-5.189186276811483,1.350688352083556,-5.189186276811483,-5.189186276811483
MET233,5.751204725790395,1.1001526089455371,3.0519666996698325,-4.039310952545861,-4.039310952545861,6.643153473087035,2.984830356280596,2.482662053169296,2.6462157465531932,-4.039310952545861,-4.039310952545861,3.9633763704316705,-4.039310952545861,-4.039310952545861,2.724560807379616,0.4401157811835166,-4.039310952545861,-4.039310952545861,2.772803091785998,7.154752337677657,-4.039310952545861,3.0423563155568853,4.9067551004216,-4.039310952545861,5.363919703637834,3.5540856941226924,3.6730630352399247,4.009959733205133,4.5522599555475765,5.905566585984312,5.111564043307409,-4.039310952545861,-4.039310952545861,-4.039310952545861,3.0565191317140323,-4.039310952545861,-4.039310952545861,-4.039310952545861,-4.039310952545861,-4.039310952545861,5.049234216856705,-4.039310952545861,-4.039310952545861,2.0843413666266315,5.130657731603775,-4.039310952545861,0.5093887000196222,5.640734538737961,-4.039310952545861,-4.039310952545861,-4.039310952545861,2.8486207607650966,-4.039310952545861,6.7957931796005395,2.52456580806855,-4.039310952545861,3.011771477089459,6.866339842828993,0.22781765776615437,0.9461549075462745,-4.039310952545861,3.3614021843955513,2.942076865513693,-4.039310952545861,-4.039310952545861,-4.039310952545861,-4.039310952545861,-4.039310952545861,-4.039310952545861,-4.039310952545861,3.1166890014011077,4.350205073368334,0.3329585328284388,1.8211791140146705,3.909727378284824,5.827746020509034,3.355719428383048,-4.039310952545861,9.269549646689923,-4.039310952545861,4.578435928011809,-4.039310952545861,-4.039310952545861,3.85437437859164,-4.039310952545861,-4.039310952545861,-4.039310952545861,-4.039310952545861,4.183407874070171,-0.7981509806321601,2.7496853841306175,-4.039310952545861,2.386723496801194,-4.039310952545861,-4.039310952545861
MET24,-2.3243669046805984,-2.3243669046805984,3.4736406831771767,4.5868164565336915,-2.3243669046805984,7.315411394742155,4.378210581163916,-2.3243669046805984,-2.3243669046805984,4.950739622493273,-2.3243669046805984,-2.3243669046805984,6.289497696849606,-2.3243669046805984,-2.3243669046805984,-2.3243669046805984,-2.3243669046805984,5.453068147979899,4.059228475518961,-2.3243669046805984,-2.3243669046805984,-2.3243669046805984,7.783493764448871,5.026628941965619,5.748032623122887,8.70760623244147,2.1317816651157546,5.850968843848569,-2.3243669046805984,-2.3243669046805984,-2.3243669046805984,-2.3243669046805984,-2.3243669046805984,-2.3243669046805984,-2.3243669046805984,-2.3243669046805984,-2.3243669046805984,-2.3243669046805984,-2.3243669046805984,-2.3243669046805984,-2.3243669046805984,-2.3243669046805984,-2.3243669046805984,-2.3243669046805984,2.885043858860673,-2.3243669046805984,-2.3243669046805984,-2.3243669046805984,-2.3243669046805984,2.939112967203952,4.778226038980538,-2.3243669046805984,-2.3243669046805984,7.910825548818625,-2.3243669046805984,-2.3243669046805984,-2.3243669046805984,8.149976050538614,-2.3243669046805984,-2.3243669046805984,-2.3243669046805984,-2.3243669046805984,2.216850313445935,-2.3243669046805984,-2.3243669046805984,-2.3243669046805984,-2.3243669046805984,6.110248890093114,-2.3243669046805984,-2.3243669046805984,5.835376517665819,-2.3243669046805984,-2.3243669046805984,5.7784397532453005,4.662521440616249,-2.3243669046805984,-2.3243669046805984,-2.3243669046805984,11.236733554715572,-2.3243669046805984,7.457604726028869,-2.3243669046805984,-2.3243669046805984,6.525902116077398,3.490595707905932,-2.3243669046805984,-2.3243669046805984,-2.3243669046805984,-2.3243669046805984,-2.3243669046805984,-2.3243669046805984,-2.3243669046805984,-2.3243669046805984,-2.3243669046805984,-2.3243669046805984
MET25,-1.753817022884963,-1.753817022884963,-1.753817022884963,-1.753817022884963,-1.753817022884963,9.382334838898581,5.881750826639741,-1.753817022884963,-1.753817022884963,7.4848985521199065,-1.753817022884963,-1.753817022884963,6.86818774650211,-1.753817022884963,-1.753817022884963,-1.753817022884963,-1.753817022884963,6.216706033654816,6.27656150951462,-1.753817022884963,-1.753817022884963,-1.753817022884963,8.30140077737165,-1.753817022884963,6.924140533321266,8.899454687130792,6.972334822124744,8.261937382792159,-1.753817022884963,-1.753817022884963,-1.753817022884963,-1.753817022884963,-1.753817022884963,-1.753817022884963,-1.753817022884963,-1.753817022884963,-1.753817022884963,-1.753817022884963,-1.753817022884963,-1.753817022884963,-1.753817022884963,-1.753817022884963,-1.753817022884963,-1.753817022884963,-1.753817022884963,-1.753817022884963,-1.753817022884963,-1.753817022884963,-1.753817022884963,-1.753817022884963,-1.753817022884963,-1.753817022884963,-1.753817022884963,7.567093293281787,-1.753817022884963,-1.753817022884963,-1.753817022884963,8.137757433980541,-1.753817022884963,-1.753817022884963,-1.753817022884963,-1.753817022884963,-1.753817022884963,-1.753817022884963,-1.753817022884963,-1.753817022884963,-1.753817022884963,-1.753817022884963,-1.753817022884963,-1.753817022884963,6.820586115685476,-1.753817022884963,-1.753817022884963,7.2930676867742825,7.139281249208769,-1.753817022884963,-1.753817022884963,4.836043773370261,11.780373499768729,-1.753817022884963,-1.753817022884963,-1.753817022884963,-1.753817022884963,-1.753817022884963,-1.753817022884963,-1.753817022884963,-1.753817022884963,-1.753817022884963,-1.753817022884963,-1.753817022884963,-1.753817022884963,-1.753817022884963,-1.753817022884963,-1.753817022884963,-1.753817022884963
MET26,-2.6233322091293196,-2.6233322091293196,-2.6233322091293196,-2.6233322091293196,-2.6233322091293196,7.793693632631272,-2.6233322091293196,-2.6233322091293196,-2.6233322091293196,6.206743653061949,6.196207195372408,-2.6233322091293196,6.766922588919603,-2.6233322091293196,5.507655538347787,-2.6233322091293196,-2.6233322091293196,6.538032201597957,3.6052893884482646,-2.6233322091293196,5.329713849951668,-2.6233322091293196,7.390957486542043,6.477714369986817,6.382965011283135,8.141265757762252,6.65919092596494,6.480161305978739,-2.6233322091293196,-2.6233322091293196,-2.6233322091293196,-2.6233322091293196,-2.6233322091293196,-2.6233322091293196,-2.6233322091293196,-2.6233322091293196,-2.6233322091293196,-2.6233322091293196,-2.6233322091293196,-2.6233322091293196,5.246570105908983,-2.6233322091293196,-2.6233322091293196,-2.6233322091293196,-2.6233322091293196,-2.6233322091293196,-2.6233322091293196,-2.6233322091293196,-2.6233322091293196,-2.6233322091293196,7.026814641456386,-2.6233322091293196,-2.6233322091293196,6.584744547581816,-2.6233322091293196,-2.6233322091293196,4.537043509955146,7.380768084776846,-2.6233322091293196,-2.6233322091293196,-2.6233322091293196,-2.6233322091293196,-2.6233322091293196,-2.6233322091293196,-2.6233322091293196,-2.6233322091293196,-2.6233322091293196,5.636762097910706,-2.6233322091293196,-2.6233322091293196,6.98786742346774,-2.6233322091293196,-2.6233322091293196,5.384717299256411,6.238592327899287,-2.6233322091293196,-2.6233322091293196,-2.6233322091293196,10.852566985903216,-2.6233322091293196,7.375077460842019,4.217189817868917,-2.6233322091293196,-2.6233322091293196,3.6830281403799345,5.135002662606763,-2.6233322091293196,-2.6233322091293196,-2.6233322091293196,-2.6233322091293196,-2.6233322091293196,-2.6233322091293196,-2.6233322091293196,-2.6233322091293196,-2.6233322091293196
MET28,7.793412170023748,-4.209549928611585,-4.209549928611585,3.3609633423301917,-4.209549928611585,6.806504529296954,-4.209549928611585,-4.209549928611585,-4.209549928611585,5.389434021095357,2.060636329757548,-4.209549928611585,6.584104205110901,5.924505947463216,3.9052643909595597,-4.209549928611585,6.946945471400971,4.412380432432309,5.105740844685025,-4.209549928611585,-4.209549928611585,-4.209549928611585,5.9401715955175645,-4.209549928611585,6.781974131117801,7.177022200359102,4.206672290568932,7.203468584521863,5.521819662687062,5.382724361054817,4.976973148067777,-4.209549928611585,1.0879335644688997,5.595843785519573,-4.209549928611585,1.8732185806804145,0.6930405600009237,-4.209549928611585,-4.209549928611585,-4.209549928611585,6.370353417294265,5.41021601247525,-4.209549928611585,-4.209549928611585,4.431818802602709,-4.209549928611585,-4.209549928611585,5.56405706048416,-4.209549928611585,-4.209549928611585,-4.209549928611585,-4.209549928611585,-4.209549928611585,-4.209549928611585,-4.209549928611585,-4.209549928611585,3.5932247522706566,5.135625242503745,-4.209549928611585,-4.209549928611585,6.009312302354129,4.097772803237799,-4.209549928611585,-4.209549928611585,-4.209549928611585,5.245567323380148,-4.209549928611585,-4.209549928611585,-4.209549928611585,-4.209549928611585,5.603259779553215,-4.209549928611585,3.0991751329078703,5.886473204652972,5.443560338004307,-4.209549928611585,4.3751243786936405,-4.209549928611585,5.090715325743876,-4.209549928611585,-4.209549928611585,4.236224390264369,-4.209549928611585,-4.209549928611585,-4.209549928611585,6.302491832244146,-4.209549928611585,1.8262974040778834,-4.209549928611585,3.426008136658959,-4.209549928611585,-4.209549928611585,4.488848169772096,4.320166400892959,-4.209549928611585
MET29,10.700368323632858,-1.6017603341862277,-1.6017603341862277,-1.6017603341862277,-1.6017603341862277,9.323809889497543,-1.6017603341862277,-1.6017603341862277,-1.6017603341862277,-1.6017603341862277,-1.6017603341862277,-1.6017603341862277,9.022230410168753,8.384879261261,-1.6017603341862277,-1.6017603341862277,-1.6017603341862277,-1.6017603341862277,10.17107936320426,-1.6017603341862277,9.85304060436065,-1.6017603341862277,7.170520797144085,7.158294433203758,8.798932922565426,10.133828675224882,-1.6017603341862277,10.786343772980338,8.091820385498451,-1.6017603341862277,-1.6017603341862277,-1.6017603341862277,-1.6017603341862277,-1.6017603341862277,-1.6017603341862277,-1.6017603341862277,-1.6017603341862277,-1.6017603341862277,-1.6017603341862277,-1.6017603341862277,7.354700994491867,-1.6017603341862277,-1.6017603341862277,-1.6017603341862277,-1.6017603341862277,-1.6017603341862277,-1.6017603341862277,-1.6017603341862277,-1.6017603341862277,-1.6017603341862277,-1.6017603341862277,-1.6017603341862277,-1.6017603341862277,-1.6017603341862277,-1.6017603341862277,-1.6017603341862277,-1.6017603341862277,-1.6017603341862277,-1.6017603341862277,-1.6017603341862277,5.950379021256299,-1.6017603341862277,-1.6017603341862277,-1.6017603341862277,-1.6017603341862277,-1.6017603341862277,-1.6017603341862277,-1.6017603341862277,-1.6017603341862277,-1.6017603341862277,-1.6017603341862277,-1.6017603341862277,-1.6017603341862277,-1.6017603341862277,5.240597880405558,-1.6017603341862277,-1.6017603341862277,-1.6017603341862277,-1.6017603341862277,-1.6017603341862277,-1.6017603341862277,-1.6017603341862277,-1.6017603341862277,-1.6017603341862277,-1.6017603341862277,-1.6017603341862277,-1.6017603341862277,-1.6017603341862277,-1.6017603341862277,-1.6017603341862277,-1.6017603341862277,-1.6017603341862277,-1.6017603341862277,-1.6017603341862277,-1.6017603341862277
MET3,-3.5878381181508807,-3.5878381181508807,6.78503707175299,-3.5878381181508807,-3.5878381181508807,6.537596704902422,-3.5878381181508807,4.874335857722722,-3.5878381181508807,-3.5878381181508807,-3.5878381181508807,-3.5878381181508807,-3.5878381181508807,3.7588361109261337,-3.5878381181508807,-3.5878381181508807,-3.5878381181508807,-3.5878381181508807,-3.5878381181508807,-3.5878381181508807,-3.5878381181508807,-3.5878381181508807,-3.5878381181508807,-3.5878381181508807,6.461074271129517,3.6031351595645615,-3.5878381181508807,4.727002060788111,8.638100646572104,7.281215002050693,6.805884885180699,-3.5878381181508807,-3.5878381181508807,-3.5878381181508807,5.53752694843499,3.140991600149275,-3.5878381181508807,-3.5878381181508807,-3.5878381181508807,-3.5878381181508807,8.29996321908833,1.580820880597674,-3.5878381181508807,4.954946277598837,5.505962453078212,-3.5878381181508807,4.766263383847718,5.4768814895211895,-3.5878381181508807,-3.5878381181508807,-3.5878381181508807,5.979054282827305,5.68884250609534,4.532386495992587,-3.5878381181508807,4.301073237746137,-3.5878381181508807,8.593733926421203,4.253860534465002,-3.5878381181508807,-3.5878381181508807,7.774565836672377,2.014232756469802,-3.5878381181508807,-3.5878381181508807,-3.5878381181508807,-3.5878381181508807,-3.5878381181508807,-3.5878381181508807,4.510142192627799,-3.5878381181508807,5.256233780141949,3.5933571360148244,0.46859862574744504,3.146953165478739,-3.5878381181508807,-3.5878381181508807,-3.5878381181508807,-3.5878381181508807,-3.5878381181508807,7.171424336394999,6.404211064431138,4.624608710308908,4.623845547849776,3.52845720935872,-3.5878381181508807,-3.5878381181508807,-3.5878381181508807,3.7184074652493795,-3.5878381181508807,-3.5878381181508807,5.7567355059275895,6.242636277320823,-3.5878381181508807,-3.5878381181508807
MET30,1.8793210198776764,-4.031391403998189,-4.031391403998189,4.551680891626378,-4.031391403998189,7.174705878011112,4.43455556623012,-4.031391403998189,-4.031391403998189,6.025052998603381,-4.031391403998189,-4.031391403998189,5.401918598450325,3.505906238553642,3.9359273077808083,2.5694449715543417,-4.031391403998189,4.584115489637846,-4.031391403998189,2.528575324718058,-4.031391403998189,-4.031391403998189,4.987056819685876,-4.031391403998189,5.776332235984714,6.631078310473512,3.10901052063915,7.7704551062457075,2.9476702772332075,3.7216773894765085,2.599981589687963,-4.031391403998189,2.0913810482977224,-4.031391403998189,-4.031391403998189,1.0855624552937027,4.5009568278367995,2.203897795505833,-4.031391403998189,-4.031391403998189,5.196642205363494,-4.031391403998189,-4.031391403998189,0.9519237706944601,3.1509221639578167,-4.031391403998189,1.4871824799001079,4.987763023246193,-4.031391403998189,-4.031391403998189,4.056154806361848,4.844284408978294,-4.031391403998189,-4.031391403998189,-4.031391403998189,-4.031391403998189,-4.031391403998189,5.206612659327752,-4.031391403998189,1.0359065391755902,1.9882303380104531,4.432874378279332,-4.031391403998189,-4.031391403998189,-4.031391403998189,2.1766756967510563,-4.031391403998189,3.599501523409713,-4.031391403998189,-4.031391403998189,2.8070617298881952,6.150383818136508,2.897768666380265,5.356779692592491,6.574391615515358,-4.031391403998189,6.594705679943566,-4.031391403998189,8.91313077853171,-4.031391403998189,-4.031391403998189,6.836454788389011,-4.031391403998189,4.4682031270770235,-4.031391403998189,4.899974203650849,-4.031391403998189,-4.031391403998189,0.8769946369473125,-4.031391403998189,-4.031391403998189,-4.031391403998189,-4.031391403998189,-4.031391403998189,-4.031391403998189
MET33,4.561244793668162,2.3743626657737043,-5.08265752871317,2.6020326273718988,3.288280345350863,5.265772885689762,1.9979350145383545,3.226752623103807,1.8754590666210245,4.307341520030563,1.5875167708211233,-5.08265752871317,4.154380013413565,0.8959252081646429,-5.08265752871317,-5.08265752871317,3.432145671889873,3.3220582514738055,4.007203887082225,1.7740680402159619,2.2692852902341523,3.5249018433760275,3.092179179349805,1.552862387992037,6.144916628499164,4.935395007414135,1.6692368315332393,6.491628306112916,2.512819989078393,-5.08265752871317,3.1468471619884433,-5.08265752871317,-5.08265752871317,-5.08265752871317,3.254739199381172,-5.08265752871317,3.0914416756805805,1.6884687332314368,-5.08265752871317,-5.08265752871317,5.066592799254431,-5.08265752871317,0.6479636900632304,3.053322255227396,3.4675596717113724,-5.08265752871317,-5.08265752871317,2.8100141640045866,-5.08265752871317,3.334989808577123,0.8616239389663445,3.0956988690912146,-5.08265752871317,7.037010699029998,4.381383750491724,-5.08265752871317,-5.08265752871317,6.4020919487533,3.497603825083477,3.419610147847152,-5.08265752871317,2.9123021579845867,-5.08265752871317,-5.08265752871317,-5.08265752871317,2.5641711035043846,-5.08265752871317,-5.08265752871317,0.49071756586162785,-5.08265752871317,4.836604283334204,1.0544393304027668,-5.08265752871317,4.774919345684596,5.431509494028811,-5.08265752871317,-5.08265752871317,-5.08265752871317,7.092497523591586,0.9360346638506432,-5.08265752871317,3.207773816249441,4.645787555391167,3.650322346903544,4.108905675653334,1.0216887524553533,-5.08265752871317,2.789618688974789,-5.08265752871317,-5.08265752871317,-5.08265752871317,-5.08265752871317,-0.5816309286663035,-5.08265752871317,-5.08265752871317
MET34,5.998448105930573,2.536002180852302,-3.5514468180911845,2.8512712749212525,-3.5514468180911845,7.352317656238492,3.8904849790081055,3.565113308921914,1.719092586632227,7.694784838984502,-3.5514468180911845,-3.5514468180911845,7.02067861682681,5.071481889459266,4.540332045211914,-3.5514468180911845,6.768006674562424,6.6404499863719355,-3.5514468180911845,4.09806310804531,-3.5514468180911845,4.839560049742935,4.764437167172479,5.927548441870786,8.220790066392215,6.889832959452415,4.162585043857683,8.476305523984662,5.2619210261907625,2.82374506199492,-3.5514468180911845,-3.5514468180911845,-3.5514468180911845,-3.5514468180911845,-3.5514468180911845,-3.5514468180911845,3.4763854652272537,-3.5514468180911845,-3.5514468180911845,-3.5514468180911845,5.699122978874532,-3.5514468180911845,5.285500142205127,-3.5514468180911845,-3.5514468180911845,-3.5514468180911845,-3.5514468180911845,3.4376478252584253,-3.5514468180911845,3.3529166112820334,-3.5514468180911845,-3.5514468180911845,-3.5514468180911845,8.025497851579583,-3.5514468180911845,-3.5514468180911845,-3.5514468180911845,7.564643941096001,-3.5514468180911845,7.016073026122919,3.0798656010670458,-3.5514468180911845,-3.5514468180911845,-3.5514468180911845,-3.5514468180911845,-3.5514468180911845,-3.5514468180911845,-3.5514468180911845,-3.5514468180911845,-3.5514468180911845,6.8420483822832665,-3.5514468180911845,-3.5514468180911845,4.686376156183464,7.555406386419472,-3.5514468180911845,-3.5514468180911845,-3.5514468180911845,-3.5514468180911845,3.1673022174539316,-3.5514468180911845,-3.5514468180911845,-3.5514468180911845,-3.5514468180911845,5.142986830348813,-3.5514468180911845,6.987442623168712,-3.5514468180911845,-3.5514468180911845,-3.5514468180911845,-3.5514468180911845,-3.5514468180911845,-3.5514468180911845,-3.5514468180911845,-3.5514468180911845
MET35,4.596302150888031,1.469782023261371,2.6644145743102152,-0.49826348148604716,1.9222944997994569,6.21634522447996,3.1053823165801893,3.3666025916077134,1.7360579619988021,4.872363947856689,1.7411458340482273,-5.266453612474127,-0.5964136713241732,3.21736643263871,1.1553451285667844,2.432354463905913,3.306662627645144,3.9996752167077396,2.755978364781728,5.351081815532094,-5.266453612474127,2.993234804066807,4.026393113731739,2.8227000771869957,5.1986430368431735,5.002087814756908,3.6624520029863943,5.905249677459889,4.0717351235093,2.414983298424005,2.2644579461132395,-5.266453612474127,2.1129369948330003,-5.266453612474127,3.350166088650642,-5.266453612474127,3.1210918798854133,1.4704098523505653,1.1962947424175425,-5.266453612474127,4.062013950825655,-5.266453612474127,-5.266453612474127,2.2533321085160507,3.847031822689443,-5.266453612474127,1.8552253803910208,3.9400541662822643,-5.266453612474127,-5.266453612474127,-5.266453612474127,2.393721593801428,-5.266453612474127,6.919313343035904,-0.005195768722185079,-5.266453612474127,2.722091714476517,5.757552862245437,3.884721873361613,2.8615767663059204,1.9230132376636284,3.138478035529169,0.33730507110242947,-5.266453612474127,-5.266453612474127,4.231710163464167,-5.266453612474127,-5.266453612474127,0.560647312525334,-5.266453612474127,4.568182510945711,1.9156416758600292,-5.266453612474127,3.6070975945323154,5.149181872270489,-5.266453612474127,-5.266453612474127,-5.266453612474127,6.842408166186362,1.0052986352178612,-5.266453612474127,-5.266453612474127,-5.266453612474127,2.9293666973316768,1.3009210423172348,-5.266453612474127,-5.266453612474127,3.8978701334241457,-5.266453612474127,-5.266453612474127,-5.266453612474127,-5.266453612474127,-5.266453612474127,-5.266453612474127,-5.266453612474127
MET37,9.154842319987987,-1.9163943711970255,-1.9163943711970255,-1.9163943711970255,-1.9163943711970255,-1.9163943711970255,-1.9163943711970255,-1.9163943711970255,-1.9163943711970255,5.843744987839376,-1.9163943711970255,-1.9163943711970255,-1.9163943711970255,-1.9163943711970255,-1.9163943711970255,-1.9163943711970255,-1.9163943711970255,5.471760095862779,6.703173239534253,-1.9163943711970255,-1.9163943711970255,-1.9163943711970255,7.690159328152076,-1.9163943711970255,5.1301858406920475,8.242911773088615,-1.9163943711970255,8.008122703531203,8.358971129623301,7.331662269324857,7.06434489547313,6.573115709982464,-1.9163943711970255,-1.9163943711970255,-1.9163943711970255,-1.9163943711970255,-1.9163943711970255,-1.9163943711970255,-1.9163943711970255,-1.9163943711970255,6.224279495794382,-1.9163943711970255,-1.9163943711970255,-1.9163943711970255,-1.9163943711970255,-1.9163943711970255,-1.9163943711970255,6.478387022761232,-1.9163943711970255,-1.9163943711970255,-1.9163943711970255,-1.9163943711970255,-1.9163943711970255,5.652690011524243,-1.9163943711970255,-1.9163943711970255,-1.9163943711970255,7.790146246445608,-1.9163943711970255,-1.9163943711970255,-1.9163943711970255,-1.9163943711970255,-1.9163943711970255,-1.9163943711970255,-1.9163943711970255,-1.9163943711970255,-1.9163943711970255,-1.9163943711970255,-1.9163943711970255,-1.9163943711970255,-1.9163943711970255,-1.9163943711970255,-1.9163943711970255,5.682261656470481,6.012742057453109,-1.9163943711970255,-1.9163943711970255,-1.9163943711970255,11.596894615104787,-1.9163943711970255,-1.9163943711970255,-1.9163943711970255,-1.9163943711970255,8.719182441128977,-1.9163943711970255,-1.9163943711970255,-1.9163943711970255,-1.9163943711970255,-1.9163943711970255,-1.9163943711970255,-1.9163943711970255,-1.9163943711970255,-1.9163943711970255,-1.9163943711970255,-1.9163943711970255
MET38,5.1970287000216135,-4.238936013475595,3.0857677740964773,-0.22886681170377443,-4.238936013475595,6.176886702458682,-0.17144474740150173,3.2996868304312397,-4.238936013475595,4.076324402931205,-4.238936013475595,-4.238936013475595,5.4529697684669545,1.8140307716341608,2.2807373135166076,-4.238936013475595,-4.238936013475595,3.8546435299275252,3.4540412301854237,-4.238936013475595,-4.238936013475595,3.413879335835926,4.694137350761082,-4.238936013475595,4.643176627731263,5.3754176690267235,-4.238936013475595,6.17224596414221,6.823797130107657,4.895082946107164,4.25906402186997,4.828148142059015,-4.238936013475595,-4.238936013475595,5.529690177732619,1.905614732105719,2.796571800783422,-4.238936013475595,3.0353148543042563,-4.238936013475595,5.049544026307825,-4.238936013475595,-4.238936013475595,2.4452960744752756,4.358228311901436,-4.238936013475595,3.0871527669054073,5.230406658446671,-4.238936013475595,-4.238936013475595,5.0025481031703976,4.221562365824974,2.71122898806371,8.250849178864133,-4.238936013475595,-4.238936013475595,-4.238936013475595,6.75980159358355,-4.238936013475595,3.9647899313126436,-4.238936013475595,3.395289389661917,-4.238936013475595,-4.238936013475595,-4.238936013475595,4.551069613940534,-4.238936013475595,-4.238936013475595,-4.238936013475595,-4.238936013475595,4.788910688627355,2.419322354442074,1.8343397120739642,3.521077435898153,4.501869961519097,-4.238936013475595,4.54445233947831,-4.238936013475595,8.374459051360974,-4.238936013475595,-4.238936013475595,-4.238936013475595,-4.238936013475595,5.819521536033839,5.506094430468908,-4.238936013475595,-4.238936013475595,-4.238936013475595,2.2282319038592027,-4.238936013475595,-4.238936013475595,-4.238936013475595,-4.238936013475595,-4.238936013475595,-4.238936013475595
MET39,-1.6972087296704963,-1.6972087296704963,-1.6972087296704963,-1.6972087296704963,-1.6972087296704963,9.382031048187281,-1.6972087296704963,-1.6972087296704963,-1.6972087296704963,7.582280122771052,-1.6972087296704963,-1.6972087296704963,7.007042401049701,-1.6972087296704963,6.801520679442505,-1.6972087296704963,-1.6972087296704963,7.318816203308143,7.029887628629439,-1.6972087296704963,-1.6972087296704963,-1.6972087296704963,8.391318419690208,-1.6972087296704963,7.876710630883657,9.536030696072181,-1.6972087296704963,8.626867829118709,-1.6972087296704963,-1.6972087296704963,-1.6972087296704963,-1.6972087296704963,-1.6972087296704963,-1.6972087296704963,-1.6972087296704963,-1.6972087296704963,-1.6972087296704963,-1.6972087296704963,-1.6972087296704963,-1.6972087296704963,-1.6972087296704963,-1.6972087296704963,-1.6972087296704963,-1.6972087296704963,-1.6972087296704963,-1.6972087296704963,-1.6972087296704963,-1.6972087296704963,-1.6972087296704963,-1.6972087296704963,6.521840916122938,-1.6972087296704963,-1.6972087296704963,-1.6972087296704963,-1.6972087296704963,-1.6972087296704963,-1.6972087296704963,8.82381558951003,-1.6972087296704963,-1.6972087296704963,-1.6972087296704963,-1.6972087296704963,-1.6972087296704963,-1.6972087296704963,-1.6972087296704963,-1.6972087296704963,-1.6972087296704963,-1.6972087296704963,-1.6972087296704963,-1.6972087296704963,8.045995110219092,-1.6972087296704963,-1.6972087296704963,5.184842787243463,4.678938086858274,-1.6972087296704963,-1.6972087296704963,-1.6972087296704963,11.734668645529398,-1.6972087296704963,-1.6972087296704963,-1.6972087296704963,-1.6972087296704963,7.839674119660433,-1.6972087296704963,-1.6972087296704963,-1.6972087296704963,-1.6972087296704963,-1.6972087296704963,-1.6972087296704963,-1.6972087296704963,-1.6972087296704963,-1.6972087296704963,-1.6972087296704963,-1.6972087296704963
MET4,-4.542560181034791,-4.542560181034791,-4.542560181034791,1.5422479598694272,-4.542560181034791,5.525516357120697,-4.542560181034791,5.770094099017605,-4.542560181034791,4.506649672689511,-4.542560181034791,-4.542560181034791,-4.542560181034791,6.169983455340766,-4.542560181034791,-4.542560181034791,5.266951279329309,-4.542560181034791,-4.542560181034791,-4.542560181034791,-4.542560181034791,-4.542560181034791,2.3619645891485543,2.4276399979518857,6.761757167693893,4.981332204835657,-4.542560181034791,4.848428658675435,6.36974084121054,5.578439478476158,4.390090895254042,-4.542560181034791,-4.542560181034791,-4.542560181034791,5.401952341189595,2.0118516194336653,1.4929206911507276,-4.542560181034791,5.29656809615508,-4.542560181034791,6.725024962078954,-4.542560181034791,-4.542560181034791,4.603148140306094,4.35318206536911,-4.542560181034791,4.283574532652362,5.417360291272086,-4.542560181034791,4.230213601964657,-4.542560181034791,5.750388634601711,4.851077093764999,6.426858789741438,5.490245924396254,2.7189519677151592,-4.542560181034791,7.465068511666073,4.875931233362619,0.8985672354635401,-4.542560181034791,5.509919540680639,-4.542560181034791,-4.542560181034791,-4.542560181034791,-4.542560181034791,-4.542560181034791,-4.542560181034791,-4.542560181034791,6.545970009168336,4.342068606787831,2.8476712558152224,3.3887536854611,4.24004823075529,4.908241949125096,-4.542560181034791,-4.542560181034791,-4.542560181034791,-4.542560181034791,-4.542560181034791,5.6808200931706505,2.0654652646311087,-4.542560181034791,2.3166791197643732,3.2318649860833544,-4.542560181034791,-4.542560181034791,-4.542560181034791,3.1817958868278637,2.6200566615521277,-4.542560181034791,4.78880946928453,6.051802477170034,2.9866388834592072,-4.542560181034791
MET41,2.0095948850657903,-5.2165589928828435,4.26697875906224,0.9159258631248264,-5.2165589928828435,5.847330762978782,1.9117285128824744,2.804209332397927,1.3177829740138218,3.8778129457641874,-5.2165589928828435,-5.2165589928828435,2.5883073366020266,2.0470150749947322,-5.2165589928828435,3.9411892703379996,-5.2165589928828435,3.1741948348144415,-5.2165589928828435,6.208236712148381,2.0335083942057723,3.222478733255362,3.5396898194986033,3.4630899879489743,4.3263564446376455,3.860938419483409,3.468412777569588,4.64668110824349,0.46449967990174557,-5.2165589928828435,-5.2165589928828435,-5.2165589928828435,-5.2165589928828435,-5.2165589928828435,0.9920188788898301,2.2090255759760034,0.146209612014502,2.8101396824442784,-5.2165589928828435,2.0242515272119803,4.382710180229359,-5.2165589928828435,-0.9494084068482458,2.010887851998235,3.728181054271171,-5.2165589928828435,2.762614256608493,3.68272792005308,-5.2165589928828435,-5.2165589928828435,4.258727501684354,2.9323387937124092,2.7031393909602404,6.943464821014988,4.978291404866506,-5.2165589928828435,3.0520907703585296,6.412572298156396,3.7906451194539486,0.4173772532697395,-5.2165589928828435,2.9848358489737308,-5.2165589928828435,-5.2165589928828435,-5.2165589928828435,3.793474534973252,-5.2165589928828435,3.180751683308884,1.264075076101638,1.6925544880654595,3.920754600962823,-5.2165589928828435,-5.2165589928828435,5.145028728873749,5.164436024486211,-5.2165589928828435,3.326594868642161,-0.9582507633687474,6.86053249905963,-5.2165589928828435,-5.2165589928828435,3.1023779165265575,-5.2165589928828435,0.20756814690821201,4.462007612855323,5.230601363936513,-5.2165589928828435,1.3066242876414726,0.9357215562724779,-5.2165589928828435,1.73590816142206,-5.2165589928828435,-5.2165589928828435,-5.2165589928828435,-5.2165589928828435
MET42,3.775716990210735,-2.626508978999013,3.8786892183708366,1.6084140232727364,0.9785434595523439,5.687111011637517,2.2987662998516987,2.6992141033003207,1.0450269601362399,3.48832583692732,-5.663341291250363,-5.663341291250363,1.1858268919820567,2.522885680940216,0.7416990871165225,2.286253498197789,-5.663341291250363,2.719541028593489,-5.663341291250363,6.093575649600188,-5.663341291250363,3.469516404921908,3.2253787729639507,1.5466605647242924,5.549324121702375,5.064108162297497,3.554374607579317,3.1725644283200856,2.957487948151856,-5.663341291250363,2.877879720851057,-5.663341291250363,-5.663341291250363,0.365689584207872,2.056724705996885,2.60664597559228,-0.8932044280931457,2.346611166816385,1.136900521205611,-0.1653005040942528,4.107703068799086,-5.663341291250363,-1.4168535707039887,2.130697806579522,4.149352647575147,-5.663341291250363,2.4881487388423604,3.9119998194692824,-5.663341291250363,-5.663341291250363,2.8140944984397436,3.8356317718401387,2.4437183344133127,6.293932424314885,3.4832594570254045,-5.663341291250363,2.803067605973583,6.065557392046067,1.7156581197912306,1.9839795096962414,1.5077393805280197,1.8999813309366687,-5.663341291250363,-5.663341291250363,-5.663341291250363,3.4277551489604647,-5.663341291250363,4.236286181110001,1.8361347453290824,1.453880648567372,3.8187130051500713,-5.663341291250363,-5.663341291250363,3.9682665965174353,4.729474370642395,-5.663341291250363,2.449585761657989,-5.663341291250363,2.580859720605754,-5.663341291250363,-5.663341291250363,2.9206873610458013,-5.663341291250363,2.76484168302743,4.420262925119108,4.780984898685697,-5.663341291250363,-5.663341291250363,2.3907710462904506,-5.663341291250363,2.312965086650274,-5.663341291250363,-5.663341291250363,-5.663341291250363,-5.663341291250363
MET43,4.038166006530766,-5.025898229867133,2.925471446510164,2.1418856467076166,3.748903962082963,6.519957150892782,3.4693669387086734,-0.3755195470160011,-5.025898229867133,4.685509247383489,-5.025898229867133,-5.025898229867133,4.759239030048564,2.4896662216445327,2.1899345319367693,4.214535473496748,-5.025898229867133,3.93976585936569,0.5670874219273205,5.079918801504222,2.6441180407099747,3.9232715245650738,0.46574411424801454,2.5377354053423034,5.3107691429568415,6.216714391430461,0.834163239898734,4.814027280265492,-0.19982492802383867,-5.025898229867133,-5.025898229867133,-5.025898229867133,-5.025898229867133,-5.025898229867133,-1.2455763591719986,1.3502008420596674,2.305794350585291,3.4786605221999976,-5.025898229867133,-5.025898229867133,3.3448878609184076,-5.025898229867133,2.5624474775792594,1.8026818282516492,3.878133563631196,-5.025898229867133,2.3930113274387548,4.1323211684358165,-5.025898229867133,-5.025898229867133,-1.1401817753157069,1.7436272723403503,-0.9842027049892064,6.12956576146656,5.770108523860992,-5.025898229867133,1.5540271651438093,5.771678784441798,3.295565127872411,0.47199842697420635,-5.025898229867133,1.428889432038149,-5.025898229867133,-5.025898229867133,-5.025898229867133,3.7129173388697216,-5.025898229867133,4.392969436802012,0.905086180292697,2.9040109712730207,4.4644617239584905,-5.025898229867133,2.030060062031837,5.137832296075887,5.100290378728861,-5.025898229867133,2.549777528437872,-5.025898229867133,7.566591995027085,-5.025898229867133,-5.025898229867133,1.0265208804562462,-5.025898229867133,3.3685971250776863,5.723808118411261,4.0242063796943555,-5.025898229867133,-5.025898229867133,3.0409608612005536,-5.025898229867133,-5.025898229867133,-5.025898229867133,-5.025898229867133,-5.025898229867133,-5.025898229867133
MET46,-4.769564780234143,-4.769564780234143,2.5553429111279806,-0.8352692116557527,-4.769564780234143,6.657430045466034,2.3984525719089618,2.9652668804155313,-4.769564780234143,3.8770867209335016,-4.769564780234143,-4.769564780234143,4.94374534486609,4.0342175658962764,-4.769564780234143,4.019421144562222,-4.769564780234143,2.3326438989846228,3.1606508547746017,7.2907891090512065,4.549413298259773,4.221625546689834,4.843991674563789,4.233598838923116,5.789747219828059,6.225773076676427,4.332557587276419,4.7069410335397235,-4.769564780234143,-4.769564780234143,-4.769564780234143,-4.769564780234143,-4.769564780234143,-4.769564780234143,3.186109598509514,-4.769564780234143,3.403483488922422,0.5314923047513069,-4.769564780234143,-4.769564780234143,3.576107409436595,-4.769564780234143,1.4518787388741643,1.6450260341347098,2.6554735780455694,-4.769564780234143,-4.769564780234143,3.3798641033830927,-4.769564780234143,-4.769564780234143,6.117054277835596,1.3252073128472297,-4.769564780234143,6.404915423574005,3.2443734132705035,-4.769564780234143,-4.769564780234143,6.56124438980415,-4.769564780234143,-4.769564780234143,-4.769564780234143,2.788202071862714,1.9895192842938352,-4.769564780234143,-4.769564780234143,-0.2674521415000939,-4.769564780234143,6.089896731836236,-4.769564780234143,3.6833561460353232,4.922678464801719,-4.769564780234143,0.674810855784802,4.048075021278646,4.04610710293677,5.238123526764472,4.670028710489671,-4.769564780234143,6.897877366568188,-4.769564780234143,5.045086207105635,4.2564599541858446,4.914928627501687,3.8195554795281,2.9664273009499222,-4.769564780234143,-4.769564780234143,3.533482473400679,3.449283521687982,-4.769564780234143,1.7696178788442936,-4.769564780234143,-4.769564780234143,-4.769564780234143,-4.769564780234143
MET47,-4.898617285999263,-4.898617285999263,4.842088996700155,3.6836931119575214,-4.898617285999263,7.362556423692248,3.6055970721384174,2.5546069526940185,-4.898617285999263,1.875217622395959,0.5550771577295954,-4.898617285999263,3.4388168231316625,2.1908050518353424,-4.898617285999263,-4.898617285999263,-4.898617285999263,-4.898617285999263,0.1587129880265188,5.725593887869792,2.164638498531545,4.017082465839294,2.0897415325734725,1.5791955358654706,6.294198083352647,3.488123806682487,1.5817069770141003,3.980852652402171,4.1498793213282426,-4.898617285999263,3.38345382022732,-4.898617285999263,-4.898617285999263,-4.898617285999263,1.8624181214115216,-0.17314326667080238,-4.898617285999263,-4.898617285999263,-4.898617285999263,-4.898617285999263,5.893927115820494,-4.898617285999263,-4.898617285999263,2.6370720553863887,1.8602688525198223,-4.898617285999263,-4.898617285999263,2.5878020924694045,-4.898617285999263,3.5405047633734785,2.342325784173595,2.905758173338832,-4.898617285999263,5.531787062426909,6.231384320042444,1.8329407847090016,-4.898617285999263,7.08660778204064,-4.898617285999263,0.14262500650782428,-4.898617285999263,5.420494826686937,3.0221701411122046,-4.898617285999263,-4.898617285999263,-4.898617285999263,-4.898617285999263,-4.898617285999263,2.5874351686751673,-4.898617285999263,3.4889932062940856,4.454252379967144,1.6773185702519537,2.070132402672181,3.173816235959383,3.6864482343255816,3.8988255759417507,1.7000069681620023,6.903173617912104,-4.898617285999263,5.386820720515397,5.238516630299458,4.077481248826994,2.0724895239817647,1.9226996945874983,2.208829777871217,-4.898617285999263,2.570844872442496,2.193166720637511,1.412679871251446,3.976943050059793,-4.898617285999263,-4.898617285999263,-4.898617285999263,-4.898617285999263
MET48,-5.338324067160668,-5.338324067160668,1.4247413427745323,2.5672931992640162,-5.338324067160668,6.05667417291388,3.4646692420406824,2.862816147701394,-5.338324067160668,3.8690687685254765,1.1252245839280866,-5.338324067160668,4.033821836224609,1.9673000106481027,-5.338324067160668,2.0935389731212677,-5.338324067160668,-5.338324067160668,2.33947682094648,5.193192515736905,5.415083969079664,3.4973421885353373,3.8271446428107305,4.035329793339691,5.804653127743942,5.361711681134789,3.9823957303292,3.852254786459407,1.1231733471571594,-5.338324067160668,1.3192561000380278,-5.338324067160668,1.275412319293018,-5.338324067160668,2.5540028227179628,-5.338324067160668,2.4305273811316495,2.2826229787595755,-5.338324067160668,2.9242531722729597,3.504105071112823,-5.338324067160668,-5.338324067160668,2.0060448862104554,-5.338324067160668,-5.338324067160668,-5.338324067160668,3.676051591626897,-5.338324067160668,-5.338324067160668,5.059215669092456,1.7750884319264237,-5.338324067160668,3.5571924201324574,5.8828590926201425,-5.338324067160668,-5.338324067160668,6.452617453416035,0.4849776467372324,-5.338324067160668,-5.338324067160668,2.959943366045798,0.8744287053028481,-5.338324067160668,-5.338324067160668,0.34023745380629755,-5.338324067160668,5.407311138529849,1.767031907901086,4.200710191668599,4.357721741123311,3.1085828416620904,-1.0425463775813526,3.826720752003509,4.342321897278861,4.249002391667588,4.569770935056756,-5.338324067160668,6.19924738399898,-5.338324067160668,4.273350106267232,3.536591615839562,3.2925200124631147,0.00804355213092478,5.365021949720166,1.2982210378451047,-5.338324067160668,3.920343867422062,3.6489497830629682,-5.338324067160668,2.595006247064843,-5.338324067160668,-5.338324067160668,-5.338324067160668,-5.338324067160668
MET51,-4.554677361235033,-4.554677361235033,3.501735245603057,1.2065015392655933,0.3249613538818128,7.10426607554438,4.033942796086802,-4.554677361235033,-4.554677361235033,5.64726739330883,-4.554677361235033,-4.554677361235033,-4.554677361235033,3.2697844655513864,4.694211412489438,4.697589585348356,-4.554677361235033,4.996545222934686,5.835211152763295,5.985545326956471,5.671643600068588,0.8607862640968413,5.203887581762328,5.637023361433881,7.051769026622123,6.962620262991846,4.4850055798481945,3.587243086922956,2.285826178989165,-4.554677361235033,-4.554677361235033,-4.554677361235033,-4.554677361235033,-4.554677361235033,2.5689784565411147,-4.554677361235033,3.5205932725006432,1.9289242643988267,-4.554677361235033,-4.554677361235033,3.375911720466722,-4.554677361235033,-4.554677361235033,2.474184086062265,3.987056455338733,-4.554677361235033,1.3085902323934588,2.1973051856080623,-4.554677361235033,-4.554677361235033,4.857531643903119,3.414417684362511,-4.554677361235033,6.112684908574813,0.676087231144324,-4.554677361235033,3.561637502735895,6.745033958736061,-4.554677361235033,4.74038548534984,-4.554677361235033,4.502527850468143,2.9882084780991116,-4.554677361235033,-4.554677361235033,3.648276383432405,-4.554677361235033,-4.554677361235033,-4.554677361235033,-4.554677361235033,4.977258583375615,3.1968384044320395,-4.554677361235033,3.2256620690831896,5.540249871868218,-4.554677361235033,-4.554677361235033,-4.554677361235033,7.079201476614272,-4.554677361235033,6.321604697082047,5.518279832741362,-4.554677361235033,5.5117404003854045,3.6616693256998865,3.5898804138484177,-4.554677361235033,-4.554677361235033,-4.554677361235033,-4.554677361235033,0.6863948678590894,-4.554677361235033,-4.554677361235033,-4.554677361235033,-4.554677361235033
MET52,-4.967350468473295,-4.967350468473295,4.186244772460999,2.9011404596002555,3.4459480618967797,6.428631238087732,3.7133507601142464,4.285006544875457,-4.967350468473295,6.832151396772034,-4.967350468473295,-4.967350468473295,-4.967350468473295,2.1195297820539496,-4.967350468473295,-4.967350468473295,4.108850436278641,4.624165877722882,2.769744537844802,4.85795705662669,4.908224930901186,-4.967350468473295,4.863387067400186,4.943928822162526,5.162967260369107,5.486702783313148,3.758543196656075,2.808959188072456,3.507642891653213,-4.967350468473295,0.26078367680651837,-4.967350468473295,2.390013209125984,-4.967350468473295,3.2777998671182775,0.4958019432513261,2.7541557165008674,-0.3052502941002633,-4.967350468473295,-4.967350468473295,4.136986011085106,-4.967350468473295,-4.967350468473295,2.463692346797542,4.657595060345303,-4.967350468473295,2.407981519670531,3.5850728481922856,-4.967350468473295,-4.967350468473295,4.106119805984402,3.404691321579314,-4.967350468473295,7.338900180394146,-4.967350468473295,-4.967350468473295,2.0897210293542123,5.6759620373160935,5.2925796925228425,3.248879232349596,2.235289625324289,4.9072063576999625,3.7628712452841713,-4.967350468473295,-4.967350468473295,4.401818952776403,-4.967350468473295,-4.967350468473295,-4.967350468473295,3.2916768775044165,4.417167418541755,1.9176597553680086,-4.967350468473295,4.781064110283177,5.459028768409336,-4.967350468473295,-4.967350468473295,-4.967350468473295,5.552256434406246,-4.967350468473295,0.6867085141769333,4.1334051519944595,-4.967350468473295,3.9870762068770143,5.481964974653794,5.077275747770791,-4.967350468473295,-4.967350468473295,-4.967350468473295,-4.967350468473295,0.5743367971771942,-4.967350468473295,-4.967350468473295,-4.967350468473295,-4.967350468473295
MET53,-4.0296756724463325,-4.0296756724463325,2.056042664285524,3.515977992512096,3.1880268677080297,7.438404009610424,5.249637778006518,2.7565755275248636,-4.0296756724463325,7.230183543872396,-4.0296756724463325,-4.0296756724463325,-4.0296756724463325,3.193525023842092,5.001445186214041,3.0820847428442706,-4.0296756724463325,6.194559070107259,6.083082327823785,6.6136953520468085,6.22886975416827,-4.0296756724463325,6.086209588358614,5.773825582022768,4.713186936825462,7.317560027480005,5.974171174433398,6.780216692963331,-4.0296756724463325,-4.0296756724463325,-4.0296756724463325,-4.0296756724463325,-4.0296756724463325,-4.0296756724463325,2.7033264558728867,-4.0296756724463325,4.106819835960347,1.715835110210044,-4.0296756724463325,-4.0296756724463325,2.6162561248591887,-4.0296756724463325,1.8389546968370043,-4.0296756724463325,3.812331528735305,-4.0296756724463325,2.0835384294177706,2.825965869490074,-4.0296756724463325,-4.0296756724463325,5.172777227512847,3.364405744242773,-4.0296756724463325,5.979688129730585,-4.0296756724463325,-4.0296756724463325,2.803699370694953,5.742490075750811,-4.0296756724463325,4.50252707655556,-4.0296756724463325,4.08623866289185,2.985545498502007,-4.0296756724463325,-4.0296756724463325,3.5031648241782563,-4.0296756724463325,-4.0296756724463325,-4.0296756724463325,-4.0296756724463325,6.207615543645314,4.518865562890571,-4.0296756724463325,4.587355754742978,6.129520768955208,-4.0296756724463325,-4.0296756724463325,-4.0296756724463325,8.444018890740146,-4.0296756724463325,-4.0296756724463325,4.183787100665877,-4.0296756724463325,-4.0296756724463325,7.12145116902988,-4.0296756724463325,-4.0296756724463325,-4.0296756724463325,-4.0296756724463325,-4.0296756724463325,-4.0296756724463325,-4.0296756724463325,-4.0296756724463325,-4.0296756724463325,-4.0296756724463325
MET55,4.648299236434359,-3.468079469029151,4.494821444847702,3.1835952548968853,-3.468079469029151,7.862995018800815,1.8356482447531555,-3.468079469029151,-3.468079469029151,4.3782857802216695,-3.468079469029151,5.980451051960575,5.606044477663809,-3.468079469029151,-3.468079469029151,-3.468079469029151,3.966698276853821,4.559175587765967,4.966968654946547,7.381631465846108,-3.468079469029151,3.935842149161167,5.603593052102551,3.917278781737016,5.708412356789265,5.378444956894725,-3.468079469029151,6.824883219318075,6.544734589526403,4.499354858905204,4.608121989556596,-3.468079469029151,-3.468079469029151,-3.468079469029151,-3.468079469029151,-3.468079469029151,2.2966806602623695,-3.468079469029151,-3.468079469029151,-3.468079469029151,5.119647514403687,-3.468079469029151,-3.468079469029151,3.1945487098412855,-3.468079469029151,-3.468079469029151,-3.468079469029151,4.0632870883524985,-3.468079469029151,-3.468079469029151,4.702019847281922,2.2392795243465944,-3.468079469029151,4.602577356104195,-3.468079469029151,-3.468079469029151,-3.468079469029151,8.000308215516093,-3.468079469029151,5.015325066778504,-3.468079469029151,-3.468079469029151,-3.468079469029151,-3.468079469029151,-3.468079469029151,-3.468079469029151,-3.468079469029151,3.1136258374293346,-3.468079469029151,-3.468079469029151,4.656499980145296,-3.468079469029151,-3.468079469029151,5.677295467524407,5.344357223742926,-3.468079469029151,-3.468079469029151,-3.468079469029151,9.684280193685249,-3.468079469029151,7.414197689766228,0.701337968838498,6.118217630442513,6.383683842187329,-3.468079469029151,-3.468079469029151,-3.468079469029151,-3.468079469029151,-3.468079469029151,-3.468079469029151,-3.468079469029151,-3.468079469029151,-3.468079469029151,-3.468079469029151,-3.468079469029151
MET56,4.423173791554019,-4.037929601408363,3.252048729533705,-4.037929601408363,-4.037929601408363,-4.037929601408363,-4.037929601408363,4.538107425269083,-4.037929601408363,3.7259325976792503,-4.037929601408363,7.062219831863915,2.3202709302232316,-4.037929601408363,-4.037929601408363,-4.037929601408363,-4.037929601408363,4.358438662862388,4.157486568532743,8.433412428948175,-4.037929601408363,-4.037929601408363,3.976553737641173,-4.037929601408363,1.686461158525864,7.419548418217868,-4.037929601408363,-4.037929601408363,6.288745458629073,5.68241342010342,5.486029575532,-4.037929601408363,-4.037929601408363,-4.037929601408363,2.4406512301200785,2.3075278554665744,-4.037929601408363,-4.037929601408363,4.617783211980153,-4.037929601408363,5.391201796701058,4.23566537991938,-4.037929601408363,3.5774527145306854,4.366146844344784,-4.037929601408363,4.570217519623979,5.660699860361745,-4.037929601408363,5.063901309080262,2.9929786433222407,3.8725715364282447,2.6613714985163144,5.288901706462224,-4.037929601408363,3.191975391697861,-4.037929601408363,6.2289743040897285,-4.037929601408363,-4.037929601408363,3.0887784910472575,3.3041326582615147,2.0319868454862666,-4.037929601408363,-4.037929601408363,3.034487243579443,-4.037929601408363,6.03674474501879,-4.037929601408363,-4.037929601408363,-4.037929601408363,-4.037929601408363,-4.037929601408363,2.564117286192218,2.8029742341124138,-4.037929601408363,-4.037929601408363,-4.037929601408363,8.589689436985788,-4.037929601408363,5.65345783167051,-4.037929601408363,3.6404695511968583,5.862523801175497,-4.037929601408363,-4.037929601408363,5.178024676258363,-4.037929601408363,1.0173459982777242,-4.037929601408363,-4.037929601408363,2.9543252865901284,2.820628845395495,-4.037929601408363,-4.037929601408363
MET57,-2.572717728285282,4.884938088520906,6.704237320811098,-2.572717728285282,-2.572717728285282,-2.572717728285282,-2.572717728285282,-2.572717728285282,-2.572717728285282,-2.572717728285282,-2.572717728285282,6.9759539902346495,-2.572717728285282,-2.572717728285282,-2.572717728285282,-2.572717728285282,-2.572717728285282,5.733913238566941,7.6239657099053515,9.254059946071209,-2.572717728285282,-2.572717728285282,6.580488470952481,2.5553453216364055,-2.572717728285282,8.333922940666532,-2.572717728285282,-2.572717728285282,-2.572717728285282,-2.572717728285282,8.391606739074517,-2.572717728285282,-2.572717728285282,-2.572717728285282,-2.572717728285282,2.2684252062884394,-2.572717728285282,-2.572717728285282,5.00282109350254,-2.572717728285282,6.436033062226168,6.08865463258635,-2.572717728285282,-2.572717728285282,2.2388850335837134,-2.572717728285282,-2.572717728285282,6.457100360425254,-2.572717728285282,-2.572717728285282,6.79226041881702,-2.572717728285282,3.7736360860781346,6.203947498911032,-2.572717728285282,-2.572717728285282,-2.572717728285282,10.260643542116496,-2.572717728285282,-2.572717728285282,6.9247170756525795,5.921981639261563,-2.572717728285282,-2.572717728285282,-2.572717728285282,5.397610503785517,-2.572717728285282,-2.572717728285282,-2.572717728285282,-2.572717728285282,-2.572717728285282,-2.572717728285282,-2.572717728285282,2.1841128307008866,5.273429271402459,-2.572717728285282,-2.572717728285282,-2.572717728285282,9.65848612899446,-2.572717728285282,6.955350025761721,-2.572717728285282,-2.572717728285282,7.495561618578224,-2.572717728285282,-2.572717728285282,-2.572717728285282,-2.572717728285282,-2.572717728285282,-2.572717728285282,-2.572717728285282,-2.572717728285282,-2.572717728285282,-2.572717728285282,-2.572717728285282
MET6,-5.840165785560963,1.2249020791828125,1.4766186379841644,5.542111706045889,-5.840165785560963,4.689821807814918,1.1908331008615463,2.1330344219362294,2.201620494172584,2.299698904506002,0.6258603033339494,-5.840165785560963,2.4773537511140296,3.9044814138056845,-5.840165785560963,-0.0852933586959086,1.067446850113523,-1.0624964456972386,2.12149411595939,-5.840165785560963,-5.840165785560963,0.707328011873523,3.805770757902968,0.4902723806767719,4.677273651565271,2.630657188481658,-5.840165785560963,3.0907961103292125,5.753197900058083,4.945158746928122,5.152071068657104,2.688469970821389,-0.31996890621408447,-5.840165785560963,4.158769928282549,3.2521576697023598,0.24663548195928708,-5.840165785560963,0.2544510170382548,-5.840165785560963,5.2677399084849,-5.840165785560963,-5.840165785560963,3.1905064635382168,3.5066918174378756,-5.840165785560963,2.4693259613259952,4.013422757870089,-5.840165785560963,2.1881291893387758,2.4502002514657315,5.8113618332111,-0.6241439229280026,2.2881988843208036,3.857277999976313,2.0349766153436084,1.6566320467899187,4.989684884088321,1.2239500589524068,-0.579218560153695,0.7527444056396924,1.4479508639966037,2.926524034317751,-5.840165785560963,-5.840165785560963,4.079476872252099,-5.840165785560963,3.650719129328433,-5.840165785560963,4.145107210262701,3.0985707187532707,2.0569555411468263,-5.840165785560963,3.1028720528064673,3.397369180905815,-5.840165785560963,-5.840165785560963,-5.840165785560963,-5.840165785560963,-5.840165785560963,4.3156522529033285,3.4361654634143575,-5.840165785560963,2.4775712962422025,5.122685831363465,1.461035819541725,-5.840165785560963,0.7998331071546332,2.231030765907481,1.1467526184024424,3.4373324465234685,-5.840165785560963,1.193193220842785,-5.840165785560963,-5.840165785560963
MET60,-5.08563247661661,1.5803733828032396,2.3982335170385536,2.399654667804131,-5.08563247661661,5.106885280543138,1.873906395620896,4.781905764036342,1.9305100507270057,4.761915734741299,-5.08563247661661,1.4071579692184581,2.2695895530251127,2.1686536545197184,0.7716126359520121,1.2494474023507367,-5.08563247661661,3.261985599372652,3.401816730418319,4.50751620591954,0.898106613029789,0.8489833993559257,4.69655484429469,0.08305020971583765,4.781517516149502,6.012396823285558,2.019676767266615,4.521470346522323,3.360978123912294,2.428600198867163,3.1290908323845725,-5.08563247661661,-5.08563247661661,-5.08563247661661,2.659123589366094,-5.08563247661661,-5.08563247661661,-5.08563247661661,-5.08563247661661,-5.08563247661661,3.525246680719503,-5.08563247661661,0.5243724401124119,0.7508539675516577,3.8062116667163215,2.4293173460790465,1.2810621801379094,4.770744067333087,-5.08563247661661,-5.08563247661661,2.049060843438798,3.4106193335494135,1.0019135872199847,3.393356634540038,0.15954683646864964,-5.08563247661661,3.5229401249425853,5.67527207304897,-5.08563247661661,1.5961018415258321,-5.08563247661661,2.9593058188832337,1.0980408070362069,-5.08563247661661,1.1131663007882766,-5.08563247661661,-5.08563247661661,-5.08563247661661,-5.08563247661661,1.7969252175223156,2.3638588735753334,3.0054836546334744,-5.08563247661661,3.739801828325186,3.9147472346011005,3.2880939738548847,-5.08563247661661,-5.08563247661661,8.061866182265337,-5.08563247661661,6.354461046976074,3.57416332680686,-5.08563247661661,4.1223923408167265,0.48353316576430494,3.312261681330641,-5.08563247661661,-5.08563247661661,4.245720236851264,-5.08563247661661,-5.08563247661661,-5.08563247661661,-5.08563247661661,1.668641874727209,0.6017072085800219
MET61,6.2228819122286065,-3.6597324286851567,4.743076424350836,-3.6597324286851567,-3.6597324286851567,1.697468347946101,-3.6597324286851567,4.564991663792612,-3.6597324286851567,5.398153932509605,-3.6597324286851567,-3.6597324286851567,-3.6597324286851567,-3.6597324286851567,-3.6597324286851567,-3.6597324286851567,2.985228087645102,4.099593966132848,3.3910808995455,3.714898028086724,4.084068375649667,-3.6597324286851567,5.81142764014548,0.7914211013360344,3.759359828546013,6.713205347403148,-3.6597324286851567,4.840569434013692,4.434820636829433,4.7601814575028,5.2057383952241105,-3.6597324286851567,-3.6597324286851567,-3.6597324286851567,2.335148156688043,3.4074569082862887,-3.6597324286851567,-3.6597324286851567,-3.6597324286851567,-3.6597324286851567,5.411620509451693,-3.6597324286851567,-3.6597324286851567,-3.6597324286851567,5.31205315539772,-3.6597324286851567,3.8208621343637796,6.912310459821305,-3.6597324286851567,-3.6597324286851567,-3.6597324286851567,3.9926577114258697,4.152898528372188,4.8590444849537455,-3.6597324286851567,-3.6597324286851567,3.859172740069429,7.891122028732752,-3.6597324286851567,3.464233854979164,-3.6597324286851567,3.9944555094964915,1.7137088524568345,-3.6597324286851567,4.749850450127101,-3.6597324286851567,-3.6597324286851567,-3.6597324286851567,-3.6597324286851567,-3.6597324286851567,-3.6597324286851567,5.333296237519055,-3.6597324286851567,4.466468446266583,2.8703240262791896,-3.6597324286851567,-3.6597324286851567,-3.6597324286851567,9.452710562190864,-3.6597324286851567,8.270108275846932,4.048264033192624,-3.6597324286851567,5.776526131335439,-3.6597324286851567,-3.6597324286851567,-3.6597324286851567,-3.6597324286851567,6.672821559070348,-3.6597324286851567,-3.6597324286851567,-3.6597324286851567,-3.6597324286851567,-3.6597324286851567,3.9805384851005456
MET62,4.134454221983814,-4.3326116492293,2.9903778970693935,-4.3326116492293,-4.3326116492293,3.0322489604992278,-4.3326116492293,3.4448573571726993,-4.3326116492293,4.869501102632111,-4.3326116492293,1.0790087565999986,-4.3326116492293,-4.3326116492293,1.7483749367642707,3.6091638470452354,-4.3326116492293,0.8107260739504607,2.744628186938553,5.043932785871739,3.426466421111261,-4.3326116492293,4.549388589923686,0.9896029971677365,3.7007125421144265,5.805054299967706,2.1300913750795996,5.149664176618862,3.839877171387416,3.8131098207332954,4.064794090502249,-4.3326116492293,-4.3326116492293,-4.3326116492293,1.4994650597177257,2.2915847873957143,-4.3326116492293,-4.3326116492293,-4.3326116492293,-4.3326116492293,5.151639244113779,-4.3326116492293,-4.3326116492293,1.4529289918735717,4.33566589952111,2.5894483571427482,3.1093508599936666,5.339336604944477,-4.3326116492293,5.70995095818337,-4.3326116492293,1.9383570850561984,2.5180106038443304,6.41482839877172,-4.3326116492293,-4.3326116492293,2.7459107464077483,6.622566154504617,-4.3326116492293,2.847085196341065,-4.3326116492293,2.9509319577222337,1.6840196872800783,-4.3326116492293,2.902659782429291,-4.3326116492293,-4.3326116492293,-4.3326116492293,-4.3326116492293,-4.3326116492293,2.175094104618254,3.7810945353379424,-4.3326116492293,3.3558895833919644,2.748726600318207,2.350387864584717,-4.3326116492293,-4.3326116492293,9.118926686124881,-4.3326116492293,5.045733802146003,2.400145272955389,-4.3326116492293,3.876623017139355,-4.3326116492293,3.3502090371881508,-4.3326116492293,-4.3326116492293,3.517192246470711,-4.3326116492293,-4.3326116492293,2.8689316910146534,2.6912968131268347,-4.3326116492293,1.6096620268357853
MET64,0.4570790456385243,-4.990894722630417,3.5241692910543794,-4.990894722630417,4.034894872443711,2.6109888281038547,1.0409692020215493,2.74335337636494,-4.990894722630417,2.40244867989567,3.198067277987578,-4.990894722630417,5.081093625167981,-0.6557829949865184,-4.990894722630417,0.6315401799512941,-4.990894722630417,0.8184257242509627,4.168147930671169,3.056091945084992,3.2647910532487012,1.6241523057898872,3.53775165159587,4.056690168531794,5.645678143346254,4.566235376381854,2.3128560875165505,-4.990894722630417,3.5758862340847877,-4.990894722630417,1.4372621839623356,-4.990894722630417,2.3297242571168066,-4.990894722630417,2.9554325424477996,-4.990894722630417,2.1008810534508786,3.0790393379096033,2.1858166591822874,-4.990894722630417,4.918755386430705,-4.990894722630417,-4.990894722630417,2.361571844806889,4.732155837648027,-4.990894722630417,2.6476097426608707,4.3216573244302054,-4.990894722630417,1.4839271140759536,5.128154059405688,4.438171663453952,2.2723539434278655,5.977147245342944,3.6635235065230987,2.568336114633108,-0.030986580706370503,6.086395637831005,3.209743551129926,2.0329287570750942,-4.990894722630417,2.205814693259742,-4.990894722630417,-4.990894722630417,-4.990894722630417,2.360936255139335,-4.990894722630417,2.7669291752890883,-4.990894722630417,2.777743847118437,4.177701473268467,2.4544428883424922,0.44275269781732796,4.453152466353637,4.59142293692457,-4.990894722630417,-4.990894722630417,-4.990894722630417,8.098643308338819,-4.990894722630417,5.538494482477848,3.9865358219946136,-4.990894722630417,3.570747922606718,-4.990894722630417,-4.990894722630417,-4.990894722630417,-4.990894722630417,5.6426575820090505,-4.990894722630417,-4.990894722630417,-4.990894722630417,-4.990894722630417,-4.990894722630417,-4.990894722630417
MET65,4.7630978665141175,-5.264960679552416,3.39032545651043,0.9516663727585888,2.420711239243529,2.6448570886110003,0.9765519738899826,2.1813432950530443,-5.264960679552416,1.4098813342669505,-5.264960679552416,-5.264960679552416,4.263571202895461,-1.2288809518073318,-5.264960679552416,2.7371658495782265,-5.264960679552416,-5.264960679552416,3.349394370466711,2.8017042227697893,3.195827234143769,1.3874290275930505,2.427529646781559,3.511777949430023,4.844477724450667,3.9534821248750056,1.9459154165958266,-5.264960679552416,3.0813070012382155,-5.264960679552416,3.622829532687155,-5.264960679552416,2.4705959429954385,-5.264960679552416,3.5659982910169763,2.180763659289372,1.8621561602127352,2.100424447444068,4.314280770415707,1.1896453366710888,5.07995978449712,-5.264960679552416,-5.264960679552416,2.5113483844762605,4.74261424591999,-5.264960679552416,2.9979211480838197,5.048678432662213,-5.264960679552416,-5.264960679552416,4.012105075618145,4.784433786723866,3.3553744897160955,6.943914936773935,1.75969039581725,-5.264960679552416,-0.6072041652229387,6.572155751843426,2.2808585572543816,2.0818526336672685,1.1883054675101965,2.287580493454321,3.058636043547869,-5.264960679552416,-5.264960679552416,2.860903200033926,-5.264960679552416,-5.264960679552416,-0.8899415020528441,2.469107113577814,4.131380434860568,2.6593841502869164,-5.264960679552416,4.7143856725846165,5.236795969719086,-5.264960679552416,-5.264960679552416,-5.264960679552416,6.932058613508526,-5.264960679552416,4.799218580727853,-5.264960679552416,-5.264960679552416,3.701584817684205,3.5623224690752275,3.362818746627938,-5.264960679552416,-5.264960679552416,5.497699357485168,-5.264960679552416,0.8218511112808962,-5.264960679552416,-5.264960679552416,-5.264960679552416,-5.264960679552416
MET66,5.055055174457184,-1.7273141328383375,-1.7273141328383375,-1.7273141328383375,-1.7273141328383375,-1.7273141328383375,-1.7273141328383375,-1.7273141328383375,-1.7273141328383375,-1.7273141328383375,-1.7273141328383375,-1.7273141328383375,3.617060389271293,-1.7273141328383375,-1.7273141328383375,3.8065604971599676,-1.7273141328383375,-1.7273141328383375,3.595059588797943,-1.7273141328383375,-1.7273141328383375,-1.7273141328383375,-1.7273141328383375,-1.7273141328383375,4.471388050754133,6.165403140918652,-1.7273141328383375,-1.7273141328383375,-1.7273141328383375,-1.7273141328383375,-1.7273141328383375,-1.7273141328383375,-1.7273141328383375,-1.7273141328383375,-1.7273141328383375,-1.7273141328383375,-1.7273141328383375,-1.7273141328383375,-1.7273141328383375,-1.7273141328383375,5.004572926329959,-1.7273141328383375,-1.7273141328383375,-1.7273141328383375,-1.7273141328383375,-1.7273141328383375,-1.7273141328383375,3.708729783691993,-1.7273141328383375,-1.7273141328383375,-1.7273141328383375,-1.7273141328383375,-1.7273141328383375,7.9477722649972495,-1.7273141328383375,3.913431121363132,-1.7273141328383375,7.916534281304692,-1.7273141328383375,-1.7273141328383375,-1.7273141328383375,-1.7273141328383375,2.1911968661056758,-1.7273141328383375,-1.7273141328383375,-1.7273141328383375,-1.7273141328383375,5.323195431496612,-1.7273141328383375,-1.7273141328383375,5.60585470102941,3.775912288750435,-1.7273141328383375,4.6406203794593015,5.56088704554168,-1.7273141328383375,-1.7273141328383375,-1.7273141328383375,11.98752697523745,-1.7273141328383375,8.984539256505577,4.942433571168749,-1.7273141328383375,4.561448494502048,7.071405776917748,-1.7273141328383375,-1.7273141328383375,-1.7273141328383375,4.520029558597689,-1.7273141328383375,-1.7273141328383375,-1.7273141328383375,-1.7273141328383375,-1.7273141328383375,-1.7273141328383375
MET69,5.723422417028944,2.5006109003900345,3.786034661987131,0.9949476888852065,-4.401354254921355,5.303168175337015,-4.401354254921355,5.8718888511790475,2.933726936970036,1.813348695923814,-4.401354254921355,-4.401354254921355,-4.401354254921355,1.2149256853913624,3.56029960499914,1.9385689982880923,-4.401354254921355,2.3707437530381483,2.6238582844023153,5.080175724766785,-4.401354254921355,1.2171841660451417,-4.401354254921355,-4.401354254921355,6.147895724865146,5.715039958488182,-4.401354254921355,5.889969547715448,5.959459265621479,4.889386320418438,5.503948409780428,-4.401354254921355,-4.401354254921355,3.125834329691414,5.992333824970004,-4.401354254921355,-4.401354254921355,-4.401354254921355,-4.401354254921355,-4.401354254921355,6.196315570293505,-4.401354254921355,-4.401354254921355,3.778806199986276,5.150573575688,-4.401354254921355,3.6381384136643655,5.682105247477698,-4.401354254921355,0.5380953285792991,5.8488100953437705,-4.401354254921355,0.9153218005130768,7.250689362922511,-4.401354254921355,-4.401354254921355,5.951385419492009,7.977719930025842,3.602540757222487,-4.401354254921355,-4.401354254921355,4.173157028482557,-4.401354254921355,-4.401354254921355,-4.401354254921355,0.09932858345319318,-4.401354254921355,-4.401354254921355,-4.401354254921355,-4.401354254921355,3.198453201615461,-4.401354254921355,2.931562676150719,4.372916239794568,3.926532902985862,6.718134368490958,-4.401354254921355,-4.401354254921355,6.962431707872023,-4.401354254921355,3.4889613981256336,-4.401354254921355,4.919846678357029,-1.2542041096575964,-4.401354254921355,5.606493918521341,-4.401354254921355,-4.401354254921355,-4.401354254921355,-4.401354254921355,-4.401354254921355,2.537128649600132,3.8327777249479285,-4.401354254921355,-0.1398531246708874
MET7,-3.3862341590553857,-3.3862341590553857,-3.3862341590553857,9.79902093736832,-3.3862341590553857,8.364157429067197,3.9948928327710513,-3.3862341590553857,-3.3862341590553857,6.475290946993148,-3.3862341590553857,-3.3862341590553857,5.210032846086568,6.00247512340817,-3.3862341590553857,-3.3862341590553857,6.884170632997652,-3.3862341590553857,5.611198116850786,-3.3862341590553857,-3.3862341590553857,-3.3862341590553857,5.5676315013502675,4.612311726870554,7.276168031226675,6.204545176362002,-3.3862341590553857,5.959368986589764,5.514184075461388,5.074954649561529,5.687319777413929,-3.3862341590553857,4.406410938355514,-3.3862341590553857,2.6325070454969453,-3.3862341590553857,4.802684105866471,-3.3862341590553857,-3.3862341590553857,5.091609224994963,7.356563140841441,-3.3862341590553857,-3.3862341590553857,-3.3862341590553857,-3.3862341590553857,-3.3862341590553857,-3.3862341590553857,2.9239057119456504,-3.3862341590553857,-3.3862341590553857,-3.3862341590553857,2.670136225796516,-3.3862341590553857,1.0869560975375894,3.758839806943011,-3.3862341590553857,-3.3862341590553857,6.8169722733667,-3.3862341590553857,3.8325822036778554,5.781391986262973,-3.3862341590553857,1.5210674862740134,-3.3862341590553857,-3.3862341590553857,4.599481454488205,-3.3862341590553857,-3.3862341590553857,-3.3862341590553857,3.178654255633252,7.168156312694114,5.674940358298566,-3.3862341590553857,5.820664456299896,4.700882527645112,-3.3862341590553857,-3.3862341590553857,-3.3862341590553857,-3.3862341590553857,-3.3862341590553857,3.1477466828191636,-3.3862341590553857,-3.3862341590553857,-3.3862341590553857,3.959886095393613,-3.3862341590553857,-3.3862341590553857,-3.3862341590553857,-3.3862341590553857,-3.3862341590553857,3.8455858851454527,-3.3862341590553857,-3.3862341590553857,-3.3862341590553857,-3.3862341590553857
MET70,7.34146592714185,4.443519126772063,4.620438771577887,-3.9642872362825656,-3.9642872362825656,5.255254434713426,-3.9642872362825656,5.595071021989577,4.89128113769537,-0.7507694376932523,-3.9642872362825656,-3.9642872362825656,-3.9642872362825656,-3.9642872362825656,2.0086485950384354,2.9424661400495964,-3.9642872362825656,-3.9642872362825656,2.9311331392809787,5.510569370762189,-3.9642872362825656,-3.9642872362825656,0.047803775746144694,-3.9642872362825656,4.8095527403638005,5.441761578022027,-3.9642872362825656,5.0852448427811066,8.730360332094207,6.288357625584204,5.944720050251906,-3.9642872362825656,-3.9642872362825656,2.621708740170763,5.9587171083108,2.0172130219047038,-3.9642872362825656,-3.9642872362825656,-3.9642872362825656,-3.9642872362825656,7.389494564281945,0.14109648453626988,-3.9642872362825656,2.4609847138025955,5.667312889531135,-3.9642872362825656,4.735456670315052,6.215998221422478,-3.9642872362825656,-3.9642872362825656,-3.9642872362825656,-3.9642872362825656,0.7681972549913887,5.739769498837406,-3.9642872362825656,-3.9642872362825656,6.211446884811606,7.972346212723951,-3.9642872362825656,-3.9642872362825656,-3.9642872362825656,5.344075051063617,-3.9642872362825656,-3.9642872362825656,-3.9642872362825656,1.7964035745878277,-3.9642872362825656,-3.9642872362825656,-3.9642872362825656,-3.9642872362825656,-3.9642872362825656,-3.9642872362825656,-3.9642872362825656,4.231068029912389,3.4782701641231695,6.430416275738127,-3.9642872362825656,-3.9642872362825656,4.79677304346464,-3.9642872362825656,6.086768024851402,-3.9642872362825656,5.923710337285746,3.982655025764429,-3.9642872362825656,3.056009524170241,-3.9642872362825656,-3.9642872362825656,-3.9642872362825656,-3.9642872362825656,-3.9642872362825656,3.7560296638164035,3.06790920909863,3.419884720128451,3.8077677323103494
MET71,5.575283444999476,0.0021893781195689854,2.006481680415395,2.689121881093814,-5.4059321752273615,6.309695714390344,-0.7844752975600198,2.7142320952642667,0.33209277205314613,3.201982475169528,1.0775305386866556,0.09565404220274232,-5.4059321752273615,2.877952554503291,4.39414202431843,4.609569207964608,-5.4059321752273615,1.0420444543341603,3.680535434073019,5.534978340088818,-5.4059321752273615,2.915541648674174,3.8555678038147256,2.1467819489548603,4.084977520737935,3.4537405984851777,1.0399941294894237,6.166763596447124,6.284566504891155,3.969741720668524,4.539154606662356,-5.4059321752273615,-5.4059321752273615,1.7398817228640047,2.210354173701548,2.1018660288636113,2.158373611250643,0.7879600473113753,-5.4059321752273615,-5.4059321752273615,5.847971258330578,-0.4848651268681863,1.108843875600324,0.23429912959470478,3.8430566816451126,-5.4059321752273615,2.0309517976783367,4.237071425925596,-5.4059321752273615,-5.4059321752273615,1.1451026238150597,-5.4059321752273615,-5.4059321752273615,4.377491297421797,1.739510992242037,-5.4059321752273615,2.556955008246824,5.807856828177524,-0.00044774670659109006,2.4927179919562867,2.413636918229497,3.0628565484192114,-5.4059321752273615,-5.4059321752273615,-5.4059321752273615,1.6108873212898898,-5.4059321752273615,2.4385040668984317,-5.4059321752273615,-5.4059321752273615,4.102513566445566,-5.4059321752273615,-5.4059321752273615,1.419787814230597,5.082035688433912,5.661986218889261,-5.4059321752273615,-5.4059321752273615,5.078030081873857,-5.4059321752273615,1.95155249252005,-5.4059321752273615,2.027899526325073,3.662894434152439,-5.4059321752273615,-5.4059321752273615,-5.4059321752273615,-5.4059321752273615,3.722735950568045,0.5219284345380695,-5.4059321752273615,0.2663544022311086,0.33738078115407966,-5.4059321752273615,1.878052921082781
MET74,-4.085805603040644,-4.085805603040644,4.343219926651461,0.3679206883710755,-4.085805603040644,3.7825403211188373,3.4075166705282793,4.739348488904175,1.3627593503787843,5.157565294709516,-4.085805603040644,-4.085805603040644,-4.085805603040644,-4.085805603040644,-4.085805603040644,6.162764344606192,5.002051568776302,3.8938758186920435,5.269485755132284,8.412747380927538,6.501981391556395,-4.085805603040644,6.245706391663758,4.486785426944842,5.89314041762618,7.415804728112767,-4.085805603040644,5.041633962969436,-4.085805603040644,-4.085805603040644,-4.085805603040644,-4.085805603040644,-4.085805603040644,-4.085805603040644,-4.085805603040644,4.015507687023097,-4.085805603040644,-4.085805603040644,-4.085805603040644,-4.085805603040644,3.857154662006728,-4.085805603040644,0.04480917569726017,1.9947755965841205,2.704884080143154,-4.085805603040644,2.738543522371857,4.5622839140596145,-4.085805603040644,-4.085805603040644,6.665669218423494,3.575909821995186,3.0740688469584567,4.3874786852138445,-4.085805603040644,-4.085805603040644,5.909869107318629,7.981394177768647,-4.085805603040644,2.9292657532859776,2.0222490476312105,4.473645769688817,4.664857586653061,-4.085805603040644,-4.085805603040644,-4.085805603040644,-4.085805603040644,4.467203128189903,-4.085805603040644,-4.085805603040644,-4.085805603040644,-4.085805603040644,-4.085805603040644,4.588504301799727,4.7380820897098,6.380363616905653,-4.085805603040644,-4.085805603040644,5.625829491678658,-4.085805603040644,7.254201331638667,2.8385995486093183,-4.085805603040644,0.11800976475811709,3.8048314329620467,-4.085805603040644,-4.085805603040644,5.385592493659589,1.914042768585852,-4.085805603040644,-4.085805603040644,-4.085805603040644,-4.085805603040644,-4.085805603040644,-4.085805603040644
MET75,-4.4899493292618295,2.418932768505641,5.37867167753976,-4.4899493292618295,-4.4899493292618295,2.3178272394252204,1.604146776077437,6.02732663987177,3.4939112071684555,5.883902472895198,1.2247931936132055,3.941344452336109,-4.4899493292618295,-4.4899493292618295,-4.4899493292618295,5.92201141389919,1.3500742539929504,2.763019131800421,3.623904843230595,7.209425834995157,6.456290964079041,-4.4899493292618295,5.645801857297863,5.923479961429999,5.255012931488214,7.598887165741947,2.51002451345369,4.161553656798119,-4.4899493292618295,-4.4899493292618295,-4.4899493292618295,-4.4899493292618295,-4.4899493292618295,-0.8296415041329279,2.545376737526211,3.2753268135990368,-4.4899493292618295,-4.4899493292618295,-4.4899493292618295,1.8564942947351648,-4.4899493292618295,-4.4899493292618295,3.573323831048439,2.7520396085191594,2.9729268470212977,-4.4899493292618295,3.8299103904364964,5.962199280980361,4.068592001199399,-4.4899493292618295,-4.4899493292618295,4.922772520486419,4.271585081277875,4.088136112005611,-4.4899493292618295,-4.4899493292618295,5.569703870921169,6.9307232333650175,-4.4899493292618295,2.330033420467437,3.8077594627802407,4.242698794603189,2.535748567282017,-4.4899493292618295,-4.4899493292618295,-4.4899493292618295,-4.4899493292618295,-4.4899493292618295,-4.4899493292618295,-4.4899493292618295,2.5233774664253934,-4.4899493292618295,-4.4899493292618295,4.969606620963775,3.849362041885718,2.976240836879242,-4.4899493292618295,-4.4899493292618295,7.096616190602677,-4.4899493292618295,-4.4899493292618295,5.361123348586965,-4.4899493292618295,6.539018172719544,4.792805598642068,-4.4899493292618295,-4.4899493292618295,-4.4899493292618295,2.379779191755408,-4.4899493292618295,-4.4899493292618295,-4.4899493292618295,2.143738028559297,-4.4899493292618295,-4.4899493292618295
MET76,-4.298459507236338,1.6012976657189082,3.637655175115394,-4.298459507236338,-4.298459507236338,7.071149625201123,4.730210917520008,4.862448898505746,2.319508292294377,4.801725688987846,6.327705145821589,2.4017498783986513,-4.298459507236338,-4.298459507236338,-4.298459507236338,6.935209478889279,2.547699899672324,2.8258693895047218,4.160894453856026,5.106816283716567,-4.298459507236338,6.443327806724069,4.644948961465369,6.265808670233556,5.890228303913467,8.212154659646016,-4.298459507236338,7.400436041459037,-4.298459507236338,-4.298459507236338,-4.298459507236338,-4.298459507236338,-4.298459507236338,-4.298459507236338,-4.298459507236338,2.8937264617256364,3.825841359236538,0.24237743495522324,-4.298459507236338,-4.298459507236338,1.7077988756007612,-4.298459507236338,6.9387476275602555,-4.298459507236338,1.9029866255544468,-4.298459507236338,3.560860150774034,3.072873065048369,-4.298459507236338,-4.298459507236338,4.006811927218861,3.225196244736285,-4.298459507236338,2.7588691887152157,-4.298459507236338,1.2294668456859004,3.0505976192673714,6.36866016203378,-4.298459507236338,2.8149116865240673,2.719960408504738,2.840158674425701,2.983547276767757,-4.298459507236338,-4.298459507236338,-4.298459507236338,-4.298459507236338,-4.298459507236338,-4.298459507236338,-4.298459507236338,5.859772100817027,-4.298459507236338,-4.298459507236338,5.708541657251791,3.4834224809319796,5.232837975756432,-4.298459507236338,-4.298459507236338,3.197472763340783,-4.298459507236338,-4.298459507236338,2.391270120608647,-4.298459507236338,5.235943331748218,2.5079150872978584,4.52638764540254,-4.298459507236338,3.974262715470739,1.2810745832660775,-4.298459507236338,-4.298459507236338,-4.298459507236338,-4.298459507236338,-4.298459507236338,-4.298459507236338
MET78,-1.413703363880792,-1.413703363880792,8.230698685414524,-1.413703363880792,-1.413703363880792,-1.413703363880792,-1.413703363880792,8.978560663684277,-1.413703363880792,-1.413703363880792,-1.413703363880792,-1.413703363880792,-1.413703363880792,-1.413703363880792,-1.413703363880792,-1.413703363880792,-1.413703363880792,-1.413703363880792,-1.413703363880792,-1.413703363880792,-1.413703363880792,-1.413703363880792,-1.413703363880792,-1.413703363880792,-1.413703363880792,-1.413703363880792,-1.413703363880792,-1.413703363880792,6.451092756647605,5.116042936969319,-1.413703363880792,-1.413703363880792,-1.413703363880792,-1.413703363880792,4.984598652772445,5.957200903864717,-1.413703363880792,-1.413703363880792,7.693964113873686,-1.413703363880792,4.248844029648213,-1.413703363880792,-1.413703363880792,-1.413703363880792,5.320165940503819,-1.413703363880792,-1.413703363880792,7.666144804292176,-1.413703363880792,-1.413703363880792,-1.413703363880792,-1.413703363880792,-1.413703363880792,-1.413703363880792,-1.413703363880792,-1.413703363880792,-1.413703363880792,8.850366699722148,-1.413703363880792,-1.413703363880792,-1.413703363880792,-1.413703363880792,-1.413703363880792,-1.413703363880792,6.16829999526389,2.5570319192556106,-1.413703363880792,-1.413703363880792,-1.413703363880792,-1.413703363880792,-1.413703363880792,-1.413703363880792,-1.413703363880792,-1.413703363880792,-1.413703363880792,-1.413703363880792,-1.413703363880792,-1.413703363880792,12.28978903222869,-1.413703363880792,4.4508764158411225,-1.413703363880792,-1.413703363880792,6.001858404850092,-1.413703363880792,-1.413703363880792,-1.413703363880792,-1.413703363880792,-1.413703363880792,-1.413703363880792,-1.413703363880792,-1.413703363880792,5.303326427867114,-1.413703363880792,-1.413703363880792
MET79,-1.368825014265738,-1.368825014265738,9.032430713540691,-1.368825014265738,-1.368825014265738,-1.368825014265738,-1.368825014265738,8.613013372170554,-1.368825014265738,-1.368825014265738,-1.368825014265738,-1.368825014265738,-1.368825014265738,-1.368825014265738,-1.368825014265738,-1.368825014265738,-1.368825014265738,-1.368825014265738,-1.368825014265738,-1.368825014265738,-1.368825014265738,-1.368825014265738,-1.368825014265738,-1.368825014265738,-1.368825014265738,-1.368825014265738,-1.368825014265738,-1.368825014265738,6.647298419903025,5.451317646368027,6.020496456739747,4.6124494602349015,-1.368825014265738,-1.368825014265738,4.978811379559483,-1.368825014265738,-1.368825014265738,-1.368825014265738,8.675606273093967,-1.368825014265738,3.387283868642582,-1.368825014265738,-1.368825014265738,-1.368825014265738,-1.368825014265738,-1.368825014265738,-1.368825014265738,7.422278474468203,-1.368825014265738,-1.368825014265738,5.451646180695639,-1.368825014265738,-1.368825014265738,-1.368825014265738,-1.368825014265738,-1.368825014265738,-1.368825014265738,8.479691352517591,-1.368825014265738,-1.368825014265738,-1.368825014265738,-1.368825014265738,-1.368825014265738,-1.368825014265738,4.147597199694561,-1.368825014265738,-1.368825014265738,-1.368825014265738,-1.368825014265738,-1.368825014265738,-1.368825014265738,-1.368825014265738,-1.368825014265738,-1.368825014265738,-1.368825014265738,-1.368825014265738,-1.368825014265738,-1.368825014265738,12.328065241855185,-1.368825014265738,5.082044428624267,-1.368825014265738,-1.368825014265738,1.9983092734044305,-1.368825014265738,-1.368825014265738,-1.368825014265738,-1.368825014265738,-1.368825014265738,-1.368825014265738,-1.368825014265738,-1.368825014265738,4.440011371212361,-1.368825014265738,-1.368825014265738
MET8,-4.756206171528245,-4.756206171528245,-0.9475724074898633,3.3503928787090134,-4.756206171528245,5.542056560799504,3.0568026428932233,5.553677134008255,-0.1435244961887765,4.435906843327674,-4.756206171528245,-4.756206171528245,3.2501691537903996,2.897476164488009,-4.756206171528245,-4.756206171528245,3.5020570329545126,-4.756206171528245,2.922909151981134,-4.756206171528245,-4.756206171528245,-4.756206171528245,4.303587905401124,-4.756206171528245,6.89454721845605,4.42357777447645,-4.756206171528245,4.8114076613184915,6.949326348734521,6.224981685165644,6.850231670787995,3.32378697782711,1.5147012749521283,-4.756206171528245,2.407464971647216,3.2846655994738265,-4.756206171528245,-4.756206171528245,1.4392872118121192,-4.756206171528245,6.675424069878555,-4.756206171528245,-4.756206171528245,1.8211166129347331,4.46412540602656,-4.756206171528245,4.254816437948961,4.34654523917435,-4.756206171528245,-4.756206171528245,3.1398709308205808,5.143744211118825,2.056282642913927,6.022591607754737,3.2102193114439563,3.0867814071615998,-4.756206171528245,6.043616301933627,1.8338879176854022,-4.756206171528245,-4.756206171528245,2.569591189657686,3.7041098112697446,-4.756206171528245,-4.756206171528245,6.841625815327818,-4.756206171528245,2.4625547824780787,-4.756206171528245,4.250553395866468,3.797984709564182,4.947090497712138,2.4868024574260996,2.0398935798585818,4.377667122129519,-4.756206171528245,-0.7190462181446584,-4.756206171528245,-4.756206171528245,-4.756206171528245,4.067353233637873,3.6314230037252946,-4.756206171528245,-4.756206171528245,5.8574323605362135,-4.756206171528245,-4.756206171528245,-0.4600915426877492,-4.756206171528245,2.7045391909359626,4.365590039233725,-4.756206171528245,0.13244054800887461,-4.756206171528245,-4.756206171528245
MET80,-1.9744657428984542,-1.9744657428984542,7.23920085268511,-1.9744657428984542,-1.9744657428984542,-1.9744657428984542,-1.9744657428984542,9.232886478976159,-1.9744657428984542,3.425236689048342,-1.9744657428984542,-1.9744657428984542,-1.9744657428984542,-1.9744657428984542,-1.9744657428984542,-1.9744657428984542,-1.9744657428984542,-1.9744657428984542,-1.9744657428984542,8.221383204517503,-1.9744657428984542,-1.9744657428984542,-1.9744657428984542,-1.9744657428984542,-1.9744657428984542,4.561957758559409,-1.9744657428984542,-1.9744657428984542,5.872826566164384,5.880171506469236,5.582080778355035,-1.9744657428984542,-1.9744657428984542,-1.9744657428984542,2.8163645525022787,6.355053747935945,-1.9744657428984542,-1.9744657428984542,7.426765574759197,-1.9744657428984542,4.978562276709171,-1.9744657428984542,-1.9744657428984542,-1.9744657428984542,4.012324722977214,-1.9744657428984542,4.9209297219626125,9.261343521309268,-1.9744657428984542,-1.9744657428984542,4.975969727642405,-1.9744657428984542,5.239569067116288,-1.9744657428984542,-1.9744657428984542,-1.9744657428984542,-1.9744657428984542,9.07766629219812,-1.9744657428984542,-1.9744657428984542,-1.9744657428984542,-1.9744657428984542,-1.9744657428984542,-1.9744657428984542,3.9831738530046144,3.3943937210948985,-1.9744657428984542,-1.9744657428984542,-1.9744657428984542,-1.9744657428984542,-1.9744657428984542,-1.9744657428984542,-1.9744657428984542,-1.9744657428984542,-1.9744657428984542,-1.9744657428984542,-1.9744657428984542,-1.9744657428984542,11.451065773620984,-1.9744657428984542,8.668587775753213,-1.9744657428984542,-1.9744657428984542,5.584019325324866,-1.9744657428984542,-1.9744657428984542,-1.9744657428984542,-1.9744657428984542,-1.9744657428984542,-1.9744657428984542,-1.9744657428984542,-1.9744657428984542,-1.9744657428984542,-1.9744657428984542,-1.9744657428984542
MET82,5.3868474136740545,0.792407566588837,2.31454328930898,0.8695787154189816,-5.761606885359077,5.450138909604017,1.7345429821626333,3.163526618631428,1.6942212863240087,4.025043423580803,-5.761606885359077,3.6526926706072853,2.376043374048347,-5.761606885359077,1.2146920180206928,3.883078787007597,2.908883182458892,2.6674074493374738,3.09820179253171,-5.761606885359077,-5.761606885359077,-5.761606885359077,4.928668661211958,1.5277979453694845,3.417098706028691,5.106279719431464,-5.761606885359077,5.317886441212826,5.084457955177023,2.6119769010645753,3.7629852471864513,-5.761606885359077,-5.761606885359077,1.9622615399265069,0.946900465639132,0.9073508121690148,0.7294908209206339,-1.6968234411762495,-5.761606885359077,-5.761606885359077,4.250924453865023,-0.26724399012646316,1.4423392436562006,3.561321577856476,4.241715408327762,-5.761606885359077,1.5977637008879828,3.111080655927857,1.1155378402927152,-5.761606885359077,2.594824849513187,3.0191578360487776,0.20137646649828156,5.32942457084884,2.6903295220236325,0.17802091609614656,2.2965525916214844,6.050633874724689,-5.761606885359077,2.272763730936571,3.2974409162651668,1.9547992266362675,-1.5612341875553088,-5.761606885359077,-5.761606885359077,-5.761606885359077,-5.761606885359077,4.648571029789855,2.614735937265455,-5.761606885359077,3.704294361793064,-5.761606885359077,1.941010814964776,1.3517487189119546,4.00661963829423,4.052292022869323,-5.761606885359077,-5.761606885359077,5.224401613374795,-5.761606885359077,3.7874844037059407,1.263841294177273,3.4052637025734063,4.526883403989556,-5.761606885359077,4.244065216478882,-5.761606885359077,-0.4096149741463382,-5.761606885359077,0.9367772489419393,-5.761606885359077,-5.761606885359077,0.3341216699752332,-5.761606885359077,-5.761606885359077
MET83,7.466824525005535,1.5517333448388904,3.836903221548681,-4.783480163908681,-4.783480163908681,5.584671408370861,-0.24454843734743115,4.0514808952979156,3.0280629497723854,4.526395250141923,-4.783480163908681,1.3799527376922756,-0.9489563762212132,-4.783480163908681,-4.783480163908681,3.8296437008326656,-4.783480163908681,3.099412680188461,2.5939057640452265,-4.783480163908681,-4.783480163908681,-4.783480163908681,6.594959076304667,-4.783480163908681,4.792311129849498,5.036645873837375,-4.783480163908681,5.587640291966906,4.959222778415884,4.00978468316315,3.991761204290743,-4.783480163908681,-4.783480163908681,3.1584882875087175,1.0745125292998878,3.369415736818498,-4.783480163908681,-4.783480163908681,-4.783480163908681,2.1242637306559766,5.1371681509756275,3.07634306317476,-4.783480163908681,-4.783480163908681,5.462384981322707,-4.783480163908681,2.8926417321936295,5.006791717324463,2.5319799318982605,-4.783480163908681,4.606804721591701,3.8989847775722986,2.482222363496354,5.129712980626042,-4.783480163908681,-4.783480163908681,2.19730649618129,6.848461343608288,-4.783480163908681,3.4739806431852145,4.26830918609442,4.565143625606982,-4.783480163908681,-4.783480163908681,-4.783480163908681,0.15232756016600923,-4.783480163908681,-4.783480163908681,2.707860452001369,-4.783480163908681,3.9643244221130054,-4.783480163908681,-4.783480163908681,2.8629618645890496,4.168813590115344,2.9597723440502683,-4.783480163908681,-4.783480163908681,6.372178061849974,-4.783480163908681,6.931159554698289,-4.783480163908681,-4.783480163908681,5.586447711274107,-4.783480163908681,-1.2449994024861422,3.439516315502966,0.6058526401382256,-4.783480163908681,2.02543640086299,-4.783480163908681,4.203086072541111,5.355226431709735,-4.783480163908681,-4.783480163908681
MET84,6.686821665818082,-5.478055093639268,2.9151809449643595,-5.478055093639268,-5.478055093639268,5.3839519752647895,1.011639842113099,4.355220853883725,0.4707038237572707,4.133956728594109,-1.2125845056917868,0.29591334427698257,2.7463530943052588,-5.478055093639268,-5.478055093639268,1.571612110144068,2.3061888859606885,2.4782809651615674,3.392592931120946,-5.478055093639268,-5.478055093639268,-5.478055093639268,5.935393510815118,-5.478055093639268,4.87601613033787,4.657044981201313,-0.8668594139190002,5.192534473220302,4.4191183989718965,2.4538101593940524,3.6715692412871643,0.9419275833335421,-5.478055093639268,4.24530341306581,3.666564316943891,2.862353270548856,-5.478055093639268,-5.478055093639268,-5.478055093639268,1.6644335226675278,5.411302482409193,1.3684132294164097,-0.8958454709712331,2.029004989047441,5.220933472178066,-5.478055093639268,2.268921065977066,3.692159509510251,0.9230249604423069,0.16468802341153044,2.3728905149584847,3.099227719331676,0.0659661293239342,4.263873215248752,2.6965387410215147,-5.478055093639268,2.951165911757684,6.324258119102777,-5.478055093639268,1.5783995449505541,4.340075525618236,3.7920308290831377,-5.478055093639268,-5.478055093639268,-5.478055093639268,0.3555868592574001,-5.478055093639268,3.5555658078913996,1.936653480882284,-5.478055093639268,3.086909827787312,0.14170803127345089,3.2440730425990445,1.4957098478275128,3.5487621642316114,2.0262083024030186,-5.478055093639268,-5.478055093639268,2.8428503582817815,-5.478055093639268,-5.478055093639268,2.4902954132687123,-5.478055093639268,3.750721459767063,-5.478055093639268,5.680581828239017,-5.478055093639268,3.3843923359993564,-5.478055093639268,1.3202578261703275,-5.478055093639268,1.5822032606278995,2.9332123905902288,-5.478055093639268,-5.478055093639268
MET86,4.5277380839100525,-4.617316225506462,2.367863799132003,3.0524053284399946,-4.617316225506462,5.279809456067822,2.2497612625455075,4.246669706020065,-4.617316225506462,4.282883597460211,3.466422694586699,3.975963660153698,-4.617316225506462,6.023378734553038,-4.617316225506462,2.712139954209337,-4.617316225506462,1.7765943748447288,4.573140392979707,6.688433615968027,3.4096022204522427,3.085605559464496,4.048945162323699,1.8778268588565883,3.9657934644691535,5.141542390525609,0.9354587824267426,5.963930440239489,3.6710592691456725,1.7323329050486285,1.548557049728939,-4.617316225506462,-4.617316225506462,-4.617316225506462,3.0925202113942207,-4.617316225506462,3.4635672862963895,0.8753627355764149,-4.617316225506462,-4.617316225506462,3.990615486352236,-4.617316225506462,-4.617316225506462,-4.617316225506462,3.4809708927060354,-4.617316225506462,3.523512391779642,3.6774424749417314,-4.617316225506462,-4.617316225506462,5.5634339410267035,3.766466947197638,-4.617316225506462,7.139330553835334,-4.617316225506462,-4.617316225506462,-4.617316225506462,6.264881754576208,-4.617316225506462,2.846250036689476,-4.617316225506462,2.9782985339823895,1.5577668618662681,-4.617316225506462,-4.617316225506462,-4.617316225506462,-4.617316225506462,6.257864456442009,-4.617316225506462,-4.617316225506462,4.78078118583946,1.783933127916244,-4.617316225506462,4.626544854496386,4.109598860135323,4.828386737068741,-4.617316225506462,-4.617316225506462,8.180136433737243,-4.617316225506462,4.105232598115396,3.3047301853544964,2.865179234877192,5.379654536322892,-4.617316225506462,-4.617316225506462,-4.617316225506462,-4.617316225506462,2.89356464312318,-4.617316225506462,-4.617316225506462,-4.617316225506462,2.6047119715758935,-4.617316225506462,-4.617316225506462
MET87,3.075092092655537,-3.7575057855655825,-3.7575057855655825,-3.7575057855655825,-3.7575057855655825,4.898450444518724,1.0488014976992392,5.402776327394212,-3.7575057855655825,3.7151644720730923,-3.7575057855655825,5.276253149291231,3.1820629879749722,5.140405636190177,-3.7575057855655825,4.497836803049045,5.239040673238047,2.75349599849247,3.4531873279612144,7.488586258597699,-3.7575057855655825,-3.7575057855655825,6.221401623714534,3.360961965059591,3.666143264524364,5.7941299252079075,2.31820250369078,5.474876251073346,2.8638267320459105,-3.7575057855655825,1.5946217323007605,-3.7575057855655825,-3.7575057855655825,-3.7575057855655825,-3.7575057855655825,0.5166775135434918,2.9263513901556264,-3.7575057855655825,-3.7575057855655825,-3.7575057855655825,3.519410263041543,-3.7575057855655825,-3.7575057855655825,0.8427326053315234,4.9625545060092415,-3.7575057855655825,2.1655862621975377,3.270628171704674,-3.7575057855655825,-3.7575057855655825,5.092798633082422,4.203117419039425,-3.7575057855655825,7.323298638798057,-3.7575057855655825,-3.7575057855655825,3.3829815535749477,7.071925029981838,-3.7575057855655825,-3.7575057855655825,-3.7575057855655825,3.9087504472573595,0.8172071785262123,-3.7575057855655825,-3.7575057855655825,-3.7575057855655825,-3.7575057855655825,5.245208030588799,-3.7575057855655825,-3.7575057855655825,4.744837980348207,-3.7575057855655825,-3.7575057855655825,6.8102178309441195,5.494850302966754,5.79308114969739,-3.7575057855655825,-3.7575057855655825,9.50201483125939,-3.7575057855655825,5.814109133135937,1.2786546178249516,-3.7575057855655825,6.209097935932899,-3.7575057855655825,-3.7575057855655825,-3.7575057855655825,-3.7575057855655825,-3.7575057855655825,-3.7575057855655825,-3.7575057855655825,-3.7575057855655825,0.5138801865832292,-3.7575057855655825,-3.7575057855655825
MET88,-5.158516085678709,-5.158516085678709,2.901217829367562,-5.158516085678709,-5.158516085678709,4.947386863530117,0.9410282822574363,4.034910820321635,-5.158516085678709,2.9399511947580486,3.384478311663325,2.998085105640289,-0.7947963169199106,5.14137165186841,1.7181835160417673,3.452219517673714,-5.158516085678709,0.5633103709309619,3.3622933370688344,6.362825424214041,2.1470768237112026,2.843349229788382,2.9452289866718946,2.029596526722254,3.63357999874669,4.59452693857553,1.9242237083318638,5.164652161914819,2.6615063559787293,-5.158516085678709,1.073372177023395,-5.158516085678709,-5.158516085678709,1.5618548696668446,2.5783107161306704,1.1781261489253962,2.9080456779901,0.357134114346076,-5.158516085678709,2.260793590943017,4.7437269624137475,-5.158516085678709,-5.158516085678709,1.7485752181549508,4.35569042299408,-5.158516085678709,3.5649406513167516,4.364215088780964,-5.158516085678709,-5.158516085678709,4.988312272389351,3.9823505127459553,2.1531501009716987,6.439145658738921,-5.158516085678709,-5.158516085678709,3.412799515148663,6.216842224237025,-5.158516085678709,1.8149530068436404,0.5909067400759866,3.2815157410337497,-5.158516085678709,-5.158516085678709,-5.158516085678709,0.19889290056676856,-5.158516085678709,-5.158516085678709,-5.158516085678709,-5.158516085678709,4.463766652929857,1.1363010699337384,-5.158516085678709,3.8704392629938846,4.436010833069012,5.425474143873454,-5.158516085678709,-5.158516085678709,7.314939209541154,-5.158516085678709,5.540586328951237,1.7347117710612334,1.469878003356774,5.4413033738176875,3.069610885325609,-5.158516085678709,-5.158516085678709,1.948172094992974,2.668722208852058,-5.158516085678709,-5.158516085678709,-5.158516085678709,-1.5236122719370737,-0.11810151830277604,-5.158516085678709
MET91,-4.83211889906978,2.4385148611067384,3.2802737502359474,-4.83211889906978,-4.83211889906978,6.129485549203573,2.978653807832422,4.928372518873455,2.6829772054838052,3.70841210876139,2.653651164175546,-4.83211889906978,-4.83211889906978,2.2017514268395333,4.341613317006702,3.936369808356144,-4.83211889906978,2.644491295877631,5.065916438382134,4.757966058620831,3.6386169206770376,3.349300774702744,4.093050925221323,-1.0453126942109172,5.216609718423636,6.171662716022926,1.1733200519267024,5.6706082473330035,2.8377350447682375,1.8812632132171148,2.5802290504940206,-4.83211889906978,0.08872204451554566,-4.83211889906978,-4.83211889906978,4.506505723749878,1.701374928672001,-4.83211889906978,-4.83211889906978,-4.83211889906978,2.57421434831741,-4.83211889906978,-4.83211889906978,2.078667004723883,1.109557738440711,-4.83211889906978,1.8724512005357283,2.7615295202790078,-4.83211889906978,-4.83211889906978,5.067373649156028,4.256565668147526,1.934515831048552,0.8014884985614525,2.412100938952989,4.448831431477844,4.334764406447442,6.829649317269666,2.039657187329319,3.4257298078203204,-4.83211889906978,1.4699453933749007,-4.83211889906978,-4.83211889906978,-4.83211889906978,1.5832402471401492,-4.83211889906978,-4.83211889906978,-4.83211889906978,-4.83211889906978,5.0727249614623435,-4.83211889906978,-4.83211889906978,3.1749991784529294,4.804074394280181,3.234756856623643,-4.83211889906978,-4.83211889906978,7.960478129390085,-4.83211889906978,6.594325885158941,2.673214314845934,-4.83211889906978,1.5832402471401492,5.2440958959784485,-4.83211889906978,-4.83211889906978,3.2361370282403508,2.2621720068556392,-4.83211889906978,-4.83211889906978,-4.83211889906978,-4.83211889906978,-4.83211889906978,-4.83211889906978
MET92,-4.836506189827233,1.0844556076074756,-4.836506189827233,2.0927186560600335,-4.836506189827233,6.210276878798277,-4.836506189827233,5.830635158403116,-4.836506189827233,3.125227096552319,-4.836506189827233,1.8753373570614489,3.0093510283739606,2.3503073230014646,-4.836506189827233,0.1421949938572613,-4.836506189827233,2.7750902275910994,0.6254271323530727,6.364024027861374,1.6052635750035762,1.8684355965164174,3.0366753414456396,1.2986804021726819,4.674150380536316,5.728817573445374,-4.836506189827233,6.7747357476941605,2.862235189479966,3.649137240547936,3.5544227412024822,0.166906184592424,-4.836506189827233,-0.43499877396947184,1.5411422859021382,3.2360140073175847,2.4676497521190592,-4.836506189827233,4.187114574438546,-4.836506189827233,3.370982029468908,-4.836506189827233,1.249156503235528,3.4411286169955044,3.2231416557053922,-4.836506189827233,2.6738883856873557,3.981286592340349,-4.836506189827233,-4.836506189827233,2.292609157341454,7.05120803179179,4.871547442439384,2.394606626695814,3.1630053486566316,-4.836506189827233,2.179920220254812,7.3737834847234875,-4.836506189827233,3.7569084581203764,0.3147505129545518,-4.836506189827233,-4.836506189827233,-4.836506189827233,-4.836506189827233,4.167525358547452,-4.836506189827233,-4.836506189827233,2.474689220473036,0.881549540041453,4.1305107358315425,2.251223612841039,0.3765474072757158,2.720112165348997,3.1166384695359746,6.859053270550945,-4.836506189827233,-4.836506189827233,3.8843872046054697,-4.836506189827233,4.827918661596493,-0.43623731150922573,-4.836506189827233,1.1685757718267604,-4.836506189827233,-4.836506189827233,-4.836506189827233,3.460845251871743,6.028039292392585,-4.836506189827233,-4.836506189827233,-4.836506189827233,-4.836506189827233,-4.836506189827233,-4.836506189827233
MET93,-5.480705622053062,1.1542926363206254,1.9967086107792529,2.8896034400357387,-5.480705622053062,5.636226098508441,1.991095776421341,4.542557593127,0.49896387810842757,2.4844450936856433,2.7497210601940436,2.0413486927695574,3.531608939044019,1.0493337082096952,1.6751827521694107,3.0106922319318974,-5.480705622053062,2.797726800359939,-5.480705622053062,4.746190120622105,3.7613770823029737,3.7398000535541396,-0.823917984925691,-5.480705622053062,3.845047625566534,4.295951270011659,1.7798377671114185,5.062244800599865,-5.480705622053062,1.2117691159889636,2.1281848678250377,1.716455916422925,-5.480705622053062,-5.480705622053062,2.0439658826265577,1.284829327678099,2.333235767002501,-0.628099987638052,-5.480705622053062,-5.480705622053062,2.2187822730263873,-5.480705622053062,-5.480705622053062,1.7599420034534763,1.7848945937297538,-5.480705622053062,1.834790055683719,3.4499995511127786,-5.480705622053062,2.8910109769292243,3.602726301231643,3.208753359882315,1.702704071396651,-5.480705622053062,5.354987856943424,0.946987590904004,0.12072123297739701,6.559808705787111,2.1955893534467297,-5.480705622053062,-5.480705622053062,3.9535430522729644,2.1585448412451305,-5.480705622053062,-5.480705622053062,2.7858800994443644,-5.480705622053062,-5.480705622053062,1.4270156497675357,-0.8628371673421924,4.15543649369177,2.7210885549518364,-5.480705622053062,-5.480705622053062,1.0138272173928913,4.939923532789962,-5.480705622053062,-0.2105579813153966,7.145182841467606,-5.480705622053062,5.403519602973564,3.129509465964726,1.623193862479038,3.7224293770314603,4.541427831443366,2.840980020967862,-5.480705622053062,2.765521026358579,3.9137094354987108,-5.480705622053062,-5.480705622053062,-5.480705622053062,0.5564596636425749,-5.480705622053062,-5.480705622053062
MET95,5.0880934680398235,1.2732952948088192,2.2818859141933494,3.3233020592081015,-5.8534103234916595,3.896373990683154,0.3747424993835651,4.042662426995772,1.846333570085144,2.9797996400418736,-5.8534103234916595,2.6620862964914,-0.20889874181653756,-0.6877457012622807,0.35194858938574924,-0.45942279513750695,1.9729234153487338,-5.8534103234916595,1.0063464560809132,2.9099433293849435,-5.8534103234916595,-5.8534103234916595,3.632865242078365,1.2732952948088192,4.16031992019407,3.0689800271053365,1.6136128739033389,2.95641912738267,3.9727463198118307,3.6654068072572175,3.3660795249699547,-5.8534103234916595,-5.8534103234916595,0.3604756672029632,4.292281444688426,-5.8534103234916595,-1.1539583390285832,-5.8534103234916595,-5.8534103234916595,-5.8534103234916595,5.122875867128544,-0.9766306256057282,0.9274176986120519,2.8049119549938624,2.7682393270359924,-5.8534103234916595,2.1278849907332145,5.449480668859346,-5.8534103234916595,-5.8534103234916595,1.362763679428304,4.305264140262141,-1.1160784443065639,6.115601891356114,2.737169488447562,1.4220233046562871,2.1690754557293035,5.403874482039317,2.9009051203355716,-5.8534103234916595,1.7103793188369547,0.7327991512379768,0.5825216443454133,-5.8534103234916595,-5.8534103234916595,2.865194023337404,0.8052747918145009,-5.8534103234916595,-1.5148025439404895,3.020986880131483,1.1330901045885406,-5.8534103234916595,0.033812621105302476,2.484066884400298,2.8859304818630376,1.5452291554816968,3.480860138388759,-5.8534103234916595,5.9117354688450945,-5.8534103234916595,0.630022416981773,2.3193284855787955,3.7722586745575244,-0.2541518953420505,0.4249707396525588,5.749504570375279,1.0351442213370756,-5.8534103234916595,-5.8534103234916595,1.1108256051164842,3.2033231680430276,-5.8534103234916595,1.1333916820513856,-5.8534103234916595,-5.8534103234916595
MET96,6.47244385117644,2.947891862534709,2.3886549278062263,3.2123927821798297,-5.074091142844013,5.3466731313657,1.1010763153516399,3.132522820538714,3.4968126115245486,4.015362131701578,5.7286759838901045,4.051889696859966,-5.074091142844013,-5.074091142844013,1.8718131976002743,1.9358824534783272,3.28319208503524,-5.074091142844013,-5.074091142844013,5.637250474846513,-5.074091142844013,-5.074091142844013,5.155251495728484,-5.074091142844013,3.8659884340283384,4.146471390013243,1.2711904698741643,4.710685127780982,5.325737991397595,4.641306930027722,4.185508750748924,-5.074091142844013,-5.074091142844013,2.7605593554397654,4.115159933628114,-5.074091142844013,-5.074091142844013,-5.074091142844013,-5.074091142844013,-5.074091142844013,6.313025810960291,2.176711811766121,-1.5471218343625104,0.5473253376762415,3.8456481494130585,-5.074091142844013,2.073724541962604,5.645605529437825,-5.074091142844013,2.5002634859979347,-5.074091142844013,3.754803165737181,-5.074091142844013,6.302452961514868,-5.074091142844013,-5.074091142844013,1.312737415552105,6.179587642652971,-5.074091142844013,-5.074091142844013,3.2791827686144526,-5.074091142844013,0.8120663129171097,-5.074091142844013,-5.074091142844013,1.4862615191061197,-5.074091142844013,-5.074091142844013,0.5886429871324417,2.5638032585734045,2.208514907440941,-5.074091142844013,-5.074091142844013,3.4174093277743287,3.615605844613307,2.4683436671905516,5.738514801726927,-5.074091142844013,6.750743953714448,-5.074091142844013,4.814212001874832,-5.074091142844013,1.3242976805735296,3.144434772924046,-5.074091142844013,4.642621510033132,2.171106229508414,-5.074091142844013,-5.074091142844013,3.0477686672258306,4.744283608583412,0.8386851266524387,1.2538062590265726,-5.074091142844013,-5.074091142844013
MET97,7.81300084773454,2.460680918100924,3.0432902341384143,3.8779726815996716,-4.370606021686388,5.922244982292148,-4.370606021686388,5.8824122693348215,2.3746028200589615,3.2011705732927442,-4.370606021686388,3.978301347384874,-4.370606021686388,1.532333739666342,2.2307682788804497,3.450264209188245,4.6934008624836,-4.370606021686388,-4.370606021686388,6.264459110834672,-4.370606021686388,-4.370606021686388,4.096646028135623,-4.370606021686388,6.048024700376045,4.425754595513673,-4.370606021686388,4.149999686172503,5.204369417823381,4.909285266485896,4.519902738180695,-4.370606021686388,-4.370606021686388,3.207114020437757,3.2949345047920744,-4.370606021686388,-4.370606021686388,-4.370606021686388,-4.370606021686388,-4.370606021686388,6.651038162337361,2.282024493661713,-4.370606021686388,-4.370606021686388,5.35956272164625,-4.370606021686388,2.993838770455219,6.5432471934263,1.171860658046496,-4.370606021686388,-4.370606021686388,4.330200170068546,3.2885286093843815,8.018109952200515,-4.370606021686388,4.066282149502275,3.0155334340195683,7.397876786889947,-4.370606021686388,-4.370606021686388,4.080379171562403,-4.370606021686388,0.28868335319226546,-4.370606021686388,-4.370606021686388,2.353409604141656,-4.370606021686388,-4.370606021686388,1.028165015040999,3.985796067613707,4.211667597898064,-4.370606021686388,-4.370606021686388,1.8418841494468552,1.3667899921515527,4.215977189137574,-4.370606021686388,-4.370606021686388,5.100092646355135,-4.370606021686388,5.401497751114943,-4.370606021686388,-4.370606021686388,-4.370606021686388,-4.370606021686388,0.19635946124713932,-4.370606021686388,-4.370606021686388,-4.370606021686388,3.7128302164864015,5.429891434220776,1.7648103917304718,-4.370606021686388,-4.370606021686388,-4.370606021686388
MET99,7.566892192062211,-3.2587469217188367,-3.2587469217188367,-3.2587469217188367,-3.2587469217188367,7.909060459158388,3.5531552786435014,4.934616935412621,-3.2587469217188367,6.143253441751969,-3.2587469217188367,-3.2587469217188367,3.149736722697498,-3.2587469217188367,5.092235183453487,5.04162969906948,-3.2587469217188367,6.157012101969557,4.2300828965532,8.47260168250883,-3.2587469217188367,5.234554829327792,7.021273197206248,4.008839919939443,5.678947800231556,7.734785777357927,-3.2587469217188367,7.141692879532723,-3.2587469217188367,-3.2587469217188367,-3.2587469217188367,-3.2587469217188367,-3.2587469217188367,-3.2587469217188367,-3.2587469217188367,-3.2587469217188367,-3.2587469217188367,-3.2587469217188367,4.213361731232585,-3.2587469217188367,5.513226780263172,-3.2587469217188367,4.26156203475944,-3.2587469217188367,-3.2587469217188367,-3.2587469217188367,-3.2587469217188367,4.274809479100991,-3.2587469217188367,-3.2587469217188367,-3.2587469217188367,3.284598111886263,-3.2587469217188367,6.907536788510663,-3.2587469217188367,2.448401200754674,-3.2587469217188367,7.0039513176953445,-3.2587469217188367,-3.2587469217188367,4.452437455136642,-3.2587469217188367,-3.2587469217188367,-3.2587469217188367,-3.2587469217188367,2.7967752618712636,-3.2587469217188367,-3.2587469217188367,-3.2587469217188367,-3.2587469217188367,5.125125706514672,-3.2587469217188367,-3.2587469217188367,5.655753396316738,6.2862117234134205,-3.2587469217188367,4.571218885698511,-3.2587469217188367,9.79719588694443,-3.2587469217188367,-3.2587469217188367,-3.2587469217188367,2.3118460749866454,5.825907177137217,-3.2587469217188367,-3.2587469217188367,-3.2587469217188367,-3.2587469217188367,4.720085880270435,-3.2587469217188367,3.7456924920409493,-3.2587469217188367,-3.2587469217188367,-3.2587469217188367,-3.2587469217188367
