Name,Acidaminococcus_intestini,Actinobaculum_sp_oral_taxon_183,Actinomyces_graevenitzii,Actinomyces_johnsonii,Actinomyces_massiliensis,Actinomyces_naeslundii,Actinomyces_odontolyticus,Actinomyces_oris,Actinomyces_sp_HMSC035G02,Actinomyces_sp_HPA0247,Actinomyces_sp_ICM47,Actinomyces_sp_S6_Spd3,Actinomyces_sp_oral_taxon_181,Actinomyces_sp_oral_taxon_448,Adlercreutzia_equolifaciens,Agathobaculum_butyriciproducens,Akkermansia_muciniphila,Alistipes_finegoldii,Alistipes_indistinctus,Alistipes_putredinis,Alistipes_shahii,Allisonella_histaminiformans,Anaeromassilibacillus_sp_An250,Anaerostipes_hadrus,Anaerotruncus_colihominis,Asaccharobacter_celatus,Bacteroides_caccae,Bacteroides_cellulosilyticus,Bacteroides_dorei,Bacteroides_eggerthii,Bacteroides_faecis,Bacteroides_finegoldii,Bacteroides_fragilis,Bacteroides_intestinalis,Bacteroides_massiliensis,Bacteroides_ovatus,Bacteroides_plebeius,Bacteroides_salyersiae,Bacteroides_stercoris,Bacteroides_thetaiotaomicron,Bacteroides_uniformis,Bacteroides_vulgatus,Bacteroides_xylanisolvens,Barnesiella_intestinihominis,Bifidobacterium_adolescentis,Bifidobacterium_bifidum,Bifidobacterium_longum,Bifidobacterium_pseudocatenulatum,Bilophila_wadsworthia,Blautia_hydrogenotrophica,Blautia_obeum,Blautia_sp_CAG_257,Blautia_wexlerae,Butyricimonas_synergistica,Butyricimonas_virosa,Catabacter_hongkongensis,Catenibacterium_mitsuokai,Christensenella_minuta,Clostridium_asparagiforme,Clostridium_bolteae,Clostridium_citroniae,Clostridium_innocuum,Clostridium_leptum,Clostridium_sp_CAG_242,Clostridium_sp_CAG_299,Clostridium_sp_CAG_58,Clostridium_symbiosum,Collinsella_aerofaciens,Collinsella_intestinalis,Collinsella_stercoris,Coprobacter_fastidiosus,Coprococcus_catus,Coprococcus_comes,Coprococcus_eutactus,Desulfovibrio_piger,Desulfovibrionaceae_bacterium,Dialister_sp_CAG_357,Dorea_formicigenerans,Dorea_longicatena,Eggerthella_lenta,Eisenbergiella_tayi,Erysipelatoclostridium_ramosum,Escherichia_coli,Eubacterium_eligens,Eubacterium_hallii,Eubacterium_ramulus,Eubacterium_rectale,Eubacterium_siraeum,Eubacterium_sp_CAG_180,Eubacterium_sp_CAG_251,Eubacterium_sp_CAG_274,Eubacterium_sp_CAG_38,Eubacterium_sulci,Eubacterium_ventriosum,Faecalibacterium_prausnitzii,Faecalitalea_cylindroides,Firmicutes_bacterium_CAG_110,Firmicutes_bacterium_CAG_145,Firmicutes_bacterium_CAG_83,Firmicutes_bacterium_CAG_95,Flavonifractor_plautii,Fusicatenibacter_saccharivorans,Gemella_haemolysans,Gemella_morbillorum,Gemella_sanguinis,Gemmiger_formicilis,Gordonibacter_pamelaeae,Haemophilus_parainfluenzae,Holdemanella_biformis,Holdemania_filiformis,Hungatella_hathewayi,Intestinibacter_bartlettii,Intestinimonas_butyriciproducens,Klebsiella_pneumoniae,Klebsiella_quasipneumoniae,Klebsiella_variicola,Lachnospira_pectinoschiza,Lactobacillus_rogosae,Lactobacillus_ruminis,Lactococcus_lactis,Lactonifactor_longoviformis,Lawsonibacter_asaccharolyticus,Megamonas_funiformis,Megamonas_hypermegale,Megasphaera_elsdenii,Methanobrevibacter_smithii,Mogibacterium_diversum,Odoribacter_splanchnicus,Olsenella_scatoligenes,Oscillibacter_sp_57_20,Oscillibacter_sp_CAG_241,Parabacteroides_distasonis,Parabacteroides_goldsteinii,Parabacteroides_merdae,Paraprevotella_xylaniphila,Parasutterella_excrementihominis,Parvimonas_micra,Phascolarctobacterium_faecium,Phascolarctobacterium_succinatutens,Prevotella_copri,Proteobacteria_bacterium_CAG_139,Romboutsia_ilealis,Roseburia_faecis,Roseburia_hominis,Roseburia_intestinalis,Roseburia_inulinivorans,Roseburia_sp_CAG_471,Rothia_dentocariosa,Rothia_mucilaginosa,Ruminococcus_bicirculans,Ruminococcus_bromii,Ruminococcus_callidus,Ruminococcus_gnavus,Ruminococcus_lactaris,Ruminococcus_torques,Ruthenibacterium_lactatiformans,Sellimonas_intestinalis,Slackia_isoflavoniconvertens,Streptococcus_anginosus_group,Streptococcus_australis,Streptococcus_cristatus,Streptococcus_gordonii,Streptococcus_infantis,Streptococcus_mitis,Streptococcus_mutans,Streptococcus_oralis,Streptococcus_parasanguinis,Streptococcus_salivarius,Streptococcus_sanguinis,Streptococcus_sp_A12,Streptococcus_thermophilus,Streptococcus_vestibularis,Sutterella_parvirubra,Turicibacter_sanguinis,Turicimonas_muris,Veillonella_atypica,Veillonella_dispar,Veillonella_parvula,[Collinsella]_massiliensis
FAT_006_22_0_0,0.0,0.0,0.0,0.0,0.0,0.0,0.0,0.0,0.0,0.0,0.0,0.0,0.0,0.0,0.0,0.0012216672860811315,0.0,0.0,0.0,0.0,0.0013483098393502365,0.0,0.0,0.0008112108800312131,0.0,0.0,0.0,0.0,0.0,0.0,0.0,0.0,7.839161111448176e-05,0.0,0.0,0.0,0.0021794420198956907,0.0,0.0,0.0,0.005408374371428001,0.001232404090903741,0.0,0.0,0.23979075390350676,0.0,0.03978400135878799,0.0,0.0,0.0,0.005081354581168248,0.0,0.0016820563025109014,0.0,0.0,0.0,0.011208448080239911,0.0,0.0,0.0,0.0,0.0,0.0,0.0,0.0,0.0,0.0,0.08242360472310765,0.0009124990508276474,0.0018872198259887367,0.0,0.00830006756425494,0.021539453424193472,0.0,0.004776067118742213,5.549505143252917e-05,0.0,0.012944576484146613,0.04739122161424893,0.0,0.0,0.0,0.0,0.0,0.006479726389992584,0.003262824434225369,0.0002876946256082618,0.007722737926624688,0.007164165357660444,0.0,0.0,0.0003473291680567372,0.0,0.0,0.10089272004531724,0.0,0.000516660222427789,0.0,0.005874067110721951,0.00667945683151199,0.0,0.08638199300710622,0.0,0.0,0.0,0.007122899806595217,0.0,0.0,0.0008117283164082064,0.0,0.0,0.0,0.0,0.0,0.0,0.0,0.0,0.0,0.007506449521041498,0.0,0.0,0.0,0.0,0.0,0.009521605491241822,0.003488685412782935,0.0,0.0,0.00188851341693122,0.011863393174419154,0.001494097538568093,0.0042860548697295775,0.0,0.0032263451696473424,0.002859870855641853,0.0,0.0,0.0,0.06820458244242658,0.06188306222469969,0.0,0.0,0.03449308504493734,0.024485606795698955,0.0,0.0007542928785619524,0.0004038590922432542,0.0,0.0,0.0007096639910462821,0.02901343381257864,0.0,0.0,0.0,0.00400793281709569,0.0,0.0,0.005254048971989755,0.0,0.0,0.0,0.0,0.0,0.0,0.0,0.0,0.0,0.0,0.0,0.0,0.0,0.0,0.0,0.0,0.0,0.0,0.0,0.0,0.0010547940545007992
FAT_008_22_0_0,0.0,0.0,0.0,0.0,0.0,0.0,0.0,0.0,0.0,0.0,0.0,0.0,0.0,0.0,0.005337574866987161,0.04321756725115104,0.34627383494506936,0.04224067612212426,0.00013628117968422332,0.0,0.0,0.0,0.0,0.00031830343119794403,0.0,0.015516271732111812,0.0,0.005543043342962673,0.0,0.0,0.0,0.0,0.0,0.0,0.0,0.0005461714251860808,0.0,0.0,0.0,0.0020420196117200556,0.050597057059213225,0.04327272868102322,0.0,0.003618150182906708,0.0006509467407497579,0.0,0.0,0.005911693354366551,0.0,0.0,0.0,0.0,0.05807242517802121,0.0,0.0,0.0,0.0,0.0,0.0,0.0,0.0,0.0,0.0001391072870970298,0.0,0.0,0.000838411865799254,0.0,0.027035485546711004,0.0,0.0006411077001273947,0.0,0.00010278657331022066,0.0,0.0,0.0,0.0,0.0,0.008267201547618288,0.0002717249942090966,0.003582457492989422,0.0,0.0,0.0,0.0,0.007987102901815691,0.0,0.08441970123439138,0.0,0.0,0.0,0.0,0.0,0.0,0.0001323036951773105,0.09920338312271669,0.0,0.0,0.0029902309840390876,0.0,0.0,0.0034315224230165725,0.05590040462531207,0.0,0.0,0.0,0.01400597899657905,0.0006181848288901867,0.0,0.0,0.0,0.0,0.0,0.0010057802270243485,0.0,0.0,0.0,0.0,0.0,0.0,0.0,0.0,0.0,0.0,0.0,0.0,0.0,0.0,0.0,0.0,0.0,0.0,0.0024973369171166545,0.0,0.0,0.0,0.0,0.0,0.0,0.0,0.0,0.0,0.0,0.0018126862287030563,0.007611963310426861,0.0003299218727839262,0.005300940141265596,0.0074028313618791815,0.0,0.0,0.03235694113438067,0.0,0.0,0.0,0.004176777414838131,0.0003402842666308833,0.002835632441494081,0.00035127468434735184,0.0,0.0,0.0,0.0,0.0,0.0,0.0,0.0,0.0,0.00026010655262311444,0.0,0.0,0.0,0.0,0.0,0.0,0.0,0.0,0.0,0.0,0.0,4.8253167307547584e-05
FAT_012_22_0_0,0.0,0.0,0.0,0.0,0.0,0.0,1.4384189221092132e-05,0.0,0.0,0.0,0.0,0.0,0.0,0.0,4.888612560455078e-05,0.0040427618810133835,0.0,0.00021475695095826363,0.0002155616608447583,0.013630578412389877,0.0006087630291332138,0.00014846897405826565,0.0,0.011945113555126702,0.0,0.00011165349675113473,0.0,0.0006260642916928491,0.004918487414991203,0.0,0.0,0.0,0.0,0.0,0.001426951806226664,0.0002088222155453655,3.9330195702426735e-05,0.0004504363589653885,0.005125901388235192,0.0,0.01722672630639872,0.015826531103898003,0.0018311173467186095,0.0003044821033024187,0.03067845794651516,0.0,0.004508890082765408,0.0,0.0,0.0,0.007442962917660777,0.0,0.0004975118873253265,0.0,6.5684444485127e-05,0.0,0.0,0.0,0.0,0.0,0.0,0.0,0.0,0.0,0.0,0.0,0.0,0.04204236978612119,9.525753281380593e-05,0.0009550900465333552,0.0,0.007049258605693253,0.02097627202252061,0.0,0.0015983550120500275,0.000200674527944607,0.0,0.009952953642373447,0.017605040541787027,0.0,0.0,0.0,0.0015374988268838687,0.016055471066605737,0.02289882453009208,0.005686985356593607,0.09761392453893383,0.0068723230194002475,0.06601246435260939,0.016406425165853222,0.0,0.001662228859290542,0.0,0.004404478974992736,0.07070633712053276,0.0,0.0002526789043593247,0.0,0.013077139187953172,0.0,0.0005606816134151576,0.052084243870952306,0.0,0.0,0.0,0.006388088845202084,0.0,0.0,0.0018004377822960003,3.95313731740504e-05,0.0,0.0006161060068474776,0.0,0.0,0.0,0.0,0.0061943549400284926,0.0002301470275374741,0.0,0.0,0.0,0.00023095173742396875,0.0,0.0,0.0,0.0013134877122309163,0.0,7.90627463481008e-05,0.00011728646595659738,0.017235175760206917,0.002126144108854716,0.0027734326238038616,0.0,0.0010751929970926838,0.002892328509533449,0.000264548375185121,0.0,0.0,0.008429537238503227,0.0,0.0,4.928848054779821e-05,0.1284590580206893,0.0021115587421619997,0.009020093706454508,0.003617673883472577,8.389100566706878e-05,0.0,0.0,0.04465687220734235,0.08617064818677236,0.0,0.0,0.0006437679091957318,0.01993417271951002,0.00034713172728663595,0.0,0.0013042335485362276,0.0,0.00031604980792077856,0.0,0.0,0.0,0.0,0.0,0.0,0.0005428774071764621,0.004604047026843412,0.0,0.0,0.047254173954739596,0.0,0.0,0.00044862576172077556,0.0,0.0,0.0,0.0,0.00016375846190166426
FAT_015_22_0_0,0.0,0.0,0.0,0.0,0.0,0.0,0.0,0.0,0.0,0.0,0.0,0.0,0.0,0.0,0.0,0.0026472833407438236,0.07360234699773806,0.0016747451719998396,0.0,0.04204379953505221,0.001146182340769221,0.0013830491240779614,0.0,0.021128342663936945,0.0,0.0001482461230096187,0.0,0.0013502387689118727,0.012058514052805816,0.0008850075534669811,0.0,0.009750670731953246,0.0034856369672636596,0.0005062169082769627,0.011842685138424276,0.0017308824906395112,0.006106868231978587,0.0016380106547540629,0.00010409929961337184,0.00501911230439551,0.05499179032591584,0.09014094609149643,0.0,0.014556134212011362,0.027019490986036093,0.0,0.011962154072849673,0.0006300460227908794,0.0,0.0,0.009721784538866811,0.0002254213105763908,0.00426916132917038,0.0,0.000508069984814583,0.0,0.0,0.0,0.0,0.000807941370402422,0.0,0.0,0.0013968926958590065,0.0,0.0,0.0014017978984585896,0.0,0.02938794081011929,0.0,0.0006344062028793978,0.00017898539263367202,0.0019044176581625356,0.0045000328648574185,0.004795871083863378,0.0006397474234878326,9.755902948059466e-05,0.0,0.0050707804384444504,0.022174567876176887,0.00012023196594088928,0.0,0.0,0.006397365230376112,0.005074268582515265,0.0232322385611493,0.0007462448221498884,0.021817469126927357,2.3762981482424177e-05,0.1495166794874129,0.007145899147072474,0.002497947172712075,0.006040375485628673,0.0,0.0013649543767106217,0.04218670443745339,0.0,0.0,0.0,0.003284741669685184,0.0,0.0014105182586356259,0.0229815282060595,0.0,0.0,0.0,0.006142948722211075,2.0601850918248482e-05,0.00026324587284428616,4.022266131658037e-05,0.00045487578773466096,0.0013581960975734184,0.003679664981202709,0.00017353516752302423,0.0,0.0,0.0,0.010052395194078703,0.0001939190094368468,0.0,0.0,0.0,0.0004177052524800433,0.0,0.0,0.0,0.0,0.0,0.004343720408684041,0.0,0.0006490128061759338,0.003627124811136065,0.022010734109350925,3.945962980108969e-05,0.011559600446177232,0.007026866230655926,0.0018217922454851158,0.0,0.0023161276630208664,0.0,0.0010612678335453292,0.008341896545353004,0.0,0.01725813781286609,0.0015438307648420807,0.0027292547264079654,0.009062961327491712,0.0,0.0,0.0,0.004971804350435088,0.0771929553006328,0.0,0.0035072198587018247,0.00346645217487418,0.0074719316131914215,0.00393789664694521,0.0,0.0027574868924811102,0.0,0.0,0.0,0.0,0.0,0.0,0.0,0.0,0.0,0.00043231185577657927,0.0,0.0,0.00034914142058809465,0.0,4.621790893829289e-05,2.4744022002340768e-05,0.0,4.839799898255199e-05,0.0,0.0003203642320038745,0.00017517023505621857
FAT_020_22_0_0,0.0,0.0,0.0,0.0,0.0,0.0,0.0,0.0,0.0,0.0,0.0,0.0,0.0,0.0,0.0,0.00384777373668291,0.0067872633999502925,9.399884243666888e-05,0.0008930902950044284,0.00861426460795697,0.0001839460106303779,0.0,0.0,0.0,0.0,0.0,0.0,0.0,0.0,0.0,0.0,0.0,0.0,0.0,0.00011243396024213627,0.0,0.0027742826460106936,0.0,0.0,0.0,0.0003732604896326776,0.0008557136001131236,0.0,0.0,0.013797470175119451,0.0,0.005445652766250207,0.0,0.0003073194913285058,0.0,0.0,0.0,0.0003983808699390277,0.0,0.0,0.0,0.0,0.0,0.0,0.0,0.0,0.0,0.0,0.0,0.0,0.0006736921347481516,0.0,0.02393668367627044,4.9531717620184356e-05,0.0003724501547840856,0.0,0.0,0.0019713421029121225,0.004212221834837149,0.0052053884836426876,0.0002576864818522474,0.0,0.0001539636212324749,0.0,0.0,0.0,0.0,0.0,0.0,0.0,0.0,0.13965472847603683,7.455080607046153e-05,0.0,0.0,0.0,0.0,0.0,0.0,0.1791714164106179,0.0,0.0,0.0,0.0007294026555888498,0.0,0.0001923532346845196,0.009892770415322955,0.0,0.0,0.0,0.01486873284495804,9.258075645163293e-05,0.0,0.0,0.0,0.0,0.0,0.0,0.0,0.0,0.0,0.00010119056421792264,0.0,0.006289008759922293,0.0,0.0,0.0003547240799711362,0.0,0.0,0.0,0.0,0.0,0.0,0.0,0.0021261160589931896,0.0004973430133233235,6.806812728172573e-05,0.0,0.0,0.00038399742637652124,0.0,0.0,0.0,0.0,0.5520089112523304,0.0,0.0,0.0,0.0005543703282929836,0.0,0.0038750212459668153,0.0,0.0,0.0,0.0,0.003119789167079096,0.0,0.0,0.0004060790510006525,0.0013270246064254199,0.0012093234696674458,0.0,0.00119929557591612,0.0,0.0,0.0,0.0,0.0,0.0,0.0,0.0,0.0,0.0,0.0,0.0,0.0,0.0,0.00037265273849623363,0.0,0.0,0.0,0.0,0.0,0.00011273783581035825
FAT_006_22_14_0,0.0,0.0,0.0,0.0,0.0,0.0,0.0,0.0,0.0,0.0,0.0,0.0,0.0,0.0,0.0,0.002670539424790668,0.0,0.0,0.0,0.0,0.0,0.0,0.0,0.008746647606225245,0.0,0.0,0.0,0.0,5.936638646759216e-05,0.0,0.0,0.000964318668808911,0.0,0.0,0.0,0.0026514616039896933,0.0050066837545483115,0.0,0.0,0.0002256159677331247,0.00037859402148494403,6.149931053229607e-05,0.00080008351582671,0.0,0.02906120887737215,0.0,0.0047026235795466316,0.0,0.0,0.0,0.0037470735985592803,0.0,0.001288641622425279,0.0,0.0,0.0,0.013679034505853036,0.0,0.0,0.0,0.0,0.0,0.0,0.0,0.0,0.0,0.0,0.06398878840314964,7.998465242639662e-05,0.000604091493436695,0.0,0.008476595720477455,0.017642718392761138,0.0,0.002082800349183368,0.0,0.0,0.016151330488407615,0.030838053119051873,0.0,0.0,0.0,0.0063298076493529705,0.0,0.007399943050927471,0.0015937682594593106,0.0034920706770457904,0.0006962812113444542,0.0,0.0,0.0,0.0,0.0,0.0,0.2075087458773836,0.0,0.0,0.0,0.005495952835835114,0.0,0.0,0.04448758217534318,0.0,0.0,0.0,0.002033980087257923,0.0,0.0,0.018558335295425978,0.0,0.0,0.0,0.0,0.0,0.0,0.0,0.0,0.0,0.01116064366434458,0.0,0.0,0.0,0.0,0.0,0.0,0.0,0.0,0.00017075242095768406,0.0,0.004832731947493558,0.0007528036990591078,0.0031323174847990645,0.0,0.0019260304304276306,0.0008889553518560408,0.0,0.0,0.0,0.08850295866191718,0.19869455567577607,0.0,0.0,0.0009387235800324652,0.005486828660669436,0.0,0.03899625067498159,0.0,0.0,0.0,0.0,0.0008715364719942922,0.0,0.0,0.0,0.12740346474554984,0.0,0.0,0.004611263332108481,0.0,0.0,0.0,0.0,0.0,0.0,0.0,0.0,0.0,0.0,0.0,0.0,0.0,0.0,0.0,0.0,0.0,0.0,0.0,0.0,0.00012596101559890312
FAT_006_22_42_0,0.0,0.0,0.0,0.0,0.0,0.0,0.0,0.0,0.0,0.0,0.0,0.0,0.0,0.0,0.0,0.0009810257835119213,0.0,0.0,0.0,0.0,0.0,0.0,0.0,0.0006251585547059038,0.0,0.0,0.0,0.0,0.00011375670963247523,0.0,0.0,0.0,0.0,0.0,0.0,0.0,0.0007174390713694161,0.0,0.0,0.0,0.007551230787196433,0.0,0.0,0.0,0.07908893291508448,0.0,0.028111497682584558,0.0,0.0,0.0,0.004389700286304498,0.0,0.0005662668067988259,0.0,0.0,0.0,0.013197791710457969,0.0,0.0,0.0,0.0,0.0,0.0,0.0,0.0,0.0,0.0,0.05119186159667426,5.654278930109757e-05,0.001104849458598598,0.0,0.006837482936493557,0.025585360484610298,0.0,0.003625114260057906,0.0,0.0,0.011545970462181096,0.03915697217893428,0.0,0.0,0.0,0.0,0.00030184118086846876,0.001500145635433571,0.0011377348790823224,0.0021598674381988993,0.01141845556642788,2.4496282605223115e-05,0.0,0.0,0.0,0.0,0.0,0.275216741766229,0.0,0.0,0.0,0.003233341521131903,0.008525880825920693,0.0,0.04999942953862427,0.0,0.0,0.0,0.007247711778752262,0.0,0.0,0.0010811920897812232,0.0,0.0,0.0,0.0,0.0,0.0,0.0,0.0,0.0,0.005084488685401962,0.0,0.0,0.0,0.0,0.0,0.00775391235834102,0.001186727444292769,0.0,0.0,0.00036979319768432956,0.0069795949321553655,0.0013184369089852368,0.0018716166606936007,0.0,0.0010041798040565846,0.0012107203786252822,0.0,0.0,0.0,0.06731075111642648,0.18011042789972231,0.0,0.0,0.05697432655356768,0.002217249141287847,0.0,0.003972592350985423,0.0,0.0,0.0,3.50665963321347e-05,0.0,0.0,0.0,0.0,0.01723414150932,0.0,0.0,0.008752890896912932,0.0,0.0,0.0,0.0,0.0,0.0,0.0,0.0,0.0,0.0,0.0,0.0,0.0,0.0,0.0,0.0,0.0,0.0,0.0,0.0,0.0003192905876557528
FAT_006_22_84_0,0.0,0.0,0.0,0.0,0.0,0.0,0.0,0.0,0.0,0.0,0.0,0.0,0.0,0.0,0.0,0.0,0.0,0.0,0.0,0.0,0.00011828387130169927,0.0,0.0,0.0006220687281509712,0.0,0.0,0.0,0.0,0.0,0.0,0.0,0.0,0.0,0.0,0.0,0.0,0.002284059284511988,0.0,0.0,0.0,0.004313388235817628,0.0,0.0,0.0,0.2222346207128908,0.0,0.018122859936004116,0.0,0.0,0.0,0.001778912233367483,0.0,0.0,0.0,0.0,0.0,0.004110421285829673,0.0,0.0,0.0,0.0,0.0,0.0,0.0,0.0,0.0,0.0,0.055823516831499755,0.0,0.001354361678023572,0.0,0.003253374041753072,0.011856652661795765,0.0,0.007158898602343248,0.0,0.0,0.00817021435035365,0.01875764247757715,0.0,0.0,0.0,0.0,0.0009654552067379581,0.0021012982165698225,0.00294858306819735,0.014508390889826183,0.0063416955414018535,0.025384944756210365,0.0,0.0,0.0,0.0,0.0,0.24625612249577614,0.0,0.0,0.0,0.0033407815090297594,0.0075436049745519415,0.0,0.044617084913289536,0.0,0.0,0.0,0.00913918855902093,0.0,0.0,0.0008581824059892961,0.0,0.0,0.0,0.0,0.0,0.0,0.0,0.0,0.0,0.000434426463984264,0.0,0.0,0.0,0.0,0.0,0.011528023288073674,0.004868028346355155,0.0,0.0015328091306975483,0.0005086660530738142,0.009897930781459086,0.0008995022996110028,0.0021922246857758315,0.0,0.0019974309015592133,0.0005384072951861417,0.0,0.0,0.0,0.09490827664713129,0.08074985617498556,0.0,0.0,0.049669123005690805,0.004001559258403252,0.0,0.0010419651196528757,0.0,0.0,0.0,0.0,0.0,0.0,0.0,0.0,0.007396828539241868,0.0,0.0,0.0030833267872329593,0.0,0.0,0.0,0.0,0.0,0.0,0.0,0.0,0.0,0.0,0.0,0.0,0.0,0.0,0.0,0.0,0.0,0.0,0.0,0.0,0.0007870077540639934
FAT_008_22_14_0,0.0,0.0,0.0,0.0,0.0,0.0,0.0,0.0,0.0,0.0,0.0,0.0,0.0,0.0,0.0,0.011285836889086524,0.002055658471822473,0.037255464418342446,0.0,0.008396912434110552,0.0006836264508742126,0.0,0.0,0.03989088315042937,0.0,0.00028802158377673833,0.0,0.0003312460618730261,0.0,0.0,0.0,0.0018802116958640766,0.0,0.10317247490723457,0.0039219576206825845,0.0037270757599781805,0.0,0.0007009374826425047,0.0,0.014869326667771887,0.12559376573458625,0.0708678593719749,0.0,0.006666765081121302,0.0,0.0,0.0019162143938361688,0.0,0.0019020894415344334,0.0,0.005678549433244255,0.0,0.03941955579467673,0.0,0.0008079897527188145,0.0,0.0,0.0,0.0,0.0015433368936001333,0.0001744909521184296,0.00021304251366376735,0.0,0.0,0.0,0.002793342070979256,0.0002424606474049755,0.018694321270022258,0.0,0.0002824990460347054,0.0,0.00026242674539539836,0.024563292052717726,0.021193906814184985,0.010674215834156496,0.0,0.0,0.028704027130103883,0.009126630834600953,0.0007895104918127849,0.0,0.0,0.0,0.0,0.018913204929374716,4.9490434380516246e-05,0.04967437736838546,0.0,0.0,0.0,0.0,9.993669260099954e-05,0.0,0.0,0.08318375575259926,0.0,0.0,3.101117347448647e-05,0.0065092665528244985,0.0,0.004004264673568626,0.02047512728652976,0.0,0.0,0.0,0.005067246986260884,0.003565222923077104,0.0,0.0,0.0,0.0,0.0,0.0003874272631333117,0.0,0.0,0.0,0.0,0.0,0.0,0.0,0.0,0.0002611523136087757,0.0,0.0,0.0,0.0,0.0,0.009393942901845073,0.0,0.0011776811734882933,0.0,0.007163368667308628,0.0012847334435646032,0.0036757798805666262,0.04154764447303893,0.000408030577017046,0.0,0.008089986778832242,0.0,0.0,0.0,0.0,0.00036862939428062636,0.022636669799290805,0.0008569491738549036,0.04841778762677544,0.00032253744466443745,0.0,0.0,0.05574831926342942,0.0,0.0,0.0005556522589675129,0.004379903442675688,0.0,0.0008003431619990782,0.0,0.0,0.0,0.0,0.0,0.0,0.0,0.0,0.0,0.0,5.745563304690835e-05,0.0,0.0,0.0,0.0,0.0,0.00032317466055774773,0.0,0.0,0.0,0.0,0.0,0.0
FAT_008_22_42_0,0.0,0.0,0.0,0.0,0.0,0.0,0.0,0.0,0.0,0.0,0.0,0.0,0.0,0.0,0.004075241213638259,0.07347935305714041,0.0,0.06803199209871146,0.0,0.022528739632199837,0.0007497565543885774,0.0,0.0,0.02514672504804181,0.0,0.01090093622729628,0.0,0.0003829050948438418,0.0,0.0,0.0,0.0,0.0,0.001351198232981542,0.0,0.0,0.0,0.00022920448333498024,0.0,0.00111370800239541,0.013991105664613155,0.01780379226223055,0.0,0.0014555986483460515,0.0,0.0,0.01164675705174056,0.0,0.0,0.0,0.014346874937209578,0.0,0.0077216950070294246,0.0,0.0,0.0,0.0,0.0,0.0,0.0,0.0,0.0,0.0001703756778518041,0.0,0.0,0.007659862618167706,0.0,0.0767414517499188,0.00027363680296927945,0.001402673437779321,0.0,0.000138061263572313,0.011813714858851266,0.012461867437572494,0.005706808419230642,0.0,0.0,0.022027141207983145,0.007464422554881168,0.0037833757667164454,0.0,0.0,0.0,0.0010129326014532791,0.007804759623222219,0.0,0.04845287491608094,0.0,0.0,0.0,0.0,0.00020983654913541344,0.0,0.0,0.07237610581064959,0.0,0.0,0.002454652623153642,0.06274796393297082,0.0,0.0017597891443039537,0.21460800026182972,0.0,0.0,0.0,0.009407948144479407,0.019498952577975622,0.0,0.0,0.0,0.0,0.0,0.0025861888607656832,0.0,0.0,0.0,0.0,0.0,0.0,0.0,0.0,0.0,0.0,0.0,0.0,0.0,0.0,0.0019521220523713095,0.0,0.007969542421679495,0.00025447601245099256,0.0015497454514872614,0.0,0.0014028805814605895,0.0,0.0,0.0,0.0006991099243159136,0.0,0.0,0.0,0.0,0.0,0.05398091833836799,0.0,0.008719195404227435,0.0004864769354832364,0.0,0.0003163084013127111,0.028769357318085914,0.0,0.0,0.0,0.00026773320805283503,0.0018087786249263871,0.004194245258532913,0.0,0.0,0.0,0.00021801872454592562,0.0,0.0,0.0,0.0,0.0,0.0,0.014066713108280015,0.004031844612410353,0.0,0.0006413168372391313,0.0,0.0,0.0,0.0,0.0,0.0,0.0,0.0,0.0007022170795350954
FAT_008_22_84_0,0.0,0.0,0.0,0.0,0.0,0.0,0.0,0.0,0.0,0.0,0.0,0.0,0.0,0.0,0.002767012236178775,0.07188330653892469,0.0,0.01682473243700675,0.00013323127503508318,0.051895295211695794,0.0036510081719822933,0.0,0.0,0.010135537118565248,0.0,0.008115005579327402,0.0,0.0008506881170447473,0.0,0.0,0.0,0.0,0.0,0.0,0.0,0.0,0.0,0.0,0.0,0.00023775999242595233,0.012368124867264076,0.0001420134008814472,0.0,0.002540283450608632,0.0,0.0,0.01806183409129151,0.0,0.0,0.0,0.015357367726994147,0.0,0.023806308286674755,0.0,0.0,0.0,0.0,0.0,0.0,0.0,0.0,0.0,9.467560058763145e-05,0.0,0.0,0.01608232150570193,0.0,0.11595522700884987,0.0,0.0022770338734090867,0.0,0.000392196888407134,0.01937197732883506,0.006212068847154285,0.007718524727092773,0.0,0.0,0.024090120890246276,0.01696524645054857,0.001377722766922275,0.0,0.0,0.0,0.0,0.00862169140102433,0.0,0.0028134932437071025,0.0,0.0,0.0,0.0,0.0,0.0,0.0,0.1086589940160524,0.0,0.0,0.000980170923730773,0.018324976569395367,0.0,0.0,0.3130863206930334,0.0,0.0,0.0,0.009360246764884395,0.014249427582108346,0.0,0.0,0.0,0.0,0.0,0.0004140451039273566,0.0,0.0,0.0,0.0,0.0,0.0,0.0,0.0,0.0,0.0,0.0,0.0,0.0,0.0,0.0014130654684991059,0.0,0.002994062319035991,0.00021376979499198128,0.0,0.0,0.0,0.00030876669286667596,0.0,0.0,0.0007872854523978269,0.0,0.0003192624042440378,0.0,0.0,0.0,0.036026100906411826,0.0,0.0009630350684207942,0.0007599751829975474,0.0,0.00025896561337205074,0.016930867640832927,0.0,0.0,0.0,0.002093037627018192,0.0022303386676893844,0.003227859644921521,0.0,0.0,0.0,0.0,0.0,0.0,0.0,0.0,0.0,0.0,0.0037352951602882606,0.0006693693480460369,0.0,0.0,0.0,0.0,0.0,0.0,0.0,0.0,0.0,0.0,0.0007629739576767947
FAT_012_22_14_0,0.0,0.0,0.0,0.0,0.0,0.0,0.0,0.0,0.0,0.0,0.0,0.0,0.0,0.0,6.317163225038171e-05,0.0026904901735490335,0.0,0.0,0.0,0.016281918632245103,0.0005198714654047806,0.0002195473120832938,0.0,0.010983475647283988,0.0,0.00017739837056541616,0.0,6.93852354225504e-05,0.002437389404336039,0.0020371297999955055,0.0,0.0,0.0,0.0,0.0023487419990797656,3.862789972031537e-05,0.0,0.00011018789625312481,0.017609765630137553,0.00023466707980223763,0.008342487179006557,0.020954858897874566,0.002987500405178707,0.00024201984355597055,0.03375363871190764,5.291918701630336e-05,0.007692337167091961,0.0029448336633964823,0.0,0.0,0.005659349769211244,0.0,0.000513036501915395,0.0,0.00024274476392605588,0.0,0.018829495932834266,0.0,0.0,0.0,0.0,0.0,0.0,0.0,0.0,0.0,0.0,0.020706936131305035,4.152758120066076e-05,0.0004395088643780645,0.0,0.005845654304323436,0.030448105384366767,0.0,0.0008320014647533869,1.0666685445556255e-05,0.0,0.006339532196457978,0.017198010859928402,0.0,0.0,0.0,0.0,0.009479783679619165,0.02028378975528035,0.005022869684275432,0.008141580676439768,0.0001777090507240246,0.10094505797447102,0.01977189241394652,0.0,0.0013233939156190517,0.0,0.007966253506931743,0.19406729311523452,0.0,0.0006134897531987889,0.0,0.0051031287252492775,0.0,0.0,0.0657530736882592,0.0,0.0,0.0,0.0036211843686870344,0.0,0.00013939183116231765,0.013812011371308048,0.0,0.0,0.00034526921626684036,0.0,0.0,0.0,0.0,0.004259528534574508,0.0001900326970154925,0.0,0.0,0.0,0.0,0.0,0.0,0.0,0.003293934601619493,0.0,0.0004501755498236218,1.7501648934941818e-05,0.006439467647477024,0.0017954206365981436,0.0018930777664540616,0.0,0.0031236818747020713,0.002675991766147317,0.0,0.0,0.0,0.005576501726915652,0.0,0.0,0.0,0.018143307022521104,9.838205022600419e-05,0.05524017492121411,0.0279483728282033,7.88092002336728e-05,0.0,0.0,0.03374991055000434,0.08352252891992147,0.0,0.0,0.0026722636042440157,0.018499242924233498,9.889985049035158e-05,0.0,0.0022070718467543196,0.0,0.0,0.0,0.0,0.0,0.0,0.0,0.0,0.0,0.00024015576260431995,0.0,0.0,0.03106428769894016,0.0,7.238847695576516e-05,0.0,0.0,0.0,0.0,0.0,0.000182783493314628
FAT_012_22_42_0,0.0,0.0,0.0,0.0,0.0,0.0,0.0,0.0,0.0,0.0,0.0,0.0,0.0,0.0,0.0,0.010686095701414678,0.021682864385915556,0.00036964282945129253,0.0,0.08935144878574336,0.001051224542089649,0.0,0.0,0.00032491435922088496,0.0,0.0,0.0003320877931257617,0.0,0.0,0.0,0.0,0.0,0.0009660927603067732,0.0,0.0,0.0,0.0,0.000297064557001952,0.006131809105218559,0.0007385472171770831,0.006119994037610526,0.036441571695148896,0.0007666080027461583,0.0006649140279770253,0.011938703851216231,0.0,0.0,0.0,7.352769752498599e-05,0.0,0.001287314910900149,0.0,0.0006091089318640877,0.0,6.719819702068303e-05,0.0,0.0015672898165404832,0.0,0.0,0.0,0.0,0.0,0.0006844299878652917,0.0,0.0,0.006572447831993105,0.0,0.03968997684563225,0.0001653054548373788,0.0010305481737755925,0.0,0.002011831735292694,0.005771238559823433,0.02209438741037032,0.011088018983437916,0.0003388392603303515,0.0,0.015101977219916705,0.011550916453652499,0.0,0.0,0.0,0.0,0.0009502690090460158,0.0033782654024966303,0.0021464391126842035,0.05772926426624581,0.03552949067247884,0.024763326789684736,0.0019061290768708347,0.0,0.0,0.0,0.0,0.05607283398426973,0.0,0.010147244225148342,0.0,0.0017430389472099512,0.00017479970559383323,5.1796412460212506e-05,0.04015129194072086,0.0,0.0,0.0,0.02043426491976673,0.0,0.0,0.0,0.0,0.0,0.0,0.0003665835708742127,0.0,0.0,0.0,0.015016423471433542,0.002360903688105002,0.0,0.0,0.0,0.0010371941493051108,0.0,0.0,0.0,0.001584801434602388,0.0,0.0016120182867708907,0.0,0.034679860721451246,0.007702263672011182,0.003808354961764005,0.0008999494800368083,0.007547296401330842,0.00026235779590335744,0.0,0.0,0.0,0.0714217672155292,0.21535323729160258,0.0,0.0,0.0,0.017985592158002058,0.0,0.0027260103755281997,0.0013354191147328515,0.0,0.0,0.0,0.016138960385871672,0.0,0.0,0.0,0.02811247648986157,0.0010595583844203143,0.0,0.0059516293241960675,0.0,0.0,0.0,0.0,0.0,0.0,0.0,0.0,0.0,0.0,0.0,0.0,0.0,0.0,0.0,0.0,0.0,0.0,0.0,0.0,0.0002909460398477924
FAT_012_22_84_0,0.0,0.0,0.0,0.0,0.0,0.0,7.007760057612914e-05,0.0,0.00013497194667177535,0.0,0.0,0.0,0.0,0.0,0.00025211349793068945,0.010940502562134528,0.0,0.0,0.0,0.009511893962223825,0.0,0.001692021592608846,0.0,0.003768329672400696,0.0,0.00023531975341392475,0.0,0.0,0.00040439751456727776,0.0011135703925869516,0.0,0.0,0.0009181616986727452,0.0,3.8148752976354324e-05,0.0,0.0,0.0,0.0012195161141680224,0.0,0.006823028867928503,0.0023641860336378715,0.0,0.0,0.06443625006466114,0.0,0.033324905361548085,0.0010492980370289632,1.9489036846615795e-05,0.0,0.0014196934022042628,0.0,0.0001355939372094333,0.0,0.0,0.0,0.013357246796204498,0.0,0.0,0.0,0.0,0.0,0.0,0.0,0.0,0.0,0.0,0.04421399003923623,0.000333283263095051,0.0017412625101734336,0.0,0.003723028028241275,0.01976105404175154,0.0,0.006732218249430442,0.00015269867699502695,0.0,0.003474646473536533,0.013125555320926909,0.0,0.0,0.0,0.0,0.0,0.010486138474375396,0.0011677872344528029,0.15954057290926443,0.0003396068335612412,0.0,0.01256120257309193,0.0,0.0016231879731080326,0.0,0.000156326955131365,0.11878661256592978,0.0,6.955927512808086e-05,0.0,0.007009522364136278,0.0,0.0,0.04577601560947456,0.0,0.0,0.0,0.00261961681443606,0.0,0.0,0.0021112432149903047,0.0,0.0,0.0,0.0,0.0,0.0,0.0,0.0020176336390727834,8.728600545133245e-05,0.0,0.0,0.0,2.2391659355686233e-05,0.0,0.0,0.0,9.827450494995625e-05,0.0,0.0,0.00048525628446281137,0.00022319093792959473,2.892256000109472e-05,0.001871051202364726,0.0,0.0001221174755601777,0.0008351259618954087,0.00014896673376907924,0.0,0.0,0.001048779711580915,0.0,0.0,0.0,0.18173029267039104,0.0011672689090047547,0.055950018499035276,0.003476408780059887,0.0,0.0,0.0,0.009865702913061589,0.09588668327588737,0.0,0.0,0.0,0.011948127233140409,0.0,0.0,0.017262725382158773,0.0,0.0,0.0,0.0,0.0,0.0,0.0,0.0,0.0013348953589035722,0.0013602933058579386,0.0,0.0,0.003057912813305706,0.0,0.0006048857978723574,0.0,0.0,0.0,0.0,0.0,0.0006319423862604782
FAT_015_22_14_0,0.0,0.0,0.0,0.0,0.0,0.0,0.0,0.0,0.0,0.0,0.0,0.0,0.0,0.0,0.0,0.0005704898642922786,0.028284265801115423,4.716121001194976e-05,0.0,0.01059626641313944,8.293405965169574e-05,0.0012307468044595751,0.0007291230252415641,0.011867877334228685,0.0,0.0,0.0,0.0,0.0,0.0,0.0,0.0008012046473621009,0.0024740877956836915,0.0,0.0011249020433532107,0.0,0.01673445867304701,0.0,0.0,0.000704202613132977,0.010303250599798149,0.01361203822040926,0.0007355540993341027,0.006471804228458014,0.09904966142404617,0.0,0.022140580332087274,0.003670133596185624,0.0,0.0,0.0027863968313026105,0.0,0.0046586432764929115,0.0,0.0,0.0,0.0,0.0,0.0,0.0,0.0,0.0,0.000266889574840352,0.0,0.0006681618020727072,0.0007805716179818729,0.0,0.05638283433780906,0.00015300597111831427,0.0010857796759569341,2.69301227625054e-05,0.0016991433675328032,0.011303952524739206,0.0,0.0,0.0,0.0,0.009937349280074753,0.01789674133456297,0.0,0.0,0.0,0.0014105489176301335,0.0,0.012633979035502346,0.001284607049984586,0.0066644684898136495,0.0,0.148913396342675,0.0,0.0004959965893870398,0.006255291400675881,0.0,0.0019908193737714812,0.0327987458333674,0.0,0.0,0.00010745252962949915,0.0006196607849581466,0.0,0.0006649462650264393,0.018475671983601838,0.0,0.0,0.0,0.0018348658270274068,0.0,6.752627797165533e-05,0.0,6.833016223322266e-05,0.0,0.012573285773754012,0.0,0.0,0.0,0.0,0.0021925943234248797,0.0,0.0,0.0,0.0,0.0008777076329212581,0.0,0.0,0.0,4.140003947071725e-05,0.0,0.0010438437136451708,0.0012332924379545383,0.0,0.006354035184138401,0.0007092938801229033,0.0,0.000537396628857757,0.0014080032841351704,0.0,0.0,0.0,0.0,0.0,0.0,0.0002341982815366141,0.10649724716533665,0.004581470387382448,0.017491985608863957,0.0018737202330031742,0.00010986418241420114,0.0,0.0,0.07700769089471114,0.14071243706758568,0.0,5.412820694553324e-05,0.027126270522327828,0.003322721614478278,0.0013921935603243463,0.0,0.004999356222687197,0.0,0.0,0.0,0.0,0.0,0.0,0.0,0.0,0.0014816926747788417,0.010097188267416391,0.0,0.0,0.0001262098290660701,0.0001749788076011545,0.0,0.0010304456426190498,0.0,0.0007792318108792608,0.00022240797903362667,0.00015126422188491706,0.0003989945551579158
FAT_015_22_42_0,0.0,0.0,0.0,0.0,0.0,0.0,0.0,0.0,0.0,0.0,0.0,0.0,0.0,0.0,2.1710626388207983e-05,0.000394997708850459,0.00803306745505188,0.0004300060939014444,0.0,0.04733418610864567,0.0011438786278287082,0.0012558240451429042,0.0013567784578480725,0.0018072739554033882,0.0,1.7097118280713785e-05,0.0,0.0,0.00021547796690296288,0.0,0.0,0.00010841744052611362,0.028929409662287135,0.0,0.0,0.0002423448670583716,0.0005133206226661924,0.0,0.0,1.5061747056819289e-05,0.007011989557731473,0.001832919632824459,0.0,0.00214568834422958,0.09762169586316227,0.0,0.08357627750414097,0.005649783443286349,0.0,0.0,0.0029187223350647107,0.0,0.0008955633385135793,0.0,0.0,0.00011669461683661791,0.0,0.0,0.0,5.0477206352583564e-05,0.0,0.00021398536133877358,0.00034316358834861246,0.0,0.00013487726643674196,0.004396537535027043,0.0,0.2420178507483992,0.0009019408350151153,0.0065449397075551495,0.0,0.0034108750970024003,0.007666429251921018,0.0,0.0,0.0,0.0,0.004888825988379659,0.015442497167102484,0.0,3.3515779486796073e-05,0.0,0.007876615253641856,0.0,0.005842872326726473,7.340905547512825e-05,0.00044846012633142115,0.0,0.11994876834938042,0.0,0.0,0.00042281444891035044,0.0,0.00019051074655652506,0.03621658140948915,0.0,0.0,0.0,0.00173386489992826,0.0,0.0032556441183267133,0.03927669419890706,0.0,0.0,0.0,0.017259812287210418,0.0003910626578175949,0.0,0.0,0.0003580896439905054,0.0003168394538529089,0.0,0.0,0.0,0.0,0.0,0.0,0.0,0.0,0.0,0.0,0.0005528068244097457,0.0,0.0,0.0,0.0029884677223368157,0.0,1.9675255164313348e-05,0.004538199372210099,0.0,0.030639799947433148,0.0001290425355949112,0.0,0.0005271611469886751,0.0,0.0,0.0,0.0,0.0,0.0,0.0,0.0,0.00832263293450459,0.009337604718153326,0.004053373946678417,0.00034859124494566443,0.0,0.0,0.0,0.024076677590277876,0.05854935293513421,0.0,0.0053539761587470145,0.0036051852031768615,0.005288844279582391,0.005595371185900902,0.0,0.019210512068190907,0.0,0.0,0.0,0.0,0.0,0.0,0.0,0.0,0.0,0.0,0.0,0.0,0.0,0.0,0.0003898414350832596,0.0,0.0,0.0,0.0,6.363927360043451e-05,0.0031631025733469768
FAT_015_22_84_0,0.0,0.0,0.0,0.0,0.0,0.0,0.0,0.0,0.0,0.0,0.0,0.0,0.0,0.0,0.0,0.0023940771843252075,0.026514211566040658,0.0005990106105584648,0.0,0.03221778306854322,0.0007281935637541456,0.005017696492381481,7.232149103855495e-05,0.006997366292368012,0.0,0.0,0.0,0.0,0.0029594163760486942,7.336962858983835e-05,0.0,0.00010559985829180306,0.036467718804609604,0.0,0.0012020827541281553,0.0,0.006111952095921356,0.0,0.0,0.0002418577399586457,0.007272371382385983,0.013743048555234097,0.00015826877024379416,0.00661794049880342,0.13261101807434597,0.0,0.03369460887830154,0.007072832196060418,0.0,0.0,0.0026855904407759048,0.0,0.0021717410062592154,0.0,0.0,0.0,0.0,0.0,0.0,0.0001881406904553712,0.0,0.0,0.0007090650534432236,0.0,0.0,0.0004535815253178922,0.0,0.12961622705594145,0.0004318326711287629,0.0027150693094057507,0.0,0.0031072037707796547,0.01794555606710491,0.0,0.0,0.0,0.0,0.00920120651113527,0.015041166912498596,0.0,0.00017137048963483675,0.0,0.011655944656241016,0.0012305134852067176,0.004404536024880689,0.0012662811791442638,0.009628977649252822,0.0,0.24399594056326387,0.0035510900237481764,0.0,0.001121376162679333,0.0,0.001544299664622187,0.03318220063291773,0.0,0.0,0.0,0.002496663647157071,0.0,0.003283814948170895,0.018183745325634063,0.0,0.0,0.0,0.017026339434629365,3.5636676743635776e-05,0.0,0.0,0.00031968195314143854,0.0,0.0016050916425966245,0.0,0.0,0.0,0.0,0.0010991032397145606,0.0,0.0,3.7994986234023304e-05,0.0,0.003284994102916102,0.0,0.0,0.0,0.0033622942473232535,0.0,0.0007745736503984364,0.006670216359173666,0.0,0.006822851390079325,0.00012315616227580008,0.0,0.002438492013060842,0.000153290116875198,0.0,0.0,0.0,0.0,0.000339203515034092,0.0,0.0,0.02972793231546949,0.0010909801736921144,0.0005679595356016952,0.004716225929193592,0.0,0.0,0.0,0.0045745963425764214,0.041060264502751756,0.0,0.0005428042343708934,0.004296839891486306,0.002412419591472667,0.011955974030295892,0.0,0.009887736607225911,0.0,0.0,0.0,0.0,0.0,0.0,0.0,0.0,0.0002079242867358442,0.0009066389818601455,0.0,0.0,0.0,0.0,4.402177715390301e-05,0.0,0.0,0.0,0.0,3.5898711131456626e-05,0.0010229822500526034
FAT_020_22_14_0,0.005940090715869909,0.0,0.0,0.0,0.0,0.0,0.0,0.0,0.0,0.0,0.0,0.0,0.0,0.0,0.0,0.0018593322752495868,0.00785826197579479,0.0002771947323024706,7.99110778029524e-05,0.015636409278683948,0.0002286373003126511,2.076670047363349e-05,0.0,0.0,0.0,0.0,0.0,0.0,0.0,0.0001169653864912004,0.0,0.0,0.0,0.0,0.0,0.0,0.0058467423612899,0.0,0.0,0.0,0.0015334783134059555,0.0010739641666511438,0.0,0.0,0.016409358086018747,0.0,8.408477740794737e-05,0.0,0.0002527633199805488,0.0,5.262933404347311e-05,0.0,0.0004678615459648016,0.0,0.0,0.0,0.0,0.0,0.0,0.0,0.0,0.0,0.00014037882329970874,0.0,0.0,0.0,0.0,0.007452293341045525,0.0,6.81025618473569e-05,0.0,0.0001212408836475367,0.001030089422023026,0.034686701239151095,0.0005063410203718282,0.0007037264724226868,0.0,0.00018221761690099975,0.00050267630852354,0.0,0.0,0.0,0.0,0.0,3.603633317483459e-05,2.1479283333022773e-05,0.02840334918015808,0.0008828901627834474,0.0,0.0,0.0,0.0,0.0,0.0,0.10715057557862505,0.0,0.0,0.0,0.0,0.0,0.0002123496920980366,0.006146637947541479,0.0,0.0,0.0,0.004756999574180848,0.0,0.0,0.0011866540559860078,0.0,0.0,0.0,0.0,0.0,0.0,0.0,0.0008297518409832676,6.63720034745541e-05,0.014376359188180832,0.0,0.0,4.4587327487507204e-05,0.0,0.0,0.0,0.0,0.0,0.0,0.0,0.00297350647468056,0.00031485982629876657,0.0003825551979407581,0.0,2.9012302132282083e-05,0.0021429402532865617,0.0,0.0,0.0,0.0,0.7090405081978075,0.0,0.0,0.005944976998334293,0.0001898524332516003,0.0,0.0010838385291312537,0.0,0.0,0.0,0.0,0.007908448168606072,0.0,0.0,0.0006319591987270427,0.00042541196705546256,0.0002241582080536321,0.0,0.000707391184270975,0.0,0.0,0.0,0.0,0.0,0.0,0.0,0.0,0.0,0.0,0.0,0.0,0.0,0.0,0.0007543198554393342,0.0,0.0,0.0,0.0,0.0,0.0
FAT_020_22_42_0,0.005792995379810288,0.0,0.0,0.0,0.0,0.0,0.0,0.0,0.0,0.0,0.0,0.0,0.0,0.0,0.0,0.011038457884021203,0.0,0.0,0.0,0.004201003911892736,0.0,0.00048483284140397295,0.0,0.0016892425744410384,0.0,0.0,0.0,0.0,0.0,0.0,0.0,0.0,0.0,0.0,0.0,0.0,0.0030412057104792813,0.0,0.0,0.0,0.0001335297324679984,0.0008389813327669663,0.0,0.0,0.027752539122738028,0.0,0.01862739767928578,0.0,0.0,0.0,0.0001016208009649912,0.0,0.0070366307420198495,0.0,0.0,0.0,0.0,0.0,0.0,0.0,0.0,0.0,0.0002617751832858173,0.0,0.0,0.00019064062261032246,0.0,0.025767376775886926,0.0,0.00047324807009396395,0.0,0.0033798062192946423,0.016573946154186205,0.2442294374120029,0.0,0.0,0.0,0.004342256825234073,0.006819060607153804,0.0,0.0,0.0,0.0,0.0,0.0014898625629477357,0.001578984005394033,0.16242011969914155,0.0,0.0,0.0,0.000184441753751459,0.0,0.0,0.0,0.18430558187816592,0.0,0.0,0.0,0.0,0.0,2.7945720265372475e-05,0.04254984881365339,0.0,0.0,0.0,0.010117366944074523,0.0,0.0,0.0021364757194879745,0.0,0.0,0.0,0.0,0.0,0.0,0.0,0.010491534733227519,0.0002443980263208038,0.039211300639550535,0.0,0.0,0.0,0.0,0.0,0.0,0.0,0.0,0.0,0.0,0.000817945826967214,0.0006246630635317997,7.03215942677739e-05,0.0,0.0,0.0018475677823445048,0.0,0.0,0.0,0.0,0.09482206451803038,0.0,0.0,0.003253796426098043,0.0020758081013118753,0.0,0.00761261744188942,0.0,0.0,0.0,0.0,0.03347704208269791,0.0,0.0,0.002515724548689322,0.010404750569203517,0.0011327670683567567,0.0,0.0038110848985900645,0.0,0.0,0.0,0.0,0.0,0.0,0.0,0.0,0.0,0.0,0.0,0.0,0.0,0.0,0.0,0.0,0.0,0.0,0.0,0.0,0.0
FAT_020_22_84_0,0.017338090095746096,0.0,0.0,0.0,0.0,0.0,3.4124962900843106e-05,0.0,0.0,0.0001799126484435887,0.0,0.0,0.0,0.0,0.0,0.00626020879050695,0.010181970581986116,0.00020589771193689125,0.005400405826164311,0.02414742902320791,0.000609240163348997,0.00019859267400704715,0.0,0.0028955083200207727,0.0,0.0,0.0036724512827020477,0.0,0.0009569599688095756,0.0005919167876867954,0.0,0.0,0.0,0.0,0.006770830941803062,0.0,0.015326178292182323,0.00031150768886549436,0.0020669083034070288,0.0,0.004024971541659381,0.013384290495060342,0.00011364551865143162,0.0,0.009434560844078352,0.006080609215117508,0.004206971343797211,0.0,0.0006014133369955926,0.0,0.0019066148996893073,0.0,0.0044462635148419605,0.0,0.0,0.0,0.0,0.0,0.0,0.0,0.0,0.0,0.0,0.0,0.0,0.0,0.0,0.03927188391084182,8.10859210212694e-05,0.0005810635884767412,1.6905944923353466e-05,0.0041801514188262116,0.01854237777732325,0.00771422441160007,0.0002479538588758508,0.0008049108221841066,0.0,0.008687359821540015,0.0225722541301641,0.0,0.0,0.0,0.0,0.0020406101668595904,0.017271092462160954,0.0011632751114853152,0.3259098842172361,0.003663789594870947,0.0,0.0,0.0,0.0,0.0,0.0002665295267545972,0.08937035582213615,9.506985077268522e-05,0.0,0.0,0.00027414763773857747,0.0,0.00023209149079961687,0.022268886340706145,0.0,0.0,0.0,0.009119818066986786,0.0,0.0,0.0031474277709156715,0.0,0.0,0.0,0.0,0.0,0.0,0.0,0.002688775746606185,0.00014745740849813854,0.00048766346065944895,0.00017354682967615212,0.0,0.000209028442478253,0.0,0.0,0.0,0.0,0.0,0.00354482183429919,0.000916364829456585,0.007843836656012447,0.004383127115591166,0.006414553806196094,0.0001702073837653673,0.0012632497734394671,0.0022899206756366876,0.0,0.0,0.0,0.0,0.055800784519330626,0.0,0.0,0.0008607421835050578,0.0013262818150055504,0.001054221330961214,0.011994767923119282,0.00024377955148736742,0.0,0.0,0.007860951316305225,0.13760875636112274,0.0,0.0,0.011911594848403772,0.013471533519479516,0.0002513976624713487,0.0,0.0017403731079429982,0.0,0.0,0.0,0.0,0.0,0.0,0.0,0.0,0.004038224967617812,0.0012133668001471033,0.0,0.0,0.0,0.0001253335793391811,0.0008703430904985672,0.0,0.0,0.0,0.0,0.0,0.0002243690221309256
FDM002W0,0.00018737926954456052,6.183723402467224e-05,0.0,0.0,5.322567291049809e-05,0.0002903029879211962,0.00012896590921588526,0.00015023542763041177,0.00019972596559982226,2.490089960725057e-06,7.138257887411818e-05,6.121471153449098e-06,4.845300048577506e-05,0.00040764847732036453,7.740029627920385e-05,0.008493800609781532,0.0,7.449519132502461e-05,0.0,0.00043586949687524746,0.0,0.0,0.0,0.08837173639990682,0.0,1.639309224143996e-05,0.00037994622650729825,0.0,0.0,0.0,0.0,0.0,0.000656034950902688,0.0,0.000320391574946624,0.0003312857185247961,0.00011838302688280374,0.0,0.003239088270161481,5.758333034176694e-05,0.000991159558116936,0.007418600515490125,4.2642790577416496e-05,0.0,0.01658939433334378,0.0,0.0006789645292910321,0.14103620528550648,2.6768467077794256e-05,0.0,0.002023094339340745,0.019465759499226316,0.0167626630931109,0.0,0.0,0.0,0.0,0.0,2.2929578388343232e-05,7.688152753738613e-05,0.00014338768023841787,0.0003891803101116537,2.137327216289007e-05,9.28596047853719e-05,0.0,5.000930671122823e-05,0.00026011064714740384,0.05308519033521385,3.2474923237789287e-05,0.0003442549370702391,0.0,0.013866584715039194,0.07399675831788614,0.0,0.0,0.0,9.75285234617314e-06,0.03400363096617774,0.031618124783803034,0.003398661535144612,0.0,0.002862773424846907,0.0017082017130573889,0.0,0.00012201440807552778,5.872462157376592e-05,7.885284875629348e-05,0.0,0.0023698393663717093,0.0,0.01551616556027118,0.0,8.092792372356435e-06,1.2969218545443006e-05,0.0007323977096982573,0.0,0.0,0.0,0.0005719944147282183,0.0,0.001515219741101197,0.18051129017163575,4.1086484351963437e-05,2.2514563394889055e-05,0.00015978077247985782,0.00015324428633295455,0.0002683071932681249,5.7790837838494025e-05,0.0,0.0,0.0,0.0,0.0,0.0,0.0,0.0,0.0,0.0,0.0,0.00039509427376837567,0.0,0.0,0.0,0.0,0.00033709592843315456,0.0,5.550825537449606e-05,0.0,0.0,1.4318017274169077e-05,7.47026988217517e-06,0.001858852155681255,0.0,0.00032080658994007816,0.00039239667631092354,0.0191692312864032,2.7183482071248538e-05,0.0056118327414873695,0.0,0.0,0.0007505546156618776,2.624969833597664e-05,0.002141269858726822,0.0,4.0878976855236353e-05,0.00032433421738443864,0.0,0.00010053738216427417,5.509324038104178e-05,2.137327216289007e-05,0.003757545750734111,0.0,0.15220799389429948,0.055550275642583295,0.0018038626690485662,0.00013436110413078952,0.00023292716507615637,0.0,0.0005046582320402782,0.0,0.0003288993823124346,0.00020418737677945363,2.8117265806520436e-05,0.0002682034395197613,0.0004836999748708423,1.3695494783987814e-05,0.003580438102277541,0.021184959109610237,9.234083604355418e-05,0.0,0.0,3.39274757148789e-05,6.225224901812632e-06,0.0,1.857192095707428e-05,0.0003046210051953653,0.00013612491785296976,7.542897506029653e-05,0.0
FDM020W0,0.035394019479049445,0.00022963304963238433,0.0009260378724132813,5.020687260072007e-05,0.0001415935235365762,0.00017273192735156825,0.00028501275153136043,0.00023592158721065634,0.00010933941144156714,1.1055654774704017e-05,0.0009447006290971853,6.288537578272009e-05,6.592821654640008e-05,0.0005269185922439207,0.0,0.031234963295226157,0.0001313492929655202,0.0035837564234368433,0.0,0.044453469284753924,0.0,6.23782356554401e-05,0.00015761915155862425,0.0,0.0,0.0,0.0,1.8865612734816027e-05,0.0,0.0,0.0,0.0,0.0,0.0,0.0035697593559239254,0.0004118992113768166,0.0,0.0,0.004223260123936934,0.002085968771528099,0.0009630591017047214,0.011018126405285295,5.020687260072007e-05,0.0,0.023075180075316403,0.0,0.013491854518131684,0.0,0.0013550784200921618,0.0,0.01962551150153238,0.0,0.020336521959978943,0.0,0.0004759002954395527,5.172829298256008e-06,0.0,3.255839617137605e-05,4.128120636059206e-05,0.006158709705688319,0.002297953344731139,1.2577075156544018e-05,0.015164199801850112,0.0,0.0,0.0,2.0285605091200032e-05,0.12299578221698948,0.00012982787258368017,0.0018800698798524186,0.0,0.016495746920036584,0.0,0.0,0.023112302732633296,0.0,6.80582050809761e-05,0.04127877208798102,0.1403233403737907,0.004369620764669942,0.00036392375533612854,5.3959709542592076e-05,0.04257218226859603,0.0,0.0037689639979195094,0.009821579988980863,0.0,0.0,0.0,0.0,0.0,0.0,0.0001465634967839202,0.0,0.009661323708760383,0.0010201630800364496,0.0,0.0,0.0065646246635632415,0.0,0.00149941050031604,0.0,0.0004009449846275686,5.730683438264008e-05,0.00020955030059209632,0.01873903055904694,0.0005134286648582716,0.0,0.005557140086708792,0.0008446925959975692,5.3655425466224074e-05,0.0,0.0,0.0,0.0,0.0,0.0,0.0,0.0,0.0016611882009183703,0.0002079274521848003,0.00019311896046822428,0.0,0.05996009010054359,0.0,0.0,0.0005407128037059368,0.00024261583689075234,0.0030180923254687405,0.0,0.0,0.015135799954722534,0.0017008465588716666,0.00804912524413726,0.0,0.0,0.0,0.02086252769999376,0.0,0.003612054842539077,0.0,0.0,0.0,0.0,0.0,0.0,0.0,0.0,6.927534138644811e-05,0.0,0.0,0.0,0.0019174968212456829,0.0,0.1723779435427268,0.0017428377614104507,0.0,0.0,7.21153260992161e-05,0.0001350007018819362,9.351663947043214e-05,9.787804456504015e-05,0.00014189780761294423,0.000690420569278993,0.0,0.0002113760050503043,0.0037026300692712755,0.001939608130795091,4.543975540428806e-05,0.0,0.0,1.8764184709360026e-05,0.0,0.0,0.005840732845883768,0.0,0.0,0.0,3.549980890960005e-06
FDM019W0,0.018106693993592365,6.903473401424595e-06,1.9796725195261706e-05,5.411104886704856e-05,6.334952062483746e-05,0.0007965390045231967,0.0004796898797313413,0.0012343004355076504,7.350168739163833e-05,0.00024598700075958524,0.0005581661288387122,6.690277899321777e-05,0.0,0.0,0.0008156250780447813,0.0009192787007338192,0.0,4.7613662136296e-05,3.1776281980086743e-05,0.003597318772148222,0.00035309236014933445,0.0,0.00016771379498755045,0.013542279815238692,2.111650687494572e-05,0.0002853774078147726,5.908561058278109e-05,0.0,0.0014129785706033457,0.0003727875636769281,0.0,0.0,0.0,0.0003074076096987305,0.0,0.00010253688434468884,8.020211745772691e-05,0.0,9.573493261093214e-05,5.441561387005269e-05,0.0038854372649900306,0.0,0.0,0.0,0.04096500812071821,0.07579993490430673,0.013151929003055096,0.02701745380814873,0.00033380324329241175,0.0,0.016632294814049875,0.0,0.0051472500724357014,0.0,0.00010740992439275326,6.060843559780112e-05,0.0,0.0,0.0,0.0,1.5938901823877374e-05,0.0002491341724572935,0.0028253480112006833,0.0,0.0,0.0,4.781670547163212e-05,0.10771235744073625,0.0,0.0003608080068921031,0.0,0.0017507411589348107,0.038450824020919976,0.0,0.0,0.0,0.03352022118728779,0.00097430344460988,0.007849959909093441,8.94405892155157e-05,1.7360205171229496e-05,0.00036405670025747936,0.0020091138031498933,0.0012261787020942097,0.018452781358672607,0.0,0.1687662701162647,1.878150851858162e-05,0.047290011059770494,0.0,0.0034096052086300737,0.00024233222072353688,3.0354978632734614e-05,5.319735385803659e-05,0.02034971371904935,0.008694620184091274,0.00010101405932966872,0.0,0.01029571840488344,0.0,9.543036760792823e-06,0.020888996817701712,0.0,0.0,0.0006052721826366682,0.0036340696158440413,0.0015290178367478799,0.0,0.0,8.994819755385575e-05,0.00028233175778473235,0.0,0.0,0.00010740992439275326,1.8578465183245603e-05,4.8831922148312206e-05,0.0006884184284567673,0.0,0.02927184396038453,2.822302361170633e-05,0.0,0.0,0.0,0.0,0.0019906368596343156,0.03063984843221105,0.0003050726113423663,0.0,0.009419586412908524,3.725845203415921e-05,0.0005509580904342835,0.0007976557428675447,0.0,0.0001692366200025706,0.00015390684818470125,0.0,3.563410535147107e-05,0.0,0.0,0.0,0.0,0.00011390731112350582,0.03146166633198358,0.0011497328863401992,0.0036202626690411822,0.0050403477563812984,2.649715526135018e-05,0.0,0.0,0.019151859562234516,0.10980634335805661,0.0,0.0009708517079091677,0.0,0.0,0.0018043445994635093,7.735951076302266e-05,0.001726985088700497,7.055755902926608e-05,0.00028882914451548486,0.0,0.00031075782473177375,2.1522593545617856e-05,8.223255081108709e-06,0.0017132796635653158,0.0,0.00037451343202728323,0.018074004016603265,0.0004442588177152063,9.806993096729646e-05,0.0,6.771495233456183e-05,0.0,1.8984551853917638e-05,0.0,0.0,0.0,0.0,9.847601763796849e-06
FDM017W0,0.0053326936139114454,0.0,0.0,6.779861233294195e-05,1.0814502580714564e-05,3.2027565335193335e-05,0.00021473026758822876,1.986124993188944e-05,1.6117768269334362e-05,0.0,0.00014849143928135142,0.0,0.0,0.0,0.00021400236837606525,0.017369546943052084,0.0,0.0,0.00011053669464711241,0.03054015528793822,0.00046283991333424026,0.0004046079763611613,0.0,0.0532226385805716,4.9393160825379394e-05,6.301527465301048e-05,0.0020103536383938143,0.00015857804264990258,0.017339495104149904,0.0031989090662550516,0.0,0.0,0.0,0.005170684046404201,0.005602952192827563,0.00015223492094390648,0.0,0.0,0.0,0.004750374244180656,0.017586252937073325,0.01266076693956638,0.014869629091677456,0.003188614491683025,0.1168114978127669,0.0,0.040984261155263414,0.04301676372682735,0.00042998046318514464,0.0,0.005831928487853861,0.0,0.013774972662185308,9.608269600558031e-05,0.0003647814908956448,0.0002026679377866624,0.0,0.00022564875577068104,7.102216598680884e-05,0.00029823070578355445,0.00022315310132897768,0.0003949373153995607,0.002137839986124162,0.0,0.0,0.0023749271580859837,0.00017116030046015714,0.10639151660504484,0.0,0.00018862988155208084,0.0,0.02385710464986177,0.04215274736198928,0.0,0.0052305797530050714,0.0,0.0,0.02161912652926426,0.06776720868121719,3.1611622928242876e-05,1.5909797065859078e-05,0.00950875537969511,0.06852817531473325,0.0,0.008477530167262923,0.00970050482929932,0.0,0.0,0.0,0.0,0.0,0.0,2.100509155100349e-05,0.0,0.04195559066109472,0.0,4.211416870374452e-05,9.410696957256515e-05,0.0006275531064866637,2.2564875577068104e-05,0.0011322992173211734,0.0,0.0,0.0,0.00012530265009385745,0.012634562567928598,0.0010137556313402614,0.0,0.0,0.00017324001249491,1.0814502580714564e-05,0.0,5.646418174353908e-05,0.0007324745786399435,2.506053001877149e-05,0.0002515411706033537,0.010957794739909137,0.0,0.0,9.566675359862975e-06,9.701856642121898e-05,0.0019129191295656446,0.0,0.0,0.0,0.0,6.8942453952056e-05,0.0018075817150054142,0.0007593028638882549,0.0010671002450316723,0.00033254595435697605,0.0068267587396778715,0.00027462597418910896,0.0022123976625700505,0.0,0.0,6.301527465301048e-05,0.0,0.005438135014073414,0.0,0.0,0.0,0.0,0.0,0.0,0.014175005272070013,0.0,0.0,1.1854358598091078e-05,0.0,0.0,0.0,0.09599087671924598,0.0,0.0,0.003906635071681436,0.00024613391931299633,0.0,0.0003092531795677434,0.00022128136049770012,0.0,0.0,4.0866341482892925e-05,0.0015115347068583502,0.0,0.0001355972246658839,0.0003161162292824288,0.005153838378922703,4.159424069505642e-05,0.00010294574572026462,0.0011179492042813685,6.551092909471386e-05,5.9479764193930674e-05,0.0,0.0,0.0,0.0,0.0,0.0
FDM013W0,5.476840336079403e-05,0.0,0.00020781282022880624,0.0,0.0,8.13848236856659e-05,0.00039945104656788474,2.671879117227512e-05,4.2791014214601695e-05,0.0,0.0,6.950980538687692e-05,2.14978779547042e-06,0.0006356205915274208,0.0008240853215969945,0.011055027811088127,0.0,9.960683452346279e-05,0.005401802504932746,0.008824469417016461,0.00034345419303825046,0.0,0.00011096999858523502,0.003534148764905957,0.0008465045371783287,0.0002243968975081505,0.002421275282784113,0.00046885848110735833,0.00013287735992955266,0.0,0.0,0.0,0.14267496662198537,0.0,0.00040375062215882557,0.00011844307044567981,0.0,1.924571931183043e-05,0.0035419289493086223,8.066822775384243e-05,0.0027423102602410292,0.002482288307836512,0.0,3.5522684048963614e-05,0.005540719744859097,0.0,0.0,0.0,0.001931635519653874,0.0,0.00556098917264496,0.0,0.004102409338841971,2.6514049477468513e-05,9.21337626630179e-05,0.00032779145338553736,0.0,0.0,0.00023750036597577873,5.292572810753368e-05,0.0,6.551734233814613e-05,0.0021688287730874437,0.0,0.0,0.007221649059222158,0.0005128779454908003,0.05342642392218348,6.44936338641126e-06,0.00018877184261178358,0.0,1.6072223042326475e-05,0.0009872644523579396,0.0,0.004805492318808212,0.0,0.0,0.004736699109353159,0.0,0.0,0.027814568722880614,0.0003081362506840936,0.06949270945536055,0.0027258285538090893,0.005769416217958187,0.000603783257984978,0.0,0.002989740598414934,0.007948174963243758,0.0,0.0,0.001975347871495096,1.4229547789066012e-05,0.002307643642166391,0.0038814930501455455,0.0,0.000771261964336864,0.0,0.007335075958145074,0.0,0.0007769947317914508,0.002752956828370978,0.0,6.439126301670924e-05,0.00016051748872845803,0.0009371027371302955,0.0012601851315352797,0.0,0.02377368426332815,1.801726914299019e-05,0.024275403786451984,3.091599591581271e-05,0.0018471795705460976,0.11558917596176811,0.004538202036238057,0.04528620124921093,0.00019296904735532003,0.0,0.0,0.0008973828483377954,0.0,0.00019307141820272338,0.0,0.0,0.0,0.13300081917152107,0.00024630425885246814,0.0003744725598014665,4.238153082498828e-05,0.0015957567693234717,0.00012693985078015814,0.002585478122019092,0.0008278730429509184,0.003661293357380932,0.0,1.1158422366965515e-05,0.0,9.336221283185823e-05,0.007095323433526419,0.0006076733501863054,0.0,0.0,0.0017455253190745777,0.0,0.0004664015807696778,0.0034886961086588683,0.0,0.0,0.0,0.0,0.14884352677396925,0.0,0.00011639565349761275,0.0048463382869221505,0.0,0.008994405023706027,0.003185268916955329,0.00426691929061917,0.0010120381974295513,0.00022736565208284778,0.00013492477687761971,0.0007714667060316708,7.514020199406135e-05,0.0001134268989229155,0.0035307705269416565,0.00017321147380647384,0.006662397119857639,0.023971157627969218,0.0004255556126557399,8.015637351682567e-05,0.0,9.663807994876556e-05,5.241387387051691e-05,0.0,0.0,0.0,0.0,0.0,3.7877213539240736e-06
FDM001W0,0.0,0.0,1.0474538491834082e-05,0.0,0.0,0.0,1.979687774956641e-05,0.00011218230724754302,7.384549636743017e-05,0.0,5.8657415554270855e-05,0.0,1.7282988511526237e-05,3.2680560094522335e-05,0.0034034917921516483,0.0,0.0004913606006519368,0.0,0.005028092712235114,0.002070187787526088,0.0002708715653988293,0.0,6.682755557790145e-05,0.027840799584370395,1.8854169285301346e-05,0.0008845747756353882,0.005796190619841307,0.0001325029119217001,0.013213735052833507,0.0,0.0,0.0,0.0,0.0007671551991419282,0.0,0.002811156640438431,0.0,0.0,0.0016677560186698225,0.001573904153782989,0.0027204471370991475,0.00550499844976832,0.0004062026027133257,0.0,0.0,0.0,0.0,0.24697662920971672,0.00012223786419970374,0.0,0.010271751426632173,0.0,0.007437131819972034,0.0,0.0,7.342651482775691e-05,0.024585313021108363,0.000233896444522654,0.0,0.0,0.00012192362804494871,0.0,0.000505291736846075,0.0,0.0,0.0,0.00029140166084282414,0.0625760451494509,3.980324626896951e-06,2.293923929711664e-05,0.0,0.010752846979562008,0.0262783126775434,0.0,0.0,0.0,0.0,0.024768093717790766,0.0,4.399306166570314e-05,0.00033696590328230133,0.0009405088111817822,0.005911829524791155,0.0,0.037132029462781976,0.0,0.0,0.0,0.12004931412721886,0.0,0.0,0.0,0.0,0.0,0.01786861995860468,0.0007673646899117649,0.0,0.00026605327769258565,0.0,0.0009417657558008023,0.006214857923359915,0.011684242942256,0.0,0.0,1.2359955420364217e-05,0.0,7.646413099038869e-06,0.0,0.006137660574675099,0.00017083972280181387,0.00016843057894869203,0.0,0.0,0.029083079849501918,0.0035164073170936196,0.0030589842211552255,0.003119003326713434,0.00032942423556818186,0.0,5.017303937588525e-05,6.494213864937131e-05,0.00026490107845848396,0.0,0.0,0.0,0.0,0.0,0.00025683568381977166,0.004465819485993461,0.0009277298742217447,0.0012072953065687961,0.003460368536162307,0.0,0.007207739427000868,0.0,3.8232065495194394e-05,0.0,0.0,0.027236209222621734,0.00023997167684791778,0.0,0.0,0.0,0.0,0.0015282351659585925,0.022884457460804242,0.0,0.0,0.0,0.0,0.15727331003796022,0.0,0.005502694051300117,0.016687406252880548,0.0,0.002616644460645072,0.0001336551111558029,0.0,0.0,0.0,7.4683459446777e-05,9.217593872813992e-05,0.0,0.0,0.00037069391722600815,0.0,0.003197038638477588,0.006303263028230996,0.0,0.0,0.0,0.00011804804880297011,6.913195404610494e-06,0.0,0.0,0.0,0.0,0.0,7.960649253793902e-06
FDM012W0,0.0,0.0,6.0309349711164535e-05,0.0,0.0,1.4397724555419915e-05,0.0001222296336383201,1.5907975382911516e-05,7.953987691455757e-05,0.0,8.749386460601333e-05,6.0007299545666215e-05,2.859408233384095e-05,0.0,0.0013168380381841653,0.0037742175012900063,0.0,0.0,0.0,0.0027394943176812622,0.0,0.0,0.0,0.005179958971519187,0.0,0.0015598877380218234,0.0007761682419421827,1.9129843814893595e-05,0.0,0.000349673408258555,0.0,0.0,0.0,0.0,0.0,0.00024576815132713295,0.03446120543186882,0.0,0.0012250147878726861,8.648703072101894e-05,0.0023902236429767048,0.01152190492971041,6.786060384862253e-05,1.6109342159910394e-06,0.06045191738927975,0.0,0.030534653963779156,0.007723825465346038,0.00012474671835080613,0.00015102508274915993,0.00344095548535686,0.0,0.0019335237927432351,0.0,0.0,0.0,0.0,0.0,2.295581257787231e-05,7.370024038159006e-05,0.0,0.0,0.00011145651106888003,0.0,0.0,0.0004150169273946915,0.0,0.03550186893539903,0.0011787004291629437,0.0004345495047635829,0.0,0.0015933146230036374,0.011943566960746065,0.0,0.0,0.0,0.0030807103213058543,0.008706998754043068,0.022023987817309996,1.902916042639415e-05,0.0,0.0,0.0027186528562618776,0.0,0.0012051801603382964,0.0007504939778748245,0.22849450646261504,0.0,1.6512075713908152e-05,0.017306769699334236,0.11096044401374329,0.0,6.655171979812981e-05,0.0011772908617239516,0.02539386083038615,0.0002332834111532024,0.0,0.0,0.0008969883081415107,0.0,0.00014659501365518458,0.014561234378343006,0.0,0.0,0.0002148583510578049,0.0013304302956315996,0.0,4.470342449375135e-05,0.0,4.4200007551254046e-05,0.0,0.0,0.0,0.0,0.0,4.389795738575583e-05,0.0,0.0,0.0,0.0,0.0,0.0,0.11765105654630809,0.01325899543149125,0.0037198484715003093,0.0,5.537586367469188e-05,0.0,0.0,3.171526737732359e-05,0.0,0.001085165561246964,0.0,0.0004981814062952289,0.0,0.0,0.0,0.0009261864908063482,0.0,0.0,0.0,0.0,0.012637778924449705,0.0002604679260480512,0.0,0.0004220647645896523,1.2182690008432235e-05,0.0,4.027335539977599e-06,0.0,0.16176115383163223,0.0,0.0021031753023648013,0.01158473136413396,0.010796883849125943,7.370024038159006e-05,0.0,0.0,2.275444580087333e-05,1.7116176044904793e-05,0.0,0.0,6.947153806461357e-06,8.608429716702117e-05,0.0,0.0,0.00017780686409001,0.0013981902160917126,0.0,1.1377222900436616e-05,0.0,9.383691808147806e-05,0.0,0.0,0.0,0.0,2.708383150634935e-05,0.0,4.8328026479731186e-06
FDM010W0,0.02004758479767687,0.00012406058150523015,0.00017428998767564038,2.571987665352332e-05,0.0,0.00017459257445979847,0.0002308737163133917,0.00021554265258266403,4.982595712486478e-05,0.00015391581087559445,0.0008270705433682009,6.626650573084244e-05,3.298195947334167e-05,4.0849215861478115e-05,0.0013432835971436217,0.012007954804831028,0.16032591017348216,0.008544849060130151,0.0007790601069482906,0.009624075256964267,9.541569927150219e-05,0.00022088835243614044,0.0,0.00145685450346467,0.0015814193962768318,0.00045609914598914684,0.0,4.1857838475341874e-05,0.0,0.054033728945381096,0.0,0.0,0.0003007712634541433,0.00016521238415086742,0.016140987689660144,0.0009861303295744998,0.0,0.0,0.011274585302290759,0.0016419367531086413,0.03354820020876473,0.026913480654769572,0.0019562235595885677,0.004466685245495217,0.027079903386056977,0.0,0.0448211717148733,0.02401883461524216,0.0023210423590230432,0.0,0.0044596248871981705,0.0046912046393412675,0.01843701620785928,0.0,0.0012403032282681421,0.0002162486884123686,0.0,0.0,0.0,0.0011161417845015256,0.0007175341275026064,0.0011533599589530947,0.0,0.0,0.0007390177891779034,0.0001644054860597755,0.0,0.04198351285302928,0.00950657072244915,0.0008308024470394964,0.0,0.0034000668313343965,0.014519727700135697,0.0,0.0,0.0,0.03207762843775151,0.009501225022595672,0.020345027606505264,0.002906648648632294,0.0,0.001573753864411468,0.015236253205024442,0.0,0.019760228214987113,0.004984713819975592,0.058266413744460045,0.0,0.0,0.0,0.003149323249527891,0.0,0.0002702099982540744,0.00011447866667352536,0.0022481189440407105,0.00038640332337116796,0.0,0.0,0.0,0.0,0.0028165786492142693,0.003165259486826936,0.0001766098196875268,3.267937268918257e-05,0.00017307964053900397,0.00018760380617864066,0.0015016373475202163,0.0,0.0,0.0,3.540265374661445e-05,0.0006991771959302889,0.0,0.0021575446333157444,0.00042523529400491887,0.0017804206379921318,0.000282515194143211,0.0,0.0,0.0,0.0,0.0,0.011823881177800909,0.0009027172394079753,0.0016801635501740842,0.0,0.00031358077065021177,0.0003771239953236223,0.0026926189299704252,2.4005218209955098e-05,0.0,0.008934379113604295,0.0032235578739082562,0.0,0.0,0.00026506602292336974,8.91622390655475e-05,0.00683654493902927,0.0,0.0,9.380190308932035e-06,0.0,0.03432917669867936,0.0012480696223948924,0.005051787223797515,0.007440911609256376,0.0,2.3400044641636904e-05,2.935091806343249e-05,0.0,0.0,0.0,0.011065195247652563,0.0,0.05030343907026784,0.015991509818285548,2.6123325699068783e-05,0.0,0.000527812213834853,0.0,1.1700022320818452e-05,0.00018467880059843607,0.0,0.000973724271423977,0.00048393713013178386,0.000190730536281618,0.008434203159389309,0.06683093094556054,0.0009076594902159073,4.639664023772834e-06,0.0,0.0021248652606265716,4.538801762386458e-05,0.0007643342167858812,8.482516182593377e-05,0.0,0.0,0.0,0.0
FDM009W0,0.011094481655801956,0.0,2.3253618192829046e-05,0.0,0.0,0.0,7.366986798159201e-05,4.039313849875045e-05,0.0,0.0,3.708551177304632e-05,0.0,0.0,0.0,0.0031091691221618737,0.0024661865329075805,1.8642986999423288e-05,1.122588464481402e-05,0.0,0.0027565560669792427,0.0,0.00031693077899019585,0.0,0.0030838106505981515,8.720106822310891e-06,0.001055233156612518,0.0,1.2027733548014923e-05,0.0,0.0,0.0,0.0005411477785477758,0.0,0.0,0.00013461038462486713,1.1827271322214772e-05,0.0,0.0,0.0013917090026182382,0.00010764821525473444,0.0007227665551228018,0.004919743945589745,0.00021860405723517302,0.0002596988135242244,0.6325543438059482,0.0,0.010100589940284316,0.0009404685323418747,0.0011503524827547367,0.0010908152016920623,0.006007251520556093,0.0,0.004282374298657849,0.0,0.0,0.0,0.0,0.0,0.0,0.0,0.0,4.09945251761512e-05,0.000325851348038307,0.0045503922945527835,0.0,0.004630577184872883,2.0146453692925164e-05,0.059859524090648264,9.481863280351842e-05,0.0009226273942456524,0.0,0.0009508925680834867,0.016224710938481966,0.0,0.0,0.0,0.0,0.012405404381422593,0.023261636681861052,0.0002459671510569072,0.0,3.7787129563347195e-05,0.0,0.0,0.005248702458127956,0.0,7.457194799769315e-05,0.0,0.042721206558081655,0.0,0.002120990580079549,0.0,1.1626809096414523e-05,0.0029820760710045245,0.020251094974792792,0.0,0.00013701593133447112,1.9945991467124912e-05,0.003735312884448965,0.0,0.000277840644959147,0.012943645457696367,1.6337671402720407e-05,6.214328999807762e-06,0.00010995353085143733,0.004983891857845825,1.8843449225223534e-05,0.0,0.0,8.028512143300027e-05,0.0,0.0,0.0,0.0,0.0,0.0,0.000909497118455736,0.00048571997311400665,0.0,0.0,7.00615479171874e-05,6.28449077883785e-05,0.0,0.0,0.004802172850157888,0.0,3.1472569450639305e-05,0.0,0.0005036613423231291,0.000698911550252573,0.0,0.0009866750753888323,9.521955725511893e-06,0.0019008830561508742,0.0,0.0,0.0,0.00260209992200015,0.0,0.0,0.0,1.583651583821978e-05,0.04632481576017986,0.00016888942523671094,1.9845760354224787e-05,0.006488260631363794,1.7841138096222284e-05,0.0,2.245176928962804e-05,0.0,0.017874414825705124,0.0,4.1395449627751703e-05,0.00037205789108526473,0.0,0.0024294017144732344,0.0,0.0,0.0,8.860430380371066e-05,0.0,0.0,3.548181396664432e-05,0.00015666122946289568,0.0,0.0,0.0004751957062594935,0.004401148167444497,9.602140615831993e-05,1.5034666935018778e-05,0.0,0.0,0.0,5.8134045482072614e-06,0.0,0.0,0.0,0.0,1.8642986999423288e-05
FDM008W0,0.0,8.05895699812896e-05,1.738403442239788e-05,6.049242036002037e-05,1.6881605681866145e-05,0.00014650822073905263,0.0002812596089496628,0.0002603585733435428,6.481330752859324e-05,5.5769590199022095e-05,0.0005842241394902953,4.421372916679229e-05,7.034002367444228e-05,2.562386576711826e-05,0.0004718810731074014,0.01257016417361516,0.0,0.0013321395626458305,0.0,0.0,0.0,0.0002294089629267882,0.00020770404133581743,0.021724315340355186,0.00011897512575791381,0.00017966851761414687,0.0013580648856572578,0.0,0.00013937373262350208,0.0,0.0,0.0,0.0,7.667062580514209e-05,0.0013829853511876417,0.002296400801474328,0.0,0.0,0.001987809069039739,0.0003659690946033126,0.0043688188704196,0.0018619004266624873,0.0,0.0006496403615075267,0.08794763888637679,0.0,0.035145392828935085,0.0,0.0012127624938954912,0.0,0.0024155768987284545,0.0004993136823404339,0.025565182090224157,0.0,3.316029687509422e-06,0.0001451014202655628,0.0,4.280692869330345e-05,6.652156524640113e-05,0.0010177196568210735,0.00023995996647795353,0.0007211862141592462,0.0,0.0020661879525626786,0.0,0.0138311598266018,0.0006235140669998777,0.04890309757367115,0.0,0.0001234969844226994,0.0,0.0,0.0,0.0,0.0,0.0,0.0,0.0,0.055785768404467216,0.00358312080597609,0.0,0.0003733045542150758,0.0002594542016105857,0.0011582992184218518,0.04560736600727921,0.007967514967352185,0.41653201576420434,0.0,0.0,0.0,0.0,0.0,0.0001612796257106845,0.0007615814848979962,0.030266005872387133,0.0,0.0,0.0001426897623110115,0.008552643478575437,0.0,0.0021970203965971514,0.019948832657064257,0.00013776596065380052,8.320219943205458e-05,0.0003357228844233024,0.009104611692923597,0.002030214054740617,0.0,0.0,0.0,0.00011194112339046957,0.0,0.0,0.0,0.0,0.0,0.0018087434659142302,0.0,0.0,0.0,6.029144886380768e-05,0.0,0.0,0.0,0.0006189922083350921,0.0,0.0006367781857499153,0.0,0.0002748285210708566,0.0,0.0,0.0004904709365070755,5.697541917629815e-05,0.002972267943237612,0.0,0.0004795179899634837,1.7886463162929607e-05,0.005442710060432131,0.0,0.0,1.708257717807884e-05,0.0,0.02410060231157416,0.0005329764079560598,0.006640299206363564,0.007370629623600488,1.6077719697015378e-05,0.0,0.0,0.000440429033950115,0.0,0.00011214209488668228,0.015286695887922223,0.038712737372458485,0.0,0.0019678124051665763,0.0032093138230204826,0.0,1.889132064399307e-05,3.587341207396557e-05,3.758166979177345e-05,8.84274583335846e-06,8.792502959305286e-05,0.0001660024558716838,0.0005666391335716858,0.0001294256435609738,0.0030378851367510455,0.005731405614741664,5.556861870280941e-05,2.5925323011437198e-05,0.0,0.00011174015189425589,0.0,0.0,1.9393749384524804e-05,0.0,0.0,0.0,0.0
FDM006W0,0.024491729188415714,0.00011422389968566982,3.5145815287898305e-05,0.0,7.611521043454742e-05,0.00011361089127948452,3.933470606349095e-05,1.1851495852895975e-05,9.705966431251013e-06,0.0,7.560437009606052e-05,1.5631714357698998e-05,0.0,8.275613483487707e-06,0.000614234422996643,0.008622678409455702,0.03415161782113521,0.015603107298743632,0.0005389365571036747,0.028031648397994404,0.0,0.0,0.0008099884407048214,0.039700263409712166,0.0003760806571940524,0.00015069789985363313,0.0006032002716853262,0.0006572471794972396,0.03643844568040565,0.0,0.0,0.0,0.0,0.02908847489025619,0.0011667593331040691,4.771248761467603e-05,0.0,0.0,0.009145676747998576,0.0006291509608804605,0.010379560501579833,0.0006353832130100005,0.0029150593075416204,0.0,0.04742202379821238,0.0,0.028760821897150696,0.0017716964619402507,0.0029787100137170773,0.0,0.005356978293576667,0.005581645874443214,0.027135430108153096,0.0,0.0,0.0008445212475865345,0.0,0.0,0.0004070375817063583,0.0005385278848328851,0.00035922292602398484,0.000595333330472628,0.00037965653956346067,0.013681121609220638,0.001423303351092188,0.0,0.007520387127068679,0.05804545947738586,0.00014272879057323858,0.0003195817157574018,0.0,0.0,0.0,0.0,0.0,0.0,0.0,0.023734050798371948,0.06595010070706438,0.0014354613511481761,0.0007218173982819833,0.00010829815175922183,0.0023274907502139927,0.0031690491238373047,0.03304299211855095,0.0061817811040976185,0.17249137037416107,0.0,0.0,0.0,0.0,0.0,0.0002056643202748241,0.0,0.0034067942173691052,0.0,0.0,0.0,0.0,0.0,0.02744438634486997,0.014271550872443793,0.0,0.0,5.2923059067242364e-05,0.0,0.0013679282584002086,0.0,0.0,0.00042379314480872843,0.0009030635503771337,0.0,0.0,0.0,0.0,0.0,0.0,0.0,0.0,3.913036992809619e-05,0.001017389618130501,0.0,0.0,0.0,0.0026292952221920506,0.0,0.0004953107921968938,0.0,0.0029767688204308373,0.0,0.0,0.01763216512321368,0.0,0.0,0.0,0.0,4.996018510401838e-05,0.008201541634407106,0.0,0.0,0.0,0.0,0.04642905234826156,0.0,0.0,0.03875306325408977,0.0,0.0,0.0,0.0,0.0,0.0,0.015087567229142758,0.029732031548681988,0.0,0.02405935392592041,0.0026092702809233643,9.603798363553635e-06,0.0001368030426467906,0.0,0.0,6.232252129540124e-06,0.0,0.00011565425263343312,0.0015850354022571393,3.085475644460848e-05,0.00016816863942988597,0.002269663623897276,3.07525883769111e-05,0.0,0.0,0.0001231125215753418,1.2362336191382868e-05,0.0,0.0,0.0,0.0,0.0,0.0
FDM004W0,0.039142406137980056,6.130973228396374e-05,5.046583405686811e-05,0.0,4.692071348262531e-06,7.027680197175436e-05,0.00022824320402992624,0.0,4.733778649135976e-05,0.0002163566232809945,0.0006294674384324645,4.056035009942499e-05,2.5024380524066727e-05,0.0,0.0016861219060611864,0.0,0.0,0.0,0.0,0.0,0.0002964346409580084,0.0,1.6474383845010666e-05,0.0,0.0,0.0006013150103428892,0.005613281356304742,7.194509400669214e-06,0.0,0.0,0.0,0.0,8.299752873815499e-05,0.001991419348454802,0.0,0.0014236787153150356,0.0,0.0,0.0,0.0013853079985114666,0.003912249090181299,0.0,0.005270551611377209,0.0,0.15515897936812814,0.0,0.04345587946256389,0.0,0.0003295919451523969,0.0,0.0,0.006658466316193266,0.03919975367668104,0.0,0.0,0.0,0.0,0.0,0.0,0.002375230784742677,0.0012670678005352507,0.002776142214388664,0.0021861924435337887,0.0,0.0,0.0,0.000563778439556789,0.0,0.0,0.0,0.0,0.0,0.0,0.0,0.0,0.0,0.029643672632305204,0.0,0.0,0.0034701517009227845,0.0,0.0002720358699470432,0.0037591832959757566,0.0,0.0,0.0,0.24362694195709633,0.0,0.0,0.0,0.0,0.010517121524752187,0.00010499812994889709,0.0,0.0,0.0,0.0,0.00011010727430589407,0.0,0.0,0.0060742512992084784,0.0,0.0,0.0,0.00013461031356904284,0.0,0.0014216976185235468,0.0,0.0,0.0,2.8360964593942413e-05,0.0,0.0,0.0,0.0,0.0,0.0,0.0,0.0,3.117620740289993e-05,0.0,0.0,0.029914248746721675,0.019708055149981016,0.010002244895469513,0.0,0.0003660858334166611,0.0,0.016023527922568625,0.0,0.0,0.020822161424562908,0.0,0.0,0.0,0.0,3.920486282103804e-05,0.0011588373547686615,0.0,0.0,0.0,0.0,0.0,0.0,0.0,0.005878748326364217,0.0,5.109144356996978e-06,5.953717199684234e-05,0.0,0.18463863803974853,0.0,0.07200223300888876,0.0,0.0,0.0016946719027402428,0.01630421805744701,0.0,2.5754258289352117e-05,0.0,0.0,0.0,0.0,9.488410948708674e-06,5.359388162237637e-05,0.0,0.0008033868830747279,0.0043440239224736355,0.0,6.151826878833097e-06,0.0,0.00013721701987363315,0.0,0.0,0.0,0.0,1.7099993358112336e-05,0.0,0.0
FDM040W0,0.0,2.301210808696729e-05,2.4117493191581436e-06,0.0,1.4269516805019017e-05,0.00011496005087987153,2.2811128977037444e-05,2.1806233427388215e-05,0.0,0.0,1.999742143801961e-05,0.0,0.0,0.0,0.0015381936178480713,0.0,0.02059553526917073,0.0,9.144549501807962e-06,0.0,0.0,0.0,0.00021856478204870577,0.0,2.8940991829897726e-05,0.0004959159537518933,0.0,0.0,0.0010437850074206517,0.0016242126768980449,0.0,0.00011244781200574845,0.0,0.0,0.0,6.029373297895359e-07,0.0,0.0,0.0,1.0048955496492267e-05,0.0012445631382405672,0.0,8.039164397193812e-07,0.0,0.223803905486358,0.18369892605807722,0.0,0.17287640196746498,5.6877088110146225e-05,0.004437417768141055,0.0,0.08246072390866578,0.0,0.0,5.124967303211056e-06,0.0,0.0,0.0,0.0,1.899252588837038e-05,0.0,0.0017846944961770264,0.0,4.823498638316278e-05,0.0021629371810649952,0.0016912392100596485,0.00019103064398831698,0.0,0.16151012889493757,0.006213570652146063,0.0,0.0,0.0,0.0,0.0,0.0,0.006628893982816088,0.0,0.0,0.007336842897543968,0.0,0.004054854032389594,0.0020909866597101107,0.0,0.0,0.0,0.0,0.0,0.0,0.0,0.023746887712870705,0.0,3.4166448688073704e-06,0.0,0.0,0.0,0.0,0.0,0.0,0.0,0.002417477223791145,0.0,0.0,0.0,0.00019535169485180865,0.0,0.0037256502503245077,0.0,0.0,0.0,4.793351771826811e-05,0.0,0.0,3.406595913310878e-05,0.0,0.0,0.0,0.0,0.0,0.0,0.0,0.0,0.0,0.0,0.0,0.0,0.00021444471029514496,0.0,0.0,0.0,0.0,0.0005252589038016507,2.753413806038881e-05,0.0002749394223840284,0.0,0.0,0.0,0.0,0.0,0.0,0.0,0.0,0.02609723791394538,0.0,0.0,0.0,0.0,0.0,0.0,0.0,0.03521505719413267,0.0,0.017190446699184424,0.0,0.0,0.0015106594797876824,0.0,0.0,1.698273478907193e-05,1.929399455326515e-05,0.0,5.5269255230707367e-05,0.0,4.140169664554813e-05,0.0,0.0,5.27570163565844e-05,0.0001787709182825974,0.0,0.0,0.0,0.00017183713899001775,0.0,0.0,0.0,0.0,0.0,0.0,7.637206177334122e-06
FDM037W0,0.0,0.00016559330710457174,0.000423939184384897,9.24477972178903e-06,1.7473649584040705e-05,3.677593691524867e-05,2.692161127773729e-05,0.0,1.7575240569994532e-05,0.0,0.0,9.011120454095453e-05,0.0,0.0002755147539065039,0.0,0.005972330882247622,0.009582366568113261,0.0,3.982366649386044e-05,0.0,2.1638880008143557e-05,0.0,0.0,0.027026351584255582,0.0,0.0,0.003170959444573638,0.00013816374089706685,0.0,0.0,0.0,0.00011489940511366367,0.0007342996464735288,1.9607060289069046e-05,0.0,9.671461862794678e-05,0.0,0.0,0.0,0.0014574242844921479,0.0,0.007823420237310457,0.0,0.0,0.24016738943573548,0.0,0.03892641490591714,0.0040133519001019306,0.0009143188735835306,0.0,0.020228797123105845,0.0002622063347465658,0.034888579578200254,0.0,0.0,0.00022614153473299322,0.008870721711507414,0.0,1.2089327328493348e-05,3.758866480287848e-05,1.4629101977336489e-05,0.0006322007055900345,0.0004215010007220076,0.0007509605681699398,0.0,0.0,0.0,0.07862065448367253,3.758866480287848e-06,0.0003902109770482601,0.0,0.0,0.0,0.0,0.0,0.0,0.01165116540607493,0.017102740894323756,0.0369431556781285,0.00028689294433332114,0.0,0.00024087222769628343,0.013304558702471816,0.0006171652396688831,0.005186219832937683,0.0,0.09889750414313449,0.0,0.0,0.0,0.0,0.0,0.00011083576567551464,0.030560600394599742,0.00832304470623088,0.0,0.0,0.00011997895441134996,0.0017127224321938602,0.0,0.0005512326897849152,0.07712005403015006,4.043321240958279e-05,0.0,8.940006763927855e-06,0.0033265968350547456,0.0014415760906833664,1.991183324693022e-05,0.0,0.0,0.0,0.00014019556061614134,0.0,0.01951908249523312,0.007660671477812588,0.009474273759058497,0.001098198558159774,0.0,0.0,0.001300364620207688,1.4730692963290114e-05,0.0,0.0,0.0,0.0,0.0,5.8516407909345956e-05,3.616639099952632e-05,0.0,0.0,0.0,0.004736781311078411,0.0,0.0,0.0,0.00015787239217208963,1.4019556061614135e-05,0.0011844493052344872,0.0,0.0,0.002207572124774458,3.1594796631608664e-05,0.012758710334942447,0.00014009396963018763,0.007423964480540408,0.013207945674829821,0.00013816374089706685,2.4381836628894147e-06,0.0,0.002209400762521625,0.10679264761652828,0.0,0.006684382102797285,0.0,0.0,0.0009914264319224072,0.0003796455145090726,0.004075119219561795,4.500480677750045e-05,0.0,0.0,0.0,0.00013430328343082526,6.725323270136636e-05,0.00010463871553233738,0.00014578306484359626,0.0013318578258533326,0.0007417157884481507,0.00010006712116441973,0.0,0.0,0.00016295194146977588,0.0,5.800845297957733e-05,0.00011124212961932854,0.0,0.0,0.00034987935562463,0.0
FDM035W0,0.004890375180042609,0.000105879289759309,6.099130189557154e-05,6.562100467972384e-05,0.0002829150983967848,0.0011230048622950285,0.0007368272626691076,0.0007707448678486581,0.00017290933441681833,0.0,0.00014563434627539937,0.00016073120318024382,7.035135317657499e-05,4.025828507958518e-05,0.005753714103574303,0.009410374137353036,0.0,0.0,0.0,0.0,0.0,0.0,0.0,0.0,0.0,0.001658943282417006,0.0,0.0,0.0,0.0,0.0,0.0,0.0,0.0,0.0,0.0015980526262341338,6.984812461308028e-05,0.0,0.0001694873801850536,0.0,0.000548418488496649,0.003335398918843622,0.0,0.0,0.16769789941326602,0.0,0.12178936402276007,0.011599619679980876,0.0004979949864344686,0.001026888206667519,0.012926230819065907,0.00036353231426865414,0.007088678836813348,0.0,0.0,0.0,0.0,0.0,2.355109677155733e-05,0.0009036978543239883,0.0,0.00021809925941865168,0.0,0.0,0.0013614345556788717,0.000162945408859621,0.0,0.21474503975153336,0.07673007715600996,0.003859561790579821,0.0,0.0011855058498810845,0.00493395477364126,0.0,0.0,0.0,0.0,0.0,0.06267540660616329,0.002929595405241413,0.0,0.00011765483814508767,0.014023772316048098,0.0,0.0,0.0,0.0,0.0,0.0,0.0,0.001352275795823266,0.0,0.0002126643909329077,0.0,0.0030290333693879885,0.0,0.0,0.0,0.0,0.0,7.075393602737095e-05,0.0,0.00010084700412436087,0.00010436960406882457,0.0012612920715433934,0.0,0.0010878795085630904,0.0,0.0,0.0,0.0,0.0,0.0,0.0005470094485188636,0.00013939431208806369,5.0222210636782404e-05,0.0002449716647092758,0.0,0.0,0.0,0.0,0.0,0.17739068542045236,0.055275732517110134,0.00039936218798948493,0.0,0.0003275011491224254,0.0,0.0,0.0,0.0,0.0014090399777854812,0.0,0.0007091496916768929,4.126474220657481e-05,0.0,0.00016988996303584844,0.0003684639541909023,0.0,0.002028212402309501,0.0,0.0,0.0,0.0,0.00041798164483879206,0.00015197502617543405,0.0,2.0632371103287404e-05,0.00011453482105141983,0.0,0.0,0.0,0.008387713050618872,0.0,0.0,0.0011326668507141288,0.0003524612858717682,0.0,0.00029086610970000286,0.00029157062968889565,3.603116514622863e-05,3.5024708019239105e-05,0.00027939249845232114,0.0002976093724508334,0.0,0.00015801376893737182,0.00010004183842276905,0.002648290638247802,0.0004141571077562325,0.0001450304719992046,0.0,0.0003430005888780657,0.0,0.0,0.0,0.0,0.0,0.0,1.539879404294133e-05
FDM034W0,0.0,0.0005051074857895087,0.00043809742297434763,0.0002714555268698579,8.443974523457184e-05,0.00032951521222640453,0.0014739858456846483,0.00035542419960660665,0.0003914612456899816,7.855133901179834e-05,0.0009070500945560283,0.00020809627591281515,0.0001216544725625003,2.7322204873668994e-05,0.0,0.01700748369323667,0.0,0.0,0.0,0.0,7.1720787793381e-05,0.00020220786969004165,0.0,0.0015479442278426951,0.0,0.0,0.0010669792075665564,5.0640293515852014e-05,0.0,0.0,0.0,5.853075785436837e-05,0.0,0.0,2.484907426010401e-05,0.0,0.0,0.0,3.191516172743232e-05,0.0,0.00010881774699685409,0.00033858335780947567,5.747084473426926e-05,0.0,0.0,0.0,1.4132174934656374e-06,0.009311101223822808,0.0004963926445798052,0.0,0.05598578868488578,0.0,0.00388045970080773,0.0,6.583238157060762e-05,0.0,0.01050715429579256,0.0,0.0,0.0,1.1187971823269632e-05,4.769609040446515e-05,2.8146581744857284e-05,0.0,0.0,0.0,0.0,0.07583584159810414,3.1797393602976845e-06,0.0004876778033701004,0.0,0.00812717826867197,0.009336303602456278,0.0,0.0012104207831533185,0.0,0.0,0.048190598759053786,0.06880802877122397,0.0,0.0,0.0,0.00901079250646136,0.0009860725060656485,0.0065088087024048925,0.007770340851571897,0.045610887992856716,6.983649780209359e-05,0.005704805716747412,0.014721839933804912,0.0,0.0,0.0,0.0002519060182102499,0.037008044269509106,0.0,1.2365653067824328e-05,0.0,0.00379024931747484,4.64006410354551e-05,0.00011376400822398382,0.005219836580239788,0.0001582803592681514,2.14337986508955e-05,0.00034918248901046793,0.005226431595209294,0.0,0.0,0.011580375213955257,0.0,0.0,0.0,1.1776812445546978e-06,0.0004770786721691081,4.475188729307853e-05,0.0001828938972793446,0.00011341070385061741,6.241710596139899e-06,0.0,0.00014026183622646452,0.0,0.0,0.0,0.0,0.0,0.0,0.0004689526715816807,2.7322204873668994e-05,0.0,0.006198842998838108,0.0,0.0011808609839149956,0.0,0.0,0.0,0.0,0.0,0.0,0.03649622400062563,0.012183348011167262,0.0,0.0,0.0065985480132399734,0.0003828641726047323,0.00026933570062965943,0.00199287220203546,2.1551566775350974e-05,0.0005790658679475449,0.000849579249821759,0.0,0.0,0.0,1.4838783681389194e-05,0.0,0.05493459040599626,0.0010158678415528824,0.0,0.005012211376824782,6.536130907278574e-05,0.0005427932856152602,0.0005508015180782322,0.007143932197593253,0.0011995861157034153,0.0018752218457044455,8.373313648783902e-05,0.0010212851752778342,0.09872313444102904,0.25538806834602357,0.00030160416673045813,5.4408873498427044e-05,8.137777399872963e-05,0.03125495362173495,0.0,0.0,0.0,0.00011458838509517211,0.0001098776601169532,2.6026755504658825e-05,1.5192088054755486e-05
FDM022W0,0.0563737698975028,0.0001537612439164194,0.0007062779852740491,0.00024389022370554774,0.0,0.0009720480726700533,0.0004124053206609447,0.0005131731332536896,0.00016630703731691053,0.0,0.004616450505991923,9.012897978912833e-05,3.6131884993414477e-06,0.0,0.0,0.03714106861454998,9.655242601017979e-05,0.00044642951236307566,4.315752929768952e-05,0.0,0.0,0.0,0.0,0.1465322573927092,0.0,0.0,0.0,0.0,0.06723641965538414,0.0,0.0,0.0,0.005442064078091444,0.0,0.0,0.0027625837067881387,0.0,0.0,0.015750189767670984,0.0060679486192551455,0.012875396484708842,0.0,0.0,0.0,0.0,0.0,0.022597884538353354,0.08453335519981488,0.0004379987391979466,0.0,0.042066145638193886,0.0054588252580745,0.03465499419430866,0.0,0.0,0.0,0.0,0.0,5.118683707400384e-05,0.00040708590425913644,2.579415123140968e-05,2.027400213519368e-05,5.349526305969411e-05,0.0015075025350030152,0.0,0.0,2.5292319495390133e-05,0.18490803281056192,0.0,0.0006745622195576075,0.0,0.0075088078997147525,0.0,0.0,0.0,0.0,0.0,0.019284590684457346,0.04217554495664627,0.00037988662416687163,0.0,9.374216828846977e-05,0.000714909491133587,0.0,0.0,0.0,0.0,0.0,0.0,0.0,0.0,0.0,0.00017132535467710597,0.0,0.02268209190365755,0.0,0.0,0.0,0.0013120892569969652,0.0,0.002051889602237127,0.0,0.0003364279958275704,0.0006675365752533324,0.0013714057681944874,0.0,0.0006279922344549844,0.0,0.0,8.260150374883365e-05,0.0,0.0,0.0,0.0,0.0,0.0,0.0,0.0,0.0,0.00020936420026739611,0.0,3.954434079834807e-05,0.0,0.0,0.0,0.0,0.0003155517956091531,2.5894517578613608e-05,0.0,0.0,0.0,0.012422041694388692,0.0,0.0,0.0,0.0,1.4151654955754005e-05,0.002592161649235877,0.0,0.0,0.0,0.0,0.0,0.0,0.0,0.0,0.0,8.792092015064189e-05,0.0001772469691621378,0.0,0.0,0.0,0.059972606009194185,0.0,0.0,0.00017323231527398164,0.00087489344857665,0.0,0.00034154667953497075,0.0003607166518509212,0.0015160336745153491,0.004915040388923612,0.00045486028552820673,0.0009911176786388,2.1277665607232972e-05,0.0019018419131672526,0.007706830702748104,0.06256757791615176,0.0012463492995783915,7.146083920919752e-05,0.0,0.005219852985381945,0.0,0.0,0.0,0.00020936420026739611,0.0,4.2354598520057986e-05,0.0
FDM031W0,0.008349485746050472,4.684789499600446e-05,4.3814578053817125e-06,1.9211007300519814e-05,9.66167618622633e-06,8.571928988477555e-05,5.235280352071482e-05,0.0,2.2019634098841425e-05,0.0,0.0005030812321153668,1.8986317156654086e-05,0.0,0.0,0.018190577012153607,0.008111875918912465,0.009741441187298673,0.0038575927349587657,0.0017874100944518729,0.017927240163542975,0.0014417243081144492,9.403282520780752e-05,0.0,0.0031067906192314325,0.0,0.004417632918544095,0.006524103017285303,0.0010434610281124447,0.002782562741633186,0.0,0.0,0.0,0.0,0.0,2.8872683486746042e-05,2.3480120033968664e-05,0.0,0.00022592593965698924,0.0014403761672512547,0.001230627917952597,0.018296406069914367,0.004671645126184301,0.00027490839101971924,0.0006284583323924424,0.0,0.0,0.023705708938409856,0.004071947132206671,8.942667725856007e-05,0.0,0.004271471979959438,0.0,0.008871216260106705,0.0,0.00025962946123684856,7.055270517383885e-05,0.007440389423969744,1.6177690358332476e-05,0.0,0.00017582003757493284,0.00014425107236179792,0.000299961342060748,0.0005180231266824378,0.0,0.0,0.0029890529838457907,0.0,0.08240196460074194,0.003914214651212929,0.0002081754182915978,0.0,0.012539844584074394,0.04534067351095316,0.0,0.0,0.0,0.0,0.025778475515571202,0.04748006071577069,0.0022484742696643484,0.00016346207966231775,0.0,0.15687832141183608,0.0,0.05306540831198487,0.003302945114826214,0.023368449032467396,0.0,0.10573861997785232,0.0,0.0,0.0,8.30230081583868e-05,0.0033075512627754613,0.015694494203949225,0.0,0.000501283710964441,5.0218247153990395e-05,0.024477519582588633,0.0,0.00016020407257626466,0.08772936791179836,1.808755658119117e-05,0.0,3.3703521579859326e-05,0.0,0.010138356326437474,0.0,0.0008807853639536571,0.0006326151000539595,9.099950826562018e-06,0.0,1.5840655142533882e-05,0.002612359957654885,0.0004652209428739915,0.0009183086179792327,0.001485538886168255,0.0,0.0,0.000335574729863466,9.279702941654601e-05,0.00012919683272279408,0.001108621169833506,0.0008951655331610637,0.0,0.0,0.0002917601518096489,0.0006517137622825465,0.0,0.0020303001399707256,0.0007135035518456219,0.006361202662982637,0.0,1.7975211509258307e-06,0.0,0.0,6.965394459837594e-06,4.212940197482416e-05,0.014549922611097204,0.0,0.0,0.0,0.008142658468622081,0.020355354203227972,0.0072350226324764694,0.03810699901933988,0.0,0.0,0.0,0.0,0.0,0.005778244084723016,0.002274313636208907,0.0,0.0023562131936479655,0.007319618471641916,0.0,0.0,0.0007247380590389084,0.0,0.0,0.0,0.0,3.033316942187339e-06,3.1231929997336194e-05,0.0,0.00027198741914946363,0.0004326408720134609,0.0,0.0,0.0,0.0001445881075775954,0.0,0.0,0.0,0.0,0.0,0.0,6.628359244039001e-06
FDM030W0,0.0,0.0,5.012080179632957e-06,1.2583520450993383e-05,0.0,0.0,0.00010472048375318222,4.201616150585926e-05,3.817712136826795e-05,0.0,2.985920107015379e-05,8.317920298114269e-06,0.0,0.0,0.0057531215661918815,0.006194504542011037,0.007195640897891775,0.0,0.002248611120590224,0.010761789265702428,0.0012280662840138965,1.567608056183074e-05,0.0,0.0026514970550296567,0.0006351478627636999,0.0016597450194852628,0.010404865172910376,0.0,0.040195070160591345,0.0,0.0,0.0,0.0,2.0688160741463697e-05,0.0012509938848356218,7.902024283208556e-05,0.0005917453812081549,0.0001138915240818723,0.007407747865493679,0.000500034977921254,0.04622940141686178,0.007382260904580236,0.0019306106291930864,0.0007415745865780337,0.0,0.04133857092157431,0.0030939464308870424,0.03168701073566249,0.0012492876447744701,0.001153631561346156,0.008048547648459943,0.0,0.025849750206455066,0.00032845121177169166,0.0012631508452713273,0.0,0.0,0.0,0.00015014912538134477,0.00019792384709359085,0.0003210930515079752,0.0,0.0005459968195685264,0.0045130049617461004,0.0019836107110926095,0.0030985319510513872,3.540448126889664e-05,0.05588298776284621,0.0,0.00022287760798793258,0.0,0.00564360228226671,0.011010580394619104,0.07450713123033563,0.008005998286934985,0.0,0.0,0.01489110349369716,0.0618840473379242,0.0,0.0,0.0,0.014775825649565602,0.008778925034636679,0.02722967185591146,0.0027951411401778603,0.032741787013465674,0.0,0.0,0.02160729093440532,0.0,0.0,0.0,0.0031265782720565675,0.05299176397922486,0.0,0.004511192081681128,0.0,0.00020848120747196663,0.0,0.000533839859132821,0.032401925321285024,0.00018576688665788537,1.1090560397485587e-05,0.0008890577118638291,0.004710822168835859,0.0,3.199200114659335e-05,0.0,0.00028088977006708956,3.0499041093085657e-05,0.0,0.00013692576490741953,0.002606494973416782,0.0008027859487718489,0.0013588069286996414,0.0,0.0,0.0,0.0,8.637840309580203e-06,0.00026350744944410716,0.0,0.01925033356993197,0.008001732686782104,0.02338103411797628,9.842872352768552e-05,0.0003120286511831071,0.0,0.0024377904873704127,0.001695789340777091,0.005350235631752449,0.0026323018543417003,0.0027523784986452473,0.0,0.0,0.0,0.00016379904587055793,0.01987790999242431,0.0034126934023109338,3.41248012230329e-06,0.0,0.009733459708847205,0.0004894776175428782,0.0021510355170931143,0.009786139870735261,4.905440175810979e-06,0.0,0.0001639056858743799,0.004851906893892346,0.12099726745654216,0.0,0.00010973256393281517,0.0,0.03195894274540853,0.0015552378157397137,0.0,0.0012384103643846176,0.0,0.0002963525706212763,0.0,0.0,0.0,0.0002481512888937424,0.0,0.0,0.0,0.0004886244975123013,0.00014247104510616235,0.0,0.00042080145508152444,0.0,0.0006143530620184142,2.9859201070153786e-06,0.0,0.0,0.0,0.0,9.597600343978004e-06
FDM028W0,0.04286992762942513,0.0,0.0,0.0,0.0,0.0,3.889274363647555e-05,6.61577597940048e-06,1.984732793820144e-05,0.0,0.00016559487754499384,2.155139144804702e-05,3.0472665117238574e-05,0.0,0.0,0.024782696818834195,0.0,0.00011477368933959923,0.0,0.0010296553160666928,0.0,0.0015404734129004026,0.0,0.0835557470343782,3.929369975643921e-05,0.0,0.0001667977459048838,0.0,0.0,0.0,0.0,0.0,0.0,0.0,0.000982743450030944,0.0010572210493141948,0.0017267175306235252,0.0,0.0010485002537049851,0.002122561460057654,0.003004163728827763,0.014692736298978546,0.0003130464906616318,0.0,0.020687832204675273,0.004263867618723609,0.00644516915035594,0.028042470074138796,0.0035223995138807906,0.0,0.008902729448643237,0.0,0.049904702754187645,2.3355693987883513e-05,0.0,0.0,0.0,0.0,0.0,0.0,0.0,0.0009340272814553586,0.00025881717543654604,0.0,0.0,0.00016479296530506549,0.0,0.05365243960748803,0.0001974708890821052,0.0013716708863956892,5.8138637394731494e-06,0.0051742384891011114,0.010325822957424275,0.0,0.0,0.0,0.0009900608992202808,0.030116716321740827,0.016059796189994664,0.0,0.0,0.0002800678497946203,0.005677538658685502,0.0,0.024082226477257673,0.0040537666118626485,0.001452563783598369,0.0,0.0,0.0,0.025235877473423127,0.0,0.0002917958163035575,0.02126831642735267,0.15691678376256024,0.00031535198835142285,0.0,0.0,0.0035002466882528083,0.0,0.004041236733113783,0.0621894970747244,6.144652538443173e-05,3.628652885671172e-05,0.00013472125630779156,0.00681705595162224,7.467807734323268e-05,0.0,0.0,0.00039754799294397427,0.0,6.104556926446796e-05,0.0,0.0006755108231087853,0.00010865910851015334,0.0003143495980515137,0.0,0.0,0.0,1.4935615468646537e-05,0.0,8.911249766192465e-05,0.0,0.0,0.01690511192990806,0.0,0.0001482535253565653,4.019585102635746e-05,0.0,0.0,0.0,0.008822437985620511,0.0,0.0073436115761645136,0.0004963836765150178,0.0020621173249731313,0.0,0.036038337018454214,0.0,0.0,0.0005905081256764882,0.0,0.10015893900595361,0.0,0.0,0.021747559229739238,0.0,0.0,0.0,0.0,0.032991070506730356,0.0,0.005413509053689429,0.0,0.022300778436259105,0.0025919808375051054,0.0,0.0,2.3756650107847178e-05,0.00010264476671069835,0.0,0.0,4.330326095607587e-05,0.00018063073204363126,0.0,0.0,0.00019706993296214156,0.0018728660363502812,6.054437411451348e-05,0.0,0.0,0.0,0.0,2.3656411077856263e-05,0.00016439200918510284,0.0,4.360397804604862e-05,0.0011624720308046571,9.422468819146137e-06
FDM026W0,0.0010482034186493068,4.612776930820681e-06,0.00018270607756424524,0.0,0.0003196854968577463,1.4038886311193376e-05,0.000423372700041846,0.0004681968584782991,0.0001855138548264839,0.0,0.00089397622474492,0.0001615474703380885,0.00010218303679361464,0.0,0.0,0.00026894495061871885,0.0,0.0,0.0,0.0006240284965325455,0.0,0.0032726649546578977,0.0,0.007393178364752518,0.0,0.0,0.0002839866145235689,0.0,0.001399275854188517,0.0,0.0,0.0,0.0,0.0,0.0013268753119264954,0.00011993220020133769,0.0008745223394279817,0.0,0.0005237507371668786,0.0004608765820446054,1.8350829963917056e-05,0.004035778703430633,5.2946656945072165e-05,0.0,0.0018720854895976366,0.0009502320477490592,0.0050795699006678605,0.002261062918177059,5.043971296093039e-05,0.0,0.0344092100709756,0.0,0.041887524253429585,0.0,0.0,0.0,0.0,0.0,0.0,0.00064799488102094,2.3063884654103403e-05,0.0012106533888216972,0.0,0.004132045352421663,0.0,0.0006080843327934045,0.0,0.13116461286116415,0.0005072049068715436,0.0019627365840641994,0.0,0.0006259337739604932,0.01855098437161093,0.0,9.335859396943596e-05,0.0,0.0,0.09514815086307564,0.07197987706147257,8.222776267984691e-05,0.0,0.00010679581372443532,0.07262957666440274,0.0,0.003365121048793052,0.006661551832420623,0.0,0.0,0.0,0.0,0.0027250481107619997,0.0,0.0004199632562234133,0.0010937295214013298,0.0005560401756826233,0.0,0.0,0.0,0.0,0.0,0.00020105690752816226,0.038665900678288796,0.0004043199257623692,0.00013106303149092673,0.0011855839489802807,0.01190758281363539,0.0,0.0,0.0,5.505248989175117e-05,0.0,0.0,0.0,0.02928882712224591,0.003086449155515864,0.00838642957126946,0.0,0.0,0.0,0.0,0.0,0.0,0.05525926263156317,0.004026653427328357,1.5743608220409714e-05,0.0,0.00018410996619536456,0.0,3.509721577798344e-06,0.0,0.0,0.0014331697368541025,0.0,6.116943321305685e-05,0.0,0.0,8.884609479798093e-05,5.0138879682833486e-06,0.0027368808863671486,0.0,0.0,0.0,0.0,0.0,0.0011482806224962525,0.00623045774490761,4.0211381505632456e-05,0.0,0.0009833237083397292,0.0,0.0,0.0,0.1978525317276324,0.0,0.1020055451595374,0.0006599279343854534,0.0,0.0,6.989359827786988e-05,0.0006538109910641477,0.0,0.0,0.0010228331455297932,0.004251476163826182,0.0,0.0004799293563240821,0.0007567962499326886,0.0003947935386226308,0.000448943528680091,0.0002094802393148773,0.0,0.0,0.0,0.0003039418886373366,7.069582035279511e-05,0.0,0.0,0.0,2.6473328472536082e-05
FDM025W0,0.0,0.0,0.00012444277040490545,3.9361460225395884e-05,0.0,0.00010203701612275602,0.00015421618262667926,2.4525217525054257e-05,0.00010274350387039232,0.0,0.0008017626667449869,7.831921316642874e-05,2.2304827461057666e-05,0.0,0.0002118453974695025,0.011774022021626817,0.0,0.0,0.00015885881639685418,0.0,0.0,0.0,0.0,0.0,0.0,5.510604431555424e-05,0.002211710357382886,0.0,0.0,0.0,0.0,0.0,0.0,0.0,0.0036100514635953474,0.0017349320545501418,0.008647107250592931,0.0,0.0004204611366641007,0.00015744584090158353,4.208648439484637e-05,0.009921207440042669,0.0,0.0,0.0,0.05373374232918319,0.022000331241826848,0.024703050583816277,0.002264394157992262,0.0,0.0055571316960782635,0.0,0.02228797268193551,0.0,0.0,0.0,0.0,0.0,0.0,0.0007410047204483501,0.0,0.0001751080345924663,0.0,0.0,0.0,0.0,0.0001783376928673706,0.04346292438088214,0.0005752828802173245,0.002237143916297757,0.0,0.0,0.0,0.0,0.0,0.0,0.0,0.029805910658164934,0.023402002933135303,0.02762215703022429,0.0,0.00036999772611872033,0.013577382460876492,0.0,0.03049180933429783,0.017457615024531803,0.41558808696137456,0.0,0.0,0.0,0.0,0.0,0.00018802666769208342,0.0,0.08028678154359307,0.0,0.0,0.0,0.0,0.0,0.010264964192677792,0.0,0.0001463438905816001,7.630067674461355e-05,0.0007746133518715728,0.0,0.0036165107801451454,0.0,0.0,0.00015663842633285749,0.0003701995797609018,0.00032912236357696405,0.0,0.0038862881729207536,0.00028632939143448236,0.003817355154115766,0.0,0.0,0.0,1.9478876470516426e-05,0.0,0.0,0.007037223527374239,0.008314553375098881,0.0016410701109357262,0.0,0.00017117188856992672,0.0,0.00038029226186997873,0.0,0.0,0.010748504592523618,0.0,0.0038320904699950167,0.00018984335047171708,0.0057519204607834286,4.238926485811865e-06,0.020873180503885255,0.0,0.029927527477579298,0.00037958577412234337,0.0,0.0010027079675366875,0.0,0.00011354267372710352,0.0,0.0,0.0,5.460141021010045e-05,0.0,0.0,0.0,0.013933149505221417,0.0,0.0,0.0047699024915703455,0.0,0.0,0.0,8.346648104205732e-05,0.0,0.0,2.0185364218151736e-05,7.72090181344304e-05,0.0,7.074970158462183e-05,0.00029490817122719684,0.005699640367458405,0.0,0.0,0.003058991020439805,1.7460340048701253e-05,0.0,0.00018106271703682107,0.0004710254740305708,2.825950990541243e-06,0.0,0.0,5.2481946967194514e-05
FDM024W0,0.10522039861591402,5.320473714902322e-06,9.285732426952164e-05,0.0,6.755997754960872e-05,0.00010430136207138702,0.0009589902905370166,0.000367413845217783,0.0003472361996197572,5.8525210863925536e-05,0.0005447964311466962,0.0001612203921911911,0.00017417022444067033,0.0,0.0,0.00011634771765229794,0.0,0.0,0.0,0.0,0.0,0.0,0.0,0.0033868328715731043,0.0,0.0,0.0,0.0,4.9189285288719575e-06,0.0,0.0,0.0,0.001667416384991086,0.0,0.0,0.00012919716360526858,0.0,0.0,0.0,3.011588895227719e-06,0.000615769542777563,0.0,4.115838156811229e-06,0.0,0.4447002510360122,0.0,0.22307260569397022,0.0,0.00013180720731446695,0.0,4.416997046334003e-06,0.00010289595392028075,0.03945693422860514,0.0,0.0,0.0,0.0,0.0,0.0,0.0,0.0,0.0005219083555429655,0.0,0.0,0.0,0.0,0.0,0.0,0.0,0.0,0.0,0.0,0.0,0.0,0.0,0.0,0.016938882513801375,0.004522503043963481,0.004841932239450636,2.871048080117102e-05,0.0,0.002177679930139171,0.02993308550633697,0.0,0.0,0.0,0.0,0.0,0.0,0.0,0.0,0.0,0.0002166336278633813,0.0,0.00013622420436080093,0.0,0.0,0.0,0.0,0.0,0.0,0.0,7.78997660898906e-05,9.777625279839361e-05,0.002290714900006718,0.0,0.0004860704476897545,9.044805315333946e-05,0.0,0.0,0.0,0.0,0.0,0.00028158356170379265,2.2084985231670015e-05,5.772212049186481e-05,4.22626308296958e-05,0.0,0.0,5.410821381759144e-05,0.0,0.0,0.0,0.0,0.0,0.0,0.0005082558192179331,0.0,0.0013897478888510895,0.0,0.0,0.00012718943767511776,0.0,0.0,0.0,0.0,2.5397733016420516e-05,0.0011641798805985327,0.0,0.0,0.0,0.0,0.0011234230442164507,0.0,0.0,0.0,0.0,8.181483165368654e-05,9.536698168221142e-06,0.0,0.0,0.0,0.0432359763606334,0.0,0.0,0.0,6.2239503834706405e-06,0.0,3.603868044622516e-05,0.0010742337589277312,0.00010379943058884907,0.0003739389544907764,0.00027254879501810946,0.000211313154148479,0.0,1.9274168929457468e-05,0.0016961268657922572,0.06297965199885687,0.00016864897813275283,0.00015218562550550792,0.00039702780268752234,5.942868753249386e-05,0.0,0.0,0.0,0.0,1.033978854028187e-05,0.0004561553313304934,0.0
FDM061W0,0.0148282752478104,0.0,0.0,0.0,0.0,0.0,0.0,2.1888614188462002e-05,4.942590300620452e-06,0.0,0.0,0.0,0.0,0.0,0.0,0.008282570913562175,0.018327730049839487,0.0011111749949313143,0.0,0.0072400878368904945,0.00019679578931654088,0.0001271960483486202,0.0,0.0026615344422891993,0.00010984654770154435,0.0,0.014999349393725651,3.227814073874581e-06,1.7248631457267292e-05,0.0,0.0,0.0022862001870114805,0.0,0.0,0.0006444532536870218,0.0,0.014269056459511629,0.0002248374240833263,0.0015844532335131851,0.0007692284414802361,0.016300259334687015,0.008636420031410677,0.0001319369002696235,0.002323118310481411,0.0,0.02098775145428157,0.0077847814618568194,0.0026233050193517574,0.0,0.0,0.017267796603330922,0.00045209570872205854,0.0011184375765975424,0.0,0.0001335508073065608,0.000191954068205729,0.00195010404656929,0.0,0.0,0.0002962528104678014,0.0002762807108857024,0.00014555424089378191,0.0004058976197897276,0.0,0.004016106792228639,0.0,0.00032792573606769574,0.029355556833231995,0.0,0.00010409700388245423,4.529026622405272e-05,0.0025359523009775265,0.03301357800164017,0.0,0.013325021712093123,0.0,0.0,0.010767483404496458,0.027132702497420304,0.0007508702489350744,0.0,0.0,0.4546634348178248,0.0,0.003726007002339161,0.000929206976516645,0.023212017958750584,0.0,0.0,0.0,0.044976462174558224,0.00240139280177288,0.0,0.00033821439342816996,0.02850593564747432,0.0,0.0,0.0,0.00205813494885428,0.0,0.005530153331255435,0.01739458917492021,0.0,0.0,0.0,0.0,9.925528277164327e-05,0.0,0.010563223295134183,0.0022390942753708737,0.003467176661290343,0.0,0.0,0.0,0.0,0.0,0.0,0.0,0.0,0.0,1.069213411970955e-05,0.0033980812662714652,0.006859205776173293,0.0018178645387302405,0.0,0.0,0.0,0.0007109260497708765,0.0,0.0,0.0,0.003317385914424601,0.001353765396420961,0.0028636762986656047,0.0036070822275548345,0.00014323424952818455,0.0,0.0,0.011160167160421364,0.0,0.0,0.0,0.0,0.00478503262613945,0.004223090369715846,0.0011593904676598262,7.867796805069292e-06,0.0,0.0,0.0,0.0,0.0,0.00026266337026154403,0.0,0.05729662501777827,0.006130022403047063,4.01459375438151e-05,0.0,0.0,0.0,0.0,0.0,0.0,0.0,0.0,0.0,3.2379009928554394e-05,0.0004678313023321971,0.0,0.0,0.0,5.507457763548504e-05,6.374932795902298e-05,0.0,0.0,0.0,0.0,0.0,1.956862282286465e-05
FDM060W0,0.0,0.0,0.0,5.8772897537579156e-05,0.0,0.0,0.000160679991180999,0.00015608037311284066,4.3951905984624316e-06,0.0,2.9539769371061526e-05,0.0,0.0,0.0,0.009245641171937713,0.0037482798706096787,0.0,0.013214089427409906,0.0,0.06276649037182394,0.000566877373466807,3.659251707557092e-05,0.0019513624119824758,0.0,0.0010526992551991787,0.002087102251860572,0.0016518761688779423,0.00026176937494563516,0.020504279637971225,0.028440358439036823,0.0,0.00010773327652975379,0.0027972832815842236,0.0015231890767043556,0.0015470048769239315,0.00024827716194570395,0.0,0.0004345105868386939,4.53828982724959e-05,0.0018106140990968298,0.05274412702877656,0.0,0.0003121607462256813,0.0,0.0,0.0,0.0,0.09024062237534297,0.00013952174806747053,0.002827436333364373,0.022429373120097774,8.177098787837099e-06,0.03831277423306226,0.0002567609019380849,0.0005051402776186368,3.0868547924085054e-05,0.0,0.0,0.00041355677119486137,0.0009011162864196484,9.710304810556545e-05,0.0007804018655642032,0.0009661242217829534,0.019437679314832722,0.0,0.006784027795594202,0.0005678995108152865,0.2261570875872561,5.110686742398188e-06,0.0009630578097375145,0.0,0.013482809336325202,0.0,0.0,0.0,0.0,0.0,0.0002548188409759736,0.03561422941934116,0.0013689485508187685,0.0016513651002037024,0.000628307828110432,0.002997315560681689,0.00016435968563552572,0.025106453049500793,0.0,0.0010976732985322826,0.0,0.0,0.0,0.0,0.0,0.0,0.0027273690869482167,0.026210054744654255,0.02472999986405564,0.0009382198721694582,0.000518836918088264,0.020763800310750206,0.0,0.004698049894816958,0.049246577449748835,1.390106793932307e-05,0.0,0.00031931570766503874,0.00037113807123295635,0.00033086585970285866,0.0,0.0,0.000656927673867863,5.315114212094115e-05,6.674556885572033e-05,0.0021829787351479615,0.0,0.0,0.0,0.0,0.0,0.0,8.933480425712032e-05,0.0,0.0036903246829508834,0.0,0.0,0.0,0.0,0.0,0.0014002259536822555,0.006560486357481695,0.005668364879728678,0.003770051396132295,0.006685289327731069,0.0005021760793080458,0.003067331969052544,0.0011105522291231262,0.0,0.0008214917869730846,0.0,0.007002662974433997,0.0,0.0,0.00031788471537716624,0.01432821913725271,0.0011179116180321795,0.00018061166947635197,0.0008614573572986374,0.0,0.0,4.395190598462441e-05,0.012039653614006803,0.02625114466606314,0.001144691616562346,0.01121448213257919,0.04066880082130781,0.0,0.00428531083350088,0.00894707485244681,0.0,9.710304810556545e-05,0.0004279689078084242,0.0,0.0,0.0,0.00027331952698345503,0.0,5.7341905249707665e-05,0.0,0.00010803991773429768,3.659251707557092e-05,0.00018592678368844606,0.001073653070843011,0.0,7.154961439357462e-06,1.8398472272633475e-06,0.0,0.0,0.0,0.0,0.00040425532132369667
FDM043W0,0.0,0.0,5.69378979554165e-05,0.0,3.923282721309617e-06,7.373759576204988e-05,4.7381183634277685e-05,4.889013852708898e-05,1.3580594035302521e-05,0.00014214355090283305,0.00016135757653796477,0.0,0.0,4.033939413449119e-05,0.006314573838444256,0.014197555392476673,0.00013097728469602877,5.210924229842005e-05,0.0005558989825117165,0.00773168367677986,0.0011011346837808992,0.0,9.43599792971389e-05,0.1234049466559298,0.00037422081341722505,0.0015893318901018113,4.345790091296807e-05,0.00014506086369560177,0.03797405704151281,0.0,0.0009192553207006996,0.0,0.0,0.004227689221686102,0.0003095369470120434,0.0003097381409977516,0.0,0.0,0.000284186504812812,0.0018225157195375986,0.046129857640165625,0.02553413230818295,0.0,0.009285706022389886,0.006554296472415559,0.0,0.005241606312662503,0.0022749003964024537,0.0017975676653097833,0.0,0.008157711941516944,3.05814858276442e-05,0.00793177109556665,0.0001570319058452388,0.0018052130367666945,0.0001137751989179789,0.0,0.0,0.0006470398580375246,0.0006194762819955032,0.00042693363767276865,0.0003675814118888549,0.0005426201794549763,9.214684545434897e-05,0.0,0.0,0.0009624114306351054,0.004754716867248694,0.0002911276973197444,9.43599792971389e-05,0.0,0.00014133877496000033,0.00012403609218909637,0.0,0.0,0.0,0.00010361490263971554,0.02135986008970237,0.02091039272563028,0.010467519494439768,0.00013701310426727432,0.0015234408597823805,0.0006229971767453964,2.6155218142064015e-06,0.01154833358566414,0.020846513635167933,0.06639703319348673,0.0,0.04912000265576068,0.0,0.029829422709066997,0.005864201101436483,0.0,0.0,0.045876856203137584,9.01349055972671e-05,0.0,0.0029827008381238403,0.0013898480532721455,0.0,0.0004735100453642146,0.07518860678697742,0.0,0.0,9.828326201844852e-05,0.0001330898215459647,0.0034091314908323493,0.0,0.0,0.0002942462040982213,0.001034640071504344,0.0,0.0,0.00037321484348868414,0.00020209935864387235,0.00013369340350308928,0.0,0.0,0.0,0.0,0.0001500907133383064,0.0001165919147178935,0.0,0.0,0.0,0.0,3.138626177047694e-05,0.0005373891358265634,0.0,0.003081084697135153,0.0005447327163049122,0.020162454083760103,0.002360709631306985,0.0009780039645274899,0.0,0.00015361160808819964,0.0,0.003795021555420649,0.0,0.0,0.00046988855362146726,0.0,0.005441995522427856,0.005038098596118673,0.006269808176624185,0.029054825864090486,0.0,0.0,6.076058368387202e-05,0.047746250121345195,0.11586419607158599,0.0016339969549290286,0.003036922617272196,0.0,0.04392487215379677,0.002790862372751095,0.0005905043480535244,0.0,5.884924081964426e-05,0.0,3.490715652037019e-05,7.595072960484003e-05,2.5350442199231374e-05,0.00013962862608148075,0.0003627527562318585,0.0001067334094181914,0.002023709705245784,0.005560699973995685,0.00015632772689526015,0.0,0.0004509763189648978,0.0003889079743739226,3.601372344176511e-05,0.0,3.842805127026343e-05,2.816715799914597e-06,0.0,0.0,0.0
FDM059W0,0.006388416265122171,0.0,0.0,0.0,0.0,0.0,0.0,0.0,0.0,0.00010696206451331366,0.0,0.0,0.0,0.0,0.006769949949241151,0.0048385359503242565,0.00018237031999519978,0.0002307171731552165,0.0004682799184392872,0.002655547175672038,0.0001792684201243137,0.0,6.760002477241424e-05,0.0,2.2355071483282555e-05,0.001852262071177042,0.007364017255548105,0.0015086999199602892,0.0,0.0,0.0,0.0,0.0,0.006156415547192794,0.003524400025713685,4.107343277311244e-05,0.0,0.0,0.0017709709021469342,0.001053790259585165,0.0005167337336638183,0.0018150392727264196,0.00015712727277005775,0.0008066009284948982,0.1125643096042619,0.0,0.003127249880175751,0.002771814939797999,0.0,0.0,0.00990490109806187,0.0,0.012987226911142031,2.6312667870275053e-05,0.00011765827096464396,0.00020654374657520867,0.0,0.000376827353280404,0.00014921207999607256,0.00025510452386425306,4.8988625547097655e-05,0.0,0.0009513206017814117,0.0,0.0,0.002132074831943881,0.0,0.22463103168441,0.0001622614518666968,0.002138064707556627,0.00011648168825499858,0.00018440259922095274,0.014984208655605596,0.07214377327293979,0.014359978047105898,0.001005336444360635,0.0,0.022696922241467105,0.009364421786076096,0.0007325831798516853,0.0007280907731421261,0.0007729078781732045,0.04030009704668119,0.01767216533682517,0.013454544171000697,0.0011463124453891826,0.013452939740032997,0.03816652474583412,0.0,0.0,0.0,0.0007052008913362769,0.0,0.0,0.015440401860754878,0.04085629978215042,0.0015039935891217034,7.808230709471886e-06,0.00042014698940829605,0.0001011861130295947,0.0001622614518666968,0.012143510146261012,0.0,0.0,0.0,0.0004391862368916659,0.00014375701470589354,0.0,0.0,0.0011822516990656559,0.0,0.0,0.0017824158430498587,0.0014182100133820258,0.001568491714023221,0.00043458686811759337,0.0,0.0,0.0,0.0,0.00011862092954526377,0.0005850824928878256,0.0,0.0,0.0,0.1791610302115423,0.0,0.00017670133057599415,3.91481156118728e-05,0.00010000953031994826,0.00845363980674523,0.007650782550508299,0.0018948329728533514,0.000878800322041385,0.00012311333625482295,0.00020878994992998826,0.0,0.013090231379268352,0.0,0.0,2.6205705805761845e-05,1.7220892386643498e-05,0.012502581796832207,0.0,0.00011006396438419974,2.984241599921451e-05,0.0,0.0,0.0,0.000431378006182194,0.0,8.043547251401187e-05,2.0322792257529593e-06,0.01175930241052919,0.0,0.0008662857604933273,0.00022076970115547832,0.0,0.0,0.0,0.0,0.0,7.348293832064648e-05,0.0,0.0,0.0,0.00014290131818978704,2.8024060902488176e-05,0.0,0.0,0.0,0.0,0.0,0.0002771387091539957,0.0,0.0,0.0,0.0,0.0003109387215402017
FDM055W0,0.02204575126285993,8.698585128999907e-05,0.00023108362514413894,7.1389903205176e-06,7.446516057401436e-05,0.00019297239989460652,0.0003196071051185572,9.192822920420357e-05,0.00010576688736397614,5.271869775151458e-06,0.0006048372260783143,9.456416409177918e-05,0.00014750252308392411,0.00020845851735911395,0.005592904678334109,0.028129488983384715,0.0,0.000499070338714338,0.0007554150065310767,0.0112262270249444,2.4162736469444186e-05,0.0,0.0,0.008494629667073724,1.7902391111451828e-05,0.0016784315396638457,0.0018636059655160408,0.0004255936537231646,0.0,0.0,0.0,0.0,0.0,0.0,0.0015868328023205891,0.0008715059722047256,0.0,0.0,0.0,3.261969423374965e-05,0.0015477331014882158,0.006553043961133579,0.00047150285301510863,0.0012986372546123092,0.08255682169514995,0.0,0.02593474369761697,0.0,0.0030912926394044368,0.00021032563790448008,0.018797949989505684,0.16782558106713405,0.03180606899845117,0.0,3.020342058680512e-05,1.3728827539456924e-05,0.0547434252370337,0.0,0.001859981555045624,0.0204214662190117,0.002543347674649632,0.0006640359304284525,0.0016812871357920526,0.006544696833989589,0.0,0.0,4.2614280682474295e-05,0.14270621989474053,0.00010598654860460746,0.0010314193553843188,0.0,0.0,0.0,0.0,0.0,0.0,0.0,0.011080262130544895,0.0,0.0018852425977182248,0.0008453662845695996,0.00013399335678509957,0.006711968868730332,0.0,0.00489009853893424,0.0,0.03244528320868839,0.0,0.0,0.0,0.0,0.0,0.00026776705232956784,0.0,0.0,0.005236284654169187,0.0,7.029159700201945e-06,0.000874251737712617,0.0,0.0005444303849047037,0.0,0.00029379690934437815,1.3948488780088236e-05,0.00029280843376153725,0.0,0.002609575538699972,0.0,0.0,0.00029379690934437815,0.0,0.0,0.0002721602771421941,0.0,0.0,0.0,0.0,0.0,0.0,0.0,0.0002139500483748967,0.0002097764848029007,0.0,0.0,0.0009671684424996614,0.0,0.0002535989023088483,0.0007472875406277193,0.0002774321469173455,0.0,0.00010576688736397614,0.008159756105731301,0.0,0.006889894473641693,0.0,4.06373295167925e-06,2.0867817859974527e-05,0.000906432109465104,0.0,0.0,0.0,0.0,0.12320886851506474,0.0,0.00017254390451589352,0.07234191502207211,9.33560272683071e-05,0.0,7.369634623180478e-05,0.0,0.0,0.0,0.01612697913404926,0.0,0.0,0.001344985776385516,0.0012045124130017925,0.03400158309856112,7.940753848821884e-05,8.621703694778948e-05,3.338850857595924e-05,0.00013849641221804146,5.8649551248559976e-05,0.0005157645930023177,3.141155741027744e-05,0.00023053447204256068,0.001452400123054227,0.002401336682581489,0.0,0.0,0.0009263114517422376,0.0,0.0,1.5156625603560445e-05,4.0417668276161184e-05,0.0,0.0,0.0,3.723258028700718e-05
FDM053W0,0.0,0.00015022159715602103,0.00016199572233851898,2.7608293531376838e-05,4.1107937059586736e-05,0.0001433195237731768,0.0006521444335996184,7.409578778641579e-05,0.00014575554967300418,0.0,0.00021883632666782422,0.00010403860613846052,0.00015235311981836997,1.5326662953080523e-05,0.0,0.017395356447429757,0.0,0.00011347820650029156,0.017029343555980698,0.0,0.0,3.867191115975947e-05,0.0,0.011950331055919793,0.0005642444990475141,0.0,0.0,0.0,0.0,0.0,0.0,2.4969265473230422e-05,0.0,0.0,0.0007626791088042841,0.001340118748142531,0.0,0.0,0.005617577226081071,0.0011926376801238057,0.04687928842059451,0.017914331465172146,0.00012616584139522579,0.0,0.0,0.0,0.0,0.0,0.00023781702847064682,0.0,0.023522164587653906,0.0020810766260066786,0.0011526462549349729,0.0,0.0,0.0,0.0,0.0,0.0,0.0,0.0,4.912652231318525e-05,0.002908513423314718,0.0,0.0,0.0006194610861102679,8.932094966033682e-05,0.272516491895342,0.0,0.0005902287753123394,0.0,0.0024922574976817165,0.038458758893524576,0.0,0.0,0.0,0.0,0.027628289243971257,0.10628360700730975,0.000356573291087231,0.0,0.009469949184499735,0.024579196826020666,0.0,0.1351085939745712,0.004684376304288869,0.0,0.0,0.0,0.0,0.0,0.0,6.759971872020947e-05,0.0,0.0,0.0,0.0,0.0,0.0385623914953464,0.0,0.00015489064679735683,0.0,4.8416014759068945e-05,0.00016280773097179576,0.00020452467450633944,0.0,0.010775659066807204,0.0,0.0,7.450179210305368e-05,0.00043889066628556415,0.0,0.0,0.0023610166023285174,0.00017874340039983314,0.0028222375060291656,0.0,0.0,0.0,0.0,0.0001892995126324184,0.0,0.0,0.0,0.0,0.0,0.00015509364895567576,0.0005604889591186136,0.0,0.0,0.00018016441550806477,0.002976823649589034,0.0,0.0,0.0007028949731793552,0.0,0.0,0.007561119889826672,0.0,0.011339700563696398,0.0,0.0,0.0,0.006956579462352847,0.0006966019062714668,0.0045799316938337714,1.92852050403e-06,0.0,0.0003919971677138873,0.0,0.0,0.0,0.00042366550441164314,0.0,0.08696257208606646,0.002670188889448274,0.0,0.0,0.00026319229826051523,0.0002548692097694384,0.00047614156233709103,8.637741836471209e-05,6.090064749568421e-05,0.00011175268815458052,0.0006924403620259294,0.0,0.009237613214303698,0.030601052850393922,0.00011378270973777,2.4969265473230422e-05,0.0,0.00019051752558233107,0.0,0.0,0.0,0.0,0.0,0.0,1.9285205040299998e-05
FDM051W0,0.0,0.00012017618471762871,1.90915343614962e-05,0.0,1.6077081567575746e-06,0.000290995176373121,9.29456278125473e-05,0.0007328134742020621,4.029318567873672e-05,7.134204945611738e-06,0.0016121293541886581,7.958155375949995e-05,1.3263592293249992e-05,1.8086716763522716e-06,0.002985715010618411,0.022631808204436176,0.0,0.0,9.646248940545438e-05,0.014421041684355549,0.0,0.0,0.0,0.11477197423044792,0.0,0.0008043564871777741,0.039507619280641046,3.617343352704543e-06,0.0,0.0,0.0,0.0008168162253926454,0.008310946834598485,0.0004764845049590262,0.0,0.026014024239214926,0.0,0.0,0.0030570570600745284,0.0009464376955312248,0.062488903045652404,0.01276419794705707,0.0,0.0,0.0,0.0,0.047337559931089526,0.0,0.003500282102540632,0.0,0.003583179554373435,0.0,0.026800997381947758,0.0,0.0,0.0,0.0,0.0,0.0013247515211682415,0.002087609041549711,0.00017292910861123665,0.0014729621168693306,0.003713604878590403,0.0,0.009278485699687153,0.006627877357992899,0.0007614507757443064,0.0,0.0,0.0,0.0,0.0,0.0,0.0,0.0,0.0,0.021490435894897998,0.0,0.02931876883718982,0.026488800554257397,0.0,0.0025835870079094227,0.0030769524485143936,0.01319998733929827,0.05826967395176175,0.0029862174194173977,0.0,0.0,0.0,0.0,0.0,0.0,0.00019835099383996578,0.0,0.07723018009848219,0.0,0.0,0.0,0.0,0.0,0.0022048712552332067,0.05559776347699045,9.827116108180677e-05,0.0001018885044345113,0.00039720439647891834,0.0,0.0038765862929817023,0.0,0.0,0.0011801582688198572,6.189676403516653e-05,0.0,0.0,8.57109411071382e-05,2.0397797238861727e-05,1.9292497881090896e-05,0.0,0.0,0.0,0.0,0.0,0.0,0.0,0.0,0.0,0.0,0.0002417591140724203,0.0,0.0002402518876754601,0.0,0.0,0.008158616486745705,0.0,0.0,0.0,0.0016044927404440495,6.018857411861171e-05,0.0,0.0,0.0,0.017147312791177306,6.732277906422345e-06,0.04504386280019555,0.0,0.0,0.0034138677891149124,0.0,2.9843082659812482e-05,0.0,0.0,0.17594416429571588,0.0,0.01087323170943077,0.0,0.0,0.0017498898468708227,0.0,0.0,0.0004202147194725111,0.0,2.3211286513187485e-05,6.430832627030299e-05,0.0,0.00022739022242139947,0.0,0.00024467308510654344,0.003476568407228458,0.011715369338292448,8.219407951423101e-05,0.0,0.0004572924888377327,0.00018287680283117413,0.0,0.0,0.00021613626532409645,5.6370267246312466e-05,3.577150648785604e-05,0.0,0.0
FDM050W0,0.0,0.00010859890763336918,0.000291201503016904,0.0,0.0,8.232659572206549e-05,6.016559979688099e-05,0.0004278776905554853,4.2115919857816686e-05,0.000414741534599833,0.000379644934718319,0.0,7.380313575084067e-05,8.814260370243064e-05,0.001905243993567898,0.003310912956822351,0.0,7.450506774847096e-05,0.0,0.02058094699851874,0.0004996753063130966,0.000270644923086303,0.0,0.08693126962652012,0.00011541767561034903,0.0005125106342697645,0.0,0.0004746063063977285,0.0,0.0,0.0,0.0,3.2990803888623076e-05,7.129623575930397e-05,0.0,0.001422615607197251,0.010659639592012965,4.1815091858832287e-05,0.02117347788051836,0.00304247410572861,0.008988439781655035,0.006558150653859689,0.0030540058456896787,0.0,0.10997569710872114,0.0,0.05974123176631365,0.07691490057233537,0.0012220636078743145,0.0,0.023757490115794633,0.0,0.019744745437341758,0.0010687416043919293,0.001401457371268681,0.0,0.0,6.307360378706357e-05,0.0,0.0001937332313459568,0.0001721738914187411,0.0004593643544491853,0.009952894346399038,0.0021071998568860948,0.0,0.0,5.244434782294793e-05,0.03897106395643372,0.00041283629060626505,0.0003303091428848766,0.0,8.794205170310772e-05,0.0336442023024172,0.0,0.0,0.0,5.434959181651583e-05,0.014362932535510752,0.04260225845617482,0.0002430690231793992,2.7074519908596445e-06,2.506899991536708e-05,0.0002878923950280755,0.0,0.0035732349719367618,0.007825438737581326,0.0007774398253753639,0.0,0.0,0.0,0.0,0.0,9.275529968685819e-05,0.0,0.22673346117854803,0.00046838919441871853,0.0,0.0,0.006738547177250671,5.755842380568281e-05,0.003455912052332844,0.05718098494295694,6.909016376675166e-05,0.0,6.999264776370489e-05,0.0004032097946387641,0.0006067700739515448,0.0,0.0,8.012052372951318e-05,2.5670655913335886e-05,0.0,0.0,0.0,0.0,0.0,0.0,0.0,0.0,0.00014630268350608225,2.1759891926538624e-05,0.0004585621464518946,0.0,0.0,0.004584418152523008,0.0,0.00032168540691399034,0.0010555051724366155,0.0,0.0029863195459181877,0.0,0.008345269519826377,4.833303183682773e-05,0.00745080760284608,0.0,0.0010507922004525266,6.166973979180302e-05,0.012805144880769843,0.0,0.0,0.00999350612626193,0.0,0.0,0.0,0.0,0.011087015902570245,2.2160995925184496e-05,3.088500789573214e-05,0.0,0.0,0.0,0.0,0.0037718817272661205,0.0,0.0,0.0050816868348442295,0.0,0.0,0.0008809246570259981,0.0,3.650046387677446e-05,0.0,6.51793997799544e-06,6.347470778570943e-05,0.001088796804324223,0.00012173506358902253,0.0019291096814873275,0.005184369458497563,5.324655582023958e-05,0.0,0.0020429229411030943,0.0005555290381245345,0.0,0.0,6.638271177589203e-05,2.607175991198166e-06,0.0,0.0009343717648455617,0.0
FDM049W0,0.0,0.0,0.0004273463538936184,0.0,0.0,0.0,0.0006408606660248538,0.0014759600465579841,0.00042385132795099404,0.0,0.0004043639105739368,7.572556209019509e-05,5.1472200245922706e-05,7.48782830738013e-05,0.003789137671190073,0.02181616375361553,0.0,0.0,0.0,0.0,0.0,0.0,0.0,0.17336006498629977,0.0,0.0012289782132791941,0.0,0.0,0.002534952907173174,0.0,0.0,0.0,2.859566680329045e-05,0.0,0.0002950649174591378,0.0,0.0,0.0,0.000845796278115102,0.0,0.00029241717053290713,0.012380546897423126,1.0167348196725494e-05,0.0,0.0,0.0,0.029906195621897547,0.0,0.0008823351856970833,0.00016246575139350944,0.016522364459187124,0.0001298455092623485,0.01282208517484134,0.0,0.0,6.672322254101105e-06,0.0,0.0,0.0,8.176242508200086e-05,1.6521940819678928e-05,0.003454568369591585,0.0003418770831148947,6.937096946724165e-05,0.0,0.00041506080815590843,0.0,1.0273258073774719e-05,0.0010538032766397778,0.0009875036936069636,0.0,0.006877257866191353,0.032425473867267435,0.0,0.0,0.0,0.0006976283601232378,0.01577125161115403,0.07658046661773642,0.007798673796519591,0.0,0.0001281509512295609,0.005805979459838454,0.004200915273157466,0.013805140653612236,0.0039769158831983575,0.06416973540535426,0.0,0.0,0.0,0.020600742004598636,0.00029983086192635284,7.943240778691793e-06,9.404797081971082e-05,0.026760248634027296,0.0,0.0,0.0,0.00112582199303325,0.0,0.00011798360303283542,0.05963086171453273,2.6583379139355198e-05,0.0,0.0,0.001062381976680765,0.0018346768001237055,0.0,0.0,0.00011321765856562034,0.00010898126348365138,0.0040665156391820004,0.0,0.04057470935681997,0.01536847634873583,0.011194885823857064,0.005697845475371196,0.0004446096638526419,0.02656844584669115,0.0,0.0,0.0,0.0,0.0,0.0013402894940579284,0.0,0.00026106784692633687,0.0,0.004139169814837768,0.0,0.0,8.123287569675472e-05,0.0,0.0024450354215583827,0.0,0.0011799419402054034,0.0,0.0013192134285251328,0.0,0.0,4.8294903934446096e-05,0.00010749852520496119,0.00244408223266494,0.0001253972944262811,0.00021775070721320326,0.003544168125575228,0.005541946136354739,2.9019306311487345e-05,0.0,8.928202635249575e-05,0.04955459601206957,0.0,0.05526419748379323,0.0,0.12115835750726296,0.0019322197968860407,0.003540673099632604,0.0,0.001035057228402065,0.0,0.0,0.00017231536995908727,0.0,0.00025979692840174623,0.0003334042929509568,1.8110588975417283e-05,0.001388796217746473,0.004295916432870609,0.0001330228055738252,0.0,0.0,0.000750689208524899,0.0,0.002061112117254946,9.065885475413565e-05,7.339554479511216e-05,0.0,3.3043881639357855e-05,2.3300172950829257e-06
FDM042W0,0.03289150165541148,0.0,0.00010735799705798822,0.0,0.0,0.00020083258087353177,0.0022597109706519493,0.0,0.0003541860080629779,0.0003129596893506804,5.4579830685946624e-05,0.00032790290513071623,0.0012168652736622122,0.0,0.000139046092931965,0.0,0.0027443586710924036,0.0,0.0,0.0,0.0,0.0031959405323600124,0.0,0.0,0.0,0.00016734282068564993,3.2429957650290614e-05,0.0,0.0,0.0,0.0,0.0,0.0,0.0,8.753968960503284e-05,0.0,4.843297596791769e-05,0.0,0.0,0.0,0.00012336101537561528,0.0010222855277604683,0.0,0.0,0.0,0.0,0.0050665979914622334,0.003118362986608337,0.0007405900132687282,0.0,0.05103839452633188,0.02585769819367257,0.0387161764020128,0.0,0.0,0.0,0.0,0.0,0.0,0.0010338373754202124,0.00013120355415379014,0.000650930718588513,9.008321569525171e-06,0.0,0.0,0.0,0.0,0.19061385882582368,0.0,0.000650930718588513,0.0,0.0024253581072774537,0.0,0.0,0.0,0.0,0.0,0.01594748466465729,0.23218302365903096,0.008682962190484676,1.4943215780035874e-05,0.011038797251296147,0.07542794826467937,0.0,0.023951431369307285,0.0,0.09432677103602063,0.0,0.0,0.0,0.0,0.0,0.0003050111703187464,0.0,0.0030275379091367605,0.0,0.0,0.0,0.0003085085186927973,0.0,0.0,0.0,8.57380252911278e-05,3.486750348675037e-05,0.0021003166689982336,0.0,0.0012211044838125768,0.0,0.0,0.00021800138198250916,0.0,0.0,0.0,0.0003106281237679787,0.00011223308873090772,0.00010926564162565238,0.0,0.0,0.0,7.513999991521584e-05,0.0,0.0,0.0,0.0,0.0,0.0,0.0004494622561924265,0.0,0.0,0.0,0.0,0.0008903401118303643,0.0,0.0006008020585604493,0.0,0.0,0.00013226335669138135,0.10421621243529913,0.0,0.0019799231007278737,0.0,0.0,0.0,0.0,0.0,0.0,6.994696748101899e-06,0.0002154578558922903,0.00024767585303506266,0.0,0.0,0.0,0.0,0.0,0.0,0.0005016045410419123,0.00039382262296888866,0.0,0.00017158203083601474,0.00038439038038432703,0.0,0.0029696726905842925,4.196818048861139e-05,0.0005451624253369116,0.0003137015511269942,0.0005594697595943927,0.01506519905211262,0.0337399795670071,0.0010368048225254678,0.00019744121275323993,0.0,0.00023114293344864,0.0,0.0,0.0,0.00016787272195444556,0.00010258888563882783,0.0,1.7168801108977385e-05
FDM048W0,0.0,0.0,4.7336246489059465e-05,5.2201642273802194e-05,0.0,0.00022836951464636184,0.00011048502927853178,0.0001536654168681245,0.0,0.0,3.0003274005913496e-05,3.6490468385570466e-06,2.4428341335895784e-05,0.0,0.013081326104166102,0.0016470378355475856,0.0,0.0,0.0010410933355227618,0.03854386813155626,0.0008629995773187415,0.0,0.0,0.07757853306289844,0.00028543655270490677,0.0032693432425227494,0.0,0.0004111259438107606,0.0,0.0,0.0,0.0006087826475659339,0.006939169375577135,0.0,0.0,0.001505434545729146,0.0,0.0005405657441673536,0.007258765061187412,0.0015870312875357689,0.043160926006452646,0.00426299896914427,0.006708367163038392,0.0,0.07038301814691268,0.0,0.04095254313224046,0.004740010480873412,0.0017782007969112854,0.004232590245489627,0.027864121659221606,1.7535697307510254e-05,0.019196824518351165,0.0,0.0,0.001455766963759887,0.0,0.0014992514385860354,0.00044386600294559186,0.0005908415006096951,0.00024053300410821864,0.001287809446774091,0.013999264108887563,0.0,0.000146063235954463,0.0,0.00011605996194855051,0.1268756354156214,5.57493267001771e-06,0.0004764033372560588,0.0,0.0004941417593879334,0.004921145111442906,0.0,0.0,0.0,0.030279486579109827,0.037761958483983234,0.07502673433621307,0.008429906371539871,8.970573478119406e-05,0.00031645345083264163,0.004495017530629189,0.002423879362511518,0.06563854771990324,0.0032535307062223355,0.03200183668690875,0.0,0.0,0.0,0.0,0.0,5.047848126670581e-05,0.0,0.028245345691438637,0.0,0.0,0.0010617712676079184,0.003049082720850959,0.0,0.002994347018272603,0.07283984029338339,0.00011595859953636838,1.3886650468953205e-05,0.00012650029040331095,0.0008233668741555246,0.0017605637371915929,0.0,0.0,9.558475468775809e-05,0.0007864709561212258,5.909428630218773e-05,7.399456089296224e-06,0.00032871830270668066,3.628774356120608e-05,7.206867506150167e-05,0.00292694101417148,3.6490468385570466e-06,0.0,0.00038791395142105043,0.00040200332671436797,0.0003511193957989326,0.0,0.0,0.0,0.0,0.0002708403653506786,0.0015367555310934274,0.0,1.621798594914243e-05,1.9664307963335196e-05,0.0037463547542518913,0.001290647594315191,0.0,0.0,0.0007884982043648685,1.4190737705499624e-06,0.0,0.0,0.0,0.0007054823887876957,0.0001389678671017142,0.0034210827735594133,0.0007231194485073881,0.004210290514809556,0.004466433330393815,1.18594022253104e-05,0.0,0.0,0.0,0.0,0.0,0.013086596949599471,0.0,0.040332103807273575,0.010292136608150149,0.0005898278764878737,0.0,0.0001980621534039009,3.1118260539917036e-05,4.976894438143083e-05,0.0,4.520763583323452e-05,0.00022451774298344048,0.0,0.00021630738759668717,0.00011889810948965045,0.0022802488244494257,2.817875058663487e-05,7.662998360969798e-05,0.0002898964988409209,6.45678565600233e-05,0.0,0.002608257590270831,0.0001447455245960962,0.0,0.0,0.0,1.9258858314606635e-06
FDM047W0,0.0,1.1143708840604138e-05,2.5823402217169452e-05,0.0003968874763999809,0.00010200779631014655,0.0007798453167492087,0.0004855013918920946,0.0005994029543686542,3.739571524395079e-05,0.0008993187336460715,9.92218690999954e-05,0.0,0.0,0.001147266255349516,0.02163936815170874,0.0001757277163326054,0.000642263372986364,0.0,0.0,0.0011639818186104222,2.153736035539859e-05,2.282317291392985e-05,4.918233036382066e-05,0.002674704423838108,0.00029712985206726514,0.006532892156757695,0.0,7.393422211554739e-05,0.00040792403419404196,6.67551019970812e-05,0.0,0.0,2.6359157449890704e-05,5.2182559667060264e-05,9.322141049351629e-05,0.0,0.0,0.0,0.0001037222130548549,2.421613651900527e-05,0.00012515242236370815,4.961093454999764e-05,0.0,0.0,0.0,0.0,0.0,0.0,0.00030977367555948916,0.0004972880070119645,0.04921854741755262,0.0,0.008087439540021987,2.5716251170625183e-06,0.0,0.0004093169977991164,0.0,0.0032018875728359237,0.0,7.704160246533128e-05,0.0,0.00042517535268766967,0.00042078215977935454,0.0015181160274392398,0.0,0.0033763294766099875,0.0,0.30786070792553427,0.00045710636455786153,0.001189162314548326,0.0,0.014869779333134745,9.525728037785746e-05,0.0,0.0,0.0,0.0,0.022342921923318316,0.008318242894278337,0.00045260602060300323,0.00013897490736792026,5.58256952495655e-05,0.0484783479880248,0.002098874699709192,0.036447749935173614,0.0003168456446314111,1.96086415176017e-05,0.00038231493406996105,0.07212422663732157,0.0,0.0,0.0,8.325636316489904e-05,0.0,0.023695703885939855,0.00019362194110549878,0.000990611425301791,0.0009621092469210146,0.007061468269360586,0.0,0.0,0.0018587492044034794,0.0,0.0,0.0,0.008951291277261905,0.0016705919666717382,0.0,0.0003713855273224454,6.782661246252392e-05,3.3216824428724193e-06,0.0,0.0,0.07020922313348234,0.025056629328098646,0.03266896112774333,0.00015526186644264955,5.464703373757851e-06,0.0,1.66084122143621e-05,0.0003029160085806558,0.0,0.00038049336627870846,4.14674550126331e-05,0.0006920886096294491,0.17607156404096597,0.0008837818318971521,0.0,0.0023876467701460036,0.000843921642582683,0.0,0.00023487509402504332,0.00017915654982202212,0.0,0.0,3.428833489416691e-06,0.0,0.0,0.0022519935452209455,4.736076257256804e-05,0.00024859042798270904,0.00016876289830722777,0.0015424393150047897,0.0030897004271040604,0.0005878306413418739,0.001395856683332226,0.0,0.0,0.0,0.0,0.00833988740568029,0.0,0.0,0.0,4.1038850826456024e-05,0.0020800161155174,0.0,0.0,0.0015747989310611597,0.0,0.0,1.2536672445679777e-05,0.0,0.0,0.000196086415176017,0.0,0.0,2.100160512267723e-05,0.0,0.0,0.0,5.35755232721358e-06,0.0,0.00014047502201954004,0.0,0.0,0.0,0.0,9.590018665712307e-05
FDM046W0,0.0,1.0525666838585894e-05,0.0,8.230069023313353e-05,6.776524555127682e-05,5.0021978594803344e-05,0.0002681538932687359,9.673589046890846e-05,1.0224933500340584e-05,0.0,0.00032499249419709874,0.0,0.00010214909055732406,6.1149112109879965e-06,0.00032158418303031955,0.01845229592360973,0.0,0.0,0.0,0.0,1.3132022436711926e-05,0.0,0.0,0.016360394822775345,0.0,7.087282337981169e-05,0.0021557568129884734,9.022000147359338e-07,0.010475243882206765,0.0017212973836700802,0.0,0.0,0.0016330822711181222,0.0,0.0,0.000898190236892663,0.0,0.0,0.0,0.00012961606878372916,0.0016081214040437612,0.09886468152590094,0.0004102002733666036,0.0,0.0,0.0,0.002644448487637094,0.0,0.000619209943447096,7.317844563969241e-05,0.014401718590783631,0.00032278711638330084,0.0539809325039107,1.0425422392504024e-05,0.0,0.0,0.0,0.0,0.0,4.230315624650702e-05,3.01735782706129e-05,0.00013132022436711927,2.806844490289572e-06,0.0,0.00022234218140936582,0.003944418464425502,2.9271378255876865e-05,0.061907762077826806,2.806844490289572e-06,0.0005543517868321905,0.0,0.003648797592930352,0.02445753971058427,0.0,0.0010987793735022858,0.0,0.0,0.011819321415271042,0.04883859290880815,0.0034944211459644356,0.0,0.00013994124673015154,0.04720651308215084,0.0,0.0041212496673137455,0.01013180640993062,0.04833536578947756,0.0,0.0,0.0,0.04481638475422319,0.0,0.0002217407147328762,0.001279820843125963,0.01208246308623579,0.0,0.0,0.0,0.0,0.0,0.0012568648649732377,0.034814996368644956,0.00017482631396660765,8.600973473815902e-05,0.0014222682010081589,0.0,0.0004444838739265701,1.2731044652384845e-05,0.0,5.322980086942e-05,0.0,0.0,0.0,4.069924510919879e-05,0.0,1.6740822495655662e-05,0.03670119586611954,0.00035466485023730377,0.0,0.0003780218061743563,0.0,0.0,0.0,0.008378330559068291,0.0,0.0,7.849140128202625e-05,0.0,0.0,7.007086781115743e-05,0.0,0.00401559202114356,5.9244467634326326e-05,0.0,0.0,0.0,1.0826400176831206e-05,0.004222997780086743,0.0,0.0,0.0,0.0,0.0,0.0001003446905278522,0.0,0.011099566292404031,1.2129577975894221e-05,0.00015547913587282594,0.00022384584810059238,0.0,0.009680004691440081,0.0,0.29477781570359335,0.0,0.0,0.0008015545908698364,0.0,0.0,0.00017272118059889045,2.796820045681395e-05,6.415644549233307e-06,1.7242044726064414e-05,0.0003933592064248672,0.0002572272486458229,0.0,0.00043576260711745605,0.0017677105622059398,0.022298474830875097,0.0005765058094162607,8.220044578705174e-06,0.009086457326189908,4.110022289352588e-05,0.0,0.0,0.0,0.0,0.0,0.000720456833989684,0.0
FDM041W0,0.09582752785868728,0.0,0.0,0.0,0.0,0.0,0.0,0.0,0.0,0.0,0.0,0.0,0.0,0.0,0.004874270777391434,0.005555644399082516,0.011176369493166126,0.0038431010718375505,0.003142699190954858,0.07001771854816005,0.0013818767167184114,0.0015092041106707854,0.024598984498244048,4.230751245794301e-05,0.0017025231269259793,0.001395135769665757,0.00786757789086322,0.0,0.00014676050972252958,0.0,0.0,0.0006189244944505299,0.0019559633450950925,0.0,4.3926938772122646e-05,0.00119250505210403,0.005554632257636154,0.0,0.004001501208193236,0.0015675034579812524,0.054917175453302755,0.0026118310023378454,0.00011659869462093385,0.006936711402643838,0.03534934365663629,0.017808831177033465,0.003912635189202639,0.005400381901210544,0.0009637610852261553,0.002020639183517642,0.03202749542967531,9.220608576360308e-05,0.03781228865221414,0.0002405860218003123,0.0005172042790911215,0.00012763103638628262,0.06297017765713944,0.0005904833198077501,0.0007724663518636868,0.0009180122918505816,0.00041092942722308187,0.00039767037427573706,0.005951695347044074,0.0,0.0,0.0,0.0004477713758706696,0.09663886044209127,0.00023309617509723147,0.0012466546194844117,0.0,0.0,0.007222742575385806,0.0,0.0,0.0,0.0,0.0,0.009475465792554327,0.0030946224722526497,0.00017995874916321215,0.0,0.008589437170408793,0.0,0.013663302241022869,0.0,0.0,0.0,0.0004990869472012369,0.0,0.00012813710710946375,0.0002985817266768695,0.0,0.00023350103167577637,0.07710220260197279,0.0,0.0,0.0,0.0078345820797118,0.0,0.005035201267363036,0.0,0.0,0.0,5.516170882674378e-05,0.0,0.0007833974794843993,0.0,0.0,0.0006921023210225212,0.0005328924715097367,0.0,0.0,0.0,0.0,0.0,0.0,0.0,0.0,5.1720427909112155e-05,0.0,6.609283644745643e-05,0.0,0.0,4.109294272230828e-05,0.0,0.0,0.0005305645461831035,0.0,0.0,0.0010977686127245213,0.07866788420535058,0.0016425031391566966,0.03938161396479895,0.0,0.001621248168783079,0.0,0.0003798566848197611,0.0,0.0,0.0006617380776316541,0.0,0.003480855648184493,0.007640352136154891,0.0,3.6234663779769274e-05,0.0,0.0,0.0,0.0,0.0603843586899732,0.0,0.0003407880249901773,0.0,0.02438886393397924,0.019750624541879484,0.004464353491614714,0.0,0.0,0.0,0.0,0.0,0.0,5.2530141066201973e-05,0.0,0.0,0.0,9.463522523487252e-05,0.0,0.0,0.00013370388506445525,3.957473055276487e-05,0.0,0.0,0.00015394671399170072,0.0,0.0,0.0,3.947351640812865e-06
FDM020W4,0.014645218532121543,0.000140813504997548,0.00021081091591202835,2.005773763046483e-05,8.831544681168955e-05,7.409082675743132e-05,8.678041587058254e-05,8.985047775279645e-05,2.9063252484959246e-05,0.0,0.00027548688623067004,0.0,1.330360148959402e-05,0.0003008660644569725,0.0,0.003998653266187668,0.3247384563114843,0.0035779524529282753,4.298086635099606e-06,0.047077454591226364,3.9910804468782065e-05,7.2658131212398116e-06,0.00015207039856566707,0.0014638055054396377,0.0001710024468393201,0.0,3.366834530828026e-05,7.562585769853831e-05,9.926533419158617e-06,6.887172155766751e-05,0.0,0.0,0.0,0.0,0.0009112967020371906,0.0006680454655697676,0.0,0.0001202440903867152,0.00083884324161694,0.0016119871589545002,0.001745227844642588,0.0035288314628128515,0.0003690214382421234,0.0010506775114897064,0.01605918669967324,0.0,0.008655425464525945,6.549465348723211e-06,0.0005636633615744902,0.0,0.01409772416312671,0.0,0.00981028040921878,0.00015565213742824903,0.0006302837044185351,0.00011123857553222078,0.0,0.000477803964268573,1.7192346540398425e-05,0.001300273542513705,0.0004245895583101969,6.03778836835421e-06,0.003303591256054417,0.0,0.0,0.0,0.00014030182801718003,0.044509245491358276,6.631333665582251e-05,0.0009213255708524229,0.000120858102763158,0.0029169681296876,0.0,0.0,0.007831830196924001,0.0,0.0,0.009929705816436903,0.05076316621622035,0.0015436271143772018,0.0002421255471106112,7.849124878860473e-05,0.12900451196761287,0.0,0.0028330531049070838,0.002621525841222539,0.03191626099210072,0.0,0.0,0.0,0.0,0.0,1.0540545795601417e-05,0.006424002153136731,0.015461240980414024,0.00038580444319822563,0.0,0.0,0.014282848894624216,0.0,0.0017506516206344993,0.003772287370072422,0.0,0.0,1.5043303222848624e-05,0.005850923935123451,0.0001984283329870985,0.0,0.00146063310816135,0.0002704724518230538,3.9910804468782065e-06,0.0,0.00014859099509915784,0.06109167307115686,0.007320357887347147,0.01722294482382449,0.0,0.0,0.0,2.937025867318065e-05,0.00010100503592484077,0.00011154558172044116,0.0,0.011423700263718313,0.00027210981816023464,0.0,9.271586884286295e-05,0.0008040492069518478,0.00021725804586467673,0.0,2.4560495057712038e-06,0.013299303402958922,0.000639084548480882,0.004165664632580109,0.0,0.0,0.0,0.0074598410321957374,0.0,0.0025561335231313806,0.0,0.0,0.005497252806292387,0.0,0.0,0.006852685127289881,0.0,0.0,0.0,0.0,0.0,0.0,9.005514854494414e-05,0.0,0.05732317211073906,0.0015872219931046304,0.0011415513432032408,0.0,2.2411451740162238e-05,0.0,0.0,0.0,0.0,6.662034284404391e-05,0.0,0.0,0.00034108387511397494,0.00022339816962910577,0.0,0.0,0.0,3.663607179442036e-05,0.0,0.0,0.0006741855893341955,0.0,0.0,0.0,2.4560495057712038e-06
FDM001W4,0.0,0.0,3.436680430284556e-05,0.0,0.0,0.0,0.00013381764507302697,0.0001851144090176873,0.00022819963565104824,0.0,0.0003930386439000951,4.561965172944101e-06,4.6532044764029825e-05,4.044942453343759e-05,0.005542382177111709,0.01295800863123811,0.00013716308619985264,0.0,0.004300209749020953,0.0025015789468348583,4.1260440564183315e-05,8.921176338201797e-06,0.0,0.007120416618934995,5.8798662229057305e-06,0.001188037108038487,0.000843659425983129,0.0021745367324366776,0.0015179178785442672,3.7408114418141626e-05,0.0,0.0,0.0,0.0006948379843413081,5.0485747913914715e-05,0.0004676521187286919,0.0,0.0,0.00014689527856880005,0.0002637829640000122,0.005201552690190864,0.0004143278147071665,0.00015095035872252812,6.77198385672591e-05,0.008865925871107252,0.04392087727604037,0.011528592877048958,0.03632996998226917,0.00017913316579093837,0.0,0.006118609066956471,0.0,0.0104452782139805,0.0,0.0,0.0,0.06394354517409982,0.00035634016850885587,0.0,9.417923657033488e-05,0.00021157380702076307,0.0,0.002845652497878687,0.0,0.00033403722766335136,0.0,0.0,0.06155915804370769,6.83281005903183e-05,0.0003262311983674248,0.0,0.008345659087383937,0.007717729925579143,0.0,0.008388338806001925,0.0,0.0,0.024455985653126424,0.019691671980511288,1.5510681588009942e-05,3.63943443797096e-05,0.0,0.15976975254887135,0.0009858913623751416,0.03470540349568185,0.002530978277949387,0.09163639718293584,4.3186603637204156e-05,0.005168301032930283,0.0,0.0,0.0,0.0,0.005729219995194731,0.05796828319057763,0.00025648381972330064,0.0010433721235542375,8.1709865097621e-05,0.002687909879898664,0.0002312409457663443,0.00011597529239662337,0.020092719407714996,0.0,0.0,0.0,0.004619750065134726,3.477231231821837e-05,0.0,0.0037491243561293052,2.088366279169966e-05,0.0,0.0,0.0,0.0,0.0,0.0,0.0030496230296112098,0.0003029144874834883,0.0,0.0,0.0,6.934187062875033e-05,0.0,0.0,0.0,0.0,0.0,3.953703149884887e-06,0.0003589759706087791,0.0013627096856603245,0.000715823024136851,0.0014691555396956766,0.0,0.0018583418574497402,0.00019738102648271476,5.575735211376123e-06,0.0,0.0,0.028140532857807606,0.004368740603618957,0.0,0.0,0.006656008564329287,0.0037630130056558243,2.818280706841012e-05,0.01026614504818946,2.3215333880093315e-05,7.572862187087208e-05,9.52943836126101e-06,0.00015906051902998431,0.15280109730468963,1.0340454392006629e-05,0.000991061589571145,0.013437724613424143,0.004175110526278431,0.0008323052015526904,0.0,0.0,0.0,0.0,0.0,0.0010408376984581574,0.0,0.0,0.0,0.00021664265721292318,0.0022159999270085578,0.007129946057296256,0.0,0.0,0.0,8.667733828593791e-05,0.0,0.0,0.0,0.0,0.0,0.0,4.764719180630505e-06
FDM020W24,0.019104473972754228,0.0001101492243943959,0.002267362966611633,6.020777993596581e-05,0.0,0.0003581453907736232,0.0005459337772168846,0.00047567354379249695,0.0002428629986404593,0.0,0.0001729235881997458,3.496970522035676e-05,0.0004980242116550502,0.00018522180257387632,1.3474565314265907e-05,0.02563429110044531,0.0,0.0001010592398569943,0.0,0.023706679673543382,2.416866477003239e-05,4.427357174687369e-05,0.0,0.0046135414462122664,9.6033013112784e-05,0.0,0.0022825485878388216,0.00019495343307862392,0.0,0.0001807302808024554,0.0,0.0,0.0,0.0,0.0016242198253418195,0.0010408567000297624,0.0,6.30951867890229e-06,0.000894026714502086,0.0008185263723443749,0.001727631767079093,0.008082814250657506,0.0009141316214789283,0.0009137038575006976,0.012142615227050178,0.0,0.013600541805854837,0.0,0.0006632480482466441,4.5236040697892686e-05,0.04730395870965427,0.0,0.01808596794058702,0.0002517391011887445,0.0003950400338960179,7.646281110873114e-05,0.0,0.00031151911714648084,0.0,0.0006198300044562317,0.00030510265747302087,0.00010801040450324259,0.002548190018320064,0.0,0.0,0.0027410046315075355,0.0,0.1666148181078054,0.00015677549802153718,0.0017277387080736506,0.0,0.020780346298467412,0.018087572055505385,0.0,0.011467389787413074,0.0,0.022256345905352314,0.024829880939382442,0.04644607805131268,0.003678770212783708,0.00011710038904064313,0.0,0.006225463057179964,0.0,0.007650451809660852,0.0038834552763670803,3.807099406252907e-05,0.0,0.0,0.0,0.0,0.0,4.020981395368239e-05,0.015316517004527038,0.12918429366168221,0.00010287723676447461,0.0,0.0,0.012778700262679174,1.721750012378421e-05,0.0009093192767238323,0.027809577870742792,0.00015025209735352061,7.1650466353636176e-06,0.0005177013546536608,0.00915660877701103,0.0006368336225909006,7.838774901076901e-05,0.0030892045097872956,0.0003099150022281159,0.0,0.0,0.0,0.006571951879546801,0.00035803844977906553,0.002976381760528958,0.0,0.0,0.0,0.0007068799740261718,0.00013249989225694807,0.000144691165636522,0.0,0.02715360181012607,5.560931716998628e-05,0.0,0.00022735655442959776,0.0010853441537657515,5.828284203392782e-05,8.127515586382611e-05,4.4915217714219685e-06,0.006852671990260664,3.3793354280222434e-05,0.0010161533302869407,0.0,0.00019249379020379762,0.0,0.01611162329906339,0.0,0.010501070960590006,0.0,0.0,0.10205090369952755,0.0002655344894866845,0.0,0.07431169300320369,0.0,3.849875804075973e-06,0.000612664957820868,0.0,0.0,0.0,0.0001669348925045165,0.0,0.005879936703764146,0.001226720148570986,0.0012155982851369887,0.0,4.844427053462267e-05,8.459032669511375e-05,0.0002902378592295053,0.0,6.502012469106089e-05,0.00030948723824988515,0.0,0.00011378521820935654,0.006284708368164911,0.0003907623941137113,0.0005660386841937258,5.913836999038926e-05,0.0009018334071047967,0.0,0.0,0.0,0.0005989765105174869,0.0,0.0,4.651933263258468e-05,8.983043542843937e-06
FDM020W16,0.025746063865416557,0.0001989620540084951,0.00026875074157786736,8.101098908806529e-05,8.124478703637137e-05,0.0003289537132666893,0.00011923695363611339,0.000319484896360292,8.767423061478927e-06,1.49630686915907e-05,0.0003247453501971794,1.6599654329733433e-05,5.926777989559754e-05,0.0009190597347912964,0.0003044049286945483,0.020106506655350853,0.0,0.003481719046174511,0.0,0.05414585134308155,1.192369536361134e-05,2.2678400985692156e-05,1.9522128683559743e-05,0.0018025821814400672,0.00012356221567977633,8.685593779571789e-05,0.002960349621451898,0.0004329938002629047,0.00020889846681150455,0.0001592164027964573,0.0,0.0,0.0005904567184470674,0.0,0.007439684513048546,0.0008009917708967147,0.0,0.00040096348134496953,0.005067687428508972,0.005086508163347614,0.005391614485887081,0.01942603772680593,0.0005067570529534819,0.0093140426646186,0.005853131635843331,0.0,0.00614608046507088,0.0003070936051000685,0.0008339572816078754,1.554756356235596e-05,0.054261698226467106,0.0,0.025461648661302176,0.0001076639551949611,0.00029762478819367127,0.0001498644848642131,0.0,0.00010053311777162502,1.0053311777162491e-05,0.0012834338372263616,0.0006434119537383989,3.670627788405843e-05,0.0025890784795418033,0.0,4.9331367092587975e-05,0.002716147664446171,0.0,0.11087961217596337,0.00034777444810532956,0.0020425757753762836,3.658937890990539e-05,0.0026309283122885963,0.0010215801351235233,0.0,0.018531877473509234,0.0,0.09957688416305305,0.01832122552208532,0.08810979619248353,0.0035944096572580533,0.00044935965664433323,0.0,0.014200419784216187,7.937440344992253e-05,0.0051400478935097116,0.00043603317359088527,0.0,0.0,0.0,0.0,0.0,0.0,4.7110286583680094e-05,0.003717036681144594,0.028672980380260563,0.00027681677079442795,0.0,0.0,0.0182050279417773,0.0,0.0004988079227110744,0.01602883663894408,0.0,0.0,0.00010778085416911427,0.020028067443694154,0.0004930798729775748,0.0,0.0007960820139822864,0.0003924298562317967,5.424112400701629e-05,0.0,1.5196866639896689e-06,0.0,0.0,0.0,0.0,0.0,0.0,0.00018025821814400672,7.94913024240756e-05,3.764146967728285e-05,0.0,0.06380042071940799,0.001027658881779483,0.0,0.00011070332852294057,0.0033555850530633674,0.00018832424736056616,0.0,1.3209584079294799e-05,0.012449623848325922,0.0003274340266026996,0.003834052554271811,0.0,0.00047157046173341315,2.291219893399826e-05,0.01830789903903199,0.0,0.13769728893744096,1.8119340993723113e-05,0.0,0.011794989593068829,1.5196866639896689e-06,0.0,0.003273521973207925,0.0,4.208363069509884e-06,1.087160459623387e-05,0.010339831162811633,0.0,0.0,7.060698038844361e-05,0.0,0.000730267891534118,0.0020506418045928444,0.0039928013611716445,0.0,0.000582858285127119,0.0,2.7354359951814248e-05,9.574025983134986e-05,0.0,0.00011385960082507298,4.4772307100619055e-05,0.0,0.0007283975079476692,0.001116502102135803,4.336951941078242e-05,6.417753681002574e-05,1.7768644071263957e-05,0.00012157493311917443,0.0,0.0,0.000888666001511504,0.0,0.0,0.0,3.2731712762854656e-06
FDM019W4,0.021091814570204835,1.5770227580662936e-05,0.0,3.652588194489028e-05,0.00013999892355478737,0.000621448710081866,0.00017469342423224684,0.0010490762360271869,0.0,5.8298970346579756e-05,0.00028142225476202374,0.00011008636285340192,0.0,0.0,0.001005530059223818,0.0013519663489796716,0.0,0.0001701149710636673,1.3531872698246262e-05,0.009193126988892776,7.691801323213664e-05,0.0,7.691801323213664e-05,0.02935398941481977,0.00041908108003064923,0.0002817274849732624,1.2005721642053075e-05,0.0,5.188913591056838e-06,0.0002596491663603343,0.0,0.0,0.0,0.00047422600486109645,0.0004298658808277478,1.8720786289303097e-05,8.342959107189423e-06,0.0,0.0009572019424443671,8.55662025505647e-05,0.002068545141564246,0.002886867337895033,0.0,0.00024632078046957944,0.045249971842513025,0.08297255970226615,0.006195766314529356,0.041644083870343504,0.0014504539638060053,0.0,0.02323880387605741,0.0,0.018866279356660184,0.0,0.0,4.6903709127003965e-05,0.0,0.0,0.0,0.0003973079916289598,0.00012402520916663304,0.00018100151526451202,0.004079808746819375,0.00399882099743739,0.0005756641783960703,0.0,3.367706663999633e-05,0.16317444303371567,0.00017377773359853095,0.0015906563741682862,0.0,0.0012899028726944819,0.023392945132732924,0.0,0.0,0.0,0.02582603688991985,0.007342007501134186,0.01373607170956491,5.199087931431459e-05,3.3778810043742547e-05,0.0,0.0030019391275319996,0.00013999892355478737,0.05586923612171636,0.005292284889262989,0.0496305340908062,0.0,0.0,0.0,0.0016636063946543103,0.0,0.0,0.00018751309310426862,0.0242759761338463,0.0054681992343401905,0.0,0.0,0.007826407846369903,0.0,8.404005149437153e-05,0.025428321924675906,2.1162627979212097e-05,0.0,0.001579057626141218,0.004748873369854468,0.0019085027674714539,0.0,0.0,9.523182590645489e-05,2.238354882416675e-06,0.0008243250571518135,4.700545253075017e-05,0.0005625392793128078,0.00010326955480240466,7.233956006355708e-05,0.00020307983387743913,0.0,0.0005960128591453129,0.00013074027381388306,4.039213128724626e-05,0.0,0.0,0.0,0.0022479187623688185,0.029064936404776778,6.501403499382977e-05,4.008690107600772e-05,0.011660201042930834,0.0005081065583085852,5.45344644079699e-05,0.006602434699302967,0.0,0.0017870211433984762,0.0002940384368265541,0.0,5.300831335177671e-05,5.626410227165551e-05,0.0,0.0,0.0,5.097344527685246e-05,0.04266680856480043,0.0004438047271409789,0.00037746802789844836,0.010704118277927777,3.591542152241301e-05,0.0,2.5435850936553127e-06,0.008473394150792068,0.11689574363592468,0.0,0.0052400905231411825,0.0,0.0025666808463057026,0.003364145644868516,1.4040589716977324e-05,0.002219125379108641,9.258649740905337e-05,0.0006941952437604068,1.760160884809476e-05,6.725238987624645e-05,0.0,3.4999730888697e-05,0.0026881624703786805,0.0,0.0007872904581881923,0.020408912844260257,0.00075646220685309,0.0003036023167786981,0.0,0.00012331300534040954,0.0,4.5479301474556984e-05,0.0,0.0,0.0,0.0,4.456361084084107e-05
FDM019W16,0.015307005102802786,1.6037093797954673e-06,4.2598530400817106e-05,0.0,2.1449612954764372e-05,5.4626350749283007e-05,0.0010191573108600195,4.530478997922185e-05,9.822719951247237e-05,6.815764864130736e-06,0.0010091341272362977,7.948384613611274e-05,4.209737121963101e-06,0.0,0.00021940748952326738,0.0009947007428181387,0.0,3.077117372482553e-05,7.61761955402847e-06,0.003006353696099068,3.899018429627729e-05,0.0,0.00011526661167279922,0.011318579875251459,0.0,6.394791151934426e-05,9.241375301071381e-05,0.0,0.0003190379347430608,0.0002484747220320602,0.0,0.0,0.0,9.953021338355619e-05,0.00025509002322371654,6.585231640785137e-05,0.0,7.016228536605169e-07,0.0024259111324493555,9.211305750200215e-05,0.001392119973498703,0.001142943628612982,0.0,0.00021118847895181458,0.12147026071302927,0.09769176104329305,0.013101002619057884,0.07014594757674503,0.0002659150615373359,3.1071869233537178e-06,0.006776975143506933,0.0,0.0040216019653458454,0.0,0.0,8.269126489570379e-05,0.0,0.0,0.0,0.0,0.0,0.0007953396205423146,0.002061267712218362,2.8064914146420678e-05,0.0004061394004332021,0.005501124100043402,0.0,0.06747697424142042,0.0020216761369046513,0.0016414967820568979,0.00026330903379516825,0.001427802507199152,0.06386983091891547,0.0,0.0,0.0,0.022161960614902172,0.026590303371698747,0.034109695726214743,1.884358521259674e-05,3.3176737794518726e-05,0.0,0.0012652264688223864,0.0,0.005641949829956691,0.004330115557283999,0.07455254002507802,0.0,0.0,0.0,0.0002712273488579084,0.0,0.0,0.002680900923836835,0.008358833983002687,0.00034890702194175134,2.706259578404851e-06,0.0,0.005648765594820822,0.0,6.845834415001902e-05,0.019112006070040006,9.622256278772803e-06,7.687781839394521e-05,0.0008177915518594501,0.004875376746414458,0.002260729066330423,0.0,0.0,0.0,0.0005004575583324231,0.0,0.0,0.00077749835369209,0.0003910043931613824,0.0003127233290601161,5.983840623361827e-05,0.0,0.0,1.0925270149856622e-05,1.4433384418159205e-05,0.0,0.0,0.0,0.0012787577667144107,0.03234000242561044,0.0001765082636137386,5.111823648098053e-06,0.0036779069988884198,4.330015325447762e-05,3.7286243080244615e-05,0.0003671492161369248,0.0,0.0011056573855327376,0.00024777309917839967,0.0,0.0,0.00010424110968670536,0.0,0.0,0.0,0.00016949203507713343,0.027799199548555715,0.0,0.0,0.001343206837414931,6.2143738467074355e-06,0.0,2.004636724744334e-06,0.015312217158287122,0.11522180804200118,0.0,0.004704782161138715,0.0,0.03355330880326195,0.003389038846852761,0.0,0.008757455995718099,0.00012629211365889305,0.0005978829031549977,0.0003354759558859643,0.00036915385286166914,8.048616449848501e-05,0.00014293059847427102,0.00021018616058944345,0.0009141143464834164,0.0014922515778996823,0.030210075905569587,0.0003795779638303397,3.177349208719769e-05,0.0,0.000697012189193605,0.0,0.0005580908641688226,0.0,0.0,0.0,0.0,2.646120476662521e-05
FDM001W24,0.0,0.0,0.00015860279308295875,0.0,0.0,0.0,0.00033771984704730404,0.003142560232829718,0.0008544546870595434,1.2859685925645301e-05,0.00032343130712992035,3.2761580810572557e-05,0.00018728193391713593,0.00015247913311836574,0.00011839075931546366,0.009422577648518662,0.009194777497835791,0.00024372166659080043,0.005248078650655601,0.0033751572504848427,5.368408568959864e-05,3.051623882355512e-05,2.255548086958422e-05,0.040465961534025825,0.0003899750787451643,2.5821432850700485e-05,0.002332910324511114,0.00019452826487523767,0.0012538193777504169,8.981367948069736e-06,0.0,0.0,0.0,0.0,0.0,0.0,0.0,2.6229676848339917e-05,0.0004572332773562774,0.00032210451413759185,0.00034200640902251806,0.0015625539009653142,0.0,0.000348232129986522,0.004501502439972315,0.14077763541402377,0.011895719786218954,0.030925299309189934,2.480082285660155e-05,2.5311127853651073e-05,0.015448871419674633,0.0,0.01449776496617393,0.0,0.0,7.858696954561009e-06,0.023803891014365912,0.0004504972513952251,0.0,5.4296451686057944e-05,4.531508373798821e-05,3.3067763808802204e-05,0.0030041655176299164,4.2049131756871936e-05,0.00048795363817865126,0.0,0.0,0.16909741946927878,9.950947442463627e-05,0.0007578029206183838,0.0,0.012531049507545479,0.015434889062755478,0.05038853601865351,0.009873891387909166,0.0,0.0,0.03525993201512709,0.04536029676072679,3.470073979936034e-05,8.073025053321773e-05,1.918746788905807e-05,0.0037109379385433586,0.0009312045586157756,0.014214035387814454,0.0033268823977639674,0.03632718388595614,0.004318507068030395,5.888919665950269e-05,0.0,0.0007679069595599623,0.0,0.0,0.0005461284078422859,0.07935201879718667,0.00022841251667931893,0.0007982190763846977,0.0011718643952242807,0.00701628546543184,5.5317061680156777e-05,0.00014186478917973784,0.010199159793028463,0.0,0.0,0.0,0.004060292739523389,8.287353152082528e-05,0.0,0.0024729380157014736,6.103247764711024e-05,9.13445944718456e-05,0.0,0.0,0.0020452003671746523,0.002261569685923605,8.379208051551423e-05,8.746627649427003e-05,8.562917850489202e-05,0.0,0.0,7.246330958101718e-06,0.00028883262832996986,0.0,0.0,0.0,0.0,1.9595711886697602e-05,0.0,0.0,0.004237572695498357,0.00028219866336832744,0.0003493548009800297,0.0,0.00024800822856601657,3.061829982296501e-05,0.0,3.0005933826505704e-05,0.0,0.015391513138006279,0.0005552118367897654,0.0,0.0,0.007948408573042295,0.0003992626296914637,0.0,0.0012682099786672104,2.9699750828276056e-05,0.0,3.980378976985451e-06,0.005498740465206285,0.029736594849062922,0.003033252902461733,2.735234784184874e-05,0.0,0.08942411264594982,0.0009588630894558541,0.0,1.9595711886697602e-05,0.0,0.0,0.0,0.0,0.0,0.0,0.0,0.0,0.0,7.90972745426596e-05,0.0,0.0,0.0,0.0,0.0,0.0,0.0,0.0,0.0,0.0,2.9801811827685837e-05
FDM017W4,0.021213060022414208,1.8217875648714235e-05,0.0001083756579784307,4.523415715050068e-05,2.556713230245691e-05,0.0,0.0005973600020950559,9.66789537266994e-05,0.00010516682760848672,1.4802023964580317e-05,0.0007718789699571707,7.380309850871164e-05,0.0,0.0,0.0,0.024423443052214618,0.0,0.0,0.0,0.003766959833000048,0.00027150845356009904,0.00038712985753517747,0.0,0.07609699818059322,0.0,0.0,0.006666189827572985,0.00011603544660345829,0.038614857650591715,0.0,0.0,0.0,0.0,0.005747532745855141,0.00570395475921817,0.00034665719061104534,0.0,1.5112555935865113e-05,0.009095895481563141,0.003964768698708531,0.02159843019877877,0.010196524298453939,0.0028108318934138357,0.0010258941224682203,0.014136450439459573,0.0,0.005359160760434824,0.028720480960197994,0.00034758878652489997,0.0,0.010020970224020874,3.5193623412288866e-05,0.01099655816714094,0.0,0.0001036141677520622,0.0,0.0,1.2007236223016202e-05,1.8321386305809203e-05,0.0027605257140656814,0.0007216763012661116,0.00028807015869529386,0.00019946503622200187,0.0,0.0,0.0021086155956815777,0.0,0.14257278429486633,0.00027575239050099275,0.0013479157766906635,0.0,0.008936592580293987,0.037396433705926865,0.0,0.007186123858161006,0.0,0.0,0.04998633141773063,0.07049417333335684,0.0002949018620635617,0.0,0.0,0.034556411807212244,0.0,0.006909232850431969,0.0008259115329607437,0.0011506244642676558,0.0,0.0,0.0,0.035078519561599256,0.0002544291951394295,0.00010154395461016286,0.0,0.06774917421785528,0.0,0.0,0.0,4.17147948092718e-05,0.0,0.0006018109603501384,0.06116030685113235,0.0,0.0,0.0001419131108772001,0.0007038724682457774,0.0008009654646008566,0.0,0.0,1.5216066592960185e-05,0.0,0.0,0.0,0.0,0.0,0.0,0.0,0.0,0.0,0.0,0.0,0.0011273345664212881,0.0,0.0,0.0,0.0,0.00012804268282647449,6.096777702893571e-05,0.0,8.001373793440967e-05,0.0,0.020860916766977128,0.00010578789155105653,0.007312924413102341,0.0,3.415851684133919e-05,9.150342087195104e-05,0.0,0.022243508613794503,0.0,0.0,0.0,0.0,0.0,0.0,0.020795394521036015,0.0,0.0,3.053564384301534e-05,0.0,0.0,0.0,0.08531524325884261,0.0,0.0,0.0014051571700641804,0.0,0.0,0.00019004556642635985,3.364096355586435e-05,0.0,0.0,7.970320596312467e-06,6.086426637184074e-05,0.0,2.4739047045697173e-05,4.802894489206481e-05,0.0015636319860765752,0.0,0.0,0.0,7.856458873508014e-05,7.080128945295759e-05,0.0,0.0,0.0,0.0,0.0,0.0
FDM017W24,0.0318285282791456,0.0,0.0,9.970176081366306e-06,0.0,2.6385718518363357e-05,0.0005272108261207334,2.0544605258572996e-05,3.696014769557004e-05,4.531898218802867e-06,0.00015640084297335226,0.0,0.0,0.0,0.0,0.022053828074283657,0.05979487218737809,4.763528572208346e-05,0.0,0.04100028460320815,9.637836878654096e-05,0.0001595228173018609,0.0,0.006401356588483701,3.212612292884699e-05,0.0,0.004285765791097218,0.0004197544839104522,0.02451867716106588,0.0,0.0,0.0,0.0,0.0009353837923609116,0.016157224238525284,0.0019203163385807344,0.0,0.0,0.05652505726808717,0.00195989491635828,0.0892292489919548,0.0035016466903950148,0.0036337767006854346,0.0023289928490674364,0.0,0.0,0.027919312875606245,0.01951163459123386,0.0008164466413296631,0.001026021756736969,0.011261666364875715,0.0007254058415563788,0.022104988169731374,2.1148858354413376e-05,9.768758382752845e-05,0.00017029866417768105,0.0,0.00017493127124579064,7.059690336401798e-05,0.0007124143999958105,0.0008617656235176906,0.0018709690024204366,0.00038339858931072247,0.0,0.0007385987008155606,0.0023890153232542476,0.00024865014893831725,0.054322454024899665,7.452454848698047e-06,0.0002844017904422065,0.0,0.013829037060252293,0.0035084948921478725,0.0,0.015570897317861503,0.0,0.0,0.040684864487179465,0.06696373091642838,0.0014062983717191826,0.00010121239355326403,0.000639803319645658,0.010420445346616698,0.0,0.002157989222944618,0.005103219520919948,0.006621908968465431,0.0,0.052702350766102295,0.0,0.03461836482264064,0.0,9.365922985525924e-06,0.0,0.008436682432972712,0.0,0.0,0.00014773988193297343,0.008411001676399505,0.0,0.002241778985567818,0.00750472274148824,0.0,0.0,0.0,0.0010018516329033536,0.0021155907973864846,0.00021350276053026836,0.0,0.0008757641535713272,4.41104759963479e-05,0.0,0.0,0.001953751676550569,0.0002474416427466365,0.0001589185642060205,0.0,0.0,0.0,0.0,0.0001124917846756168,0.0010339777558322006,0.0,0.0,0.0,0.0,0.0,0.002746128902895914,0.0,2.6687845066283545e-05,0.0001138009997166053,0.00373680185352623,0.00012155558111322355,0.002280249766002989,0.0,0.00019446878801129635,5.9518929940277644e-05,0.0,0.013784926584255945,0.0,0.0,0.0,0.0,0.005509277601324684,0.0,0.00041310769985620794,0.0,0.0,0.00036496886988759085,0.0,0.00033878456906784093,0.0,0.10250831502614302,0.0,0.053293008167286264,0.011646978422323368,0.00012074991031876971,0.0,0.0,0.0001854049915736906,0.0,0.0,2.8601313203111422e-05,0.0002241778985567818,0.0,0.0,0.0,0.0,0.00010161522895049094,1.389782120432879e-05,0.0,0.0,1.8127592875211467e-05,0.0,0.0,0.0,0.0,0.0,0.0
FDM017W16,0.0057891289638973865,1.743110056963635e-05,2.7949868154761733e-05,3.115558779975232e-05,3.4461486183648775e-05,5.8804919737796186e-05,0.0004743463287197018,4.98890119751661e-05,6.511618028887142e-05,2.1338071386968634e-05,0.0003048439024908232,1.2021448668714724e-06,0.0,0.0,0.00010699089315156103,0.01360968239532975,0.0,8.915907762630086e-06,8.815729023724131e-06,0.019131734841303857,5.449723396484008e-05,2.624682959336048e-05,0.0,0.021886349625000932,4.0973104212536016e-05,3.606434600614417e-05,0.0029260206059651636,3.8067920784263296e-05,0.008315636759105599,3.596416726723821e-05,0.0,0.0,0.0,0.012568524761880149,0.0011084777459944035,0.0012466242269457068,0.0,0.0,0.003706513160781467,0.0009621166084528018,0.01466276129870916,0.0030235946976595648,0.000781594520944269,0.0006424462526038961,0.025715882277158913,0.0,0.0018988879959623967,0.009461481174711923,0.00031115516304189945,0.00019264371491615345,0.0049462250547426725,2.3742361120711578e-05,0.01332377227449215,2.223968003712224e-05,7.523423291837298e-05,0.00012492288741572716,0.0,0.00010408570972328832,6.080849451591531e-05,0.00022570269875511894,0.00021247910521953275,0.0003399064611079088,0.0006704962994975637,0.0,1.9935569042285248e-05,0.001555775815209497,9.837552160564883e-05,0.12250146711763131,3.2958805100059535e-05,0.0005088078149033508,0.0,0.012684531741533146,0.014192923013240228,0.0,0.008392574030585362,0.0,0.0,0.013855821556821685,0.03893055990498248,6.24113543384106e-05,3.005362167178681e-05,0.0,0.02753572924812451,3.806792078426329e-06,0.013407722057695342,0.0010013866741039365,0.0011267102764752875,0.0,0.12030224326242886,0.0,0.01747537957223278,0.0005200278336608177,1.462609588026948e-05,0.0019697143643689075,0.10013726490804896,3.927006565113476e-05,1.8032173003072085e-06,4.958847575844823e-05,0.004108931154966693,0.0006663889712024186,0.00036865775917391817,0.05273859620334602,0.0,0.0,0.00014656149501941367,0.006529950738106932,0.0012220804359137577,0.0008051365245871685,0.0,5.139169305875544e-05,0.00015227168313705318,0.0,4.6783471069081464e-05,0.003961968944991655,0.00032998876595621916,0.0010627962410532875,0.0,0.0,0.0,0.0,9.04614012320783e-05,0.0005690152369858302,0.0,0.0,0.0,0.0,1.7631458047448262e-05,0.0006114910222819556,0.0,0.0007001492062137257,0.0003909976179499464,0.005848835492285337,0.00016499438297810958,0.0016180869908090018,0.0,2.0135926520097162e-05,0.0,0.0,0.010722631318799003,0.0,0.0,0.0,0.022903965254807535,0.002542836929649882,0.0,0.01592441233649077,0.0,0.0,0.00029322316877773333,5.81036685654544e-05,0.1123187992015354,0.0,0.0001605865184662475,0.0,0.07027538534252806,0.0017081476770854562,0.0,0.0,0.0005390617940529494,0.0009096229492660807,2.7348795721325995e-05,8.945961384301873e-05,0.0001476634611473792,0.0006249149732953537,0.0,0.00019795318807816912,0.0006381385668309399,0.00422073062758573,0.00015086918079236977,9.81751641278369e-06,0.006841406437365549,0.0005062031676917958,0.0,0.0,0.0,0.0,0.0,0.0,0.0
FDM001W16,0.0,0.0,9.514633721974009e-05,0.0,0.0,0.0,0.0001236492270334112,0.00035690129295465003,0.0002920008280192023,2.6657378962427075e-06,0.0002569361218455471,0.0,4.8188338893618355e-05,0.00019019014605885546,0.0009038902035875307,0.007224252227198389,0.0015090127060346278,0.00020259608011444655,0.0060857770887415,0.003718294251736092,8.930221952413104e-05,6.151702837483194e-05,8.919969114350632e-06,0.023791300610443756,0.00013687538813400107,0.00023130402668936813,0.0030566786115647747,0.0005892306034502654,0.0013766485666481143,3.998606844364077e-06,0.0,0.0,0.0,0.0,2.460681134993278e-06,0.00033711331549407807,0.0,5.126419031235995e-07,0.000511001449033604,0.00013687538813400107,0.0005720058355053124,0.0007512254448373228,4.7060526706746435e-05,0.0002388911268555974,0.04312538492998907,0.12514327059587463,0.036505845091715276,0.10304707170230036,6.13119716135825e-05,0.0,0.07368458394547059,0.0,0.008840304562605225,0.0,0.0,0.0,0.0027584235523274644,8.212523288040065e-05,0.0,2.2863828879312542e-05,1.4661558429334948e-05,5.792853505296675e-05,0.00036243782550838486,0.0,0.0008905615141063171,0.0,0.0,0.0950519085811847,0.00022217900081376702,0.0010904918563245211,0.0,0.0020190913996425987,0.007989831645323173,0.0009951404623435313,0.0047880753751744195,0.0,0.0,0.02324892547693899,0.055645638129976735,0.0,4.367709014613068e-05,5.3827399827977955e-05,0.034890612983353435,0.0,0.004596347303406194,0.0021646817001297115,0.03354902912287898,0.0016813629138647819,3.773044406989693e-05,0.0,0.0013702918070493816,0.0,0.0,0.00028892497660046074,0.05212184021628564,0.00013585010432775387,0.0002018783814500735,0.00010621940232720983,0.006143705623794466,0.0,0.00017429824706202387,0.012180474146597349,0.0,0.0,2.36840559243103e-05,0.007861568641161639,2.8913003336171016e-05,0.0,0.0035303597300509804,0.0,0.0,0.0,0.0,0.00745145511866277,0.0006287040299907815,0.0018563788595911683,0.00040355170613889653,0.00012682760683277854,0.0,0.0,9.740196159348393e-06,6.397770950982523e-05,0.0,0.0,0.0,0.0,2.1428431550566463e-05,0.0,0.0,0.00044558834219503274,4.48049023330026e-05,0.000839707437316456,0.0,0.00037617662851209733,0.0,0.0,6.254231218107915e-06,0.0,0.005976994476898672,0.0004932640391855275,0.0,0.0,0.014125334998667662,0.0004196486618969786,0.0,0.00168023510167791,0.0,1.0252838062471992e-05,0.0,0.0004247750809282146,0.09024199466093723,0.00030081826875292823,0.00029538426457981806,0.0,0.05926488996602935,0.0006677673430088007,3.588493321865197e-06,9.740196159348393e-06,0.0,0.0,5.290464440235537e-05,8.017719364853098e-05,0.0,3.875572787614413e-05,0.0003388562979646993,0.0,0.002881252552315879,0.010437594204357635,0.0,0.0,0.0,0.0001411815801202383,0.0,0.0,0.0,0.0,0.0,0.0,4.22416928173846e-05
FDM013W4,0.0009967202289572657,0.0,0.000182815263342126,0.0,0.0,5.512990940250288e-05,0.0003865207881029454,2.659686941599482e-05,4.687570854926308e-05,0.0,0.0003136596324231125,0.00024242893617107912,0.0,0.0008341838047484077,6.16517471137047e-05,0.019538508649332514,0.00023315569817546506,2.1705491132593555e-05,0.00022887574217748887,0.015335795666748366,0.00012707393165419794,0.0,0.0,0.011638423203068021,0.0006999766130975828,2.659686941599482e-05,0.00017517248477431137,6.470885854083056e-05,0.0022135524806675927,0.007786157093746835,0.0,0.0,0.001826012655422272,0.0005814625934393372,0.0012975399933864496,0.0,0.0,0.0,0.0013790629647764724,0.00014388804450339015,0.006720651857679238,0.0033419323084197448,0.00028543230357931714,0.003596080171728131,0.0,0.0,0.0,0.0,0.0001512251119284922,0.0002728981467281012,0.01583532767394073,0.0,0.009370352235283453,0.00015672791249731873,0.000254351670736871,9.42609356697138e-05,0.0,9.100001681411289e-05,0.00014643563735932836,8.427437167443591e-05,1.3247482850878696e-05,0.00011433596737450691,0.0014309319553233743,0.0013509375396469144,0.0,0.005965341527750667,0.0,0.04986495210270674,0.000195349420193342,0.0005974614765746292,0.0003161053215648132,0.0028456612200829816,0.014727736203893034,0.0,0.009935917849301736,0.0,0.0,0.013504280210757268,0.021384290625316767,0.0,0.0,0.0,0.0013943485219121015,0.013816513191181054,0.009396541489842498,0.0033355123744227807,0.0020506084416017844,0.0,0.030811810844287572,0.0,0.0,0.002769233434404835,4.249384883704936e-05,0.0005189956166117322,0.09944732520583281,0.00024324416588498038,0.009928682685590872,2.578163970209469e-05,0.00018760473791128984,0.00019738749447809257,0.0003670571786835774,0.015055254741452452,0.0,7.84658599628968e-06,0.0004272822737979567,0.00489280493540069,1.6406497992242077e-05,0.0,0.016511764529049445,0.0001060817665212671,0.00012075590137147119,0.00021073688104320882,0.00011392835251755678,0.17041154324513405,0.00463101429352448,0.05626460726053776,0.002666820201596119,6.59317031116809e-05,0.0,2.4558795131244353e-05,0.0,0.00014134045164745194,0.0,0.0,0.0,0.045640533628989996,0.00011912544194367074,0.0005878825274363015,0.00017792388505872463,0.01222426765621957,0.0014242063101836974,0.003954271727273053,0.001005280140953218,0.0054199528491514146,0.0004980034514788015,0.00018780854533976388,0.0,0.0,0.02244368163853021,0.016563327808453533,0.0,0.0,0.09430862660797697,0.005504431028254326,7.48992299645834e-05,0.0038262806621907177,4.483763426451251e-06,0.0,0.0,0.04096427408634405,0.0,0.000672054995396499,0.0,0.0033750510155469418,0.040593752181376404,0.002243308365224951,0.0,0.004206483420010936,0.00023957563217242935,0.00020574359904556992,0.00020207506533301888,0.0002053359841886198,0.0001405252219335517,9.701233595412707e-05,0.0011413215994603185,0.0003002083421437588,0.003007382414577929,0.010410992965077092,0.0004698780263492436,0.0005784054820122114,0.0015429241372704181,0.00010526653680736687,0.0,0.0,5.197089426113951e-06,0.0,0.0,0.0,1.4674134850204093e-05
FDM013W24,0.0006767597312720782,0.0,0.0,0.0,3.600112217134223e-05,0.0004379454691411565,0.0007966271039562064,0.00013909524475291316,0.00022132508062154714,0.00019657430912874935,0.00013878841700713467,0.0003747389535107896,5.072885396870951e-05,0.0005400168325701335,0.00022510928948614743,0.011749457145010783,0.0,0.0,4.254678074794981e-05,0.0249254587560609,0.0003183849242028078,0.0,0.0,0.014866111110713372,0.004939313051542051,6.0956445494659e-05,0.0012152424251133192,4.541050637521577e-05,0.0006564068241354387,0.0013046315750501179,0.0,0.0,0.035198256236555196,0.00018501713070442539,0.0025645685751318264,0.0,0.0,0.00010646922778513426,0.0033695823041393217,0.0002765540748616744,0.001287142393540734,0.011141324552877824,0.0001502433195161981,0.002021483465103918,0.0,0.0,0.0,0.0,0.0009031986076565991,0.0003591930143913453,0.045472383303947664,0.0,0.014779176582742802,0.0005152660610773357,0.00040214889880033425,0.0,0.0,3.436470752719031e-05,0.0,0.0003993874490883279,3.1807809645702935e-05,0.0009294835178782903,0.0004932767392965443,0.0003109187823888647,0.00020475638234950894,0.015034048163569465,0.0001072874351072092,0.04313834464181083,0.00045707106529468305,0.002647923446068325,0.0,0.009473511202741241,0.0032197480882841514,0.0034910860914675913,0.004653963247968059,0.0,0.0,0.01981278802815411,0.0181657366888152,0.0006897487725100341,0.018349321956705994,0.012631382362293407,0.006032438033835533,0.0,0.010904044429475797,0.010451575780367792,0.0012994155033718836,0.0007779106114637188,0.03773510803865171,0.0,0.0,0.0,0.0,0.0,0.028930174493961788,0.0,0.00035101094117058674,0.00013551558771883083,0.011279090210732366,8.243438769915295e-05,0.0013545422216967515,0.022330309682266576,2.9250911764215563e-05,3.416015569667132e-05,0.001019690875137165,0.004166107132180268,0.00010421915764942537,0.0,0.02445642140868096,0.00017253946904276804,0.0014985467103821204,0.0038671546318767643,0.0,0.01138157067782238,0.0029157840681329423,0.010183510606472655,0.0,0.0,0.0,0.0,0.0003222714089826687,2.4955323323316773e-05,0.0,0.0,0.0,0.0,0.00019964258658653419,0.00033423769106802955,0.0,0.0028175991894838267,0.0021933070027398698,0.002035188437748691,1.6773250102557174e-05,0.0016611654156447172,0.0,0.0,0.0,0.0,0.013465749278980367,0.0026091608741849767,0.0,0.0,0.013642584336464035,0.0018166248068391497,0.002890317365233328,0.03438096939771657,3.1705533730443442e-06,0.0,0.0009043236427244546,0.009174660978352997,0.0,0.0,0.0010113042500858862,0.0,0.07314926873231971,0.002270423042845529,0.0,0.018209919884207303,0.010031017216820749,0.002102588265904698,0.00021866590682480025,0.01099087668153111,0.00011373081776855739,5.3899407341753854e-05,0.0007057038152905153,0.0010460780612741145,0.056393405535356635,0.20465216319185953,0.002062087003461938,1.42163522210697e-05,0.0,2.0046079390861013e-05,0.0,0.0,0.0,0.0,0.0,0.0,3.7842088646013143e-06
FDM013W16,0.014244740959675067,0.0,0.00024341899009906265,0.0,0.0,0.0001313221547086878,0.000293262410553948,9.531282646168897e-05,7.00859524355429e-05,1.2003109415666274e-05,0.0,0.0001409856750009615,0.0,0.0002397570245146221,4.7707273863961615e-05,4.933481412371307e-05,0.0,8.147873425380241e-05,0.0008584257657526075,0.005725991797603984,0.00022948317662494164,1.0579011688383734e-05,0.0015427047237118194,0.0027283678029406846,0.007165347714821593,3.255080519502718e-06,0.0009684881758182932,0.0,0.0006585434776018937,0.0030314971763193755,0.0,0.0,0.021019275569623866,0.0,0.0009072519735451483,0.0,0.0,6.408439772770976e-06,0.004427112949056166,0.0,0.0012038711858848232,0.011937499198945047,0.000261627096755031,0.0006998423116930844,8.056324285769228e-05,0.0,0.0,0.0,0.00031177568100861975,0.0012643953392943372,0.006064520171632268,0.0020315771292346344,0.007386388026349075,0.0001571593563322406,0.00010355224902668022,6.398267646147531e-05,0.0,0.00015949894545563319,0.00014210460892954055,0.0005782853985429048,8.239422564991257e-06,0.00032571149448274074,0.0003789117167233633,0.0060124388833202235,0.0,0.009835124068411229,0.0019512173289094107,0.08976850884557973,0.0003215409225671279,0.0012579868995215662,0.0,0.001735873408291059,0.0005920177694845569,0.004174844208794705,0.009087472761587948,0.0,0.0,0.006887140051670345,0.018107606044928684,5.0860633117229976e-06,0.0017534711873496206,0.0,0.383506974925504,0.00011982765162419382,0.00837043955590124,0.0006542711844200464,0.0,0.0,0.09632332552046209,0.0,0.0,1.830982792220279e-06,0.0,8.310627451355378e-05,0.003804985684766209,0.0,5.940521948092451e-05,5.808284301987663e-05,0.020678000721407255,0.0,0.0009080657436750239,0.0031376941782681514,0.0,1.861499172090617e-05,0.0001455631319815122,0.0017166480889727461,5.360710730556039e-05,0.0,0.022635626490089433,0.00011830183263067691,0.0026255276027776454,0.0,0.0,0.0028518574201493187,0.00027363020617069723,0.0016012961730628684,0.0,0.0,0.0,0.0,1.1901388149431814e-05,0.00012959289318270197,0.0,0.0,0.0,0.08186008728091541,6.164308733808274e-05,8.473381477330514e-05,1.2715158279307493e-05,0.003916675635091646,0.0019816319875135143,0.0022985954531000914,0.0011052015576374073,0.0026359031719335605,0.0,0.0,6.184652987055164e-05,0.0003011966693202359,0.005310358703769982,0.00023507784626783593,0.0,2.3395891233925786e-05,0.0035961519251868626,0.0012335737956252956,1.3528928409183172e-05,0.05299494872536141,0.0,0.0,0.0,0.00012633781266319926,0.00024168972857307682,0.0,0.000976422434584581,0.0,0.0009347167154284524,0.025252609506503387,8.575102743564974e-05,0.004311150705548881,0.0007951551381547734,0.0,0.0001455631319815122,0.00011362265438389075,0.0,0.0,7.425652435115576e-05,3.112670746774474e-05,0.0009123380368568712,0.007531239109466945,0.0008954523066619509,0.0002021201560078709,4.150227662365966e-05,0.00012654125519566815,0.0,0.0,0.0,0.0,0.0,0.0,4.984342045488537e-06
FDM012W24,0.0,4.616995159180947e-06,0.0001336921206962831,1.5055418997329177e-05,4.616995159180947e-06,5.4199508390385034e-05,0.00021268288570227016,3.6634852893501e-05,0.00027109791141190735,0.0,0.0002063596097233909,5.690948380990419e-05,5.319581379056309e-05,8.511330206490095e-05,3.11145325944803e-05,0.008026646084236077,0.0,0.0,0.0,0.0006311231643680391,0.0,0.00010107204620206986,0.0,0.012065412784459502,0.0,2.3084975795904736e-05,0.00014533497805421764,0.0,3.4426724773892715e-05,0.0,0.0,0.0,0.0,0.0,0.0015041367272931568,6.975677468762518e-05,0.0052037550222368565,0.0,0.0006042241490928109,1.224507411782773e-05,0.00034486946449882036,0.008893436740642307,8.160037096552413e-05,8.58158882847763e-05,0.0669905923705159,0.04201586038206641,0.036806685408990514,0.04360751927846395,0.0003194759911233251,4.9783252151168476e-05,0.010675195394246226,0.0,0.0069540980348663465,0.0,0.0,0.0,0.0,0.0,0.0,0.0,0.0,0.0,4.5467365371934114e-05,0.0,0.0,0.0005006428663911862,0.0,0.09578127085802846,0.008023936108816559,0.0017907919050023143,0.0,0.00436607150922546,0.04576596451538114,4.847844917139995e-05,0.0027459076861928774,0.0,0.0004292801803438459,0.032664538164985324,0.09139251585084701,0.0,0.0,0.0,0.01461610187098701,0.0,0.006808060470592253,0.011862967583675514,0.12142707305591889,0.0,0.0,0.002657381822488582,0.02142315864697954,0.0,2.117795605624294e-05,0.004684844914128911,0.011005009439747616,0.0005224230392073224,0.0,0.0,0.00021298399408221574,0.0,0.00036273522837565095,0.009338776034583307,8.531404098486534e-06,0.0,6.604310466828399e-05,0.0045091983591600705,1.806650279679501e-06,0.0,0.0,0.0,0.0,0.0,0.0,0.0005568497639812152,3.743780857335855e-05,0.00026758498031253055,0.0,0.0,0.0,0.0,0.0,1.736391657691965e-05,0.10570911525324725,0.03515600927012334,0.00016641256465047848,0.0,2.2382389576029375e-05,4.1251848052681846e-05,0.0,8.983066668406407e-05,0.0,0.00193512318845671,0.0,0.0021659729464157474,0.00018327463392748717,0.0,0.0,0.006357301225812218,0.0,0.0009726804366874469,0.0,0.0,0.0010287869648174836,0.0,0.0,0.0037944674346268633,2.027463091640329e-05,6.524014898842643e-06,0.00022191687602063207,0.0,0.04232238871285203,0.0,0.0018238134573364565,0.0,0.038312729156023344,5.871613408958379e-05,0.0,0.0,0.00013569950989592697,4.345997617229012e-05,3.783928641328733e-05,1.5858374677186734e-05,0.00013027955905688847,0.0001329895344764077,9.474877022319162e-05,0.00012335406631811707,0.0030665881108359887,0.014387761349527618,6.142610950910303e-05,1.6059113597151122e-05,0.0,0.0008005468128179833,3.081342421453372e-05,1.9973522536456707e-05,0.0,5.831465624965501e-05,3.522968045375027e-05,0.0,4.627032105179167e-05
FDM012W16,0.0,1.3912088778791622e-05,0.00020470644917364817,9.309593242950785e-06,2.4581510248240833e-05,7.58365741701047e-05,0.00023117079850473298,3.326349046357696e-05,0.0004983247439260398,0.0,0.0001349368009371518,2.3953897220626177e-05,0.0001240581751251644,0.00010010427790453821,0.0008093069991091036,0.008787419203975388,0.0,0.0,0.0,0.0009268798396155822,0.0,1.3493680093715078e-05,0.0,0.0029598230382307344,0.0,0.0008385956070644544,0.0009541810063168208,0.0,6.63177765846157e-05,0.0,0.0,0.0,0.0,0.0,0.00021223780550502406,0.00010899546246241256,0.004419755542633703,0.0,0.0006877592760943978,7.217549817568586e-06,0.00021056417076471828,0.002693087501494504,2.4581510248240833e-05,0.0001506271266275183,0.11893517918508846,0.09395325182522947,0.0184206515648328,0.043234064826777246,8.776122169478313e-05,5.805420505435602e-05,0.00858867507856408,0.0,0.004712014009159585,0.0,0.0,0.0,0.0,0.0,0.0,3.556473823149738e-06,0.0,0.0,6.087846367862198e-05,0.0,0.0,0.0005628642835990806,0.0,0.05534228916203307,0.0005185129629809779,0.0005707094464442627,0.0,0.0031569981310730073,0.03001737128258267,0.0039935016947120795,0.0013562717526752793,0.0,0.015377251391758046,0.013059267276434567,0.03937508152431725,0.0,0.0,0.0,0.00873658254873859,0.0026465395352797505,0.003413901063709941,0.003284403575678773,0.11037443288625323,0.0,0.0,0.01902828557773506,0.0026439244809980124,0.0,3.002082315423455e-05,0.0015260410766450448,0.09864057972196956,0.0010461263148623685,0.0,0.0,0.0018823160719876229,0.0,4.152706199383654e-05,0.026020103909704904,0.0,7.008345475030366e-06,3.085764052438743e-05,0.004288061409005893,1.4225895292598951e-05,8.828423255112867e-05,0.0,5.930943110958523e-05,0.0,0.0,0.0,0.0051534351719152395,0.0007889095757116272,0.0015882793685501654,0.0,0.0,0.0,8.891184557874344e-06,0.0,1.673634740305759e-05,0.09734330359389005,0.008489512220200963,0.001924889155694161,0.0,2.7510371043775914e-05,6.851442218126701e-05,2.6568951502353925e-05,0.0001253134011803937,0.00021610808584198113,0.0009380722719413779,0.0,0.0010422560345254113,9.100388900412564e-06,0.0,0.0,9.006246946270355e-05,0.0,0.004648834297713053,0.0,0.0,0.0005651655313670009,3.169445789454031e-05,0.0,0.004550822063233897,1.2029249695947642e-05,0.0,0.0001778236911574869,0.0,0.08206092637147298,0.0,6.21336897338513e-05,0.0,0.008736164140053524,7.008345475030366e-05,0.0,1.589953003290471e-05,9.769842796534868e-05,2.2489466822858636e-05,1.087862581198733e-05,2.0502025568745547e-05,3.0648436181849105e-05,0.00013681964001999582,0.00010020888007580731,4.330529890541151e-05,0.0049348166339628,0.01498530705601269,0.0,6.799141132492145e-06,0.0,0.0002537648674988607,0.0,0.0,0.0,0.0,9.309593242950785e-06,0.0,2.060662774001466e-05
FDM010W4,0.08123592758913296,0.00017110952932570153,0.00025880061986003846,5.534101305183213e-05,0.0,0.00019644025037332324,0.0001474064851325455,0.00011902386998280071,1.2309306211896483e-05,6.022404361522908e-05,0.0005050884739013722,3.0925860234847364e-05,5.564620246204444e-05,4.354035585695615e-05,0.005951905607763854,0.009264024546994655,0.010350397117546971,0.014021520532990944,0.006259943452471478,0.024802031259330566,0.00016154692780571484,0.0001665316881725169,4.333689625014795e-05,0.0006106840098348313,5.208565934290082e-05,0.0016795590542017433,0.00852485579546044,0.00018402921435802162,0.0016959375525498039,0.009429437207329729,0.0,0.0,0.0013392728618150183,0.002158299509021453,0.020872310683633467,0.00040335867049726907,0.0,6.866761729776965e-05,0.02646795851987606,0.005206124419008384,0.006902977539788825,0.021215241850908596,0.0014779305838548108,0.00544356178015356,0.01374593449556923,0.0002834192322838314,0.008515598383350668,3.713137824249766e-05,0.0033739706597004857,0.00273144522140017,0.00510439461560428,0.005358210475097518,0.006524746130732369,0.0,0.0015180121263960275,0.0,0.0,2.339785478294373e-06,2.7772236329320166e-05,0.001249547175212589,0.00015239124549934656,0.00020661323071373354,0.0066415319450402795,0.00045788584512186837,0.00038769228077303717,0.0001032557504551637,0.0,0.0533124190421509,0.006322507281565012,0.0017675553341462925,0.0,0.0007703998011792734,0.015444008373990518,0.0,0.013999038246438639,0.0,0.09165763729886632,0.004371431382077717,0.027123403643208796,0.00027172030489235955,0.0,0.0,0.0032198500075432696,0.0,0.017215429440666168,0.0021772212524546163,0.12220058655369963,0.0,0.0,0.0,0.0011323544416910723,0.0,0.00011230970295812991,0.0,0.0007100740277606402,0.0009356090019075369,0.0,2.6449748885066723e-06,0.004017716855641651,0.0,0.006365437258601544,0.021438233579970493,6.876934710117375e-05,4.5066302908017705e-05,0.00011403910961599965,0.00041465067867512453,4.303170683993564e-05,0.0,0.0,8.34184387913646e-05,0.0,0.0005886086424961409,2.8687804559957097e-05,0.0004280790127244661,2.797569593612827e-05,9.450698736241185e-05,0.001352904655471168,2.950164298718992e-06,0.0,0.0,1.9735581860396016e-05,0.0004582927643354848,0.02108167061903911,0.0019341887521222036,0.0011759965273514326,0.0,0.00021780350908818388,0.0007752828317426704,0.010110009592103177,0.0002883022628472284,0.00016724379679634461,0.03245241766472934,0.00012777263307555358,0.0059676737272915,0.0025609460708948934,0.00041159878457300145,4.903376524077773e-05,0.0017265582233744392,0.0,0.0014341867683910464,9.460871716581596e-06,0.0,0.015973206811298664,0.00012767090327214946,0.00011973597860662842,0.0005221790808732615,0.0,1.8413094416142674e-05,0.0,0.0,0.07702624659446779,0.0,0.0032269710937815467,0.0,0.0330169163438187,0.008762598346015832,0.0,0.0,0.00033642045985736923,0.0,0.0,9.003087601263131e-05,8.036654468924151e-06,0.00042472192921213077,0.00040976764811172754,0.0001673455265997497,0.004162274906278881,0.048328167324366865,0.0004507647588835811,9.542255559304867e-05,0.0007157708967512699,0.0027397870652793067,3.468986296079908e-05,0.0,0.0002762981460455442,0.0,0.0,0.0,4.038673195142886e-05
FDM010W24,0.01842282999903054,0.00020316407897842336,0.00022523398636744752,7.497721962298958e-05,8.263618291781108e-06,0.00025909466619718577,0.0001543885758903495,0.00010339600448009046,0.0,0.0,0.0006588723950203035,4.172119479021194e-05,4.061266062911935e-05,3.406223149539042e-05,0.0018914616063224344,0.004119716045951362,0.010537524183680485,0.0030670116962447105,0.0005914533628593089,0.018269046078137154,1.7736546577481406e-05,0.00039473893718178785,0.0003037383601393691,0.001732538117954888,1.8542753240094196e-05,0.0005232281240357015,0.0006377094701267177,3.728705814584159e-06,0.00023007122634312525,5.945774136769334e-05,0.0,0.0,1.0279134948313088e-05,0.0004940031325159878,0.00023914105129751916,8.99928187141528e-05,0.0,0.0,0.004093010450252314,0.000144210216774863,0.0030179338656581567,0.0006683453233060038,0.00020659045729452772,0.001656653915836459,0.08155526133491299,0.02119305686760092,0.003578348272006873,0.0002743118169540022,0.0008766489697585837,0.002313208466701751,0.019823614075320267,0.0,0.006233489139489274,0.00010138048782355748,0.00027350561029138937,8.938816371719311e-05,0.0,9.351997286308378e-05,0.0,0.0003175446492366131,0.0,7.548109878712257e-05,0.00951868051380357,0.0016013279836146564,7.417101296037678e-05,0.0,0.0,0.07318109195452109,0.0007130897930810137,0.0011138752802323975,6.046549969595923e-06,0.0010366809922872228,0.01511204156317829,0.0022022542747596654,0.004422748975260945,0.0,0.15547090833490718,0.009022460312965398,0.051037315880034045,0.0,2.1969131556198558e-05,0.0,0.00035845963736421126,0.0,0.019742187202396375,0.0016900107165020533,0.06469606915801995,0.0,0.0,0.0,0.0020446408722188548,0.0,4.444214227653011e-05,0.0006231977501996874,0.028501824143350004,0.0030957328086002912,0.0007227642730323672,2.2573786553158148e-05,0.004142390608337347,0.0,0.0006612910150081419,0.0878596966607122,8.354316541325048e-05,1.4108616595723845e-05,0.00038274661307542257,0.0009287500753299353,8.233385541933129e-05,0.0,0.0,4.817084809111427e-05,0.0,0.0,0.0,0.00025496285705129415,0.00012939616934935297,0.0002357146729814148,0.0005835928478988342,4.192274645586504e-05,0.0,0.0,0.0036427440291830703,0.0003088779276135256,0.004913325729460828,0.0020844473261853614,0.0016482895217118515,0.0,0.00013121013434023174,0.0002929553460269219,0.018525520572680847,0.001705933298088666,0.00023017200217595186,0.003996164874905952,7.628730544973535e-05,0.002611504931868473,0.00016587702083258176,1.3907064930070646e-05,5.945774136769335e-06,0.0006817485090719415,0.0,0.0020883775836656087,0.0,0.00015146607673837813,0.06255397805545777,0.0018342209332769263,0.0002900328468749516,0.005964619217507908,1.0984565778099279e-05,4.232584978717153e-06,6.5504291337289274e-06,0.0,0.07775601243735021,0.0,6.0566275528785926e-05,0.0,0.02695612441945553,0.0038406677648545103,0.0,0.0,0.0001821019299176642,0.0,1.7736546577481406e-05,4.323283228261092e-05,0.0,6.923299715187343e-05,0.0011266738110013756,5.4822053057669794e-05,0.0014346447561194616,0.018846088496902256,0.00026060630368958474,9.03959220454592e-05,0.0020459509580456102,0.0016476848667148919,0.0,0.0,0.0,0.0,0.0,0.0,4.434136644370351e-05
FDM010W16,0.0024216528128839622,0.0005801103033509981,0.0004261059198206795,0.0002677275676696177,1.851307648779271e-05,0.0006817287836328933,0.0010345961591062618,0.0004661836788107363,0.00011250254173350956,0.00022113971584868878,0.001305070172188904,0.00012562444759573626,0.00011168878012965054,0.00021991907344290023,0.0010851510987460035,0.0026868373755415203,0.016905693879770183,0.00021585026542360414,0.00015247858052308395,0.0016506136932275403,0.0,2.7566174330724315e-05,0.0006321910459979764,0.0008866949876048851,0.0,0.0003364904231957039,0.001184124853815357,1.9733718893581243e-05,0.000174857024629207,0.00015247858052308395,0.0,0.0,0.0004898844855231303,1.4240828067532856e-06,0.00012887949401117234,2.7871334932171446e-05,0.0,0.0,0.0005179592608562665,5.808223447543758e-05,0.0008492619538273701,0.00043505729746312876,6.906801612753435e-05,0.00017170369841425229,0.08148561132162108,0.05311564396668501,0.007819842132283256,0.0004501118871345196,0.00013152421922371416,0.0011213634901177298,0.02541448692992058,0.0,0.0069425054031227494,0.0,6.306652429907407e-06,1.0172020048237754e-06,0.0,6.754221312029868e-05,0.0,7.425574635213551e-06,0.0,4.760505382575269e-05,0.0028178529937628225,0.0005434910311773433,6.103212028942642e-06,0.0,0.0,0.12740872163239766,0.0012659078950031885,0.0011217703709196594,0.0,0.0010575849244152792,0.015856653452195422,0.0,0.0019155948154841237,0.0,0.0547400138481881,0.013994461741964538,0.0439228842884911,0.0,0.0,0.0,0.0009406066938605451,0.0,0.01509375194857759,0.0014594814365211529,0.12265401430124988,4.0993240794398146e-05,0.0,0.0,0.0008192544946850687,0.0,0.00011809715276004033,0.0005761432155321864,0.05807714846541346,0.0050157213655855435,2.5938651123006272e-05,6.265964349714446e-05,0.0020941137673307067,0.0,0.00015868351275250898,0.03348873128361026,3.214358335243131e-05,3.224530355291368e-05,0.0003126878962828286,0.002350753833147745,0.00033516806058943397,0.0,0.0,5.187730224601255e-06,7.83245543714306e-06,3.102466114712515e-05,0.0,0.001684995120990584,0.0001344741050377031,0.0007245529880359752,0.00029407309959455347,1.81061956858632e-05,0.0,0.0005020909095810155,0.00012308144258367683,2.9804018741336517e-05,0.0046015167092213136,0.0005628178692689949,0.0002224620784549597,0.0,0.00046903184442424284,0.0,0.011055256549026237,0.0001553267461365905,0.0001540043835303196,0.0011161757598931188,9.358258444378734e-06,0.0010387666873260396,2.4412848115770507e-05,0.0,8.82931340187037e-05,5.9099436480261356e-05,0.0,0.0013464702937852314,0.0,7.191618174104093e-05,0.02023102895373959,0.00030088835302687273,0.0,0.0004171545421782303,7.222134234248805e-06,0.00019540450512664726,8.188476138831393e-05,0.0,0.13930622144141797,0.0,6.560952931113351e-05,0.0,0.03423708679855912,0.0008894414330179092,0.0,0.0,0.0005591559420516293,0.0,0.00017038133580798238,0.00030536404184809733,1.0985781652096775e-05,0.0001853342052788919,0.000976412204430342,0.00015196997952067205,0.006593503395267712,0.04331398716840349,0.0005213160274721839,0.00013376206363432646,0.0031976762223640204,0.0017009651924663172,0.0,2.89902571374776e-05,0.0,0.0,0.0,0.0,7.323854434731183e-05
FDM009W4,0.0030562422006228077,2.7089009065989037e-06,2.7690987045233237e-05,5.006450194047593e-05,1.9865273315058625e-05,0.0,0.0002819263536127007,8.056471955551554e-05,1.033395531035878e-05,0.0,0.00013564570465635992,4.86598866555729e-05,0.0,0.0,0.0005024509533424929,0.0013381970478598584,0.00010414219040924674,0.0005642540258782309,0.0,0.005564784769796589,2.608571243391527e-06,7.855812629136821e-05,0.0,0.010582672545449742,4.464670012727822e-05,0.0001671492189034731,0.0,3.070087694145424e-05,0.0,1.003296632073668e-06,0.0,0.0002090870181241524,0.0,0.0,0.00013654867162522623,5.9395160618761147e-05,0.0,0.0,0.0009165114733992957,3.942955764049515e-05,0.0004635230440180336,0.013515308601001173,0.00031232624156453284,0.0002302565770609068,0.29817093004193185,0.0,0.007980121081850748,0.0014730401152105593,0.001260441558874149,0.00379797940071487,0.022589123341475427,5.0666479919720235e-05,0.044304575975741105,1.4648130828275452e-05,1.003296632073668e-06,2.066791062071756e-05,0.0,0.0,0.0,2.7991976034855338e-05,0.0,6.0699446240456915e-05,0.0024044003787645454,0.0037430990749404403,0.0,0.00670362677686341,0.0,0.1461078812762977,0.0001867135032289096,0.0013629784746720778,0.0,0.004590583740053068,0.008625943123916568,0.0,0.0,0.0,0.0017644977868279598,0.016223908518610455,0.04561267412463875,4.434571113765612e-05,0.0,6.862548963383889e-05,1.4347141838653453e-05,0.0,0.03190884608647094,0.002156786769968764,0.002276881376827982,4.9362194298024365e-05,0.026463152626901482,0.0,0.004990196788608009,0.0,1.7357031734874457e-05,0.0007866848892089621,0.06251571413349988,0.0,0.00020256559001567356,1.3042856216957584e-06,0.010074904119957359,0.0,0.00011899098056393702,0.018206021344935094,6.651856670648419e-05,0.0,6.421098445271475e-05,0.0030505234098199873,1.8661317356570225e-05,0.0,0.0,6.651856670648419e-05,0.0,0.0,0.0,0.0,0.0,0.0,0.007218418278780419,0.001770015918304355,0.0,0.0,0.0002111939410515071,1.4046152849031351e-06,0.0,0.0,0.008911882664057562,0.0,8.186900517721132e-05,1.7457361398081822e-05,2.5082415801841704e-06,0.00203729414108879,0.0,0.0030184179175936302,2.1771536915998595e-05,0.0020322776579284217,0.0,0.0,0.0,0.005965100125993993,0.0,0.0,0.0,2.5182745465049066e-05,0.06468183156214692,0.001100917394374426,0.0003484449203191849,0.010581869908144184,7.855812629136821e-05,0.0,2.3677800516938565e-05,0.001004099269379327,0.0276823586941974,0.0,0.00010323922344038043,0.0,0.036301981049331904,0.001870345581511732,0.0,0.0,0.0,9.230329015077746e-05,0.0,0.0,1.9062636009399692e-05,6.641823704327681e-05,0.0,2.6286371760330103e-05,0.00035436437044841855,0.0053197797322441995,8.929340025455644e-05,3.6820986397103615e-05,2.197219624241333e-05,3.6820986397103615e-05,0.0,0.0,0.0,0.0,0.0,0.0,2.6186042097122632e-05
FDM009W24,0.005339020230807599,0.0,0.0,0.0,0.0,0.0,3.6118402325985e-05,0.0,0.0,0.0,0.0,0.0,0.0,0.0,0.00013246749218726945,0.0034681670311023476,0.0,0.00013767014293782586,0.0,0.004299390539479866,0.0,0.0,0.0,0.0037432071640500844,0.0,2.1811112761952223e-05,0.0003960017628981957,0.0,0.0,0.0,0.0,0.0,0.00032236424458261393,0.0,0.0,0.0,0.0,0.0,1.950994031459029e-05,0.0,0.0001178600496953198,0.0018434392322888517,0.0,0.00025492988677731313,0.2872020294339967,4.0920849172653474e-05,0.004900196650193274,0.0,0.0007741944520733316,0.0001354690214664372,0.005508106380200704,0.0,0.009754670004367227,0.0,0.0,0.0,0.0,0.0,0.0,0.0,0.0,0.0,4.652370382709992e-05,0.0005274687453257436,0.0,0.0007252695248228974,0.0,0.12620630211092557,0.0003202631740871975,0.001432729975922733,0.0,0.0007499821158880452,0.007200068434867557,0.002693172171221238,0.0024358410610205907,0.0,0.2069444381912585,0.009880334030188384,0.02579124063710451,0.0,0.0,0.0,0.028908128691568363,0.0,0.01055237643579394,0.0001071545952662882,0.02246904797994579,0.0,0.046447665085361,0.0,5.592849556849216e-05,0.0,0.0,3.8919829653208315e-05,0.06357829314035503,2.6713610584592855e-05,0.00021120761027743643,0.0,0.003938106465244042,0.0,0.0,0.005956634905484346,0.0,0.0,2.191116373792448e-05,0.004445865168303252,0.0,0.0,0.0,0.0,0.0,0.0,0.0,0.0,0.0,0.0,5.402752702501926e-05,0.0,0.0,0.00020790592807035191,0.0,0.0,0.0,0.0,0.040087324491828495,0.0,0.0,0.0,0.0,0.0011322768950780427,0.0001741887491677,0.0004292186869209864,0.0,0.0009992090970349396,0.0,0.0,0.0,0.0003206633779910865,0.0,0.026090092902333748,0.0,0.0001472750366311636,0.00014597437394352425,0.0,0.0,0.0015406849789967893,1.190606614069869e-05,0.0,0.0,0.0,0.015986445093775285,0.0,0.0,0.00035247958835026456,0.005676892376665913,0.0001989013402328477,0.0,0.0,0.0,0.0,0.0,0.0,0.0,0.0,0.0,0.0,5.752931118404829e-05,0.004133806174245769,0.0,0.0,0.002059449289412957,0.0,0.0,0.0,0.0,0.0,0.0,0.0,3.461763768640123e-05
FDM009W16,0.003326465023077103,0.0,0.0,9.273781276457377e-06,0.0,0.0,4.6368906382286886e-05,5.4836271895574064e-05,0.0,0.0,1.5926711322611585e-05,0.0,0.0,0.0,0.0010467276605949285,0.0018512281863276058,0.0009573163128534306,0.0005617693810184454,0.0007424065119685715,0.039959110688728504,0.0005497739465412885,0.00021097852403940533,0.0,0.003882085483901375,0.00021480899891446382,0.00036984242938393607,0.0021444611182103723,0.00019716865409511556,2.6107710332635444e-05,0.00025472657919138906,0.0,6.491646893520164e-05,0.00027891905208649525,0.007860739255442383,0.0004782045475599326,0.002082367104446266,0.0,8.568167483683447e-06,0.0036782638997601056,0.00379831904650207,0.00422733223250862,0.00816747965135825,0.0008741546872765042,0.0035114366387542693,0.12101629352969301,0.0001084629201463928,0.002995834560177318,3.2155828556412e-05,0.0010384618990224338,0.0013847166673336313,0.00947699804877627,0.0,0.01572510738181903,0.00036298789539698935,0.0003454483525480373,0.0,0.0,7.529907188601805e-05,0.0,1.5624305411422757e-05,0.0,5.63483014515182e-05,0.00015452942061748988,0.015330669271658303,0.0001915237437529231,0.001174846964968595,0.0,0.09096107723436901,0.000424275493397925,0.00190092355773297,0.0012670807678811875,0.0029820246902330185,0.0038075928277785274,0.02794029015443974,0.0013383477609513544,0.0,0.059764077020366395,0.02154763079584872,0.056388723041647104,0.0,0.0,1.1088216743590343e-06,0.00030563157424150835,0.00013094175954476132,0.008891943412596285,0.002551600276640931,0.06802298405887407,0.0,0.15895714716714626,0.0,0.0005226582165046902,0.0,3.366785811235613e-05,0.002461584117077056,0.031370278801113816,0.0001693473102657434,0.0002706532905139996,3.6288709342659306e-05,0.009652796685147375,1.8144354671329653e-05,5.1005797020515576e-05,0.006204361277890778,0.0,0.0,0.00014303799599231544,0.00273485825882136,1.3305860092308412e-05,0.0,0.0,0.00018537482355875128,0.0,0.0,0.0,0.0,0.0,0.0,0.0011452111856720898,0.0007600468567879189,0.0,0.0002498880846123678,0.0,1.1491424625175446e-05,0.0,0.0,0.013706144716751922,0.0,0.00018870128858182838,0.00022962688856271638,0.0,0.0031636698408871173,0.0006378748686676336,0.0028257816361188007,8.13471901097946e-05,0.009147879615432428,1.118901871398662e-05,0.0,0.0,0.0010954150122963295,0.0,0.010991245248069024,0.0,4.334484727039851e-06,0.008243786742948232,0.016954085004890426,3.9413570424943856e-05,0.009857626288992607,2.590610639184279e-05,0.0,0.0,0.016622345720316282,0.06419260998578599,0.0,2.3688463043124823e-05,0.002913983360215542,0.009775775089030832,0.002336488871815278,0.0,0.0,4.243762953683213e-05,2.066440393123655e-05,0.0,0.0,0.0,1.118901871398662e-05,0.0,0.0,0.00012690968072891128,0.002371467155542785,6.421085514242772e-05,2.8224551710957236e-05,5.110659899091185e-05,1.3305860092308412e-05,0.0,0.0,0.0,0.0,0.0,0.0,3.2760640378789646e-05
FDM008W4,0.0,0.00019673833217847636,3.795821455029988e-05,0.00011770067058169908,4.601300808882505e-05,0.00034746365626812963,0.0002287561364941149,0.0007370136087750534,5.175204848502414e-05,4.611369300805662e-05,0.0008824026321454317,3.8965063742615526e-05,3.272259875025851e-05,7.984314095063067e-05,2.0539723523239193e-05,0.029089484124706737,0.0,0.0002008664138669715,0.0,0.0,0.0,2.1647257634786404e-05,0.0,0.026936236442020492,7.319793628134752e-05,0.0,0.0003467588618335077,0.0,1.2786984742408713e-05,0.0,0.0,0.0,0.0,4.5308213654203996e-05,0.00021093490579012796,0.00020217531781698185,0.0,0.0,0.00037736707727990435,0.00010350409697004747,0.004071094024209085,0.00025624311944433205,0.0,5.940410234662316e-06,0.13601515670500147,0.0,0.03656856129506582,0.07848681440366226,0.0005975649956393362,0.0,0.005399631533469581,3.805889946953144e-05,0.05735536561009918,0.0,0.0,5.0040404858087534e-05,0.0,6.625067685436955e-05,0.0,0.0008381012676835442,0.00011830478009708847,0.0003021554426139255,0.00024657736719810183,0.0010511505567775351,0.0,0.012632534076307492,0.001099982742604844,0.09090881631385667,3.221917415410069e-05,0.0005287971958041776,0.0,0.007360772390261998,0.0,0.0,0.0,0.0,0.0,0.028272426005142588,0.05899260308172374,0.0008956930414839982,0.00014891299554348412,3.826026930799457e-06,0.007380003209835227,4.973835010039295e-05,0.06384561618868517,0.002044306600077689,0.09951959197637844,0.0,0.0,0.0,0.014647339995050232,0.0,6.433766338896982e-05,0.0,0.07267981168698187,0.0005973636258008731,0.0,0.00016834518495517612,0.004309415228030199,0.0,0.001010473849407983,0.02815593355359167,4.772465171576165e-05,5.618218493121308e-05,0.0003896506374261552,0.009148433131218428,0.0018359895021875818,0.0,0.0,0.00013572327112414917,1.1075341115472114e-06,0.0,0.0,0.0,0.0,0.0,0.0,0.0,0.0,8.860272892377691e-06,0.0001436773797434428,3.131300988101661e-05,0.0,0.0,0.00042317871553026527,0.0,0.0002482890108250384,0.0,0.0,0.0,0.0,0.00018304518316298457,1.530410772319783e-05,0.0007360067595827376,0.0,0.000745672511828968,5.940410234662316e-06,0.0069455477833510245,0.0,0.0,0.0038106221381570176,0.0,0.000140153407570338,0.00010753149373931106,0.000161901350124356,0.0010498416528275246,2.899725673869062e-05,1.2887669661640277e-05,0.0,0.0010572923368506605,0.053047460655857546,2.013698384631293e-06,0.025097427762094428,0.0,0.0,0.0008263211321334513,0.0009035464651840613,0.0,9.333492012766045e-05,4.993971993885607e-05,0.0,8.960957811609255e-06,1.2988354580871741e-05,7.068081330055839e-05,0.0006310930737434472,2.2654106827101947e-05,0.003644290651586483,0.010237944642223088,1.8324655300144767e-05,0.0,5.2758897677339884e-05,4.349588510803593e-05,0.0,0.0,0.0004279109067341498,2.5775339323280553e-05,0.0,0.0,1.208219030778766e-05
FDM008W24,0.0,0.00014718556544493494,8.338046410539809e-05,9.385592850442644e-05,9.332686464588975e-05,0.000134488032840052,0.00021755105863032696,0.00017765964369665404,6.666204617563553e-05,5.375288802733786e-05,0.0012236188920238876,2.8040384502449868e-05,4.1901857596113763e-05,0.00011120922306443324,6.0313279873194044e-06,0.013091579366721054,0.0,0.00010433139290345497,0.0,0.00011734636382345895,0.0,0.0,0.0,0.058780370249469555,4.867387498538468e-06,0.0,0.0002122604200449601,0.0,3.216708259903683e-05,0.0,0.0,0.0,0.0,0.0,0.0005243022838099588,6.909573992490477e-05,0.0,0.0,0.00014697393990152022,6.3487663024414685e-06,0.00017332132005665237,0.0007925376600881113,0.0,0.0,0.016519172480637605,0.0,0.06196406492460054,0.06333180081168986,8.179327252978771e-05,0.0007104269492432015,0.007821256833521072,0.0,0.0627242238765462,0.0,0.0,0.0,0.0,0.0,0.0,4.4864615203919786e-05,0.0,0.0007779354975924959,0.00016834811978640654,0.0005455706509231378,0.00612603041799748,0.007032316807671012,0.0,0.06423829882690679,5.502264128782615e-05,0.0005352009992958168,0.0,0.004911828862655558,0.0,0.0,0.0,0.0,0.0,0.033021414917802035,0.07444066046215843,0.0007703169780295661,0.00011216153800979947,0.0006413312093182956,0.001962932727943198,1.2697532604882958e-06,0.031958419813229916,0.003693712234760453,0.024734687701540296,0.0,0.0,0.0,0.008015317456832356,0.0,0.00017564920103421426,0.0,0.018224980173331927,0.0,0.0,0.0001835851589122661,0.0002389252385152133,0.0,0.0008831133926696098,0.029775396520135416,7.491544236880945e-05,5.7456335037095384e-05,0.00019226180619226946,0.002557283066623428,0.0012236188920238876,0.0,0.0,3.7986785042941514e-05,0.0,0.0,0.0,0.0,0.0,0.0,0.007642962313194174,0.0,0.0,0.0,7.935957878051848e-05,0.0,0.0,0.0,0.0,0.0,0.00014517512278249515,0.0,0.0,0.0,0.0,2.2009056515130353e-05,3.946816384684453e-05,0.00020696978145959223,0.0,0.0005548821748333852,6.391091411124422e-05,0.004149236216960629,0.0,0.0,0.0023330658033755363,0.0,8.147583421466556e-06,4.9732002702458255e-06,0.0,0.0012063714102355885,9.41733668195486e-06,1.9998613852690657e-05,2.052767771122745e-05,0.0002901386200215756,0.08415469615598083,0.0,0.11112499609815313,0.0,0.17194871678206453,0.0007664019054763938,0.0001835851589122661,0.0,0.00011544173393272756,3.110895488196325e-05,4.454717688879771e-05,0.0,0.0,0.00024485075373082636,0.00046621107214261926,0.0,0.0027094418323386086,0.003932425847732252,3.4706589120013416e-05,6.285278639417065e-05,0.0,0.0,0.0,0.0,0.00024082986840594678,5.079013041953183e-06,0.0,3.2696146457573615e-05,5.079013041953183e-06
FDM008W16,0.0,6.493495414458138e-05,3.311983750805542e-05,3.291911122012781e-05,2.1176623376362606e-05,2.920567489346705e-05,0.0002455886132794291,0.0002914545700708877,8.65130300967993e-05,5.4697913460273244e-05,0.0012089744321879864,1.86675447772676e-05,1.5757013602317272e-05,2.8804222317611834e-05,5.760844463522367e-05,0.0028483060256927657,0.0,0.001780642900205806,0.0,0.0036720867113476715,1.1039945836018472e-05,0.00014813600049057516,0.0,0.1359191964284371,0.0001190306887410719,1.0036314396380428e-06,0.0034545997783781077,0.0,0.00023786065119421617,0.0001729256970496348,0.0,0.0,0.0,0.0005348351941831131,0.0007664733304515734,0.0008795825936987798,0.0,5.2489924293069645e-05,0.0025793327998697704,0.0007349593032469388,0.0011851883670685648,0.0009163155043895332,0.00038940899857956067,0.00014361965901220396,0.003626822933419996,0.0,0.020992256280901195,0.05535107680118978,0.00022501416876684923,0.00012986990828916275,0.0038235346955890425,0.0,0.021231220926679017,0.0,3.0108943189141186e-06,1.3749750723041188e-05,0.0,1.4653019018715326e-05,0.0,5.780917092315127e-05,2.127698652032651e-05,0.0001239484827952983,0.001596376167888271,8.330140948995756e-05,5.580190804387509e-05,0.005823069612779925,0.0006928067827821401,0.04641143047890184,2.218025481600075e-05,0.00032347041299534123,0.0,0.009173191358291713,0.0,0.0,0.0,0.0,0.0,0.03138616455922466,0.03887084638346933,0.00014321820643634872,2.4689333415095758e-05,1.1240672123946081e-05,0.00030972066227229905,0.0,0.016245982839708926,0.0031969675878230123,0.1345766386516333,0.0,0.0,0.0,0.0018576214316260537,0.0,3.2417295500308784e-05,0.0,0.03719136953237903,0.0,0.0,0.00014853745306643034,0.004081869428151884,0.0,0.002207186262051984,0.07843650681260009,7.00534744867354e-05,0.0,0.0003081148519688792,0.005495283584594141,0.0007845386963650582,0.0025275454175844475,0.0,0.0,0.0,0.0,0.0,0.0,0.0,0.0,0.0,0.0,0.0,0.0,1.4151203298896407e-05,0.0,0.0,0.0,0.0,0.0,0.00020464045054219697,0.0001165216101419768,0.0,0.0,0.0,0.00023866355634592562,4.8676124822445084e-05,0.0011904072505546728,0.0,6.694221702385746e-05,1.9068997353122816e-05,0.003483705090127601,0.0,0.0,0.00037575961100048326,0.0,0.003147488557848867,0.00013458697605546157,0.0,0.009892192921648406,1.0036314396380428e-06,0.00021849056440920197,0.000266163057792009,0.011497501409349456,0.04413449183179501,0.0,0.000499005551788035,0.0,0.03253743018363336,0.0003039999630663632,0.00016760645041955316,0.0,0.0009342805071590542,0.00017794385424782502,7.306436880564952e-05,0.001998029470031416,0.00015977812519037644,0.0003529771773206997,0.0027040841878167793,0.0005182752754290854,0.07903517296634417,0.10573437870245916,0.00013398479719167871,0.0,1.6760645041955317e-05,0.004912274081308391,0.0,0.0,1.9169360497086622e-05,0.005923432756743719,0.0012495211423493636,0.0010510028435889484,8.530867236923365e-06
FDM006W4,0.01087140207517516,6.056201550387601e-05,1.8002111137750087e-05,0.0,2.0707630730706745e-05,4.609789152614617e-05,3.8605683422573884e-05,0.0,3.381899491195825e-05,0.0,4.2247729028477076e-05,0.0,0.0,0.0,1.363165641066625e-05,0.002057651708889423,0.4188626120501348,0.003146727403500362,8.19980553557634e-05,0.007732062821332486,0.0,0.0,1.602500066597396e-05,0.008973584139161944,0.00028220650523455625,0.0,0.0050185307280428285,3.4339287141373e-05,0.016410745324862152,0.0,0.0,0.0,0.0,0.001163061249633715,5.026022936146411e-05,3.850162497669093e-06,0.0,5.931331415328062e-06,0.0027414197567862775,2.7367371267215448e-05,0.0006213329803670853,0.0004211245304882914,0.000567430705399718,0.002120919243986256,0.010146530941154528,0.0,0.00924517668291644,0.013324996170649096,0.0016970891939050066,0.0,0.003498757125922376,0.0035825241748581394,0.019712311695836343,0.0002550472508591067,4.089496923199875e-05,0.00019531770292229323,0.0,9.927175737233284e-05,0.0001187306867524442,0.00037502663896214625,0.00014464123977729837,0.00013818961613255558,6.753393137803357e-05,0.004439653593595986,0.0002278879964836561,0.0,0.000535172587176004,0.04597041992993956,3.808539119315914e-05,0.00018220633874104278,1.7273702016569448e-05,0.008930295825674638,0.0,0.0,0.0,0.0,0.0,0.011379103232637959,0.019891708456538443,0.0002797091025333655,0.015335093169770116,3.694074828844671e-05,0.07375215192866091,0.0,0.019161738458669662,0.000349220144383174,0.03638861417459178,0.0,0.0,0.0,0.001525913050427546,0.0,0.0,0.0,0.020039367391246447,0.00023735731505900544,0.0,0.0,0.0018222715043021936,0.0,0.007592624503849335,0.003662857295079776,0.0,0.0,5.213328138735718e-05,0.003926749513838943,0.000623934441514159,0.0,0.0,0.0002790847518580678,0.00131394599616398,0.0,0.0,0.0,0.0,0.0,0.0,0.0,0.0,0.00014869951916673336,0.00013881396680785326,0.0004942776179440052,0.0,0.0,0.0014151948640080993,0.0,6.0874190841524855e-05,0.000543185087508991,0.0,0.0,0.0,0.015089099003702722,2.507808545779058e-05,0.0005105107355017452,0.0,0.0,3.9542209435520415e-06,0.006022694730813281,0.0,0.0,0.0,0.0,0.033311918105170646,2.2892858094248666e-06,0.00035338248221849193,0.022672358247422593,0.0,0.0,0.0,0.0,0.051751282832520874,0.0,0.00194037784037934,0.009424365326726877,0.0,0.030828771411065846,0.0006475557087295883,1.9250812488345467e-05,0.00020884530088707758,0.0,5.515097631796269e-06,2.934448173899147e-05,0.0,3.0905358427235696e-05,0.0008946945177015909,9.677435467114209e-06,0.00046992794160739424,0.000823726657609419,0.0,0.0,0.0,0.0,5.619156077679217e-06,0.0,0.0,0.0,0.0,0.0,0.0
FDM006W24,0.012353431748446757,0.00013611307843226222,0.0006047774673242144,0.0,0.000278431611112931,0.00010203394444511135,0.00041851211111384665,0.0,2.563564705899109e-05,0.0,0.00021780127124325266,0.00017700803921684324,1.0376333333401156e-05,7.934843137306766e-05,0.0,0.011372563062165837,0.0013764918268063828,4.862634640554659e-05,0.0,0.0016462764934748128,0.0,0.0,0.0,0.013012328915117732,0.0,0.0,0.0013046713235379394,0.0,0.0013499406209238562,0.0,0.0,0.0,0.0,3.1230728758374065e-05,6.358047385662473e-05,0.0,0.0,0.0,0.0033258182908714115,1.9226735294243317e-05,5.9816509804312546e-05,0.0006799550196122875,9.521811764768118e-05,0.0001821962058835438,0.013258715967406822,0.0,0.004682778196109039,0.027288841108021506,0.000889923176476405,0.0014558402581794402,0.0100851856275169,0.021218482650465484,0.06471363049388704,4.130187581726342e-05,0.0,2.044748039229051e-05,0.0,0.0,8.850401960842161e-06,0.0006550314738604906,0.00014669286928200458,0.00018077200326915542,0.00019409847058950397,0.007302904091551001,0.0008880920588293341,0.0,0.00019236908170060376,0.06304721170629445,3.000998366032687e-05,0.0003456743202636973,0.0,0.011944990784391698,0.0,0.0,0.0,0.0,0.0,0.05074973077484152,0.09568515437644243,0.0015491255294218902,4.944017647091129e-05,5.4628343137611965e-05,0.003254608160151992,0.0,0.030855756555757136,0.006348077967361754,0.22019057458640653,0.0,0.0,0.0,0.03743475880416625,0.0,0.0002892148594790146,0.0,0.036916349052528774,1.0071147058889357e-05,0.0,0.0,0.0009556399542546123,0.0,0.0016757778333442866,0.13403801522309833,0.0002307208235309188,0.00026897083660306525,0.0013137251830151228,0.0023851324640678773,0.001083716460791397,0.0,0.0,0.00013540097712506802,0.00010244085947779376,0.0,0.0,0.0,0.0,0.0,0.0,0.0,0.0,0.00016266428431478873,2.24820555557025e-05,0.0,0.0,0.0,0.0024544097483820554,0.0,0.0003397740522898025,0.0,0.0,0.0,0.0,0.0049376087353263905,0.0,0.0005418073660166133,0.0,0.0002306190947727482,0.00045930534314025706,0.021347271258309465,0.0,0.0,0.0006491312058865958,0.0,0.01123095663079226,5.5747359477488555e-05,0.0,0.010804306219024867,0.0,0.0,0.00023855393791005495,0.0,0.0,0.0,0.001908634960796789,0.0,0.025816215604743904,0.0017129088300765554,0.0017684527320377028,2.8789238562279677e-05,0.00044913246732319705,2.8992696078620877e-05,0.000499183016343132,0.0003210559607864122,0.00020925605555692332,0.0015035510457614616,0.001255231147067028,0.0002914528921587667,0.0031890948398901257,0.0038396502483911098,0.00042593831046030037,6.246145751674813e-05,0.0,0.0,0.0,0.0,6.144416993504213e-05,0.0,0.0,0.0,1.3631653594860343e-05
FDM006W16,0.015555732333643076,0.0001090915726961741,6.735043489930157e-05,0.0,5.1521066217878894e-05,3.8716417666664377e-05,3.6699937579858934e-05,0.0,3.196120937586616e-05,0.0,6.281335470398933e-05,8.570040368923103e-06,0.0,0.0,7.18875150946138e-05,0.007165864460476129,0.0021836462860016065,0.0007717069292204404,0.0,0.006444771181434504,6.351912273437124e-06,2.4298585046005507e-05,7.471058721614142e-05,0.014850065127265513,8.307897957638396e-05,1.2401352533853332e-05,0.00019186808025953726,0.00025770615509373475,0.0011546364977047829,0.0,0.0,0.0,0.0,0.0012425550294895098,0.0,0.0,0.0,0.0,0.0015088312249521675,5.8175450504336836e-05,0.0002804923800746362,4.0430425740448996e-05,0.0006102876982716653,0.00023502075411717358,0.06727925315223733,0.0,0.009894968609958615,0.021287778628396307,0.0009599453453237279,0.001092428087026845,0.0048910732745509255,0.0020417869118948447,0.03219068480974462,1.1191464481770171e-05,4.43625619097196e-06,0.00016172170296179598,0.0,0.0,1.3510416581596422e-05,0.0006509197720207948,6.65438428645794e-05,0.00020184965668922414,0.0014219209332108533,0.0065002243838216634,0.00022897131385675728,0.0,7.672706730294674e-05,0.05871919435974392,2.3290345002602786e-05,0.0002505476507855755,0.0,0.0007198833909895407,0.0,0.0,0.0,0.0,0.021368135359855406,0.020641093464557708,0.03787645288650557,0.00015990687088367008,0.0002421792584253319,6.805620292968347e-05,0.0,0.0,0.02049399124222525,0.002772760943361805,0.2962316120961786,0.0,0.0,0.0,0.0380077257401566,0.0,6.47290107864545e-05,0.0,0.03947552159534228,0.0015488583546752555,0.0,0.0,0.006585723139502214,0.0,0.004175222843734996,0.04550328469482543,7.83402513723912e-05,5.2932602278642704e-05,9.053995589756409e-05,0.003240181027483315,0.0006766298931275641,0.0,0.0,0.00014256514213714433,9.537950810589713e-05,0.0,0.0,0.0,0.0,0.0,0.0,0.0,0.0,9.588362812759848e-05,0.00011211629282638125,0.0002260474177308894,0.0,0.0,0.002528666028854017,0.0,0.0002438932664991175,0.0,0.0,4.839552208333047e-06,0.0,0.005900019085984026,0.0,0.0007851165217976956,0.0,7.249245912065543e-05,3.942218569704628e-05,0.0023375037166248618,0.0,0.0,0.0,0.0,0.03889094401817739,0.0049691110539102955,0.0,0.0027363634777949767,0.0,0.0,0.0,0.0,0.12568296920240055,0.0,0.00011816573308679756,0.0,0.0007687830330945716,0.0039134837284676505,0.0007945939782056822,3.831312164930329e-06,0.00017613953558245484,0.0,6.513230680381559e-05,0.00021142793710154998,2.581094511110958e-05,0.00023623064216925685,0.0014587216947950525,3.5389225523435406e-05,0.001271189046722147,0.004616731158741046,0.0001670653751918304,0.0,0.0,0.0,0.0,0.0,0.0,0.0,0.0,0.0,0.0
FDM004W4,0.025362378214067408,0.0006114493027396898,0.0001450709213833233,0.0,1.7895096331414793e-05,3.5790192662829586e-05,0.0003765007627030809,0.0,7.590335803493355e-05,0.0006571923860587557,0.0008630865281190787,7.198252232187064e-05,3.3678973432718856e-05,0.0,0.0004710029568127995,0.012898745221984163,3.2170959696925474e-06,0.0,0.0,0.0,0.0,0.0,6.6352604374908795e-06,0.03167582852033998,0.00024892280065496084,0.00014084848292310182,0.00018246966203099916,0.0,0.0009078242689476158,0.0,0.0,0.0,0.0,1.2767849629717297e-05,0.0006407047692140803,0.0,0.0,0.0,0.0006648329889867755,1.0757164648659455e-05,0.001210331824347768,0.006168982590383565,4.162117910789733e-05,3.166828845166101e-05,0.14177932953508157,0.0,0.022734513478073863,0.06605663154569708,0.0012367723318486789,0.0,0.01940662876592503,0.0,0.059342351188450625,0.0,0.0,3.176882270071391e-05,0.0,0.0,0.0,0.00014346237339847703,4.926178203591713e-05,0.00027596651365018884,0.002117854490548215,0.0023202299338916967,0.0,0.0,1.6387082595621414e-05,0.09652263091293456,4.302865859463782e-05,0.00044456244931188893,6.23312344127931e-06,0.005362496844481265,0.0,0.0,0.0,0.0,0.021543283161046044,0.02161476301212275,0.023506717045049027,0.00041239148961496344,9.983050930952187e-05,0.0001517061818208132,0.0020635659960596634,0.0,0.027283185576471965,0.004564053838503196,0.050334884610307704,0.0,0.0,0.0,0.002861405796543405,0.0,0.00016457456569958438,0.001117840315219097,0.02814617157034189,0.004022576373104319,0.0,6.524672763532698e-05,0.005875020446152909,0.0,0.0030549342259702226,0.09155483153023494,0.00018830064847606692,1.2064109886346953e-05,0.001031581929531726,0.00963660990871591,0.002392614593209779,0.0,0.0,0.0001656804424391662,0.0,0.0,3.176882270071391e-05,0.0015630059700253137,0.00030602625411700255,0.0007783361561674906,0.0,0.0,0.0,0.00020428559407547676,0.0007533031281533195,7.89193855065203e-05,0.01863663695242893,0.01163231528666488,0.00324987013488379,0.0,0.0003422185837760447,1.809616482952058e-05,0.0,0.0,0.0,0.0032249376411186727,0.0,0.0017904144413829555,0.0,0.001302622264978313,7.53001525406162e-05,0.0006219048646411905,0.0,0.0,0.0025718671592710857,0.0,0.0,0.00025394951310760545,2.7043712995227978e-05,0.004126830389372168,0.0,3.5790192662829586e-05,0.00011129141370155156,5.881253569594188e-05,0.11522019162028953,0.0,0.006456912679671048,0.0,0.0,0.0021641002451125557,0.003983669618720849,0.0,4.8155905296335315e-05,7.721030327262113e-05,9.540700235119461e-05,0.0,5.629917946961958e-06,0.00022891648509343432,4.423506958327253e-06,0.0,0.004252196597941124,0.011800207482583211,3.277416519124283e-05,0.0002319325125650221,0.0,1.1863041388241268e-05,0.0,0.0,0.0002475153211682204,0.0,0.0,0.0,1.7995630580467586e-05
FDM004W24,0.0015654546423290005,0.00010163592623905754,1.709011618263101e-05,0.0,0.0,4.966186702482188e-05,0.00021513440371076685,1.2365201708609394e-05,3.4180232365262024e-06,0.0003167703299498254,0.0002920399265326064,3.980991769601106e-05,2.1613970466268633e-05,0.0,0.00029103462558068694,0.005683669991867115,0.0,0.0,0.0,0.0003448182265083786,0.0,0.0,0.0,0.047220594193180636,0.0,8.374156929489196e-05,0.0,0.0,0.0025272260630303587,0.0,0.0,0.0,0.0,0.0,0.0005055658487203021,0.0,0.0,0.0,0.00024609767302988657,0.0,0.0,0.0005107934136702834,0.0,0.0,0.13244659087367688,0.0,0.032434326202063476,0.05635254698022672,3.196857027103919e-05,4.493695255080037e-05,0.006831120498387988,0.0,0.04356491781162067,0.0,0.0,0.0,0.0,0.0,0.0,0.0001614513328782671,0.00010465182909481696,0.00013923418184084676,8.5551111008347e-05,0.00013842994107931018,0.0015147874743522592,0.0,3.377811198449423e-05,0.045345506857660436,6.9365765682443516e-06,0.00015582164754751805,0.0,0.00458477552132394,0.0,0.0,0.0,0.0,0.018799228330989303,0.02939349188269736,0.029334681777010173,0.00014204902450622127,0.0,9.479987976600603e-05,0.00025393902045485847,0.0,0.016760679060687,0.0005653812553595107,0.16372230772865318,0.0,0.0,0.0,0.0010227931884828699,0.0,9.158291671986383e-05,0.0001281758713697316,0.0027476885617862988,0.001018973044865576,0.0,0.0,0.006660219336561689,0.0,0.0005112960641462431,0.07291005471853079,0.00011319688718613145,1.2767322089377284e-05,0.0002976696118633554,0.0031280944419926266,0.0008860722590218219,0.0,0.0,6.564615216034147e-05,0.0,0.0,0.0,0.0,0.0,0.0,0.0,0.0,0.0,0.0001100804542351811,0.0,0.0,0.018281397810655586,0.00951547510020337,0.0024588655982998348,0.0,0.0003197862328055838,0.0,0.0,0.0,0.0,0.0028905418270540554,0.0,0.00033014083261035434,0.0,0.0014266225808689215,0.00011430271823324388,0.002731905336841163,0.0,0.0,0.0007179859398608864,0.0,0.0,7.559863158434424e-05,2.2317681132612264e-05,0.010520776052122843,0.0,0.0,7.006947634878714e-05,7.630234225068786e-05,0.15373192845876305,0.0,0.00122053588572543,0.0,0.0464083110240297,0.0006912449345398285,0.0002165418250434541,0.0,0.00013169442470145075,3.257175084219087e-05,1.5883755040327647e-05,0.0,7.459333063242477e-05,0.0002745476899692076,9.590571081311755e-05,1.6084815230711537e-05,0.006336713490233993,0.008130572508839107,3.7899845887364064e-05,0.00010505394947558374,0.0,2.8550547034512983e-05,0.0,0.0,9.932373404964377e-05,0.0,0.0,0.0,2.7143125701825725e-06
FDM004W16,0.01073637741080136,0.00010144910015554859,2.6898619405691633e-05,0.0,1.007438929052121e-06,3.203655794385745e-05,0.0001753951175479733,0.0,1.6320510650644362e-05,0.00012401573216631613,0.00016139171643414979,1.1283316005383756e-05,2.720085108440727e-06,0.0,7.324081014208921e-05,0.00544571113099124,0.0,0.00037295389153509524,0.0,0.00025417684179985015,0.0,0.0,0.0,0.016084165477888736,2.3977046511440483e-05,1.8536876294559027e-05,3.7073752589118055e-05,0.0,0.005194858837657262,0.0005923740902826472,0.0,0.0,2.2768119796577836e-05,3.2439533515478296e-05,0.0032625909717352943,0.00021448374799519658,0.0,0.0,0.002482027289505711,0.0006900956664007029,0.0053178671308945265,0.028506995655923344,0.00030072052032205815,9.862827115420265e-05,0.10312044133884607,0.0,0.026096899505951954,0.043943780878003186,0.0005534869476212353,0.000377588110608735,0.00404899779975338,0.0,0.03221497537819258,0.0,0.0,0.0,0.0,0.0,0.0,7.565866357181429e-05,1.91413396519903e-06,0.00011535175737646787,0.0007611201108988775,0.00030978747068352726,0.00021015176060027246,0.0,0.0,0.04637473101380595,2.4581509868871757e-05,0.00015433964393078497,2.0551754152663272e-05,0.002085600070923701,0.0,0.0,0.0,0.0,0.023704534281131884,0.01115345712742894,0.020690075517622027,0.00019937216405941377,0.0,8.946057689982836e-05,0.0033979907637998992,0.0,0.010747157007342217,0.0009477985444522356,0.21170100018536883,0.0,0.0,0.0,0.001833236619196135,0.0,7.938618760930715e-05,0.00031704103097270254,0.06899586547063519,0.001426735011323614,0.0,0.0,0.0024467669269888867,0.0,0.0024278270751227067,0.06874440871394379,0.0,0.0,0.0001906074453766613,0.0016583452211126966,0.0007764331826204698,0.0,0.0,0.0,0.0,0.0,0.0,5.1883104846184236e-05,0.0,4.7349629665449694e-05,0.0,0.0,0.0,3.4555155266487754e-05,2.1256961402999655e-05,7.878172425187588e-05,0.01313760809819709,0.010856363387251468,0.0015017892115379969,1.6219766757739148e-05,0.00014789203478485138,0.0,0.0,0.0,0.0,0.0035575690901617552,0.0,0.0028533692787543227,0.0,0.0009396382891269134,2.3171095368198784e-06,0.0001222023420940223,0.0,0.0,0.0010217445618446613,0.0,2.2969607582388362e-05,0.0001872828969107893,0.0001280454878825246,0.009341376725742888,0.0,0.0,2.589118047663941e-05,0.0018367626554478273,0.15841977159344606,0.0,0.00033910394351894396,0.0,0.011879417619703897,0.00120167315457337,0.0006336790863737842,0.0,2.1256961402999655e-05,9.570669825995151e-06,3.284250908709915e-05,0.0,0.0,5.8028482313402176e-05,8.160255325322181e-06,0.0,0.0024467669269888867,0.006413255478452898,0.0,4.6543678522207995e-05,0.0,4.896153195193299e-05,0.0,0.0,7.344229792789963e-05,0.0,0.0,0.0,2.619341215535505e-06
FDM002W4,0.0,3.217414532815528e-05,0.0,0.0,1.4345160337394074e-05,0.0001430417416500152,0.00012859411588163973,0.00023218666660382122,0.00017439616353031936,0.0,0.0004586352690726848,1.9161035593519226e-05,3.463331567170855e-05,0.00037420375394402254,0.0,0.07455497470179742,0.0009571295907971288,0.0,1.9673362748426155e-05,0.0018373076429272367,0.0,0.00053589420403265,0.0,0.05810240784540918,0.0,0.0,0.00017583067956405878,0.0,0.0014529598113160568,0.0,0.0,0.0,0.0,0.0,0.014918454423734928,4.713409825143767e-05,0.0,0.0,0.002519727413263269,6.516801410416164e-05,2.5923754038290715e-05,0.08839989880514036,0.0006771940333559816,1.0963801115008327e-05,0.0,0.0,0.00020585305084160497,0.002238254874357401,0.00034366905551156947,0.0,0.005995969624737778,0.018501875476015967,0.056823331870468535,0.0,0.0,0.0,0.0,0.0,0.0,0.0,3.8219605756057065e-05,0.0,0.00011271197407952384,0.0,0.0004716483788073209,0.0,1.9161035593519226e-05,0.04744958931342936,0.00046037718139936736,0.0025742390225453665,0.0,0.004617502181745189,0.041146325861178404,0.0,0.005732428536253653,2.8690320674788145e-06,0.0,0.06800210545967582,0.034757093912334065,0.00011578593700896645,0.0,0.0,0.0060299881478235885,0.0,0.0250694997401989,0.00879983367811243,0.014216566221512433,0.0,0.0,0.0,0.03779816543843063,0.0,1.9673362748426155e-05,0.0038453226938694627,0.0036847593635216205,0.0,0.0,0.0,0.0,0.0,0.0020164172162826996,0.04928566737118482,1.957089731744477e-05,0.00011865496907644526,0.00017900710792448176,0.0003224587112984225,9.01695792636199e-06,0.0,0.0,0.0,0.0,0.0,0.0,0.006784133719846601,0.00033639400991189,0.0017625078783108246,0.0,0.0,0.0,0.0,0.0,0.0,0.0,0.0,0.014928188639678161,0.0,2.664101205516042e-05,0.0,0.0,0.0,0.0,0.008234019568233218,0.0,0.001311147654837808,0.00030012124734448033,0.0011631875725006966,2.4386772573569924e-05,0.06997917595046155,0.0,0.025437862964576983,4.3957669891014695e-05,0.0,0.0,0.0,0.0,0.01054574215660417,3.893686377292677e-06,3.975658722077786e-05,0.0,0.0,0.0,0.0,0.12633465066306918,0.003246104853490316,0.027157130431013667,3.217414532815528e-05,0.0,0.0,0.00047113605165241394,0.0,0.000626883506744121,4.231822299531252e-05,0.00012019195054116606,0.0004792308206999434,7.777126211487216e-05,0.00014345160337394071,0.0018933562336740548,0.010362943827733478,0.0004295350866739711,0.0,0.0,0.0006808827888713105,0.0,0.0,0.0,0.0,0.0,4.549465135573549e-05,0.0
FDM002W24,0.0,5.161377043321761e-05,0.0,0.0,3.209511260857002e-05,0.00033765265803874814,0.00018120156052675422,0.00031119179717337635,0.00012465781981823903,1.6097862123420696e-05,0.0,4.507401394557795e-05,4.3363616094964506e-05,0.000273965491012966,3.2195724246841396e-06,0.01199582501945829,0.00023744346632045528,7.908074768130418e-05,0.0,0.0012961797358501804,1.9619269462918975e-05,0.0003159205441721312,0.0,0.09464375833567422,5.835475019740003e-06,0.0,0.00019226884073660498,0.0,0.003987138613056493,0.0,0.0,0.0,0.0,0.0,0.0027280845717284515,0.00022979698181183045,0.0,0.0,0.00195337495703882,0.0008273295015055525,0.0003570707042251254,0.006662100239777656,0.0003154174859807743,4.929970275297588e-06,0.0,0.0,0.0,0.013338286108913305,1.9719881101190353e-05,0.0,0.010785366399415325,0.0007729992168390076,0.02229282252670434,0.0,0.0,0.0,0.0,0.0,6.740979764182418e-06,5.1714382071488894e-05,2.4951686291302083e-05,1.2174008230836903e-05,0.0004118034354447557,0.0009188860923325068,0.0022761370926134153,0.0,5.453150794308762e-05,0.06708341348727181,7.978502914920373e-05,0.0005663429118295944,0.0,0.007246754469772632,0.057482044847034085,0.0,0.0006655459871651745,1.8110094888848284e-06,0.0,0.03960587201716676,0.06276938766147161,0.002623448467926217,2.1128444036989664e-05,0.0,0.010084505727216897,0.0,0.021587836777336784,0.004833181879280512,0.010831547141381887,0.0,0.0,0.0,0.03514978255812736,0.0,0.0,0.0018195614781378957,0.11396893997992597,0.0,0.0,0.0,0.0014177185948820066,0.0,0.0022199957984579857,0.06456067726925525,5.9863924771470724e-05,4.326300445669313e-05,5.2318051901117264e-05,0.0006542774836787801,0.0002858376643289888,0.00020072021835140184,0.0,4.7891139817176574e-05,0.0,0.0,0.0,5.65437407085152e-05,0.0,0.0,0.008147731690492844,0.000985792831782975,0.0,0.0,0.0,9.55810563578104e-06,0.0,0.0,0.0,0.0,2.062538584563277e-05,0.0,0.0,0.0003021367497289522,4.929970275297588e-06,0.0016013348347272637,0.0,0.0014447831255770076,0.0001310969646676073,3.9339150564109334e-05,0.00013934711900586043,0.02971383635396301,0.0,0.014428111374668887,0.0,0.0,0.0,0.0008668698753462046,0.0,7.254099119366452e-05,5.835475019740003e-06,0.00047579243738535303,6.28822739196121e-05,0.0,0.0,0.0,0.028573805880709912,0.0013948797529944035,0.19082999369768697,0.0002432789413401953,0.0,0.0,0.0003163229907252167,0.0,0.0003747783525608881,0.00022899208870565943,3.85342574579383e-05,0.00024589484393525114,0.0006465303875318838,0.0002815113638833195,0.005910933748443537,0.024589383781886846,0.00039550435004479125,0.0,0.0,0.0013871326568474973,2.5354132844387598e-05,0.0,0.0,0.0007660570137982824,0.0005269031496272137,0.0005077869383556516,6.439144849368279e-06
FDM002W16,0.0,2.8196324057491923e-05,0.0,1.2770074301400329e-05,3.361083556128566e-05,0.00039546366096576533,0.0006071404125857771,0.0001948202535421634,0.0003753380238667584,2.7889842274258315e-05,0.00022076904452260885,7.702908818604679e-05,0.00010890319364234097,0.00027665088966553675,0.00019625050186392024,0.016960599723553446,0.0,0.0,0.0,0.0001444550804974405,0.0,0.00010124114906150179,0.0,0.044773106427842484,0.0,5.5984005737339035e-05,0.0,0.0,8.806243238245666e-05,0.0,0.0,0.0,0.0,0.0,0.00042835937236617263,5.005869126148929e-05,0.0,0.0,0.00018705604836691202,5.966178713614223e-05,0.0,0.002230574418374198,0.00019359432640922897,0.0,0.0,0.0,0.0,0.0025059993809068,5.118245780001251e-05,0.0,0.008130144424432327,0.018026236883856704,0.03723866042942188,0.0,0.0,0.0,0.0,0.0,0.0,8.17284755289621e-05,0.0,0.0,4.597226748504118e-06,0.0002180107084735064,0.007818145969100505,0.0,0.0,0.052035805245129296,0.000527863791322684,0.0034720299616591323,0.0,0.0031145700418143242,0.0723565690794616,0.0,0.002130661357040042,6.436117447905765e-06,0.0,0.05270812411694941,0.10617938787415052,0.002325992413554261,0.0,0.0,0.005190268999061149,0.0,0.029171344770552443,0.003538025705648769,0.018320357235166555,0.0,0.0,0.0,0.014098059868151552,0.0,0.00010818806948146358,0.005195172707592887,0.11830084456163412,0.0,0.0,0.0,0.0006088771426907676,0.0,0.00032875279281525005,0.022918401268425963,0.00019890667731861149,0.0003679824610691518,0.0005746533435630147,0.000646880883811735,0.0002797157074978728,0.0,0.0,0.0,1.011389884670906e-05,0.0,0.0,0.005845016248642546,0.0018403209477233938,0.004003878016163854,0.00016744121423996008,4.4644179757695547e-05,0.0,0.0006868256762265153,0.0,0.0,0.0,0.0,0.0019347173369593552,0.0,0.00013587359056689848,0.0,0.0,9.398774685830642e-06,1.2054950140521911e-05,0.002093883543052009,0.0,0.00030964876166035516,5.6699129898217454e-05,9.603095874653046e-06,0.0008400665678433191,0.02695067992983613,0.0,0.00681789158922043,0.0,0.0,0.0,0.0,0.0,3.207842664511762e-05,1.0420380629942668e-05,0.00043867759240170403,0.00013362605748985304,0.0,0.0,0.0,0.05338371212779059,0.0,0.20825335010129142,8.458897217247577e-05,0.0,0.0,0.0003301830411370069,2.3599097308987805e-05,0.0011053776315292124,0.00016989306850582895,0.00022740948315933703,0.0007998152936453054,0.000272768787077911,0.00031710648505237294,0.005739892996993409,0.018468898739440444,0.0006160283842995518,0.0,0.0005425749169178971,0.0004890427654464269,0.0,0.0,0.0,0.0,5.383863325470378e-05,0.0001321958091680962,0.0
FDM040W4,0.0,1.1949926794145946e-05,7.631886019790688e-06,1.2853702770173792e-05,3.183299826675853e-05,9.750738585811525e-05,3.243551558411043e-05,3.233509603121844e-05,2.3096497165156032e-05,0.0,4.2979568637768616e-05,0.0,0.0,0.0,0.0002903129274107221,0.0050746016858434564,0.0052112726973294445,1.0443633500766107e-05,0.0,0.0008977508028543247,5.924753620626983e-06,0.0,8.304697024166963e-05,0.03694114008326791,0.000902470521840249,9.961619646884689e-05,8.475410264083334e-05,6.215970324013732e-05,0.0003126060681527423,0.0003410248016211724,0.0,4.087075802703698e-05,0.0,0.0,6.798403730787233e-05,1.0443633500766107e-05,0.0,9.640277077630343e-06,0.0008939348598444304,1.024279439498224e-05,0.0002822793631793635,4.127243623860481e-05,1.3255380981741724e-05,4.7900126729475776e-05,0.0005808266939272282,0.06001765375739843,0.024784248590611586,0.17176101753124565,0.0002277515459590159,0.0032505809271134813,0.0033284060806047684,0.0012935042608016296,0.025328422147733242,0.0,0.0,0.0001652905840602036,0.0,4.518879880139224e-06,0.0,6.918907194257611e-05,3.5849780382437844e-05,0.0006226012279302931,0.0010156433579495134,0.0014291710767586985,0.00030236327375776005,0.006082111060008719,0.0,0.06290792932873548,0.00016890568796431497,0.0009641281273159263,0.0,0.009937619373743505,0.008151255947348024,0.0,0.0,0.0,0.009006730118434825,0.01418968450184873,0.022069506397729626,0.0014755649101947845,0.00021379322810703127,3.263635468989439e-05,0.001375245776855694,0.0,0.012552042433286276,0.004027527007838752,0.0010896525684308946,7.079578478884773e-05,0.10471429633006707,0.0,0.0015786957910148506,0.0,0.0,0.004499900584642639,0.017050838402847004,0.008885624137647093,0.0,0.0,0.006216974519542642,0.0,0.0022322262412358845,0.06215889988371419,2.5908244646131448e-05,0.0,0.0006102496229245791,0.0024990409932698827,0.002708917858814127,0.0,0.0,0.0001275328321728181,0.0,0.0,0.0002821789436264715,0.0,0.0,0.0,0.0,0.0,0.0,0.0,0.0004181470182422162,0.000320037115066749,0.0,0.0,0.00010634430651260974,0.0,3.37409697717062e-05,4.709677030633981e-05,0.0,0.0,0.0,0.0006350532524888989,0.0,0.00017693925219567361,0.0,8.766626967470093e-05,0.0,0.001444234009692496,0.0,0.0,0.00013305590758187714,0.0,0.02492674393616531,0.0,0.0,0.0010047980462371793,0.0,0.0,8.927298252097267e-05,0.023643783728417238,0.10990638889279414,0.0,8.897172386229672e-05,0.0,0.11263609359905691,0.0020157216852007697,0.0058424095872555565,0.0,7.551550377477103e-05,0.00013867940254382816,0.0,6.517228982689681e-05,9.389228195400386e-05,0.00010072081155065869,0.0,5.4728656326130503e-05,0.00024482286995065395,0.001065451456183937,9.911409870438698e-05,0.0,4.9808098234423446e-05,0.0002818776849677956,0.0,0.0,1.0142374842090258e-05,0.0,0.0,0.0,8.937340207386464e-06
FDM040W24,0.002169510890740501,3.302756811110234e-06,0.0,1.0308604592253152e-05,3.7130993240057474e-05,5.794836950402501e-05,6.09508756959433e-05,1.651378405555117e-05,1.60133663568981e-05,0.0,1.1009189370367444e-05,0.0,0.0,0.0,0.0003375817795113581,0.003843708343354198,0.0,7.986666470502918e-05,1.0408688131983667e-05,0.007351436243832727,3.9232747574400346e-05,0.0,1.5813199277436877e-05,0.024809908830901152,0.0009588003106192739,9.187668947270286e-05,5.414519499426171e-05,0.0001724439389558464,0.002230261599356983,7.386165232119251e-05,0.0,0.000254312274455488,0.0,8.847384912186201e-05,0.0007099926308489696,2.201837874073489e-06,0.000616214354121385,8.717276310536405e-05,0.00015683090675787078,0.0002503089328662635,0.006178156907570748,0.0016189513386823883,0.00013521286217605836,0.0007037874513856716,0.00928955399071605,0.02381027443607179,0.004078504327562216,0.0326573590976388,0.000662553033016658,0.0001538284005659524,0.003408144778446569,5.304427605722497e-05,0.07262682160799619,0.00023129306031744598,7.586332311580476e-05,3.372815288921663e-05,0.0,0.0,0.0,1.080902229090622e-05,7.506265479795986e-06,0.0001712429364790791,0.001643071471757476,0.0003199670765187692,8.867401620132324e-05,0.0045770204389604,1.9316123168008337e-05,0.04435892639586262,6.525446790435977e-05,0.0006271234599520209,0.0,0.009106801447167951,0.007957842411060512,0.0,0.0,0.0,0.0015262739808918403,0.01964659901619882,0.03295580821311549,0.0009605017307946943,4.173483606766568e-05,1.7114285293934845e-05,0.0016277586901786922,0.0,0.00887510805269158,0.0024054077938855563,0.06304622468374352,0.0025780518999208636,0.0,0.0,0.0026165840627171495,0.0005376487754328527,0.0,0.0001904589761073568,0.0757500285488297,8.22686696585639e-05,0.0,0.0009572990575233147,0.005878807040236485,0.0,0.0021895275986866234,0.03254166252571021,0.0,0.0,6.92578094935843e-05,0.0034447753539879737,0.0031233070243732444,0.0,0.0,0.0001523271474699922,0.0,0.0,0.0002743289824016106,0.0,0.0,0.0,0.0,0.0,0.0,0.0,6.345296418920873e-05,0.00024320300154538992,0.0,0.0,0.0,0.0,5.995004029863727e-05,0.00011919949581916025,0.0,0.00011069239494205813,0.0,0.0012705605368801339,0.0,0.0005420524511810008,0.0,0.0,0.0,0.0032303964118850005,0.0,0.0,2.0917459803698147e-05,0.0,0.032977826591856226,5.834870366294746e-05,0.0,0.0003906260555685831,3.002506191918384e-06,0.0,0.0,0.025766106969487428,0.311220375647553,0.0,0.0,0.0,0.0902644437311824,0.0020596191641162878,3.9132664034669737e-05,0.0,6.305263003028628e-05,0.0,0.0,8.196841903937216e-05,0.0,4.203508668685751e-06,0.0,0.0,0.0,0.0004946128533486901,3.4728988286522765e-05,0.0,0.0,6.09508756959433e-05,0.0,1.3211027244440935e-05,0.0,0.0,0.0,0.0,2.8523808823224747e-05
FDM040W16,0.012347427533944345,0.0,6.925929989286897e-06,0.0,0.0,0.0,0.00011001187345302085,1.3851859978573794e-05,2.9309732708286476e-05,0.0,4.0551821966259514e-05,0.0,0.0,0.0,3.7139044870089155e-05,0.002815541104340543,0.0,0.0002238380271899968,0.0,0.003290318623895997,0.00011262164417362172,0.0004410512517815453,3.693829327619678e-05,0.031863995613176196,0.001083255600643249,7.628560567910205e-06,0.0004436610225021462,4.3462720077698835e-05,0.00911392161111988,0.0,0.0,0.0002565605369944537,0.0,6.153036352801257e-05,0.011867229721353786,6.022547816771204e-06,0.001415097985347343,0.0,0.0004959568127111095,0.00018629747913212293,0.004459596282522138,0.030914239822471375,4.125445254488272e-05,9.846865680420936e-05,0.003743716098701933,0.00012205696908656329,0.0006889794702386269,0.012175584169572472,0.0010864676261455272,9.836828100726316e-06,0.0057311568782364335,0.00047537977433714123,0.01635984964107122,0.0001541772241093431,0.00018278432623900637,0.0,0.0,0.0,1.365110838468142e-05,0.0002559582822127756,0.00018188094406649069,6.273487309136682e-05,0.00014293513485137016,4.988677108225479e-05,0.0008473724778197089,0.016613599655751182,0.0,0.07238680897411826,3.573378371284254e-05,0.0007309365533621321,0.0,0.006613159006002569,0.013609151301557912,0.0,0.0,0.0,0.01312463732969867,0.007312477183326662,0.03529504110439075,4.587173920440742e-05,0.00016702532611845403,0.0,0.04472394196632777,0.0,0.005226868874378791,0.00790720378023282,0.2764378556879102,3.151800024110269e-05,0.0,0.0,0.007563717803082968,0.0007435839037773517,0.0,9.053896884546058e-05,0.04659002840735433,0.0,0.0,0.00028396312956076276,0.009718384660329817,0.0,0.0009443354976697264,0.049408179282415476,0.0,0.0,0.00012025020474153191,0.00902147550213244,0.00034519236569793577,0.0,0.0,0.00015688737062689013,4.1455204138775195e-05,0.0,3.342514038308024e-05,0.0001341020647201057,0.0,0.0,0.0,0.0,0.0,0.0,0.00012135433850793997,0.0002869744034691484,0.0,0.0,0.0,0.0,2.2584554312891953e-05,3.382664357086499e-05,0.0,0.0,0.0,0.002518227993785937,0.0,0.0017544685548224008,0.0,0.0027862313716322563,0.0,0.005907015274486143,0.0,0.0,0.001952610377994174,0.0,0.01568883743848596,0.0016489735922319585,0.011036017746842411,0.016922255231360706,0.0,0.0,0.0,0.0042121699430497875,0.11672661276553196,0.0,5.781645904100366e-05,0.0,0.03546166492732143,0.0022945907181898327,0.00016170540888030613,0.0,0.0,0.0,0.0,0.0,2.238380271899968e-05,9.435324912941568e-06,0.0,0.0,0.0,0.00027111502755165084,0.0,0.0,0.0,9.666189245917799e-05,0.0,0.0,0.00038755095200922765,0.0,0.0,0.0,1.3450356790789047e-05
FDM037W4,0.0,7.16470921846507e-05,0.00012326922461544537,0.0,1.1773468800005804e-05,4.417566498463707e-05,0.0005243721873233344,1.4389795200007095e-05,0.0002597207091693588,0.0,0.0,7.516907003080629e-05,6.711883495387923e-05,0.0001924006183385564,4.2364362092328577e-05,0.010513908894282007,0.0009826318190774075,0.0,1.3786027569237566e-05,0.0,0.0001284012494769864,0.0,0.0,0.023070665567272913,0.0,0.0,0.0022705688034472733,0.0004783852194463897,0.0,0.0,0.0,4.246499003079007e-05,0.00015315572233853605,0.0002521736137847387,0.0,2.5760752246166546e-05,0.0,0.0,0.0,0.0003034938624001496,0.0,0.014557843857237946,0.0,0.0,0.07381763681726716,0.0,0.03492805806795568,0.013675940604560588,0.0006534778323695529,0.0,0.026333425843951343,9.036388873850609e-05,0.02307690449945753,0.0,0.0,0.00010404928836928207,0.004860329427694704,0.0,3.089277710770754e-05,0.00016261474855392634,5.051522510771721e-05,0.00033418538363093396,0.00038188302646172573,0.0034952108145247904,0.0,0.0,0.0,0.02917767452456823,0.0,0.0001620109809231568,0.0,0.0,0.0,0.0,0.0,0.0,0.004481767123202209,0.005953551351141396,0.029848963502045484,0.0002505635667693543,0.0,3.8741756307711405e-05,0.0001654323308308498,0.012076258266836722,0.00420111580283284,0.0,0.23689648142337832,0.0,0.0,0.0,0.0,0.0007538038870157562,9.630093710773978e-05,0.004252939191140558,0.056261784789443124,0.0,0.0,0.00021192243840010446,0.007405914386957498,0.0,0.0011076117186467,0.02964126743706077,5.0817108923101975e-05,1.4993562830776622e-05,4.025117538463523e-05,0.0024080265673858026,0.0017135931640623833,0.000157080211938539,0.0,0.0,0.0,0.005849904574525961,0.0,0.009108438477789105,0.001761290806893176,0.0029508136674476085,0.000892871697969671,0.0,0.0,0.0,0.0,0.0,0.0,0.0,0.0,0.0,2.7370799261551956e-05,0.00020528099446163968,0.0,0.00016301726030777168,0.0,0.0030763973346476705,0.0,0.0,0.0,0.00022067706904626262,1.2981004061544761e-05,0.003192220091816958,0.0,0.0,0.0033685202400016503,1.7911773046162675e-05,0.019979073413917543,0.00015164630326161324,0.004162776558278966,0.005457656870402691,1.7710517169239503e-05,9.630093710773978e-05,2.0930611200010218e-05,0.025927190856382013,0.21589140554890643,0.0,0.0006038682587079901,0.0,0.0,0.0009048464226465999,0.0006816536551387975,0.004236838720986705,0.00019843829464625168,0.0,0.0,0.0,0.0002690791074462865,0.00025619873132320324,0.00013464018166160484,0.00033700296590785845,0.0037919626050480233,0.02109654667053348,0.00034122933932324514,0.0,0.0,0.00035209715667709664,0.0,2.8175822769244657e-06,6.762197464618718e-05,0.0,0.0,0.0005887740679387518,0.0
FDM022W24,0.0030557754306219033,8.643306983460761e-05,0.0007495885394367198,0.00012588509822601402,7.72978673317629e-06,0.0006107535387616173,0.0003248518164747858,0.0002330982440835762,0.0001616228135118681,0.0,0.002778908523997225,6.695802274063105e-05,2.9814891685108586e-05,0.0,0.0,0.017267038532986875,0.0,0.00024504427812575776,0.0,0.002757526126930127,5.832475444123935e-05,0.0,0.0,0.07445631741917483,0.0,0.0,0.001373693528010178,7.428626211104496e-06,0.010041394513758775,0.0,0.0,0.0,0.0,0.0,0.008466726530686003,0.000545100544949965,0.0,0.0,0.006154717202740766,8.793887244496673e-05,0.003608003441260901,0.06102576277686067,0.00048446689317284083,0.00033689823735765694,0.006203204046794316,0.0,0.000588166499606233,0.053164971216583035,0.0008822999428296948,0.0002990523984173012,0.01632460687258351,2.3791681243672506e-05,0.04148094682860405,0.0,5.7822820237786346e-05,0.0,0.0,0.0,0.0,0.00020057290769982138,4.4370983585245766e-05,0.00012889670344673208,0.0002652220331045676,0.001739804336008811,0.0014275008746203403,0.0,0.0,0.09853440231933763,4.898877825701343e-05,0.0006527152381702896,0.0,0.011395713381515678,0.02032964026877574,0.0,0.0,0.0,0.0,0.021123097857594253,0.023382002546814162,0.0,0.0,0.0,0.0031922011471204304,0.0025620729481055263,0.007118129712848466,0.0027793100713599875,0.01074681284329163,0.0,0.0,0.0,0.05024010022622178,0.0,4.939032561977574e-05,8.332107777319908e-06,0.10045891844221715,3.372997847204203e-05,0.0,0.0,0.00041108411262801226,0.0,0.0006107535387616173,0.054518085442251646,0.00012146807723562757,0.00021512899959995858,0.0013900565830427562,0.005782583184300707,0.0002776700013502032,8.723616456013252e-05,0.0,6.886537271375249e-05,0.0,0.0,0.0,0.0,0.0,0.0,0.0,0.0,0.0,0.0,0.0,4.1158604683146524e-06,0.0,0.0,0.0,0.0,0.00018290482373827557,0.00016142203983048688,0.0,0.0,0.0,0.0066116781015643725,0.0,0.0008767786665917117,0.0,0.0015260807521785208,0.0,0.004032137843178692,0.0,0.0,0.0061093423507486136,9.335976184225922e-06,0.004058138034917558,0.0,0.0,0.030522418138295943,3.222417586168302e-05,9.797755651402687e-05,5.45100544949965e-05,0.0,0.085044619441016,0.0,0.010201812685182356,0.0,0.017143663105778126,0.00020458838132744544,0.0,0.0,0.0001017922564602697,0.001038602253784951,0.0008615198668067393,7.08731095275645e-05,0.00019746091563841274,0.0007381444395979903,2.399245492505371e-05,0.000125383164022561,0.0036200498621437632,0.08929278976536077,0.0003269599401292884,0.0,0.0,0.0021066178518922684,0.0,3.714313105552248e-05,0.0003963272470464939,6.876498587306188e-05,0.0,0.0,2.30889733588383e-06
FDM037W24,0.0,0.00012537005765214437,0.00023336109288936812,9.74430736559135e-06,3.144297119000095e-05,4.1890475994346315e-05,0.00018474001283837622,5.9369955186231834e-05,0.00010055723374182413,0.0,0.0,4.5506919965081254e-05,1.9287701177252982e-05,0.00028318765426393834,0.0002037263436847346,0.0051152590830506346,0.0001230595517819526,0.0,3.134251441303609e-05,0.0,0.00028037486450892225,0.0,3.0538860197317223e-05,0.0167353958449068,0.0,5.354346212226989e-05,0.002138825238358819,0.00047305096272752236,0.0,0.0,0.0,2.5415564572109396e-05,5.886767130140744e-05,4.8018339389202736e-05,0.0,0.00024009169694601368,0.0,0.0,0.0,0.00013742487088792748,0.0,0.0067080012818284684,5.394528923012943e-05,0.0,0.380653029324338,0.0,0.08223361625310291,0.018643170496246444,0.0011431981218600984,0.0,0.0031741327817586488,0.00012004584847300684,0.011717479378735116,0.0,2.1397293493515026e-05,7.443847173096073e-05,0.015372398295047591,0.0,0.0,0.00010497733192827695,0.0,0.00014696826469958913,0.000188456913586075,0.0025481866044906203,0.0,0.0,0.0,0.0843270350282736,1.1753442904888535e-05,0.00048530668951723516,0.0,0.0,0.0,0.0,0.0,0.0,0.010590856625074219,0.014163099613944515,0.03455361528871772,0.00016937012596275275,0.0,6.248411527214246e-05,2.7625613665336202e-05,0.0006656266041691575,0.0051195787244601235,0.0001184385400415691,0.009382361598186962,0.0,3.3853933837157575e-05,0.0,0.0027506070100748116,1.516897332169375e-05,2.7424700111406583e-05,0.0020411812511489757,0.02046354775162666,0.0,0.0,0.00012195452723533916,0.002443108815785378,0.0,0.00027073101392029576,0.05471147306804042,1.7579935968850373e-05,0.0,2.49132806872851e-05,0.0046773679922608126,0.0011485223310392363,0.0,0.0,0.0,0.0,1.4968059767764032e-05,0.0,7.162568197594466e-05,0.0,0.0,0.0016118289864011672,0.0,0.0,0.0,1.0045677696485928e-06,0.0,0.0,0.0,0.0,0.0,7.011883032147178e-05,0.00015801851016572363,0.0,0.0,0.0,0.0018715097548553184,0.0,0.0,0.0,3.666672359217364e-05,0.0,2.4511453579425663e-05,0.0,0.0,0.0004990692679614209,2.210049093226904e-06,0.009532142652641558,6.921471932878804e-05,0.004402216880154064,0.0040904995012321045,7.684943437811735e-05,8.388140876565749e-05,2.2301404486198762e-05,0.010823614977301797,0.14374038754215426,0.0,0.001736194476283663,0.0,0.0,0.0012373261218761719,0.0008340926191392266,0.013212778503857046,9.37261729082136e-05,0.0,2.370779936370679e-05,0.0,5.9269498409266976e-06,0.00010246591250415647,8.036542157188743e-05,0.00020463045467741835,0.001522723825233327,0.005217825452331756,0.00012999106939252792,0.0,0.0,0.0002338633767741924,0.0,0.0,4.3196414094889395e-06,0.0,0.0,0.0,0.0
FDM037W16,0.00332641421978598,0.00019759779125773374,0.00029826081699280566,7.869651961870988e-05,0.0,0.0003694000523971698,0.00024223615001713001,0.0003062211563652488,3.869329517744506e-05,0.0,0.0014088793051329086,6.267507708429902e-05,0.0,0.0,0.0,0.034605812055379805,0.0,0.0012115838052437484,0.0,0.031157775941637534,0.00042905221579573195,0.0,0.0,0.08510701114447508,7.254992845770949e-05,0.0,0.0070680760162028225,3.4864271175510395e-05,0.02171510046149817,0.0,0.0,0.0,0.0,0.0,0.003749219080631187,0.00763930593901776,0.0,0.0002510025997057699,0.005782733117027069,0.0016493017069385855,0.005347433546280812,0.0853750428246106,0.0028200761774248824,0.0017843251849015448,0.006463291751476184,0.0,0.006908264646016812,0.0774951129562081,0.0010979222506600037,0.0022783700449406515,0.03218294673626088,4.5444469075593025e-05,0.04346597206827758,3.063219201547734e-05,0.0,0.0,0.0,0.0,0.0,0.0,9.270268636262879e-06,0.00022430019548175183,0.0003009814393099698,0.004719171318594953,0.00392333890892968,0.0,0.0001155760665847122,0.09900445375949705,3.818947622982208e-05,0.0005504725821728708,0.0019030249289615298,0.009378892001370393,0.011947562523931407,0.0,0.0,0.0,0.0,0.024602587614115008,0.03949587876100837,0.00016243122871364957,1.3703875375345126e-05,9.673323794361265e-06,0.0032905423107152235,0.0030881078575603093,0.03360432075129484,0.011441929828096982,0.006979101590052604,0.0,0.0,0.0,0.010513593035206876,0.0,0.00013129521775054925,0.0018478063723020408,0.06211503194212122,0.00016112129944982983,0.0,0.0,0.005905060357509929,1.4812277060115688e-05,0.00022339332137603045,0.03291983232905425,0.00018611071925192974,0.00031649906289675766,0.0009107031297233032,0.007205920880272471,0.001425706857983516,0.0,0.0,0.0001966909171520124,0.0,0.0,0.0,0.0012862497732814746,0.0012100723484008795,5.8745289292839766e-05,0.0,0.0,0.0,0.0,0.0,0.0,0.0,0.0,0.0005463412668023622,0.0,0.0002536224582334094,0.00010560045142177715,0.0,0.0,0.0,0.0017237661473972724,0.0,0.004497591745430365,0.0,0.0022400798049213052,7.859575582918528e-06,0.005164144213135561,0.0,0.0,0.009427560911710773,0.0,0.04113187964772982,9.522178110074371e-05,0.0,0.024017149996977002,1.1184780637230213e-05,0.0001911489087281596,4.997883960419987e-05,0.003639789605207475,0.0,0.0,0.008578122166018425,0.0,0.009634025916446673,0.001075854980754117,0.0,0.0,0.00032415711090062597,0.00028697527256605086,0.000494246387618146,0.00026470647508111504,0.00019810161020535676,0.0006074041232542678,0.0,0.00011013482195038399,0.0024370730134418914,0.027866024465448117,0.00016061748050220684,5.088571370992124e-05,0.0,0.00016615948892605964,0.0,0.0,0.0008974023095060565,0.00013401584006771236,0.0,6.317889603192202e-05,1.8540537272525757e-05
FDM035W4,0.0398948161414004,8.749419665812776e-05,0.0,4.242758028201555e-05,9.074224108163135e-05,0.0004954282759725309,0.00021457393472770544,0.00022299854995116785,4.110806223496712e-05,3.5525485882070436e-06,2.0706283199835342e-05,4.5980128870222596e-05,0.0,3.4510471999725568e-06,0.0005634342060896371,0.019062671220154193,0.0,0.0002648171219037765,0.000253042960868576,0.0022433836827586307,0.0004779700371961991,0.00030876722300930833,0.0,0.002961201500352923,0.00014047792131652997,0.0002047283000689602,0.0,1.0150138823448697e-06,0.004698499261374391,0.00011906112839905322,0.0,0.0,0.0,0.0,0.0011196618136146259,0.0027829650626131634,0.002368027387510581,0.00023578772486871323,0.0022240984189940785,0.0014119858117299482,0.00710966473888464,0.004012451378297505,0.0003611419393383046,0.0012758724501075013,0.04224234024848751,0.0,0.06470581548143828,0.014393099854426722,0.003804779537969744,0.00017539439886919347,0.008997692061434331,2.9029397035063273e-05,0.005670578056496083,0.00044670760961997713,6.496088847007166e-05,3.887503169380851e-05,0.0,0.0,5.1765707999588355e-06,0.00024989641783330696,8.597167583461046e-05,0.00019417215569257355,0.0004335124291494938,0.0,0.0022833752297230186,0.0003946373974556843,0.0,0.1141674419681039,0.00021163039446890533,0.0013013492985543573,0.0,0.006413466716984293,0.0027313008560018097,0.0,0.0,0.0,0.0,0.03380930040980173,0.020669235193129753,0.0022824617172288986,0.0,0.0,0.00022695710409231283,0.0,0.006275830834538318,0.0013105859248836956,0.0006981265482768003,0.0,0.0514356254850498,0.0,0.0017785073246446704,0.0,1.299217769401433e-05,0.004100250079120335,0.07224929715363723,0.0001603721934104894,0.0,0.0,0.0016443224893986888,4.801015663491233e-05,0.0005390738729133602,0.01875471600825086,4.273208444671901e-05,5.613026769367129e-05,0.0007769931269349977,0.0014418272198708875,0.002062305206148306,0.0,0.0,0.000432091409714211,0.0,0.0,1.3195180470483304e-05,0.10565746407713626,0.01082816809685507,0.010141815709613469,0.0025780337597677344,5.2983724658402096e-05,0.0,0.0,0.0001918376237631804,5.105519828194684e-05,0.042757155289612825,0.01579747306203908,0.002313927147581599,0.0,1.7255235999862784e-06,0.001499074002835138,0.0,0.0,0.0,0.026533579399765472,0.0,0.009841168597662918,0.0007420766493823331,3.085642202328404e-05,6.090083294069218e-05,0.04291052388723514,0.0,0.016392271197093175,0.0,0.0,0.02353593890103627,0.00031800384933864664,2.8826394258594296e-05,0.03451199452054908,0.0,1.136815548226254e-05,5.247621771722977e-05,5.613026769367129e-05,0.0,0.002871677275930105,0.0031796324878335287,0.0,0.05436312852450888,0.005646826731649213,0.0,0.0,4.729964691727093e-05,0.0004561472387257844,2.0503280423366365e-05,0.0,5.633327047014027e-05,1.1977163811669462e-05,8.01860967052447e-06,0.0,2.172129708218021e-05,0.0008957497511693464,0.00014352296296356456,5.99873204465818e-05,0.0,7.62275425640997e-05,0.0,0.0,0.0,0.0,0.0,0.0,1.0759147152855618e-05
FDM035W24,0.10307576293004883,0.0004042900334788948,0.00019596055478610398,6.634241004495644e-05,0.00017531160743775083,0.0011957989409952239,0.0006567796371939062,0.0008909714113279513,0.00014904042194999458,1.8400052092591925e-05,0.00011827144595071586,0.00013646705302005675,1.0426696185802092e-05,5.3462373580142086e-05,0.001573511121451486,0.037713973439115915,0.0,0.0034513386600121174,0.010911435335930262,0.016189081388643754,9.864472371861782e-05,0.00020904503627416834,0.0,0.002898008204583228,0.0008096022920740446,0.00043925013245481944,0.0008558068673287755,0.00014116928855483025,0.0004885213830583157,0.0016264623824735005,0.0,0.0,0.0,0.0,0.0011721855408097209,0.0016993470332624897,4.8044580463990025e-06,9.332915311409126e-05,0.0009984072710463629,0.0005165303512437055,0.0033614850722932933,0.005262517120992916,0.0007960066980278507,0.0018354051962360342,0.031331404258242275,0.0005475037722662353,0.007330989643735125,0.008073125078136331,0.004546141759521337,0.01304389915095004,0.029461447853076708,0.001153581043693888,0.005596886956519962,0.00021599616706470306,0.00011632921822983117,7.717799627726057e-05,0.0,0.0,0.00012972036725277306,0.0004318901116177827,7.155575813785748e-06,0.0011890522552279405,0.00024615180799422975,0.0015988623043346126,0.0012525324349473824,0.016285579439618236,0.00033743651087581077,0.2578651789338621,0.04062659946286159,0.004344967856642332,0.0,0.004216678604552316,0.00515518348378613,0.0,0.0,0.0,0.0,0.024256686451152306,0.05005366170747781,0.0019097209621877908,0.0004122633893856846,7.431576595174628e-05,0.0013537327214566278,0.0,0.009152185910855223,0.0037929662938645738,0.00021190726659968366,0.0,0.0,0.016808243141559473,0.0004428279203617113,0.0,0.0004054144811067754,0.004564030699055801,0.04315885552084874,0.0003804721882701508,0.0,0.0,0.026346114588777746,0.0,0.0007697355125400955,0.005402357516896615,2.4226735255246032e-05,0.00010835586232304133,0.0011067631333694043,0.0002617918522729329,0.002731692178168522,2.453340279012246e-05,0.0,0.0004629657551519369,0.0,0.0,6.12312844636809e-05,0.002181428398088398,0.00035542767292190067,0.0008453801711429724,0.00047748135180276046,1.4004484092694963e-05,0.0,0.0,0.001224830134296869,0.0,0.03626772934463819,0.017429040454661197,0.0043144033256663035,0.0,0.0006324506794270346,0.001266536919040067,0.00016958714678672222,0.0,0.0,0.007346527465502202,5.826683162654109e-06,0.014932357830719724,0.00030656531236490555,6.164017451018285e-05,0.0002869385901328085,0.021177642178480303,0.0,0.00171641819270395,0.0,0.0,0.008339005830874286,0.0002795785692957717,0.0010538118723473896,0.005127685628158856,0.0,6.184461953343397e-05,0.00024390291273846852,0.0,0.0,0.006597134232775583,0.0011083986935554126,0.0,0.015974516336741806,0.008681042354773244,0.00016979159180997326,0.0,0.00019064498418157745,0.0003866055389676814,4.477346009197368e-05,5.888016669629416e-05,4.804458046399002e-05,0.00013176481748528328,0.0,0.00016161379087993238,0.000449370161105745,0.008641584465285797,0.00028734748017931056,2.1875617487859286e-05,0.0007178064766343361,0.00040725448631603455,0.0,0.0,0.0,0.0,0.0,0.0,4.293345488271449e-05
FDM035W16,0.04559497097329379,0.0001128123409631296,4.554911886693993e-05,8.311956724499238e-05,0.00011180238267339801,0.0010215728100645175,0.00039388373299571115,0.0007398954430580974,8.210960895525979e-05,0.0,2.2926053176929853e-05,1.898721584697274e-05,0.0,1.252348279268415e-05,0.002972812225827887,0.008160260989381402,0.0,0.002765770776432695,0.004807603450785088,0.018858749152518756,0.0002715777841090942,0.00030015960370852657,0.00028551520850740396,0.0023051288004856695,0.0012976954064773984,0.0007916053074924061,2.6965886335860223e-05,0.001205587210453796,1.9088211675946002e-05,0.0034111341235718317,0.0,0.0,5.170986443430874e-05,0.0,0.00041105302392116527,0.002293514280153735,0.0,1.4644395201122494e-05,0.0009061345775480813,0.0005407316683228302,0.002621043753514014,0.0005434585557051082,0.00011725615743795402,0.0020604159068834623,0.023820371242488064,0.00411356011408085,0.009616418851517854,0.010470338585486762,0.0011361020801201936,0.010964713168310864,0.028770580803783394,0.00022309978620192871,0.01523148395494405,1.1917507818844595e-05,0.0,0.00043781691859907896,0.0,0.0,4.7771027104351634e-05,0.0002719817674249872,0.0001262447862165741,0.0019355850622725039,0.0022693762770291358,0.003987113336206329,0.00033288225229586254,0.006683499978134406,6.948513033360227e-05,0.1465351512447888,0.01374411838165496,0.003142081235187069,6.96871219915489e-06,0.00552871366965416,0.02002020118571124,0.0,0.0,0.0,0.0,0.0030261380235257675,0.04868180749003238,0.0018361041707338536,0.0002903630082981204,0.00023754218974510581,0.0008878543325039222,0.0,0.012568627928235196,0.002571555797317128,0.002543983936007428,0.0,0.0,0.09438595495444638,0.008296504362666329,0.0,9.544105837973002e-05,0.0012931505941736116,0.1520067012752441,0.000981174478475214,0.0,0.0,0.028530109734997963,0.0,0.0002715777841090942,0.05352809234331424,0.0,6.362737225315334e-06,0.0003831781751245457,0.0008953280238479435,0.003755529900370646,0.0,0.0,0.0007263620019756807,4.7973018762298054e-05,3.746945254907919e-05,4.231725233979564e-05,8.766437954878904e-05,2.1815099058224002e-05,2.1007132426437828e-05,0.00048589093319035035,0.0,0.0,0.0,0.002359868539789176,0.0,0.035192703576535006,0.015899066384457396,0.0028871677628585627,0.0,0.00017189490091248726,0.00030308848274875104,0.00023552227316564063,0.0,0.0,0.00950441447718651,0.00020936435346156646,0.012426425801040848,7.695882167762356e-05,0.0,5.484073513247978e-05,0.010120590029752364,0.0,0.006017836469371654,0.0,0.0,0.01359191766739226,0.0035184926897704064,0.001837417116510506,0.004410790838749152,1.535136600393541e-05,0.0,5.271982272404124e-05,0.0,0.0,0.018041793891954063,0.00013785930654849893,0.0,0.011749955738577957,0.00863120453988371,0.0003320742856640755,0.0,0.0001569475182244449,0.00014523200206354684,0.0,0.0,0.0,0.0,0.0,0.0,6.231442647650096e-05,0.0053232881535225495,9.190620436566593e-05,0.0,0.0028605048640096224,0.0002085563868297804,0.0,0.0,0.0,0.0,0.0,0.0,2.605692387510079e-05
FDM022W16,0.001065557322188983,0.0,0.0,0.0,0.0,0.0,0.0001410412052554919,6.0863322650060996e-05,0.00011173248346275036,0.0,3.357589201543955e-05,0.0,0.0,2.0549793440887752e-05,4.3682347806040085e-05,0.006853973729278824,0.00014193955688132306,4.491758129155793e-06,0.0,0.00132697764530585,7.265418773909495e-05,0.0001084759588191124,1.0667925556745009e-05,0.0025816379847322917,0.0,7.411400913107059e-06,0.0006338993659771113,2.2458790645778965e-06,0.0,0.0,0.0,6.580425659213225e-05,0.0,0.0,2.650137296201918e-05,0.0,8.815075328468244e-05,0.0,1.4036744153611854e-05,3.9078295723655397e-05,0.00035293989499841645,0.0005464223764118022,0.0,0.00012228811506626646,0.0,0.051611873019345264,0.00460685943121541,0.0008452365859538914,0.0,0.0,0.05714257480377479,0.0,0.009675471598108035,0.0,0.0,0.0,0.012877196792570286,5.277815801758057e-06,0.0,0.0,0.0,0.0,0.0018303914376309855,0.000561694354050932,9.769573930913849e-06,0.0007683152279920972,0.0,0.09309651586674265,0.0,0.0002483942245423154,0.0,0.007098437665458117,0.02453611648656029,0.06462640531671449,0.007206464448464325,0.0,0.0,0.017167274981726984,0.059813935657136975,0.0,1.0555631603516114e-05,0.0,0.1484838238875966,0.00011150789555629256,0.007064861773442689,0.0057770747178137235,0.11444763895787068,0.00014699278477662222,0.0,0.02019123884822789,0.005166532494108222,0.0,0.0,0.0001236356425050132,0.09989748685009744,0.0,0.0,0.0002382877687517137,0.0031171678476808913,0.0,0.000149350957794429,0.030221559338539237,0.0,0.0,2.0325205534429963e-05,0.004535103595102146,5.3564215690182834e-05,0.0,0.012803644253205359,8.0065588652202e-05,0.0,0.0,0.0,5.659615242736299e-05,0.0,0.0,0.0,0.0,0.0,0.0,0.0,0.00036484305404067927,0.015872188819138138,0.0014163636320760503,0.0,0.0,3.323901015575287e-05,1.347527438746738e-06,0.0,0.0012391637738808545,0.00012891345830677125,0.0005406953847971286,2.728743063462133e-05,0.001338880804348113,0.0007080133751081819,0.0001778736219145694,1.1117101369660587e-05,0.0,0.01942909978766327,0.0020665456212713516,0.0,0.0,0.0184630349080352,0.003166801775008063,0.0008341194845842307,0.004333648243009498,2.6052197149103602e-05,6.041414683714542e-05,0.0,0.0008829673542388,0.0,0.0,5.0532278953002675e-06,0.02058774879707912,0.025723400454049396,0.0005397970331712974,0.0,0.0,4.480528733832892e-05,0.0,0.0,8.197458585709311e-06,0.0,0.0,3.492341945418629e-05,0.0,0.00010656696161422119,0.0008593856240607321,0.0,0.0,0.0,4.8847869654569246e-05,0.0,0.0,0.0,0.0,0.0,0.0,1.6844092984334225e-05
FDM034W4,0.0,0.000374175144457612,5.380589255232266e-05,0.00013742921722739135,3.183515309345771e-05,0.000186975476619322,0.0009797156268902124,0.00034144322648828226,0.0005071205373056431,2.4212651648545296e-05,0.0010868790295569222,0.0001757659156709214,4.461405257463439e-05,1.68143414226009e-05,0.0,0.035495747316767405,0.0,0.0,0.0,8.250236858022842e-05,0.00023450401504054055,0.00038045249858871413,0.0,0.00048268369443812986,0.0,0.0,0.0007384858752806315,0.00032440469384671335,0.0,0.0,0.0,0.0013765340844635937,0.0,0.0,0.00011657943386336624,2.443684286751331e-05,0.00011657943386336624,0.0,6.075582034033126e-05,6.792993934730764e-05,5.828971693168312e-05,0.0012563675910967393,0.00021230908436270737,0.0,0.0,0.0,0.0,0.00020401400926089094,0.00043448258236000725,0.0,0.058802218058244,0.0,0.00800026364887351,5.98590554644592e-05,0.00017643848932782545,0.0,0.0077812288279417606,0.0,0.0,3.833669844353005e-05,5.8513908150650906e-05,0.0,0.0,0.0,0.0,0.0,0.0,0.06337011414471724,3.0490005779649635e-05,0.00048784009247439415,0.0,0.0053823827849840316,0.0077097118290909645,0.0,0.0002658907856960622,0.0,0.0,0.036567829725872435,0.04113639838600258,0.0,0.0,0.0,0.007655233362881738,0.003827840872659837,0.010482733016506306,0.0014590364530438222,0.07178154448917808,0.00022441541018698,0.001943513677233696,0.025206042939792332,0.0,0.0,0.0,3.811250722456204e-05,0.057107108251626855,0.0,0.0,0.0,0.0008364574379696528,0.0,4.2372140384954265e-05,0.0060699772535589246,0.0002333830589457005,6.52396447196915e-05,0.0009933912912472613,0.006735600982674952,0.0,0.016719284345758464,0.010191732814285825,6.120420277826727e-05,0.0,0.0,0.0,0.036931467883038555,0.002711816984637073,0.009498085182798797,0.004386973772766058,3.2731917969329527e-05,0.0,0.0,0.0,0.0,0.0,0.0,0.0,0.0,0.0012263259677550255,3.900927210043409e-05,0.0,0.001796220046371712,0.0,0.0008319736135902903,0.0,0.0006618124783935715,0.0,4.708015598328252e-06,0.0,0.0,0.05006907331456406,0.0378170231979622,0.0,0.0,0.00012375355287034263,0.0003131951328983128,6.232515887310712e-05,0.0002672359330098703,6.120420277826727e-05,0.0004199101531270865,0.0008335429521230686,0.0,0.0,0.0,0.0,0.0,0.047900695844705445,0.0001533467937741202,0.0,0.007161340107495186,0.0,0.0005938825390462638,0.00013675664357048732,0.010949723325616674,0.0016711213461875593,0.0033633166669581158,0.00024010879551474086,0.001798686149780358,0.07415752302780107,0.1699382891250669,0.0005015157568314428,2.2643313115769213e-05,0.0,0.01831530163359174,1.3899855576016744e-05,0.0,0.0,0.013004660038677472,0.0004687838388621131,0.004344377441162136,6.053162912136324e-06
FDM034W24,0.0,0.0004790186542354911,0.000112657537521385,7.664896120486805e-05,4.4525127561502293e-05,0.0004978447148823008,0.000853746909014846,0.0003154112224239307,0.00036815407487094363,3.0181462306790145e-05,0.0005426686688032763,4.2433343045190106e-05,4.4674540741238874e-05,5.946644553516078e-05,3.839918719230216e-05,0.05748567501139288,0.0,0.0,0.0,2.838850414995113e-06,0.00016689452176576382,0.00018736412738967745,0.0,0.0006155823005147297,9.59232613908875e-05,6.977595493698513e-05,0.00035724691275017446,0.0,0.0,0.0,0.0,4.0939211247824255e-05,0.0,0.00011295636388085816,0.0,9.607267457062409e-05,0.0,0.0,0.0,0.00123938232591497,0.001099979829220738,0.0004058061961645645,4.362864848308264e-05,0.0,0.0,0.0,0.0,0.007112216768641177,0.0005020282839149252,0.0025575053975511086,0.01808825836527044,0.0,0.006547136122877413,0.0,4.9306349313073015e-06,0.0,0.008280926660540745,0.0,0.0,1.7929581568390186e-06,5.483463696332665e-05,0.0,6.708651770172661e-05,0.0,0.0,0.0013867037211352442,0.0,0.05889688249400492,9.293499779615579e-05,0.00046153731220631065,0.0,0.009331600140448409,0.018270691857728807,0.0,0.0035158415323815785,0.0,0.0,0.04005991468507445,0.05180110117513476,0.0,0.0,0.0,0.0038402175455897044,0.0050933458840404415,0.01897846209014101,0.008398813659352909,0.15656603689011442,0.0005746430892669055,0.01571393352607637,0.032929170682145945,0.0,0.0,0.0,0.0010082401368624748,0.04258439976990364,0.0,0.0003263183845447014,0.0,0.0016602792532329311,2.8836743689160885e-05,0.00014388489208633123,0.006494243857250661,0.0,0.0,0.00015957327595867265,0.0029757128876338247,5.8868792816214446e-05,0.00026416250177428203,0.009743681690161909,1.2700120277609714e-05,0.0,0.0,1.4791904793921904e-05,0.002188006604062534,0.00020828197255279933,0.00043539000575240833,0.0008694352928871874,3.810036083282914e-05,0.0,0.0,2.8687330509424298e-05,0.0,0.0,0.0,0.0,0.0,0.00048006454649364725,4.064038488835109e-05,5.229461290780471e-06,0.006555353847762925,0.0,0.00035933869726648664,0.00029509102997975515,0.0006221564804231394,0.0,0.0,0.0,0.0,0.03647952665904668,0.012442531955743841,0.0,0.0,0.0030761185444168095,0.0014321253277751662,0.00026834607080690644,0.00044883719192870096,2.779085143100479e-05,0.0003143653301657746,0.0004497336710071205,0.0011385284295927767,0.004520196926570902,0.0,0.0,0.0,0.02224060004332972,0.001782050994718248,0.0,0.003994561360257582,0.0004764786301799692,0.00027521907707478785,0.00030196403624763656,0.0022519554449898075,0.0002194879610330432,0.000294792203620282,0.0003437997265738803,0.00018811119328836036,0.026017466400711262,0.2322630867268792,0.0,0.0,0.0,0.03553508594993157,0.0,0.0,0.0,0.0006333624689033818,0.00011011751346586307,0.00020843138573253592,9.413030323404847e-06
FDM034W16,0.0,0.00034270637887676673,0.00010218596593905465,6.431612863851663e-05,3.5991994128610367e-06,0.0001909140558126289,0.0002621156094148799,0.0001388039077916407,9.74913580092359e-05,2.2064657270148095e-05,0.0006109249786004125,3.2079820853761417e-05,0.0,2.331655271809976e-05,0.0,0.031537437150936355,0.0,0.0,0.0,6.901073656833553e-05,0.00011267059031564984,0.0005103038819712975,0.0,0.0007478510432201258,7.354885756716032e-06,9.232728928643529e-06,0.0007901025145884945,5.242312188297597e-05,0.0,4.8510948608127014e-06,0.0,0.0002644629133797892,0.0,0.0,9.436161938935659e-05,4.3659853747314316e-05,0.0004300260863713969,0.0,0.0001931048728465443,6.3533693983547e-05,0.0010439243166606945,0.0013725468717480068,0.000127067387967094,0.0,0.0,0.0,0.0,0.009809696243218253,0.000482136234392385,0.0002111008699108495,0.016173393779018552,0.0,0.004843739975055985,4.929338326309681e-05,6.212531160460122e-05,0.0,0.011660154202221808,0.0,0.0,0.0,2.8011160647918345e-05,0.0,8.012130866890656e-05,0.0,0.0,0.0030435143209014913,0.0,0.09558753800676342,0.0004908995025280466,0.0006450391295570953,0.0,0.007206066685340778,0.01702609106600463,0.0,0.0025596567302681728,0.0,0.0,0.046083053873755754,0.056820717617768184,0.0,0.0,0.0,0.0007653775794914492,0.006046655013606541,0.012204885209011775,0.002537122612205043,0.20490430041735075,0.00015069691454718166,0.0020006854127577545,0.025883877307986636,0.0,0.0,0.0,0.00014130769868754418,0.044801269421984244,0.0,0.00024584096859150663,0.0,0.002058272603363531,0.0,0.00025460423672716984,0.007956108545594818,0.0,0.0,0.0002197076511155172,0.008011191945304691,0.0,0.0008354837245767424,0.010849708386604097,6.948019736131741e-05,0.0,0.0,0.0,0.00010562867842092173,2.331655271809976e-05,0.0,0.002193946772535277,5.4770425847885335e-05,0.0,0.0,0.0,0.0,0.0,0.0,0.0,0.0,0.00018762783026175577,0.000123311701623239,1.1736519824546859e-05,0.0015603311889407561,0.0,0.0001600861304068176,0.0,0.0007890071060715369,0.0,1.7213562409335394e-06,0.0,0.0,0.05608037794723576,0.040343739192621346,0.0,0.0,0.0007907284623124703,0.0008315715513018935,0.00012065142379634171,0.001883320214512286,2.003032716722664e-05,0.00021876872952955188,0.0009913447078467245,0.0,0.004487732207044715,0.0,0.0,0.0,0.034354358395758594,0.0006306423319056512,0.0,0.0037175035326924687,6.822830191336574e-05,3.802632423153166e-05,8.168617797884598e-05,0.0015446824958413607,0.0002439631254195807,0.0005182847154519893,0.000130197126586973,0.0,0.022693108785019674,0.1667178900554121,1.64311277543656e-05,0.0,0.0,0.015177354463242011,5.711772981279471e-05,0.0,0.0,0.0003743167389375478,0.00016321586902669831,0.00032987445053526374,0.0
FDM032W4,0.0,4.356748390485434e-05,0.0,5.0457225545622e-05,3.2523633333623827e-05,0.00013080377144457432,0.00016960922803889808,0.00014164498255578125,0.0,0.0,0.00017335805804931576,0.0,3.7690939564199575e-05,0.0001680894320887287,0.0,0.019735867569438997,0.0,5.0659865005644585e-06,0.0,0.0005954560532763465,0.0,0.0,0.0,0.10230354458969777,2.188506168243846e-05,0.0,0.00040578551869521306,0.0,0.0016746124976265873,0.0,0.0,0.0,0.0,0.0,0.0028989601150830055,0.001696598879039027,0.0,4.86334704054187e-05,0.002725703376763701,6.464198774720249e-05,0.0006923177151671389,0.01806692897669304,0.00022199152845473355,0.00027589362482074043,0.0,0.0,0.0042790361575667756,0.05500810253880907,0.0013593054978314556,0.0,0.0,0.012405486422852234,0.04052606824937546,0.0,0.0,0.0,0.0,0.0,0.0,0.014009479068660954,2.553257196284487e-05,0.00310524708538599,2.5329932502822292e-05,0.0,0.005051295139712822,0.0,0.0,0.025536624752045323,0.000546619943410904,0.0030215569883966656,0.0,0.0004651588804818285,0.0008629401405061488,0.0,0.0,0.0,0.0,0.010486997335088472,0.04298276774295919,0.003836674216337487,0.0,1.5907197611772396e-05,0.008299200404954707,0.0,0.007701110038698066,0.014216677916533938,0.0,0.0,0.0,0.0,0.0004557361455907786,0.0,0.0,3.9312055244380196e-05,0.0,0.00020294341921261219,0.0,0.0,0.0,0.0,0.008334257031538613,0.045542712041424425,4.336484444483176e-05,6.737762045750719e-05,0.0003962614640741509,0.0,0.0011824012492317446,0.0,0.0,0.0,0.0,0.0,0.0,0.0,0.0,0.0,0.0,0.0,0.0,9.72669408108376e-06,0.0,2.198638141244975e-05,0.0,0.0,0.003067961424741836,0.0,4.944402824550911e-05,0.0,0.0,0.0,0.0,0.011375166088367434,0.0,0.0006138962441384,0.0,0.004666786764319979,0.0,0.02911493365685402,0.0,0.0,0.0053073300974513385,0.0,0.0,0.0,0.0,0.0001094253084121923,0.0,0.0,0.0,0.0,0.0,0.0,0.468519858565763,0.0,9.574714486066826e-05,0.00033557094579738967,0.00012127971682351313,0.0,2.1175823572359435e-05,0.0,0.0,0.0,4.275692606476393e-05,0.0002288812700955022,0.0,8.60204507795844e-05,0.0015719756111251513,0.002512526664819949,0.0002047671743528144,0.0,0.008699717297689332,0.00013637635659519522,0.0,0.0,0.0006654679867141472,0.0,0.0,0.0,8.105578400903132e-06
FDM031W4,0.003952764143301289,0.00010666109547548754,0.0,0.0,3.301891323350021e-05,1.0005731282878851e-05,0.000320283458364952,0.00015779038233099848,8.564905978144295e-05,5.303037579925791e-06,0.00029646981791170033,2.331335388910772e-05,0.0,0.0,0.001290539220865714,0.01809406428001963,0.00018030327771747688,6.643805571831557e-05,0.0002054176632375028,0.0024063783735323633,8.504871590447023e-06,8.5148773217299e-05,0.0,0.008180986068820234,8.604928903275811e-05,0.0003874219152730691,0.0001811037362201072,0.0,0.0002569471793443289,0.0,0.0,0.0,0.0,0.0,0.0,3.301891323350021e-05,0.0,0.0,0.00040122982444344186,3.692114843382296e-05,0.0011144383502870465,0.0002802605332334366,7.904527713474292e-06,2.9116678033177452e-05,0.0,0.0,0.021771570755728917,0.02277984829710452,2.1212150319703163e-05,0.0,0.00339444433771665,0.0,0.02273372187589045,0.0,0.0,8.5148773217299e-05,0.005353166293653014,0.0,0.0,5.9634158445957945e-05,5.443117817886094e-05,3.592057530553507e-05,0.00037231326103592203,0.0,0.0,0.0015539901255439141,0.0,0.03802928317340179,0.0025590658329090847,0.00043584965468220274,0.0,0.021170626534879215,0.03670952721719007,0.0,0.0,0.0,0.0,0.023746101767092232,0.09481180820373926,0.0015911113886033948,9.605502031563695e-06,0.0,0.178979519468751,0.0,0.07368700791813564,0.008373496338702824,0.01065560352970183,0.0,0.12330042648429042,0.0,0.012996444363331238,0.0,2.6515187899628954e-05,0.00225058913745794,0.026022405633947168,6.263587783082161e-05,0.0,3.502005949007597e-05,0.014059453254824389,0.0,7.374223955481713e-05,0.10099234841717353,0.0,0.0,1.0005731282878851e-05,0.0033997473752965753,0.011578632240547407,0.0,0.001390296361756016,0.00010105788595707638,0.0,0.0,0.0,0.0,0.0,0.0,0.0007914533444757171,0.0,0.0,0.0,2.401375507890924e-06,0.00015308768862804642,7.164103598541246e-05,2.5814786709827332e-05,0.0,0.0,0.00013347645531360384,0.0,0.0,0.0014758453642246304,9.535461912583543e-05,0.0007822480716954685,0.0,4.61264212140715e-05,0.0,0.0,0.0,0.0,0.002704148936510838,0.0,0.0,0.0,0.023729192081224166,0.009399083795197905,0.023094928775202476,0.012959523214897515,0.0,0.0,1.5508883488462217e-05,0.0,0.0,0.006912259342151196,0.0031361964133055464,0.0,0.0008262732893401355,0.003111082027785511,0.0,0.0,0.0,8.865077916630662e-05,0.0,0.0,1.5809055426948584e-05,2.9116678033177452e-05,3.952263856737146e-05,0.0,0.000955147108263615,0.005088014414656725,2.541455745851228e-05,2.2813067324963777e-05,0.0,0.000644369094617398,0.0,0.0,0.0,0.0,0.0,0.0,1.1506590975310678e-05
FDM031W24,0.0015089687364337964,0.00011219583828772785,7.402715561150956e-05,3.716424365842406e-05,8.015423362006044e-05,6.548942396024997e-05,0.00022660144241460728,0.0002103295303263243,0.00011822247239449933,0.0,0.0003982600705558146,4.771085334527404e-05,0.0,6.428409713889568e-06,0.0012909050256704488,0.016188041430297066,0.0029778603560575625,0.0007612643315870151,0.0011472702461257287,0.010328947751693842,0.0,3.0133170533857248e-06,0.0,0.0011453618119919176,5.4239706960943224e-05,0.00038942100719921647,0.00014042057468777424,0.00010657097978807449,0.0006844247467256799,0.00013278683815253137,0.0,0.0,0.00020862198399607237,0.0,8.638175553039107e-05,0.0,2.4206980328865403e-05,0.0,0.0006098953716052728,1.004439017795245e-06,0.0029961411461814362,0.00014102323809845238,0.0,0.0014033017517617369,0.0,0.0,0.0008188186873066837,0.0017223115838135065,2.8526068105384956e-05,0.0,0.0059013805612524025,0.0,0.01259184841488465,2.8023848596487336e-05,4.540064360434497e-05,1.858212182921203e-05,0.0035224671915061443,3.344781929258166e-05,0.0,0.0,0.0,0.0002554288422253308,0.0030932703992022363,0.0,0.0,0.0030244663264832623,0.0,0.07354793775611944,0.0006714674833961212,0.0003397012758183518,0.0,0.022443486745322292,0.044179446646509614,0.0,0.002095058903317322,0.0,0.0,0.017028756888191686,0.04781360745679459,0.0011981953043279476,0.00014293167223226335,0.0,0.05313100717310083,0.00047198589446198556,0.023996550354637297,0.00769309888119555,0.03777303414710966,0.0,0.000166033769641554,0.0,0.0037731751703478375,0.0,0.00010205100420799688,0.0013739721324421156,0.12789823345292192,2.1997214489715864e-05,2.7421185185810185e-05,8.738619454818631e-05,0.008372802764537593,0.0,6.950718003143095e-05,0.015031028125698722,1.2856819427779135e-05,0.0,0.0003070570077400064,0.007435761604836419,0.0009633574619674194,0.0,0.001195784650685239,8.81897457624224e-05,1.6171468186503443e-05,0.0,0.0,9.562259449410732e-05,0.0,4.690730213103794e-05,0.0012808606354924963,1.094838529396817e-05,0.0,0.0,0.0,0.00010576742857383929,0.0003086641101684788,5.0925058202218914e-05,0.0,0.0,0.0003969542998326808,0.0,0.0,0.0020332859037229143,0.00044195316782990674,0.00040810357293020804,0.0,0.0009457797791560017,1.8079902320314408e-06,0.0,2.5211419346660647e-05,0.0,0.005662223631115355,0.0002688883250637871,0.0,0.0,0.022392159911512954,0.0004804231822114646,0.0,0.012082296501157223,2.390564862352683e-05,4.9217511871967e-06,0.0,0.0,0.314146438771507,0.0026137512121067862,0.00011962868701941366,0.03952979798923364,0.013591566569296358,0.0007296245025264659,0.0,1.697501940073964e-05,9.34128286549578e-06,0.0002692901006709052,0.0,2.9128731516062002e-05,0.00034633057333580044,0.00013891391616108239,4.720863383637651e-05,2.2097658391495388e-05,0.0018769951925539743,0.003845093004021967,5.45410386662818e-05,0.00017447105739103403,0.0,0.0010913229928345336,0.0,0.0,0.0,0.0,0.0,0.0,5.524414597873847e-06
FDM031W16,0.0017439709178492591,0.00017929796977370882,3.88863120582445e-05,4.149209585596191e-05,0.0001108460338567485,8.428708361078254e-05,0.00031149138628098946,0.0,0.0001203671669637919,4.710455326643019e-06,0.0003925713513715044,4.4398547014954415e-05,0.0,0.00011615782390594169,0.001210887686308531,0.01166779784409476,0.00011936494242620927,0.0008389621604112492,0.00011756093825855877,0.009048884904934999,0.0,3.357452200905131e-05,0.0,0.0017131024020916835,0.00011996627714875945,0.0004301547715308902,0.0001997433503404157,0.0,0.0002502554670346302,1.0824025005903108e-05,0.0,0.0,0.0,0.0,0.00019423111538370577,0.0,0.0001145542646458069,0.0,0.0005348872357083787,0.0,0.0011057543323160092,0.003174245555434845,0.0,0.0002472487934218793,0.0,1.0122467829594573e-05,0.000946300408386455,0.004059510489482458,0.00011345181765446591,0.0,0.009118639732750818,0.0,0.008256225518160113,7.74719567552139e-05,8.328485907319891e-05,0.0,0.005367914623297875,2.1648050011806216e-05,0.0,0.0,0.0,0.0,0.0005645530820208537,0.0,0.0,0.0040407688906296335,0.0,0.0510849882398973,0.00016035592601337939,0.00026438683301455927,0.0,0.020702150493234796,0.03618120780885255,0.0,0.00634117487174532,0.0,0.0,0.010938579270548816,0.04589506869447428,0.0012856536368122692,0.0,0.0,0.14150909358411937,0.00254735410717629,0.02432679575585972,0.009560720976278953,0.0038475399997835217,0.0,0.03489455194750269,2.425383380952363e-05,0.007015972652900382,0.0,5.001100442542259e-05,0.0006950427168142413,0.12159779847349184,1.8741598852813715e-05,0.0,9.791733732191968e-05,0.006706986827963341,0.0,1.5534480332546128e-05,0.011049525526859423,0.0,0.0,0.00011315115029318983,0.015287431984031765,0.0011415337483077445,0.0,0.0009944071861904687,6.965460536206166e-05,0.0,0.0,0.0,0.00043286077778236594,0.0,0.0001849104271841781,0.004052194250358097,2.8262731959858116e-05,0.0,0.0,0.0,2.3251609271940013e-05,0.0005126378509740222,0.0001055342438075553,0.0,0.0,0.00013369675331365504,0.0,0.0,0.0001960351195513563,0.000466635744698934,0.001956442519816987,0.0,0.0009211445724931061,0.0,0.0,2.104671528925604e-06,0.0,0.01018270152430335,0.00019483245010625496,0.0,0.0,0.03010061131687896,0.0009115232169323035,0.0,0.019873711690468174,9.420910653286038e-06,0.0,1.5835147693821217e-05,0.0,0.26699582393079696,0.005679806899393898,1.1926471997245092e-05,0.017042026481979413,0.012682750633305692,0.000840565719671383,0.0,0.0,0.0,4.2995432662337345e-05,0.0,1.713803959267992e-05,0.0001774939656060593,2.7360729876032858e-05,8.789509194608358e-05,2.605783797717405e-06,0.0010913222989748052,0.003174245555434845,2.2750497003148198e-05,9.92202292207785e-06,0.0,0.0003781393180303003,0.0,0.0,0.0,0.0,0.0,0.0,0.0
FDM030W4,0.0,0.0,0.0,5.381249924768718e-05,0.0,0.0,6.160115045458919e-05,0.00016922614894996263,7.08059200627463e-06,0.0,0.0,0.0,0.0,0.0,0.0008724300864874098,0.002934905386600834,0.0004582154541203439,3.2267269285737244e-05,0.0006707343656229572,0.007910943145981883,0.00027422121327157884,0.0,0.0,0.004670864243910622,0.000588194893092671,0.00025004604913586977,0.0012635822191768955,0.0002319399638626818,0.006939081317463513,0.0009819769599559158,0.0,0.0,0.0,2.9839637740728797e-05,0.0014838897818864117,0.0,0.0,7.08059200627463e-06,0.0006311842017021955,0.0,0.005415236766398827,0.004499513917358776,7.66726962965167e-05,0.0005401480187643789,0.056732434239760474,0.06514872935236161,0.003969379878717557,0.07776836733383052,0.00016244901088681508,0.0005006990061579917,0.005162864237032334,0.0,0.025696277601285535,0.00011086184055538562,0.0004538659476022038,0.0003723379882156702,0.0,9.316036053969895e-05,4.34950651814012e-06,0.0002670394699509289,0.0,0.0001031743406628589,0.001712491752374707,0.0002826167723647331,6.230920965521664e-05,0.002908201439605741,2.6703946995092893e-05,0.0654241643814057,0.00024326891107272122,0.0016260073785837811,0.0,0.0022573938829147273,0.0096016873657659,0.03735487694487421,0.003282764756737669,0.0,0.0,0.016742666706722614,0.07160491429499721,8.658552510530119e-05,0.0005539045975194268,0.0,0.023637443748489723,0.0033515476505129086,0.02885745847814413,0.0010408470249223705,0.05089994830156331,0.0,0.0,0.039395098955825165,0.0,0.0,0.0,0.0010877812347925338,0.05509550251922415,0.00022799506260204308,0.005579708803573159,0.0,4.723766381328931e-05,0.0,0.00011419983392977123,0.06819146204008658,0.0,1.800493395881263e-05,3.8943256034510463e-05,0.006676189051401973,4.066282837889145e-05,2.5995887794465324e-05,0.0,8.142680807215825e-05,0.0,0.0,0.00013776809017922924,7.62680910390153e-05,0.0,0.0,0.0,0.0,0.0,0.0,0.0,0.0002927319038022683,0.0,0.001883336322354666,0.0030683239702619233,0.026962995511208166,2.4276315450084443e-06,6.716447274523363e-05,0.0,0.002909819860635747,0.00043130920449649927,0.010493943109870878,0.0026303387790166497,0.0007197927530950038,0.0,0.0,0.0,0.00018085855010312911,0.0046286841458161015,0.00088112909952369,0.0,0.0,0.011006982576382662,0.0,0.001822139777157578,0.0021848683905076,1.5981907671305594e-05,0.0,0.0004128996652801863,0.0048416076625762165,0.11005445076404057,0.0,0.0,0.0,0.026249777593547557,0.000890030415188721,0.0,0.0026078831872253217,0.0,0.0002783684171609673,0.0,0.0,0.0,0.0,0.0,0.0,4.9564144043922405e-06,0.007292908615148494,0.0006789276220873606,3.074999957010696e-05,0.0,2.832236802509852e-05,9.740871574346383e-05,0.0003561537779156139,0.0,0.0,0.0,0.0,0.0
FDM030W24,0.003919230425576865,0.0,0.0,1.3083032939121508e-05,0.0,2.2616405778481544e-05,3.042565799795713e-06,2.322491893844069e-05,0.0,0.0,9.837629419339505e-06,0.0,0.0,0.0,0.000900092382439567,0.005984219833898212,0.0,5.679456159618683e-06,1.1967425479196511e-05,0.0016305110121105177,1.6227017598910524e-05,0.0,0.0,0.010396548756761877,0.00018843624186734844,0.0005819414186409287,0.0026346591449031096,8.661170643418493e-05,9.928906393333376e-05,0.00010861959905270731,0.0,0.0,0.0,0.00040810949261259864,0.002290849209526193,0.0,0.00012494803551161003,0.0,0.00013133742369118205,0.0,0.0006708857588549569,0.0034376936783291944,0.0002844799022809001,0.0002275839218247201,0.07510644669997737,0.01584649403621607,0.01714800226650869,0.15795500633411497,0.0003034452290996268,0.00029198489792039626,0.005315970965403087,0.0,0.022586182958203572,0.0,6.04456405559417e-05,0.00022606263892482222,0.0,5.892435765604384e-05,0.0,1.6125598738917335e-05,0.0,0.0014948125774396387,0.00019533272434688542,0.0003157169111588029,0.0001305260728112355,0.0032298864342031465,0.0,0.07513910357289519,0.0011183457691449148,0.0036046291218779863,0.0,0.0033048349717381144,0.020520787874442243,0.009299805204795614,0.004377947929326066,0.0,0.0,0.033013664467263476,0.08337796608330193,0.0,0.007943125114666702,0.0,0.08601475502426499,0.004336467615588851,0.05869586096447918,0.0029826272535397476,0.004484336313458924,0.003562945970420785,0.0,0.00010851818019271412,0.0,0.0,0.0,0.0069235613151551545,0.026670117612409377,0.0015110395950385493,0.0017045467799055574,0.0,0.0002493889767232561,0.0006523261074762031,0.0006340707126774287,0.026774680457062355,0.0,0.0,7.190597173517226e-05,0.0046909265312650526,0.0001868135401074564,7.565846955492031e-05,0.0,0.00010081034683323152,0.0,0.0,0.0001098366253726246,5.344773921641154e-05,4.5638486996935744e-05,0.000166935443548792,0.0,0.0,0.0,0.0,1.703836847885605e-05,0.00016247301370909162,0.0,0.0021267534940572104,0.021547349575293216,0.004060608316407372,0.0,0.0,0.0019268569210106315,0.0008379226212637422,0.00020141785594647688,0.00019036320020721808,2.352917551842026e-05,0.01748217741018625,0.0,0.0,0.0,5.659172387620045e-05,0.010666322924343866,0.00040932651893251795,0.0,0.0,0.011809921989627084,0.00043245001901096443,0.000863378755122032,0.009046562311392618,4.969524139666347e-06,0.0,0.00010547561439291839,0.0009941076656532549,0.0858999488747527,0.0,0.0,0.0,0.01867557313572603,0.003069036122253946,0.0,0.0011425848766832873,5.679456159618683e-06,3.113559001790957e-05,0.0,0.0,2.5963228158256836e-05,1.8153975938781046e-05,0.0,0.0,0.0,0.0007808238030875758,6.825489277541738e-05,3.1946940897855094e-05,0.0,6.176408573585308e-05,0.0,0.0001746432769082735,0.0,0.0,0.0,0.0,4.543564927694947e-05
FDM030W16,0.00497050657325338,0.0,0.0,9.75425971569992e-06,0.0,3.2209378436217445e-05,1.178639715647074e-05,4.0337928199300614e-05,0.0,0.0,6.706053554543696e-06,0.0,0.0,0.0,0.0016347529642280836,0.0035110254632917787,0.00010831292559308352,1.3615320853164474e-05,0.0010182024646982178,0.0135215377102729,0.0002949647495278841,0.0,0.0,0.005419710554535769,0.0008328715300999194,0.0016890110338966544,0.004133672375143957,0.00018512772085422144,0.0026268424628123964,0.0007755652542701823,0.0,0.0,3.180295094806329e-05,0.0009036915199107823,0.0061036264102271864,0.0,0.00034129748317745866,8.057424952656279e-05,0.0010919690537981985,0.0005619876092451683,0.003232216206418023,0.0025787824123381666,0.00030004509312981113,0.0016103673149388338,0.013122019489417358,0.027396870548983897,0.009175506972568392,0.18706312855281054,0.0004332517023723371,0.0010109883767834814,0.0011523235357890817,0.0,0.023495369876448107,0.0003082752497649329,0.0010196249609067574,0.0004944190393395397,0.0,0.000292322970854882,0.0,9.855866587738463e-06,0.0,0.0022955024530947146,0.0028621639784536567,0.00265793416565619,0.0002219094085321732,0.0021380118014349765,0.0,0.06678314878477173,0.0025646590571248096,0.0037539674943359302,0.00013655963601979888,0.0012069880329458266,0.01081615313537471,0.011506063796516301,0.005864443833448451,0.0,0.0,0.04100121785996831,0.11594309364881877,0.0,0.0009847738037975378,0.0,0.008963148610007842,0.0006450004237006562,0.040111040054038656,0.0010294808274944958,0.0112445277078892,0.005984035121837825,0.0,0.03427474132414487,0.0,0.0,0.0,0.0022071044744211843,0.02518173913167177,0.011707956651256984,0.006349108613072302,0.0,7.112481042697858e-05,4.795844360219128e-05,0.0012184696094861818,0.004946832172068399,0.0,5.4867710900812056e-06,0.0001077032843608533,0.002778947950254092,0.00030014670000184967,0.0,0.0,0.00043497901919699333,0.0,0.0003384524907603796,0.0017716174208639878,0.0,0.0,0.0,0.0,0.0,0.0,6.634928744116718e-05,0.00047531694739629405,0.0003203664675375193,0.0,0.0003017724099544663,0.001665438239583723,0.09225578839108985,0.0,7.295373412367232e-05,0.0026084516189734206,0.00499976935240048,0.0003290030516607953,0.0024188531957495033,0.003960839085806399,0.01890202801220169,0.0,0.0,0.0,7.955818080617748e-05,0.005258765269226719,0.0006080155222786284,0.0,4.541827180122776e-05,0.0004391449009505735,0.0,0.00016480634644651225,0.0020497154296334847,0.0,0.0,1.9610126303438384e-05,0.0032482700922001123,0.06787389855610547,0.0,0.0,0.0,0.031349682691899354,0.0013922173606720867,0.0,0.002530214327503734,3.9728286967069475e-05,0.0004084596255949342,0.0,0.0,0.0,0.0001094306011855085,0.0,2.275993933663315e-05,0.0,0.0017777138331863107,0.00012731341066429068,4.1049176303570504e-05,0.00017598310237075174,0.0,0.00013716927725203015,0.0006034432130368941,0.0,0.0,0.0,0.0,8.026942891044728e-06
FDM028W4,0.0032182990530637066,0.0,7.964350964002038e-05,0.0,0.0,0.0,9.326805971680374e-05,1.2522564408808237e-05,1.242238389353777e-05,0.0,0.00014936914826826464,1.1019856679751249e-06,0.0,0.0,0.00016279333731450705,0.00850883206449702,0.0,0.00013604513973729268,0.0,0.0015668232588300867,0.0,5.950722607065674e-05,0.0,0.028625981155444003,0.00024934930250818956,4.5982856509143843e-05,0.0010641174332028885,0.0,0.0,0.0,0.0,0.0,1.5127257805840348e-05,1.3824911107324293e-05,0.0002442400962293958,3.0054154581139666e-06,0.0,0.0,0.0012787040969122266,2.1338449752609234e-05,4.417960723427546e-05,0.001972454165160203,1.0218412557587522e-05,0.0,0.08484598397853094,0.019686673416829795,0.008195767954276815,0.07663579003005519,0.00020817511073202813,0.0,0.024332444631982277,0.0,0.04291302497971095,0.0,0.0,0.0,0.0,0.0,0.0,4.508123187170965e-06,3.2057764886549082e-06,0.00170948031257522,0.002486881111074045,0.0005737338109539582,4.157491383724334e-05,0.0,3.045487664222163e-05,0.08541170334826326,6.982581914351473e-05,0.0005671218969461074,1.412545265313569e-05,0.005238539324007922,0.013812488723430756,0.0,0.0,0.0,0.0,0.013170031079001257,0.025002752459657065,0.0004031263934483537,0.003909744969460472,2.744946118410765e-05,0.012912667335271431,0.0,0.022934024819321944,0.0015087185599732163,0.0052473552093517326,0.0,0.013221022961273924,0.0,0.0006259278594098709,0.0,0.00013834929158851338,0.0032210039269760095,0.07027462785192641,0.0010969766422116015,0.0,0.0,0.003104594168231738,0.0,0.00011029874731278295,0.06820439750386224,5.329603412388785e-05,4.007220610818636e-06,0.000121919687084157,0.009373590272311683,0.0013771815434230946,0.0,0.0,9.246661559464e-05,7.212997099473544e-06,0.0,0.0,0.004043085235285462,0.0006845334608430934,0.0007375289534211699,0.0,0.0,0.0,0.0,0.00013854965261905433,0.0,0.0,0.0,0.004639960745266898,0.0,0.00011991607677874766,4.28772605357594e-05,0.0,0.0,0.0,0.0006981580109198767,8.164711994542959e-05,0.0018024478307462222,0.0,0.00015227438321110815,1.5527979866922213e-05,0.003586061724621597,0.0,0.0,0.00011400542637779019,1.923465893192945e-05,0.07880880558678685,4.057310868453858e-05,3.40613751919584e-06,0.0013705696294152438,0.0,0.0,0.0,0.0,0.19261877977928435,0.0,0.0033070589895933494,0.0,0.029055455024408493,0.0028058558716952085,0.0006225217218906751,0.0,2.8351085821541846e-05,3.045487664222163e-05,0.0,0.0,6.732130626175307e-05,0.00022340254905313893,0.0,0.0,9.477076744586073e-05,0.001837611191606156,1.6930507080708737e-05,0.0,0.00038629606688291647,0.0,0.0,0.001270188753114237,4.608303702441431e-06,0.0,0.0,0.0,1.783213171814293e-05
FDM026W4,0.009430245004365496,4.079413844714707e-06,0.00018869904040680335,0.0,1.5271651828931874e-05,0.0,0.00016474555911347855,0.0,5.50197867261522e-05,0.0,0.0005496748654865586,3.901593241227143e-05,0.0,0.0,0.0018031009193639005,0.004956801622393346,0.0,0.0,0.0,0.001047677155606731,0.0,0.0012766473326857178,0.0,0.02555721393607266,4.5187353356839834e-05,0.0018936848267875656,0.001572980138379994,2.510408519824435e-06,0.0004720614020819865,0.0,0.0,0.00051505214798398,0.0,5.753019524597664e-06,0.0001370264650404171,0.0004802202297714159,0.00493117453542014,0.0,0.00037886248578350434,0.00012970444019092916,0.0014516437265884692,0.006938141546664782,0.0015083371189945148,0.0,0.001635008148890656,6.234181157564014e-05,0.004342692938231284,0.0027198184305197797,0.0005679799276102784,3.462271750257867e-05,0.012535411142678338,0.000958034651378,0.03457345073537701,0.0,6.903623429517197e-06,0.0,0.0,0.0,0.0,0.00012824003522103155,1.0878436919239115e-05,0.00016485015946847125,9.298971558849678e-05,0.002072133032405086,0.0010935967114485195,0.0032181345217049406,0.0,0.06486100652528395,0.00036735644673430796,0.0019206717183756783,0.0,0.004138931446705545,0.009880131131189036,0.0,0.006823813358657779,0.0,0.0,0.012260416809402569,0.02764587382456659,0.00024424182890791797,0.0,4.393214909692761e-06,0.013786640589100835,0.0,0.01882712249548833,0.014406502292787483,0.0,4.7906962586649635e-05,0.0007569927690820598,0.0,0.03740613294893401,0.0005484196612266464,0.00011736159830179235,0.011706453329361311,0.012620974233062354,7.468465346477695e-05,0.0,0.0,4.4245950161905665e-05,0.0,0.0013923353253076274,0.031824867207234334,1.6317655378858828e-05,0.0,0.00023827960867333598,0.0006884795365618512,3.138010649780544e-05,0.0,0.0,3.723772637739578e-05,0.0,0.0,0.0,0.0001665237651483542,0.0,0.00014372088775994893,0.0,0.0,0.0,0.00013692186468542336,0.0,9.309431594348946e-06,0.2737033556944486,0.02092101240173189,0.0015499680602816032,0.0,6.276021299561088e-05,0.0,6.39108169005304e-05,0.0,0.0,0.008263741845487078,6.160960909069135e-05,0.0013042618264037867,0.0,8.995630529370882e-06,1.025083478928311e-05,0.0,0.004810674926468567,0.0,3.786532850735189e-05,0.0,0.01816039983276496,0.0003163114734978788,0.012757791497392786,0.030589746215480714,1.7154458218800304e-05,0.0,2.1024671353529644e-05,0.0,0.00011317758410208495,0.0,0.011492127201981301,0.0,0.20121844769516783,0.0008137907618430867,0.0,0.0,0.0,9.414031949341621e-05,0.0,0.0,0.00015909713994387254,8.639989322395765e-05,0.0,6.5375221870428e-05,0.00034664557644575736,0.008748982892298142,0.00011474658942697522,0.0,0.0006975797674462149,0.0,0.0,0.0,0.0003628586314696235,0.0,0.0,0.0,6.213261086565477e-05
FDM026W24,0.0035250798460798954,0.0001340357672721359,0.00038568234395098714,4.359711038352369e-06,0.0006314483801595026,7.766368965995168e-05,0.0006803176992405688,0.0002387702208213919,0.0004258322409553486,5.383736189221183e-05,0.0034309911985545226,0.0003427949539690556,5.7284575271374274e-05,0.0,1.5106905691034986e-05,0.00018908979270993456,0.0,0.0,0.0,0.0001761120482236763,0.0,0.0,0.0,0.005872226602774257,0.0,2.5448545828522023e-05,0.0001775314890268608,0.0,0.0002676659800290763,0.0,0.0,6.387483614330229e-06,0.0,0.0,0.0013667187162090713,0.00010017196525330582,0.000752810568831777,0.0,1.9872171244582932e-05,2.2305498335756354e-06,0.0008444658892659758,0.017273682077096116,5.5155414066597534e-05,0.0,0.003590171345768784,0.005682122923776323,0.008202948401603198,0.003973521751257397,0.0004786557165595716,0.0,0.003334367835309178,0.007544834812069587,0.009808133172747265,0.0,0.0,0.0,0.0,0.0,0.0,1.1355526425475962e-05,0.0,0.0,1.612079197902391e-05,5.758874115777095e-05,0.0,0.0014636462453408124,0.0,0.0660335014390595,0.0550666990163985,0.0033494747410002133,0.0,0.0,0.012382491846579946,0.0,0.0006703816136182773,0.0,0.0,0.018256543444672584,0.030310130579428923,2.4029105025337527e-05,0.0,0.0,0.01645496889954506,0.0,0.006519998552170381,0.00027121458203703747,0.001671492934378542,0.0,0.0,8.81067184262376e-05,0.0004069739559987546,0.0,0.00030822143154863327,7.198592644721369e-06,0.002966732667284384,0.0,0.0,0.0,1.2470801342263678e-05,0.0,5.880540470335767e-06,0.0022531594977977885,0.0002643201552787128,0.00011162888030758068,0.001648173549754797,0.0016975498119798473,0.0,7.502758531118046e-05,0.0,0.0,0.0,0.0,0.0,0.0038798386582472202,0.0006873135146276925,0.0009671461301126358,0.0,0.0,0.0,5.180958931623408e-05,0.0,0.0,0.4379987750225869,0.029743469533071807,0.012813393518975239,0.0,0.0003805115238822437,0.0,1.3991630774247168e-05,0.0,0.0,0.001013176567587333,0.0,0.00030406449776787764,0.0,0.0002501257472468678,6.793038129525799e-06,0.0,0.0012902716900947064,0.0,7.86775759479406e-05,0.0,0.0010524139669325044,0.0,0.0,0.00027040347300664634,1.7844398668605084e-05,0.00017144817129892723,0.008071345961422236,0.0,0.003307804014563858,0.0,0.04738914648923116,0.0,0.04537039750121641,9.63191973589479e-06,0.0,0.0,0.00030031311850231963,0.0043332486062358675,0.00023065913051748048,0.00011487331642914522,0.0006126914838317075,0.0009990835481842868,0.0,0.0010114529608977517,0.024540914823514337,0.06697124486682046,0.0007474369715054347,0.0005719332550545527,0.0,0.002094384905098723,0.0,0.0,3.832490168598137e-05,0.0,0.0,0.00010696500338283162,3.406657927642789e-05
FDM026W16,0.0007432374505943901,0.0,0.0,0.0,2.944506272399282e-05,0.0,4.516912683170327e-05,5.0276943834844886e-05,2.5338778466565248e-05,0.0,0.00012108530895682761,0.0,0.0,0.0,8.913641436854968e-06,5.0076637285702074e-05,0.0,0.00024657736199479703,0.0,0.0016247865733718895,8.012261965712332e-06,0.0,0.0,0.007235873781234807,0.0,0.0,0.0011797054211765694,2.2434333503994527e-05,0.015018784748178523,0.0,0.0,0.0,0.0,0.0001644516768462456,0.0031369007128509495,0.00017737144926595675,0.00010996829547940176,0.0,1.9329581992281002e-05,8.012261965712332e-07,0.00019339597319738142,0.10857115729913067,3.38518068051346e-05,6.28962564308418e-05,0.047398138110564446,0.011090973626037195,0.02029455879277648,0.011265340477066111,0.001679971027660733,0.0,0.0031214771085669533,0.0008539068189957917,0.019027219256349932,0.0,0.0,0.0,0.0,0.0,3.0847208567992376e-05,0.00041603670256961284,0.00012959833729539696,2.6740924310564907e-05,0.0,0.0,2.2734793327708742e-05,0.0006019211801741389,0.0,0.07725483079304574,0.027445502597174636,0.0029476110239109957,0.0,0.0,0.002523461906101099,0.0,0.007273531412473655,0.0,0.0,0.005536773478130935,0.020861426326850528,0.0001041594055542603,0.0,0.0,0.005784051913047733,0.0,0.004433084392354062,4.536943338084608e-05,0.0014696491510607845,0.0,0.0,5.097801675684471e-05,0.002696226304736771,5.868981889884273e-05,5.808889925141441e-06,8.913641436854968e-06,0.002692720940126762,0.0,0.0,0.0,2.614000466313638e-05,0.0,0.0,0.00158202112512989,1.6224830480567473e-05,0.0,0.00011227182079454405,0.010117183337379532,2.9144602900278605e-05,0.0,0.0,0.0,0.0,0.0,0.0,0.0,0.0,0.0,0.0,0.0,0.0,0.0,0.0,0.0,0.3545197570361684,0.015157897646558303,0.00044948789627646184,0.0,0.0,0.0001474256201691069,1.6024523931424664e-05,0.0,0.0,0.0011033886259531594,0.00018969030203823945,4.9275411089130745e-05,0.0,5.658660013284334e-05,0.00039059777082847615,0.0,0.0013088029920990992,0.0,0.0,0.0,0.0007840999866195231,0.0,0.0,0.0002555911567062234,1.973019509056662e-05,0.0,0.0,0.0,0.025068164318673317,0.0,0.011271950593187823,0.0,0.16034649427483832,6.509962847141269e-06,0.0,6.610116121712674e-06,6.169441713598485e-05,2.0932034385423466e-05,0.0,0.0,3.2249354411992134e-05,7.391311663369627e-05,0.0,0.0,4.3065908065703686e-06,0.00044538161201903426,5.6286140309129125e-05,3.0045982371421244e-05,0.0,0.0,0.0,9.374346499883428e-05,8.342767771797966e-05,0.0,0.0,0.0,3.485333955084864e-05
FDM025W4,0.0,1.0713193297545932e-05,0.00016690554417765488,4.835955479172604e-05,0.0,7.128779091451125e-05,8.290209392867319e-05,3.434229253325472e-05,3.884784111633479e-05,0.0,0.001069416987019515,4.795906158434114e-05,0.0,0.0,0.00011614303014161847,0.0178780167776617,0.0,4.785893828249492e-05,0.0001349662108887095,0.00887162540668834,0.0,0.0,0.0,0.008705320602321764,0.00037406065569749164,4.1951663473567724e-05,0.001366182453691712,2.9035757535404867e-06,2.45302089523248e-05,0.0,0.0,0.0,0.0,0.0,0.00014527891097887056,6.42791597852756e-05,0.00010643106986253576,1.652034480462691e-05,1.3716892352932643e-05,0.00034812872051931973,9.81208358092992e-05,0.0043716837285116645,0.0,0.0001205484554228533,1.061306999569971e-05,0.013098630964032111,0.013676242292382975,0.003652097558142845,0.0007532275997891407,0.0003853745888061149,0.007739731479316782,0.0005001158927218873,0.029110749888487688,2.973662064832843e-05,1.281578263631663e-05,0.00013396497787024727,0.0,0.0,0.0,0.00012625548362808805,6.908507827389433e-05,0.0003961879054055071,0.0009739994803600639,0.0,0.0007662436290291497,0.0,1.3016029240008978e-06,0.10658856381633988,0.0009393568179212706,0.0038957976748365633,0.0,0.007600459966448685,0.02378439047687218,0.0,0.0,0.0,0.0,0.021940119256864843,0.030263068969435876,0.005912080727415815,0.0,3.3040689609253813e-06,0.0007775575621377731,1.011245348646859e-05,0.03777932523903188,0.017955311966686982,0.15422943354741372,0.0,0.0,0.0,0.002753390800771151,0.0,0.0001223506748560853,0.010116558541844286,0.08531436464005428,0.0069349403790768364,0.0,0.0,0.0025927930246098085,0.0,0.0016927846643141036,0.016905218776923792,3.3541306118484934e-05,3.9248334323719677e-05,0.00059893759164411,0.011821458125681783,0.00937194154601392,0.0013693863993508011,0.0,0.00035033143315993663,4.205178677541394e-06,0.0,0.0,0.03553886611361894,0.001652635220273768,0.01193950349855848,0.0,0.0,0.0,0.0,0.0,8.480443666375145e-05,0.013070195946307785,0.019250807369275272,0.0008289208159848858,0.0,0.0001522875421081052,0.0002796443820565027,0.0,0.0,0.0,0.002977266503699307,0.0,0.00038527446550426866,3.894796441818101e-05,0.001111068280587544,3.404192262771605e-06,0.009854435737610873,0.0,0.003931541693595665,9.491689015022004e-05,0.0,0.02461140895012209,0.0,0.0,0.053912693482023044,2.703329149848039e-06,2.9035757535404867e-06,0.000136968676925634,0.0,0.0,0.0,0.0006066470858862682,0.0,0.1298880571423709,0.0031190410991135597,6.898495497204811e-05,0.0,0.0,9.01109716616012e-05,0.0,0.0,0.00014147422550871405,5.927299469296442e-05,0.0,8.570554638036746e-05,0.0009133247594412523,0.007394706581154696,0.0,0.0,1.1013563203084604e-05,0.0,0.0,8.510480656929012e-06,9.211343769852578e-05,3.42421692314085e-05,0.0,0.0,6.898495497204811e-05
FDM025W24,0.02732798070488259,8.544957585343768e-05,0.00045901501570211345,3.6592524247825074e-05,6.876177633382513e-05,3.0962905132774964e-05,7.117447024027515e-05,5.9714174184637625e-05,5.2476092465287506e-05,0.0,0.0012727965645651465,5.0968158773756353e-05,1.045500692794992e-05,4.222214336287508e-06,0.00021090965898883692,0.01398628604677791,0.0,5.800518266756887e-05,4.84549359545376e-05,0.003669405844972151,1.0857122579025023e-05,0.0,0.0,0.031065143037060882,0.0,5.408455506958761e-05,0.00032309992563876315,0.0,8.444428672575016e-06,0.0,0.0,0.0,0.0,0.0,0.0012590241035158173,0.0003109359271937444,0.001533367506461747,0.0,0.00014023783331240655,0.00039638550304718206,3.337559903922507e-05,0.008927872214079938,0.0,7.660303152978765e-05,0.013553308019482901,0.001921710696487429,0.007231446811107278,0.045794639335938164,0.0015302511101659157,0.0009227548903043571,0.025570835838597608,0.000127973305954619,0.05608025504587284,5.7200951365418866e-05,1.7089915170687536e-06,0.0,0.0,0.0,0.0,0.0,0.0,7.30845195828814e-05,0.010944180617482759,0.0,0.0,0.0,0.0,0.09665985650301931,0.0005853798590524324,0.0033557556371336507,0.0,0.004576980869448418,0.014077365241746397,0.0,0.0,0.0,0.104609280809121,0.025103778509873994,0.02255697903379048,0.006214596858451368,0.0,0.0,0.0013444736793692552,0.0008266492496974329,0.01864318740187749,0.01940700608109446,0.009657410534042758,0.0,0.0,0.0,0.03068313316853963,0.0,0.0004279515816565696,0.005393175112217901,0.14892775358996285,0.0067835905047224955,0.0,0.0,0.0005354169894063636,0.0,0.0009889029149061956,0.03915098507778977,0.00021714245158050043,0.0001342060985462815,0.0007918662458794454,0.006887637929438151,0.008261365522423124,0.0,0.0,0.00011269291121376899,0.0,0.0,0.0,0.013634032736436208,0.00306542813705749,0.0029421796900030123,0.0,0.0,0.0,0.0,0.0,2.3121649936812547e-06,0.014853951092884891,0.020727352821399224,0.000871284086966758,0.0,0.0002533328601772505,6.212686809108763e-05,0.0,0.0,0.0,0.0022486307208113947,0.0,0.0009622627530224769,7.469298218718141e-05,0.0002158355757145067,1.035447801518127e-05,0.0011259238230100022,0.0,0.016054869484820482,0.0,0.0,0.018691441280006497,0.0,0.0,0.03127504740692203,0.0,2.0809484943131292e-05,6.524326438691889e-05,0.0,0.0,0.0,0.0008795274578137955,0.0,0.024905133378242943,0.00036984587007623203,4.694700226300634e-05,0.0,0.0,0.00010575641623272522,3.870363141596883e-05,0.0,9.79151610367627e-05,0.00017009492040472534,3.789940011381883e-05,0.00014626956807853157,0.0015998171178018908,0.011197915593311085,0.0,4.232267227564384e-05,0.00014355528743377528,1.6185154955768782e-05,0.0,0.0005756285545138626,0.0,0.0,0.0,0.0,0.0001013331440709002
FDM025W16,0.0013961697162356663,0.0,3.184492682276158e-05,6.709465714229641e-06,0.0,5.467713850700573e-05,2.1029668656540664e-05,1.8926701790886598e-05,3.0042383795057993e-06,0.0,0.00012006939390091551,0.0,0.0,0.0,6.869691761136617e-05,0.008268064585517255,0.0,0.0001359918573122963,0.0002538581430682409,0.02131847610609049,9.212997697151149e-05,0.0,0.0,0.021322682039821798,0.00015171403816504337,3.334704601251449e-05,0.0015299584654029919,0.0,0.00020228538422005783,1.4720768059578465e-05,0.0,0.0,0.0,7.911161066031964e-05,0.0005481733629804933,0.00030132510946443265,0.0002162050220451014,0.0,0.000999309826302949,0.0007336350122753186,0.00034158190374981054,0.004752504833819556,2.263192912561033e-05,0.0016540335104765819,0.0006656390836191704,0.01573459837138236,0.002558409403987147,0.0142909616887504,0.0004544411255399111,0.0021031671482127003,0.0056714012128310665,9.042757522312486e-05,0.047296425797515175,0.00048137912967614747,0.00012537688170470912,5.818208328309584e-05,0.0,0.0,0.0,4.095778324059586e-05,6.328928852825571e-05,0.00033306989500787637,0.0025961626662895938,0.0,2.924125356052311e-05,0.0,0.0,0.03137236012566531,0.0004719658494203616,0.0014663687530367855,2.503531982921508e-06,0.013958592782697843,0.01274217666283594,0.0,0.0,0.0,0.0040180686913097036,0.013511962676944645,0.013624221051058845,0.00313211879319343,3.9856229168110404e-05,0.0,0.0007227196128297809,0.00010464763688611802,0.01718554536740435,0.01214603562706267,0.261956768609153,0.0,0.0,0.01616650770907598,0.0033634451484153872,0.0,3.214535066071216e-05,0.0024256220676129904,0.15315437018545777,0.0027840277062880234,0.0,0.0,0.001564106641650041,0.0,0.002204409981602046,0.024294975351225528,8.461938102274696e-05,1.3719355266409861e-05,0.0001024445287411471,0.007685142198613801,0.01312842157716107,0.0,0.0,0.00045574296217103125,0.0,0.0,5.107205245159876e-06,0.0,0.0,0.0,0.0,0.0,0.0,0.0,0.0,0.0007158098645569175,0.0011790634226767033,0.0014712756757233117,0.00012607787065992712,0.0,3.224549194002902e-05,0.0007592711797804348,0.0,0.00028400066814261585,0.0,0.002217828913030505,0.0,0.002489612345096454,0.0007124050610601432,5.407629083110456e-05,0.0,0.009394854260390568,0.0,0.004861758969554251,0.0,0.0,2.1630516332441827e-05,0.0006514190219561752,0.0,0.0182038820367775,0.0,0.0,4.296060882693307e-05,0.0,0.0,0.0,0.0003867456207217145,0.0,0.17949943780685806,0.0008369808125303185,4.406216289941854e-06,0.0,0.0,6.198745189713653e-05,0.0,0.0,1.0715116886904052e-05,3.6952132067921453e-05,0.0,0.0,0.0002462474058401595,0.003400697704321259,0.0,1.7925288997717896e-05,0.001019438223445638,0.0,0.0,0.0,0.0,0.0,0.0,0.0,5.127233501023247e-05
FDM024W4,0.0055586466551228375,0.0,0.0001788924964759789,0.0,2.374501078083859e-05,9.085485057244597e-05,0.00047007072189863414,0.00019800924244360216,0.0001839232190990379,2.807143223666935e-05,0.0003431958973450866,8.894317597568353e-05,4.306298565338524e-05,0.0,6.761291205391327e-05,0.006560062300468967,0.0,0.0,0.0,0.00011087712661222087,0.0,0.0,0.0,0.016329121947734823,0.0,1.75069147282454e-05,0.0,0.0,0.002197117798394798,0.0,0.0,0.0,0.0,0.0,0.0009631821534108796,0.00028856224965866556,0.0,0.0,0.00031421893503626663,9.256529626428603e-06,0.0013885800584167516,0.030478029325088227,0.0,0.0,0.0588218248845701,0.0,0.019642355867281493,0.03631879890491231,0.000876955567651649,4.728879265675482e-06,0.0020021269895250304,0.0038063453510589085,0.0507883645422596,0.0,0.0,0.0,0.0,0.0,0.0,0.0,0.0,5.6545322283183425e-05,0.0015315531953640892,0.0,0.00036462677571931805,0.0,0.0,0.08709921490542748,0.0005232957672505997,0.0030286962479864547,0.0,0.0012674402576534803,0.010204418383065385,0.0,0.0,0.0,0.01898966991416582,0.022376452998461614,0.03344977779298175,0.0005579071388972457,0.0,0.0,0.017119951544079703,0.0,0.02280637855382824,0.00029127883987511744,0.0022169388455296505,0.0,0.0004893886967711818,0.0,0.03934165951465602,0.0,0.0001610837383903499,0.0003262926693316083,0.05275115128087221,0.00010041322355625802,0.0,0.0,2.7668974426824528e-05,0.0,0.0,0.05059156267324553,2.4449311948066753e-05,3.1190480262965946e-06,0.0004641344692034255,0.0007014839625593503,0.00048657149210226875,4.2559913391079334e-05,0.0,6.046928592916946e-05,0.0,0.0,0.0,0.005139889303979405,0.0007535016344817795,0.0007607458750589855,0.0004534693372425404,0.0,0.0,0.0,0.0,0.0,0.0,0.0,0.004374515164107204,0.0,0.00029661140585556005,0.0,0.0004743971433544649,0.0,0.0,0.0015465447487808051,0.0,0.0007694993324231083,0.0,0.0011308058312112072,6.9423972198214525e-06,0.0015915194090309526,0.0,0.0,0.0029599765769554682,3.883717865001567e-05,0.01070447221179735,0.0,0.0,0.0009587551175025888,0.0,0.00010816053639576901,1.8311830347934845e-05,0.0,0.2533947819332666,0.0,0.007221803554306151,0.0,0.09304049832326018,0.0002789032622223923,0.0001535376544557614,0.0,2.7266516616979908e-05,0.0002776958887928581,1.076574641334631e-05,0.00018895394172209693,0.00026310679318598693,0.00020525348302080816,0.0,2.4549926400528035e-05,0.0015624418322696715,0.0048923777509249,3.4711986099107264e-05,0.0001534370400033002,0.0,0.00011983181288126593,0.0,0.0001554493290525238,0.00023825502342807536,0.0,0.0,0.0,2.0223504944697274e-05
FDM024W24,0.00817494060585531,0.0,0.00015024961857017214,0.0,0.0001303297823973112,0.00010290247027990372,0.0003973957266646126,0.00010830785295997753,0.00014324264102192962,2.072063360694579e-05,0.00016936865730894822,7.127097163355268e-05,1.9419337776557895e-05,0.0,6.706678510460716e-06,0.005427604808868671,0.0,0.0002680669410599074,0.0,0.002107798946190616,4.013997138350369e-05,8.478442833373473e-05,0.0,0.024490287428221017,5.035013866808558e-05,0.0,0.0,0.0,0.002392182134970003,0.0,0.0,0.0,0.0,0.0,0.002335325517149978,0.0,0.00801988620268062,0.0,0.000363862334112309,1.7016945474303308e-05,0.00342120683776905,0.006837708990612852,0.00010500456354437647,7.647615495510428e-05,0.06484076843720978,0.046332838240319606,0.08556760822426972,0.05219968044178392,0.0003990974212120429,0.0001712705512148998,0.0009873832362266343,0.0017242169752639577,0.032450213923024544,0.0,0.0,0.0,0.0,0.0,0.0,0.0,0.0,9.74970875998319e-05,2.302292622993977e-06,0.00048187985596056545,1.2812758945357786e-05,0.0034903757161381297,0.0,0.06036691337233616,0.0013498441748292847,0.0012865811775365909,0.0,0.004170252737676177,0.007928395095836434,0.0,0.0,0.0,0.0010383339729702836,0.018440563112747672,0.028684463989240485,0.00024724620777370103,0.0,0.0,0.006658330365377842,0.0,0.0065552276957394065,0.0004015999131935581,0.0009367327985207669,0.0,0.0,0.0005400377696109775,0.01401295409969247,0.0,0.00012462410067945657,1.2812758945357786e-05,0.07662420238073073,0.0005988963810162159,0.0,0.0,0.001490884622907481,0.0,0.0007715683277407641,0.029603679343890642,4.5845653101358326e-05,6.906877868981931e-06,0.0005527504288770757,0.006575748129987841,0.0005973948858273067,0.0011751702345195343,0.0,4.8548344441394735e-05,0.0,0.0,0.0,0.0001597590880999289,4.3343161119843035e-05,0.00018658580214177275,0.001966558298753899,5.805781397115247e-06,0.0,0.0,0.0,3.4634489024170267e-05,0.0,0.0,0.0008219184664088498,0.0,0.0001231226054905475,0.0,0.0,0.0,0.0,0.001441135082314969,0.0,0.00040510340196767835,0.0,0.0013058003159546277,0.0,0.0032343207365894957,0.0,0.0,0.004005188366575436,0.0,0.00041811636027155836,3.863847619459458e-05,7.107077227503148e-05,0.007946713337141123,0.0,4.8948743158437166e-05,0.0,0.0,0.16533484043410426,0.0,0.0027465349995525537,0.0,0.15878191503098785,0.00029209086408245327,1.611604836095784e-05,0.0,0.0,0.0005535512263111606,4.6045852459879545e-05,0.00024524421418848887,5.5655421668897785e-05,4.824804540361291e-05,0.0,0.0,0.0014176116576887262,0.018209232753976408,7.077047323724964e-05,3.333319319378237e-05,0.0036180028071954046,0.00010160117444951582,0.0,0.00048818613575398373,0.0004255237365368433,2.962950506113988e-05,0.0,5.705681717854639e-05,3.503488774121269e-05
FDM024W16,0.013537971235140151,0.0,0.0004920881049553924,0.0,9.169907490866169e-05,0.00017139354045084292,0.001237080039169327,0.00020317044759740884,0.0003003169923026247,1.7351200092727964e-05,0.0003683094856892451,0.00011237928432150617,3.0364600162274112e-05,0.0,0.00023938603383746334,0.009081739183418236,0.0,6.234326544945316e-05,0.0,0.0016796365206041993,0.0,8.130853066708615e-05,0.0,0.010259804966458227,2.834701875614294e-05,7.081710735520407e-05,0.0003294710436212201,0.0,0.001755295823334108,4.539558163795133e-06,0.0,0.0,0.0,0.0,0.0025416481763737417,0.0,0.0038004172156589785,0.0,5.457557703584815e-05,5.750107007473834e-06,0.0016000429341323245,0.0060016994088183916,6.204062823853348e-05,0.0002041792383004744,0.03542671191025722,0.008241719164975524,0.02788549700949044,0.023213787263593612,0.001211658513452064,0.00035337938328387444,0.010159531170573508,0.00014455970774929835,0.06090483078595194,0.0,0.0,0.0,0.0,0.0,0.0,0.0,0.0,0.00030919435048960185,7.233029340980244e-05,0.00018249023818456335,3.4198004833923335e-05,0.0055279712946587935,0.0,0.09677581412183915,0.011048074021833673,0.004626515922399386,0.0,0.003519771642066133,0.021655104748287076,0.0,0.0,0.0,0.012764934919380995,0.033793177124783115,0.03811372682694271,0.0001501080566161591,3.046547923258067e-05,0.0,0.011730722690598156,0.0,0.009458724269153836,0.00032674730872294305,0.0012936731976113062,0.0,0.006144443293302172,0.0,0.029671560949268056,0.0006286783661504726,0.0002834701875614294,0.0,0.074372388430018,0.001146591513104344,0.0,0.0,0.0014409566402588817,0.0,0.00019267902428552576,0.03065896528942865,0.00010087907030655852,3.0263721091967555e-05,0.0016560308181524646,0.005631069704512096,0.00181562150737744,0.0007910936693440318,0.0,0.00010975642849353567,0.0,0.0,0.0,0.0001500071775458515,9.452368887724533e-05,5.891337705903007e-05,0.00031423830400492973,0.0,0.0,1.5434497756903452e-05,6.052744218393501e-06,0.0,0.0,0.0,0.0017791032839264659,0.0,0.0003925204625628192,0.0,0.0,0.0,0.0,0.0017822305351059692,0.0,0.001267949034683134,0.0,0.0024482341572698687,8.574720976057474e-06,0.004379664837359238,0.0,0.0,0.0040440401704493175,0.0,0.0021925057140427424,1.7653837303647737e-05,0.0,0.01936504897325789,3.732525601342665e-06,7.82821585578894e-05,3.0868995513806904e-05,0.00031413742493462317,0.19556053404976229,0.0,0.0005199307283600026,0.0,0.12232434658860794,0.000372445527571814,0.0010804148429832416,0.0,5.144832585634485e-06,0.001017970698463482,9.381753538509941e-05,0.0007290530411054983,8.867270279946493e-05,0.00037970882063388623,0.0,0.00018813946612173164,0.0013320072443277985,0.00693916860917724,0.0002903299643422754,0.0004111830905695325,0.0,0.0,0.0,0.001110476805934586,0.0006933418502169766,0.0,0.0,1.624153031935592e-05,4.832107467684153e-05
FDM043W24,0.0,0.0,1.4976152236507424e-05,0.0,4.3119257110481104e-05,0.00011468315236144276,6.402556358829013e-05,3.51788810924671e-05,3.31686593157547e-05,8.543442551027726e-05,0.0003490750115261093,0.0,1.5076663325342944e-06,9.739524508171607e-05,0.00029640720097624427,0.021738638804456693,0.001016468641394628,0.0007552403215108499,0.001485553892990468,0.03540472950908074,0.0003911891577482342,0.0,0.0,0.034688889534393454,0.00017006476230986954,0.00010583817654390817,0.004781111473732787,7.638842751507143e-06,0.001255484010645733,3.5982969803151964e-05,0.0001020187551681536,0.0,0.0001143816190949359,7.096082871794793e-05,0.0021839049382203577,0.0005107973534626224,0.0,4.7240211752741537e-05,0.0005668825410328974,0.0002624344529498046,0.0004635571417098808,0.01344918777491668,0.00011719592958233326,0.003056341189313542,0.0,0.0,0.0008445946794857173,0.09674725009199273,0.0007405657025408494,0.0006406576802382438,0.00549383560466617,0.0,0.0035631180992227395,0.0001600136534263075,9.829984488123666e-05,0.0,0.0,0.0,5.658774301445413e-05,0.00028283820398343555,0.0002342913480758309,0.0,0.004459878033814144,0.00334852692455869,0.0010877310033790828,0.004408617378507978,1.1960819571438815e-05,0.04357085343261955,4.623510086438534e-06,0.00014825385603253893,6.201534181157772e-05,0.01648864310130584,0.023242385204526407,0.09951281270130481,0.030689452798535286,0.0,0.0,0.023336564094765484,0.030161066004526435,0.0016207413074743773,0.0,4.372232364349483e-05,0.0008549473216357863,0.012491920164846232,0.010589446275365611,0.006353104903121887,0.16365768295204294,0.0,0.0,0.0,0.0,0.0,0.0,0.002464933942604752,0.11634339452682954,0.0,0.0,0.0005116014421733073,0.010219967512805872,0.0006240733505803664,0.00033480243691145123,0.023247511270057124,0.0,0.0,0.00012191995075760742,0.009299386450160424,0.005257031479369448,0.0,0.0,0.00017167293973123946,0.0,0.0,7.1362873073290405e-06,0.00012895572697610083,0.0,8.56354476879485e-05,0.0029781435621994293,7.849916038061945e-05,0.0,6.844805149705742e-05,6.543271883198881e-05,7.176491742863289e-05,0.0,0.0,0.0,0.0,2.8746171406987405e-05,9.799831161472978e-05,0.0,0.003912997199459534,0.003060562655044638,0.003306513289425401,4.191312404445366e-05,0.0016481808347264917,0.0002856525144708329,3.5279392181302725e-05,0.0,0.017770461017226506,0.0,0.017476968637826492,0.0,0.0,0.0,0.016421300671785974,0.0,0.003119060108746969,6.432709685479699e-06,1.2965930459794918e-05,6.854856258589293e-05,0.0001431277905019233,0.0,0.0,0.00017227600626425318,0.0067811816304727945,0.029027803477904814,0.0019782592504626784,0.0,4.020443553424812e-06,7.819762711411259e-05,0.0,3.9601369001234397e-05,0.00017448725021863682,1.6383307480206107e-05,5.749234281397481e-05,0.0004942130238047449,5.2466788372193695e-05,0.002167521630740152,0.009607050893086258,0.00040928115373864584,0.0,2.110732865548026e-05,0.00046184845319967527,1.2764908282123778e-05,0.0,0.0,0.0,0.0,0.0,3.31686593157547e-06
FDM043W16,0.0,3.0851925191506794e-05,7.153463332539202e-05,1.1399524901268613e-05,8.07379194842144e-05,0.00030245344967402593,0.0004973957837654441,1.6942413156013902e-05,0.00013282015251936822,0.0027755228564657584,0.0008013133926011019,5.783428688441783e-05,0.00021334890640906394,0.00018354280919014956,0.0009044320306988161,0.03955007643956642,0.018528620442046385,0.0,2.394946057239002e-05,0.006142356848635844,0.00017496701981488326,0.0,0.0,0.028264442204513338,0.0,0.000373988082999418,0.003651508366310033,0.0,0.0007912734440642048,0.0,6.808340101583364e-05,0.0,0.0,1.401409483275224e-05,0.0003756614077555675,0.00010301405530045489,0.0,0.0,3.1374839177803414e-06,6.201759877479163e-05,0.00010656987040727263,0.007732538280964196,8.418915179377279e-05,0.0006468446010490492,0.0,0.0,0.00015656044749723957,0.0,0.0006992405824759811,0.0,0.0037625752969994474,0.0,0.03419324098114561,2.9387766029875964e-05,6.693299024598084e-06,0.0,0.0,0.0,0.0,2.8655686449060547e-05,4.517976841603707e-05,3.838188659417964e-05,0.0,0.0,0.00011870147488935665,0.00034533239655035744,1.0562862523193852e-05,0.04019723478900735,0.0,0.00015321379798494055,0.0,0.0014524458883377843,0.006903824195481146,0.0,0.011354449715649834,0.0,0.0,0.025835820486556825,0.015389254033915367,0.0006180843318027283,0.0,0.0,0.00046330179185889866,0.009911834610254428,0.04552112666629157,0.00673230840797582,0.11578005903071412,0.0,0.0,0.04003617728122796,0.0,0.0,0.0,3.942771456677309e-05,0.08511512788070702,0.0,0.0,2.196238742446246e-06,0.004548410435606176,0.0,1.4223260427270929e-05,0.008505509735508017,6.222676436931032e-05,1.5478253994383072e-05,0.00034836529767087845,0.008298435796934503,0.0002440962488033114,0.001637243691095047,0.0,0.0,0.0,0.0,0.0,0.0002657448878359958,0.000121838958807137,8.973204004851806e-05,0.004162186165327416,0.0007655460759384059,0.0,0.0,1.2863684062899338e-05,0.0,0.0,0.0,0.0,0.0,2.2380718613499845e-05,8.81632980896279e-05,0.0,0.0005827353463290707,0.00017716325855733053,0.0005669433439429096,3.17931703668409e-05,0.00029816555498639275,0.0001993348115763117,0.0,0.0,0.0009574555089093041,0.0,0.001963019104557907,0.0,0.0,0.0,0.03941035382242804,0.0,7.19529645144293e-05,3.702231022980816e-05,0.0014720028714252818,0.002773222034926053,0.009803486832293746,0.0,0.0,2.562278532853954e-05,0.012269758357263624,0.034404916562798524,0.0001742349402340689,0.0,1.1608690495787304e-05,0.003384508484906925,6.68284074487215e-05,2.060281106009098e-05,0.0020335079099107053,0.0006636824314078039,0.00024765206391012915,0.005317198578259622,0.0006612770270708379,0.08717457232433805,0.1921237231224826,0.0011425670600583447,0.0,0.0,0.006517495342405126,0.0,0.0,0.0,0.0018884515701119938,0.0035922099202639842,0.0030147037137978807,0.0
FDM061W4,1.6205748178878943e-05,0.0,0.0,0.0,0.0,0.0,8.691164947987877e-05,7.936376676642826e-05,9.801147699965883e-05,0.0,1.8980705058824097e-05,4.217934457516466e-06,0.0,0.0,0.0,0.00392234605066472,0.0010108612922263805,3.851640149363721e-05,0.0,0.0031362562657138884,0.0005723071069198657,0.0,5.6720118626076693e-05,0.006522813641998819,1.076683269418677e-05,0.0,0.0012056632651985116,4.517629800550531e-05,0.0,0.0,0.0,0.00013097796473340607,0.0,0.0,7.03729064754063e-05,1.1099827519780176e-05,9.878846492604355e-05,0.0,0.00017382329895975754,7.64778116112854e-05,0.003135257281237108,0.0015164584357523674,6.215903411076898e-06,0.00031590109121294377,0.0006804194269625247,0.014176699708263128,0.007892532357939692,0.004220598416121214,0.0,0.0,0.03635770703759036,0.0,0.003096740879743471,0.0,0.0,3.3299482559340413e-06,0.003690803648602095,0.0,0.0,0.0,0.0,0.0,0.0003315518480158338,0.0018051649495418498,1.0433837868593364e-05,3.440946531131854e-06,0.0,0.07203188669651264,1.4651772326109832e-05,0.0003599674064664711,0.0,0.004844186726182453,0.013092690552681507,0.04739171258017824,0.004253120910754169,0.0,0.0,0.009574933215112776,0.026274623718622048,0.0,0.0,0.0,0.48364756760044725,0.0023613773065580346,0.008900840689836525,0.0018154877891352454,0.01714668055773082,4.140235664878005e-05,0.013946156290677294,0.015338407656483432,0.0003948208648785797,1.775972403164828e-06,0.0,0.00012087712169040611,0.063733100651349,0.0,5.2391185893362424e-05,0.00018059419374682345,6.471199444031842e-05,0.001220537034075028,0.0003436506600123942,0.010253909664497728,0.0,0.0,0.00016216848006398834,0.002647086866917176,1.9868691260406402e-05,0.0,0.02289339425954661,0.00016128049386240594,0.0,0.0,0.0,0.0,0.0,0.0,0.0,0.0,0.0,0.0,0.0,0.0004468790559463498,0.0007481283748331838,4.3400325602340484e-05,0.0,0.0,0.0,5.4389154846922855e-06,0.0,0.0008686725016979953,0.00039071392869626214,0.0004318942887946466,0.00016227947833918617,0.0009147367859050832,0.000171270338630207,8.8465625332648e-05,2.0978674012384528e-05,6.881893062263708e-06,0.0059263089110858334,0.00021899959696526283,0.0,0.0,0.0171931888350387,0.0023519424531662212,0.0020662328928070794,0.007448095264047695,2.774956879945044e-06,5.006022211420859e-05,0.0001902510436890322,0.0,0.0,0.0,2.774956879945044e-05,0.0017847412669054431,0.01394282634242147,0.0003456486289659546,0.0,0.0,0.000645565968550415,0.0002481921433422847,0.0,5.583213242449417e-05,0.0002744987345641637,5.272418071895572e-05,9.146257876298864e-05,0.00013020097680702147,0.003694022598582842,0.017844748710449797,0.0,0.00010345039248435123,0.00042667736986034996,0.0026576317030609672,0.0,0.0,0.0,0.0,0.0,0.0,1.0655834418988968e-05
FDM061W24,0.0,0.00027199942520876244,0.0003382131217634667,3.6628853413240665e-05,4.115714573081163e-05,0.00022500581382419265,0.00017861597474863136,0.0002738107421357908,0.00015033930494335592,0.0,0.0,7.355959298098607e-05,0.0001300123038733707,0.0003859111341752142,0.0005910930905202628,0.0026047743697849854,0.00010384883714962638,0.0,7.174827605395768e-05,0.0,0.00023818817590423258,0.0,0.00031637668992095787,0.010864580814470755,6.742124117272321e-06,0.0001657354988230972,0.0014000473558747732,0.002129907448749034,0.0,0.0,0.0,0.0,0.00011713182794783554,0.00033469111662757714,0.0,1.2176074898357473e-05,0.0,0.0,0.0,0.0001309179623368849,0.0,0.002782987829660935,0.0,0.0,0.19221856235574186,0.0,0.03662543203682295,0.010544581490695742,0.0011123498506317648,0.0,0.04234496712006957,5.625145345604816e-05,0.047761408504193456,0.0,0.0,0.0007834951996579445,0.01163328359255797,0.0,0.0002954459165419632,0.0001828423809116986,0.0002464397307940285,0.0002790434354805395,0.012209684890225668,0.02707123839033896,0.0,0.0,0.00039758406548273044,0.08710713667925853,0.0,0.0004769801241174746,0.0,0.0,0.0,0.0,0.0,0.0,0.025022840203306293,0.004488242087740001,0.04817931957074617,0.0005984389869465446,0.0,0.0,0.00013927014594484913,0.0009844507498399271,0.010889335479140144,5.574830986520695e-05,0.05245281997391514,0.0,0.0,0.0,0.001167796274342467,0.00011652805563882607,7.718222683504282e-05,0.000372225628504333,0.02453106765761809,0.0,0.0,0.0011884251615669568,0.019150550725880268,0.0,4.7094240102738e-05,0.04093073111493298,8.95595591697368e-06,0.0,8.855327198805436e-05,0.0032748610040673194,0.0034615272762694113,0.0,0.0,0.0,0.0001480248444254863,0.0006136339233899494,0.0,5.1421274983972477e-05,0.0,0.0,0.0011825886959131986,0.0,0.0,0.0,2.9786100577800102e-05,0.0,0.0,0.0,0.0,0.0,0.00011924503102936865,0.00020276686710901082,0.0,0.0004305902850419143,0.0,0.002553856238391854,0.0,0.0,0.0,0.0003993953824097588,4.779864112991561e-05,0.0012665130468655138,0.0,0.0,0.004270079026751248,0.00015939588957849783,0.0013616071855345041,0.001402059930238138,0.0011733308538417202,0.0006414074496043846,0.00020296812454534733,0.00010173563406809327,2.1132030815331153e-05,0.02228322335117586,0.1948409467512063,0.0,0.0015198961592131513,0.0,0.0,0.008145995364437487,0.003173125369999225,0.006025245129041743,0.00035934515257879786,0.0,0.0,0.0,0.00020035177787297296,7.094324630861162e-05,0.00018606249989308238,0.00027642708880816513,0.0024324980042809523,0.010622468118557861,0.00020950899122628314,0.0,0.0,0.0003832947875028398,0.0,8.845264326988612e-05,0.0002442258989943272,0.0,0.0,0.0,3.8238912903932565e-06
FDM061W16,0.0,0.0,0.0,0.0,0.0,1.888681973286039e-05,0.00013187444131120755,0.0001279859784250304,0.0001559829112055058,0.0,3.588495749243474e-05,0.0,0.0,2.1997590041802103e-05,0.0,0.005455735627185736,0.0,0.0,0.0,0.002336410699894435,3.155209884783736e-05,3.332968188151834e-05,6.732595740066704e-05,0.0077504842247282735,0.0,0.0,0.000949007142106432,0.0,0.0,1.888681973286039e-05,0.0,1.0221102443665622e-05,0.0,0.0,0.0,4.466177372123457e-05,4.699485145294085e-05,0.0,0.0,3.866243098256127e-05,0.0012678610987729574,0.0010993240073920796,0.0,0.00029074592494644384,0.0,0.0300186001844687,0.0025357221975459148,0.00011254322581992691,0.0,0.0,0.018714171980714126,0.0,0.02667929935675938,0.0,0.0,1.3331872752607334e-06,0.010893695424034651,7.443628953539095e-05,0.0,0.0,0.0,0.0,0.00018697951535531787,0.000367181995394727,0.0,0.00032563099198243303,0.0,0.0744330676661423,3.5551660673619555e-06,0.0002936344973761765,0.0,0.012208884671079376,0.03543245151142333,0.04384230794270764,0.004581609170373115,0.0,0.0,0.02462974611892521,0.10762598675300691,7.665826832749217e-05,2.51083603507437e-05,0.0,0.23785371958138823,0.0027643638152531308,0.011755600997490616,0.004792030561985101,0.07406321929619704,0.0009006791033782305,0.0,0.03800639174419338,0.014457749406565024,3.777363946572078e-05,0.0,0.0001428732363321086,0.049351259961964204,0.0,1.0998795020901051e-05,0.00034029605201030223,0.0012159778939773939,1.966451231009582e-05,0.00018620182277808244,0.04460289128324389,0.0,0.0,8.810145910681335e-05,0.0028613531895283493,0.0001839798439859812,0.0,0.012057790113216494,5.243869949358885e-05,5.410518358766476e-05,0.0,0.0,0.0,0.0,0.0,0.0,0.0,0.0,0.0,0.0,0.0001368738935934342,0.0014007354305406107,2.477506353192863e-05,0.0,0.0,0.0,4.299528962715865e-05,0.0,6.821474891750753e-05,0.00020342215841686692,0.00028819064933552856,4.332858644597384e-05,0.0005973789982564136,0.0008103556654793158,1.1443190779321295e-05,1.59982473031288e-05,0.0,0.010752933067555051,0.0006081555953981045,0.0,0.0,0.03748967057609025,0.004553278940773814,1.610934624273375e-05,0.0015499413064302076,2.6441547626004544e-05,1.5553851544708555e-05,0.0,0.00011387641309518765,6.39929892125152e-05,0.0,0.0,0.02555220061446603,0.004109771973870421,0.0006262647225537295,0.0,0.0,0.0,0.0,0.0,0.0,0.0,0.0,1.91090176120704e-05,0.0,0.00015309433877577422,0.001761362588498628,0.0,3.110770308941711e-06,0.0,0.00013154114449239238,0.0,0.0,0.0,0.0,0.0,0.0,1.39984663902377e-05
FDM060W4,0.001764080520381024,0.0,0.0,0.0,0.0,0.0,5.667120036269567e-05,0.0,0.0,0.0,0.0,0.0,0.0,0.0,0.007038845935957704,0.002842449618191677,0.0,0.0003680092387188944,0.0,0.04200770405066748,0.0004947870577120916,0.00012223200078228478,0.0009114870603789716,0.006444252913970491,0.00020749134678249004,0.0027807275087057466,0.001407991427192963,0.00018375207390328597,0.013160951866048272,0.05309000477613966,0.0,0.00010021003700498059,0.0001713268374601281,0.0009173461149619241,0.001272829099055197,0.000592370621972989,0.0,0.0,0.001314347572048188,0.001894596012125414,0.0188728229571497,0.0,0.0003194194929533756,0.0023603908514701374,0.08364517646260185,0.06413048397407145,0.0,0.014091834417460465,6.364145495275984e-05,0.00022446240143655935,0.030509612486170606,0.0,0.027590288031123292,7.849112777507048e-05,0.00014031425544346575,0.0,0.0,0.0,0.00010354363702631562,4.7276509393478746e-05,3.1517672928985826e-05,0.0001160698916519382,0.00022941229237732953,0.004034161116727721,8.899701875139909e-05,0.0017740813204450293,0.0002748704744864437,0.0755926130656109,0.0003301274202946336,0.000526102694276148,0.0,0.009246396277358753,0.0,0.0,0.0,0.0,0.0,0.013388747867506165,0.02434649317399937,0.00025123221978970434,0.0001547598555359176,0.0,0.010996031197647325,0.006951768262673123,0.020580333295350493,0.010403660575674234,0.03213085329654655,0.0,0.0,0.004839983158248618,0.004805636976210621,0.0,0.0,0.0021663349229554523,0.047425107139884314,0.012111271932057592,0.0018988387757889315,0.00031113600199127037,0.002236037468856084,0.0,0.000445793239216713,0.12452339621513153,0.0,0.0,0.0002580004380148391,0.0029547818370924115,0.00011667600074672537,0.0,0.0,0.00039033425704359376,0.0002036526558488315,0.0,0.0004580164392949405,0.0,0.0,0.0,0.0,0.0,0.0,0.00010839250978462115,0.0,0.0009728050971350434,0.0,0.0,0.0,0.0,0.0,0.00047630073032105084,0.00108604647967796,0.00418528431769491,0.002435851433771267,0.005367197052531868,0.00012970734628467244,0.0011209987708107555,0.004831093558191725,0.0,0.0,0.0,0.00991331831799069,0.0,0.0,3.30329456659563e-05,0.029186375314065524,0.0018172160843574555,0.002423830270057968,0.00012799003718277257,7.879418232246456e-06,0.0,0.00025032305614752207,0.01000574995494589,0.11261466573891565,0.007892853650514262,0.0006931867680727589,0.0,0.0009182552786041063,0.0012693944808513872,0.002405748015396787,0.0,0.0,7.12178186376121e-05,0.0,0.0,0.0004572082938352239,9.990698245758638e-05,0.0,0.0,0.0,1.8991418303363256e-05,0.00014011221907853636,3.717469114700893e-05,0.0007273309137458257,0.0,0.0,0.0,0.0,0.0,0.0,0.0,0.00018082254661180971
FDM060W24,0.0,0.0,2.773013600463594e-05,8.633925129648553e-05,5.281930667549702e-05,3.35199446209885e-05,0.00010574018894075462,0.0001297120281242494,7.313442462761126e-06,0.0,1.7166274669536533e-05,0.0,0.0,0.0,0.0012043817677910929,0.0013006754268841143,0.0006517089839038248,0.0,0.0,0.006169295019698053,0.00010827957868476788,0.0,0.0005281930667549702,0.007767891651349912,4.164599180183419e-06,0.0009009754811762665,0.0006107740212303147,0.00017867146238884473,0.0005261615549597588,4.8553131905553036e-05,0.0,0.0008169724684442742,0.0003639453381121266,6.673516247269528e-05,0.00011457726524992432,0.00018537545131304243,0.0,0.0,0.0016574088981232402,0.00020233857480305784,0.013076333547827133,0.00017968721828645045,1.5033187284564539e-05,0.00036729733257422444,0.01667993074576292,0.012418936330896718,0.016030151698064543,2.9050618671523365e-05,5.088937047004617e-05,0.00019218101582700072,0.008898021663026038,0.0,0.014746540970260206,0.0,0.0,0.0,0.0,2.4987595081100414e-05,0.0,0.0,0.0,2.4784443901579372e-05,0.00018151557890214076,0.010926486190544643,0.0,0.0013241393881188062,0.0,0.14025699639965336,0.0004141236794538488,0.0008996549985093792,0.0,0.014041809528501363,0.0027747403854895235,0.007534064643721087,0.001896517836419615,0.0,3.9919206775904486e-05,0.014119006976719396,0.04847156670697529,0.0,0.0009477002524661284,0.0,0.0010440954871489114,0.0013684263452544152,0.017987716463930273,0.0011113385275704096,0.007910605354963515,0.0,0.04065319198751437,0.0,1.2087495181507973e-05,0.0002189969715237905,3.189473518481936e-05,0.004443424174076187,0.02316258645987233,0.003278453735112186,0.0007280938274037744,0.00013174353991946087,0.0015889469506246154,0.0001206718006355586,0.0,0.01186280997695759,0.0,5.485081847070845e-06,4.560743980249647e-05,0.0024066304481972136,8.024471591085125e-06,0.0,0.0,4.6318468930820463e-05,0.0,8.88786410404998e-05,0.0,0.0,0.0,0.0,0.00029995271656296676,0.00013001675489353115,0.0,7.140763960168156e-05,0.0,1.594736759240968e-05,0.0,0.0,0.0,0.0,0.0,0.0,0.001493364320659918,0.0008772067931722929,0.001076904402641576,0.0008158551369569079,0.00029903853625512164,0.0010097629378098382,0.00018933689931370471,0.0,1.8994635285226817e-05,0.0,0.00159158791595839,0.0007421112587907331,0.0,9.822359529847224e-05,0.025927067710796038,0.3440747149408036,0.018675078479840058,0.004670344041601293,2.437814154253709e-06,0.0,4.438853272536961e-05,0.006813995287908398,0.0972329285715375,0.00020569056926515668,0.0012071243087146283,0.004293397027999824,0.01802814354865498,0.0010280465439667411,0.0,0.0,0.0,5.7796510573765016e-05,0.0,0.0,6.450049949796271e-05,7.08997616528787e-05,0.0,0.0,0.0,3.1488432825777073e-06,0.0,0.0,0.0,0.0,0.0,7.110291283239984e-05,0.0,0.0,0.0,0.0,0.00010096613622200767
FDM060W16,0.0,0.0,0.0001927391020005878,0.0003119197980238919,3.989438138385463e-05,0.00012360223955199323,0.0002741356987787287,0.0008972718674469492,6.240405752990878e-05,3.2156680208648643e-06,0.0005588228082509223,1.4570995719543817e-05,6.220307827860472e-05,0.0,0.0012602403953020707,0.007632488537148408,0.0,5.325950159557432e-06,0.0,0.018608166430114103,0.0001618887869254145,0.0006804152552898749,0.0005844476627921892,0.014885628737460414,0.0,0.0006457463344399256,0.0009092301328995405,3.0347866946912157e-05,0.00030438307609998984,4.069829838907084e-05,0.0,3.0649335823868237e-05,2.3112613899966213e-05,6.933784169989864e-06,0.00011496013174591891,0.00022851340873270942,0.0013902739708957937,0.0,0.0009796733604816104,3.3664024593429054e-05,0.000595099563111304,0.0008130615611505505,0.00021223408937708107,0.0008920464069130438,0.031200923379072217,0.1239079289932267,0.00736387976778054,0.00011877873752069593,5.024481282601351e-05,0.00026679995610613173,0.04959052487339316,0.0,0.030613963475638727,1.0953369196070945e-05,4.190417389689526e-05,0.0,0.0,5.928887913469594e-06,0.0,0.0,0.0,0.0,9.456073773855742e-05,0.0013477668592449764,0.0,0.00015495500275542566,0.0,0.06575046255374682,0.00014048449666153277,0.0006675525832064155,0.0,0.004723916812276138,0.009292476663294243,0.007891751771330639,0.0052400315296249386,0.0,0.0,0.02071302212902146,0.03729521721636505,0.0,0.0,0.0,0.0013090783533689558,0.0004808428587449492,0.027951591333613923,0.0029818286619725976,0.1203117067600176,0.0,0.0,0.0,0.0,8.943576683030404e-06,5.2656563841662154e-05,0.00012852623120894254,0.14080757080800504,0.0037437410036662666,0.000107825368324625,0.0,0.0015672362016690134,0.0,4.481837304080405e-05,0.030586730787086926,4.6325717425584456e-05,1.0651900319114864e-05,0.0004932030827001486,0.007234951578068988,0.0,0.0008742597431726341,0.0,3.527185860386148e-05,0.0,5.828398287817567e-06,0.0,0.0,0.0,0.0,0.005555267485295357,0.0007295546822337161,0.0,0.0,0.0,0.00011897971677199999,0.0,0.0,0.0,0.0,6.531825667381755e-06,0.000278858711184375,0.0004815462861245134,0.001026401036409804,9.285241410247296e-05,0.0020549123549583005,1.9595477002145266e-05,0.00032990744101560365,0.0002048983467044831,6.451433966860135e-05,0.0,0.0,0.018926618053805376,0.00989028944629815,0.0,2.1404290263881755e-05,0.02673144629894701,0.0006202219695243097,0.00013706784938936385,0.0023268372819726852,6.441385004294931e-05,0.0,0.00022600116809140875,0.0006263518366890844,0.10430210155963926,0.00020630520146361147,0.0009292275684042938,0.0012930000132646317,0.024541978335240647,0.0002682068108652601,0.0,0.0,0.00018831755847189863,0.0009524406719299121,3.5874796357773645e-05,0.0007110645911137431,4.3913966409935805e-05,0.00047119585468235467,0.0,7.767848062901688e-05,0.000353422013418179,0.005011518120892229,0.0008971713778212972,8.551667142987498e-05,0.0,2.9342970690391786e-05,4.431592491254391e-05,7.054371720772296e-05,1.045092106781071e-05,0.0,0.0,0.0,4.9440895820797195e-05
FDM059W4,0.007071907611838829,0.0,0.0,0.0,0.0,0.0,0.0,0.0,0.0,0.0003503063640590473,0.0,0.0,0.00016570378532390596,0.0,0.007848950819387988,0.011728737369523928,0.0004459488765711448,0.0010439234062182875,0.00015453157043439342,0.009926773962390981,0.00014221081008894854,0.0,0.0,0.06068632273438183,0.0003242030582424268,0.0026610754081695612,0.03085598691326424,0.0005760477527611815,0.0,0.0,0.0,0.0,2.819157028195015e-05,0.0015257904315931021,0.01103950568274188,0.0002004733886716445,0.0,0.0,0.00438107443503832,0.003114750863262426,0.00022835171928379624,0.01442865449674862,0.001268203009794691,0.000622511637114766,0.031668739443170536,0.0014109358859999718,0.0025747256725281806,0.007072325264731894,0.0,0.0,0.011961787683854716,0.0,0.03835567550082574,0.0008302939514150641,0.0008327998687734608,0.00017959074401834913,0.0,0.00028755401687589053,0.00031950446319543505,0.0014341156215651309,0.00017959074401834913,1.722818183896954e-05,0.0003361061656948057,0.0,4.0721157073928e-05,0.00715053076895849,0.0,0.1363177277677883,0.0011946961006150875,0.0016510862995128804,0.00018408051261880785,0.0004601490749353864,0.023039299779865595,0.00044626211624094423,0.017106540433864083,0.002464256482312243,0.0,0.03293078207279251,0.01662822345808033,0.00045451076087899635,0.007832140290442085,1.6914942169170092e-05,0.01786405836866241,0.005408918204873569,0.013275723685440126,0.004810630435556627,0.015247880646497335,0.004603787840265716,0.0,0.0003658639343257531,0.005348254122155744,0.0023665257053348153,0.0,4.207852897639226e-05,0.05100972285493734,0.004659022435373695,0.0020409652751899247,0.00022125162010167547,0.0022863363498661577,0.00019399976882912364,0.0009649870094288271,0.02966400555645408,0.0,0.0,0.0,0.0007155438190452005,0.00012466938858017853,0.0,0.0,0.000857963455580683,0.0007586664802542585,0.0,0.0013773148281081646,0.002048483027265111,0.0004254838848109143,0.00036847426490741516,0.0,0.0,0.0,0.0001296812232969707,0.0001638243473051103,0.0010255466789233865,0.0,0.0,0.0,0.0688842225459264,0.0,0.000610399703215854,2.401504135129087e-06,0.004623104286570025,0.0009894197036731827,0.013076190015777879,0.001465857241438131,0.0024814846641512123,0.002557497490689211,0.0001055617687224123,0.0,0.016754563458232775,0.0,0.0,0.0,0.0,0.02855983572041093,0.0,0.0,0.004694522931284299,3.6544628143268716e-06,0.0,0.001003097835921093,0.004009050120539845,0.0,0.0,0.00021676185150121673,0.03202123848491818,0.004631770584101144,0.0011507381336198987,0.0,0.0,0.0,0.0,0.0,0.0,2.3492975234958356e-05,9.261452903736947e-05,0.0,0.0,0.027247987983290953,0.0974837352911787,0.0,0.0,0.0,0.0024564254905672564,0.0,0.0,0.0,3.915495872493076e-05,7.810109100332857e-05,0.0,0.0001405401985166848
FDM059W24,0.0029013790369386634,0.0,0.0,0.0,0.0,0.0,0.00017815485314535653,0.0,0.0001742484676611062,0.0003133394659639593,0.0,0.0,0.00018324499180665243,0.0,0.0007070557726493108,0.0060891079674046476,0.028220794116083817,0.0012419938333561998,4.675825049329955e-05,0.004250502532817487,0.00012831884439173854,1.965030273895627e-05,0.0,0.009349519342941228,0.00010346002767378179,0.0003031591886413675,0.002187457495862487,6.688205450307405e-05,0.01898775608576387,0.00023012161761765538,0.0,5.019113470673168e-05,0.0,0.0018480754600035257,0.0023882220346894143,6.262054306571003e-05,0.0015283437268835205,0.0,0.002501507213732674,0.0002088140604308365,9.351650098659911e-06,0.00514755069038261,0.00016193743461983238,0.0011517918412653283,0.03561605533904053,0.0,4.344374159757199e-05,8.67691078774393e-05,0.0,0.0,0.02570413486168496,0.0,0.00821465517210764,9.233274780955355e-05,0.00033251626743209734,0.000137788869808103,0.0,9.422675289282644e-05,6.723718045618772e-05,0.0006441984789481929,1.42050381245467e-06,0.0,0.0012076649912218787,0.00011742831516291939,0.0,0.0016989225596957854,0.0,0.13948980474819975,0.0001715258353539014,0.0014406276164644445,0.00046201886500088144,0.0011456363247446914,0.008159847400010443,0.008528823265295532,0.014437763999153858,0.001200917598112719,0.0,0.011308512475633924,0.014157924748100289,2.6042569895002282e-05,0.0003707514950506689,0.0,0.0021872207452270664,0.002758736779104674,0.02500867987017069,0.001906316116314167,0.004537325927615614,0.029742390449858176,0.0,0.0,0.0059085856079052,0.007374545542358419,0.0,0.0,0.034770737195312304,0.03224839592566362,0.0026057958686303874,6.333079497193738e-05,3.5986096582184976e-05,0.00013021284947501024,0.0001305679754281251,0.007888649547149294,0.00014276063315169315,0.0,0.0,0.0007328615919089053,2.4740441400252168e-05,0.0,0.0,0.0004427236882150388,0.0,0.0,0.00039856969471123953,0.008484669271791744,0.0026841603289508038,0.0025571436130538035,0.0009410837757512189,4.924413216509511e-05,0.0,0.0008717158395763492,0.0001890453823741757,0.0006554441341301257,0.0,0.0,0.0,0.13843212128450955,0.0,0.0008515920355665747,1.0061902004887246e-05,0.00028268025867847816,0.001598066789011504,0.01879918420466051,0.0006275075591518505,0.00021982296497736017,0.0007848283563812051,0.00019224151595219867,0.0,0.01290350150638511,0.0,0.014086662806842027,0.0,0.0,0.013289878543372779,0.0016572544478637818,0.0,0.0007916941248080694,6.155516520636892e-06,0.0,0.001121487759932962,0.0006511826226927617,0.0,0.0,0.0,0.009857822957164591,0.009301814089906293,0.0011217245105683699,0.0,0.0,0.0,0.0,0.0,0.0,9.256949844496267e-05,0.0004837999234585185,0.0,0.0,0.05939718316461498,0.14600873349418966,0.0,0.0,0.0013054430036458418,0.024588565867637226,0.0,0.00019898890906135835,0.0,3.847197825398064e-05,0.0,0.0,0.00012701671589698842
FDM059W16,0.0026888255868413114,0.0,2.070245040055994e-05,0.0,0.0,0.0,0.0001262741084641483,0.0,0.0003157394660567073,0.0013953018010806706,0.0,0.0,0.00021396145073667707,0.0,0.005171602177811081,0.01160757128715374,0.022821254067733478,0.00031899115983690003,0.0005450922673529631,0.005537634507668101,8.562793621174007e-06,0.00010513809889289602,0.0,0.008376796736946987,0.0005340365085003079,0.0019318312748124596,0.0020611402974714545,0.0006394997767712223,9.191454418677922e-05,0.0008809922348468649,0.0,0.003535458257410807,0.00013765503669482265,0.005493953421220847,0.00013906410399957278,0.0001178197046356474,0.00030826057036226423,1.5608130144924772e-05,0.003277056991678163,0.0007348827943235414,0.00041155604277971666,0.000819968781571915,0.0005795602214230041,0.00046976136144516527,0.0007445294858714462,0.0,0.003984625558248087,0.0018828390885242238,0.0,0.000351941656809519,0.017093720643302123,0.0,0.022163544805793176,7.543929570046973e-05,0.00038315791709936847,0.0,0.0,0.0001752662947523844,7.890776906600856e-05,0.000552462773254733,2.6013550241541177e-05,0.0,0.0042826974880990805,0.0,0.0,0.005055733489443549,0.0,0.11148334574577132,0.014397199381180916,0.00337449941529127,0.00011467640064812783,0.002320733850923502,0.02123551140092619,0.0025506286011831233,0.006645920137750433,0.00047236271646932055,0.0,0.021932674547399496,0.03319220621027995,0.00030251591135059053,0.0024591476161670363,0.0,0.00766174927468262,0.0011082856300823319,0.028485704632829092,0.0009032121423448481,0.0844875672030265,0.0006858906080353052,0.0,0.0,0.007211389686125937,0.0,0.0,5.755497990940999e-05,0.11164235357162165,0.0015393518355432056,0.001392050107300478,0.0002527649965136428,0.007065063466017256,0.0002655549920490673,4.910057608090918e-05,0.060976520494721485,0.0,0.0,0.0,0.0021874144059356028,5.668786156802538e-05,0.0,0.0,0.000586605557946756,4.443981499596636e-06,0.0,0.0,0.0004067868919021019,0.0,0.0,0.001842843255027854,9.917666029587615e-05,0.0,6.50338756038531e-06,0.00014220740798709234,0.0002302199196376393,0.0,0.0,0.0,0.010785543099521035,0.0,0.00020160501437194495,1.680041786432875e-05,0.0020513852161308764,0.004979101906023675,0.02618773263836694,0.0005692631911190617,0.0013290756377574136,0.00040071706351240885,0.0,0.0,0.018862642059726934,0.0,0.009002747789634074,0.0,0.0,1.1706097608693578e-05,0.005420790311166512,0.0,0.0005823783560325055,0.00021320272218796547,0.0,0.0006496884172824937,0.022662137852089384,0.0,0.0,2.49296523148104e-06,0.001041300738210363,0.028474648873976438,0.0018740595153177036,0.0,5.625430239733303e-05,0.0,0.0,0.0,0.0,0.0001206378392451477,0.0,0.0,0.0,0.008185705532464331,0.17745804475002586,0.0,0.0,0.0,4.595727209338961e-05,0.0,0.00039919960641498565,0.0,4.9317355666255354e-05,0.0,0.0,0.000227293395235467
FDM042W4,0.004312088632416668,0.0,0.0,0.0,0.0,0.00022211883509883488,0.0007149608552336182,0.0,0.00010248516375049028,0.00015910567996115717,0.0,5.9461689067116035e-05,0.0005640742824643321,0.0,0.0033640501324950435,0.017259820691551627,0.029032118951789875,0.0,0.0001762541875590115,0.0009728987624155453,0.0,0.0002563143798353846,0.0,0.012826576330899231,0.0,0.003578863094534448,0.004164043232503831,0.0,0.0041830182083665455,0.0,0.0,0.0,0.0,0.0,0.0007638696165482087,0.0004198847599995334,0.00012673660348946767,1.4713216578040581e-05,0.0003233863533394183,3.4905837950661934e-05,0.0003315039900721294,0.02955743151885551,0.000352508375118023,0.0,0.0,0.0,0.005178341942256208,0.0014434172815353703,6.199845054608866e-05,0.0017136331142755246,0.0315049540414922,0.007845695902166246,0.03596123219637377,0.0,0.0,0.0,0.0,0.0,2.7802905809538944e-05,0.0027237715352023866,0.000935151751608434,0.0003962421430155094,0.0004134921210725226,0.0,0.0012409837155133623,0.0,0.0,0.19371126682316803,0.03263239231320685,0.005923236582941703,0.0,0.0010404780882153737,0.0029702432804993477,0.0,0.0,0.0,0.0,0.05389958584832097,0.12762213618654739,0.005592341415624525,0.0,0.0,0.023947434243337333,0.0,0.01724480306359611,0.00013972482226180604,0.021106464327806416,0.0,0.0004961905452870271,0.0,0.0005530140024160119,0.0,0.00010826897992254765,0.0004895949654416986,0.025253663464089866,0.0,0.0,0.0,0.0017424507246766527,0.0,7.610284436917594e-05,0.013615712091777905,0.0,1.4104393823087174e-05,0.0009551414320627375,1.0349986834207929e-05,0.003069684330475081,0.0,0.0,0.0002023320955628491,0.0,0.0,0.0,0.00010289104558712587,3.429701519570863e-05,0.0,0.0,0.0,0.0,4.4444061111598756e-05,2.6788201217949934e-05,0.0,0.0,0.0,0.006742813481568148,0.0,0.00014256599511825629,5.317052059926426e-05,0.0,0.0,0.0,0.03800829723944544,6.128815733197636e-05,0.008763800616635984,0.0,0.00013221600828404833,5.591022299655459e-05,0.04935604309856284,0.0,0.00650060349555585,0.0,0.0,0.02068952221112249,0.0,0.0,0.005449775420506269,1.1770573262432547e-05,4.04867132044015e-05,6.981167590132396e-05,0.0,0.002920725696429804,0.0,0.02429294115677329,0.0,0.05825185678256456,0.0013804041263976825,0.0003868053903137316,0.0,9.944104997572324e-05,7.539255115506364e-05,0.0,0.0008530621501488829,0.0,1.7858800811966623e-05,0.00022262618739462937,0.00026098202095669405,0.012672848585273497,0.02379959178434281,0.000888881222231974,0.00015839538674704487,0.0,0.001546511268040804,2.2627912392434983e-05,0.0,6.5955798453285815e-06,0.0,0.0,0.0,5.154699325272184e-05
FDM055W4,0.014207941133591766,9.205861544298674e-05,5.464197868301195e-05,0.0,1.3689013448771148e-05,0.0001782994001702457,0.00020681817818851914,5.5098279131304333e-05,7.871182733043475e-05,6.274131164020162e-06,0.0002908915357863882,8.977711320152486e-05,6.411021298507875e-05,0.00016267110981623182,0.012580659659869082,0.030395199536763784,0.002760731787280944,0.0005414004818989034,0.0014374604872330555,0.003717137526901752,0.0,0.0,6.67339405627599e-05,0.01596652306131058,0.00011806774099565213,0.0033130834799388643,0.0021065110195417395,0.0,3.14847309321739e-05,4.2207791467044726e-05,0.0,0.0,0.0,1.8252017931695016e-06,0.001676105621689968,0.001558836406478816,0.0,0.0,0.0034588714731682785,1.4943839681575294e-05,0.006972613075243716,0.003919963076167712,0.00041089855368728405,0.000600377314840693,0.17329481092848698,0.0,0.047071269795169006,0.0006665408798430875,0.009508959117076884,5.817830715727786e-05,0.028506115680833236,0.015230852663551083,0.01664572627859378,0.0,0.0,0.00015787995510916188,0.0756077294558138,1.3232713000478887e-05,0.00939556845567623,0.042542259695643035,0.0033730869888893124,0.00036173218038378064,0.013188223706770266,0.0009878904705529928,0.002532011187574391,0.0,1.9392769052425955e-06,0.23124839011498086,0.00858780258708665,0.003974262829514516,0.0,0.00011738329032321356,8.441558293408946e-06,0.0,0.0,0.0,0.0,0.008610959834837489,0.009923165849014287,0.001148622303463982,7.015619392495273e-05,0.0,0.012944102966933959,0.0,0.007110415810628013,0.001733371327950661,0.0011814759357410218,0.0,0.0,0.0,0.0,0.0,0.00010266760086578435,0.0,0.0,0.0051904175993257706,0.0,0.0,0.0007638469504414365,0.0,0.0062085379745781336,0.007674175014493243,0.00024799929364690605,1.984906950071833e-05,0.00010791505602114677,0.0,0.0019893558794426723,0.0,0.0,0.00031849771290807805,0.0,0.0,1.9164618828279765e-05,0.00042823797072239313,3.262548205290484e-05,5.635310536410836e-05,0.0,0.0,0.0,0.0,0.00025712530261275357,0.0016127939344894007,0.0,0.0,0.016033485152097487,0.0,0.000246744467414102,9.787644615871452e-05,0.0002501667207762948,0.0,0.0,0.03650791441720052,0.00012491224772003662,0.030344664262115403,0.0,0.00015194804928136103,0.0,0.0032351701783929414,0.0,0.0,0.0,0.0,0.02058051911933101,4.791154707069941e-06,0.0,0.001778088771883314,6.604948989032133e-05,0.0,0.0,0.0,0.0,0.0,0.009656572312099466,0.0,1.1521586319382479e-05,0.0025565373366701065,0.0009691821521730042,0.013076658247162894,0.00011612846409040953,0.0,4.2550016803264005e-05,0.00017236749434244478,0.0,2.737802689754241e-05,2.133204595766855e-05,0.00020887153020583484,0.0015628290354013856,0.0036488065347699797,9.171639010676746e-05,0.0,0.0,3.53632847426591e-05,0.0,5.6581255588254546e-05,0.00014692874435014486,0.0,0.0,0.0,7.152509526982986e-05
FDM055W24,0.00267468900179545,7.740428032946229e-05,6.998195207869193e-06,3.0749645610334335e-06,1.951011997345351e-05,0.0001153641876691164,9.034033813794777e-05,0.0001200296511410292,8.164561075847391e-05,0.0,0.00012787611243469965,3.902023994690702e-05,9.436960204550881e-06,7.305691663972536e-05,0.005071358793969209,0.011679033502587156,0.0,5.609159492367883e-05,2.4599716488267468e-05,0.009679352238568898,6.192342426356972e-05,0.00011865121875160041,1.3466224112111933e-05,0.0015734275559025903,8.355420945152917e-05,0.0015792593852424705,0.0005463893925174235,0.0,5.800019361673407e-05,0.0005673839781410311,0.0,0.0,0.00019690376516686502,0.00017590917954325743,9.532390139203643e-05,0.0001294666113455801,0.0,0.0,0.001087371088737857,0.0003191601147831253,0.0035841362790362797,0.0012941359471521743,0.0,0.0007056513501268103,0.0048569595407826705,0.02821841961030019,0.005904462123487818,0.0,0.0005071570860490648,0.00015586889326617748,0.0027356581267125027,0.1288709164868254,0.006641817418571491,2.3327317359563978e-06,0.0,9.044637139867305e-05,0.008000315554983916,5.6833827748755873e-05,6.881558621071374e-05,0.0019202623517350164,0.0001314812432993606,0.00022903184316662813,0.0013292329564522454,0.0064990966496352495,0.0014386592815207456,0.008256279846374757,0.0,0.11875650977950063,0.010733004750396005,0.003203052739989585,2.0464419319981128e-05,0.0017902655740857994,0.015673094367587303,5.513729557715112e-06,0.007827587373262418,0.0,0.0,0.018760570853386428,0.09709953437614216,0.0,3.92323064683576e-06,0.0,0.009061072295279724,0.0,0.005564519489602536,0.0018222876188248478,0.13578810228350047,0.0,0.0,0.02685090864672601,0.0,0.0,6.202945752429511e-05,0.004313645112826281,0.038236972249929294,0.00228989429862338,0.0,6.521045534605385e-05,0.001719541389182041,2.640228192059741e-05,1.2723991287034896e-06,0.01415639460617285,0.0,0.0,8.090337793339688e-05,0.003692714338018978,2.8522947135103225e-05,0.0,0.0,0.0001869366386586877,0.0,0.0,0.0,0.03783489412525899,0.0037372483075235998,0.046779860000044526,0.0,0.0,0.0,0.0,6.743715382128496e-05,0.00016912305085683884,0.015086624402515826,0.007566745551878202,0.0016025867026020451,0.0,9.861093247452044e-05,0.0008256810012678385,0.000127982145695426,8.164561075847391e-05,0.00014728019914742892,0.0061442033259877,3.711164125385178e-06,0.0019262002143356223,2.2054918230860382e-05,2.1736818448684615e-05,0.0,0.0005293180375406517,0.0,0.00938479184027403,0.0,0.0,0.008933408249366476,0.0010014841475503716,0.0,0.05677296465709956,4.6654634719127955e-05,0.0,0.0,0.0,0.0,0.0,0.0012738835943536437,2.788674757075148e-05,0.013968821767949703,0.0007180572416316693,0.0,0.013634180797100794,8.768950661981539e-05,3.043154582815846e-05,1.6117055630244204e-05,0.00010507896137876319,0.0,0.0,8.800760640199137e-06,2.41755834453663e-05,0.0007742548698160734,0.0034121503301398582,3.2446177781938985e-05,9.967126508177335e-06,0.0008779553988054078,1.4314490197914258e-05,0.0,0.0001361467067712734,0.0,0.0,0.0,0.0,4.0292639075610506e-05
FDM055W16,0.02000438904324243,2.6273958565967366e-05,2.5520197459566662e-05,0.0,0.0,8.215996059767664e-05,4.8779111599931216e-05,0.00012523202382057395,2.8319881569054987e-05,0.0,4.985591318050354e-05,1.3136979282983683e-05,0.0,5.836264566702587e-05,0.0028390950473372767,0.008103470294597844,0.0,0.0003627744524948527,0.0009729979082052504,0.05645509166704169,0.0015706227854229507,0.00024669524210914334,1.6475064182758223e-05,0.001317574413988429,0.0009101126958998192,0.0009536154797549466,0.0037408086909086215,0.0003627744524948527,0.0001148947286470786,0.005493303263290267,0.0,0.00036912758182023003,0.0014232086490425847,0.0001911322805516058,0.0017412958359436814,0.00016593512356621193,0.00436976849412099,4.350278385512629e-05,0.0028483555409301994,0.01050592230101299,0.03464102988748934,0.01516158161477597,0.0016914399227631778,0.005109854220448424,0.015174072513110612,0.004073001978515228,0.008648224214209438,9.79889438320914e-06,0.0015078452532755779,0.00023948067151930802,0.014051076144731622,0.010503768697851855,0.01154762015005877,0.0015552245228207648,0.0005349550252283847,5.060967428690435e-06,0.00462055558223631,3.165796646882953e-05,0.00012523202382057395,0.00046657812486203525,0.00011338720643427719,0.0,0.0009066669308419885,0.009687122379145721,1.561362291830017e-05,0.004603757477579369,0.0,0.09676332827308375,0.007262057539538534,0.002524453625494012,0.0009195885498088578,0.0021445580278680577,0.012632174702011218,0.00016453528151146775,0.01669365490361443,0.0,0.0,0.015571412296341838,0.058905245983476316,0.0,1.173713722823952e-05,0.0,0.029993769626054836,0.0,0.042345437516327036,0.0012975459045897815,0.023593907112080637,0.0,7.106890431778058e-06,0.01502138204898544,0.0,0.0,9.583534067094652e-06,0.0013987652531635797,0.07711482215222051,0.005264159886944454,9.906574541266384e-06,0.0,0.0006787080362348045,0.0004806842255675341,1.3998420547441521e-06,0.020152126220096968,3.908789737477932e-05,0.0,0.00014590661416756466,0.005525284270233268,2.0997630821162443e-05,0.0003021505235086247,0.0,0.00021955984227871908,0.0,0.0,0.0,0.01390613865198657,0.0014223472077781268,0.002846201937769055,0.0009474777107456837,0.00011877121433713935,0.0,0.0,7.268410668863923e-05,5.814728535091138e-05,0.011780640012094645,0.006727102514310161,0.002410312657953334,0.0,1.3890740389384278e-05,0.0036459424716602006,0.0002284972953974692,0.0035825188585644845,0.0013862743548289501,0.02438686379601407,0.0010761554996240894,0.02798467323702268,0.0013912276420995834,0.00045871747332385643,0.0,0.002135943615223478,0.0,0.1154938610465091,2.8858282359341204e-05,3.251940773328747e-05,0.0041172585234767545,0.009841212685325637,4.3072063222897326e-05,0.033975566510695575,1.1629457070182277e-05,0.0,0.0,0.0,0.0,0.0,0.00039852426496985745,0.0,0.0037713898557968895,0.0008455046010654744,0.0,0.004753755937753119,0.00033790033598362945,0.0,6.654633767937636e-05,0.00016550440293398294,0.0,9.411245814203064e-05,0.0,0.0003838797634740724,0.001510644937385066,0.009117494343022904,5.190183618359127e-05,0.0,0.0,0.0001887633170743475,1.012193485738087e-05,0.00029149018786095763,4.845607112575949e-06,0.0,0.0,0.0,5.14711155513623e-05
FDM042W24,0.011559765529424422,0.0,0.0003867235430641923,0.0,0.0,0.00012787932762672316,0.0018632212311225152,0.0,0.0009114973343617015,9.210968549342168e-05,0.0,0.00018593357108907829,0.00015656360933745373,0.0,0.0016568315388134339,0.01859701406912593,0.003664502698550943,8.799560524805783e-06,0.0,0.005989415157208723,3.0169921799334155e-05,0.0011654275095060972,0.0,0.03026100296476623,0.0,0.0017207140626233875,0.002437478265371205,0.0,5.725428341464549e-05,0.0,0.0,0.0,0.0,0.0,0.00314772850773053,0.0,0.0002779289765756843,0.0,0.0003672959419055302,4.582628273307953e-05,0.00012410808740180639,0.013679202535827648,0.0,0.00015290664911935263,0.0,0.009806253104844941,0.0009871506988736681,0.00032946925964954686,1.9427601158662145e-06,0.004505832108727829,0.05267508354154201,0.0023666246611454963,0.035344291947933586,0.0,0.0,0.0,0.0,0.0,0.0,0.0014559272868315042,0.0002926710974549044,0.00025667289530797164,0.0017714543856495405,0.0,0.0005462584325788533,0.004039112560892664,0.0,0.11295858709685021,0.02493224052695884,0.003521652690031368,0.0,0.0027139216018582856,0.010638782954497022,0.0,0.0,0.0,0.0,0.0702720332710241,0.08016411066098761,0.0008910412131416972,1.0399480620225028e-05,0.0,0.0026371254372781626,0.0,0.01412592308247006,0.0031032735850792382,0.054904800754522344,0.0,0.0,0.0,0.0006324255577178607,0.0,0.00019187613144349257,0.0006100266763819913,0.017839566183951737,0.0,0.0,9.542380569107582e-05,0.0007684187658284956,0.0,0.0,0.01605496959751828,1.017092060659371e-05,4.948324295118052e-05,0.0021571494086523916,0.00036832446196687107,0.001820251948559827,0.0,0.0,0.0002517588550148982,0.0,0.0,0.0,3.325548198335696e-05,0.0,2.102752125408138e-05,4.685480279442046e-06,0.0,0.0,5.3825883210175704e-05,0.00016559172987589085,0.0,0.0,0.0,0.0032528661140009364,0.0,0.0002685580160168002,0.0004704907880600708,0.0,0.0,0.0,0.002703179281217614,4.7426202828498764e-05,0.002890712772402111,0.0,0.00022753149356997837,0.00012182248726549206,0.012564172509327256,0.0,0.003006021299279101,0.0,0.0,0.012878899648097582,7.542480449833538e-05,0.00414767856736754,0.02312615929924404,6.74252040212392e-06,0.0004316355857427454,0.00023393117395165532,0.0,0.01401689995596792,0.0,0.0025027321492629468,0.0,0.01630947117269687,0.0017397988237616026,0.0,0.0,0.0004647767877192867,4.594056273989519e-05,9.82808058614672e-06,0.002164463329088594,5.793996345553945e-05,0.0010669181436309986,0.00047300494821001535,0.0004116365845500061,0.05799470357880415,0.1832863890112003,0.0011993686715303484,0.00014764976880583228,8.193876488682798e-05,0.015569165288545028,1.5999200954192353e-05,8.856700528213624e-05,0.0,0.0005988272357140567,0.00015004964894896114,9.142400545252773e-06,6.125408365319358e-05
FDM053W4,0.0,7.927860348036134e-05,2.948715110144714e-05,4.999551570833598e-05,3.397654434872629e-05,0.0001213156493412469,0.0002852805345316467,0.0002142664958928685,0.0,0.0,0.00012162174433538058,1.8161636318538376e-05,0.0,0.0,7.96867301392049e-05,0.018016139164660647,0.0,2.040633294217795e-05,0.0,0.000839516537241201,5.285240232024089e-05,0.00034966251496421915,0.0,0.03754846886692501,0.00011764250941165588,2.2548997901106635e-05,0.007755732929668863,0.0010360295234743747,0.005966199562304568,0.0,0.0,0.0005600518075980738,4.142485587262124e-05,0.0,0.0005000571887480696,0.002099403533091268,0.0,0.0002250818523522228,0.0040139256897264025,0.008619533003111255,0.002167254590124009,0.05441073193537021,0.00023630533547042067,0.0,0.0,0.0,0.0023081603190897478,0.01499487954090649,0.0030155458505303464,0.0,0.0033416390509463504,3.673139929592031e-06,0.0016998475340834233,0.00011376530615264208,2.5099789518878776e-05,0.0,0.0,0.0,0.0,0.00010743934294056691,0.0001862077880973738,0.0008300275924230881,0.00021089945095740913,0.0,0.00018661591475621736,0.0,9.897071476956306e-05,0.15390782806317685,0.006122103945982807,0.0011169406335900997,0.0,0.0012370319029548274,0.0283268470103548,0.0,0.0,0.0,0.0,0.035911472838303496,0.05299187960590068,0.0014263006409935175,5.203614900255378e-06,0.00039598489074296213,0.027951472515883535,0.0,0.026769537711872588,0.02168621814431135,0.0034540779454577506,0.0,0.0,0.0,0.009241415999524128,0.0,5.234224399668644e-05,0.0017156624421136011,0.11839254417894564,0.0,0.0,0.0,0.0012989651234343376,0.0,0.0016855631010238988,0.033566581119917935,4.6934565767009286e-05,9.111427658682455e-05,0.00010713324794643425,0.0002514060218476313,0.00017865744490876796,0.0005954567952527526,0.0,0.00014039557064218327,8.540050336301472e-05,0.0,0.0,0.0002839541228904062,2.1630712918708627e-05,0.0,0.0,0.0,0.0,8.744113665723252e-05,0.0,0.0,0.0,0.0,0.0,0.0,8.927770662202853e-05,0.001725967640249411,0.0,0.0,9.693008147534527e-06,0.022358606814756113,0.0,0.00577733895092471,0.0009938904459487771,0.003798944972180558,0.0,0.012404499637226422,0.0,0.00763268274202753,0.002035123584323407,3.2854196036906496e-05,0.0,3.764968427831832e-05,0.012239922562047654,0.02485930088515531,6.938153200340503e-06,0.0,9.744023979889961e-05,0.0,0.0,0.0,0.0759961427949473,0.0,0.1129288505653422,0.0013739583969968414,0.0,0.0,0.0006896320217809038,0.00013070256249464977,0.00011407140114677473,9.193052990451166e-05,4.18329825314648e-05,0.00011896892105289745,0.00033905122183428666,0.00010937794457007382,0.002767302810288752,0.007736346913373784,0.00024242723535307405,3.111965773682137e-05,0.0,2.3569314548215532e-05,0.0,0.0007768690951087145,0.0004727127026055522,0.0,0.0,0.0,1.4692559718368124e-05
FDM053W24,0.0,9.051208792442457e-05,0.0,3.5082204621869986e-05,7.988719166751537e-05,0.00032816896552000666,0.0005040811629810977,4.1597471194502987e-05,5.653246687638478e-05,0.0,2.235237608764859e-05,1.2830063404569595e-05,0.0,2.0848853032425493e-05,0.008352872450726549,0.002130792873862025,0.0,0.0,7.016440924373997e-06,2.6862945253317593e-05,0.0,0.0,0.0,0.05902450622298173,0.0,0.004149322692934086,0.0003182457133555349,0.0,0.0,0.0,0.0,0.0,0.001700284105716516,0.00016248072483443114,0.0,0.0,0.0,0.0,4.139700145380659e-05,0.0,0.00016979787036985075,0.00022242117730265573,0.0,0.0,0.06440681805606892,0.0036954591999974365,0.008487287411863484,0.010474543951386896,8.880809512850516e-05,0.0016438518737104794,0.030511294064251373,0.0,0.0017577186864260346,0.0,0.0,0.0,0.0,0.0,0.0,0.0,0.0,6.334843806006239e-05,0.0011141105839202426,0.0,0.0,5.9639747857178985e-05,0.0,0.165790279783589,0.001591429036518371,0.0007630880679608464,0.0,0.0056070384124079576,0.02225605037724397,0.0,0.0002849677363999325,0.0,6.996393950304358e-05,0.027550556463906244,0.2292277264085206,0.008511043076136007,0.0,0.0,0.002412051920059084,0.0,0.11130982117297258,0.00020979158363878254,0.026374600964981062,0.0,0.0,0.0003157398415968299,0.0009600495881950592,4.310099424972589e-06,0.00011877832136261696,0.0,0.063881487100574,0.004762760099465069,2.205167147660399e-05,0.0,0.009418268887657566,0.0,0.0,0.02454651739957069,1.6839458218497592e-05,1.4333586459792595e-05,0.00018282840351511672,0.004118049413385448,0.0018828118046205881,0.0,0.0,1.3832412108051596e-05,0.0,0.0,0.0,0.0,0.0,0.0,0.0,0.0,0.0,0.00012148466286201837,6.104303604205368e-05,0.0,0.0,0.0,0.0,0.0,0.00018022229688606354,0.0,0.0,0.000827037915242998,0.00031543913698578533,0.0002886764266028159,0.0,0.00026572264129307813,0.0,0.0,0.0,4.911508647061798e-06,0.0,8.740480694363038e-05,0.0,6.174468013449108e-05,0.012179338626269081,0.00016659035451870835,0.0011203251458818308,0.0,2.405636888356799e-06,0.0,0.0,6.575407494841917e-05,0.00046007805489823786,0.0,1.3130768015614196e-05,0.01165771636097705,0.029035636302985175,0.003621385630810117,0.0,2.545965706844279e-05,0.00011486916141903715,0.0,0.00018262793377442035,0.0,0.0,5.312448128454599e-06,0.0013221981747631056,0.0,0.0006926229541060618,0.024451895681961988,0.0,0.00018353004760755416,0.0,0.00010153792366272656,0.0,0.00022202023782126292,0.0,0.0,0.0,0.0,4.3902873212511583e-05
FDM053W16,0.0,9.051069226615769e-05,0.0,1.376244710373319e-05,9.573439481647978e-05,0.0001782086216206025,0.00046752137825382674,6.730539824453458e-05,0.00010397177191506461,0.0,0.0001331039592149378,1.8986149654055276e-05,0.0,3.596318294260196e-05,0.0038718686037896863,0.005093913633110228,0.0,0.0,0.0007724047867197409,0.0004083529012896006,1.01460376458179e-05,0.0,0.0,0.05319075304192775,0.0002107563067418401,0.0015942338360309908,0.0021686402049298594,0.0006783781408139433,1.8986149654055276e-05,0.0,0.0,0.0,0.000225623767846604,0.00727611537350729,0.0,0.00010859273955573415,0.0,0.0,0.0003004633524617954,0.00028539497972048173,0.011807375968456874,0.0006075567889297688,0.0002539523086002738,0.0010258548162286377,0.06908396850710097,0.003774426460062534,0.008001205469819306,0.008907718773936738,0.002639175257731959,0.0011634792872659695,0.023706568554817484,0.0,0.002671722942853196,0.0,0.0,0.0,0.0,0.0,9.613621808958148e-05,0.0003015683664628251,0.00011391689792433066,5.9972123510428475e-05,0.0024442909702776347,0.0,0.000386453532905558,0.005873651694564085,1.6173386742343383e-05,0.10325672740058013,0.0012308851413287793,0.0004974572120999034,0.0,0.0050175672112209154,0.02718203849969236,0.0,0.013110991122217062,0.0,0.0008482489295176866,0.020594849127917928,0.1670762082951392,0.002783932091866846,4.5406029860491885e-05,0.0,0.004129236410211334,0.0,0.0518538870123184,0.0012252596155053557,0.022821552795810992,0.0,0.0,0.0010045581827542475,0.0011878900511068976,0.0,2.9734922209525728e-05,9.241935281339077e-06,0.17512633574845865,0.0019111719426899557,0.0003567186106960333,3.757047603500886e-05,0.03997257556161081,0.0,0.0,0.028599871918831704,1.0748772555470447e-05,6.137850496628452e-05,0.000161532955786883,0.00675595514647714,0.0007725052425380152,0.0,0.0,0.00011592601428984016,4.721423458944963e-06,0.0,0.0,0.0,0.0,0.0,0.0,0.0,0.0,0.0001083918279191833,5.977121187387773e-05,0.0,0.0,0.0,0.0,0.0,0.0001558069741451838,1.0346949282368748e-05,0.0,0.001224154601504326,0.0017004156359481147,0.003054359154664289,0.0001424463503145523,0.004605396988836848,6.861132388211511e-05,0.0,1.9387972927156977e-05,0.0031180481434509087,0.0,0.0018937930861282974,0.0,4.088551803809787e-05,0.017137963509424013,0.0005573288797920565,0.00037128470434596983,3.4355889850195264e-05,4.8218792772203874e-06,2.4109396386101937e-06,1.5369740196139985e-05,0.000819518565490915,0.0006756658337205068,0.0,0.0,0.0120026620791842,0.027131006944008444,0.002063563419013775,0.0,0.0,0.00016555118851789997,8.840112008237378e-06,0.00027424438389190957,7.383502643243719e-05,0.0,4.1186885492924145e-05,0.0007053003001117571,9.412710172407299e-05,0.00046762183407210217,0.02260868691688537,1.94884287454324e-05,0.0001038713160967892,0.0,8.639200371686528e-05,0.0,0.00015118600650451425,0.0,0.0,0.0,0.0,1.7479312379923906e-05
FDM051W4,0.0,0.0001120923633031117,0.0,0.0,0.0,0.00019875031591950736,3.649285011572157e-05,0.0002267985395621704,7.238251262622459e-06,0.0,0.0,0.0,6.635063657403921e-05,2.4630160546423645e-05,7.208091882361532e-05,0.008003796864912321,0.0,5.348263432937706e-05,0.0,0.00111971725782068,4.353003884327108e-05,0.0,0.0,0.05375175653257207,0.0,2.2317941393085918e-05,0.004074532273251226,0.0,0.006450186656404439,0.0,1.3069064779734995e-05,0.0005926318221272138,6.494319882852929e-05,0.0,0.011212151737069624,0.0004002149760625001,0.0,3.347691208962888e-05,0.02046092781915311,0.0012303016521107452,0.026381716820710745,0.039048656530300055,3.5487537440357335e-05,0.0016019657481928912,0.04636833811962701,0.0,0.021859217219317217,0.08763029103600894,0.00033657868371194435,0.0002445925739161173,0.005177661871928396,6.253044840765512e-05,0.036147927336804095,0.0,0.0,0.0,0.0,0.0,0.0,0.00014587086919534985,0.0,0.00028761995642170634,8.907070303727081e-05,0.0,0.0022424504536674526,0.0008405419278720331,0.0,0.07306863852716068,0.0006995970907859679,0.00047883042727598295,0.0,0.0017732710280749559,0.0005881079150880748,0.0,0.0,0.0,0.006569919396040318,0.013782434654173354,0.025254861842894976,0.00015893993397508483,0.0,0.0,0.013270931564948032,0.0009382583199174363,0.046697879614611304,0.0006944699961416104,0.014206676603177159,0.0,0.0006267119218220612,0.0,0.015358664397877031,0.0,1.286800224466215e-05,0.00044756520307215537,0.02590680711286868,0.0,0.0,0.0,3.9106663071668564e-05,0.0,0.000645913393921518,0.04444829144094887,0.0,3.639231884818514e-05,7.509685684970801e-05,0.00023986760434190538,0.00013119330413503206,0.0,0.0,0.00010626154978599915,3.2170005611655374e-06,0.0,0.0,0.0,0.0,0.0,0.0,0.0,0.0,0.0,0.0,0.0,0.0,0.0,0.0016339346912694838,0.0,7.308623149897956e-05,0.00011269555090833023,0.0,0.0,0.0,0.00462584574442097,0.0001661781852377073,0.009645271401247036,0.0,0.0021542845320380094,4.714916447458231e-05,0.006561575300834786,0.0,0.0,0.0055427914356206845,9.852064218569458e-05,0.020469171383090994,2.7947692375125507e-05,0.0,0.0023355424074061803,0.0,4.6646508136900294e-05,7.037188727549613e-06,0.0006703424919328689,0.18008316750700765,0.0,0.010127117766549112,0.0,0.08475479519066464,0.0001491884010240518,0.0,0.0,0.0005378422813198633,1.548181520060905e-05,8.143032670450256e-05,0.00029204333219330896,0.0,5.2577852921549253e-05,8.042501402913843e-06,8.303882698508543e-05,0.002584256763291291,0.0028955015675840566,0.00026831795305471307,0.0,0.0,0.0004146914785877451,0.0,1.688925294611907e-05,0.00035477484313603693,0.0,1.0857376893933688e-05,1.6989784213655497e-05,2.211687885801307e-06
FDM051W24,0.0013002044079051074,2.0615925802682582e-05,6.905334370801448e-06,0.0,0.0,3.2425048349850276e-05,0.00020615925802682582,6.444978746081351e-05,4.433424820673973e-05,6.845287984968392e-05,0.00012950003877995757,6.454986477053527e-05,6.575079248719639e-05,5.504252034696806e-06,0.00037609052993437447,0.013174277129082222,0.0,0.0004907791268755116,0.0,0.03113645290987289,0.0004493471206507029,0.00035837684611362294,0.0,0.06972386168315027,0.00014220985711462113,0.00029012412088338257,0.002992511715300071,0.0,0.001045407577353506,8.106262087462569e-06,0.0,0.0003717872056163388,0.0,7.365689995521544e-05,0.0024201695810013245,0.00014791426376876144,0.00224193189238687,0.0,0.00335238972105952,0.0011297727494489498,0.0048349349872776745,0.004227966103815199,0.0002145657520434537,0.0023631255144599215,0.026219854837862263,0.03428338391407364,0.001249064902637288,0.013929860817481512,0.001406286356210173,9.877630469537722e-05,0.006543054509608677,0.0,0.023735435624019568,5.3441283391419894e-05,8.116269818434735e-05,0.0,0.0,3.602783149983364e-06,0.0,0.0,1.5411905697150956e-05,2.932265174847561e-05,0.0010309964447535727,0.003279533439582079,0.0,0.0011095571328851544,0.0,0.16452309409018473,0.00012389570943553902,0.0012557700823886458,0.0,0.008610951960389406,0.013582592552747004,0.0589349272312862,0.004692224743614444,0.0,0.0820735017801252,0.01829413221713775,0.04071955585689947,0.0,0.0,0.0,0.0016862025915019361,0.0010460080412118366,0.02301127621087291,0.004644888176116052,0.09394166994002871,0.0,0.00015351859311318,2.802164672209283e-05,0.0026183226542504097,0.0,7.665921924686825e-05,0.0011822132597431522,0.09512528428210787,0.000304535253483315,0.0,0.0,0.000813528450728188,4.563525323312261e-05,0.0005210024744114831,0.018824942267901965,4.603556247200965e-06,2.8822265199866912e-05,0.00027781461178760607,0.006617512028041665,0.0,0.0,0.0,3.1424275252632674e-05,0.0,0.0,0.0,0.0,0.0,0.0,0.001239357403594277,5.9946308523334306e-05,0.0,0.0,1.1809122547167694e-05,0.0,0.0,0.0,0.0013089111338508905,0.0,0.000156020525856224,0.001244461346390087,0.0,0.003614692349840253,0.0008070234255962735,0.00448836726371122,0.0,0.0020688982238779366,0.00032945450360403425,3.8229532313712365e-05,3.9330382720651724e-05,0.001903170198978712,0.0,0.010268932750549804,0.0,0.0,0.005016675381732381,4.713641287894901e-05,0.00013060088918689694,0.009233733058787918,4.273301125119157e-05,0.0,2.602010052765753e-06,0.0,0.04755963982176233,0.0,1.3110127573550575e-05,0.0004604557020298183,0.005182303329321904,0.0013189188648230663,0.0,1.3110127573550575e-05,9.287174342179339e-05,0.0,1.1508890618002413e-05,3.0223347535971554e-05,0.0,1.1909199856889453e-05,4.653594902061845e-05,0.0,0.0005404174724975046,0.0021175357964027222,5.0739196028932375e-05,0.0,0.0,1.671291072353394e-05,0.0,0.0,0.0,0.0,0.0,0.0,4.403401627757445e-05
FDM051W16,0.0017024278415159462,2.9969144810907735e-05,0.0,0.0,5.212025184505684e-06,0.00022121037658084743,2.565920090833572e-05,7.707783397855536e-05,1.0023125354818643e-05,5.723204577601444e-05,1.8041625638673554e-06,0.0,9.682339092754808e-05,0.0,7.918269030306726e-05,0.0030344009699177954,0.000995296347733491,0.0005934692522588118,6.244407096052013e-05,0.0076654858088582006,0.0002638086593388266,0.00015215104288614697,0.0,0.02880024793202879,1.4934456778679776e-05,4.921354549215953e-05,0.0008783264748427576,0.0,0.00012348490437136467,0.0,0.0,4.610637663216575e-05,0.0006892903306508779,5.612950198698439e-06,0.0001319043296694133,0.00024666911498208676,0.00012589045445652214,0.0,0.0014585652016332088,0.0001503468803222796,0.0012310402560788255,0.000831819173196399,0.00031101757976002245,0.0008827366499988777,0.08040090095869182,0.009817150128777118,0.005691130576466024,0.0327511634843912,0.000804355809724196,0.00012609091696361851,0.008829872281327481,0.0,0.007652956902164678,8.960674067207866e-05,8.03854653456455e-05,0.0,0.0,0.0,0.0,0.0,0.0,1.0824975383204133e-05,0.004320568415448124,0.002711556102239087,0.0,0.0005083729179964014,0.0,0.10055620327218964,0.0001438318488416475,0.0008656973368956861,0.0,0.003779018952527272,0.010106918682784925,0.018290600072487253,0.006538285131455296,0.0,0.08068204962489459,0.01171332498340171,0.03267067778779201,0.0,0.0,0.0,0.0013123278027064047,2.1048563245119147e-05,0.0137282738734809,0.001381186673894009,0.20489292896570976,0.0,0.00073389323847982,0.0,0.0002229143078911656,0.0,0.0,0.0016201379823528852,0.058805475994213874,0.0004969465550919083,0.0,0.0,0.0076157711070983,0.0,0.00017811093755512727,0.08229497095699191,6.114106466439371e-06,1.1225900397396878e-05,7.417112762565795e-06,0.006690235711834347,0.0,0.0,0.0,1.734000686383625e-05,0.0,0.0,0.0,0.0,0.0,0.0,0.0004126520708578835,5.0717014295382324e-05,0.0,0.0,0.0,6.86584086805077e-05,0.0,0.0,0.002928857459931555,0.0,8.449494674112115e-05,0.0002832535225271748,0.00012649184197781126,0.001329667809570241,0.0003528140124896162,0.00364982086670366,6.314568973535744e-06,0.005661462125415761,1.3030062961264136e-06,9.321506579981337e-06,6.615262734180303e-06,3.047030107864867e-05,0.0,0.0013870000865998035,0.0,0.0,0.019915950080024638,0.00011135692269203512,0.0006609248858967412,0.004504192071948401,2.2552032048341842e-05,5.4124876916020666e-06,0.0,0.0,0.09692352194984272,0.0,0.0,0.0,0.0021801299959266027,0.0009891822412670516,0.0,6.013875212891175e-06,0.0004753968355790482,0.0,5.041632053473767e-05,3.708556381282897e-05,0.0,0.0,5.502695819795434e-05,0.0,0.0016566221586444252,0.00551452310771412,4.700845791409933e-05,0.0,0.00014232838003842472,1.784116313157718e-05,0.0,0.0,0.0,0.0,0.0,0.0,6.585193358115847e-05
FDM042W16,0.16420748627397905,0.0,1.5876491900713405e-06,0.0,0.0,1.725245453210868e-05,0.0015635169223822663,1.1431074168513727e-05,0.00019665681301017133,6.668126598299674e-05,0.0,0.00036103142582222524,0.0002195189613471988,0.0,8.562721298451487e-05,0.008601777468527241,0.07685238175426984,3.51399687402459e-05,0.0002482024900478202,0.02721315386405766,1.2807036799908897e-05,0.010685408265576884,0.0,0.020676907991813247,0.0,0.00012182561451814062,0.00010764261508683761,0.00016373955313602533,0.0020255228366930296,0.0,0.0,0.0,0.0,0.0,0.010377298479423702,8.63681159398815e-05,0.010139468630751014,9.906930946045231e-05,0.002513672041000301,8.964925759936229e-05,0.002202386956466978,0.022982915518752214,1.3336253196599348e-05,0.0001564363668616971,0.0,0.003391218669992406,0.001300813903065127,0.003787390064554877,0.0004158582445193559,8.044089229694846e-05,0.010450330342166985,0.0012148691602425978,0.015603204553462561,0.0,0.0,0.0,0.0,0.0,1.3124566637923169e-05,0.00392244608899028,0.0013942735187206605,0.00010774845836617569,0.0002366655725999694,0.0,0.00025338881073538763,0.0026296762751548478,0.0,0.12308737225113103,0.026782900933548324,0.004041202248407607,0.0,0.001007204646181264,0.006016449527415054,0.0,0.0,0.0,0.0,0.013961681134208124,0.03258374770095169,0.0012700135087777428,0.0,0.0,0.011820789123036574,0.0,0.0018011350844962682,0.0022776415280763604,0.008859400010436154,0.0,0.0,0.0013297091183244254,0.003472082935406707,0.0,7.409029553666304e-05,0.0009282455597950499,0.03193778616715132,0.0,0.0,0.0,0.0027774334931108214,0.0,8.245191460437216e-05,0.01046938213244784,0.0,0.0,0.00013611445722878384,0.00022396437907939857,0.00032822000922741733,0.0,0.0,0.0002713821682228629,0.0,0.0,0.0,0.0,0.0,0.0,0.008244133027643836,2.5084857203127347e-05,0.0,0.0,1.481805910733261e-06,5.048724424426896e-05,0.0,0.0,0.03901721974895882,0.0,0.00013770210641885516,0.00021729625248109892,0.0,0.0,0.0,0.008982072371188999,1.49239023866707e-05,0.0004664513320429629,0.0006362239521012584,0.0003269498898753602,9.388298877288579e-05,0.04842668728211492,0.0,0.03406735294743359,1.2383663682556539e-05,0.0,0.003184506745445116,0.00010954779411492322,0.0034826672633405157,0.04534855303240469,0.0,4.487755043935019e-05,7.377276569864878e-05,0.0,0.02389581380304324,0.0,0.009910952990660079,0.0,0.056041687857373255,0.0008538377344203726,0.0,0.0,0.0,1.8734260442841942e-05,3.0694551008046015e-05,0.0010017007956556845,0.0,9.578816780097152e-05,0.0,0.0,0.007192474204140572,0.014464013337946592,0.0004784116226081671,0.0001364319870667981,0.0001652213590467586,0.00016543304560543478,0.0,0.0,2.5190700482465436e-05,3.895032679641715e-05,0.0,0.0,4.265484157325029e-05
FDM050W4,0.0,0.00017742015174425038,0.000480402321121083,0.0,0.0,0.00013209532586712312,9.473296940084256e-05,0.000718051408152507,4.389566470082144e-05,0.000440794139949179,0.0006655807763938497,0.0,3.3279038819692535e-05,0.00033095289525595967,0.0006579245558064971,0.003979397212482375,8.99350711661016e-05,0.00026235315879328164,4.9714392347209394e-05,0.02041781322823418,0.0010894291481096893,0.00016506811586332155,0.0,0.05036496693125204,0.00016629311115729797,0.00011708913351591207,0.000495408513472294,0.000231830359385036,0.005593736844060958,0.0,0.0,0.0,4.471232823013905e-05,0.0,0.004579542823589653,0.0008311593069629956,0.002197233225629025,5.4308124699620946e-05,0.03456507971248544,0.001860155353903182,0.03564899638177223,0.017709450716193398,0.0018807761080184516,0.0017504161921511284,0.03937196124604888,0.0,0.032083545495712726,0.04704910883634022,0.0015139921004136809,0.0006624162052177449,0.021227943449317246,0.0,0.007751157722635749,0.0006935515022729788,0.0016520082368683567,0.00011178082057534661,0.0,0.0001190287093980414,0.0,0.00011463914292795926,8.309551410806663e-05,0.0002608219146758111,0.000822176008140502,0.003204689771983459,0.00011423081116330044,0.0,8.88121588132899e-06,0.03309620827206656,0.001971834091537365,0.0004212962981867211,0.0,0.000945083869302802,0.02878034568550532,0.0,0.0,0.0,0.00366875882251818,0.018783873671951976,0.04539995892182437,9.524338410666594e-05,9.616213057714837e-05,0.0,0.004037176157181596,0.006602010053944709,0.01246136671091622,0.005999210286367149,0.0007683782981467046,0.0,0.0,0.0,0.0,0.0,0.0,0.0021478250821053094,0.19943076510347738,2.705197940864577e-05,0.0,0.0,0.009158371066591153,5.2776880582150435e-05,0.0019413112921291195,0.10213990344587093,0.0,5.196021705283282e-05,4.00165129365628e-05,0.008468800799023596,0.0005076584664120582,0.0,0.0,5.410395881729154e-05,0.0,0.0,0.00025285944526496447,7.380596646207884e-05,0.0,0.0,0.0,0.0,0.0,0.0001562889829231573,0.000158432724687616,0.0012163182439774128,0.0,0.0,0.003595769519585429,0.0,0.00011116832292835942,0.0020139943462383868,0.0,0.0017891056268525502,0.0,0.0035548342601783834,0.0,0.0034874595190096712,0.0,0.0009873462069449883,0.0001491431770416282,0.013156347374365504,0.0,0.0,0.00401165542189042,0.0,0.004043811548357302,0.00023397410114949472,0.0,0.018617886809618175,2.2662412938563627e-05,5.532895411126796e-05,1.3372865292575834e-05,0.08197433716525472,0.0,0.0,0.0004964293428839411,0.0,0.011567936809842654,0.0026307794767555103,0.0,0.0,0.0012717492810298454,0.0,7.584762528537287e-05,0.0,0.0,1.5720772939363855e-05,0.0015015379815915874,0.00012321410998579414,0.0023428034997298886,0.00709364149859391,4.9714392347209394e-05,0.0,0.0,0.0005993289475779598,0.0,0.0,0.00017527640997979166,0.00015281816292355744,0.0,0.00029512178290715064,1.9702007644787298e-05
FDM050W24,0.0,9.84096247641006e-06,0.0016502537075826112,0.0,0.0,0.0,0.00012225503384155596,8.686541878215818e-05,9.083965362840072e-06,6.35877575398805e-05,0.0,0.0,0.0004576047551530686,0.0,0.0,0.0,0.0,0.0,0.0,0.0,0.0,0.0,0.0,0.0,0.0,0.0,0.0,0.0,0.0,0.0,0.0,0.0,0.0,0.0,0.0,0.0,0.0,0.0,0.0,0.0,0.0,0.0,0.0,0.0,0.0,0.0,0.0,0.0,0.0,0.0,0.0,0.0,0.0,0.0,0.0,0.0,0.0,0.0,0.0,0.0,0.0,0.0,0.0,0.0,0.0,0.0,0.0,0.0,0.0,0.0,0.0,0.0,0.0,0.0,0.0,0.0,0.0,0.0,0.0,0.0,0.0,0.0,0.6610240732652086,0.0,0.0,0.0,0.0,0.0,0.0,0.0,0.0,0.0,0.0,0.0,0.0,0.0,0.0,0.0,0.0,0.0,0.0,0.0,0.0,0.0,0.0005444701739352268,0.0,0.0,0.0,0.0,0.0,0.0,0.0,0.0,0.05983551209719238,0.008111413321181007,0.023416002464782603,0.0,0.0,0.0,0.0,0.0,0.0,0.0,0.0,0.0,0.0,0.0,0.0,0.0,0.0,0.0,0.0,0.0,0.0,0.0,0.00018262555364876394,0.0,0.0,0.0,0.0,0.0,0.0,0.0,0.0,0.0,0.0,0.0,0.0003546531477075478,0.0017912444199850266,0.0,0.0,0.0,0.0,0.0,0.0,0.0,0.0,0.0,0.0026655760861583836,8.705466806055069e-06,0.0,7.380721857307558e-06,0.0012711874029624308,4.844781526848038e-05,0.0,0.037693157275991304,0.19565006748629268,0.004907612287274349,0.0,0.0,0.0,0.0,0.0,0.0,0.0,0.0,8.837941300929819e-05,0.0,0.0
FDM050W16,0.0017153298510863087,0.00043941711258357625,0.00023861705692681577,0.0,0.0,0.00014253309989556136,0.00015054865994736653,0.0006898519824072843,6.576869786096557e-05,0.0005913016992062437,0.0001466436435118717,0.0,0.00011468416689505873,0.000229984915332564,0.0006709434817722567,0.0016640508194728368,0.0001792197016711312,0.0001214665638619708,0.0,0.01171063047209696,0.0005239915474891617,0.00015599513023897775,2.3019044251337953e-05,0.040690374021446554,6.268579014873282e-06,0.0002581421391042899,0.0018556021519928992,1.2331630848930944e-05,0.0,0.0,0.0,0.0,0.0,0.00014797957018717256,0.00020059452847594504,0.00015198735021307514,0.00039563982306987103,0.0,0.0013596650646850556,0.0006162732516753291,0.004798854144861517,0.0014546186222218248,2.3019044251337953e-05,0.002965448928396683,0.25265435784933477,0.0,0.03688565485018969,0.034885875380854706,4.120819975351125e-05,0.0004326347156166642,0.011330713478359476,0.0,0.015105014626855639,0.000712151681525768,0.0004137262149816366,0.0,0.0,4.336623515207408e-05,8.529378003843974e-06,2.425220733623106e-05,0.0,6.114433629261644e-05,0.010856562272218078,0.001124439206241696,0.0,0.002597966329098538,0.0,0.10565515231465224,0.0027178914391044026,0.0015172016487801393,6.402171682403367e-05,0.0014652032720338238,0.00919353908864932,0.0058526947644930724,0.0023287257222302203,0.0,0.1234291429115782,0.014737532027557494,0.037805286220748725,0.0,0.0,0.0,9.988620987634138e-05,0.0,0.010632434881538757,0.002430256149553086,0.037995707153774295,0.0,0.0,0.0,1.2434394439338804e-05,0.0,0.0,0.00014037506449699844,0.05684840715921049,0.0012576208194101512,3.5145147919453484e-05,1.3975848295455186e-05,0.009965704706973218,1.3359266753008533e-06,0.0007075273199574187,0.04169858760693707,7.810032870989662e-06,5.446470291611212e-06,6.063051834057765e-06,0.003741005745204048,0.0,0.0,0.0,4.727125158756901e-06,0.0,0.0,0.0,0.0,0.0,0.0,0.000295137031651083,5.693102908589833e-05,0.0,1.9422318587066397e-05,0.0,0.00041608977756101505,0.0,0.0,0.005672550190508281,0.0,0.00015589236664857,0.0006496714185578506,0.0016261310546123637,0.0006285021189338523,1.4181375476270703e-05,0.0007465774843123671,0.001092890783986514,0.004964097998237192,0.00037015445264874686,0.0,3.894740076454056e-05,3.555620228108452e-05,0.0,0.027334395703330964,0.0,7.296214918950869e-06,0.012091986156100153,0.00027170693303811403,0.0,0.00018363853605866484,5.045692289020953e-05,3.01097319894732e-05,9.454250317513802e-06,0.0,0.0,0.0,0.0007818253958222283,0.0,0.0034271657400987534,0.0012817702631559744,0.0,0.0,0.0007617864956927154,0.0,0.000100091737057157,2.743787863887158e-05,0.0,1.6133883694018117e-05,0.0024788633278159454,0.00011283442226771908,0.004615523899574065,0.01625206182298704,0.00011139573200201047,0.0,0.00041742570423631593,0.0006854331480197506,0.0,1.1817812896892253e-05,0.0,0.0,0.0,2.4560498107454336e-05,6.761844248830524e-05
FDM049W4,0.0,0.0,0.0,0.0,0.0,0.0,0.0006530876894871,0.0007255287752090503,0.00021598175557841103,0.0,0.00011458659392746961,7.959576085498377e-05,9.502302911058456e-05,0.00011078567276304623,7.389437910834868e-05,0.0031514108125027984,0.0002742252828332517,0.0,0.0,8.160801323614908e-05,0.0,0.0,0.0,0.01687553101104505,0.0,1.5986227250368933e-05,0.0002497428788624058,0.0,0.00016847024102311875,0.0,0.0,0.0,0.0,0.0,3.610875106202213e-05,0.0,0.0,0.0,0.00014477037964494941,0.0,0.0,0.00018468005187139493,1.5986227250368933e-05,1.1179179895362888e-06,0.0007852255958502881,0.0,0.0020415418324911706,0.001975472879309576,0.00013672137012028812,0.0001833385502839514,0.010156396726736138,2.492957116665924e-05,0.00543755310110451,0.0,0.0,5.097706032285477e-05,0.0,0.0,0.0,0.0,0.0,0.0011629700845146014,0.0028160354156419117,0.0,0.0,0.000484393864866074,0.0001594151053078748,0.00892948173322006,0.0041700576845682645,0.0008259178106694102,0.0,0.0027913294280731593,0.004147811116576493,0.0,0.0,0.0,0.0,0.023820037562044476,0.018921209140097504,0.0006694092921343298,0.0002871931315118726,2.001073201269946e-05,0.0013221616062245689,0.00016377498546706634,0.012423646201314685,0.001598063766042125,0.0002182175915574836,0.0,0.0011493314850422474,0.0,0.0,2.023431561060683e-05,0.0,0.0,0.005368912936546981,0.0001818852568975542,0.0,0.0,0.00013448553414121555,0.0,4.4940303179358815e-05,0.01328600813844298,0.00013470911773912281,0.0,0.0001710414523990522,0.0003093279077046911,0.0005733801368331626,0.0,0.0,0.00016880561641997963,0.00014164020927424779,0.004288333407861204,0.0,0.001373921209140099,0.0003068684881277113,0.0008427983723114081,2.1352233600143117e-05,0.0,0.0,0.0,2.5264946563520017e-05,0.0,0.0,0.0,0.0,0.0,0.00029960202119572545,6.439207619729023e-05,0.0,0.0,0.0,5.3660063497741864e-06,0.0,0.0005439788937083582,0.0,0.0,0.0,2.90658677279434e-06,0.0,0.0,0.0,9.043956535348577e-05,0.0003824397442203633,4.136296561284269e-06,0.00017830791933103808,0.0036161293207530227,0.00030262039976747344,0.0005986450833966827,0.00012844877699771958,2.3811653177122954e-05,0.0108098197916201,0.0,0.0018819031435853776,0.0,0.21168280194964811,0.0008872915082949513,0.0,0.0,0.054728569512140654,3.0407369315387058e-05,0.0,0.011446026919465202,0.0012175244824039722,0.0004725439341769893,0.0023803827751196203,0.0025942404865179117,0.13105442024773076,0.31131467155569503,0.002041094665295345,0.0,1.2297097884899177e-05,0.09320775387917553,0.0,0.0,0.0,0.0,0.0,0.0004551044135402232,7.266466931985877e-06
FDM049W24,3.0286618677799805e-05,0.0,0.0,0.0,0.0,0.0,9.780053948039522e-06,4.5219604275881654e-05,1.230393883785617e-05,0.0,0.0,0.00019465462212710916,2.6605953213483853e-05,0.0,0.0,0.048037206269750714,0.0,3.701697838397754e-05,0.0,0.0006660952871707766,0.0,0.0,0.0,0.0,0.0,0.0,0.001369943685818396,0.0,0.008068018697780559,0.000287091906216644,0.0,0.0,0.0,0.0,0.00014543886677568447,9.149082725585357e-06,0.0,7.25616905822287e-06,0.0,0.0,4.3221528738110036e-05,9.780053948039522e-06,0.00013229363297455609,0.0,0.0,0.0,0.00041339131257788446,0.00890352975818028,0.00010368960422330072,0.0018374933616569305,0.00027079181630324374,0.0,0.05457175457322684,0.0,0.0,0.0,0.0,0.0,2.2294316526713745e-05,0.005198887387411072,0.0,0.0013561674807948134,0.0,0.0,0.0,4.879510786978858e-05,0.00012472197830510614,0.0006181414742642612,0.00016626091711667183,6.40435790790974e-05,0.0,0.0032705341697207425,0.0,0.0,1.230393883785617e-05,0.0,0.0,0.0,0.0,6.646230209850514e-05,0.00016205444230031076,0.00016321122287481007,0.008576476341208205,0.0,0.0,0.0,0.0,0.0,0.0,0.0,0.0,0.0,0.0,0.0,0.026206127782188733,0.04655211033583443,0.0,0.0,0.00013103169052964777,0.0,0.0009568678588517377,0.0,0.0,0.0,0.0,1.6825899265444335e-06,7.308749993427383e-05,0.0,0.0,0.0,5.4053201390239824e-05,0.0,0.0,0.002701503288937497,0.0003327321579741617,0.0009928332185316238,0.0,0.0,0.0,4.080280571870252e-05,0.0,0.0,0.0,0.0,0.0,0.0,0.0004987827513500155,0.0,0.0,0.0,0.0,0.016049804661825717,0.0005443178412371242,0.005572422351103936,0.0,0.0,0.0,0.00012745618693574086,0.0,0.0,0.0,0.0,0.0,0.0,0.0,0.0,0.0,0.0,0.0,0.0,0.0,0.0,0.5916193350614934,0.0,1.9560107896079043e-05,0.0014973998727541265,0.0,0.0,9.348890279362509e-05,0.00010305863300084655,0.0,0.0010509877328678168,2.460787767571234e-05,0.0025970775516213334,0.0,0.0,0.10359422240683973,0.0004346340104005079,0.0007426531288285494,6.0468075485190585e-05,0.05091790538586519,0.00033567669034561344,0.0,0.0,0.0,7.540106108327242e-05,0.0,0.0009155392437809899,0.0
FDM049W16,0.003953958378641457,0.0,0.0,0.0,0.0,0.0,0.00014925429705374895,0.00041262615547872395,0.00011729318471279518,0.0,0.00019391790276097927,1.1165901426807576e-05,0.0,1.4956161544164171e-05,0.0005409828021556955,0.013275437280773158,0.005056514314941731,7.980034138975322e-05,0.0,0.01619117170564677,0.00013245422518222197,4.804410797406185e-05,5.5931946596669136e-05,0.00988878864618363,0.0,0.00038947483692405773,0.0006677004174305668,0.0,0.0002766889885670391,1.5468358857320587e-05,0.0,0.0,2.089765037677748e-05,0.00024759618117976064,0.0,0.0004340360031686578,0.0003068061905806302,0.0,0.0017476172324893326,0.00013173714894380314,0.0029735102817976464,0.0008223840060037727,0.00022434242316246312,0.0011251950575417837,0.0667357245230752,0.05544412987561907,0.017233493237919867,0.0028791635367142543,0.00024974740989501716,0.000124259068171721,0.030681848331614595,0.0,0.010122350620982897,1.4239085305745339e-05,0.0,0.0,0.0,1.3112251216801556e-05,0.0,0.0,0.0,8.697110377394147e-05,0.005585921457820094,0.0013702302521557627,0.0,7.20149422297773e-05,0.0,0.10236416962622809,0.0003394843791600028,0.0012030490491415427,6.863443996294565e-06,0.0038063431129898083,0.005799712616331539,0.0050166653639781705,0.002151433594181768,0.0,0.14403121617256778,0.0215727264355175,0.05591350749339551,0.00010438581242125613,3.472697783199787e-05,0.0,7.293689739345865e-05,0.003254194409407305,0.02301363991688883,0.0031686574581102013,0.006843878058931994,0.0,0.08495489027043307,0.0,0.00517165627093927,0.0,1.669763240889573e-05,0.0015835092133540504,0.0982767326277782,0.002224472931037858,0.0005645438785608858,0.0,0.0009662090115380648,0.0,3.70830854725169e-05,0.022305885669569443,0.0,0.0,0.0,0.0074394610946701524,1.987325575046486e-05,0.0,0.0,8.666378538604779e-05,0.0,0.006811199870352621,0.0,0.0,0.0,0.0,0.0027124945310131906,0.00012343955247067092,0.0,3.7902601173567e-05,3.3497704280422726e-05,0.00033333801140212704,0.0,0.0,0.0017110463443299718,0.0,0.0003256550517047824,0.0,0.01696858478755542,0.00014659087102533616,0.00036939670224833134,0.0006109489551328475,0.0,0.0043641259870170306,0.00012569322064855866,0.0,0.0,6.812224264978923e-05,0.0,0.009851603121248482,0.0,3.3497704280422726e-05,0.01870452392130479,0.0004667141917480304,0.0013968645124398907,0.002663835786263341,5.234656540457497e-05,4.722459227301186e-05,0.0,0.005624848453619974,0.021468750380946665,0.0,0.00015673237782583112,0.0020160086245832394,0.046683711910318795,0.0013285373908648388,0.0,1.1268340889438838e-05,0.00027412800200125756,0.0,0.0,2.8990367924647192e-05,0.0,0.0,0.0006220124170970238,0.0,0.00018725933768994722,0.0009192917376529467,3.308794642989768e-05,0.0,0.0,0.00010889314877703167,0.0,0.0,0.0,0.0,0.0,0.0,0.00010397605457073006
FDM048W4,0.0,3.0622453456238466e-05,2.3571922935386307e-05,0.0002493993632002926,1.4311524639341687e-05,0.0008288056474959936,0.00011343987912654556,0.0005563605203544081,2.7360267692859005e-06,0.0,3.651543419008505e-05,0.0,0.0,0.0,0.002591543509507851,0.0027284500797709653,0.0,0.00206833100578133,0.0002290896260282857,0.02667320927837189,0.0004543909072990986,0.0,0.00022530128127081183,0.03663729261311709,0.00034958003567568446,0.0007483033213996966,0.0009070981058170982,0.00011165093854662786,0.00021919783693932893,0.0013508606014355092,0.0,0.0,0.0035266332738107097,0.0002734974451297724,0.00048143547959550166,0.0001521651810918241,0.0,0.0,0.004158971152912222,0.0002213024729157027,0.01859540593745169,0.0012739361564990477,0.00017500048143547856,0.003994809546755068,0.05936525652197751,0.0,0.05447313542669548,0.04636976075866234,0.0002937019505029607,0.0045499072855236505,0.024074930933739642,7.47145771612691e-06,0.007188489409103456,0.0001323816029139106,0.00019762531818149772,0.0004889069373116286,0.0,0.001085676468412413,0.0001391164380383067,0.000522896808330065,0.00036557526909612514,0.0015169163799714004,0.0008736343937927551,0.000758300342287472,3.58840433971728e-05,0.0,9.75498775049246e-05,0.09660194946116583,0.0001250153769966024,0.0005767754893252326,5.619378056917986e-05,0.0009293020153678404,0.007445465461818694,0.0,0.0,0.0,0.02440493785483505,0.018749465290922255,0.03438322748242077,0.00028486247940219083,0.0014358878948809992,0.00028275784342581705,0.008949227866937758,0.0004280829575944264,0.03255714007752006,0.0003413719553678257,0.027654390570557238,1.8941723787363998e-06,0.10800570903554953,0.0,0.00015448028066583527,0.0001277514037658883,1.4416756438160376e-05,0.0,0.027427089885108977,0.0033131179540076008,0.0,0.0008237545211526966,0.0036518591144049603,0.0,0.00011575497870055672,0.004242104273978976,0.0001059684214104197,3.7357288580634556e-05,7.3662259173082215e-06,0.0006588562924038111,0.0017576867356685604,0.0,0.0,3.009629446214502e-05,0.00014700882294970836,0.001336864772192613,4.135609693574473e-05,0.0005020609121639646,0.0001646877651512481,0.00029906877224271383,0.00040672090243423146,7.892384911401666e-06,0.0,0.0001370118020619329,0.0002118316110220207,0.0001761580312224852,0.0,0.0,0.00014774544554143918,0.0,0.0002489784360050179,0.0007068419926651322,0.0,0.00017121213667800682,0.00044007938265975687,0.0009313014195453955,0.0011538666740469237,0.004090465251881255,0.0,7.124192780025237e-05,4.598629608376704e-05,0.00021772459175586727,0.0,0.0,0.0008391183637802252,0.00039998606730983643,0.0019945635148094186,0.0024328539568892684,0.0037606687943834843,0.0010832561370395833,0.0,0.0,0.0,0.017367877004231685,0.21146487820313759,0.0,4.451305090030539e-05,0.0,0.015855906518804766,0.006355684953252352,2.5781790710578776e-05,0.0,0.001017381030979084,3.493695720780471e-05,3.462126181134864e-05,0.0,0.0,3.851483836764013e-05,0.0,0.0,0.0007825036560157705,0.005114370654387098,6.80849738356917e-05,1.23121204617866e-05,0.00014311524639341687,4.230318312511293e-05,0.0,0.0011069332917737883,6.861113282978515e-05,0.0,0.0,0.0,1.262781585824256e-05
FDM048W24,0.0004833277563457011,1.0859038420082322e-05,2.3125729968693835e-05,8.757613392492317e-05,0.0,0.0,0.00022512395391263257,0.0,4.826239297814365e-06,0.0,5.680885840135659e-05,0.0,0.0,0.0,0.000811512028597078,0.004132970132013739,0.0,0.0,0.0,0.001509808526999584,0.0,0.0,0.0,0.03196890856207032,0.0,0.0004260161646841555,0.0007179030955498869,0.0,0.0,7.561108233242505e-05,0.0,0.0,0.0037275660309973326,1.3674344677140702e-05,1.0557398463968923e-05,0.00014659701867111133,0.00014197187267737257,0.0,0.00024945624370578,0.000194356678389066,0.0007559097300201749,0.0007742092206910544,0.0,0.0,0.11334734685538354,0.0,0.022205024275983604,0.02527913761538738,1.8701677279030665e-05,0.0019373328914643164,0.029298087843990257,2.4633929749260823e-05,0.022013784543807813,0.0,0.0,0.0006783882612990317,0.0,0.0002231130208718766,0.0,0.0,0.0,0.0005908121273741086,0.0023065401977471153,0.0,0.0,0.0002457360175803814,8.576629418824278e-05,0.21018875421893687,0.007396815003812741,0.0074340172650667275,0.0,0.00037825650496620084,0.013075589364255607,0.0,0.00033652964437051416,0.0,0.002123243651082197,0.045130264220514166,0.0771258176453745,9.80329857368543e-05,0.0006615969704087192,0.0,0.0092938286878099,0.0,0.045096581092081506,0.0013938782372000115,0.15428662552565817,0.00010929421076508781,3.7805541166212524e-05,0.0,0.005795710116762826,0.0,1.256833150472491e-05,0.0013997099430182037,0.011264744161054841,0.0008342355719576205,0.0,0.00021506928870885264,0.002591288316318163,0.0,4.9267859498521645e-05,0.047272310095527445,0.00032949137872786825,7.591272228853846e-05,0.000891647710271204,0.007230008108082022,0.0008717394731677198,0.0,0.0,0.0,4.826239297814365e-06,0.0,0.0,0.0,0.0,0.0,0.00031440938092219833,3.951483425085511e-05,0.0,0.0,0.0018432212251569364,0.0,0.0,0.0,0.0001780681207589425,0.0,0.0004449189352672608,0.0,0.0,0.0,5.3893005492260415e-05,6.304275082770015e-05,0.0,6.817063008162791e-05,4.1927953899762294e-05,0.0,0.0,0.00018882661252698704,0.0,0.0002086343029784335,0.0,0.0,0.0022964855325433354,5.158043249539103e-05,0.0004358697365838599,0.0014352029111875469,1.106013172415792e-05,0.0,0.0,3.0063448959301983e-05,0.0,0.0,0.005869008626098381,0.0,0.05769809299197878,0.005274576819250912,0.0,9.853571899704328e-06,0.0,0.0001844025598373229,5.459683205652501e-05,6.76678968214389e-05,0.0,0.0001666058024266334,0.0,6.173564435120876e-05,0.0008767668057696087,0.0039191074031293405,5.228425905965562e-05,5.1882072451504325e-05,0.0,1.9103863887181862e-05,0.0,0.0,0.0,0.0,0.0,0.0,0.00017796757410690472
FDM048W16,0.004963266244284404,1.657569789715676e-05,5.384590347197589e-05,9.533537760243492e-05,0.0,0.000128687690947017,0.00026038914514806255,4.992801124173874e-05,1.2557346891785423e-05,0.0,7.433949359936969e-05,0.0,0.0,0.0,0.0003162442241227241,0.0051789512344977105,0.0,0.00010799318326935463,8.508858253873801e-05,0.026361889476862972,0.0001860496515486918,7.233031809668403e-06,1.2055053016114005e-06,0.032957510358304354,5.002847001687312e-05,0.00021196801553333792,0.0008880555721870651,0.0,0.00015028632760088795,0.001871747898301968,0.0,0.0,0.0017570239770986161,0.00014697118802145658,0.0022010517631921487,0.0009939391211785998,0.0005468975718310388,0.0,0.008762717578638135,0.0005922044794166004,0.012176005381375683,0.006552423608133633,0.0004992801124173884,0.0010345244663328501,0.08391743413822254,0.0,0.01819850895067597,0.02344778132776768,0.0009377826658785353,0.0008697720751126255,0.019521350101644214,1.3260558317725406e-05,0.010107458742585654,0.00012989319624862842,6.911563729238686e-05,0.0005063122266767882,0.0,0.00018725515685030422,0.0,2.4110106032227907e-05,0.0,0.0003242809261334667,0.0048983698755476575,0.0001745973511833845,0.0,0.0011474401295837847,0.0,0.15705845455023923,0.0058851764236917126,0.00403090835226312,0.000256672170468094,0.0013929613760119734,0.010976728523822607,0.0,0.003956167023563214,0.0,0.04776945354042849,0.030980079828561113,0.0500090814732722,4.862204716499315e-05,0.0002683253883836709,0.0,0.014353650249961544,1.9589461151185257e-05,0.02672042684531723,0.0015052742866121021,0.1523775779228583,0.0011369924169698194,0.0002967552217466731,0.0,0.004872451511563012,0.0,1.0648630164234037e-05,0.003565382388290851,0.04507997121253346,0.000504805345049774,0.0003001708201012387,0.00044071264651410116,0.008035396046665923,3.4155983545656348e-06,0.0023047252191307293,0.051347292816836,0.00036325893088556767,8.016610255715803e-05,0.0005149516813383366,0.00687529811141522,0.0006830192121379927,0.0,0.0,7.001976626859551e-05,0.0,0.0,0.0,0.0,0.0,0.0,0.0013337911574578805,0.0003721997618725199,0.0,0.0,0.0018858121268207574,0.00010116198656022336,0.0,0.0,0.0006900513263973925,0.0,0.00048622047164993156,0.00012105282403681148,0.0,0.0005093259899308167,0.0008496803200857688,0.0008942840162453906,0.0,0.0013007402204387012,0.0008408399478739519,0.0,0.0,0.00171724230214544,0.0,0.001994408062740928,0.0,0.0,0.007478352138546323,0.00042222823188939204,0.00307142659095558,0.006020393935022468,1.245688811665114e-05,0.0,0.0,0.00038274793326161964,0.0,0.0,0.008695410199298157,0.0,0.04242474532695921,0.006502897431992432,0.0,2.0995884003065225e-05,0.0,0.00015812211206136205,3.2146808042970676e-05,5.726150182654153e-05,0.0,0.00018162946544278335,0.0,0.00012266016443896003,0.000627465509488734,0.002575361159342479,7.825738582960674e-05,1.5269733820411072e-05,0.0,1.1653217915576873e-05,0.0,0.0,0.0,0.0,0.0,0.0,0.00015018586882575366
FDM047W4,0.0,0.0,0.00010300818846285004,0.0001934182531568623,8.067033875507885e-05,0.0001506481522945895,0.002206894857858758,0.0003621695917075118,0.00035444133090814175,0.0016019731837819595,0.0005473302511335402,0.0,0.0,0.0008446036254435947,0.008261087328182504,9.093939762547603e-05,0.00010925431705412149,0.0,0.0,0.0002258134285624441,0.0,9.316259593762388e-06,4.552263210588429e-06,0.006218285679077506,7.971753947844406e-05,0.0024046536410536235,0.0,0.0,0.0008161255137308438,0.0,0.0,0.0,0.0,3.133650954265531e-05,0.00030860109904337906,0.0,0.0,0.0,0.0,0.0,3.895890375573362e-05,8.003513923732233e-05,0.0,0.0,0.023605813811799395,0.0,0.006093257240665772,0.0,7.156581233390198e-05,0.00029272111109946596,0.06393494879392024,0.0,0.012382791132318311,1.0904258388153704e-05,2.953677757567848e-05,0.0004140442189909614,0.0,0.0016889955177145934,0.0,3.800610447909883e-05,0.0,0.0008392044295426632,0.00021258010527585086,0.0006193195298126133,0.0,0.0007395839718411822,2.6466646573188605e-06,0.16625394578000444,0.0010342106814939178,0.0019568379810352724,0.0,0.022606644970368482,6.299061884418887e-05,0.0,0.0,0.0,0.0,0.027859744982214957,0.004242074112750669,0.0004135148860594976,0.00013974389390643583,0.0,0.01471227949710408,0.0008136905822461092,0.052444295384290976,0.0006835805476923153,0.0,3.821783765168424e-05,0.06955519412703,0.0,0.0,0.00026487819890447153,0.0002451870138540192,0.0,0.033365972001887303,0.0005167348076949343,0.0008761518681588354,0.0007491119646075301,0.0023046097170069707,0.0,0.0,0.003225331417995056,0.0,0.0,0.0,0.0081983084425109,0.0018772263081431211,0.0,0.0016190177041750932,8.024687240990784e-05,0.0,0.0,0.0,0.05285611640496968,0.013672352019950353,0.023609307409147164,0.0,0.0,0.0,0.0003577231950832171,7.368314405975706e-05,0.0,9.072766445289052e-05,0.0,0.0017076280369021286,0.24287975747235493,0.0011761777737125014,0.0,0.0020750909579242685,0.00031378856177172404,0.0,0.00011782951054383566,0.0010659706573817442,2.212611653518567e-05,0.0,0.0,0.0,0.0,0.0016196529036928392,7.834127385663827e-06,0.00011359484709212549,0.0,0.001755268000733868,0.002328112099163962,0.0007718732806604724,0.001594562522741467,1.2915723527716038e-05,0.0,0.0,0.005613681604759584,0.09002873325018576,0.0,0.0,0.0,0.00033909067589569234,0.0019077158849954345,0.0,0.0,0.0008347580329183686,0.0,0.0,3.4194907372559676e-05,0.0,0.0,0.00016981000441357807,0.0,0.0,0.00010353752139431381,0.0,0.0,0.0,0.0,0.0,0.00022284916414624803,0.0,0.0,0.0,0.0,0.00022824836004717744
FDM047W24,0.010553897212722218,4.588451464163392e-06,0.0,5.184950154504622e-05,1.0438727080971718e-05,9.624276946082705e-05,0.0008516165917487258,8.270683764154516e-05,0.00010324015794367621,0.0,0.0003178649751799179,0.0,0.0,0.0003193562219057721,0.0019437827515062058,0.0009929408968449582,0.0,8.098616834248387e-05,7.570944915869598e-06,0.010886215810014253,0.00022013095899323763,0.00013122971187507304,4.714633879427875e-05,0.0026679551038378043,0.0,0.0011322003987823172,0.0006501835724719528,0.0008106646624310674,0.0012391113178973241,0.0011761348215516816,0.0,0.0,0.0,0.0,0.0010976723015144877,9.268671957610053e-05,0.0,0.0,0.0008705439540383996,0.00012664126041090964,0.00048545816490848696,0.0003280742796876826,3.1775026389331495e-05,5.2308346691462676e-05,0.038112939685493785,0.06037209129458342,0.00501747167606267,0.0002552326126940887,0.00021152761249793243,0.0003967863403635294,0.022189636569407565,0.0,0.0074385680911284845,0.0001882412213173032,0.00013421220532677924,1.6518425270988214e-05,0.0,0.00019845052582506673,0.0,0.0003265830329618295,0.0,0.0027469911803080192,0.00012583828140468105,0.0020607882638423837,0.0,0.0030222982681578224,0.0,0.14383613813900215,0.0007224516830325251,0.001662166542893189,0.0,0.02201711079435502,0.0007300226279483957,0.03164459965646265,0.0033484224559732247,0.0,0.0,0.0102837521327696,0.0050720742484862144,0.0001209056960807054,0.0032587182298488416,0.0,0.014833087048200999,0.0037921257125578356,0.025526473185433787,0.000979060831165864,0.0003247476523761641,0.0004376235583945836,0.0,0.0,0.0,1.7550826850424975e-05,0.0004472593064693267,0.0002199015364200306,0.03225509312376959,0.0001444215098345428,0.0003674202509928836,8.408337308079406e-05,0.0005766536377587344,0.001349578286897058,0.0,0.011699174698177401,0.0,0.0,0.0,0.006352137495701197,0.0001501570741647459,0.0,0.0007167161187023219,9.807815004649253e-05,0.0,0.0,0.0,0.030700525767711033,0.0033793945033563384,0.036412115439015014,0.0015404578678062549,0.0004763959732667631,0.0,0.0,3.682232299991123e-05,8.339510536116967e-05,0.0019161373314346213,5.976458032072819e-05,0.004942450494623598,0.13294636627910317,0.0009646072090537493,0.0003604228625100334,0.02300041594312512,0.0003053614449400738,0.007184023746154009,0.003481487548433974,0.0010326310020099716,0.0007381671292972857,4.2672598616719556e-05,0.0,0.0,0.0,0.009054850119380028,0.0036993242816951316,0.0,2.454821533327415e-05,0.0070313430236839825,0.0020321104421913627,0.0012614800187851205,0.004038296133610202,1.6289002697780045e-05,0.0,0.0,0.04308039724059707,0.17313064766680689,0.0002061361820275404,0.0011632871574520241,0.0,0.0007422967356150328,0.0007457380742131554,0.0,0.0,0.00025878866257881536,0.0,0.0,0.0,0.0,0.0,1.1815262520220736e-05,0.0,0.0,0.0,0.0,0.0,0.0,0.0,0.0,0.00029136666797437545,0.0,0.0,0.0,0.0,0.00024823522421123955
FDM047W16,0.007673319180505486,1.6048716198996294e-06,0.0,0.00015749140163281801,9.75761944898981e-05,0.0003602401829468059,0.00032782177622483317,0.00027849872177325083,2.9208663482173447e-05,0.0,4.429445670923006e-05,0.0,0.0,0.00023420426506402082,0.0019873660226423875,0.0010430595614934384,0.0,3.241840672197273e-05,0.0,0.01989356063451063,0.00020189284978337473,0.0,0.0006148798133042155,0.003877262842236193,0.0,0.0010095712403582003,0.0010014398908173754,0.0007387759023604677,0.0024768518667117774,0.00032632389604626014,0.0,0.0,0.0009743710561617348,0.0002650178001660939,0.0009309325309831178,6.301795894139253e-05,0.0,1.925845943879568e-06,0.00023270638488544673,0.00013470222463024312,0.011080782603876401,0.0017223482224762937,3.5949124285751935e-05,0.00020649348176042035,0.08090970970868168,0.06510354310717278,0.011556359560573328,0.0005175176016969706,0.00010324674088021018,0.00030760039381409765,0.015925462058588108,0.0,0.004025766962797584,5.435165219393448e-05,1.7118630612262825e-05,0.0,0.0,0.0008161307144396303,6.098512155618632e-06,0.00027443304700283845,0.0,0.00027700084159467786,0.000640450767781282,0.010222925227319381,0.0,0.002460375184747475,0.0,0.20530812358196143,0.00036152408024272555,0.0015009829303714698,6.376689903067903e-05,0.005479887641867973,9.019378503835978e-05,0.00434042879173924,0.003662210045169652,0.0,0.0,0.01855552566927964,0.027793273704863293,0.0,0.001758511329644699,0.0,0.021566264828211258,0.0014409607317872235,0.02030066306875851,0.0007629559681002878,8.965882783172656e-05,3.915886752555122e-05,0.05200468793699324,0.0,0.0,0.0003317804595539189,2.139828826532853e-06,0.00010153487781898389,0.02414903822183641,0.0007297886212890296,0.0013915306858943146,2.4287057181147885e-05,0.005372361243334698,9.308255395417912e-05,0.0,0.017111569177135272,0.0,0.0,0.0,0.00205134690455572,1.1769058545930694e-05,0.0,0.0005105631580107388,0.00017664286963028705,1.2731981517870478e-05,0.0,0.0,0.006743028598170327,0.0006974772060083835,0.008896766312075635,0.0006430185623731224,0.00032653787892891344,0.0,0.0,5.413766931128119e-05,2.845972339288695e-05,0.0001243240548215588,1.636969052297633e-05,0.0009932015498352238,0.10034609591440356,0.00033370630549779847,0.00012271918320165914,0.016910532258882508,0.00024533137496199163,0.001970568366354105,0.0011049006145802387,0.0012940614828457432,0.0003711533099621234,0.001592888578471056,0.0,0.0,0.0,0.003920166410208188,0.0010607131493123353,0.0,5.991520714291989e-06,0.005203314766038613,0.00950972027943598,0.0004334223288142294,0.009933085412765505,2.717582609696724e-05,0.0,0.0,0.0060180545917409975,0.14782055224274412,5.2425806250054906e-05,0.0010686305159705069,0.0,0.0,0.003001216920653643,1.1983041428583978e-05,0.0,0.0003814244883294811,0.0,0.0,0.0,0.0,0.0,4.3652508061270214e-05,0.0,0.0,1.283897295919712e-06,0.0,0.0,0.0,0.0,0.0,2.6640868890334024e-05,0.0,0.0,0.0,0.0,0.00017856871557416661
FDM046W4,0.0,0.0,4.846260691747797e-05,3.0830681323800954e-05,2.9319373415771494e-05,3.556611276895992e-05,8.100610387037898e-05,8.150987317305546e-05,0.0,0.0,7.798348805432005e-05,0.0,2.0553787549200636e-05,0.0,0.00018699916515351166,0.009738968913202367,0.0,0.000644723953565367,0.0,0.005721005708915247,7.959554982288483e-06,0.0,0.0,0.01566470646672534,0.0,5.269426905996045e-05,0.004434177402158421,1.853871033849469e-05,0.004890189374941186,6.055307018171363e-05,0.0,0.0,0.0,0.0,0.033813700872669494,0.0004297152151830427,0.0,0.0004993361328129331,0.02781662958588754,0.002179003741796873,0.01431107835043362,0.18599112277885602,0.0014664724400912511,0.000656915170690137,0.0,0.0,0.0,0.0,0.001969032696441314,1.4206294335476911e-05,0.006012083612001711,0.00031777767612832644,0.06028919582097169,0.0001201993556186096,2.2266603178300686e-05,0.0,0.0,0.0,0.0,0.0,0.0,0.0,0.0,0.0,4.513772951981316e-05,0.008161062703359076,0.0,0.02723044362529318,0.019958231479576493,0.0016003743207426613,1.934474122277707e-05,0.0022763319710739707,0.018235340464422913,0.0,0.0029154137084493608,0.0,0.0,0.016450586578900556,0.01872812759630105,0.0003327900013480857,0.0,0.0,0.025467754835228153,0.0010150951448931196,0.0038458756104928307,0.0012749393512136514,0.0016850075635923111,0.0,0.0,0.0,0.08180246238404996,0.05792530874509255,0.0,8.433098126804379e-05,0.07482787714235455,0.0,0.0,0.0,0.0010355481785817848,0.0,0.0002978284117423386,0.04514004685860537,0.00013067775711428053,2.7304296205065553e-05,0.0014699988252099866,0.001925708536411126,0.00013631997330425716,0.00010810889235437394,0.0,2.9621634997377386e-05,0.0,0.0,0.0,0.0011953438013907664,0.00022689769392548835,0.000445735079008155,0.0,0.0,0.0,0.0,0.0,0.0,0.0,0.005800500504877597,0.0,0.0,0.0,0.0005368165689320638,0.0,0.0011273349455294408,0.0,0.0037698064457886813,0.000491175070109574,0.01327280981761738,0.0,0.016149836305202794,0.0,0.01207776827780812,0.0,0.0,0.014871370568870407,0.0001378312812122866,5.309728450210164e-05,0.0,0.0,0.0019986543314386815,8.564078145500265e-06,0.00012846117218250297,0.0006998363152781746,4.8664114638548566e-05,0.01417737797750328,0.0,0.006829701190245658,0.0,0.08451556234054446,0.00028221156335936755,0.0,0.0,9.974632192994425e-05,0.0004178262596398776,0.0001670499007675228,0.00013692449646746893,0.0017709506066289195,0.00021369893819536543,0.0,0.0010984185875558103,0.009741689267436819,0.013148378799856189,0.0006395855066780657,9.067847448176752e-06,0.0,0.0,0.0,0.0,0.0016693907152093399,0.0,7.093071781684926e-05,4.6749791288377916e-05,6.750508655864915e-06
FDM046W24,0.0,0.0,0.0005076538817039901,1.3560204596366969e-05,8.035676797847094e-05,3.847080266969296e-05,7.593714573965502e-05,0.00012686324744601098,0.0,0.0,0.0006681665257409848,0.0,0.0001106914478903437,5.0222979986544335e-05,0.00012334763884695287,0.02039223745585654,3.826991074974678e-05,0.0,0.0,0.009534230074685603,2.189721927413333e-05,0.0005961467724402812,0.0,0.047309745809444845,0.0,4.7611385027244024e-05,0.001667503381513235,0.0,0.015691768312955885,0.0003365944118698191,0.0,0.0,0.0,0.0,0.0010327853604432976,0.0026994851742767577,0.005830586638557878,2.4107030393541277e-06,0.0011491017820921344,8.337014677766359e-05,0.00903913193797825,0.015602572300499782,0.00035537780638478765,3.063601779179204e-05,0.0,0.0,0.0,0.0,0.0005057454084645014,0.00013138331564479998,0.013310897723713763,0.00011149501557012841,0.16625363287925657,0.0,0.0,0.0,0.0,0.0,0.0,0.00014223147932189355,4.530112794786298e-05,0.0002522198054924256,1.7075813195425072e-05,0.0,0.0015392338906276106,0.0066225025869856985,0.0,0.16821614604521176,0.005969603847160632,0.0016932175472663556,0.0,0.006381934512850161,0.039797593354977484,0.0,0.004648237243714651,0.0,0.0,0.032799322431732454,0.03499035015662543,0.0019953589948654062,0.0,6.29796169031266e-05,0.0,8.939690437604891e-05,0.022032419536257106,0.013524646726536497,0.0005197073969007607,0.0,0.0,0.0,0.05311220757921025,0.0,8.738798517658714e-05,0.0012969582351725207,0.1039566467201081,0.0,0.0,0.0,0.0022981031182242955,0.0,0.0002046084204651816,0.05772227535813503,1.3660650556340058e-05,0.00011491017820921343,0.0007729316619929172,0.003713688032125034,0.001194202018120051,0.0,0.0,0.0,0.0,0.0,0.0,0.0001310819777648807,5.715375122468745e-05,5.926311638412231e-05,0.0,0.0,0.0,0.0,0.0,0.0,0.0,0.013063599770259919,0.0,0.0,0.0001621197793965651,0.00011390571860948155,0.0,0.00024167297969525132,0.0,0.0010649280676346862,4.921852038681344e-05,0.0007281327638449198,0.0,0.0006242716412327461,0.0,0.016985411831449294,0.0,0.0,0.0004383461693225589,0.0,0.0009389688338284328,0.0004462814001604319,0.010899491562639824,0.002191128170852956,4.5401573907835976e-05,8.166256545812109e-05,0.0005254328166192268,0.02212814453611136,0.0,0.0,0.0001823094173511559,0.0,0.030899788882681373,0.0003276547214322152,0.0,0.0,8.367148465758286e-05,6.900637450151191e-05,0.00010034551401311558,0.0,3.3649396590984705e-05,0.00021505480030238182,0.0,0.0003711478221005626,0.006146991412473107,0.010109082303611589,7.292376694046237e-05,0.0,0.0,0.0007471170502798334,0.0,0.0,9.361563469491864e-05,7.131663158089295e-05,7.724294321930518e-05,1.1049055597039753e-05,1.5468677835855555e-05
FDM046W16,0.020051189588393317,0.0001709173869627103,8.664170769566528e-05,0.0,1.0703461938996361e-05,0.00016922736665655298,0.0001757621118403613,0.00018421221337114788,4.450386806214276e-05,5.182728938882448e-06,5.554533406237059e-05,3.718044673546105e-05,0.0,0.00010534459908380629,0.007442849428316838,0.019895482384186026,0.0,0.0004976546461531255,0.0005694241751546064,0.01343667544613439,4.303918379680642e-05,0.0,6.208007924617889e-05,0.0041379583856159825,0.00035253823586441584,0.0021219894964111313,0.0015251869922967762,0.00010354191075723848,0.00013283559606396537,5.6334010205244005e-05,0.0,0.0,0.0,2.9857025408779324e-05,0.0008562769551197077,0.0009148643257331615,0.0,0.0,0.012161386123108076,0.0015752115933590329,0.005875749932427361,0.007326012691151162,8.405034322622405e-05,0.0008895140211408029,0.10498992015555407,0.0,0.022809866068144006,0.02273167446197924,0.0014281798267233462,0.00011537205290033971,0.025042044888516708,0.08050501862796723,0.021329070275889074,9.11484285120848e-05,9.250044475701067e-05,7.469889753215355e-05,0.011988328043757566,0.0,9.576781734891481e-06,0.000430617174008884,7.774093408323673e-05,0.00016888936259532155,0.0028437408351607175,0.030151652282152636,0.0005393418137050061,0.0,0.0,0.20050040374585132,0.014084516563494583,0.005031415787471164,0.0,0.00030668235155734835,0.011616410908382545,0.0,0.0,0.0,0.0,0.022258694112296012,0.03750921201901885,0.0014924005983573243,6.974150463409208e-05,6.140407112371585e-05,0.023790979189878648,0.0,0.0020701622070222955,0.009443720802786694,0.00013937034124777368,0.0,0.0,0.0,0.0,0.0,4.371519191926935e-05,0.0,0.002955620179428332,0.007477551178603268,0.0,2.715299291892761e-05,0.0003783392125384187,0.0,0.005376630602008898,0.07348805431680204,6.151673914412645e-05,8.450101530786601e-06,0.00010647127928791118,5.464398989908668e-05,0.0033615630569673203,0.0,0.0,0.0002360395027599724,0.0,0.0,0.0,0.005988530620858259,0.0008034356535471888,0.0015636067872567415,0.0,0.0,0.0,0.0,0.00041732234760044645,0.0006184347640331686,0.01849783559099392,0.009781274191936517,0.001224814049882415,0.0,0.0001840995453507374,0.00032414589472097403,0.00021880129563716774,0.0,9.159910059372675e-05,0.0044681883534391335,0.0001961550235346585,0.0024862452063982386,0.0,0.0,0.0,0.00024009555149474994,0.0,0.0,0.0,0.0,0.020627824516854194,5.6334010205244005e-05,1.4083502551311001e-05,0.028760652902164865,0.00011886476153306486,0.0,0.0,0.0,0.0,0.0,0.01937236476542013,0.0,0.0,0.0026732741202796493,0.00030116161855723444,0.02361589308616075,0.0005615374137258722,3.4927086327251284e-06,0.0,0.00016122793720740837,0.0,0.00030251363480215916,0.0,0.00012247013818620048,0.0019107369581414662,0.00448587723264358,4.472920410296363e-05,2.0956251796350772e-05,5.486932593990766e-05,0.0002880921281896178,0.0,0.0007549884047706801,0.0,0.0,0.0,0.0,6.748814422588232e-05
FDM041W4,0.035257163417361834,0.0,0.0,2.1873183296674028e-05,0.0,0.0,0.0,0.0,0.0,0.0,0.0,0.0,0.0,0.0,0.002526653677875437,0.0026452504790528066,0.002496753638323103,0.002901206857905181,0.00044348380812522564,0.031997657763344615,0.00034294743352308177,8.799441170267487e-05,0.02080039395810504,0.003928343451520098,0.00038629245730364677,0.0007441899106028956,0.0020078177566502015,2.578627572130827e-05,0.0004167945110751555,0.0,0.0,0.0005537527459373576,0.001398077688329614,0.0,4.846214464354842e-05,0.0001159880728942898,0.001684636456656683,0.0,0.0008907803729718899,0.00035769678189285733,0.004895679966030347,0.002574112465487028,0.00018010258723637557,0.005761276077500103,0.1341202394973102,0.012513668231167849,0.02507028014330348,0.02400371161833253,0.0002393006521218695,4.9766508785093196e-05,0.021276486869768886,0.0,0.017602996104365998,6.491719996765181e-05,0.0002046848345193349,0.00018853078630481877,0.03903530432119789,0.0002173271331219987,0.0,0.00010515181694914853,3.31107820545983e-05,0.0008122175173696148,0.0019320643007374083,0.0,0.0,0.0,0.0001332458138439592,0.16374877063679671,0.0002536486576788621,0.001621424963643359,0.0,0.0,0.001369281341512433,0.0,0.0,0.0,0.0,0.0057913767884588295,0.002236181817123734,0.0018160762278431185,4.314435237417354e-05,0.0,0.0019941721010155794,0.0,0.0027078599578469658,0.00023468520977486487,0.0006216800170008819,0.0003603055101759469,0.0005764286148595976,0.0,0.0004912436028464038,0.0004407747441389394,0.0,0.001899354861495593,0.022879951742540105,0.0006446568930327092,0.0,0.0,0.005169696771457947,0.0,0.002347253440561432,0.26978665218086695,0.0,0.0,0.0,0.0,0.0005485352893711784,0.0,0.0,0.00030481986630869585,0.0005075983224673115,0.0,4.123797401345414e-05,0.0,0.0,0.0,0.0,0.0,0.0,0.0,3.4214474789751475e-05,3.6923538776036886e-05,0.0,0.0,0.003894329648136738,0.0,0.0,0.0008100101318993082,0.0,0.0,0.001994272436718775,0.03307576489418298,0.001159780393239702,0.012204132586808853,0.0,5.197389425539975e-05,5.357926550653178e-05,3.782656010479866e-05,0.0,0.0,0.0,0.0,0.0004868288319057907,0.0022962829033379897,0.0,0.0003491682471212184,0.0,0.0,0.0,0.0,0.03749344557018876,0.0,0.0028640826477227526,0.0,0.003480946550970238,0.006598376849262266,0.0011228568544636652,0.0,0.0,0.0,0.0,0.0,0.0,0.0,0.0,0.0,0.0,3.913092424634344e-06,0.0,0.0,0.000406058590833209,0.0,0.0,0.0,0.0,0.0,0.0,0.0,0.0
FDM043W4,0.0,2.347774643588583e-05,9.512535193850293e-06,0.0,0.0,1.5078380254081847e-05,5.2622535114916515e-05,0.0,1.598915490030156e-05,0.00011921028147186858,0.00014622992930971991,0.0,0.0,0.00010504267586400643,0.0010137933784254492,0.016735281729921225,0.00016130830956380177,0.00013762816876208934,0.0007966242238935043,0.036752388101721,0.00066769901286196,0.0,0.00017689267573245014,0.013522878355521498,0.0006753899987633708,0.0003191759149085503,2.6311267557458257e-05,1.0524507022983202e-05,0.04062429351716681,0.0,0.0005118553511754765,0.0,0.0,0.0006400721819266288,0.006139835481715798,0.0012205392231173131,0.0,0.00023255112633476568,0.0024746759109618623,0.006553731959831198,0.024546591081816112,0.0059822714679197775,2.4692112630845443e-05,0.01379671793248489,0.0,0.0,0.0014136234481159015,0.0007959158436131123,0.0014214156312002256,0.0,0.011193825190771774,0.0,0.0036671835144122013,0.0006887480269079265,0.0006634487311796003,0.00021210929538627887,0.0,0.0,0.0001608023236492353,0.0002771790839995314,0.00022961640803027895,0.0001526053518332579,0.0004324155625885351,0.0005558761257427623,0.0,0.0,0.00044506521045269674,0.0038835430914808387,1.2852042229989227e-05,5.4646478773182536e-05,3.491302810508884e-05,0.005927726186329509,0.005478815482926106,0.0,0.0,0.0,0.0,0.014481822860807837,0.02416042263181896,0.001769432743239068,4.179443654319331e-05,0.00013853894340830905,0.0008873980969667364,0.018169144614619888,0.009903763502993114,0.009485313151646616,0.15665506069908236,0.0,0.0,0.0,0.016911567222556295,0.0,0.0,0.0015927424618724442,0.05978172982011799,0.0003724056331209477,0.0,0.008716214561505528,0.0022188494325570372,0.0,0.0004409161259532514,0.010962083641900315,0.0,0.0,0.0001217402110447011,0.0014768716874367046,0.0026787906288979904,0.0,0.0,0.00020907337989887985,0.00011334084486289711,0.0,0.0,0.0002643270417695422,2.4489718265018838e-05,0.00026827373190316093,0.0,0.0,0.0,0.0,9.735168996259554e-05,0.0005001164779575335,0.0,0.0,0.0,0.0,0.0,0.0005305768300144371,0.0,0.0036847918242391155,0.00021706795734903063,0.007765264633669239,0.0007284173226099406,0.0010276573924845715,0.0,0.0003880911964725093,0.0,0.005083944075198415,0.0,0.0,1.3661619693295634e-05,2.6311267557458158e-06,0.0013227483778597473,0.002896162177795761,0.005851322313229977,0.019482684048834534,0.0,3.977049288492729e-05,0.00029114429524156694,0.1611068259726214,0.19938182688845593,0.0005003188723233601,0.002269043235282035,0.0,0.021237949186465637,0.0028351402764990406,0.00017901781657362944,0.0,3.0460352056903598e-05,0.0,0.0,2.246577460675282e-05,0.0,3.4305845007609035e-05,0.00036258950637835745,6.274225340624661e-06,0.0016725870391910388,0.006269469073027736,0.000153313732113651,0.0,0.0,0.00012993718286067848,6.749852100317175e-05,0.0,2.975197177651049e-05,0.0,0.0,0.0,0.0
FDM041W24,0.038244855776409445,0.0,0.0,0.0,0.0,0.0,9.205804148236516e-06,0.0,0.0,0.0,0.0,0.0,0.0,0.0,8.64940939202442e-05,0.005459345347953097,0.0003934216739834265,0.003368110366059193,0.00041851001935444364,0.026655861143291996,0.0011065174260814397,0.0002547276356621928,0.009679650155163326,0.005190151448629389,1.8006957564682413e-05,8.194177318759965e-05,0.003857838914208786,0.0,0.008282593503656224,0.0,0.0,0.0007095550581948443,0.00010966034831525696,0.0,5.118831757151293e-05,0.00226300921753902,0.0004164867656954916,0.0,0.0028907236652292133,0.0009951373121560726,0.006823524127502212,0.004158797895978057,0.0,0.0034951706958414367,0.0665948883710259,0.018356980447681297,0.006876938024098573,0.0036158577765979974,0.0004998448164443586,0.0,0.02554104837720895,0.0,0.01837539205597777,0.00035922868714711943,0.00029023573737681934,9.691385026385254e-05,0.08918502128665179,5.179529366919886e-05,0.0,3.9149958300742105e-05,6.474411708649857e-06,6.838597367261412e-05,0.003401797539480762,0.0,0.0,0.0,0.0,0.09790605385820314,0.00010136500831354933,0.0008291293494389723,0.0,0.005357272200858904,0.003266846520428591,0.0,0.0,0.0,0.0,0.011044334748127079,0.01950092806645337,0.0,0.0,2.013137390658315e-05,0.006289182836172703,0.0009928105704482765,0.006257215428361244,0.0001344452056374322,0.13713441323822967,0.00014516845002988352,0.021075019413118866,0.0,0.0,0.00018269980540346317,0.0,0.0010915453490051767,0.03767976102946385,0.0007121852879514843,0.001375711325405147,5.462784879173317e-06,0.006920235652400169,0.0,0.0008519921157851421,0.1495204686502916,0.0,0.0,0.0,0.0004971134240047719,0.0002794113303014204,0.0,0.0,4.006042244727099e-05,3.267554659209225e-05,0.0,0.0,0.0,0.0,0.0,2.02325365895308e-06,0.0,0.0,6.474411708649857e-05,0.0,5.867435610963934e-06,0.0,0.0,0.002494267110757358,0.0,0.0,0.0005421308179164779,0.0,0.0,0.0007837073047954757,0.016043389888668453,0.0,0.004081307280840153,0.0002435997405379509,1.5174402442148003e-06,0.0,5.0581341473827016e-06,0.0,0.0,0.0,0.0,0.011712918919728225,0.0005548773159678823,0.0,0.00019180444686875203,0.0,0.0,0.0,0.0,0.08619971051286651,0.0,0.0,0.0032158605282229737,0.002907010857183786,0.0033066034548270193,0.0,0.0,0.0,0.0,0.0,0.0,0.0,0.0,0.0,0.0,0.0,0.0,0.0,0.0,0.0,0.0,0.0,0.0,0.0,0.0,0.0,0.0,1.9524397808897228e-05
TF01_BL,0.0,0.0,0.0,0.0,0.0,0.0,0.0,0.0,0.0,0.0,0.0,0.0,0.0,0.0,0.0,0.003252151799687012,0.0,0.0,0.0,0.0,0.0,0.0,0.0,0.0007566115715785341,3.8539996264739805e-05,0.0,0.0,0.0,0.0,0.0,0.0,0.0,0.13865251695357333,0.0,0.0,0.0,0.0,0.0,0.06475131941626891,0.0,0.0,0.1922084202747349,0.023117155148541003,0.0,0.0006545761767679687,0.0,0.0004958879937144578,0.0,0.0021131590641241143,0.0,0.00017509032245599805,0.0,0.0,0.0,0.0,0.0,0.0028536703761664647,0.0,0.0001339340340166284,0.0002783332367317762,0.0007921327691802384,0.00017398342961288542,0.0,0.0,0.0,0.00018666238399763012,0.0049222518466997605,0.0013308877039097874,0.0,0.0,0.0,6.419978490053262e-05,0.002415441436915964,0.0,0.0,0.0,0.0,0.00144328764079677,0.00608680374427636,3.87412495089421e-05,0.0,0.00011974568030036648,0.005870054000270486,0.010880656021175066,0.00019159308848058635,0.0,0.0345084912768794,0.0,0.0,0.0,0.0,0.0,0.0,0.0,0.040551019307431144,0.0,0.0,0.0,0.0,0.0,0.012646753865672319,0.007290600024472397,0.0,0.0,0.0,0.0,0.0,0.0,0.0,0.0,0.0009405570367794332,0.0002788363698422809,0.0,0.0,0.0,0.0,0.01871886612312191,0.00018716551710813584,0.0,0.0,0.0,0.0006181493395673541,0.0,0.0,0.0,0.0,0.0,0.0,0.0,0.0,0.0,0.0,0.0,0.10549735311733228,0.0,0.0,0.0,0.0005235603147922747,0.0,0.27451455704965977,0.0,0.0,0.023104576820778256,0.0,0.005951259684306112,0.006633206302285595,0.0,0.0,0.0,0.0,0.0,0.0,2.183597699594918e-05,0.0,0.0013005990906573418,0.001906773862194659,0.0,0.0,0.0,0.0,0.0,0.0,0.0,0.0,0.0,0.0,0.0,0.0,0.0,0.0,0.0,0.0,0.0007798563212838993,0.0,0.0,2.8175454188321525e-05,0.0,0.0,0.0
TF03_BL,0.0,0.0,0.0,0.0,0.0,0.0,0.0,0.0,0.0,0.0,0.0,0.0,0.0,0.0,0.0,0.0009296826206561178,0.005826322020087364,5.4101931770623477e-05,0.0,0.009560391747734924,0.001151272525111277,0.0002949695360520971,0.0,2.881290619201782e-05,0.0,0.0,0.0012632075563608432,0.0,0.0,7.462335416637735e-06,0.0004308462267633759,0.0002833614587373273,0.0006356458765311004,0.0,0.0002544449089978561,0.00020345228365083157,0.004334476798044538,0.0,0.00047976598116133436,0.0,0.0006153317412302532,0.0021622116869707835,8.270755086773479e-05,0.0023011976841056615,0.0031437160813535523,0.0,0.00023029596244123678,0.0,0.00011919007957129716,0.0,0.00030833955367357203,0.0,4.3426646382933486e-05,0.0,0.0,0.0,0.0,0.0,0.0,0.0,0.0,0.0,0.0,0.0,0.0,0.000671921118139756,0.0,0.0013551393829519221,0.0,0.0,0.0,0.00034451115173477544,0.0048529018224059434,0.015716818466460954,0.0010270039117147684,0.0,0.0,0.0004923068504031839,0.012953474204261121,0.0,0.0,0.0,0.019298532179352262,0.0006979356485505348,7.576343318836367e-05,0.00011929372311874942,0.003967164065870036,0.0005808184399283036,0.0793943775862952,0.0,0.0,1.5961106307808383e-05,0.0,0.0025732619961705786,0.11875311837523403,0.0,0.0017862965403576579,0.0,0.004978725089014262,0.000774528230118525,0.00036285605963400986,0.011467329377328226,0.0,0.0,0.0,0.0015747600600054686,0.0,0.00022915588341925044,4.270114155076037e-05,0.0004924104939506362,0.0,0.00017225557586738772,2.77764707174849e-05,0.0,0.0,0.0,0.001296166204450993,2.2905223987179714e-05,0.0,0.0,0.0,0.0,0.0,0.0,0.0,0.0015105010605844214,0.0,0.000304193811775441,0.0,0.0024815374566744064,0.00034523665656694855,0.000304193811775441,0.0,0.010546560101752988,0.0002604562347501476,0.0,0.0,0.0,0.0,0.06656258090674413,0.0,0.0,0.3193021389748037,0.04685527857623616,0.0018984388587021304,0.2182774566785519,0.00018458915801433063,0.0,0.0,0.0029151820592190217,0.0021664610724163686,0.0,0.0,0.0,0.002168948517555248,0.001479097065706071,0.0,0.0002835687458322339,0.0,0.0,0.0,0.0,0.0,0.0,0.0,0.0,9.110267821145234e-05,3.420237065958962e-06,0.0,0.0,0.0,0.0,0.0,0.0002920675167234047,0.0,0.0,0.0,0.0009041863079826055,0.0
TF04_BL,0.10847385827915049,0.0,0.0,0.0,0.0,0.0,0.0,0.0,0.0,0.0,0.0,0.0,0.0,0.0,0.0,0.0003910680263082128,0.0,0.0002607787811796635,0.0,0.12130088954205986,0.0041414154058770376,0.0,0.0005591121103402693,0.00021671477821535786,0.0,4.156036643224284e-05,0.015381141107458486,0.0,0.0002326379065592774,1.9728655872655037e-05,0.0,0.0,0.000105052588885355,0.0,0.0,0.009584421372042894,0.0,0.0,0.009370110084898317,0.007407559480144912,0.012430755672614476,0.042922745287530144,0.0022785095350997325,0.0,0.015799448699235642,0.0016729299307243774,0.00046587668588624986,0.0,0.002152025817499919,0.0,4.6667784957650995e-05,0.0,0.0001236796446839034,0.0001221774627646657,7.86141871067726e-05,0.0,0.0,0.0,0.0,5.147476709921151e-05,0.0,0.0,0.0,0.0,0.0,0.0005710294202328883,0.0,0.0009680060287567693,0.0,0.0,0.0,0.0001897756491303619,0.001961449004679297,0.000930050898930697,0.0,0.0,0.09450506861215918,0.0002989342019283009,0.0034570213234723446,0.0,0.0,0.0,0.0013390449628084796,0.00022432583327282882,0.000198187867878092,4.686807588021602e-05,0.01739616793392403,0.0,0.0,0.0035781973316241847,0.00021771623282818296,0.0035218154369221198,0.0,0.0,0.08035191115094666,0.0,0.000921838971105531,0.0,0.007701586554470359,0.0,0.002748892766743696,0.005506598334080253,0.0,0.0,0.0,0.0008618518397973058,0.0,0.0,0.0,0.0,0.0,0.0,5.087389433151654e-05,0.0,0.0,0.0,0.0,0.0,0.015168231856771965,0.0,0.0,0.0003243711490940592,0.0,0.0,0.0,0.0009539856641772175,0.0,0.007879545039169395,0.0,0.002314862337545275,0.001623858654695946,0.005463335494806207,0.0,0.022231491241027596,0.0,0.0009844298844071014,0.0,0.0,0.0,0.31414789982449515,0.002231741604680799,0.0,0.025298145556420706,0.0005204559622852194,0.00044184177517844677,0.0012421041562870072,0.0,0.0,0.0,0.013687581211710011,0.0005009275973351294,8.592480578039605e-05,0.0,0.0,0.0005111424343859457,0.0010524286526179278,0.0,0.0,0.0,0.0,0.0,0.0,0.0,0.0,0.0,0.0,4.6968221341498435e-05,5.8885531234117564e-05,0.0,0.0,0.0,0.0,0.0,0.0,5.167505802177654e-05,0.0,0.0,0.0,0.0
TF08_BL,0.03869157785059272,0.0,0.0,0.0,0.0,0.0,0.0,0.0,0.0,0.0,0.0,0.0,0.0,0.0,0.0,0.0011178745257321516,4.775248518228219e-05,0.025166674929570153,0.0001049338050183908,0.06363530646399336,0.0004370721095983408,0.0,0.00012186515326773501,0.0,0.0,0.0,0.02710749408847552,0.005037836494071342,0.0,0.0,0.0,0.0,0.0004637364484580865,0.0,0.0,0.01475774839834008,0.0,0.0,0.09366979470790941,0.01691583629555889,0.0005240607131788039,0.17416791294569875,3.061836629522128e-05,0.0001729633539723427,0.0018499779132082768,0.0013587660433395877,0.00011750558455682602,0.0,9.915484184346493e-05,0.0,0.001598440937120724,0.0,0.0,4.227767796393136e-05,0.0010296692983253882,0.0,0.002074343623841812,0.0,0.0,0.0,0.0,0.0,0.0,0.0,0.00016302759272422454,0.000852447760960995,0.0,0.001982894066231582,0.0,0.0,0.0,0.00048279688840345596,0.0018132764277815647,8.6380291667313e-05,0.0,0.0,0.0,0.0009463305662238259,0.012427508229699796,0.0,0.0,0.0,0.0,0.0017747500066153923,4.450815497881493e-05,0.0006927658837590959,0.21136030608633305,0.0,0.008463240877019508,0.0,0.0011119941772383675,0.0014785021049112876,0.0,0.0009598148136319861,0.03725900329512425,0.0,3.447100841183852e-05,0.0,0.0,0.0,0.0017269975214330997,0.006517859378765515,0.0,0.0,0.0,0.0004068592845785529,0.0,0.00120699222100864,0.00019597782135318784,0.0,0.0,0.0,0.0,0.0,0.0,0.0,0.006159969203195544,0.0,0.0003615400470488711,0.0,0.0,0.0002439330771731867,0.0,0.0,0.002146428585550098,0.006102078186127427,0.0,0.0036837341753992382,0.0,0.013586038268294146,0.0005754630698399867,0.016434965728213742,0.001430952390366732,0.012680464600251375,0.0,4.998296219716586e-05,0.0,0.0,0.0,0.010231299452590248,0.0,0.0,0.10981956353417462,0.0021108423386308178,0.012449610229210916,0.0205950081316094,0.0,0.0,0.0,0.004073966267685022,0.004971834651494557,0.0,0.0,0.0090235975343496,0.0001078739792652829,0.00010250055736578941,0.0,0.0,0.0,0.0,0.0,0.0,0.0,0.0,0.0,0.0,0.0001569444735927236,0.0,0.0,0.0,0.0,0.0,7.999301657923704e-05,0.0,0.0,0.0,0.00043443609130802376,5.707993451725016e-05,0.0
TF10_BL,3.6262186297776704e-05,0.0,0.0,0.0,0.0,0.0,0.0,0.0,0.0,0.0,0.0,0.0,0.0,0.0,0.0,0.00020876039522026827,0.0,1.1413198077786296e-05,0.0002895196069352371,0.006293584150159548,0.0002734833412816387,0.0006641325514377656,0.0,0.00021323899193433635,0.0,0.0,0.012900236657718627,0.0,0.034755933093232404,0.0,0.0001158656311187925,0.00014764922070250116,0.0,0.0,0.0010582490622757545,0.0012220790194935982,0.020351899235619125,0.00018102198976539384,0.012574599335347358,0.0028730920275055194,0.005400320811995591,0.006605930153250358,0.001809786485068706,0.0006320600201305686,0.003809696624192716,0.0009504737994146333,0.00036189950866904644,0.0,0.0005840956940315189,0.0,0.0,0.0,0.0005153275638413128,0.0,0.0,0.0,0.0,0.0,0.0,0.0,0.0,0.0,0.0,0.0,0.0,0.0,0.0,0.0024643839596313745,0.0,0.0,0.0,0.00018665635337341635,0.0022105486555469376,0.009722744524518224,0.0014370516617688643,0.0,0.0,0.004205980197956865,0.02077881063207303,0.0,0.0,0.0,0.0012912805622690368,0.0008392312358716529,0.0,0.0007291444392226256,0.03839703222176972,0.0,0.016145630095938772,0.0042652132512719446,0.0,0.0001532835843105208,0.0,0.00044800414226854807,0.10220750032036402,0.0,0.0,0.0,0.00036478892590392905,0.0,0.0031504760820542494,0.003136895821050287,0.0,0.0,0.0,0.0010881545306567894,0.0,0.0005127270883299185,0.0,0.0,0.0,0.0,0.0,0.0,0.0,0.0,0.0030523803669299707,8.119262430020122e-05,0.0003468745390476569,0.0,0.0,0.0,0.00882919224463078,0.000501169419390388,0.0004461260210658744,0.0,0.0,0.0001326242510811116,0.0,0.0038161978129711877,0.0004085635970124005,0.0025129261691774025,0.0,0.013151327015429926,0.0,4.666408834335409e-05,0.0,0.0,0.0,0.49972991172396947,0.0,7.382461035125058e-05,0.06380382243895423,0.00029067537382918875,0.006974475321559634,0.05660989587840525,3.9585016117891704e-05,0.0,0.0,0.0008425540656917679,0.002041517747306291,0.0,0.00033820628734300905,0.0,0.002537630686535649,2.918311407231432e-05,0.0,0.0,0.0,0.0,0.0,0.0,0.0,0.0,0.0,0.0,0.00019763613886597024,9.145005548403447e-05,0.0,0.0,0.0031412299469026255,0.0,0.0005718156707832663,0.0,0.0,0.00025499107097838857,0.0,0.0005302080626009582,0.0
TF11_BL,0.03613341659564398,0.0,0.0,0.0,0.0,0.0,0.0,0.0,0.0,0.0,0.0,0.0,0.0,0.0,0.0,0.00028894986494346965,0.0,0.0,0.0,4.6148072804038717e-05,0.00010844797108949099,0.0,0.0,0.0006271942622003444,0.0,4.719689264049414e-06,0.0009805416651021772,0.00031464595093662757,0.0,0.0,0.0,0.0,0.0,0.0,0.015398353310903973,0.009006950109528258,0.0,0.0,0.0,0.0004050542208390853,0.0063088610802466746,0.0858333177758391,5.3489811659226696e-05,0.0,0.004584076859195728,0.0,0.0007631213130049675,0.0,2.4122856238474783e-05,0.0,0.0,0.0,0.000754311226378742,0.0,0.0,0.0,0.0,0.0,0.0,0.0,0.0,0.0,0.0,0.0,0.0,0.0,0.0,0.0010760891522032664,0.0,0.0,0.00010792356117126327,3.4820818570320124e-05,0.004468077385283758,0.014238778099718855,0.002013314558059824,0.0,0.0,0.003739567126881809,0.04462654986729283,0.0,0.0,0.0,0.00016833558375109472,0.00789509620090186,1.4998123661312584e-05,0.0003969783080983785,0.4952214719431255,0.0,0.0,0.0,4.814083049330403e-05,0.0,0.0,0.00011075537472969293,0.1306702609023249,0.0,0.0,0.0,8.348605898185185e-05,0.0,5.5167923397555375e-05,0.002447735734319672,0.0,0.0,0.0,0.0011817053097343277,0.0,3.293294286470035e-05,0.0,0.0,0.0,0.0,0.0,0.0,0.0,0.0,0.0,0.0,0.0,0.0,0.0,0.0,0.0,0.0,0.0,0.0,0.0,0.0003476837757849735,0.0,0.00619181278649825,1.7095763334223435e-05,0.0012137991967298637,0.0,0.0026926351661320136,0.0,0.0007083729175419944,0.0,0.0,0.05424213012791617,0.0001691746396202601,0.0,4.363090519654559e-05,0.0,0.005531685581433204,0.0,0.029351537769156017,0.0,0.0,0.0,0.009229090150889517,4.111373758905267e-05,0.0,0.00010498686562918808,0.006172199855556522,0.010951671850283801,0.0,0.0,0.0,0.0,0.0,0.0,0.0,0.0,0.0,0.0,0.0,0.0001647695963071463,0.00029220120643648153,0.0,0.0,0.0,0.0,0.0017457606177800555,0.00012407538665267683,0.0,3.261829691376373e-05,0.0003640453652336781,0.0,0.0
TF13_BL,0.0,0.0,0.0,0.0,0.0,0.0,0.0,0.0,0.0,0.0,7.144772379289842e-06,0.0,0.0,0.0,0.0041069172317926474,0.01357231167987583,0.0,0.014624226310460987,0.0,0.09913310435358547,0.00586075471455461,0.0,0.00021015837612796832,0.009192770347724841,0.00038265359499939453,0.008867172863582929,0.00888646374900701,0.0,0.049939407226814815,0.0,0.021491373248726995,0.005185675792888557,1.0206817684699774e-05,0.0,0.024471457808128788,0.020932039639605448,0.0,0.0,0.0,0.00011594944889818942,0.11983416370898615,3.531558918906122e-05,0.006534710886275336,0.00460796991193456,0.044263293844176425,0.028774652143998214,0.0334854047100177,0.002988045877195859,0.0048206799924837025,4.388931604420903e-05,0.0019389891555624162,0.0,0.002214675301226157,0.0,0.0,5.736231538801273e-05,0.0,0.0,8.522692766724311e-05,7.471390545200234e-05,0.00023149062508898984,0.00015187744714833265,0.0019550138593273847,0.00013830237962768192,0.0019660372224268707,0.0016109420351761651,0.0008203219373193207,0.0,0.0,0.0,0.0014940739726863527,0.0,0.007705637011064094,0.0,0.0,0.0,0.0,0.0027573717975216436,0.03179617638319989,0.00027323650941941295,0.0,0.0,0.009743632298168098,2.5517044211749435e-05,0.015867008431750033,0.0037040541377775476,0.015434749702802997,6.552776953577255e-05,0.0,0.0,0.0,0.0051295382956227185,0.0,0.0040877284145454116,0.07127594305126492,0.0,0.0,0.0,0.004070683029011963,0.0,0.0061752267674202105,0.02976073280051706,0.0,0.0,0.0,0.0012946327551273194,0.00016412562836997237,0.0,0.0,0.0,3.1028725761487314e-05,0.0008011331200720853,0.0,0.0,0.0,0.0,0.02198926181538665,0.0004693094771424956,0.0,0.0,0.0,0.0007947028249307243,0.0,0.0,0.0,0.0,0.0,0.015860476068431724,0.0,0.01837543594594185,0.0020084975839952217,0.027190451971155858,0.0,0.0,0.0,0.025601760798532443,0.0,0.001840799569435604,0.0,0.0,0.006745787875994927,0.0001676980145596173,0.07426878613277259,0.0011540848756090036,0.014142974856627395,0.016883709541322976,4.8992724886558915e-06,0.0,0.0,0.0,0.0,0.0,0.0,0.0,0.011361719105723554,0.002059123399711332,0.0,0.0,0.0,0.0,0.0,0.0,0.0,0.0,0.0,0.0,0.00027456339571842387,0.0007630616901081551,0.0,0.0,0.001037625085826579,0.0,0.0,0.0,0.0016612616463617248,0.0,0.0,2.1434317137869522e-05,0.0
TF16_BL,0.0,0.0,0.0,0.0,0.0,0.0,0.0,0.0,0.0,0.0,0.0,0.0,0.0,0.0,0.0003535185514296664,0.0006648576362080678,0.002426280255548901,0.00435146440128877,0.0,0.01969416953333629,0.0,0.0,0.0,0.0017398777119146472,0.0,0.000525574361438782,0.007714796405176563,0.0,0.0,0.0,0.0,0.0,5.209214706331278e-05,0.0,0.0,0.0007717729749380128,0.0,0.000666374883209912,0.0,0.0008061639069798115,0.04564293695727442,0.02155664080299994,0.009121183226085884,0.0004442499221399413,0.010822725163753938,0.0,0.002059308780702873,0.0,0.0,0.0,4.389901325335485e-05,0.0,0.00011561422154051649,0.0,0.0,0.0,0.0,0.0,0.0,0.0,0.0,0.0,0.0,0.0,0.0,0.0,0.0,0.0,0.0,0.0,0.0,0.00018571103302571316,0.011357099557803417,0.001762636416942308,0.0,0.0,0.0,0.0005952665737234869,0.11010175973341765,0.0,0.0,0.0,0.022595449250262505,0.0005957723227241016,0.00010691533872994488,0.003088609146753895,0.10209403350708507,0.0,0.0004062175972937168,0.0,0.0,0.006700466209543746,0.0,0.026038588446447297,0.2623201720922239,0.0,0.0,0.0,0.0012830852145594514,0.0,0.00015698448979079894,0.025779341508732206,0.0,0.0,0.0,0.002470988467203239,1.547591941880943e-05,0.0011665606448178374,0.0,0.0,0.0,0.0,0.0,0.0,0.0,0.0,0.0,0.0,0.0,0.0,0.0,0.0,0.0,0.0,0.0,0.0,0.0,0.0,0.0,0.0011283260203713672,2.225295602704624e-06,0.021578286860226246,0.0,0.010465565219519846,0.0044824533924479725,0.002812874791618768,0.0,0.03979040952216126,0.0,0.0,0.03412986440768143,5.6340438668476156e-05,0.13358712492516178,3.135643803811061e-05,0.0015463781442794577,0.009652725425731921,0.0,0.0,0.0,0.002404735348122715,0.0,0.0,0.00020452489584857852,0.0,0.02077262870224705,0.0,0.0,0.0,0.0,0.0,0.0,0.0,0.0,0.0,0.0,0.0,0.0001296740437576058,4.683235745691994e-05,0.0,0.0,0.0,0.0,0.0,4.7034657057165916e-05,0.0008213363769982512,0.0004619511371614553,0.0009822657089938456,0.0064704515640641854,0.0
TF19_BL,0.0,0.0,0.0,0.0,0.0,0.0,0.0,0.0,0.0,0.0,0.0,0.0,0.0,0.0,0.00016287822309108392,0.00028584122731355215,0.0,0.013188008422613902,0.00011552288785904728,0.08994366725949644,0.0033457398949395265,0.0,0.0,0.0021496909184632635,0.0,0.00031218326092457947,0.0347256371630193,0.0,0.0,0.0,0.0,0.0,0.00011682993532829672,0.0,0.0,0.0016055570028034169,0.0,0.0,0.26126612079672407,0.0024690126694122054,0.13489534219558447,0.05216657696634487,0.010769668978163265,0.024372614701207357,0.0,0.0,0.0026304833029210215,0.00017011725522846647,0.000662371440570412,0.0,0.00019424736235307166,0.0,0.0006989687697093966,0.0,0.0,0.0,0.0,0.0,4.725479311901847e-06,0.0,0.0006248692324142548,0.0,5.559978849961109e-05,0.0,0.0,0.0010257306370217583,0.0,0.005858086215063002,0.0,1.5584027517974175e-05,0.00045827095114145996,0.00034103884736108646,0.0007630140957026195,0.0,0.0,0.0,0.0,0.0009396665882773331,0.0029396503004550253,0.0,0.0,0.0,0.0011084767960365502,0.0004660126938439374,0.0015459355297830382,0.0002951916438243366,0.08206548890965201,0.0,9.782747596767014e-05,0.0,0.0002869471905567632,0.002031654477778736,0.0,0.0032837054112066872,0.05623179622204971,0.0,0.013994557253253829,0.0,0.0003820600294729143,0.0005026100229829219,0.0004945666539413868,0.0038331680588565512,0.0,0.0,0.0,0.0005779160656342939,0.00017363622918413807,0.0,0.0,1.8700833021569012e-05,0.0,3.2173476166140234e-05,0.0,0.0,0.0,0.0,0.0,0.0,0.0,0.0,0.0,5.6504667516783784e-05,0.0,0.0,0.0,0.0003467697478031802,0.0,0.0015793155113054088,0.0,0.00935232681093187,0.014720471309252369,0.007351438219737005,0.0,0.021459105350137418,0.0,0.00014367467950441998,0.0,0.008904713323770444,0.0,9.068898594330777e-05,0.0,0.0,7.309411616494985e-05,0.023321145283252687,0.0037641961693253884,0.017074966511935716,0.0,0.0,0.0,0.05768553463419415,0.011676357753370404,0.0,0.0,0.0,0.003759872858465563,0.000382462197924992,0.0,0.0004868249112389084,0.0,0.0,0.0,0.0,0.0,0.0,0.0,0.0,0.0,0.000507436044407843,0.0,0.0,0.0,0.0,0.0,0.00034184318426524,0.0,0.0,0.0,0.0002255159595020382,0.0
TF20_BL,0.03501569520716045,0.0,0.0,0.0,0.0,0.0,0.0,0.0,0.0,0.0,0.0,0.0,0.0,0.0,0.0,0.00011064867478233716,0.00018789784217667152,0.015845914753597083,0.006709407790875644,0.06959586493608041,0.01600912154890103,0.0,4.251777780987955e-05,0.0,0.0,0.0,0.007665494302976358,0.0,0.0,0.000631721971025825,0.0,0.0011445990691372877,0.0,0.0,0.005016278161752585,0.01618523735626302,0.0,0.0,0.002677390572302608,0.005097932785642884,0.09848121375039277,0.05316679068538965,0.0017983483226429297,0.0456975953276753,0.0002637126748979025,0.0017306272355770633,3.53461044443577e-05,0.0,0.001803675851428746,0.0,0.0003361465758896743,0.0,0.000147019303993198,0.0010902992565126222,0.005091990541997166,1.3421274441190895e-05,0.0,0.0,0.0,0.0,0.0,0.0,0.0,0.0,0.0,0.0005365436202176849,0.0,0.001180764793394848,0.0,0.0,0.0004599091676832514,0.0003416790096287911,0.00035448556921008014,0.02249405596343594,0.0,0.0,0.0,0.0017289879959506685,0.011374069052764358,0.0,0.0,0.0,0.0012232825712047274,0.00088938994980136,0.00010542359847317123,0.0010201193100071583,0.10323152528276115,0.0036354236814596674,0.0,0.0,0.0,0.0,0.0,0.0003223154915418821,0.13412965545334557,0.0,0.009916887477366968,0.0,0.001965243407106288,0.0001226356145504237,0.0,0.0018885065020952045,0.0,0.0,0.0,0.0011105848468893839,0.0,0.0,0.0015717234442924291,0.0,0.0,0.0,0.0002949606802762488,0.0,0.0,0.0,0.0017669978647879342,4.046872827687331e-05,0.0051221115701323575,0.0,0.0,6.075431865363512e-05,0.0,0.0,0.0027329198146470676,0.00026442984223445573,0.0,0.004816905642191078,0.0,0.02205709615052236,0.003090069148250066,0.009965347498822566,0.0,0.03470772306234961,0.005513992293319801,0.0007159379068323815,0.0,0.0,0.11566024013016382,0.05501728731864759,0.0,0.0,0.010817239842169911,0.0019068454954156103,0.0004019210658991747,0.003651406267817126,0.0,0.0,0.0,0.003165371718588045,0.017552773014591388,0.001463123819043098,0.0,0.0,0.006538312154869623,0.0012518668121901644,0.0,0.0002094128622732381,0.0,0.0,0.0,0.0,0.0,0.0,0.0,0.0,1.9363518086909e-05,0.0,0.0,0.0,0.0,0.0,0.0,0.0,0.0,0.0,0.0,0.0,0.0
TF21_BL,0.0,0.0,0.0,0.0,0.0,0.0,0.0,0.0,0.0,0.0,0.0,0.0,0.0,0.0,0.0002915000032815211,0.0016108732429350044,0.0,0.0,0.0,0.11051656688319669,0.0,0.0,0.0,0.0012558631939090955,0.0,0.00011732698434815638,0.0,0.0,0.02288370947132686,0.17997444452690342,0.0,0.0,0.0007680777710296261,0.0,0.0,0.08766042218530093,0.0,0.0,0.08600825226715225,0.010461689760999293,0.033046023579492864,0.11062309009187668,0.0,0.0,0.0,0.0,0.0012204227709261327,0.0,0.0011833668300863967,0.0,6.50245937351228e-05,0.0,0.00015266643746507093,0.0,0.0,0.0,0.0,0.0,0.0,0.0003437014240285063,0.0002736283369909671,0.0,0.0,0.0,0.0009022667230078521,0.004260827377373356,0.0,0.0,0.0,0.0,0.0,0.0,0.001518485815500785,0.0,0.0,0.0,0.0,0.000663472989803559,0.02769482261866361,0.0002126425378977774,0.0,0.0,0.0009694116839299909,0.0021673181747273464,0.00014973831134966944,0.001231933335655642,0.06478075150861609,0.0,0.0,0.0,0.0,0.0001650857309890152,0.0,0.0002779700412310442,0.11044306082071352,0.0,0.0,0.0,0.01593516522961307,0.0,0.005946216381452046,0.00815170116554566,0.0,0.0,0.0,0.0010405954394940616,0.0,0.00019204468522391861,0.0,0.0,0.000636312095836559,0.00028937963609450615,0.0,0.0,0.0,0.0,0.0027631413542785264,0.0,0.0,0.0,0.0,0.000449416873781105,0.0,0.0,0.0,0.0,0.0,0.0,0.0,0.00825973892221736,0.000495055253234948,0.010539840437320697,0.0,0.015222923794508169,0.0,0.0,0.0,0.0,0.0,0.0,0.0,0.0,0.002404395420208819,2.9483200886111486e-05,0.04656851385988115,0.0006853834507360451,0.0,0.0,0.0,0.008031244115349995,0.0,0.0,0.0,0.0,0.004213674449928797,0.002069175464928372,0.0,0.0,0.0,0.0,0.0,0.0,0.0,0.0,0.0,0.0,0.0,0.0,0.0,0.0,1.1409594863460889e-05,0.0,0.0,0.0,0.0,2.776671316328992e-05,0.000219003639458822,0.0019239807975508776,0.0
TF22_BL,0.0,0.0,0.0,0.0,0.0,0.0,0.0,0.0,0.0,0.0,0.0,0.0,0.0,0.0,0.0,0.032269595204671334,0.0,0.0,0.0,0.03340759742205415,0.0013606439143180825,0.0,0.000309971848573533,0.010086833273189214,0.00011041743310585594,0.0,0.0019961464315846104,0.0,0.01178113859445637,0.0,0.0,0.00021290488692502052,0.0,0.0014424531943010583,0.0,0.01594959745317175,0.0,0.0,0.037884723196042726,0.007910907184611442,0.036066850729181754,0.03425269230325252,0.0010549883835841423,0.002454278399489275,0.0,0.0,0.0,0.0,0.0,0.0,0.0010636210192633273,0.0,1.756640981229542e-05,0.0,0.0,0.0,0.0,0.0,0.0013097515156047469,0.0,0.0005617235960548868,0.0,3.412902477817396e-05,0.0,0.0,0.016674839229707947,0.0,0.029564267714093196,0.0,0.000135512304266279,0.0,0.001850997696792729,0.014937571489014253,0.0,0.0,0.0,0.0,0.00302302855946907,0.011006811249930387,0.0012408911891405488,0.0,0.0,0.0019425437867859488,0.008103836554092768,0.0010806855316524144,0.0009365405917069493,0.08521114071748254,0.012942830370214625,0.0,0.0,0.0,0.0,0.0,0.003308909331728598,0.266963053824985,0.0,5.119353716726095e-06,0.0,0.005090243666180005,0.0,0.0027813147604518946,0.013152523113631112,0.0,0.0,0.0,0.007169002413624725,0.00017355612894547878,0.0003156934791981092,0.0,0.0,6.795691110242287e-05,0.0,0.0,0.0003155930997134675,6.886032646419806e-05,0.00024231607592503515,0.0016342783894513243,0.0012166997333419019,0.0,0.0,0.0,0.0024507651175268157,0.0,0.0,0.0,0.0,0.0,0.0,0.0,0.0020867891062160545,0.015374623765144164,0.008033671294328226,0.0,0.0,0.0,0.0,0.0,0.00510238958382165,0.0,0.0,0.0,0.0,0.0,0.003012689472550986,0.15639665756391977,0.014868711162550055,0.0,0.0,0.0,0.0,0.05487806653051875,0.0,0.0,0.0,0.0026805337578716397,0.010338685400155211,0.0,0.0,0.0,0.0,0.0,0.0,0.0,0.0,0.0,0.0,0.00016673032398984398,0.0004051316000138533,0.0,0.0,0.0,0.0,0.0,0.0,0.0,0.00010329048969629708,0.0006808740443245705,0.0006818778391709875,4.3363937365209275e-05
TF23_BL,0.0,0.0,0.0,0.0,0.0,0.0,0.0,0.0,0.0,0.0,0.0,0.0,0.0,0.0,0.0,0.000640229403706517,0.0,0.0,0.0,0.020144749574718283,0.0,0.0,0.0,0.0009646028377352067,0.0,0.0,0.0,0.0,0.0,0.0,0.0,0.0,0.0,0.0,0.0,0.006482855054050413,0.0,0.0,0.009417239821038615,0.0023402916285155256,0.0011181537922827047,0.041099249753348444,0.0,0.0,0.0010747383837165015,0.00014645306758844567,0.0012657898410309923,2.614388363250928e-05,7.547419799792273e-05,0.0,0.0,0.0,0.0008247744646418765,0.0,0.0,0.0,0.0,0.0,0.0,0.0,0.0,0.0,0.0,0.0,0.0,0.0,0.0,0.0017249048291656916,0.0,0.0,0.0,0.0,0.0001450334901966352,0.0,0.0,0.0,0.0,7.06239752425702e-05,9.984360989066881e-05,0.0,0.0,0.0,0.002611785804699276,0.004093942899865367,0.0,0.0,0.01791234582798035,0.0,0.0,0.0,0.0,0.0,0.0,0.00022038939007857372,0.15872460435195118,0.0,0.0,0.0,0.0020171011756466776,0.0,0.0013639772772978823,0.0015948951996990503,0.0,0.0,0.0,0.005382800873513291,0.0,0.0002601375570492654,0.0,0.0,0.0,0.0,0.0,0.022058931389458705,0.0038540343206494116,0.013180894381075975,0.0,0.0,0.0,0.0,0.0,0.0,0.0,0.0,0.0,0.0,0.0,0.0,0.0,0.0020698621353756213,0.0,0.0038084895459954923,0.0,0.011023491639872148,0.0,0.0,0.0,0.0,0.0,0.6469247221768749,0.0,0.0,0.0,0.0,0.0,0.014433671429348822,0.0,0.0,0.0,0.0,0.0,0.0,0.0,0.0,0.00028403377647807595,6.269800147162859e-06,0.0,0.0,0.0,0.0,0.0,0.0,0.0,0.0,0.0,0.0,0.0,1.951918913739381e-05,0.0,0.0,0.0,0.0,6.601034871918634e-05,0.0,0.0,0.0,0.0,0.00042693790058699545,0.0
TF28_BL,0.0,0.0,0.0,0.0,0.0,0.0,0.0,0.0,0.0,0.0,0.0,0.0,0.0,0.0,7.639554085104634e-05,0.00039031176325716397,0.0,0.0,0.0,0.0013235126776530222,0.0,0.0,0.0,0.00013761882044216456,0.0,3.290884836660447e-05,0.0,0.0,0.0045728340662141,1.859136238892596e-05,0.0,0.0,0.0,0.0,0.0,0.000995172122358945,0.0,0.0,0.0,0.0001949956112631602,0.0038231961436813147,0.009528607458875961,0.00166991036078462,0.0,0.350662477555471,0.006711802363133116,0.002155850108743443,1.8163974747801228e-05,0.0,0.0,7.960094815948185e-05,0.0,5.203444530693645e-05,0.0,0.0,0.0,0.0023480677003392928,0.0,0.0,0.0,0.0,0.0,0.0,0.0,0.0,0.0,0.0,0.0014347403112557344,0.0,2.3399473351579227e-05,0.0,0.00026594195968986616,0.005858202396896728,0.0,0.0,0.0,0.0,0.0003586850778139336,0.033929984288161845,0.0,0.0,0.0,0.0005557107803724363,0.00016935235279567614,4.3593539394722946e-05,0.0,0.2940507106120886,0.0,0.0,0.0,0.0,0.0,0.0,0.00851121117917853,0.061039396058524334,0.0,0.0,0.0,0.0005017530906804386,0.0,0.0004405298110893203,0.0006284735262739224,0.0,0.0,0.0,0.0007663060405366494,0.0,0.001215704145179308,0.0,0.0,0.0,0.0,0.0,0.0,0.0,0.0,0.0031173654543638148,2.607064610860882e-05,0.022981488238559132,0.0,0.0,0.0,0.0043478144731619265,0.0007723963144226768,0.0017717354662825774,0.0,0.0,0.0,0.00038400779555057416,0.0,0.0,0.0011326840958908282,0.0,0.0035616349073129766,0.0,1.4317485977678615e-05,0.0,0.0,0.0,0.15066685827879245,0.0,0.0,0.0,0.00023228518295129332,0.00011080024596158748,0.013498504410373233,0.0,0.0,0.0,0.0,0.0,0.0,0.00012725467014488976,0.0,0.00031904487409961446,0.0,0.0,0.0019005928400816954,0.0,0.0,0.0,0.0,0.0,0.0,0.0,0.0,0.00017875488090041922,1.0257303386993633e-05,0.0,0.0,0.0,0.0,0.0001094112361279321,0.0,0.0,0.0,0.0,0.00013430656622344787,1.6668118003864655e-05
TF29_BL,0.23869916678981395,0.0,0.0,0.0,0.0,0.0,0.0,0.0,0.0,0.0,0.0,0.0,0.0,0.0,0.0,0.0019060433021659568,0.0,0.0,0.0,0.070947638509877,0.0,0.0,0.0,0.001921308610036474,0.0002766837051531228,0.0,0.03942435372092941,0.0,0.0,0.0,0.0,0.0,0.0,0.0,0.0,0.04846523230724306,0.0,0.0,0.0,0.0,0.04120117195160803,0.20932468610180652,0.03272765397448193,0.0,0.0030679028456442044,0.0018675620052423618,0.001563421947738795,0.0,0.00025367973426491296,0.0,0.0,0.0,0.0009840823122361834,0.0,0.0,0.0,0.0,0.0,0.0,0.0,0.0012971271326642185,0.000114913845358615,0.0011695982064959401,0.0,0.0,0.0003869331508846353,0.00021890875522651286,0.0015002405346080435,0.0,0.0,0.0,0.0,0.0,0.0,0.0,0.0,0.0,0.00030869844804823506,0.0,0.0,0.0,5.077835048595625e-05,0.00046431978106156133,0.018482577513311036,0.0,0.0,0.020025327689975173,0.0,0.0,0.0,0.0,0.0,0.0,0.0,0.01769376393091855,0.0,0.0,0.0,0.0,0.0,0.04190539028621807,0.0,0.0,0.0,0.0,0.0,0.0,0.00045043259126268916,0.0,0.0,0.0019503550986234301,0.0,0.0,0.0003797245332791133,6.795182184028802e-05,0.0,0.0,0.0,0.03336529860532332,0.0,0.0,0.0,0.0,0.0,0.0,0.0,0.0,0.0,0.0,0.0,0.0,0.009770009055295825,0.0,0.0,0.0,0.0025429458694303103,0.0,0.0,0.0,8.639740218382942e-05,0.012815119948216581,0.0,0.0,0.0,0.12297753222305079,0.01321297203459204,0.0,0.0,0.0,0.0,0.0,0.0,0.0004969705784512784,0.0,0.0,0.002082866451666114,0.0,0.0001830776853637713,0.0,0.0,0.0,0.0,0.0,0.0,0.0,0.0,4.473583278720979e-05,7.102608523087826e-06,0.0,0.0,0.0,0.0,0.0,0.0,0.0009980755111174907,0.0008301571245418025,3.413492454379522e-05,0.001454974656408663,0.0
TF30_BL,0.0,0.0,0.0,0.0,0.0,0.0,0.0,0.0,0.0,0.0,0.0,0.0,0.0,0.0,0.0007261301992957672,0.0015480149332956872,0.036989024224192764,0.0063487763172064005,0.0003985594507319358,0.031407487382961397,0.0,0.0,0.00030481024659750563,0.0038875338424600287,0.0,0.0007290379286218629,0.004323091642203306,0.0,0.031145490944027424,0.0,0.0,0.0,0.006727482995298103,0.0,0.0,0.011819618910989196,0.0,0.0,0.0,0.0,0.03966363387155739,0.00862231985062694,0.0006282700674934102,0.009049856328091336,0.004917972955710873,0.003792280640398308,0.005668969254071174,0.0,2.8676227147002174e-05,0.0,0.003334764470916592,0.0,0.0004150031614036433,0.0,4.0206877922894655e-05,0.0,0.0,0.0,0.0,0.0,3.0079958545806474e-05,0.0,3.709861553982799e-06,0.0,0.0,0.0,0.0,0.022678483946025334,5.614925595217208e-06,0.00012322756350932054,0.0,0.0010740550531422631,0.005257174621579083,0.031998658834914984,0.0,0.0,0.05072142769910969,0.003177847353835968,0.013613487372132608,0.0,0.0,0.0,6.046071667707091e-05,0.0038111307477536804,0.0008830473163763921,0.0010705457246452524,0.019541645602340146,0.00012392942920872268,0.0,0.0,0.0,0.0,0.0,0.0027918212191647847,0.33333396835468054,0.0,2.657063004879572e-05,0.0,0.005682304702359815,0.0,4.4919404761737664e-05,0.01140190855331633,0.0,0.0,0.0,0.0005553763012840735,0.0001820840157306152,0.0,0.0,3.509328497010755e-06,0.0,0.0,0.0,0.0,0.0,0.0,0.0003214544903261852,2.3662900722701094e-05,0.000362463500476968,0.0,0.0,0.0,0.0,0.0,0.0,0.0,0.0,0.0015362837494628228,0.0,0.0005828493300892435,0.014824807302772134,0.000761925349965278,0.0,0.0,0.0,0.008075666737321149,0.0,0.0,0.0,0.0,0.0005271011402510155,1.2332783003780554e-05,0.09922365632323837,0.0016932008665434465,0.0025942961580473225,0.009640827246987949,0.0,0.0,0.0,0.042818018857727624,0.08923590688768888,0.0,5.825485305037854e-05,0.0,0.00093398271284729,0.004801764049195573,0.0,0.0,0.0,0.0,0.0,1.3134915231668827e-05,0.0,0.00033027794483295506,0.0,0.0,0.00019180986899375928,0.0006237580737115402,0.0,0.0,0.0,0.0,0.0,0.0,7.419723107965596e-05,0.0,0.0,0.0,1.4839446215931195e-05
TF34_BL,2.1626513944402294e-05,0.0,0.0,0.0,0.0,0.0,0.0,0.0,0.0,0.0,0.0,0.0,0.0,0.0,0.0008476784998394694,0.011310969968351526,0.0,0.005047163485632168,0.0,0.04262919391413732,0.006694214533603516,0.0,0.0,0.006538887655414037,0.0,0.0019594227984486732,0.00753754751895882,0.0,0.0,0.0,0.0,0.0,0.0,0.0,0.00021080798171973453,0.022165054565008464,0.0,0.0,0.003177682731157877,0.005092235566095735,0.01587941945139195,0.025712207085795944,0.0,0.007003857705218696,0.08266623790923763,0.0,0.004860609538242603,0.00028902724243453536,0.0,0.0,0.006652376324383972,0.0,0.00034956126978358666,0.0,0.0,0.0,0.0,3.516834977874766e-05,0.0,0.0,0.0,0.0,0.0005101431887445924,0.0,0.0,0.0,0.0,0.017298179401230566,0.0,2.0312753751518044e-05,0.0,0.0017099094202770412,0.007421936621985006,0.0,0.0,0.0,0.0,0.0027388868267345374,0.014694811991315858,0.0,0.0,0.0,0.0,0.004859801070431598,0.009938797976122115,0.0015710550737368133,0.14889683051311142,0.0,0.007532494595140045,0.008508517359976668,0.0009888571913363386,0.00046719333628491503,0.0,0.008293262805296402,0.10539580512328084,0.0,0.0008834532004764713,0.0,0.0016587738312309312,0.0,0.00013258872100493368,0.037459648613614165,0.0,0.0,0.0,0.004386342108611379,0.001215127119941557,0.0004211106710575905,0.0006132228346478184,0.0,0.0,0.0,3.345035568036056e-05,0.0,0.0,0.0,0.0011241744912034164,0.0,0.0,9.721825427343461e-05,0.0,0.00015098136370531322,0.0,0.0,0.0,0.0,0.0,0.003006893906082925,0.0,0.002648237373425524,0.014191237603535686,0.007230531867729418,0.0,0.014848016641501335,0.0,0.0,0.0,0.0005943248995655603,0.0,0.011264382010742325,0.0,0.0,0.0,0.019635156667418895,0.01732516201442278,0.020818046133396603,0.0,0.0,0.0,0.05379878307403923,0.17181012203720464,0.0,0.0,0.0,0.006121415089505982,0.0008120048576788432,0.0,0.0,0.0,0.0,0.0,0.0,0.0,0.0,0.0,0.0,0.00013198237014667942,0.0039854431328289405,0.0,0.00013541835834345362,0.005759423627128183,0.0,0.0,0.0,0.0,4.082762445578751e-05,9.479285084041743e-05,2.061592918064518e-05,5.659274677039853e-06
TF35_BL,0.0,0.0,0.0,0.0,0.0,0.0,3.873273303268597e-05,0.0,0.0,0.0,9.888356650205101e-05,0.0,0.0,0.0,0.00017374683344894792,0.0034515168769126835,0.00031286440170588204,0.0,0.0,0.002243596063032872,2.081759294780011e-05,0.0,0.0,0.005015738800860603,0.0,0.00028093742021382303,0.00012350437354608393,0.0,0.0003689117673345739,0.0,1.921623964412327e-05,0.0,0.0,0.0,0.0,0.0003138652475206801,0.0,0.0,0.0009611122359506031,0.0,0.006154801422682317,0.002121693042790465,0.0,0.0005726839752274655,0.041641090885907735,0.06988515994867271,0.02837938341692568,0.01579124518130274,0.0,0.0,0.015059226552359419,0.0,0.009217789954290382,0.0,0.0,0.0,0.0040227996679994315,0.0,0.0,0.0,0.0,0.0,1.9016070481163656e-05,0.0,0.0,0.0,0.0,0.02757670507345761,0.0,0.00030876093386520884,0.0,0.0055283720272001945,0.017910936532463607,0.0,0.0,0.0,0.0,0.017539722819754997,0.05140374130177419,0.0,0.0,0.0,0.0014771483380604969,0.0002367000351997476,0.013856309967553597,0.0018853933459166364,0.16610637649877832,0.0,0.0,0.009400444315491033,5.204398236950043e-06,0.0,0.0,0.00970019763702306,0.1620484471426805,0.0,6.215252509896122e-05,0.0,0.00010779109425375398,0.0,4.103467840672157e-06,0.059408406043947815,0.0,0.0,0.0,0.014123635884686165,0.0,0.0,0.032588540575640514,0.0,0.0,0.00032597548187973695,0.0,0.0,0.0,0.0,0.0002979517990653906,0.0,0.0,3.7531718054928265e-05,0.0,0.0,0.0,0.0,0.0,0.005506753757600545,0.0,0.0,0.00039032986777125397,0.0,0.00013821680702361583,3.973357884748396e-05,0.0,0.0004291626853854198,0.0,0.0,0.0,0.0,0.0,0.0,0.0,0.0,0.12882597082794686,0.0005592726413091711,0.002979818244398345,0.011498717566215223,1.5012687221971307e-05,0.0,0.0,0.001294493976859846,0.029957016674791902,0.0,0.0,0.0,0.01420020058951822,0.00046439245806631144,0.0,0.003598741296269482,0.00020317170040401068,0.0,0.0,0.0,0.0,0.0,0.0,0.0,0.00020617423784840595,0.0008515196192302125,0.0,0.0,0.0005307485355874257,0.0,0.0,0.0,0.0,0.0,0.0,3.743163347344846e-05,4.423738501407545e-05
TF36_BL,0.0,0.0,0.0,0.0,0.0,0.0,0.0,0.0,0.0,0.0,0.0,0.0,0.0,0.0,0.0,0.0021460701635794464,0.0,0.000137392456055023,0.0,0.0,0.010448369158089117,0.0,0.0,0.0036161694433681927,0.0005786185149288684,0.0,0.015536077230785575,0.0,0.012347394600685844,0.0,0.0,0.0,0.020791011549994964,0.031434216295765934,0.0,0.20469866497713213,0.0,0.0,0.0,0.007611280365531979,0.0,0.21411606731497598,0.0011559285302762603,0.0,0.0,0.0,0.0,0.0,0.001003619178992406,0.0,0.0017935603763297014,0.0,0.00025149361955976594,0.0,0.007064065840558544,0.0,0.0,0.0,0.0,0.0005159413849761483,0.0005014170396217602,0.0,0.0008000166441146768,0.0,0.0,0.005674700984946893,0.0009686822401669846,0.0020599708911182985,0.0,0.0,0.0,0.0006533338410311713,0.00508234322441251,0.0,0.0,0.0,0.0,0.0010181435243467943,0.0028883819761510265,0.0003854839767029503,0.0,1.0729696568106557e-05,0.0021106098249214487,0.005802017994224548,0.00033903224156053776,0.00023435227504242493,0.00023893202357759237,0.00014171050467389384,0.0,0.0,0.0,0.0003913722248195941,0.0,0.0,0.052138474323509015,0.0,0.0,0.0,0.0013040506828993898,0.0,0.00472787068779055,0.0038670088131372332,0.0,0.0,0.0,0.0006846069810284575,9.3296020159268e-05,0.0003241153463317067,0.0,0.00011305436383956178,0.0,0.0004231687646494709,0.0002894401074225818,0.0,0.0,0.0,0.013248950812322958,0.0,0.0,0.0,0.0,0.0010470613650974217,0.0,0.0,0.0,0.0,0.0,0.006282760740458981,0.0,0.026473301832514423,0.020765364958197897,0.015388085928120725,0.0,0.01907674624830272,0.009180825613512932,0.0055694976185961895,0.0,0.0,0.033580024759429096,0.0,0.0003933349741918087,0.0,0.10403526877431934,0.0004202900655702228,0.10115670054502938,0.0016120714843789366,0.0,0.0,0.0,0.0048231294573220455,0.0,0.0,0.0013860936066579608,0.0,0.0007709679534059006,0.004135774627172488,0.0,0.0,0.0,0.0,0.0,0.0,0.0,0.0,0.0,0.0,0.000522614732841678,0.0007835295493880741,0.0,0.0,0.0,0.0,0.0,0.0,0.0003391630915186854,0.0,0.0001127926639232665,0.00038339037737258804,0.0
TF38_BL,0.0,0.0,0.0,0.0,0.0,0.0,0.0,0.0,0.0,0.0,0.0,0.0,1.7611316424647712e-05,0.0,0.0006044527683218169,0.00528946779512695,0.02128378197149781,0.0021868396705226347,0.0,0.006800093643620439,0.000776820997466501,0.0,0.00590252379273666,0.0008043513311877895,2.4696328779391043e-05,0.0008946346314796616,0.0004410926263138778,0.00015667998750203827,0.00011923063648410923,0.0,0.0002920037234776359,0.0005606269061846188,0.0,0.0,0.0,0.00011953427987074108,0.007115579122330929,0.0,0.004449286544316592,0.0,0.006901308105831058,0.001359209013026403,0.0002005058496392363,0.0009021245016832475,0.09205131451776727,0.0,0.020695118659280854,0.00012520228975453575,0.0,0.0,0.0009525293038641347,0.0,0.0023647746950888927,0.0,0.0,0.00023046533045357852,0.0,0.0,0.0,0.0,0.0,0.0,0.0002392709886659034,0.0,0.0,0.0032766157851443697,0.0,0.02278094629651729,2.5303615552654758e-05,0.00011993913771958354,0.0,0.0033030327597813416,0.038762811094036245,0.1013781259960136,0.00013643709505991444,0.0,0.0,0.01775949439732406,0.007728432691016237,0.0,0.0,0.0,0.002616697491531134,0.0016943300974057625,0.001713864488612412,0.002708600223218376,0.0026952399142065745,0.0007696347706495461,0.0,0.0,0.0,0.0,0.0,0.010665170312057349,0.2587691450950815,0.0,0.0,0.0,0.0018551598778584362,0.0,0.00013906867107739055,0.16669424760761914,0.0,0.0,0.0,0.011185716291206562,9.109301598955713e-06,0.0,0.0,0.0,0.0,0.0003357283711526233,0.0,0.0,0.0,0.0,0.00035202389956853297,0.0,0.0,4.848172739888652e-05,0.0,0.0,0.0,0.0,0.0,0.0,0.0,0.00045455414978788904,0.0,0.000146659755743187,0.0016356257093236037,0.00034331945581841976,0.0,0.0022091068522089707,0.0,0.0,0.0,0.0005806673697023214,0.0,0.0,0.0,0.0,0.005951309163522189,0.0031533365701718256,0.010004644731670849,0.0013118406447118333,3.13764832852919e-06,0.0,3.0161909738764472e-05,0.019572751487827198,0.09181173988571464,0.0,8.704443750113227e-06,0.0,0.0044107238342143565,0.010304138325351968,0.0,0.0009874482933267992,0.0,0.0,0.0,0.0,0.0,6.072867732637132e-06,0.0,0.0,0.00043674040443882116,0.0008644727217408972,0.0,0.0,0.0041982746780342564,0.0,0.0,0.00016224678292362231,0.0,0.0,0.0,0.0,2.783397710792013e-05
TF39_BL,0.0405255680482126,0.0,0.0,0.0,0.0,0.0,0.0,0.0,0.0,0.0,0.0,0.0,0.0,0.0,0.00012708563669369455,0.0014089511042020884,0.03353094134436724,0.012072280410128543,0.0,0.05942146000767859,0.01495409953252997,0.0,0.001715281999714405,7.898762448834403e-05,0.0,0.00012003126157024406,0.0,0.0,0.0,0.00293718527867347,0.0,0.0,0.0,0.0,0.00026282891558435453,0.0007279901358458881,0.0,0.0,0.00881657940618408,0.00304898643593302,0.012292462421557382,0.061252177236685836,0.0,0.0,0.0,0.0018902518796703172,0.0,0.008196008164263477,0.0,0.0,0.0005417973863753937,0.0,5.440419602783101e-05,0.0,0.0,0.0,0.0,0.0,0.0,3.847840976428126e-06,4.157805943973725e-05,3.078272781142501e-05,0.00023268749460233422,9.63029088822706e-05,0.0,0.0,0.0,0.1963511565327362,7.80256642442369e-06,0.0007524666798348336,0.0,0.0005211686833628762,0.004149362070719897,0.0,0.0,0.0,0.0,0.0003658655461753733,0.004790882669067719,0.0,0.0,0.0,0.0016826822358863226,0.0007693544263424905,0.0004332027632628666,0.00044025713838631813,0.024790036144052906,0.0,0.0,0.0,0.0,0.001070661751691126,0.0,0.0,0.12293905361923647,0.0,0.0,9.96163275008615e-05,0.0007621931667474703,0.0,0.0009908190514302426,0.007513443928833743,0.0,0.0,0.0,0.0011138430782043753,0.0,9.512717969502867e-05,0.0,0.0,2.137689431348959e-06,0.0,0.001471906057955326,0.0,0.0,4.852555009162137e-05,0.0034865714625301417,0.0,0.0,0.0,0.0,0.0003544289077176574,0.0,0.0,0.0,0.0,0.0,0.0,0.0,0.02398711999363824,0.014914659162521687,0.008654008124929993,0.0,0.04092606416317582,0.0,0.0,0.0,0.0,0.0,0.12677770253110981,0.0,0.0,0.09665284864218245,0.002562875859244267,0.0037258857943696685,0.004677157591319945,0.0,0.0,0.0,0.006936374666841103,0.01876688240228408,5.6969423345449655e-05,0.0038211198585362646,0.0,0.0006543467349359154,0.004152034182509084,0.0,0.0,0.0,0.0,0.0,0.0,0.0,0.0,0.0,0.0,0.00019121631963416334,0.00044538759302155563,0.0,0.0,0.0,0.0,0.0,3.217222594180184e-05,0.0,3.516499114569038e-05,0.00020404245622225817,0.00036212458967051366,0.0020807200080035096
TF42_BL,0.0,0.0,0.0,0.0,0.0,0.0,0.0,0.0,0.0,0.0,0.0,0.0,0.0,0.0,6.373997719800297e-05,0.0020298810537765317,0.0,0.0,0.0,0.18550045474038748,0.0,0.0,0.00013634991886045294,0.005489682890519256,0.0,9.344404424173252e-05,0.07379562900527886,0.0,0.0,0.0,0.0,0.0,0.0,0.0,0.0,0.034114399025871614,0.0,0.0,0.08414852776123541,0.0,0.015329670794363075,0.24249864011068062,0.0,0.0,0.0,0.0,0.0,0.0,0.001216010244602678,0.0,0.0018050377685149678,0.0,0.00021411681660688377,0.0,0.0,0.0,8.127362788353777e-05,5.280723029996363e-05,0.0,0.00011273105999582079,0.00031859674686833523,0.0,0.0,0.0,0.0,0.0,0.0,0.007137536637594498,0.0,1.9390154875767893e-05,0.0,0.00018018404557428996,0.002385401606206169,0.0,0.0,0.0,0.0,0.0008259380864103686,0.010335880800879405,0.0,0.0,0.0,0.0017394412871267215,0.0,0.0020808317798862623,0.000832023294589466,0.11392933031149458,0.0,0.0,0.0,0.0,0.0007290904511532087,0.0,0.0025566125481943226,0.05240591597750824,0.0,0.0,0.0,0.00477585702937464,0.0,0.003788506217535662,0.02175183448398775,0.0,0.0,0.0,0.0009341310250522862,0.0,0.0,0.0003413904927595294,3.754264029138039e-05,0.0,0.0,0.0,0.0,0.0,0.0,0.0002908523231365174,4.9197361041177054e-05,0.0,0.0,0.0,0.00010520190411320879,0.0,0.0,0.0,0.0,0.0,0.0,0.0,0.0048998302536335395,0.0,0.0,0.0,0.09500175439645965,0.00899775383620806,0.0,0.0,0.0,0.0,0.0006041889747991933,0.0,0.0,0.0034225686138163926,0.0021046569169942534,6.116149915601256e-05,0.00453131417187227,2.6816171636700174e-06,0.0,0.0,0.00022278050282797154,6.539020314487684e-05,0.0,2.32063023779136e-05,0.003785515183006963,0.0014616876324435243,0.00029817520077577114,0.0,0.0,0.0,0.0,0.0,0.0,0.0,0.0,0.0,0.0,0.0,0.0,0.0,0.0,0.0,0.0,0.0,0.0,0.0,0.0,0.0,0.00028425141934902297,0.0
TF43_BL,0.0,0.0,0.0,0.0,0.0,0.0,0.0,0.0,0.0,0.0,0.0,0.0,0.0,0.0,0.0002577767070881543,0.001628870663988218,0.001284997968257372,0.013378212315979967,0.0037941541028215205,0.15198263110568233,0.00332389822186221,0.0,0.00044929426852255053,0.0002478582855936874,0.00026329830255929974,7.699558129209844e-05,0.0,0.0,0.0,0.0,0.0,0.0224558175223129,0.0009913308906067655,0.0,0.010906071321426097,0.0,0.0,0.0,0.0,0.0,0.20795494214492746,0.05671506788188129,0.022872595728616378,0.0,0.011081842110591029,0.0,0.0009039056289802792,5.1943898135970794e-05,0.0,0.0,0.0005503190152909346,0.0,0.00015634295324783336,0.0,0.0,0.0,0.0,0.0,0.0,0.0,0.0,0.0,0.0,0.0,0.0,0.0017723298944700427,0.0,0.0011699647292751532,0.0,2.3415654868380537e-05,0.0,0.0005524663024186027,0.007199546983767123,0.05921778215506244,0.0,0.0,0.0,0.00031841200550278157,0.04453064495711669,0.0,0.0,0.0,0.0007057417026269103,0.013700305385130281,0.00027290996874981507,0.002393713888509993,0.004702967816665041,8.711850632253369e-05,0.0,0.0,0.000733451931750627,2.9550760947432205e-05,0.0,0.0,0.10712365572156941,0.0,0.0,0.0,0.0028525175714550735,0.0,0.0015496255438004673,0.0472406235640018,0.0,0.0,0.0,0.001412812678237605,0.0,0.0,0.0016794852891403944,0.0,0.0,0.0,0.0,0.0,0.0,0.0,0.0,0.0,0.008928113121539941,0.0,0.0,0.0,0.0,0.0,0.0,0.0,0.0,0.0039766735086733075,0.0,0.002785951670497352,0.0026693846549953808,0.0,0.0,0.0,0.005754320495078529,0.0001904950437545543,0.0,0.0,0.0,0.0,0.0,0.0,0.008561336029780636,0.004878022843453982,0.06051719762260558,0.004676075601685198,0.0,0.0,0.0,0.017267562814794874,0.047844215750412394,0.0,0.0,0.0,0.011083887145950714,0.0014773335438356418,0.0,0.004135777259656714,0.0,0.0,0.0,0.0,0.0,0.0,0.0,0.0,0.0009787539231447095,0.0001833374199956607,0.0,0.0,0.0,0.0,0.0,0.0,0.0,0.0002405984100668096,5.74654936071173e-05,0.003196288015417925,0.0
TF46_BL,0.0,0.0,0.0,0.0,0.0,0.0,0.0,0.0,0.0,0.0,0.0,0.0,0.0,0.0,0.0001075218437533414,0.0008270371985534016,0.0,0.0,0.0,0.0,0.0,0.0,0.0004120669542725821,0.001846192104893267,0.0,3.594072803300704e-05,0.0,0.0,0.002188279758622473,0.0,0.0,0.0,0.0,0.0,0.00045761857336734034,0.007702328278405097,0.0,0.0,0.004006640324816085,0.0,0.013489886739653388,0.005558198550597533,0.0032056326228882604,0.0,0.0,0.0,0.0,0.0,0.0039616893864126874,0.0,3.493959354740796e-05,0.0,0.0021107919494371043,0.0,0.0,0.0,0.0,0.0,0.0,0.0,0.0,0.0,0.0018017417337326677,0.0,0.0,0.0006010811451536887,0.0,0.0,0.0,0.0,0.0,0.0001798037536135951,0.0010408795246773656,0.02607484801777377,0.0,0.0,0.0,3.7041975967166032e-06,0.0009459719754425725,0.0001737969467000006,0.0,0.0,0.0,0.005272574881856125,9.560834337471222e-05,0.0005869651489067417,0.021827534962619664,0.0,0.0,0.0,0.0,0.0,0.0,0.0,0.4045095902676908,0.0,0.0,0.0,0.05211425587475723,0.0,0.0033082489076621665,0.002855135439480022,0.0,0.0,0.0,0.0011519053391302937,0.00011833409619781149,0.0,0.0,0.0,0.0,0.0001942200902062219,0.0,0.0,0.0,0.0,0.0,0.0,0.0,0.0,0.0,0.0,0.0,0.0,0.0,0.0,0.0,0.0,0.0,0.0,0.0,0.0007897949956891158,0.0,0.0,0.0,0.0,0.0,0.02024934655952127,0.0,0.0,0.0,0.0,0.06388799787919677,0.002374090319149663,0.02268380528815256,0.017330839307102826,0.0,0.0,0.0,0.2626730611128533,0.03094756978608162,0.0,1.4216109695506963e-05,0.0,0.0034369948025102085,0.0046107248734265725,0.0,0.0,0.0,0.0,0.0,0.0,0.0,0.00010592002857638287,0.0,0.0,0.0001359540631443553,0.00026730290765495485,0.0,0.0,0.0010987450979449923,0.0,0.0,0.0,0.0,7.027964088905555e-05,0.0,0.000522391974585601,0.0
TF49_BL,0.0,0.0,0.0,0.0,0.0,0.0,0.0,0.0,0.0,0.0,0.0,0.0,0.0,0.0,9.279317238034692e-06,0.00022168390852183982,0.024972274215856946,0.0006554664967701869,4.313352957899643e-05,0.05497679354926348,0.0022719031655320104,0.0,0.0,0.00017987599569113406,0.00012246659343823708,5.842910744388878e-05,0.0,0.0,0.03173557086563595,0.0,0.0,0.002336348533602747,0.0141093548162104,0.0,0.0,0.01964747567901142,0.043720267945893704,0.0,0.0,0.005662830807659535,0.011895676817083978,0.06236751480306026,0.0033668625996200944,0.017701674233559016,0.007615668218929902,0.0010980185496610722,0.00011124983633731703,0.0,0.0021274109399683277,0.0,8.800055798268066e-05,0.0,8.014882801203592e-05,0.00014959075151864718,9.187543770845338e-05,0.0,0.0,0.0,0.0,0.0,2.783795171410408e-05,0.0,0.0,0.0,0.0,0.0,0.0,0.0007048202280142395,0.0,0.0,0.0,0.00038269535817960664,0.0008647100019619143,0.037780893090436904,0.0,0.0,0.0,0.0008892848970648413,0.0005587984446640672,0.0,0.0,0.0,0.0,0.004367091421464955,0.00021362823751299652,0.00026043270577956706,0.009023575176133693,0.00027888936973653717,0.0,0.0,0.0,0.0,0.0,0.0,0.0423850659688077,0.0,0.0003818795940268124,0.0,0.0007241946266431032,0.0028565001515281963,0.00012603556160671297,0.0018814580479008583,0.0,0.0,0.0,0.000569913231245889,0.0,0.0,0.00033069039343897267,0.0,0.0,0.0,9.371090705224047e-05,0.0,0.0,0.0,0.004076985294627507,0.0003182499901088602,0.0,0.0,0.0,9.289514289944622e-05,0.0,0.0,0.0,0.0011612402715026273,0.0,0.01084252529582659,0.0,0.014465639809943292,0.0019142925550508273,0.011279265029128918,0.0,0.0,0.0,0.0017362520287034803,0.0,0.0006260989872695935,0.0,0.49076453008517784,0.02102173236491255,0.0,0.022891361832597892,0.0015928814788498794,0.0,0.0015428139539721316,0.0,0.0,0.0,0.0,0.0001033981063666723,0.0,0.0,0.0,0.00027073172820859463,0.0010756870059783295,0.0,0.0,0.0,0.0,0.0,0.0,0.0,0.0,0.0,0.0,3.487391753195456e-05,0.00033385147953105037,0.0,0.0,0.0,0.0,0.0,0.0,0.001735742176107984,0.0,0.0,0.0,0.0
TM01_BL,0.10341651277239726,0.0,0.0,0.0,0.0,0.0,0.0,0.0,0.0,0.0,0.0,0.0,0.0,0.0,0.0002222927324783317,0.0017813959307341088,0.0,1.2761653434722674e-05,0.0004122995725064249,0.0,0.0025861436148485006,0.0,0.0,0.01749928092991224,0.0,5.6500311787917476e-05,0.04767317427368469,3.555811127965463e-05,0.08698866536119682,0.0,0.0,0.0,0.011454074790487902,0.0,0.0,0.009802804095203684,0.0,0.0,0.0,0.0019467520555806008,0.043315887680434255,0.30120261677158316,0.004338089576117865,0.0,0.0,0.0,0.027255619517738215,0.0,0.0004275699270436998,0.0,0.0001785540741251369,0.0,0.000654007470039292,0.0,0.0,0.0,0.0,0.0,0.0,0.0,0.0,0.0,0.0,0.0,0.0,0.0,0.0,0.006696050464595086,0.0,0.0001308887531766428,0.0,0.0,0.005453807122987753,0.0,0.0,0.0,0.0,0.0009197116389878769,0.0,0.0,0.0,0.0002990808010086288,0.006612827032366936,0.017397514924317403,0.0011401501141295285,0.0,0.11070756169414116,0.0,0.0,0.0,0.0,0.0,0.0,0.003845293420407805,0.019056093574987318,0.0,0.0,0.0,0.001130115309719319,0.0,0.017237830645441897,0.010794831770321655,0.0,0.0,0.0,0.020460093600728882,0.0,0.0,0.0,0.0,0.0,0.0,0.0,0.0,0.0,0.0,0.0,0.0,0.0,0.0,0.0,0.0,0.009809348532862514,0.00044709416605921573,0.0,0.0,0.0,0.0,0.00016164761017315387,0.0,0.0,0.015491992825987443,9.380360644326059e-06,0.0,0.0,0.0,0.0,0.0,0.0,0.0,0.0,0.0,0.02068784003125624,0.0,0.0,0.0098957351099591,0.0,0.0,0.0,0.0,0.041077471853191695,0.0,0.0032243353605456043,0.0,0.012621493394862576,0.0002900276622472444,6.653511619812676e-06,0.00043411436470253205,0.0,0.0,0.0,0.0,0.0,0.0,0.0,0.0,0.0,1.7342759795905172e-05,0.0,0.0,0.0013936379994482933,0.0,0.0,0.0,0.0,0.00020004164443830134,0.00039299348141287003,0.0006071056668176616,8.933157404305872e-05
TM02_BL,0.05005869571050256,0.0,0.0,0.0,0.0,0.0,0.0,0.0,0.0,0.0,0.0,0.0,0.0,0.0,0.0010121202254383317,0.00790531057485079,0.0,0.0037587849392798477,0.0,0.0,4.438238979398704e-05,0.0,0.00032328536202211013,0.013235030374702363,0.0,0.001258139881591819,0.0005682963274984613,0.0,0.0,0.0,0.0,0.0,0.0006606923935241252,0.0,0.0,0.008327044146961391,0.0,0.0,0.027437899454116784,0.00048245675087418084,0.004554843621675633,0.011989398257507031,0.0,0.0,0.020676948452476755,0.005095501824620567,0.006167840883483921,0.0,0.0,0.0,0.0005845362474003521,0.0,6.374925079499957e-05,0.0,0.0,0.0,0.0,0.0,0.0,0.0,0.0,0.0,9.955776983333003e-05,0.0,0.0,0.0008379193454969326,0.0,0.005707978803777589,0.0,4.337369911685087e-06,0.0,0.0029519332666387062,0.0072794180096878705,0.0,0.0,0.0,0.0,0.002667986841024903,0.07596136795401824,0.0,0.0,0.0,0.0,0.002369717007795767,0.0007982778018854851,0.003832217620575354,0.08735705087896298,6.959965672238877e-06,0.0004625855445346013,0.0,0.0,0.007103401486527616,0.0,0.018787973421404137,0.19824009702797363,0.0005278478313453049,4.024675801772906e-05,0.0,0.0047548669829517165,0.0,0.0003473930692056612,0.1080292584852573,0.0,0.0,0.0,0.001049240042356939,0.0,0.0,0.0,0.0,0.0,6.465707240442203e-05,0.0,7.232312155065616e-05,3.964154361144752e-05,0.0,0.0,0.0,0.0,0.0,0.0,0.00030290981034396155,0.0,0.0,0.0,0.0,0.0,0.00016189485368033808,0.0,0.0009347536505019952,2.1585980490711877e-05,0.0003756364081654721,0.0,0.0022692514163530145,0.0,0.0,0.0,0.0,0.0,0.0,0.0,0.0,0.1269320209057195,0.0003738207649466272,0.14132623860658666,0.009527587790888742,6.85909660452527e-06,0.0,0.0,0.011114359095091491,0.0,0.0,0.0,0.0,0.010715018456013322,0.0006764279680874469,0.0,0.0,0.0,0.0,0.0,0.0,0.0,0.0,0.0,0.0,0.0004660150928368629,0.0004903245381558432,0.0,0.0,0.0,0.0,4.196153216886038e-05,0.0,0.0,0.0003001863455156942,0.0,0.00035778258318016373,0.0
TM04_BL,0.0,0.00010598727913008085,0.0,0.0,1.2199974576124415e-05,4.378919446073228e-05,6.753557354640301e-06,0.0,1.3724971398139967e-05,0.0,0.00012624795119400175,2.407316411895978e-05,1.2635687953843144e-05,2.39642357745301e-06,0.00045423119627177507,0.006550079207245654,0.0,0.00022602631469159073,0.0,0.0018330461800626933,2.2766023985803597e-05,0.00025761553457619857,0.0,0.028957402154842198,0.0,0.0011612850799648427,0.0003331028772659684,0.0,0.000674375380364163,0.0,0.0,0.00013125865503776715,0.0,0.0,0.0,0.0002921458197604079,0.0,0.0,0.0011770796899071465,1.4487469809147742e-05,0.0019906654944524434,0.0012482098988197293,0.0,0.0,0.1779668023441816,0.017705648816978274,0.0975130896468293,0.0,0.0,0.0,0.005594559769908471,0.0,0.003447908886232733,0.0,0.0,0.0,0.0,0.0,0.0,0.0,0.0,0.0,0.0,0.0,0.0,0.0,0.0,0.04258640768153972,0.0,0.0003310332387218044,0.0,0.002821026264039901,0.01444400739972019,0.0,0.0,0.0,0.0,0.00695583729024621,0.017519599204692378,1.4051756431428904e-05,0.0,0.0,9.14998093209331e-06,0.000869792830271013,0.013733576737349911,0.0005445327938039817,0.011973294691366137,0.0,0.0,0.0,0.0,0.0,0.0,0.0005600006187129966,0.12398812376046356,0.0,0.0,0.0,0.0012214135260900274,0.0,0.0,0.03414206456466189,0.0,0.0,0.00010250157210833102,0.004131652104217848,0.0011823082504397715,0.001407136353342625,0.0,0.0,0.0,0.0019340227553490087,0.0,0.0,0.0,0.0,0.0,0.0,0.25372679268005893,0.0,0.0,0.0,0.0,0.0,0.0,0.0,4.4007051149591636e-05,0.0,0.008421794949580884,8.790517395475359e-05,0.0006306951142478603,1.4269613120288377e-05,0.0,0.0006926753422283485,0.0,0.0002535851858323003,0.0,0.0,0.001031551421749091,2.1785668885936455e-05,3.398564346206087e-05,0.0,0.029550952703639645,0.0005865791347538391,0.00018114783678656053,0.0014864361880874333,1.1110691131827592e-05,0.0,0.0,0.012532968525045955,0.0,0.0,0.004224676910360797,0.0,0.041503333152875396,0.0,0.0,0.0,4.041241578341213e-05,0.00015108361372396934,0.0,0.0,0.0,0.0,0.00027319228782964316,0.0,0.0012412384847762185,0.010951437892271397,2.39642357745301e-05,2.015174371949122e-05,0.0005215489131293187,0.0002827779821394552,0.0,8.441946693300376e-05,0.0,0.0022161471674218857,0.0001044622823080653,0.0005274310437285205,0.00014422112802489932
TM05_BL,0.030495707640617414,0.0,0.0,0.0,0.0,0.0,0.0,0.0,0.0,0.0,0.0,0.0,0.0,0.0,0.0,0.0003052294831138544,0.0,0.0,0.0,0.00024650574203196436,0.0010883987676945732,0.0004604119928169479,0.00021379460869167197,0.0,0.0,0.0,0.0001453580054916746,0.0,0.0030491688525258087,0.0,0.0,0.0,0.0,0.0,5.302999432299946e-05,0.0013788914944913005,0.0,0.0,5.146700501663748e-05,0.000134640364533762,0.000487094453118415,0.019875418588073616,0.0010776811267366629,4.231235336508808e-05,0.030984588367228814,0.0,0.0005650206342498965,0.0,0.0,0.0,0.0002747511916397936,0.0,0.00021658566102446142,0.0,0.00013006303870798843,0.0,0.005389187128336496,0.0,0.0,0.0,0.0,0.0,0.0,0.0,0.0,0.0,0.0,0.009145273715711229,0.0,6.028673038825214e-05,0.0,0.0,0.0038567877555417754,0.05285359981556728,0.0,0.0011097224075170859,0.0,0.0026615475045480208,0.01586277847026888,0.0,0.0003006521572880797,0.0,0.0038638212074204046,0.0013120178805976653,0.0003383871848273931,0.00029640975774223975,0.06058269357762114,0.00011889882937683063,0.02437236210666387,0.0,0.0,0.0019849964190798578,0.0,6.486405621402685e-05,0.06185574836765307,0.0,0.005149268269809914,0.0,0.008058661221509627,0.0003796947593526758,0.0,0.0030733951867744323,0.0,0.0,0.0,0.0008891176311334075,0.0,0.0,0.0006215115334655539,0.0,0.0,0.0,0.0,0.00022283761824990866,0.00010293401003327497,0.00024259826876605912,0.006132611827698294,0.0004379719320613207,0.008966981292692638,0.0,0.0,6.475241412071528e-06,0.0,0.0,0.004944405028583169,0.005841114322061763,0.0,0.001427232520895214,1.842094539641038e-05,0.012712796807482706,0.024821833174336394,0.00021725551358433087,0.0,0.003726724716833787,0.00438987875110456,0.0,0.0,0.0,0.0009669321701715774,0.5258270027614674,0.0,0.0,0.027627287337163037,0.0005875723370988354,0.005253653627056229,0.0037998502879528708,0.0,0.0,0.0,0.0,0.0,0.0005630110765702881,0.0,0.0,0.00463604956685659,0.0006488638463268917,0.0,0.0003675257711817149,0.0,0.0,0.0,0.0,0.0,0.0,0.0,0.0,0.0,0.0,0.0,0.0,0.0,0.0,0.0,0.0,0.0,0.0,0.0,0.0,3.2376207060357524e-05
TM08_BL,0.00018122968217814008,0.0,0.0,0.0,0.0,0.0,0.0,0.0,0.0,0.0,0.0,0.0,0.0,0.0,0.0,0.0020502426301776135,0.0,0.0,0.0,0.09052065000911681,0.0016765004840514862,0.0,0.0,0.0008583980666147526,0.0,0.0,0.022707404224797344,0.012194773049866875,0.0,0.0,0.0,0.0,0.0011937586068988069,0.0,0.0,0.0005758248267538935,0.0,0.0,0.0,0.001343557682718103,0.052651806302843884,0.04970659730442256,0.002726605101630665,0.011499270145054166,0.0006927829484930939,0.0,0.00025718698087870716,0.000701446513066368,0.0014058144606981426,0.0,0.0005113517880690629,0.0,0.00018485629060416278,0.0,0.0,0.0,0.0002601084154441135,0.0,0.0,4.4022996726985906e-05,0.0001069849485676398,0.0,0.00023703915628969758,0.0,0.0,0.0019523242026750272,0.0,0.0007518160745388921,0.0,0.0,0.0,6.850260360263253e-06,0.0034478972219172074,0.0,0.0,0.0,0.0,0.0022110222703979098,0.009768773491104235,0.0,0.0,0.0,0.0,0.006059256766898737,0.00036457488593812814,0.001901551684710723,0.2683546178310263,0.0,0.0,0.0,0.0,0.00017125650900658135,0.0,0.0009152149319557597,0.24627229986410298,0.0,0.0006641730375767004,5.9436082537578224e-05,0.023677320500512265,0.0,0.0005213249612406226,0.00488584746283482,0.0,0.0,0.0,0.001236169777658682,0.0,0.0,0.0,0.0,0.0,0.0,0.0,0.0,0.0,0.0,0.003205518892111422,0.0,0.0,0.0,0.0,0.0,9.479551469129001e-05,0.0,0.0,0.0,0.0,0.006314630443564434,0.0,0.02051592534425077,0.0,0.01185296520571433,0.0,0.013510123778160365,0.0,0.0003970128835264335,0.0,0.0,0.0,0.0,0.0,0.0,0.004523791054970318,0.0006322387356031202,0.009723642364024853,0.036214405090146416,0.0,0.0,0.0,0.00899096672284551,0.05363451644717292,5.439912639032584e-06,0.0,0.0,0.0025106204220364824,0.00017568903041616343,0.0,0.0,0.0,0.0,0.0,0.0,0.0,0.0,0.0,0.0,0.00018777772516956917,0.0,0.0,0.0,0.0,0.0,0.0,0.0,0.0,0.0,0.0,0.0,0.0
TM10_BL,0.0,0.0,0.0,0.0,0.0,0.0,0.0,0.0,0.0,0.0,0.0,0.0,0.0,0.0,8.229167395977895e-05,0.0,0.0,0.011076499902741605,0.0,0.0,0.0,0.0,0.0001980682460782845,0.0,4.555975537353982e-05,0.00022992963402325444,0.0,0.0,0.0,0.0,0.0,0.0,0.0,0.0,0.0,0.024126680878469232,0.0,0.0,0.006885205347152661,0.0,0.02876099078363686,0.0,0.0,0.0,0.0006778155142433096,0.0,0.0004640195129692597,0.0,7.559469432803378e-05,0.0,0.0,0.0,0.001967085562742635,0.0,0.0,0.00012977934771215465,0.0,0.0,3.693485736295879e-05,0.0008701000051850868,1.7757142962960954e-05,0.0010975943738877065,0.0,0.0,0.0,0.0,0.00045559755373539827,0.0,0.0,0.0,0.0,0.0,0.0,4.769061252909514e-06,0.0,0.0,0.0,0.00041774947187720146,0.004381752597540246,0.0,0.0008844071889438154,0.0,0.004007533493269389,0.007625526004625594,0.0,0.0,0.4363191817021465,0.0,0.0,0.0,0.0,0.003537324347610182,0.0,0.0,0.1873884914840296,0.0,0.0,0.0,0.0,0.0,0.011412465047600726,0.0,0.0,0.0,0.0,0.0,8.421959233861481e-06,0.0,0.0,0.0,4.1703918615868205e-05,0.0,0.0,0.0,0.0,0.0,0.0,0.0,0.00025489110355975955,0.0,0.0,0.0002374383687618779,0.0,0.0,0.0,0.0,0.0,0.0,0.0,0.00038751159414598794,0.0,0.0,0.0,0.0,0.0,0.0,0.0,0.0,0.0,4.677738803385715e-05,0.0,0.0,0.04054696464979012,0.0006769022897480716,0.04000917689148331,0.0259140641544267,0.0,0.0,0.0,0.08873426983490637,0.0640592483817409,0.0,0.001590025315597704,0.0,0.002964428180930882,0.0010203761693459163,0.00033109461421795204,0.0,0.0,0.0,0.0,0.0,0.0,0.0,0.0,0.0,0.0,0.0,0.0,0.0,0.0,0.0,0.0,0.0,0.0,0.0,0.0,0.0,0.0
TM11_BL,0.0,0.0,0.0,0.0,0.0,0.0,0.0,0.0,0.0,0.0,0.0,0.0,0.0,0.0,3.5541801538406276e-05,0.00027376248833690275,0.0,0.00022875629772028063,0.0014122076724580352,0.09655720765081086,0.003296930003895506,0.0,0.0,0.0006329058483581356,0.0,2.5171247548446373e-06,0.042733931757928764,0.0,0.0012755781407650683,0.0,0.010624884275189407,0.0,0.00047754890848912453,0.0,0.009772988573159789,0.04804395745575881,0.0,0.0015146043074851152,0.3170966033213766,0.0,0.1561233540143651,0.07578508869391137,0.0,0.013182283026111559,0.0002517124754844637,0.0,0.006674508684936234,0.000865991600656749,0.0003487728060312719,0.0,0.00031262689455170396,0.0,0.0001684459885942021,0.0,0.0,0.0,0.0006147825501232542,0.0,0.0,2.4466452617089773e-05,3.3326731754142996e-05,0.0,0.0,0.0,0.0,0.0,3.12123469600735e-06,0.0018082017388901936,0.0,0.0,0.0,0.00017468845798621782,0.0004220714788923488,0.0072584816280601904,0.0,0.0,0.0,0.0005471222367130303,0.002840726313327464,0.0,0.0,0.0,0.0015701824220720846,0.0016426756150116101,0.0003422282816686759,5.336304480270631e-05,0.021546587901470092,0.0,0.005447360024454376,0.0,0.0,0.0,0.0,0.0015674639273368523,0.05201155017933513,0.0,0.0,0.0,0.0,0.0,0.0009076751865969761,0.013268066637756664,0.0,0.0,0.0,0.0003420269116882893,0.0,0.00020308162522086532,0.001685063995883194,0.0,0.0,3.1010976979685835e-05,0.0,0.0,0.0,0.0,0.0005497400464580688,0.0,0.0,0.0,0.0,9.51473157331273e-05,0.0,0.0,0.0,0.0,0.0,0.007157595267886016,0.0,0.008689618078674655,0.020603572283315098,0.0208190381623298,0.0,0.0,0.0,0.0,0.0,0.0,0.024026358524952836,1.4397953597711325e-05,0.0,0.0,0.0,0.002194227991293167,0.0,0.0,0.0,0.0,0.0,0.012321224989974306,0.0,0.0,7.390278280223854e-05,0.0,0.0009609375464094887,0.0001268630876441697,0.0,0.00012253363306583695,0.0,0.0,0.0,0.0,0.0,0.0,0.0,0.0,0.0,0.0,0.0,0.0,0.0,0.0,0.0,0.00018062887240765117,0.0,0.0,2.6178097450384224e-05,0.0,0.0
TM14_BL,0.04314930953955808,0.0,0.0,0.0,0.0,0.0,0.0,0.0,0.0,0.0,0.0,0.0,0.0,0.0,0.0005086324428665923,0.0028186444567432968,0.0,0.0007593849975027339,0.0,0.039353356461170906,0.002329342206503694,0.0,0.0019209243935692027,0.0005820655768685632,0.00044286659197365075,0.0007961015645037184,0.0,0.0,0.0,0.0,0.0,0.00014157476275968205,0.07612759007032836,0.0,0.0,0.015010272539517564,0.0,0.0,0.025326547967765033,0.0008775259513235519,0.010947800380664308,0.031621063430569266,0.0,0.0,0.03911556269488805,0.03491691526842243,0.05427075768415657,0.00011684507498548894,0.0031813825407324436,0.0,0.0016060258365842804,0.0,0.00029751218261092605,0.0,0.0,0.00012116467110325193,0.0,0.0005726704553124288,0.0,0.0,2.2569889715311635e-05,0.00019988931034948246,0.0019741634157206317,0.0,0.0,0.0,0.00023671386725341196,0.04167222364708902,0.0001752676124782334,0.0009256894480366093,0.0,0.0014715784074189073,0.0016633684750475843,0.0,0.0,0.0,0.0,0.008065981830698834,0.05288621913851058,0.0,0.001445228871100553,0.0,0.0017606673776001955,0.0,0.0026438088038768398,0.0,0.020354152886705106,0.0,0.0,0.0,0.0,0.0,0.0,0.02854194732792486,0.06578075349954783,0.0,0.0,0.0,0.0030199376358310518,0.0,0.0030838676583739445,0.008604419486777993,0.0,0.0,0.0,0.00793520605823356,0.00013876702528313613,0.0,0.0008706145975351311,0.0,7.699680079912533e-05,0.0,7.915659885800672e-05,0.0,0.0,0.0,0.0,0.0,0.08264845236970338,0.0,0.0,0.00012580823692984715,0.0,0.0,0.0,0.021321742417084018,0.0,0.009002362279126907,0.020066467785262092,0.00047623547198336985,0.0,0.003046503151955294,0.0,0.07096059718416334,0.001117155545956454,0.0,0.0,0.060889998785113635,0.0,0.07088964781792907,0.0,0.0,0.008145786368974506,0.0007547414316761378,0.0011828134069464514,0.0008505284755875331,0.0,0.0,0.0,0.0,0.0004449184001295882,0.0,0.00019243800704634128,0.0,0.0013517096151509842,0.004285471308432665,6.587384079588563e-05,0.0007581971085703492,0.0,0.0,0.0,0.0,0.0,0.0,0.0,0.0,0.0,0.0008630553043290458,0.0,0.0,0.0,0.0,1.2310848935624527e-05,0.0,0.0,0.0,0.0,0.0,6.155424467812263e-06
TM17_BL,0.0,0.0,0.0,0.0,0.0,0.0,0.0003042197062788562,0.0,0.00010593181117891207,0.0,7.435796066247906e-05,0.0,0.00023551829864049384,0.0,0.0,0.0010843097915138543,0.0,0.0002805650299961855,0.0,0.002493614265867866,0.0,0.001935569598434102,0.0,0.0005416920868731357,0.0,0.0,0.001005426588432082,0.0,0.0,0.0,0.0,0.0003722011889868765,0.0,0.0,0.004033430845451042,0.0004980852053781274,0.0,0.0,0.003059475261116773,0.00010233218652720148,0.00040562627503847493,0.013042777116589584,0.0,0.00030895064153539013,0.00399177804590982,0.0037255086681018553,0.000807550079006619,4.083002819226018e-05,0.0,0.0,0.0007014125749904664,0.0,7.898604950039268e-05,0.0,0.0,0.0,0.0,0.0,0.0,0.0,0.0,0.0,0.0,0.0,0.0,0.0,0.0,0.007781360032812123,0.0,5.008620586808755e-05,0.0,0.002030188303564781,0.012802630729111177,0.0,0.0008481744143616387,0.0,0.0,0.009099542580268547,0.09588207053701045,0.0,0.0,0.0,0.0,0.0007434767602061702,0.0006607882396354466,0.016993725134307143,0.3001992340821513,0.0,0.0,0.0,0.0,0.0,0.0,0.0024563838623273167,0.14931551594551448,0.0,0.0,0.0,0.00020003628421648827,0.0,0.00013020356597330356,0.028601280479050396,0.0,9.30760088513742e-05,0.0,0.000678580670056759,0.0,0.0,0.00011847907425058902,0.0,0.0,0.00031614989083881135,0.0,0.0,0.0,0.0,0.008830804888413694,1.974651237509817e-05,0.01758046395253597,0.0,0.0,0.0,0.013219570110197884,0.0030077435125507607,0.0,0.0,0.0,0.0,0.0,0.00010942858941200237,1.5941194886146963e-05,0.002388402379619296,0.0,0.0004240357839715092,0.0,0.00026081851762108836,4.628088837913634e-06,0.0,0.0,0.19700077217091105,0.0,0.0,0.03567063475575417,0.0,0.0029726728838012375,0.014474604956621442,2.2729058515086957e-05,0.0,0.0,0.0,0.0,0.0,0.0011853049745989919,0.0,0.018124315814200136,0.0,0.0,0.0,0.0,0.0,0.0006038113237197988,0.0007066577423401017,0.0004226987805294442,0.00024261470152529472,0.0,0.0006994584930366805,0.004870497846601688,0.0011394354718943368,0.0002516651863638814,0.0,0.0058170962835829565,0.0,8.474544894312965e-05,0.0001788499219807069,0.0,0.00031337303753606316,0.0002205027215219296,0.0009048427910214257,0.0
TM18_BL,0.0,0.0,0.0,0.0,0.0,0.0,0.0,0.0,0.0,0.0,0.0,0.0,7.223009437516135e-05,0.0,0.004008821757146972,0.023338048382004702,0.0,0.0,0.0,0.0,0.0,0.0,0.0,0.008808568199634513,0.0,0.0019810211047886516,0.004598511957017226,0.0,0.0033518473181512105,0.0,0.0,0.0,5.564087155861216e-06,0.0,0.0,0.0033308274333401795,0.0,0.0,0.01433896171660746,0.0009214746562012381,0.0011176602477708634,0.002336710528159642,0.002182873822165183,0.0,0.0,0.0,0.0,0.0,0.0,0.0,0.015049001060885971,0.0,0.0029608156374753983,0.0,0.0,0.0,0.0,0.0,0.0,0.0,0.0,0.0045834683139661945,0.0,0.0,0.0,0.0,6.542954340688653e-05,0.0,0.0,0.0,0.0,0.0026485054861899392,0.01175877085605337,0.0,0.0,0.0,0.0,0.02582900777076294,0.09226472360500104,0.008921910715772426,0.0,0.0,0.0035307224163470454,0.0,0.019606709712093547,0.014937719317768642,0.016106486736452704,0.0,0.0,0.0,0.005681242102087406,0.0011150842814950015,0.0,0.008673072373524179,0.23957238547666124,0.0,0.0,0.0,0.0021117771529514007,0.0,0.0003754728443695977,0.12168751344654308,0.0,0.0,2.4214082993099737e-05,0.0057037045280129185,0.0020310978891914023,3.6166566513097906e-05,0.0,0.0,0.0,0.000204325645001348,0.0,0.0,0.0,0.0,0.006897613377549288,8.480080980136632e-05,0.0,0.0,0.0,0.0,0.0,0.0,0.0,0.0,0.0,0.0,0.0,0.0,0.0,0.003109809526871248,0.0,0.004174198792057292,0.0,0.002473339779431345,0.0,0.0,0.0,0.0,8.098837971309104e-05,0.0,0.17739906951976592,0.00016517095760825055,0.007876789678329818,0.002919703215712656,0.00021040492541238157,0.0,0.0,0.00203748628555555,0.0,0.0,0.0007052995663309264,0.0,0.11323216174265575,0.0,0.0,0.0,0.0,0.0,0.0,0.0,0.0,0.0,0.0,0.0,0.0006619202942454159,0.001731255414681114,0.0,0.0,0.0,0.0,0.0,0.0,0.0002552267386123747,0.0,0.0,0.0,0.0
TM19_BL,0.22289598079460743,0.0,0.0,0.0,0.0,0.0,0.0,0.0,0.0,0.0,0.0,0.0,0.0,0.0,0.0,0.0020007295889827633,0.0,7.02999875716068e-05,0.0,0.006215808070156569,3.55528590440934e-05,0.007952560198644803,0.0,0.00040800179033320785,0.0,0.0,0.004472610097535694,0.0,0.0,2.1855440262233056e-05,0.009499159925220152,0.011660028454373195,0.0020217792987284166,0.0,0.005453184136213578,5.5796838273166416e-05,0.0,0.0,0.011841317820603698,2.0948993431080433e-05,0.0,0.035197834035225334,0.0017164074329445887,0.0005987584901335277,0.019072346341651093,0.004324859264057833,0.0003962179815282251,0.0,3.1222057517475795e-05,0.0,0.0,0.0,0.0024653339481057177,0.0,0.0,0.0,0.0013010533516475782,0.0,0.0,0.0,2.1049709745653035e-05,0.0,0.0,0.0,0.0,0.0,0.0,0.0029757642303591607,0.0,0.0,4.773953310736621e-05,0.0010053502520627206,0.0006300812639655761,0.0,0.0003221914903174347,0.0,0.0,0.004415503947173085,0.017815507452100834,0.0,0.0,0.0,0.0013085063589259533,0.0,0.0003283351855063573,0.0,0.07168050609545208,0.0,0.0005226169563167158,0.0,0.0,0.0,0.0,0.07432853943819233,0.29054410780352025,0.0,0.0,0.0,0.006294165362893975,0.0,0.0016273742108624963,0.006641535931854537,6.123551926008157e-05,0.0,0.0,0.006496504438870133,0.0,0.0,0.0,0.0,0.0,0.0,0.0,0.0,0.0,0.0,0.0,0.0,0.0,0.0,0.0,0.0,0.021309255688306276,0.006446045565269309,0.0,0.0,0.0,0.00014261430143466363,0.0,0.0017624347887042224,8.842892419465715e-05,0.004177209146894544,0.0,0.0011422237235667416,0.0004424467699170028,4.2300852120451076e-06,0.0,0.023833407964122436,0.0,0.08261789499276757,0.0,0.0,0.0009818833507673264,5.327893040885386e-05,0.00032199005768828966,0.002680262563403438,3.696288744810844e-05,0.0,0.0,0.0,0.0,0.0,0.0,0.0,0.007860606203440108,0.004458811962439261,0.0,3.283351855063584e-05,0.0,0.0,0.0,0.00030496900052553777,0.0,6.053050505807404e-05,0.0,0.0,0.0021167547833702764,0.0002122092748042619,0.0003300473628540909,1.299240457985273e-05,7.06021365153243e-05,0.0,0.0,0.0,0.0,0.0007383513021310163,5.9019760339486405e-05,0.0009054396680067981,0.0
TM21_BL,0.0,0.0,0.0,0.0,0.0,0.0,0.0,0.0,0.0,0.0,0.0,0.0,0.0,0.0,0.00022251336806864135,0.00233974358011898,0.0,0.0018711942882029605,4.204031245561375e-05,0.04216493195324993,0.0010228808404378973,0.0,1.811737274872878e-05,0.0013348800164477738,0.0,0.0002458357318833033,0.057345688780972154,0.0,0.0,0.0,0.0,0.0,0.0023998011693412845,0.0,0.0,0.029464153176480972,0.0,0.0,0.0,0.031183401763951398,0.056324709764192966,0.11587451206962374,0.0,0.01001059916353793,0.006837656628941501,0.0,0.003150020554709906,0.0,0.0,0.0,0.00021230357790084944,0.0,0.00024543534795515455,0.0,0.0,0.0,0.0,0.0,0.0,0.0,0.0,0.0,1.020979016779191e-05,0.0,0.0,0.000925787737861837,0.0,0.0,0.0,0.0,0.0,0.0027598464167290053,0.004569481675979103,0.0,0.0,0.0,0.0522696213399028,0.0022701768726031426,0.009472383068124037,0.0,0.0,0.0,0.0,0.0,0.000278767309973534,0.00014433840609760721,0.0012612093736684125,0.0003973810486875871,0.0014504908757007116,0.0,0.0,0.039006803623995105,0.0,0.00011080625211515338,0.1306563864089277,0.0,0.0,0.0,0.0003619470710464259,0.0,0.0009154778517120079,0.006507740272146971,0.0,0.0,0.0,0.00010550116506718307,3.092965844948726e-05,0.0001988907163078669,0.0,0.0,0.0,0.0,0.0,0.0,0.0,0.0,0.0,0.0,0.0,0.0,0.0,0.0,0.0,0.0,0.0,0.0,0.0,0.002312117089076719,0.0,0.006321761937521898,0.0,0.03864956106410443,0.0,0.0,0.0,0.012732409107092809,0.0,0.0,0.0,4.7845879413769935e-05,0.0008701343718491663,0.0,0.2835014495399633,0.0,0.0,0.012883253752022832,0.0,0.0,0.0,0.0,0.024931606917873484,0.0,0.0,0.0,0.00011390922755830583,0.0,0.0,0.0,0.0,0.0,0.0,0.0,0.0,0.0,0.0,0.0,0.0,0.0,0.0,0.0,0.0,0.0,0.0,0.0,0.0012180680054103897,0.0,9.579185480957704e-05,0.0003074948568182034,0.0
TM28_BL,0.008555276979615271,0.0,0.0,0.0,0.0,0.0,6.673190190657585e-05,0.0,5.674271288661002e-05,0.0,4.356110263345923e-05,0.0,0.0,3.7073278836986583e-06,0.00033314460288236454,0.00481664277156538,0.0,0.0001128675377926036,0.0,0.017431958690481194,9.340406640318563e-05,0.0007366254542249029,7.713301624695264e-05,0.003184800614757343,0.0,0.0009459864983237743,0.0021914427045863077,1.1019002320993233e-05,0.0,0.0,0.0,0.0,0.0,0.0,0.0008222029395402792,0.002121930306766968,0.0,0.0,0.010073324766659758,0.0005352969538740452,0.006399774759234799,0.011021885798236007,7.476444565458961e-05,0.00299943422057242,0.07640823364568956,0.03888286676955194,0.040742091703226714,0.0,0.0,1.6785956806746703e-05,0.00355069328061239,0.0,0.0009647291004024731,0.0,4.3458121303356394e-05,0.0,0.0057207158685373275,0.0,0.0,0.0,0.0,0.0,0.002304928130359538,0.0,0.0,0.0,0.0,0.05666537390770286,0.0,0.0004023480567114072,0.0,0.0053312404780887735,0.01719438076193417,0.0,0.0,0.0,0.0,0.006156429876202033,0.029136610707298477,0.0,0.0,0.0,8.701922393681572e-05,0.002992431490125434,0.011695280715777828,0.0006955359035139095,0.12737328198821543,2.7187071147123497e-05,0.056406478843824576,0.0,0.00027629890866565283,0.0019655016663409053,0.0,0.015904642583727348,0.10529223115024498,0.0,0.00166881245431491,0.0,0.00038700383852609884,0.0,5.138768372126741e-05,0.01877977833886576,0.0,0.0,0.0,0.003980537352461229,1.1019002320993233e-05,0.0,0.009579323326156922,0.0,0.0,0.003331960935474169,0.0,0.0,0.0,0.0,0.0035625361335742053,0.0006817364052801411,0.0,0.0,0.0,4.716544918705515e-05,0.0,0.0,0.0,0.0,0.0,0.0004344782317034622,0.0,0.0016011537204374095,0.0008793575777473002,0.00018722005812678224,0.0,0.004494105245683596,0.0,0.0,0.0,0.0,0.0,0.0,0.0,4.181042002171264e-05,0.09788396022531506,0.002181968422216866,0.017932241992120308,0.008632821921182634,5.808147017794565e-05,0.0,0.0,0.013935845514823257,0.09545287996557966,0.0,0.0,0.0,0.003361516577213656,0.00017455335452414516,0.0,0.0011180683009254537,0.0,1.3181610253150785e-05,0.0,6.209774205195242e-05,0.0,0.0,0.0002591010265384951,0.0,0.003433912452275882,0.02232285100105065,3.264508164256874e-05,4.726843051715789e-05,0.003709181547640508,0.0,0.0,6.446631264431556e-05,0.0,0.00010864530325839125,0.0,0.0005303538500291125,9.268319709246646e-06
TM29_BL,0.0,0.0,0.0,0.0,0.0,0.0,0.0,0.0,0.0,0.0,0.0,0.0,0.0,0.0,0.0,0.0028385714836608156,0.0,0.0038114878406313667,0.0,0.018829014478057546,0.0008915177912336394,0.0,0.00023575059601556062,0.0006575986629471594,0.0,7.122374501980683e-06,0.007281915690825051,0.0,0.0,0.0,0.0,0.0,0.0,0.0,0.001425288886053506,0.002851391757764381,0.0,1.200628844619601e-05,0.0013343259888424954,0.0007045045864530598,0.01607082407806204,0.014442751015116431,0.00015801496573680004,0.007877040954569122,0.0,0.0022943203235023203,0.0012343075011932525,0.0015148273083641203,3.1338447808714905e-05,0.0,0.0012703263665318405,0.0,0.00020095270916302643,0.00015068909482047704,1.9332159362519e-05,0.0,0.0,0.0,0.0,0.0,5.931920478078198e-05,0.0,0.003986800001587273,0.0,0.0,0.0022364255936219344,0.0,0.00277538584700753,0.0,0.0,2.441956972107663e-06,0.0006981961976084492,0.007002820358554579,0.05459076209712418,0.0,0.0,0.1568998053862042,0.001724123370515171,0.012882340509939635,0.0,0.0,0.0,0.0009214317641419582,0.0016563590645391835,0.0005149476764932034,0.0014518451681251768,0.0,0.00028092679999955236,0.049339333628606645,0.0,0.0,0.0018165107426265778,0.0,0.003643806795213318,0.14778265728263307,0.0,0.0,0.0,0.0013608822709141662,0.0,0.0008724908764926338,0.007002718610347398,0.0,0.0,0.0,0.00017836460717103055,0.0,0.0,0.0,0.0001166034454181409,0.0,0.0,0.00015516601593600773,0.0,0.0,0.0,0.0,0.0,0.0,0.0,0.0,0.0005923780621504505,0.0,0.0,0.0,0.0009587733561737711,0.0,0.0035265928605521498,0.0,0.004340985510750055,0.0009356765131459195,0.0027142351744976674,0.0,0.020542454286819858,0.0006468133529870172,0.00010683561752971026,0.0,5.484228366525116e-05,0.0,0.1346189829798652,0.0,0.0,0.2001727074068524,0.021435498301161066,7.427619123494132e-06,0.015689675293998905,0.0,0.0,0.0,0.0010289796191218664,0.02860030180553212,0.0,0.0,0.0,0.01644179804140807,0.0007576171505964025,0.0,0.00016035517450173654,0.0,0.0,0.0,0.0,0.0,0.0,0.0,0.0,8.740170996002011e-05,0.0002907963760951542,0.0,0.0,0.0,0.0,0.0,0.0,0.0,0.0,7.834611952178753e-05,0.00011283876175280724,0.0
TM30_BL,0.0,0.0,0.0,0.0,0.0,0.0,0.0,0.0,0.0,0.0,0.0,0.0,0.0,0.0,0.00018258815704113107,0.001807611814733727,0.054800843253154284,0.0010224499195364955,0.002496720742955478,0.06915266623563174,0.0013888296306993164,0.0,2.6255936303098427e-05,0.006377129329084249,0.0,0.0003718496978926319,0.01179974597381627,0.0,0.0,0.0,0.0015643068049916915,0.0,0.00012460629770512182,6.728083677669e-05,0.0,0.0018852856262970713,0.0,0.0,0.0,0.00027098314259489615,0.0034988223118570722,0.05999142306080767,0.006147718085635915,0.005981539888784232,0.1698937400377867,0.046290747298647066,0.01174296751156071,0.0,8.751978767699511e-06,0.0,0.0038890511651618635,0.0,0.004077656307605798,0.003620693616197277,0.0004394587338731106,0.0,0.0,0.0,0.0,0.0,0.0,0.0,0.0008388771648839982,0.0,0.0,0.0,0.0,0.05878780718077979,5.10896760564459e-05,0.00018050956208380244,0.0008650237014525005,0.0051996599856248766,0.021931692993712802,0.022248624024838123,0.0,0.00013346767620741755,0.0,0.006675024806389811,0.025603695085435727,0.0,0.0,0.0,0.0,0.000948276899480241,0.021370144156030283,0.0015031523533523912,0.00027054554365651116,0.0016858499101281075,0.0,0.0,0.0,0.0005021447817967594,0.0,0.0047796744045098954,0.10414614054146307,0.0,0.01053891403259456,0.0,0.000811417831500341,7.986180625525805e-05,9.539656856792468e-05,0.02024748407960363,0.0,0.0,0.0,0.003664891108974171,0.0,0.0,0.03920525468805214,0.00012055850752506078,0.0,0.0005263221231425293,0.0,0.0,0.0,0.0,0.0027052366370959187,1.0283575052046926e-05,0.00015589462179964756,0.0,0.0,0.0,0.0,0.0,0.0,0.010831995921577898,9.189577706084486e-06,0.0029345384808096356,0.00013193607992306904,0.007786526109887659,0.0050866500597869565,0.0035703697382830054,0.0,0.004759873052547965,0.002388743204908975,9.102057918407481e-05,0.0,0.0,0.0071501478537413085,0.004246678897556996,0.0,0.00012668489266245042,0.008937411317840146,0.00018576074934442105,0.003100716677661341,0.002750418727484168,7.110982748755853e-06,0.0,0.0,0.018519734071125147,0.07563274071497104,0.0,0.0008425967558602705,0.00024002301770415912,0.008750994170088146,0.0015360816734658605,0.0,0.003114829243424256,0.0,1.7613357269995264e-05,0.0,9.408377175276965e-06,0.0,0.0,0.0,0.0,0.0006797005510464633,0.0016961334851801654,0.0,0.0,0.0,0.0,0.0,0.0,0.0,0.0,0.0,0.0,5.973225508954917e-05
TM34_BL,0.0,0.0,0.0,0.0,0.0,0.0,0.0,0.0,0.0,0.0,0.0,0.0,0.0,0.0,0.00028300446850216464,0.0012184636046425586,0.0,0.00014992618015972225,0.0,0.034784779213392035,0.0,0.0,0.0,0.010237400835615234,0.0,0.0006761219442386929,0.008210438993884026,0.0,0.01298290520633956,0.0,0.0,0.0,0.0002960415276464884,0.0,0.0005385308277309076,0.005014454087188249,0.0,0.0,0.1122071600732243,0.00410587134989923,0.014673410637076976,0.09976759937799193,0.004125627508756397,0.010340895028207196,0.07336364349299329,0.00011833638300232257,0.0039138254401963075,0.0,0.0002689645586544315,0.0,0.0018656031635527178,0.0,0.0011581922773676468,0.0,0.0,0.0,0.0,0.0,0.0,0.0,0.0,0.0,0.0,0.0,0.0004054525393884663,0.0003221156459351357,0.0,0.01911062385938261,2.4168701952169273e-05,6.929698360559737e-05,0.0,0.0018457467196252091,0.019971270333048654,0.024574054206487297,0.0,0.0,0.0,0.006010184550603555,0.019778121287572083,0.0,0.0,0.0,0.0,0.0022500961232399252,0.003059797781172756,0.0017853751072799467,0.08159454064122687,0.0005471553437802295,0.0,0.0,0.004169251514354711,0.0017596018442023321,0.0,0.006691320748359296,0.10869948916790886,0.0,0.0,0.0,0.003381813142037561,0.0,0.00017449602239325533,0.012467640514927752,0.0,0.0,1.9254733505462657e-05,0.0044730149924174425,0.0,0.0001263591886295987,0.0,7.48126624743497e-05,0.0,0.0003678456380106085,0.0,0.0,0.0,0.0,0.0018130537866940593,2.787924955478437e-05,0.0,0.0003202102295986576,0.0,0.0,0.0,0.0,0.0,0.0,0.0,0.0012665001533358744,0.0,0.0018412338914598665,0.0,0.0024515688295548965,0.0,0.012878307877973947,0.0,0.0,0.0,7.701893402185063e-05,0.0,0.0,0.0,5.916819150116129e-06,0.05363997699861635,0.0011626048204626488,0.1133022730413465,0.04162351901515253,0.0,0.0,0.0,0.035287407985940884,0.0,0.0,1.0429647315458838e-05,0.004555750175448737,0.0051716007924125194,5.134595601456708e-05,0.0,0.0,0.0,0.0,0.0,0.0,0.0,0.0,0.0,0.0,0.0,0.0002819013327284142,0.0,0.0,0.0,0.0,0.0,8.454031429742198e-05,0.0,0.0,3.509977461933296e-05,5.776420051638797e-05,0.0
TM35_BL,0.0,0.0,0.0,0.0,0.0,0.0,0.0,0.0,3.978549294429788e-06,0.0,0.0,0.0,0.0,0.0,0.002647775562485261,0.005851527885345966,0.020278767767793106,0.0012093769714221832,3.896938026851742e-05,0.04800854225137742,0.005308200871445119,0.0,0.00016026412670638868,0.010193961419089372,0.0,0.005163544899663031,0.004033942942298388,0.0,0.0,0.0,0.0,0.0,0.0,0.0,0.0008229476194401309,8.81401689842907e-05,0.0,0.0,0.00887665354629522,0.003549886111476097,0.06291994097873133,0.04672938764617601,0.00251617739351566,0.006082181730338421,0.0,0.0,0.0,0.031765451665318745,0.0005035415209565496,0.0,0.01681498154361185,0.0,0.0011395993376429531,0.0,0.0,0.0,0.0,1.3975929572740538e-05,0.0,0.0,0.0,0.0,0.0033374927876042297,0.00011609202812977179,4.243785914058431e-05,0.0006708446194915448,0.0,0.039398859564146786,0.0,0.00022902161964089425,0.0,0.008233964814118101,0.009472109757361546,0.03780009483229295,0.0,0.0,0.0,0.013985008826258596,0.03551865184714865,0.0006643157180853021,0.0,0.0,0.0,0.00374177460436898,0.022940417245766533,0.0055433433361543666,0.06107919883850848,0.0099953399966213,0.0,0.0,0.0,0.0009543417602407855,0.0,0.004105250787344707,0.06898845282175042,0.0,0.001474511576966363,0.0,0.004042818167647491,0.0,0.0004812004364570593,0.06548447304828699,0.0,0.0,0.0,0.008220907011305616,0.00013618880277086585,0.0,0.0,3.988750702877045e-05,0.0,0.0016320213233919937,6.977763377923014e-05,0.0,0.0,0.0,0.0023917202104591384,0.0,0.0,0.0,0.0,3.152235210202063e-05,0.0,0.0,0.0,0.0,0.0,0.0027540742385056566,0.0,0.00043804847872516695,0.0029684058299825128,0.0013495443234874788,0.0,0.0008523276757682278,0.0,0.001997333759888226,0.0,0.0,0.004553194632263712,0.0,0.00010099394362783309,6.81454084276692e-05,0.05389159248882531,0.0008880326053336233,0.002971670280685634,0.0060520875754190165,2.713574646970061e-05,0.0,0.0,0.055500048558704246,0.1341309746588854,0.0,0.0,0.0,0.02808631370881591,0.006902783025835683,4.427411266109047e-05,0.0,0.0,0.0,0.0,0.0,0.0,0.0,0.0,0.0,3.1318323933075514e-05,0.0006825762392058901,0.0,0.0,0.00010283019714833915,0.0,0.0,0.0,0.0,0.0,0.0,0.0,1.3057802812487511e-05
TF01_12wk,0.0,0.0,0.0,0.0,0.0,0.0,0.0,0.0,0.0,0.0,0.0,0.0,0.0,0.0,0.0,0.0,0.0,0.0,0.0,0.0,0.0,0.0,0.0,9.097954341480768e-05,0.0,0.0,0.010385179762666511,0.0,0.0,0.0,0.0,0.017033792644909465,0.0039032125787576127,0.0,0.0,0.0,0.0,0.0,0.06496129566079632,0.007753679041586068,0.04765546517320098,0.04898382655956108,0.010517195183749165,0.0,0.000884873645027849,0.0,0.00037732989953115955,7.306387975006548e-06,0.0014230441675156607,0.0,0.00044739115408601695,0.0,7.546597990623211e-05,0.0,0.0,0.0,0.0011677209384164588,0.0,0.0,0.00021078428870361382,0.0,0.0,0.0,0.0,0.0,0.0,0.0,0.0017256086996861376,0.0,1.0208925663707792e-05,0.0,0.00045249561691787185,0.00024041019062966682,0.0,0.0,0.0,0.0,0.0005735014122847602,0.01653625765006347,0.0,0.0,0.0,0.00281376007042958,0.0,0.0001470285470586936,0.00014332530931793585,0.01619395837780974,0.0,0.0,0.0,0.0,0.0008153128280055262,0.0,5.504812857881653e-06,0.0410250682171422,0.0,0.0,0.0,0.0,0.0,0.003847864187659275,0.022048877333452663,0.0,0.0,0.0,0.00020107580057244075,0.0,0.0,0.0,0.0,0.0,0.0,0.0,0.0,0.0,0.0,0.0,0.0,0.0,0.0,0.0,0.0,1.9316888755839254e-05,0.00019747265033819093,0.0,0.0,0.0,0.0,0.0,0.0,0.0,0.01820581734610572,0.0,0.0636787743524164,0.0,0.0,0.0,0.0,0.0,0.5832809625455533,0.0,0.0,0.004153431345024961,0.00038163366231095894,0.0014944065596551083,0.005706389095986628,0.0,0.0,0.0,0.0,0.0,0.0,0.0,0.0,4.4739115408601797e-05,0.0,0.0,6.605775429457983e-05,0.0,0.0,0.0,0.0,0.0,0.0,0.0,0.0,0.0,0.0,0.0,0.0,0.0,0.0,0.00011219809479427878,0.0,0.0,0.0,0.0,0.0,0.0
TF01_26wk,0.0,0.0,0.0,0.0,0.0,0.0,0.0,0.0,0.0,0.0,0.0,0.0,0.0,0.0,0.00011673433316217361,0.00045695633018501416,0.0,0.008780678428265505,0.0,0.1055102619351363,0.009026406369355025,0.0,0.00029780273655219945,0.0011329522687849247,0.0001751014997432604,0.00015709229964575036,0.0405111531735628,0.022329021359453763,0.026519957502627336,0.0,0.015942373163427743,0.0013108744866157471,0.0,0.0,0.0017017609200574864,0.019287853304433267,0.0,0.0018290187014694099,0.055195160602466334,0.0,0.05196977795849661,0.12450020401386015,0.013902777007806122,0.05694075114203824,0.002686625489245416,0.0,0.00097379867515211,0.0003917543466994507,0.006467798085622019,0.0,0.0,0.0,4.968803400397353e-05,0.0007177642641272671,0.006068774965389247,0.0,0.00024106290732932135,0.0,0.0,7.344715943382114e-05,9.557894750546e-05,0.0001349605115741115,0.000233794133795989,0.0,0.0,0.0005625162801541544,0.0,0.0071149359084030275,0.0,3.330617126467221e-05,0.0,0.0002611334014138958,0.003149548723077195,0.0,0.0,0.0,0.0,0.000502304797900431,0.001755137585406733,0.0,0.0004321123131830274,0.0,0.04271955845780916,0.0011329522687849247,0.00042202282156213216,6.520198348556351e-05,0.0019451020996883,0.004794135857282948,0.07898010645173086,0.0,0.0,0.0,0.0,0.007067417657543344,0.09262391984126735,0.0,0.0021946271612803066,0.0,0.001004609595800862,0.0,0.00018996451428156692,0.01936574851931286,0.0,0.0,0.0,0.0009786806872267362,0.0,0.0,8.831017397212762e-05,0.00029389712689249737,0.0,0.0,7.32301811193933e-05,0.0,0.0,0.0,0.00597135170221115,0.0001051259933402846,0.0,0.0,0.0,4.806069664576479e-05,0.0,0.0,0.0,0.001686680927204752,0.0,0.006433515511942433,0.0,0.007208128094449782,0.01522862299811728,0.03807665648568253,0.0,0.03504601187891178,0.006494052461667798,0.0007100615339650792,0.0,3.6452356823875774e-05,0.0,0.0,1.714128683979873e-05,0.0,0.008736523341279442,0.00028510950515817123,0.0005845395790685794,0.0031571429640821695,0.0,0.0,0.0,0.0021167319464007153,0.009684067640385784,0.0,0.0,0.004372980948978526,0.0003146185559203564,0.006389794381585224,0.0,0.0037757481385159186,0.0,0.0,0.0,0.0,0.0,0.0,0.0,0.0,0.0,0.0,0.0,0.0,0.0,0.0,4.06834339552185e-05,0.0,0.0,0.0,0.0,0.0,0.0
TF01_6wk,0.0,0.0,0.0,0.0,0.0,0.0,0.0,0.0,0.0,0.0,0.0,0.0,0.0,0.0,3.51533381599902e-05,0.0007886966894869596,0.0,9.925059292464469e-05,0.0,0.08855626642304379,0.0055547281890813,0.0,0.0,0.0002504800533850014,5.708661752477041e-06,2.954482836808293e-05,0.0008490883217105315,0.0014386829135847842,0.0009810886057414927,0.0011297141152270254,0.00025688977886146686,0.00829859145281136,0.005473905556901494,0.0,0.003479579566075611,0.01733530285502195,0.0,0.0024204725830502655,0.039375644665651244,0.00547530768434947,0.009974734664907066,0.1029707375000079,0.00466928470568394,0.02046965861301355,0.0026287886610353926,0.0,0.0006988603808558725,0.0,0.001210536747406842,0.0,0.000514480621446922,0.0,0.0,0.00018628264665977712,0.0030050595768960184,0.0,0.0008714222089175917,0.0,0.0,4.176336755759519e-05,6.449786260693357e-05,0.0,0.0,0.0,0.0,0.0,0.0,0.0009045725078661855,0.0,0.0,0.0,0.0010365727918971467,0.00027361515627661887,0.0,0.008707011148014894,0.0006843383465732565,0.0,0.000670016616211779,0.006013824776333128,0.0,0.0,0.0,0.003111320807060547,0.0017036850012524026,0.00014451927910218195,0.00013200028403096036,0.014448021983755872,0.0,0.0,0.0009398259979867466,0.0,0.00010375743115028445,0.0,9.95510488063539e-05,0.03490496129777716,0.0,0.0,0.0,0.0036436284774888986,0.0,0.0008712219049964522,0.0003122738130565511,0.0,0.0,0.0,0.0007591518611188766,0.0,0.0,0.0,5.498342635280518e-05,0.0,0.0,0.0,0.0,0.0,0.0,0.0,0.0,0.0,0.0,0.0,0.0006126295428052992,0.0,0.0002829292886096077,0.0,0.0,0.0,0.019425173816231392,0.0,0.00598638313913702,0.00013310195559722784,0.00884071401537554,0.0,0.03602986811889685,0.0,9.714740175267946e-05,0.0,0.0,0.0,0.5041629664690241,0.0,0.0,0.002036590118186327,0.0,0.007847607174365674,0.004568231377469039,0.0,0.0,0.0,0.0,0.0,0.0,0.0,0.0006489847044921258,4.8473548915769956e-05,0.0003048625679743869,0.0,8.963600470994651e-05,0.0,0.0,0.0,0.0,0.0,0.0,0.0,0.0,0.0,7.801837728385288e-05,0.0,0.0,0.0,0.0,0.0001476239898798449,0.0,0.0,0.0,0.0,0.0,0.0
TF03_12wk,0.0,0.0,0.0,0.0,0.0,0.0,0.0,0.0,0.0,0.0,0.0,0.0,0.0,0.0,0.0,0.00039099831360905017,0.0,0.0,0.0,0.010374583944896104,0.0001495744789975567,0.0001097288186088633,2.554208999275217e-06,0.00024193467641134855,0.0,0.0,0.0004310483107176856,0.0,0.0,1.1238519596810954e-05,0.00017041682443164245,0.0010938144618496187,0.0002851518926790852,0.0,0.00028075865320033186,0.00015958697827471555,0.01966230087642062,0.0,0.0010388478841852162,0.0,4.086734398840346e-06,0.001119560888562313,1.1136351236839946e-05,0.0009691690626849883,0.0035394184944756535,0.0,0.0018993098118610511,0.0,0.0,0.0,0.0002500059768490582,0.0,0.0002913841626373167,0.0,0.0,0.0,0.0,0.0,0.0,0.0,0.0,0.0,0.0,0.0,0.0,0.0,0.0,0.00933379486187144,0.0,1.1953698116608014e-05,6.13010159826051e-06,4.393239478753373e-05,0.003384020418959749,0.015336390346888142,0.00021526873445891425,2.5746426712694185e-05,0.0,0.00022446388685630605,0.0031456616351473858,0.0,0.0,0.0,0.0007796467549387671,0.0005975827374704297,0.0002551143948476086,0.0,0.01019282643250768,0.0,0.009182585689114346,0.0,0.0,7.76479535779666e-05,0.0,0.002664142154604022,0.020949724380415296,0.0,0.0005251453702509846,0.0,0.00033562306250476244,0.0,5.527308274431569e-05,0.0012282680235714562,0.0,0.0,0.0,0.0006913732919238147,0.0,0.0005631520001601998,7.918047897753172e-05,0.0,0.0,4.0049997108635394e-05,0.0,0.0,0.0,0.0,0.00246542469446041,0.0,0.0,0.0,0.0,0.0,0.0,0.0,0.0,9.77751204922553e-05,0.0,0.0002839258723594331,0.0,0.0059277060771579515,0.00015733927435535337,0.0005681582497987792,0.0,0.002862553109667711,0.0004939840204598269,0.00037168849357452956,0.0,0.0,0.0,0.7564338992166341,5.312754718492441e-06,4.495407838724382e-06,0.08613650959779788,0.00041112548052333784,0.0001201499913259062,0.015998952161300133,4.975599130588122e-05,0.0,0.0,0.0016633009003280213,0.0,0.0,0.0,0.0015377359859236517,0.0012641291179212903,0.0,0.0,0.00014324004067935416,0.0,0.0,0.0,0.0,0.0,0.0,0.0,0.0,1.2873213356347093e-05,5.374055734475056e-05,0.0,0.0,5.874680698332999e-05,0.0,2.70746153923173e-05,0.0,0.0,0.0,0.0,0.00041909461260107757,0.0
TF03_26wk,0.001975051354957027,0.0,0.0,0.0,0.0,0.0,0.0,0.0,0.0,0.0,0.0,0.0,0.0,0.0,0.0,0.000500766755819696,0.027619720644373166,0.0004203415482800512,5.965313406914056e-06,0.07136677260779217,0.005800734670955445,0.000631151463142245,0.0,0.008375513070214715,0.0,0.0,0.0012651790595342544,0.0,0.0,0.00037751911989470385,0.000882120720047415,0.0023281766039556003,0.0,0.0,0.001123076772305266,0.0010780173513923151,0.008068192906304957,2.76960979606723e-06,0.0004199154544652716,0.0,0.0012913838291431982,0.0023508660995926124,0.00019994452258531473,0.004642931252745644,0.004279899322553446,0.0,0.00421012646038329,0.0,0.000882227243501111,0.0,0.0006538409587792585,0.0,0.0002502235927293057,0.0,0.00013411302820187136,0.0,0.0,0.0,0.0,1.1717579906438324e-05,0.0,0.0,0.0,0.0,0.0,0.0,0.0,0.0015518336734272138,0.0,0.0,9.18232170849985e-05,0.001808661720285603,0.008575777163161125,0.005361644994825093,0.0059929029814210335,0.00039679986501347966,0.0,0.00025001054582191593,0.035638060574348915,0.0,0.0,0.0,0.0029796740467535714,0.0013886397423666364,0.005703265710824618,0.0003887040825326677,0.04904691335510107,0.000683561002360134,0.12373753728853501,0.0,0.00016362002487535696,0.00587135972075516,0.0,8.649704440025381e-05,0.16386300487323502,0.0,0.01059887059573455,0.0,0.007708889296992079,0.009291508248537117,0.00038444314438487194,0.06376770899155942,0.0,0.0,0.0,0.0008856359940193476,0.0,0.0003394902469256267,0.0001846051452532511,0.0003334184100650178,0.0,0.0007895518387865533,3.206355956216305e-05,0.0,0.0,0.0,0.005671415198169844,3.707016188582306e-05,0.0,0.0,0.0,0.0,0.0,0.0,0.0,0.0,0.0,0.0017180102611912482,0.0,0.02106778257796133,0.002512249131940377,0.007241464382178874,0.0,0.007334885451069306,0.001942987795394864,0.004697790831398515,0.0,0.0,0.0,0.05723185596665562,0.00039861076372629285,0.0,0.1298339810669475,0.014252731580923104,0.02072893147175787,0.04588412549144587,0.0,0.0,0.0,0.003403104775190774,0.01098853338935047,0.0,0.0,0.0026312358297175733,0.0012894664069766902,0.00045038116222201124,0.0,0.0002766414092456394,0.0,0.0,0.0,0.0,0.0,0.0,0.0,0.0,0.0,0.0,0.0,0.0,0.0,0.0,0.0,0.0,1.6937229137488125e-05,0.00022764062054598817,0.0,0.0011174310292594366,0.0
TF03_6wk,0.0,0.0,0.0,0.0,0.0,0.0,0.0,0.0,0.0,0.0,0.0,0.0,0.0,0.0,0.0,8.918922410793066e-05,0.04648925790814585,0.000292990768915305,0.00010856912560801841,0.10606224157526513,0.0038586842588938138,5.522229997336829e-05,0.00014816247275873529,0.0005485762440750643,0.0,0.0,0.008714078935797516,0.0,0.0,0.004741303321298347,0.0018567195953309867,0.0030098237345862074,0.010075152340612818,0.0,0.003376583160824427,0.002837384288442953,0.03211958191092499,0.00012742806201401777,0.0016454161531687397,0.0,0.003936516443950618,0.007103359057895063,4.6886858467954104e-05,0.03004978759211175,0.0013763897785815,0.0,0.0010502656296821743,0.0,0.0002652754259098032,0.0,0.0005838976774542564,0.0,7.397704336054997e-05,0.0,0.00031830967248800025,0.0,0.0,0.0,0.0,0.0,0.0,0.0,4.834556073140168e-05,0.0,0.0,0.0,0.0,0.003471086228892059,0.0,0.0,0.0002159921280090424,0.0007406039777560412,0.011780062707526451,0.08079730998631741,0.006181771806452718,0.0005507642974702354,0.0,0.0014432816966624483,0.01834995350907501,0.0,0.0,0.0,0.0026146196142107624,0.0019923789058316006,8.283344996005244e-05,0.0007945759615035973,0.00454166949724368,0.00044865513902891295,0.12177204818051905,0.0,0.0006561034394949059,9.116889146546651e-05,0.0,0.002345176467548252,0.11550598422184283,0.0,0.004851331149169813,0.0,0.023838945933409003,0.009144083524458066,0.00012315614824249307,0.01417921115882226,0.0,0.0,0.0,0.0017095990527604282,0.0,8.804310090093623e-05,0.001210827071680213,0.00010273431655422856,0.0,0.00026006577496891936,0.0,0.0,0.0,0.0,0.008806498143488795,2.4485359422153864e-05,0.0,0.0,0.0,0.0,0.0,0.0,0.0,0.0014666209328776077,0.0,0.0026048254704419006,0.0,0.04423441678791263,0.03190515267819821,0.003232692601837206,0.0,0.01347424119350176,0.005016685470033465,0.00010617268617521186,0.0,0.0,0.0,0.037123972604737966,0.0,0.0,0.08077678396161032,0.0038226334743828977,0.005277168017077656,0.01520624174530809,0.00017410653444433662,0.0,0.0,0.03149088123537913,6.595418091158892e-05,0.0,0.0,0.010199350419043489,0.0016934491348436884,0.0004371939069589675,0.0,0.0003576946336010818,0.0,0.0,0.0,0.0,0.0,0.0,0.0,0.0,0.0,0.0,0.0,0.0,0.0,0.0,8.127055467778729e-05,0.0006772546223148941,0.0,0.0,0.0,0.0008508401916651424,0.0
TF08_6wk,0.1259816775450232,0.0,0.0,0.0,0.0,0.0,0.0,0.0,0.0,0.0,0.0,0.0,0.0,0.0,0.0,0.0019146468727963663,0.0,0.0010425486407402117,7.031221116707618e-06,0.008292871679987804,7.031221116707618e-06,0.0,0.0,0.0,0.0,0.0,0.0014860826050538164,5.1033056492232715e-06,1.0660238467266388e-05,2.9485765973289894e-06,0.0,0.0013312823336940327,0.0034789801644716065,0.0,0.00851310767044985,0.0004873089861047199,0.0,0.0,0.006186113701196232,0.0003495197335756916,0.005527673865654238,0.14509469126928753,0.0,0.00018473966450188243,0.002355685887681462,0.006134286797158577,0.0002793209292008192,0.0,0.0,0.0,0.0005029591234290046,0.0,1.0660238467266388e-05,0.0,0.0,0.0,0.004344500802579873,0.0,0.0,5.364141271294682e-05,0.0,0.0,0.0,2.4042239947451856e-05,0.0008257148540443252,0.00013642837102256878,0.00010762304580250854,0.007122967211601432,0.0,8.165289038757234e-05,0.0,0.0,0.0007499591168514108,0.0,0.0016552855390236192,0.00011510789408803487,0.0,0.002686266686958925,0.008591358357071264,0.0,0.0,0.0,0.024767816603979198,0.0,5.069283611561783e-05,0.0008951198108737618,0.014916281971926392,0.0,0.0004169967749376437,0.0,1.8825527506023624e-05,4.9445361401363254e-05,0.0,3.0393020310929705e-05,0.011240654429771383,0.0,0.0,0.0,0.0,0.0,0.0007330615048128716,0.0026965867050495764,0.0,0.0,0.0,0.00031209549214805313,0.0,0.003391203307304966,0.00043094581037885285,0.0,0.0,0.0,0.0,0.0,0.0,0.0,0.000734762606695946,0.0,0.0010755500172718556,1.9619375051458355e-05,0.0,0.0,0.00851741712855364,0.04270060584176537,0.000732267657267437,0.0003057447117845764,0.0,0.00020390541238452092,7.246694021897044e-05,0.0001817910879045534,0.00010694260504927864,0.003906523771084312,0.0,0.00699311643452675,0.0,0.0,0.0,0.0,0.0,0.4958326406068448,0.0,6.146648137508917e-05,0.00549070325139542,0.0,8.720982320561545e-05,0.012494933551558255,0.0,0.0,0.0,0.0001242938442566379,0.0001458411347755806,0.0,0.004769436052971865,0.0,0.00214032638928424,0.0,0.0,0.0011585637891658874,0.0,0.0,0.0,4.876492064813348e-05,0.0,0.0003125491193168741,0.0,0.0,0.00030744581366765083,0.00019233791957961485,0.0,0.0,0.0031144907343248485,0.0,0.0017527019735276812,0.0,0.0,0.00016285215360632482,0.0004912782238318924,0.00011556152125685585,1.4289255817825158e-05
TF10_12wk,0.0,0.0,0.0,0.0,0.0,0.0,0.0,0.0,0.0,0.0,0.0,0.0,0.0,0.0,0.0,0.0007784701530317061,2.5425429588058222e-05,0.0,0.0,0.0007032108814510534,0.0005359680557162698,0.0012467500650891006,0.0,0.00015176156416338708,0.0,0.0,0.0013591869648229586,0.0,0.0022044412462392977,0.0,0.0,0.0,0.009651380069717665,0.0,0.0,0.0033861022115829692,0.007688649907428841,0.00010283173744503594,0.011681120364209568,0.00114617836582967,0.007657348378558209,0.001864644505033547,0.005163283238833607,0.004723253804096277,0.020149822451400155,0.007708538243462166,0.0036554987633071073,0.0,0.0017642988095926768,0.0,0.0001578636672645222,0.0,0.0011529584803864853,0.0,0.0,0.0,0.0,0.0,0.0,0.0,0.0,1.0509177563064113e-05,0.0,0.0,0.0,0.0,0.0,0.014174394490569323,0.0,5.548393745660731e-05,0.0,0.0,0.005109042322379083,0.00032601050827354804,0.005935877292582739,0.0022547270958690135,0.0,0.002501297261918528,0.04468005091414027,0.0,0.0,0.0,0.00491185399068503,0.0,0.0003797994170909514,0.0007673959659222407,0.0010296733973617226,0.0,0.07065094071829431,0.020317856290499897,0.0,0.0,0.0,0.0,0.07058777265100676,0.0,0.0,0.0,0.01499704839012961,0.0,0.0013033640216385104,0.0009670703396204588,0.0,0.0,0.0,0.0018641924973964374,0.0,0.0,0.001509027496528571,0.0,0.0005899829683522336,0.0,0.0,0.018738654608308272,0.0029647180918768823,0.006019724709268692,0.0011782709080652633,0.0,0.0,0.0,0.0,0.0,0.008335359834239765,0.0007298793320411935,0.002839285972575794,0.0016647441275167796,0.0,0.0003083822104258264,0.0,0.003845906980444333,0.0002274728433811619,0.0006741693907660268,0.0,0.016872315074635512,0.0,0.0,0.0,0.0,0.0,0.5278073968337772,0.0,0.0,0.025564534938382222,0.00023662599803286292,0.004414306584124048,0.012818258577296817,0.0,0.0,0.0,0.0,0.0,0.0,5.989101191853742e-05,0.0,0.0040799339345637614,0.0001370713159569545,0.0,9.989368780374919e-05,0.0,0.0,0.0,0.0,0.0,0.0,0.0,0.0,0.0,3.401357469335804e-05,0.0,1.6385276845637482e-05,0.0,0.0,0.0007504456795302006,0.0,0.0,0.0,0.0,0.0,0.0
TF10_26wk,0.0,0.0,0.0,0.0,0.0,0.0,0.0,0.0,0.0,0.0,0.0,0.0,0.0,0.0,0.0,0.001818427825145713,0.0,0.0,0.0,0.0,0.0,0.0,0.0,0.0020961658929304974,0.0,0.0,0.0,0.0,0.02199678540360368,0.0011026044769915668,0.0,0.0010624307176563832,0.00013512991776379297,0.0002311295504608505,0.0,0.0066349311359156565,0.33129508026230176,7.652144635272702e-06,0.0,0.00755318849214838,0.013762903863672177,0.01752306339001834,0.001273212519882533,0.0,0.0,0.0018909492868027294,0.0008017360629228899,0.0008706053646403444,0.00017756453801394157,0.0,0.00011860824184672671,0.0,0.0003763463861529575,0.0,0.0,0.0,0.0,0.0,0.0,0.0002146078745437844,0.0,0.0,0.0,0.0,0.0,0.0,0.0,0.0020394704576782497,0.0,0.0,0.0,0.0,0.0,0.0,0.0,0.0008648662561638897,0.0,0.023495562277848683,0.027370156148967786,0.0,0.0,0.0005005198240980645,0.001338777486416574,0.0,0.0,0.0,0.08664940760226642,0.0,0.0,0.0,0.0,0.000949735496664187,0.0,0.002051470411765382,0.030508405011319968,0.0,0.0,0.0,0.0,0.0,0.0032799874504827816,0.0,0.0,0.0,0.0,0.0,0.0,0.009208486506660325,0.0,0.0,0.0,0.0,0.0,0.0,0.0,0.0,0.005761369260848047,0.0,0.0,0.0,0.0,0.0,0.0,0.0,0.0,0.0,0.0,0.0,0.0,0.0019749489654126377,0.0,0.02016809674815158,0.0,0.01244412630073414,0.0,0.00012417343794510704,0.0,0.020583747331749346,0.0,0.0,0.0,1.2347778843280951e-05,0.24154377148470046,0.0,0.0,0.07284128652029508,0.0,0.0,0.0,0.0,0.0,0.0,0.004822068506868323,0.0,0.007988665086846609,0.0,0.0,0.0,0.0,0.0,0.0,0.0,0.0,0.0,0.0,0.0,0.0,0.0003919985001796516,0.0,0.0,0.0,0.0,0.002284860823141199,0.0017746019058709696,0.0,0.005041024190863967,0.0012559951944531695,0.0017869496847142505,0.0
TF10_6wk,0.0,0.0,0.0,0.0,0.0,0.0,0.0,0.0,0.0,0.0,0.0,0.0,0.0,0.0,0.0,0.0006839950294894972,0.000293454918485618,0.0,0.0,8.179453652293635e-05,0.0,0.00039567190650915946,6.315250387110183e-05,0.0003328335941996053,0.0,0.0,9.195339701298083e-05,0.0,0.0,0.0,0.0,0.0,0.0002724040838619173,0.0,0.0,0.0003161814414375734,0.00010944339393913914,0.0,0.00015594374504821024,0.0,0.0016101270224118096,8.284184172809558e-05,0.0005569569081036818,0.0,0.00018694397912092365,0.0005494163106265353,0.004128477118737709,8.860202035647138e-05,0.00012159213431898733,0.0,0.00028046833394164346,0.0,0.0011511978815110324,0.0,0.0,0.0,0.0,0.0,0.0,0.0,0.0,0.0,0.0,0.0,0.0,0.0,0.0,0.0024347751409541925,0.0,4.712873423216563e-06,0.0,7.5405974771465e-05,0.0021157659754626893,0.003588172363396059,0.004523834833685321,0.0,0.0,0.0021552493816971922,0.011762598950704929,0.0,0.0,0.0,0.0017152764650097971,5.697340316066245e-05,0.0002541809732921466,0.0008320839854990131,0.11912646367448093,5.980112721459238e-05,0.11098460827905252,0.0225869171681077,0.0,0.0,0.0,3.99023283165669e-05,0.2531175395868279,0.0,0.0,0.0,0.0010056224579938977,0.0,0.00025072486611512116,0.002024859883654867,0.0,0.0,0.0,0.0015545151160178542,0.0,0.0,0.00023951870041991733,0.0,0.0,0.0,0.0,0.0002511437881971848,0.0,0.0,0.0012509013370421917,0.0,0.0,0.0,0.0,0.0,0.035932099014328756,0.004023432406660238,0.0011085725596610514,0.009455595044780165,0.0,0.0,0.0,0.0023274263574253706,0.0,4.063544196017837e-05,0.0,0.004758640660682022,0.0,0.0,0.0,0.0,0.0,0.13877893638825298,0.0,0.0,0.19492528262840011,0.002395710656801753,0.01066167171904154,0.03953001131613279,8.11661533998408e-05,0.0,0.0,0.0,0.0,0.0,0.0,0.0,0.0015648834375489307,0.0002635019896180638,0.0,0.0,0.0,0.0,0.0,0.0,0.0,0.0,0.0,0.0,0.0,0.00017657565758984724,0.0,0.0,0.0,0.0,0.0,0.0002474782199791275,0.0,3.822663998831212e-05,0.0,0.00012515297201652872,0.0
TF11_12wk,0.0018062220834171073,0.0,0.0,0.0,0.0,0.0,0.0,0.0,0.0,0.0,8.592696971828235e-05,0.0,0.0,0.0,4.3686428113982546e-05,0.00198540873300992,0.0,0.00010203827654046041,0.0,0.01682898291901972,0.0024276434497571484,0.0,0.0,0.0015042383581091153,0.0,4.78175324273614e-05,0.0002496219781359239,0.0004795179331754633,0.009744758687221803,0.00013653299755717475,0.0032463250470610243,0.008501502844110404,0.0,0.0,0.019992685879813163,0.0015041350805012706,0.0,6.227639752418779e-05,0.008096861176614935,0.0001387018273216977,0.011825389374655118,0.025325012049914896,0.0,0.004363582208614365,0.017630107322991733,0.0,0.004417596397511795,1.0534315999116359e-05,0.00015636229826139378,0.0,9.563506485472293e-05,0.0,0.0008200242062057244,0.0,0.0,0.0,0.0,0.0,0.0,0.0,0.0,0.0,0.0,0.0,0.0,0.0,0.0,0.006820659776604339,0.0,2.2204685684411932e-05,3.253244646785934e-05,0.00022659107158883618,0.0023445049754503866,0.01811654485589211,0.0030750907732714663,0.00031757864409100785,0.0,0.00038285009224239553,0.00531311653504452,0.0,0.0,0.0,0.0,0.028187454228655182,0.00011061031799072177,0.0002965100120927751,0.1495532055768669,0.0,0.0,0.0,0.0,0.0009302214137651072,0.0,0.0002959936240536028,0.048441329178681734,0.0,0.0004059842763973166,0.0,0.00027027749970281767,0.0,5.391091128959538e-05,0.004351188895674228,0.0,0.0,0.0,0.00036777156149856225,4.182743117296191e-05,4.2343819212134385e-05,0.0,0.0,0.0,0.0,0.0,0.0,0.0,0.0,0.0,0.0,0.0,0.0,0.0,0.0002176059197072359,5.060602783889231e-05,0.0002276238476671809,0.0,0.0,0.0,0.003016842202452823,0.0,0.007396019329850193,0.0003362718911090477,0.007856121072752777,0.0,0.005392330460253562,0.0,4.02782670554449e-06,0.0,0.0,0.016389536697684032,0.49440292168221467,0.0,0.0,0.0,0.0011272750895132849,0.0,0.032602468685971116,0.0,0.0,0.0,0.004584286456556636,0.003339068338896382,0.0,0.0,0.0038093945649745773,0.003754657432822306,0.0,0.0,0.00024332204405802098,0.0,0.0,0.0,0.0,0.0,0.0,0.0,0.0,0.00015016564179132536,0.002809977153960361,0.0,0.0,0.00014768697920329796,0.0,0.0004998636219188547,0.0,0.0,1.2496590547971366e-05,0.0,0.0,0.0
TF11_26wk,0.005055267822315954,0.0,0.0,0.0,0.0,0.0,0.0,0.0,0.0,0.0,6.0189009730421244e-05,0.0,0.0,0.0,7.206441299932392e-06,0.0031727626562617736,0.0,0.0,0.0,0.005327387105768321,1.0555914016802276e-05,0.0,0.0,0.0035375506848808968,0.0,1.9487841261789002e-05,0.0010054508101004264,0.0,0.0,0.0,0.000422642557365049,0.001826985118292719,0.0,0.0,0.0009679976151754247,0.00031241445522805497,0.0,0.0,0.0003115009626689086,2.943476023916037e-05,0.0007647962703519799,0.006121922633879177,0.0,0.0013728778172237299,0.022049274397635397,0.0,0.007470136152005974,0.0,0.00012443798639038186,0.0,0.001187032831024075,0.0,0.0008971511922549636,0.0,0.0,0.0,0.0,0.0,0.0,0.0,0.0,0.0,0.0,0.0,0.0,0.0,0.0,0.015495168284106743,0.0,9.784520300189896e-05,0.0,0.002047745820086423,0.01137998580432553,0.006955738342033335,0.0027647359798430764,7.713937166124815e-06,0.0,0.004300012474248391,0.07977520369107834,0.0,0.0,0.0,0.0,0.0005571289619060408,0.0027347937237377235,0.0053194701702557285,0.3781845999973408,0.0,0.0,0.0,0.0,0.004924841384704501,0.0,0.00017650706226172438,0.14521435965643342,0.0,0.0,0.0,0.0010434115008916196,0.0,8.617279807947315e-05,0.07457560404441727,0.0,0.0,0.0,0.0021186937421801234,2.3344809844851412e-05,8.20113319766954e-05,0.0,0.0001295129450523061,0.0,0.0,0.0,0.0,0.0,0.0,0.0,0.0,0.0,0.0,0.0,0.0,2.7912272640583107e-05,0.00027323577435799996,0.0,0.0,0.0,0.00012606197316219762,0.0,0.0006123445121477764,0.00025060145872581795,0.0005388591107231137,0.0,0.0025131195293848735,0.0,0.0,0.0,0.0,0.04354923526970412,0.057610626232644034,0.0,0.0,0.0,0.003300042619502843,0.0,0.005168033403783911,3.0043755278591385e-05,0.0,0.0,0.003942024890236258,0.015297244896291699,0.0,0.0,0.005055775318182146,0.05995515563527978,1.7863854489973257e-05,0.0,0.0006334563401813811,0.0,0.0,0.0,0.00010515314347506984,0.0,1.5123376812534175e-05,0.0,0.0,0.000403357714449736,0.0004925754877263648,0.0,0.0,0.0,0.0,9.134925591463596e-06,0.0,0.0,8.931927244986628e-06,0.0,7.409439646409351e-06,7.61243799288633e-06
TF11_6wk,0.029270198108395765,0.0,0.0,0.0,0.0,0.0,0.0,0.0,0.0,0.0,4.012082334513435e-06,0.0,0.0,0.0,2.4998359161198988e-05,0.0011102151936940765,0.0,3.3742641172318116e-05,0.0,0.0009400617531483016,1.7694311834264276e-05,0.0,0.0001642896279030245,0.0009140346549269709,0.0,2.3043754946948956e-05,0.0009335806970694723,0.00019762077345128996,0.0,5.946111767560937e-05,0.002221047630824232,0.004680762723599007,0.0008047825667409897,0.0,0.0018672642680449577,0.0011610349032645801,0.0,0.0,0.0018965833312587096,0.0,0.015452380800519474,0.017047955082783665,0.0,0.002881806729146791,0.0059787227957670995,0.0,0.007849176154898465,0.0,6.110710017182e-05,0.0,8.281349434059782e-05,0.0,0.00019494605189494766,0.0,0.0,0.0,0.0,0.0,0.0,0.0,0.0,0.0,0.0,0.0,0.0,0.0,0.0,0.0086784427112706,0.0,7.540657310764983e-05,0.00026613479485605783,0.00014381772060640362,0.0015066912274688143,0.004232129619475594,0.0021301070979085944,8.713419839315074e-05,0.0,0.0008699017492473231,0.009797402186975793,0.0,0.0,0.0,0.0013658568501367916,0.0,0.0005461575670238928,0.0006390527041537809,0.08745053565414122,7.016000390097841e-05,0.0,0.0,0.0,0.0003258016603436925,0.0,0.0006992339391714824,0.04660280528911786,0.0,6.378182172816229e-06,0.0,0.00018661326550788128,0.0,4.917372707429287e-05,0.003453271277049912,0.0,0.0,0.0,0.0007364742931482482,0.0,2.191214198080414e-05,0.0,0.0,0.0,0.0,0.0,0.0,0.0,0.0,0.0,0.0,0.0,0.0,0.0,0.0002832118632542422,0.0001425832337342467,0.0011623722640427409,0.0,0.0007967584020719628,0.0,0.0005489351624862484,0.0,0.005797253225559876,0.00017365115335022147,0.0012092827651847544,0.0,0.01117735276223639,0.0,2.3455250571001615e-05,0.0,0.0,0.05796059888250134,0.5456084261135946,0.0,0.0,0.06693552419090187,0.0004154048324811602,0.0,0.016588520218528868,0.0,0.0,0.0,0.00910948437746576,0.0029298488432549386,0.0,0.0,0.008431853958557042,0.0026820256036692138,0.00038680588660950033,0.0,0.00026057960393134687,0.0,0.0,0.0,0.0,0.0,0.0,0.0,0.0,4.783636629612172e-05,0.0012125747301771758,0.0,0.0,1.6768446680145894e-05,0.0,0.000284960719656467,0.0,0.0,0.0,0.0,0.0,0.0
TF13_12wk,0.0,0.0,0.0,0.0,0.0,0.0,0.0,0.0,0.0,0.0,0.0,0.0,0.0,0.0,0.00013623186560865057,0.0013092426391161423,0.0,0.0039032944704645843,0.0,0.09525533259978244,0.00346852284209033,0.0,0.0,0.00021045616013393644,0.0,0.0003697868725865556,0.001299387131129372,8.058931010006834e-05,0.03741222694853147,0.0010612123547826834,0.004097016799329335,0.0050805143671747545,0.0001213459420869819,0.0,0.0043924767158490755,0.0011967255896006327,0.0,3.1209108624739844e-05,0.03086303656824643,0.0,0.02984258084545066,0.0,0.00039647887338403054,0.012331191060725744,0.0033107320527606425,0.0032628917744082445,0.003193287249251753,5.749046325609971e-06,0.0005496498933449248,0.0,7.658550998044711e-05,0.0,3.973001657162605e-05,6.580604811992842e-05,0.0005290149234976462,0.0,0.0,0.0,0.0,0.0,0.0001782204360939091,0.0,0.00010799994168824445,0.0,0.00045222409043414144,0.00013346000398737433,0.0,0.0058716242061952984,0.0,2.4638769966899772e-05,0.00020901889855253394,0.000541334308481096,0.00126920463791993,0.0,0.00900013202274241,0.0008840185341040617,0.0,0.00027379833125717486,0.005647616722579567,0.0,0.0,0.0,0.003309500114262297,0.0006218209570396356,0.0003064447014633172,5.441061701023723e-05,0.01642553865997533,0.002587892138856717,0.0,0.0,0.000632703080441683,0.0009635812287888416,0.0,0.0007419349606282724,0.02714391690328432,0.0,0.0,0.0,0.0007458360992063651,0.0,0.0010776382014272834,0.004425533732221333,0.0,0.0,0.0,0.0006598057274052729,0.0,0.0,0.0,0.0,0.0,3.2338385581556085e-05,0.0,0.0,0.0,0.0,0.0079402542679996,0.0,0.0,0.0,0.0,0.0,0.0013362426245382033,0.007883071789368087,0.0,0.0003336500099684358,0.0,0.005665787815430156,0.0,0.01965444946413756,0.013651623807868418,0.010384625571799125,0.0,0.01659226100341802,0.0,1.6836492810714914e-05,0.0,0.00016456645107058542,0.0,0.5073121709569269,0.0,0.0,0.04867881782360398,0.004037062459076545,0.008588459241212125,0.014261946672256833,0.0,0.0,0.0,0.0030613671683873095,0.0,0.0,0.0,0.0,0.0008944900113399942,0.0003406309947923908,0.0,0.0002636348386458287,0.0,0.0,0.0,0.0,0.0,0.0,0.0,0.0,0.0,0.00020357783685151021,0.0,0.0,0.0,0.0,0.00022431546824031764,0.0,0.0,0.0,0.0,0.0002956652396027985,0.0
TF13_26wk,0.0,0.0,0.0,0.0,0.0,0.0,0.0,0.0,0.0,0.0,0.0,7.224937479960852e-05,4.442860529404915e-06,0.0,0.00010324361611188566,0.004204850143901081,0.0,0.003996458828593279,0.0,0.11554959930158239,0.002952598168970228,0.0,0.001404578621653297,0.0006803923553602957,5.839188124360746e-05,0.0001478837861930483,0.004227170228941662,0.0,0.034261965231654465,0.00021484404131479485,0.008680397432915191,0.025621236196323248,0.00016396271001375284,0.0,0.006876172928402565,0.005950048072808755,0.0,0.0,0.03645642098599982,0.0,0.030341352379241637,0.0004603649767611951,0.0012961516682571054,0.008774755327968266,0.02370403609549147,0.01271504370558264,0.005602976039547384,7.468236985142549e-05,0.018786635748588687,4.337078135847656e-06,0.0005816973821713722,0.0,0.001101829411292419,0.0,0.0,0.00037616219148961625,0.0,0.0012122662301661878,0.0,0.0,0.0,2.2954779401925395e-05,0.002816985140429831,0.0,0.016479310180317733,0.00341423253445411,0.0,0.010839733432599535,0.0,5.585310379823323e-05,0.0,0.0015703396323575231,0.017073172537748187,0.0,0.005471805871536383,0.0003307815446535517,0.0,0.0020116637782784117,0.03206655743576709,0.0,0.0,0.0,0.010062973316708575,0.0,0.002590293471036623,0.004367331900405032,0.024267856253151667,6.167113544388252e-05,0.00034590842693223985,0.0,9.171333521414432e-05,0.00013434363981772006,0.0,0.01606919184049613,0.12431769033875653,0.0,0.0,0.0,0.0016957975511164335,0.0,0.005390776558071522,0.018600564518321466,0.0,3.913948561618616e-05,0.0,0.007756705572373197,0.0,0.0,0.0,0.0,0.00018014741622801358,2.6445598389314975e-05,0.0,0.0,0.0,0.0,0.005496453169235214,7.933679516794492e-05,0.0,0.0005647721992022106,0.0,0.0007092709488014276,0.0005681572357960429,0.003631509570820732,0.0,0.054062525222489485,0.0,0.0013880765682583642,0.0,0.0002635039423511344,0.0016261927361557562,0.03330971212485201,0.0,0.07944490477416044,0.0,0.0,7.457658745786812e-05,0.0017346196895519372,0.0,0.04295452763982874,0.0,0.0,0.04536054818128862,0.00020902600966914557,0.0009961528001287165,0.030952034137247803,0.0,0.0,0.0,0.0061370713446179895,0.0,4.093778630665958e-05,8.737625707829668e-05,0.0,0.007133647274320936,0.014144058060147556,0.0,0.00024890597204023254,0.0,0.0,0.0,0.0004532775563928587,0.0,0.0004257741340679711,0.0,7.04510741091351e-05,0.000804686667790076,0.00047834798366592926,6.346943613435594e-05,0.0,0.0,0.0,1.7983006904734184e-05,0.0,0.0,0.0,0.0,0.001656975412680919,0.0
TF13_6wk,0.0,0.0,0.0,0.0,0.0,0.0,0.0,0.0,0.0,0.0,0.0,0.0,0.0,0.0,4.504626712334029e-06,0.0033590182370836245,0.0,0.0034933380154150394,0.0,0.07724800068797939,0.0018512992008894497,0.0,0.00010237787982577338,0.0011215496734913472,0.00014291952023677963,1.8632774128290754e-05,0.004267110031138234,3.931310585309697e-05,0.030419129921112738,0.00043193227498493787,0.004795277513159389,0.00207171877615435,0.09377864980980755,0.0,0.004174662805655561,0.0006706774907386414,0.0,0.00017690897633893638,0.02091027244289491,0.0,0.014601235598631624,8.702119785190738e-06,0.0001718924602274735,0.007848288267443776,0.035076402052266996,0.016478129269477528,0.007588453208445974,3.757268189605882e-05,0.002414991807210158,0.0,0.001814647919911833,0.0,0.00018622536340308178,1.5663815613343325e-05,0.00034788003564797796,0.0,0.0,2.8665806351216542e-06,4.299870952682481e-06,0.0019558270161915644,0.0,0.00028696519715164275,0.0012534123827069434,0.0002726322939760345,0.000768448365972255,0.0015479535429656936,0.00010217312406612173,0.01225493934878455,0.0,6.357666337180527e-05,4.6991446840029975e-05,0.0009102417295309511,0.007064278463738004,0.0,0.0043238273765617025,0.0006445711313830692,0.0,0.0015701695428878863,0.049051904049403496,0.0,0.0,0.0,0.025723363707143992,0.0006032104679334567,0.0021552591260921815,0.0006082269840449196,0.09125268038086623,0.0031802664589078242,0.0,0.0,0.0,0.0005107632424507823,0.0,0.0049794553189659654,0.08915116964168258,0.0,0.0,0.0,0.001426021488093187,0.0,0.002433419825578807,0.08919160890421376,0.0,0.0,0.0,0.002970698938904456,0.0,0.0,0.0,0.0,0.0,0.0,7.463347439298879e-05,6.96169582815259e-05,0.0,0.0,0.0026579345160367284,2.405880175905674e-05,0.0,0.0,0.0,1.003303222292579e-05,0.0007671174535345189,0.005965456679567989,0.0,0.0021288456330971314,0.0,0.0030361184041131353,0.0,0.021211468165342334,0.018577285317425186,0.015228709624083788,0.0,0.020100565791352866,0.0,3.6856036737278415e-05,0.0,0.0031447413346082807,0.0,0.09749128124380939,0.0,0.0,0.032580736475754116,0.00022983834020886122,0.0026394041197882632,0.012110484160350383,4.607004592159802e-06,0.0,0.0,0.0,0.0,0.0,0.0,0.0,0.01836137036887263,0.010804142413773516,0.0,0.00023352394388258905,0.0,0.0,0.0,0.0,0.0,0.0,0.0,0.0,0.0002161197043122076,0.00016022138192733535,0.0,0.0,0.0,0.0,0.00015622864461413018,0.0,0.0,0.0,0.0,0.0,0.0
TF16_12wk,0.0,0.0,0.0,0.0,0.0,0.0,0.0,0.0,0.0,0.0,0.0,0.0,0.0,0.0,3.469171816856297e-05,8.530081290858425e-05,0.0,7.142412564115906e-05,2.958999490848008e-05,0.08818369468839184,0.00607043847270731,0.0,0.0,8.203571002213127e-05,0.0,1.8672307131903013e-05,0.01011457450097494,0.0005303751501182068,0.05608599872865046,0.0,0.009976215766161492,0.01923461906962934,0.0,0.0,0.0018732507466371988,0.005407928690152949,0.0,0.004124029014520524,0.013042045342075646,7.36688838755954e-05,0.03849872609970195,0.05213287744334281,0.0,0.044745480128277726,2.5508616300413952e-05,0.0015365370114717347,0.00016611210934829566,0.0,0.00039344489781758477,0.0,9.846325891959786e-05,0.0,0.00026610588524591833,0.00021876189339235005,0.00038191500324979765,0.0,0.0,0.0,0.0,0.0,0.0,0.0,0.0,0.0,0.0,0.0,0.0,0.00042701423686892956,0.0,0.0,0.0007662788336644351,2.5508616300413953e-06,0.0008986175350309827,0.0007467902508109188,0.003766092110593116,0.001150540629613871,0.0,0.00038558824399705625,0.006291547158799299,0.0,0.0,0.0,5.815964516494381e-05,0.0016505095091019742,0.0001609083516230102,0.00016662228167430395,0.00017621352140325959,3.6324269611789464e-05,0.0,0.0,0.0,0.0018276413406920588,0.0,0.0019122279123442213,0.03271877974942376,0.0,0.0002170273074839219,0.0,0.0008815777793423061,0.0,0.0005941466908692417,0.00184621161335875,0.0,0.0,0.0,0.0008848428822287592,0.0,0.000463338506480719,0.00012601256452404491,0.0,0.0,0.0,7.999502071809814e-05,0.0,0.0,0.0,0.0,0.0,0.0,0.0,0.0,5.1935542787642805e-05,0.000650673784590958,0.006383990384271999,0.0,5.326199083526423e-05,0.0,0.02018986573284724,0.0,0.007341889943585143,0.002408319482154682,0.00796521849150206,0.0,0.027462270205630055,0.006051766165575408,9.683070747637137e-05,0.0,0.009034845790211016,0.0,0.46600885046951157,0.0,0.0,0.0001398892517914701,2.5712685230817262e-05,0.0,0.0069855855911009615,0.0,0.0,0.0,0.0260169520060486,0.0,0.0,0.0,0.0,0.000854640680529069,0.0,0.0,7.183226350196569e-05,0.0,0.0,0.0,0.0,0.0,1.265227368500532e-05,0.0,0.0,3.112051188650502e-05,0.00014723573328598934,0.0,0.0,0.0,0.0,0.00016519379916148075,0.0,0.0,0.0,0.0,0.00011142163600020814,0.0
TF16_26wk,0.0,0.0,0.0,0.0,0.0,0.0,0.0,0.0,0.0,0.0,0.0,0.0,0.0,0.0,0.0,0.00018016530778409919,0.0,0.0003041818120676109,8.916552280038846e-05,0.05827043342596358,0.0032933158467005194,0.0,0.0,0.0,0.0,0.0,0.0008152276370321232,0.00035105740119695803,0.047816565629391405,7.958659806526102e-05,0.00623567619565871,0.004234190443290218,0.0,0.0,0.0038051768993020638,0.005002644394647623,0.0,0.0006500421370784892,0.019551910129305298,0.0,0.03360103370864376,0.005686824189026832,0.00012157082137241536,0.010567795858847413,0.0001047567513586268,0.00011372425536598118,0.0,0.0,0.0011577251480402438,0.0,0.00014388767793616973,0.0,0.00012085749719001225,3.7500471303477667e-05,0.0003099903089814638,0.0,0.0,0.0,0.0,0.0,0.0,0.0,0.0,0.0,0.0,0.0,0.0,0.0003592096775672782,0.0,0.0,0.00013328971865475214,6.15496865959253e-05,0.00031498357825828654,0.0012736912794080633,0.00641879670362705,0.0007114899202197854,0.0,0.00014225722266210549,0.007862361041901671,0.0,0.0,0.0,0.0017759734072744701,0.0007167888998604942,2.2622566927641417e-05,0.00017863675596466397,0.0014614993462893286,0.0,0.0,0.0,0.0,0.002828228479773693,0.0,0.0009574848596942285,0.033129016906802165,0.0,0.00022571615200326907,0.0,0.0011838124324252614,0.0,0.00012625838028535008,0.003949370287602121,0.0,0.0,0.0,0.0004543875041907796,0.0,0.002105223469180829,1.762929765081966e-05,0.0,0.0,0.0,0.0,0.00015285518194352307,0.0002006479021645313,9.161120571148483e-05,0.0,0.0,0.0,0.0,0.0,0.0,0.0011904361569761476,0.005990496483821299,0.0,0.0,0.0,0.005695893596488815,0.0,0.005059302715421357,0.003767778331453215,0.008548069388100328,0.0,0.022281292258088843,0.008293208848073158,6.593153514497296e-05,0.0,0.002624115860151775,0.0,0.6330884593318599,0.0,0.0,2.547586365725385e-06,0.0007935222011961418,0.0,0.01757875353732367,0.0,0.0,0.0,0.008972293469720918,0.0,0.0,0.0,0.0,0.0027327449427863057,0.0,0.0,0.0,0.0,0.0,0.0,0.0,0.0,0.0,0.0,0.0,0.00029266672169453217,0.0001410343812065573,0.0,0.0,1.8648332197109818e-05,0.0,7.693710824490662e-05,0.0,0.0,0.00036593530557279424,0.001496757941590978,0.0014227760335303128,0.0
TF16_6wk,0.0,0.0,0.0,0.0,0.0,0.0,0.0,0.0,0.0,0.0,0.0,0.0,0.0,0.0,1.8291972421364983e-05,4.921652248179418e-05,0.0,0.0,0.0,0.00377107707681345,0.00012309183651504073,0.0,0.0,0.0015357171984257587,0.0,1.687712372578979e-05,0.0006428466108966998,0.0,0.04028670493967136,0.0,0.041259110236015965,0.011493624439126186,0.0014596185507280356,0.0,0.0008056552715089594,0.0013696745979378986,0.0,0.0004920641641968283,0.011353554418264243,0.0,0.01837635803999393,0.006769141462737283,0.0,0.0004450709753795105,0.0060925406043889924,0.0,0.005731451005153991,0.0,5.922152397193294e-05,0.0,0.0004960055284202174,0.0,0.0002326415498010056,0.0,0.0,0.0,0.0,0.0,0.0,0.0,0.0,0.0,0.0,0.0,0.0,0.0,0.0,0.003950964982393724,0.0,1.0510304595701327e-05,0.00023486488346548192,0.0002643745848303359,0.002986846656980343,0.00019181305887155107,0.0,9.408743825575028e-05,0.0,0.0016364746376749347,0.012706149771234127,0.0,0.0,0.0,0.0024988249176280146,0.0032224189647936025,0.0007258173808300736,0.000927534380570651,0.07345449760693502,0.0,0.0,0.0,0.0,3.6482884221617354e-05,0.0,0.010506262170856928,0.051664109664518156,0.0,0.0,0.0,0.00026002897812249786,0.0,0.0,0.01766094990313845,0.0,0.0,0.0,0.001064269400935882,0.0,0.0011717979017995966,0.0,0.0,0.0,0.0,0.0,0.0,0.0,0.0,0.0,0.0,0.0,0.0,0.0,0.0,0.0006925684364840556,0.004149144860395364,0.0,0.0,0.0,0.0002112166981251527,0.0,0.0031294431933700903,0.00011945365415499123,0.0032492000293884286,0.0,0.05152767782601626,0.01404429345538492,0.0,0.0,0.0026604208507869237,0.0,0.55495449189701,0.0,0.0,0.003213828811999049,0.0,0.0,0.0,0.0,0.0,0.0,0.012299785013740709,0.0,0.0,0.0,0.0,0.0037435885878708357,0.0,0.0,0.00012824592819177992,0.0,0.0,0.0,0.0,0.0,0.0,0.0,0.0,0.0004100029398534682,0.0007056052566075708,0.0,0.0,0.0,0.0,0.00016765957042566028,0.0,0.0,0.0016799307047533057,0.0020269728776536877,0.002737833286559109,0.0
TF19_12wk,0.0,0.0,0.0,0.0,0.0,0.0,0.0,0.0,0.0,0.0,0.0,0.0,0.0,0.0,0.0,0.0003842341529010642,0.0,0.0031734294074166527,0.0,0.06759499935977872,0.003988026087775505,0.0,0.0,0.00016950910386558823,0.0,0.0,0.0015623832533926915,0.0012813550022471112,0.0036254874780725483,0.00021573885946529411,0.003305224763292997,0.0019175210469579759,0.0,0.0,0.0012598622211349672,0.002499042709501645,0.0,0.0010367225455320008,0.004157231048512138,0.0,0.036524244211928056,0.035510636544196006,0.000663538926315953,0.007619190904255035,0.0016277740261159597,0.0,0.00019941651154522253,0.00014061550661577206,0.00047608537784258513,0.0,0.00040187445437989936,0.0,1.672787209199884e-05,0.0,0.0004775047124443305,0.0,0.0,0.0,0.0,0.0,0.0,0.0,0.0,0.0,0.0,0.00021513057320740223,0.0,0.001763016337453696,0.0,0.0,0.0003047514152033243,0.00011668958047206361,0.0004429337767875329,0.0,0.007814957698252913,0.0008686327762681579,0.0,0.00014284588956137192,0.0024547391937185933,0.0,0.0,0.0,0.0,0.023166784893859628,0.0002946133109051432,0.0005737153222340693,0.006372204075578758,0.006370480597848067,0.0,0.0,0.0,0.016972707310799914,0.0,0.001002252990918185,0.1265280024071915,0.0,0.0012752721396682024,0.0,0.0028783091912966,0.0,0.0,0.002529051498224261,0.0,0.0,0.0,0.00033445606079699495,0.0,0.0,0.0,0.00018978531246195045,0.0,0.0,0.0,0.0,0.0,0.0,0.0,0.0,0.0,0.0,0.0,0.0,0.0008532228577349225,0.003663910893362655,0.0,4.440489682603328e-05,0.0,0.00489792094853726,0.0,0.012129025220257923,0.006208676453249097,0.0023144278302317666,0.0,0.017644458101597392,0.0,0.00018137068589445913,0.0,0.0064952806617586765,0.0,0.3913648899402329,0.0,0.0,0.08483373052736291,0.001330220664964334,0.005544833383804197,0.00350352608336543,0.0,0.0,0.0,0.0039071240154760194,0.05846604196343856,0.0,0.0,0.013614257499941454,0.00023429159033096456,0.00020124137031889513,0.0,1.8349968779707815e-05,0.0,0.0,0.0,0.0,0.0,0.0,0.0,0.0,0.0,0.0,0.0,0.0,0.0,0.0,6.985153861446788e-05,0.0,0.0,0.0,0.0,3.923446363396091e-05,0.0
TF19_26wk,0.0,0.0,0.0,0.0,0.0,0.0,0.0,0.0,0.0,0.0,0.0,0.0,0.0,0.0,0.0,0.0002547750888489754,0.0,0.004664839789443228,0.00015214881811984895,0.07153572898315275,0.0015600625621206136,0.0,8.083225710469502e-06,0.0002005458530698762,0.0,0.0,0.0005015692713002721,0.0003231243897931985,0.002674626836350288,0.0011947826154576249,0.0024195447895629402,0.006862658628188606,0.0,0.0,0.0014735004234996364,0.0013985003672240144,0.0,0.0008420879442678986,0.006178244744931258,0.0,0.02353988805857905,0.03105698101137721,0.0014133366675786736,0.002862075817382948,0.0004274900888397657,0.0,0.0002386086374280364,0.0,0.0035323696354751617,0.0,0.0006292637736631321,0.0,0.0007745571978260015,0.0,0.00042861560128046506,0.0,0.0,5.494547096863445e-05,0.0,0.0,0.0,0.0,0.00025723075235595347,0.0006891205716457216,0.0,0.0014407582434065854,0.0,0.0031074375294551744,0.0,0.0,6.016375592096287e-05,0.00012708058648611546,0.001898944126083588,0.0,0.013626886077472507,0.00019614612261987382,0.0,0.00023983646918152441,0.0018262974140021535,0.0,0.0,0.0,0.00032997978375017895,0.0003323331279443663,0.0004008870675141709,0.0005481245586200647,0.012241073305034546,0.0897168476729416,0.0,0.0,0.0,0.007353177413707477,0.0,0.00027605750590945204,0.09944741431934231,0.0,0.0040084613978905465,0.0,0.0007771151806457704,9.17804235733056e-05,0.00011981591527797197,0.002139189872516277,0.0,0.0,0.0,0.0008111875118050911,0.0,0.0,0.0,9.914741409423982e-05,0.0,0.0,0.0002805595556722452,0.0,0.0,0.0,0.0,0.0,0.0,0.0,0.0,4.52251362535129e-05,0.0012957717771820982,0.008175620049919551,0.0,0.010988480277850146,0.0,0.0017332891586753587,0.0,0.03316271246861091,0.005573435287025116,0.0009958738713924007,0.0,0.0068875222211967485,0.0,0.0,0.0,0.02425325830735618,0.0,0.3041256374748987,0.0,0.0,0.05715567044422741,0.024055782033670026,0.05289048989054496,0.03062130537751418,0.0,0.0,0.0,0.00034471376479204747,0.015456662348109546,0.0,0.0,0.010018390873281015,0.0007600278554097146,0.001502763746957792,0.0,2.3635761254663984e-05,0.0,0.0,0.0,0.0,0.0,0.0,0.0,0.0,0.0,0.00012032751184192574,0.0,0.0,0.0,0.0,1.6985005923265026e-05,0.00015040938980240715,0.0,0.0,0.0,0.0,0.0
TF19_6WK,0.0,0.0,0.0,0.0,0.0,0.0,0.0,0.0,0.0,0.0,0.0,0.0,0.0,0.0,0.0,0.0008886156450570714,0.0,0.004665004545746959,0.00015162605030626656,0.12862400421437487,0.005132223175743396,0.0,0.00018874863900699923,0.0006006374160898003,0.0,0.0,0.00342397718670255,0.001185090597323695,0.013403783307661102,0.000841479061039247,0.0019186410421676208,0.001714416228579661,0.002281471357343457,0.0,0.0016215591810939019,0.0008634289295625692,0.0,0.003728544256397125,0.00939656675733885,0.00020887778110903298,0.02444274644847083,0.028064070148947483,0.0010022087434519607,0.015626081056312652,0.0022984648039421477,0.0,0.003686869851643168,0.00015354792819540536,0.0019685087158173805,0.0,0.0009821807528177773,0.0,8.294420363651672e-05,0.00028767477456372384,0.002716018063224525,0.0,0.0,0.0,1.0013995317091653e-05,0.0,0.0,0.0,0.0,9.811692381392832e-05,0.0,0.0009617481563121964,0.0,0.0074644725699472576,0.0,1.0013995317091653e-05,0.00038366751755281454,0.0004038978111226967,0.003220258130453837,0.0,0.017422328822382486,0.00036758443416475825,0.0,0.0013874946844903556,0.01069241821195755,0.0,0.0,0.0,0.012393077840909792,3.590877108654078e-05,0.0012907938812263293,0.0006442336987328952,0.0013746484480734904,0.05174180804607332,0.0,0.0,0.00017529549378302863,0.0028429631553755354,0.0,0.0011082154817581428,0.11583238959013839,0.0,0.0004530574244975102,0.0,0.0008189222837088285,8.810292849683667e-05,0.0001703390718584075,0.069002800277236,0.0,0.0,0.0,0.0017058183538124609,0.0,0.0,0.0,0.0001456581137031513,0.00014808574893153718,0.0,0.00011571727921972577,0.0,0.0,0.0,0.0,0.0,0.0,0.0,0.0,8.112347721522733e-05,0.000511624124382319,0.003568522634259358,0.0,0.0008314650657221544,0.0,0.009549002019387912,0.0,0.012321260298736609,0.0019002314750190283,0.005057472241002682,0.0,0.013516567194313194,0.0,0.0,0.0,0.009985571754625968,0.0,0.21193164507487453,0.0,0.0,0.07402810635146256,0.0019375563666554506,0.0,0.00070694760879953,0.0,0.0,0.0,0.0026666561469140125,0.06931717903931196,0.0,0.0,0.014538500473995792,0.001408028432463796,0.0009407086509995178,0.0,0.0003473541405948761,0.0,0.0,0.0,0.0,0.0,0.0,0.0,0.0,0.0,0.00010246643693145296,0.0,0.0,0.0,0.0,4.056173860761366e-05,0.0,0.0,0.0,0.0,5.158724860319942e-05,0.0
TF20_12wk,0.02498536522880189,0.0,0.0,0.0,0.0,0.0,0.0,0.0,0.0,0.0,0.0,0.0,0.0,0.0,0.0,0.0007651116422519609,0.010929162616160476,0.0036308691694730446,0.00010966532322403021,0.011780519874726975,0.002316514487787082,0.0,0.00038825801063437993,0.00011821860748662867,0.0,0.0,0.0061053139416802375,0.0003951820978945777,0.0,0.0010544977598032097,0.00127484665437777,0.0003982368422740771,0.0012489831519646745,0.0,0.00011709853454747887,0.006351933637918503,0.0,0.00017921167026396765,0.0011237386324051972,0.0005234813618335555,0.06617737128860005,0.008942560521359336,0.0,0.023256990858881003,0.00648155662442193,0.012379147948296216,0.0005789758847277956,0.0,0.0045424048923156796,0.0,0.001556188611729669,0.0,0.00012056057817757824,8.909671106873391e-05,0.0006799860988765772,0.0,0.0,0.0,0.0,0.0,0.0,0.0,0.0001278919646883769,0.0,0.0,0.00016882553937366953,0.0,0.005454958863284805,0.0,0.00016739999199656878,2.8510947541994855e-05,0.00060972697814809,0.003740636317509725,0.023689949962268822,0.0010776119922747455,0.0005410970544220023,0.0,0.002098914863154071,0.015374935761271327,0.0,0.0,0.0,0.001594780215724012,0.00040750290022522647,0.0005326455949720538,0.00036331093153513445,0.02723885015755863,0.0049949143597321985,0.0,0.0,0.0,0.0,0.0,0.00015263539416232247,0.18995551172110517,0.0,0.017541971424088233,0.0,0.000465135744185116,0.00012392079699502764,6.26222597797387e-05,0.007722291966561956,0.0,0.0,0.0,0.002589506810501683,0.0,0.0,0.004515217667338125,0.0,0.0,0.0,0.0001311503586931763,0.0,0.0,0.0,0.0009553203922821276,0.0,0.014724682507688542,0.0,0.0,0.0,0.0,0.0,0.0038162921533086615,0.001844352831529117,0.0,0.003262161522867461,4.1849997999142344e-05,0.0313100098169302,0.0007344623736443175,0.004437932634536799,0.0,0.02510317653703792,0.005240617632656604,0.00016750181680921976,0.0,0.0,0.14607665432991182,0.0487311151884029,0.0,0.0,0.1464135926349706,0.0036636567591463386,0.001728578019546078,0.021269065041515513,0.0,0.0,0.0,0.006309370866230811,0.015085040519656827,0.002163471794374149,2.942737085584469e-05,0.0,0.004701251600049651,0.0009456470350803793,0.0,0.0008891342640596395,0.0,0.0,0.0,0.0,0.0,0.0,0.0,0.0,6.608430340983808e-05,0.00021607225244326,0.0,0.0,0.0,0.0,0.0,0.0,0.0,0.0,0.0,0.0,0.0
TF20_26wk,0.020741439957830128,0.0,0.0,0.0,0.0,0.0,0.0,0.0,0.0,0.0,0.0,0.0,0.0,0.0,0.0,0.00010818745084049977,0.002165059768777308,0.0007215185444684205,1.4014963342804623e-05,0.006917039785657787,0.0009512026199713651,0.00011695940631405279,4.950609353465553e-05,0.0,0.0,0.0,0.002545782801744435,0.00017100271819709935,3.9524213168197486e-05,0.00023654031656273296,0.003479139029545466,0.0020534441974069135,0.0,0.0,0.00022978490257735226,0.0031516526918661156,0.0,0.00023361633140488159,0.006157811915360514,0.0,0.0361936932463304,0.006986106331627723,0.0,0.010295553394943303,0.004017152298590114,0.002092363448128659,0.0003139755097085892,0.0,0.00032042844247074395,0.0,0.00037003536307980814,0.0,7.25954935742403e-05,7.219218527660552e-05,0.0004042157413043463,0.0,0.0,0.0,0.0,0.0,0.0,0.0,0.0,0.0,0.0,1.0889324036136043e-05,0.0,0.003250059916488974,0.0,3.700353630798081e-05,0.0,3.36762428524948e-05,0.0016152497320268463,0.043480163432621545,0.00019832685536184814,5.9992109273156906e-05,0.0,0.0010600958603327257,0.0052214308753272334,0.0,0.0,0.0,0.00010798579669168244,0.0016367258988758927,0.00017866557585215806,0.00022786918816358756,0.12629478347940348,0.002918842977056503,0.0,0.00499164597274988,0.0,0.00024561475325951196,0.0,0.000260738814420813,0.173811558835975,0.0,0.011432983621347577,0.0,0.0002457155803339216,0.00021355174359755685,0.00039473799630993157,0.002119889239442215,0.0,0.0,0.0,0.003119892163427385,0.0,0.0,0.002179881348715382,0.0,0.0,0.0,0.0,0.0,0.0,0.0,0.005401306376072295,0.00012976444476395352,0.002586920248103171,0.0,0.0,0.0007482377191867183,0.0,0.0,0.0016731244727374213,0.001656891313757626,0.0,0.0015668527363106863,0.0,0.008142592875095134,0.00051966274150227,0.002420051439956827,0.0,0.01694560308756704,0.0022130534561958337,0.0,0.0,0.0,0.10649022869697866,0.03391358978565281,0.0,0.0,0.2480486180086628,0.004132800952936854,0.006586125327448541,0.022743361520214212,0.0,0.0,0.0,0.019991387351304055,0.004086521325783276,0.008034304597180228,0.0,0.0,0.00257865242800166,0.00033353596214386966,0.0,0.00020528392349604613,0.0,0.0,0.0,0.0,0.0,0.0,0.0,0.0,0.0002700149052664104,0.0017863532772983545,0.0,0.0,0.0,0.0,0.0,8.872782547962702e-05,0.0,8.782038180994902e-05,0.0,4.910278523702086e-05,0.0
TF20_6WK,0.06290656922904755,0.0,0.0,0.0,0.0,0.0,0.0,0.0,0.0,0.0,0.0,0.0,0.0,0.0,0.0,0.0006683001988608043,0.0001629255398715964,0.000760862271200355,0.0,0.007125548486284267,0.0006271615000432262,3.635276108384994e-05,3.0243053338665077e-05,7.433477756641574e-06,0.0,0.0,0.005838538549761076,2.9530254101726846e-06,1.2219415490369626e-05,0.0005648424810423407,0.00010590160091653763,0.0007505775964959605,0.00039265055109054725,0.0,0.0020466502661745096,0.0023140518084887674,0.0,1.720901014893737e-05,0.007643651703075943,0.0012440383253820581,0.021112298770411035,0.027019877017692803,0.0,0.018028831099878757,0.004524645899159071,0.007230329974114177,0.0018897326055856783,0.0,0.0026157695426384797,0.0,0.0022429755417197835,0.0,0.0004692255548301975,0.00035018808226151143,0.0012028996265644799,0.0,0.0,0.0,0.0,0.0,0.0,0.0,0.0,0.0,0.0,0.0001864479146905581,0.0,0.008139250829672855,3.767653109530666e-05,0.00019194665166122346,0.0003921414087784485,0.00018217111926892768,0.006398900578456947,0.04766233926249922,0.0,0.0002778898739434905,0.0,0.0025830826062017407,0.016465967858660467,0.0,0.0,0.0,0.021892712106396085,0.0011295831336222615,0.0001246380380017712,0.0003784963948142023,0.16044723875322453,0.007357004581364343,0.0,0.0,0.0,0.0,0.0,0.0,0.11355319523968231,0.0,0.005735386317329861,0.0,0.0025217818718250525,0.0,0.0002929604863816142,0.0036770257779770803,0.0,0.0,0.0,0.0167265468939926,0.0,0.0,0.001177442510959533,5.804222357925621e-06,0.0,5.4274570469725436e-05,0.0,7.8713401450465e-05,0.0,0.00012748923494952416,0.0,0.0,0.0078068827283347885,4.4295381152590266e-05,0.0,0.0,0.0,0.0,0.009474629285845427,0.0020970553550722845,0.0,0.0044056084265903855,0.0001610926275480409,0.0020882981073041865,0.0008878423638377804,0.003549231057640307,0.0,0.03625836609918683,0.0009698142760856774,0.0004777791456734564,0.0,0.0,0.08204461777006462,0.060642617024069305,0.0,0.0,0.12907012182859073,0.00556624924125066,0.0018112228610600528,0.018916571635254117,0.0,0.0,0.0,0.013915674017357783,0.005113418068870053,0.012828655181027078,0.0,0.0,0.0013301852045891646,0.00035293745074684566,0.0,0.00041810766669548417,0.0,0.0,0.0,0.0,0.0,0.0,0.0,0.0,0.0012009648857785047,0.000785912072955613,0.0,0.0,0.0,0.0,0.0,3.8287501869825145e-05,0.0,0.0,0.0,0.0,0.0
TF21_12wk,0.0,0.0,2.103683262059521e-05,0.0,0.0,0.0,8.230019395959686e-05,0.0012241384211272206,0.0,0.0,0.0001751701135773454,9.358825048772111e-05,0.0,0.0,0.00046157889330457195,0.018122051187642107,0.0,0.00015064424530260374,0.00040719098457815504,0.06909285996560424,0.0008925774152874982,0.0,0.0,0.0020411884763719967,0.0,0.000605860779473142,0.005527042950952467,0.00010179774614453876,0.011246803812448646,0.0,0.0020958842411855443,0.0009872944714280317,0.0,0.0,0.0010070998797001042,0.0020263087654940146,0.0,0.0023806511217814063,0.01485775047709999,0.0,0.008598317894863669,0.021832537987132257,0.0,0.0012519480876646905,0.04994287730303297,0.004016085275315191,0.010941410574015134,0.0,0.0021632021055714486,0.0,0.007612152229088448,0.0,0.0021518114303476143,0.0,0.00010467106962442495,0.0,0.0,0.0,0.0,0.00015680136704521698,8.835469700649977e-05,0.0,0.0002209380518641048,0.0,0.0006973966560466588,0.0027497705702510694,0.0,0.035632289711459875,0.0,0.00018922887488964668,1.908707740210102e-05,0.0005996010390348186,0.013170596500928255,0.0,0.004267603698500942,7.460379178133034e-05,0.0,0.0041278370349436206,0.020955763850984136,0.0,0.0,0.0,0.0,4.669150654815034e-05,0.0026501278167164353,0.002183828463409203,0.02144104766299777,0.00030621418799929806,0.0,0.0,6.926761960439886e-05,0.0011981758911125348,1.2724718268067345e-05,0.0024654141644380482,0.07332454712060672,0.0,6.926761960439886e-05,0.0,0.008430536327377457,0.0,0.002677321771079654,0.01627768536964231,0.0,0.0,8.445518656951148e-05,0.005590050830118553,0.0003872829576103723,0.0,0.0,0.0,0.0,0.0,0.0,0.0,0.0,0.0,0.004898811295814508,0.0,0.0,0.0,0.0,0.00022278518838688877,0.0015499527800071709,0.0076347283421446975,0.0,8.7020653962267e-05,3.9200341761304245e-05,0.0004414656289453687,0.0,0.006715059591189701,0.0022199502442992007,0.005269264787328404,0.0,0.0060506035364660225,0.0,0.0,0.0,0.005570758515325031,0.0,0.43454522934406187,0.0,0.0,0.00557465802576201,0.0,0.00480676232576244,0.015156883975095282,9.030445222499408e-06,0.0,0.0,0.013590717441165896,8.640494178800569e-05,0.0,1.0467106962442494e-05,0.0,0.01313098568438411,0.0025735742697166205,0.0,0.002127388180768582,0.0,0.0,0.0,0.0,0.0,3.109346480019682e-05,0.0,4.720460002670144e-06,0.00248963217662566,0.0016606783526784989,0.0,0.0,0.0010639506371235665,3.242750784442969e-05,2.329444392622006e-05,0.0,0.0,0.0,0.0,0.0,0.0
TF21_26wk,0.0,0.0,0.0,0.0,0.0,0.0,0.0,0.0,0.0,0.0,0.0,0.0,0.0,0.0,6.221739103783515e-05,0.009070866527860945,0.0,4.066095506249331e-05,0.0,0.046023297296966054,0.002309910035082849,0.0,0.0,0.0017552660023334111,0.0,6.661040879584331e-05,0.0017850976578063962,9.654422747250298e-05,0.0039224540418828354,0.0,0.0037090351094065826,0.004487110068592374,0.0,0.0,0.002462235371761687,0.004272669504079385,0.0,0.0003311109431093991,0.014917155858140293,0.0,0.0033993784390688505,0.027434804551575105,0.0004860925230837758,0.0052578292771136145,0.004552290192536783,0.0,0.0015623818737957543,0.0,0.003676649373841722,0.0,0.0010279661553738888,0.0,0.0007857371994613972,0.0,0.00010921246472815415,0.0,0.0,0.0,0.0,0.0,0.00021791411343793427,3.984364943309646e-06,0.00014588905484733784,0.0,0.0008263981545238905,0.00015947676093606048,0.0,0.003580309472776578,0.0,2.4212679270881698e-05,0.0,0.0019911608396180774,0.0059732781924468825,0.0,0.001667303483969575,6.926665209138309e-05,0.0,0.0013490651045231766,0.08511839693673859,0.0,0.0,0.0,5.363568192916832e-05,8.285435818010563e-05,0.0015706570932933976,0.008421721531712497,0.2548245551303291,0.0,0.0,0.0,0.004072429624877157,0.0005741572046512875,0.0,0.0016186737990204624,0.1311489478211646,0.0,0.00014118954747830594,0.0,0.024807779932286278,0.0,0.0018199353102594268,0.03315635261016776,0.0,0.0,0.0,0.0011973527470663862,0.0,0.0,0.0,0.0,0.0,0.00024825658492929335,0.0,0.0,0.0,0.0,0.04389258152112846,0.0008705326585113204,0.0,1.0216320367460633e-05,0.0,0.00014496958601426638,0.001159245872095758,0.006267610382233413,0.0,0.0,0.0,0.003906414418905912,0.0,0.010544672904070816,0.0015667748915537626,0.0020204816790726893,0.0,0.021649200164278477,0.0,0.0,0.0,0.007099525349755742,0.0,0.02423045566832108,0.0,0.0,0.1181610419012166,0.003261151624497108,0.012208196349504432,0.0061010843602438145,0.0,0.0,0.0,0.0,0.0,0.0,0.0,0.0,0.02555898596890566,0.0012167637557645612,0.0,0.00020034204240590298,0.0,0.0,0.0,0.0,0.0,0.0,0.0,0.0,0.00036584643235876524,0.0,0.0,0.0,0.0,0.0,6.579310316644647e-05,0.0,0.0,0.0003212011123529623,0.0,0.000707173695835625,0.0
TF21_6WK,0.0,0.0,0.0,0.0,0.0,0.0,0.0,0.0,0.0,0.0,0.0,0.0,0.0,0.0,0.00011622139906239062,0.0026773543227655372,0.0,0.0001001084143981057,2.0894902693685616e-05,0.0654733979301156,0.005130166407628782,0.0,0.0,0.006559855943679817,1.6320894143824085e-05,0.00014002703446962448,0.003595066765451391,0.00052247652208191,0.005556588750163599,0.0,0.0019154700349942842,0.0016588057825031805,0.0019251378257928449,0.0,0.001200469334859112,0.0007260199025507478,0.0,0.0005377578688280371,0.007903470955201641,4.1477941168062386e-05,0.007296375274947283,0.004310171420326333,0.0,0.008699556352357087,0.014037840149004567,0.012183391546255027,0.014648158426191773,0.0,0.0012657529114343978,0.0,0.005048250072690352,0.0,0.0020954156895354277,0.0,0.00017952983558206496,0.0,0.0,0.0,0.0,3.326551672626565e-06,4.605194971792402e-05,0.0,0.0,0.0,0.00048266185675016073,0.0025510493139454973,0.0,0.015675023345635686,0.0,9.834118382202284e-05,4.366099070322367e-06,0.0033312296359161967,0.01548457826237771,0.0,0.0020835648492016955,0.0,0.0,0.003830316341549951,0.03798412631914667,0.0,0.00018025751876045204,0.0,0.002040527586937089,0.0018119311141837824,0.004511323841780471,0.0014082748596585025,0.009888382756362005,0.001368044375367675,0.0,0.0,0.0010544129254828518,0.0017859424292413872,0.0,0.0018309548315616154,0.16402914433502286,0.0,0.0004695635595391936,0.0,0.0064260661935963675,0.0,0.00040677489671836617,0.05424171202645097,0.0,0.0,1.8503943678985268e-05,0.0041350076838145905,0.0,0.0,0.0,0.0,0.0,0.0,9.615813428686166e-05,0.0,0.0,0.0,0.003620535676694938,0.00012557732564165284,0.0,0.0,0.0,9.740559116409662e-05,0.0002357693497974068,0.0016759583145651716,0.0,0.0,0.0,0.001670448713357384,0.0,0.005916272149766337,0.004241873156297719,0.0007751904944617593,0.0,0.01380217475394693,0.0,0.0,0.0,0.006117944344919333,0.0,0.077629553334551,0.0,0.0,0.16440265371501495,0.0010889258990863524,0.00020801343427892993,0.004044878924434364,2.0790947953916032e-06,0.0,0.0,0.0910408582669643,0.09048948232722645,0.0,0.0,0.0,0.015048280219564888,0.0011403834952722946,0.0,0.001857567244942628,0.00017776260500598212,0.0,0.0,0.0,0.0,0.0,0.0,0.0,0.0005360945929917249,0.00011559767062377212,0.0,0.0,0.0008762345015177913,0.0,0.0,0.0,0.0,0.0,0.0,0.00020333547098929882,0.0
TF22_12wk,0.0,0.0,0.0,0.0,0.0,0.0,0.0,0.0,0.0,0.0,0.0,0.0,0.0,0.0,7.193211796421569e-06,0.002680028614799142,4.5489466149201194e-05,8.702773145248068e-05,0.0005065642110156035,0.09092260235813746,0.001533673805270831,0.0,0.0,5.8761448477809904e-05,0.0,4.518552762259183e-05,0.0080869936903375,0.0005639072797025698,0.07898328915586848,0.000639689285670504,0.0060973107823104125,0.003542403527632115,0.0007340115417616094,0.0,0.0019115707066884812,0.004012191176927985,0.0,0.002478112120288332,0.04543404802451608,0.00015257714035789977,0.06328131830701783,0.003883827805856632,0.0,0.013399737822626946,0.0010632782789217518,0.0030605596501140733,0.00011103887505462028,0.0,0.003085077357927228,0.0,0.00023514710675344314,0.0,0.0002622989484638795,5.136561099698219e-05,0.0008613617844109321,0.0,0.0,0.0,1.458904927724938e-05,0.0,0.00012218328769696255,0.0,0.0,0.0001228924775923854,0.0,0.00509502283439494,0.0,0.0022521844821753734,0.0,4.660390741343552e-06,0.0002319050958029433,0.0009024947983453991,0.0028543880162307223,0.0,0.01566387722018229,0.001890193696983623,0.0,0.0005328042371462107,0.020454252338072444,0.0,0.0,0.0,0.002801198774074084,0.020228324699959485,9.908395967465204e-05,0.0025590610812086154,0.017503617121748756,0.00011225462916105772,0.0,0.0,0.0,0.0,0.0,0.003675528602287016,0.08556274775422346,0.0,0.0,0.0,0.0030005824475298256,0.0,0.0018922199538276851,0.0038946682799723656,0.0,0.0,0.0,0.0006324960738740814,0.0,0.0,0.0,0.0,0.0005287517234580869,0.0,0.0,0.0,0.0,0.0,0.0054043309416410565,0.0,0.0,0.0,0.0,0.0007239815703834995,0.0007786905051731846,0.003467533337244009,0.0,0.0,0.0,0.00241408240401596,0.0,0.023549866231588695,0.018822912952917794,0.008286883928004257,0.0,0.02193159620307835,0.0,0.00048103337478041706,0.0,0.005962362076495856,0.0,0.26661517948025903,0.0,0.0,0.049698812117056346,0.003060255711587464,0.0002437586983407084,0.048976856803517016,0.0,0.0,0.0,0.006810249252893773,0.000443243684638652,0.0,0.0,0.00017304233448293016,0.00038438092331863994,0.000521254573135056,0.0,8.186077650012152e-05,0.0,0.0,0.0,0.0,0.0,0.0,0.0,0.0,3.687787456193593e-05,0.00014082485066233775,0.0,0.0,0.0,0.0,0.00033747307737859504,0.0,0.0,0.0,0.00015409683299094559,4.89341027841073e-05,0.0
TF22_26wk,0.0,0.0,0.0,0.0,0.0,0.0,0.0,0.0,0.0,0.0,0.0,0.0,0.0,0.0,3.727438419695061e-05,0.0025601457448570426,0.0,7.434728523607987e-05,0.00016843991993865248,0.0589966864079864,0.0012321702516564944,0.0,0.0,0.00046331052141020503,0.0,0.00014053450258039488,0.0034260196155943144,0.0005386652224353907,0.03251656090815714,0.000321567119882881,0.0036881492039198866,0.003683817316026738,0.0,0.0,0.0012804254679547088,0.0022824012118003055,0.0,0.005871420702072096,0.023240276322061874,6.034420576749572e-05,0.03511871589141994,0.0038528616854388545,0.0,0.006461867096067566,0.048228016071908554,0.005952013965200638,0.00042674132826562916,0.0,0.0023182652138924965,1.4909753678780246e-05,0.002414977129646757,0.0,0.0015109222005023385,9.55030168073221e-05,0.001070278534347036,0.0,0.0,0.0,0.0,0.0,0.0,0.0,0.00015161607626056937,0.0003135077935700278,0.0,0.002311717011263313,0.0,0.012621106489087477,0.0,0.00015554499783808581,9.892823049028514e-05,0.0025458404406517266,0.0048014443924617916,0.0,0.013107083865752584,0.0011763594169399792,0.0,0.003894770182265696,0.023808458827118194,0.0,0.0,0.0,0.00339408453507963,0.0047761582561552125,0.0023988584770210488,0.0022589284239141177,0.1345642543894114,0.0002486302167515516,0.0,0.0,3.0121732094292518e-05,0.0,0.0,0.004022006796429882,0.11309632466512497,0.0,0.0015050791889255194,0.0,0.0019581140692868254,0.0,0.0005092486813934739,0.02775370054041804,0.0,0.0,0.0,0.0028472592447524735,1.4708270520958789e-05,0.0,0.0,3.052469840993523e-05,0.0,0.0,0.0,0.0,0.0,0.0,0.0014681070294653006,0.0,0.0,0.0,0.0,0.00028106900516078977,0.0003126011193598318,0.0013879167326524015,0.0,9.268225259782314e-06,0.0,0.003416247682439979,0.0,0.006158030494072963,0.008735604532081564,0.014814452145130745,0.0,0.010511678568276806,0.0,9.651043259642888e-05,0.0,0.007396345982043019,0.0,0.17242596199141125,0.0,0.0,0.06358697645105152,0.00024167904780671493,0.0007545544260409732,0.02475835117466697,1.0577865785621119e-05,0.0,0.0,0.007126761516878047,0.04932126368624713,0.0,0.0,5.550860997978321e-05,0.007215212623161622,0.0009965356985844201,0.0,0.0012864699626893494,0.0,0.0,0.0,0.0,0.0,2.6495035253508137e-05,0.0,0.0,0.000169850302043402,0.00037254235881168475,0.0,0.0,0.004341357601576728,0.0,0.000280061589371683,0.0,0.0,0.0,0.0,0.0,0.0
TF22_6wk,0.0,0.0,0.0,0.0,0.0,0.0,0.0,0.0,0.0,0.0,0.0,0.0,0.0,0.0,0.0,0.002072072714601711,0.0002658227719130582,0.00022761520599991162,0.0,0.028393825249801097,0.0016812347870208307,0.0,2.1396236911361527e-05,0.0,0.0,0.0,5.9909463351812273e-05,0.0014261101335634634,0.00404511141835655,0.002219502975605236,0.0008432155079925142,0.00967272927341437,0.00030657750888708014,0.0,0.0,0.003124054362743653,0.0,0.01036769942566388,0.014119274850965036,0.0007057701575476252,0.03481575292848261,0.00924378566676279,0.0,0.0017796574768131036,0.00036506055644480164,8.436230553622545e-05,8.599249501518622e-05,0.0,0.000946936313591399,0.0,0.0005800417939827676,0.0,0.0005641474465628988,0.0,8.864155291849775e-05,0.0,0.0,0.0,0.0,0.0,0.0,0.0,7.743400025064172e-06,0.00019929066380296737,0.0,0.0022858313100304565,0.0,0.0024853257475182943,0.0,0.0,0.0003739247117366514,0.0015411403786726402,0.0012205024855295224,0.0,0.014276486248842325,0.0035246734271982888,0.0,0.00039246811705983143,0.043011632420800854,0.0,0.0,0.0,0.00012399628724346181,0.007345531905355282,0.0,0.006843841093205072,0.04535044488889754,0.0,0.0,0.0,0.0,0.0005126945911331962,0.0,0.00011238118720586554,0.13639622162833528,0.0,0.0004553322988422603,0.0,0.006034248243216126,0.00014376233467586243,0.0001230793056615463,0.017745529460071074,0.0,0.0,0.0,0.0005622115965566328,0.0,1.4060384256037575e-05,0.0,0.0,0.0,0.0,3.54566211673991e-05,0.0,0.0,0.0,0.0012409817408589685,0.0,0.0,0.0,0.0,0.00014804158205813475,0.0012780685515053284,0.004922357131722371,0.0,0.0,0.0,0.005530519694217214,0.0,0.017762748336442598,0.0272062322143781,0.005024957182054472,0.0,0.025001706604610815,0.0,4.218115276811272e-05,0.0,0.0019855707853743392,0.0,0.2969863909744562,0.0,0.0,0.149919865998424,0.0017761933241703118,0.0001876755637653701,0.0195955907450068,0.0,0.0,0.0,0.01508343004092796,0.0031401524838483817,0.0,0.0,0.0022043218360824125,0.0007137173312575595,0.0002947586351646138,0.0,0.0004256832276936583,0.0,0.0,0.0,0.0,0.0,0.0,0.0,0.0,0.0,0.0,0.0,0.0,0.0,0.0,0.0002752982482595183,0.0,0.0,0.0,2.9445297463730863e-05,0.0,0.0
TF23_12wk,0.0,0.0,0.0,0.0,0.0,0.0,3.0107408685643902e-05,0.0,0.0,0.0,0.0,0.0,0.0,0.0,0.00027207802547127193,0.004019945248970085,0.0,5.496117558721572e-05,0.001385142862685161,0.058059611860945,0.005396803522688055,0.0,0.0,0.008170120195241496,0.0,0.0003478517050492348,0.004496006019865233,2.3641388028324407e-05,0.0003843241028194275,0.0,0.01393993228459867,0.0023480747827619125,0.0,0.0,0.009338651365906453,0.01730438468943299,0.0,0.0017241037893305812,0.008436843547355915,0.0,0.007628287870472675,0.04194780385649638,0.0002241890599779994,0.007784179587257738,0.0035036739121122313,0.017977962185094693,0.0018433210451999093,0.0,0.00021580343943803818,0.0,0.0056757516951077185,0.0,0.009384721763089854,7.708709002398087e-05,0.0004977825590408306,0.0,0.0,0.0,0.0,0.0,0.0,0.0,2.929915610347897e-06,0.0,0.0,9.395936267667393e-05,0.0,0.054915408284750625,0.0,0.00014144420187886398,9.37572995311327e-05,0.0020918587142156274,0.017099391628281408,0.09654728641319328,0.00033209077969701854,5.2536417840720906e-05,0.0,0.017223357368070954,0.029610030252894156,0.0,0.0,0.0,7.96128793432463e-05,0.0023276664050622476,0.010736928333051792,0.004458725369512875,0.110821936298381,0.0006560990335723875,0.0,0.0,0.0,0.0012267253565808331,0.0,0.015457628570758778,0.1169870849319896,0.0,0.0006669094118588426,0.0,0.004359209270333817,0.0006903487367416268,0.0004062479541106515,0.027544338716026115,0.0,0.0,0.00011436774037633859,0.006098063669288909,0.00010729553028239438,0.001430202944140856,0.0,5.253641784072081e-06,0.0,0.0,3.131978755889131e-06,0.0,0.0,0.0,0.0,0.0,0.005782542067526272,0.0,0.0,0.0,0.00023550459612830851,0.0015987236075222355,0.0,0.0,0.0,0.0040800590347686025,0.0,0.0031241993247857936,0.0012527915023556524,0.01252862224456592,0.0,0.02255944091552387,0.0,0.0,0.0,0.002607624893209628,0.0,0.07247984824249519,0.0,2.0206314554123426e-05,0.0009701051617434647,0.0012396573978954721,0.0,0.049669646963354644,0.0,0.0,0.0,0.0,0.037472105182758036,0.0,5.48601440144451e-05,0.0022441132943809474,0.02038392805905417,0.0003650270724202397,0.0,0.002135807448370846,8.991809976584924e-06,0.00025389234237256083,0.0,0.0,0.0,0.0,0.0,0.0,0.0,0.003621072599671688,0.0001014356990616996,1.4245451760657015e-05,0.0,9.274698380342652e-05,0.0,0.0,0.0,0.0,0.00013528127593985634,8.597786842779516e-05,6.567052230090113e-06
TF23_26wk,0.0,0.0,0.0,0.0,0.0,0.0,0.0,0.0,0.0,0.0,0.0,0.0,0.0,0.0,0.0,0.0005294228970186208,0.0,0.0,0.0,0.0022613847099774926,7.158830587978634e-05,0.0,0.0,0.001154400170572312,0.0,0.0,0.001439410467718532,0.0,0.001024239614427246,0.0,0.0028055797970982926,0.0022832847400590436,0.0,0.0,0.007692695472230777,0.002134219912664337,0.0,0.0,0.0014850699643979917,0.0,0.0017213217040041552,0.039335139879211084,8.770342235488964e-05,0.00013336291903434942,0.0018317515726700882,0.0002767461348512952,0.0005229148692113675,0.0,4.607270479420592e-05,0.0,0.0013923047426374604,0.0,0.002428424090363661,0.0,0.0,0.0,0.0,0.0,0.0,0.0,0.0,0.0,0.0,0.0,0.0,0.0,0.0,0.011760109549735406,0.0,2.9131172089610024e-05,0.0,0.0001844974232341968,0.004371948458072608,0.00021466161561067243,0.0,0.0,0.0,0.0022943380571285054,0.009617315568690082,0.0,0.0,0.0,0.0,0.0018034468168099708,0.0005964659136361996,0.0006107215935949448,0.15430947139112225,0.0,4.1837321618056846e-05,0.0,0.0,0.0029790239032630277,0.0,0.0006843759400484624,0.04971172535874738,0.0,0.0,0.0,4.627930885157904e-05,0.0,0.00026228385083517676,0.012170631811735794,0.0,0.0,1.4565586044805012e-05,0.0013607976238880597,0.0,0.002330493767168791,0.0,0.0,0.0,0.0,0.0,0.0,0.0,0.0,0.0,0.0,0.0002573253534582218,0.0,0.0,0.0,0.0019405286088770364,0.009095227115708206,0.0,0.0,0.0,0.00042932323122134487,0.0,0.0005206422245802642,0.0,0.0014122420341739668,0.0,0.0028357439894747686,0.0,0.0,0.0,0.001343029674953961,0.0,0.6265050072559347,0.0,0.0,0.0,0.0007159863608265499,0.0,0.022070168522797563,0.0,0.0,0.0,0.0,0.0,0.0,0.0,0.0,0.0053860644736885704,0.0,0.0,0.00021373189735249338,0.0,0.0,0.0,0.0,0.0,0.0,0.0,0.0,0.0001295407439729467,0.000719705233859266,0.0,0.0,0.0,0.0,9.813692725223235e-06,0.0,0.0,0.0,3.367646135181868e-05,0.00033108300194042593,0.0
TF23_6wk,0.0,0.0,0.0,0.0,0.0,0.0,0.0,0.0,0.0,0.0,0.0,0.0,0.0,0.0,0.0,0.0013215166531460548,0.0,1.8224305155095864e-05,9.794291373856043e-05,0.03459533083120751,0.0014543810007851725,0.0,0.0,6.597402089666026e-05,0.0,0.0,0.002620227471908089,0.0,0.00019293328641847404,0.0,0.006342261817494682,0.0022769182150199226,0.0,0.0,0.007455675231886467,0.009963909767087272,0.0,1.7307999309309019e-06,0.00366277990089236,2.10750344530998e-05,0.0029967273627658922,0.032417373647532575,0.00021746992073343565,0.0023340346127406425,0.0011749077178201534,0.0026718460345540973,0.0010513082403995585,0.0,0.00014233284137890492,0.0,0.0003718165498682149,0.0,0.0010729941454165161,0.0,0.0,0.0,0.0,0.0,0.0,0.0,0.0,0.0,0.0,0.0,0.0,0.0,0.0,0.006634359758779433,0.0,0.0,0.0,0.0006901819253988579,0.005816404073773617,0.05038735302454234,0.0006066962816716026,0.0,0.0,0.0025124088173871587,0.01998137252027276,0.0,0.0,0.0,0.0003930952078426007,0.004986027353969356,0.0001795959457742418,0.00311839241673427,0.22352140816253396,0.00035868283274526866,0.0,0.0,0.0,0.0008922782702752004,0.0,0.038455014677183416,0.27864636784507674,0.0,6.913018547659308e-05,0.0,0.004327305262609184,5.4672915465287894e-05,0.0008450376133368521,0.004686089907115096,0.0,0.0,3.716129263469289e-05,0.008088740759564604,0.0,0.0009016449522543568,0.0,2.1482281495671677e-05,0.0,0.0,0.0,0.0,0.0,0.0,0.0,0.0,3.1561645799328208e-06,0.0,0.0,0.0,5.752364476329173e-05,0.00039146621967231174,0.0,0.0,0.0,0.00015597561730506715,0.0,0.0010221900768556619,0.00016238975822557578,0.00491781347433855,0.0,0.019080440250342907,0.0,0.0,0.0,0.004753285669139471,0.0,0.10303004017084828,0.0,0.0,0.013756092415756777,0.0015203550216818327,0.0,0.05202021004173468,0.0,0.0,0.0,0.0,0.020100288656703776,0.0,0.0,0.001729883625085115,0.004944589967387657,0.00023172356722345484,0.0,0.00014487813539498077,0.0,0.0,0.0,0.0,0.0,0.0,0.0,0.0,0.0,0.0004737301222718521,0.0,4.886964510863722e-06,0.0,0.0,0.0,0.0,0.0,0.0,0.0,0.0007464838290344326,0.0
TF28_12wk,0.0,0.0,0.0,0.0,0.0,0.0,0.0,0.0,0.0,0.0,0.0,0.0,8.256119669223953e-06,0.0,0.0,0.0017408447111237578,0.00010601336270916553,0.0,0.0,0.005402732919195205,8.87831999212199e-05,0.0,0.0,0.00041077186702095404,0.0,0.0,0.009342577156130525,0.0,0.002270073947311838,0.0,0.0074238070834395774,0.005328547496080439,0.0034853986934032534,0.0,0.0012572036139787835,0.00108717541035607,0.0,0.0,0.005602554945972062,0.0,0.005674945560463096,0.043570654496109286,0.000471316744595263,0.0007595630095686023,0.017624661723444526,0.009233093830082108,0.0019697426376052737,0.00011678221445163156,0.0001632079308524839,0.0,0.0006762838894268663,0.0,7.956984898599884e-05,0.0,0.0,0.0,0.024155132727892423,0.0,0.0,0.0,0.0,0.0,0.0,0.0,0.0,0.0,9.46462414254514e-05,0.004920886630673975,0.0,5.276737353808352e-05,0.0,0.0014686320698558666,0.0054368342830463465,0.000554356556920501,0.001734742361803027,0.00047239362976950964,0.0,0.0062612497108862335,0.04824684888441278,0.0,0.0,0.0,0.0026439924105919085,0.0003479535651899022,0.00017972017019093298,0.009543236760265143,0.04980761446362073,0.0,0.00020700126127184694,0.0,0.0,0.0,0.0,0.023964643705959143,0.3218665004594113,0.0,0.0,0.0,0.0007401790764321647,0.0,0.0033968548012985214,0.005674107983105348,0.0,0.0,3.685340374088361e-05,0.01199685980283178,0.0,0.007939635081903701,0.0,6.820272770228482e-06,0.0,0.0,0.0,0.0,0.0,0.0,0.0,0.0,0.00774663332789706,0.001350892624138238,0.0,0.0005531600178380049,0.038981807460828015,0.0070077704444556415,0.059695215171828415,7.538196219726218e-05,0.0,0.00022566727095878683,0.00028956245796408646,0.00016679754809997377,6.880099724353294e-05,0.018271510751442104,0.0,0.004873623336915374,0.0,9.763758913169196e-05,0.0,0.0,0.0,0.18187094919171998,0.0,0.0,0.00030404058086229077,0.0,0.0,0.010837772393617807,6.951892069303068e-05,0.0,0.0,0.0,0.0,0.0,0.0,0.0005148707671981256,0.007577562355540343,0.0005078111866113966,0.0,5.599802906082333e-05,0.0,0.0,0.0,3.254586304389732e-05,0.0004516935036423249,0.0002558200558376929,0.0,0.0,0.0006265078635950221,0.00034017606115367677,8.507392876548159e-05,0.0,0.00047861563299849,0.0,0.00033491128919069333,0.0005981498873398628,0.0,0.0,0.0,0.0,8.495427485723197e-06
TF28_26wk,0.0,0.0,0.0,0.0,0.0,0.0,5.9796349837980675e-05,1.835942816637818e-05,0.0,0.0,0.0,0.0,0.0,0.0,2.3590326694229083e-06,0.0005626805749762641,0.0,0.0,0.0,0.0005006277591066614,0.0,0.0,0.0,0.0016075269142550104,0.0,1.1897729984915538e-05,4.748835330186105e-05,0.0,0.00015743978902452887,0.0,1.2410563173920516e-05,1.9795361095592232e-05,0.0,0.0,0.0,4.430878753003027e-05,0.0,0.0,0.00045765233786804416,0.0,0.0006509904501229216,0.0016223990767361548,9.74383059109462e-06,0.0,0.05051499221673074,0.03445592860295319,0.017921776322881437,0.0008895604496480384,0.0,0.0,0.0048821719593274,0.0,0.0004591908374350591,0.0,0.0,0.0,0.010494208113246709,0.0,0.0,0.0,0.0,0.0,0.0,0.0,0.0,0.0,0.0,0.02442347549308647,0.0,0.0002892379185988077,0.0,0.00041416408344042185,0.0020187165651992032,0.0,0.0,0.0,0.0,0.0026482705880217067,0.021638175876962724,0.0,0.0,0.0,1.835942816637818e-05,0.0,0.0013200326284988186,0.0006814527415498175,0.1288348768415713,0.0,0.0,0.0,0.0,5.9180950011174694e-05,0.0,0.0005811425697804434,0.03637905306172187,0.0,0.0,0.0,0.00010697700322643884,0.0,0.0,0.004608524169674353,0.0,0.0,0.0,0.003251464984929374,0.0,0.0002880071189451968,0.0,0.0,0.0,0.0,0.0,0.0,0.0,0.0,0.0,0.0,0.11877073064062416,0.0,0.0,0.0,0.002956688467889312,0.0011178737853930554,0.0066251894021175355,0.0,0.0,0.0,0.0002705707905190275,0.0,0.0,0.00022154393765015136,0.0,4.636012028605009e-05,0.0,0.0,0.0,0.0,0.0,0.501975792427279,0.0,0.0,0.0,0.0,0.0,3.394955711212967e-05,0.0,0.0,0.0,0.0,0.0,0.0,0.0,0.0006382721870355981,0.008650880498687208,0.0,0.0,0.0027920690142187133,0.0,0.0,0.0,0.0,0.0,3.5693189954746606e-05,0.0,0.0,0.0002896481851500127,0.002030204028632915,0.0001182593333845484,0.0,0.0,8.297640998100577e-05,1.3025963000726492e-05,0.0,0.0,0.00014051629378736453,0.0,0.00017169655167886732,5.364235156992091e-05
TF28_6wk,0.0,0.0,0.0,0.0,0.0,0.0,0.0,0.0,0.0,0.0,0.0,0.0,0.0,0.0,0.0,0.0016483106410154686,0.0,0.0,0.0,0.001953220948731601,3.979658160354011e-05,0.0,0.0,0.0004578378245606084,0.0,0.0,0.012909444236604744,0.0,0.02234855570293283,0.0,0.0027837531695556416,0.00019555827636635734,0.0,0.0,0.00028731478647303594,0.0012087768821775566,0.0,0.0,0.007992499820502073,0.0,0.012496717077244585,0.05178456374444034,0.0004296141361236764,0.00042205632834140173,0.009784763081620554,0.0420408962426359,0.010762790644945537,0.00023866139887464147,0.000465277541596285,0.0,0.0008526151904378623,0.0,0.000301485676064801,0.0,0.0,0.0,0.007992854092741867,0.0,0.0,0.0,0.0,0.0,0.0,0.0,0.0,0.0,0.0,0.01579865244287232,0.0,0.0003038474909967618,0.0,0.00030443794472975196,0.005776763142083013,0.00010073140684812973,7.498762408975659e-05,0.0008617081779259105,0.0,0.003115351986002943,0.06401640327706552,0.0,0.0,0.0,0.021287982707735815,0.0,0.00035120188038257537,0.004911276060265964,0.058451967297365785,0.0,0.0,0.0,0.0,0.0,0.0,0.002616300490879618,0.04286918473927456,0.0,0.0,0.0,0.0,0.0,0.0039082132586621965,0.0015525390455244567,0.0,0.0,0.0,0.003481433300456873,0.0,0.0,0.0,0.0,0.0,0.0,0.0,0.0029745878160580773,0.00016178432283931737,7.805798350130568e-05,0.004268980489519202,0.0,0.036896627139332,0.0,0.0,0.00022201060360431873,0.026678825289936425,0.004058897051321298,0.007824810960332853,0.0,0.0,0.00011254048150793391,0.0003318349979404977,0.0,0.0,0.028597209468421616,0.0,0.005555461082958283,0.0,0.0006380443038692203,0.0,0.0,0.0,0.43440401489643843,0.0,0.0,0.0,0.0,0.0,0.011554707191632006,0.0,0.0,0.0,0.0,0.00012623900811330676,0.0,3.672622219199102e-05,2.5389510518579007e-05,0.010966379092080562,0.002246912635520943,0.0,0.0022538799895702277,0.0,0.0,0.0,0.0,7.829416499450176e-05,0.0,0.0,0.0,0.0003202621047738896,9.340978055905112e-05,0.0,0.0,0.0,0.0,0.0003137671137109973,0.0,0.0,0.0,0.0,0.0,0.0
TF29_12wk,0.009621489666416872,0.0,0.0,0.0,0.0,0.0,0.0,0.0,0.0,0.0,0.0,0.0,0.0,0.0,0.0,0.0013263724587145242,0.0,3.127610174667831e-05,0.0005305694253823762,0.06170355815740018,0.002100609291169061,0.0,6.142789918220152e-05,2.289492415443118e-05,6.163231814786598e-05,0.0,0.004711652739602538,0.001574434873548473,0.0017185502443419905,0.0,0.0002835291053767505,0.00409410304432989,0.0,0.0,0.0013072592854248876,0.0016554869934344726,0.0,4.241693537539705e-05,0.003788598900144199,0.0,0.010432521912690928,0.019285600687174803,0.00013849384923774217,0.0022826443800933556,0.0008340293799114217,0.0,0.000196037788072317,0.0,0.0008314741428406146,0.0,0.0006937979694655297,0.0,0.0009078246265163293,0.0,7.267094229375254e-05,0.0,0.0,0.0,0.0,0.0,0.0,0.0,0.0,0.0,0.0,0.0005863758030088022,0.0,0.002099587196340738,0.0,7.972339660918001e-06,0.0,0.0006161187625129963,0.0014297062458579616,0.0,0.008226432435239054,0.0010034927024473452,0.0,0.0005361909469381517,0.007558697883895755,0.0,0.0,0.0,0.00022578074757651005,0.003565986646535479,1.5535841390506875e-05,0.004545868958448567,0.03250046914152622,0.002759962664920113,0.0,0.0,0.0,0.038083151093825464,0.0,0.0009419625937823115,0.13883052727419173,0.0,0.0,0.0,0.0018016465538846361,0.0,0.0004825309684512036,0.0020040213298925546,0.0,0.0,0.0,0.0019974799229912884,0.0,0.0034955643128640464,0.0,2.7392141399051594e-05,0.0,3.618215692262785e-05,0.0002583855726000091,0.0,0.0,0.0,0.0,0.0,0.00041660585202438167,0.0,0.0,0.00021024490618600422,0.00016077551649517968,0.0009662884506963946,0.0,0.007213229831922642,0.0,0.003140897407436028,0.0,0.006576566963360357,0.002019148333351732,0.0034521252826603265,0.0,0.007773848845257709,0.0,0.00022015922602073557,0.0,0.025384849365708406,0.0,0.15041362133512576,0.0,6.398313625300858e-05,0.31580512249397696,0.0031813723626376014,0.0001014940164524561,0.051628258387207984,0.0,0.0,0.0,0.01914547148621175,0.009159093966083628,0.0011960553681033648,0.0004298930847925783,0.0030555524892710724,0.0005208595245133094,0.0003175648631599004,0.0,2.769876984754844e-05,0.0,0.0,0.0,0.0,0.0,0.0,0.0,0.0,0.00012040277077642828,0.0,0.0,5.723731038607795e-06,0.0,0.0,0.000447881953771059,0.0,0.0,0.0015312002623104177,0.00047251443913364,0.0008935152989198098,0.0
TF29_26wk,0.0009396960246386315,0.0,0.0,0.0,0.0,0.0,0.0,0.0,0.0,0.0,0.0,0.0,0.0,0.0,8.640882985182817e-05,0.0042229287243240425,0.0,0.0006023381865956295,0.001437051520760077,0.03636600398025726,0.0026079113542312863,0.0,0.0001852338817501223,0.007084716488692418,0.00022722695793979584,0.00013859734040485991,0.011645507775532894,0.007995037548977204,0.004188203680551812,0.0,0.0025311932342693727,0.0011396678610130142,0.0009968308350313123,0.0,0.00010740536794666494,0.0008225999468020419,0.0,0.0013276272549196677,0.001649035799602179,0.0,0.010821999324678672,0.0030055332944022572,1.4536064834886984e-05,0.0046375094068023814,0.08626074369132276,0.0,0.014154997857444633,0.0,0.0007494148981541734,0.0,0.00715810342712966,0.0,0.006425950105966914,6.25858347057634e-06,0.00014626915240105028,0.0,0.0,3.3311815246616008e-06,0.0,0.0,0.0,4.219496597904694e-05,1.0599213942105091e-05,0.0,0.0,0.0,0.0,0.030590946555230286,1.645401783393457e-05,0.00035532602929723737,0.0003740008348142797,0.002407031013804723,0.020146884916258573,0.0,0.005679159775074595,0.0004336592675741283,0.0,0.005855207671408226,0.016435746807996275,0.0,0.0,0.0,0.01207159617600552,0.001398793405673812,0.0152106795660783,0.0020223300201536515,0.01583694169271468,0.00574507679130502,0.0,0.0,0.0,0.004255332035518478,0.0,0.002873901151730781,0.20990531873602794,0.0,0.0,0.0,0.0013696203311093513,0.0,0.0003715781573417985,0.02509772727616852,0.0,0.0,0.0,0.001743621165923631,0.0001936123080091197,0.00012073009404531132,0.0,0.0,0.0,0.00014223135661358167,9.811843763548704e-05,0.0,0.0,0.0,0.0,0.0,0.0,0.0,0.0,6.5917016230425e-05,0.0002481225511399459,0.0010806150976212859,0.0,0.017025769717440128,0.0,0.0031220237028707267,0.00033362287693959364,0.0028554282360031117,0.003838126785778284,0.0030526745602209534,0.0,0.010519770309986647,0.0,7.237748949037476e-05,0.0,0.005856620899933841,0.0,0.05757826131503942,0.0,0.0,0.22636357625554035,0.0007075227668591865,0.0,0.006007129737911733,1.0195434363358232e-05,0.0,0.0,0.03593910802062714,0.0,0.0029665685650531754,0.0,0.006629656903444705,0.010155157350378233,0.0007589037182547246,0.0,0.003611606442101295,0.0,0.0,0.0,0.0,0.0,0.0,0.0,0.0,0.00012517166941152682,0.00037733201633894124,0.0,7.308410375318178e-05,0.0,0.0,6.298961428451027e-05,0.0,0.0,0.0,0.0,3.401842950942301e-05,3.835905998095177e-05
TF29_6WK,0.007128420767203328,0.0,0.0,0.0,0.0,0.0,0.0,0.0,0.0,0.0,0.0,0.0,0.0,0.0,0.0,0.0020939558412173807,0.0,8.047431337042651e-05,0.0006707884128354602,0.048170422066969955,0.0013683677698446716,0.0,2.334059530289801e-06,0.0006156843117507922,3.1357582385197764e-05,0.0,0.004493572000053582,0.002410170167147077,0.0,0.0001672404393877214,0.0012620158399427811,0.0020773129819579125,0.023004693692234568,0.0,0.0010564156395789926,0.002106843909058546,0.0,0.00039902269883041293,0.010901174295793943,0.00019332101761748135,0.018600424839426755,0.034080009125157955,0.0006213672393028022,0.002076805577712208,0.00016642859259457713,0.0,0.004768382139532921,2.0093208130320896e-05,0.0011052279280167922,0.0,0.0011794104287403508,0.0,0.0005614935383084117,0.0,8.757797281043905e-05,0.0,0.0,0.0,0.0,6.839809232240548e-05,3.501089295434701e-05,0.0,0.0,0.0,0.0,0.0,2.7399829268619404e-06,0.0035536563752907933,0.0,2.1209497470894278e-05,0.0,0.001366744076258393,0.004285434778461218,0.0,0.00784274446432116,4.0490858808070794e-05,0.0,0.0017415128521436206,0.013581993887605495,0.0,0.0,5.084190542066045e-05,0.007655004893406535,0.00018469514544032338,0.0002770427181604851,0.0005675823892569938,0.10077799278187018,0.023473433734426244,0.0,0.0,0.0,0.0,0.0,0.001576200548889617,0.18215995086703207,0.0,0.0,0.0,0.0012745994652365175,0.0008314325970288843,0.0007357361562870024,0.021498920852650216,0.0,0.0,0.0,0.0024391936900019853,0.0,0.0004902539822100012,0.0,0.0,0.0,0.0,0.0002074268556483632,0.0,0.0,0.0,0.0,0.0,9.173868762530337e-05,0.0,0.0,7.874913893499503e-05,0.000407953013555,0.0019276287294719464,0.0,0.006399382346959776,0.0,0.0025102302844021095,0.0,0.0019418360483519613,0.0005952866610730422,0.004904873881630302,0.0,0.012121481506738937,0.0,2.293467190632577e-05,0.0,0.011209574596339627,0.0,0.16610913088147486,0.0,0.0,0.1135377888297188,0.0029737948032874926,0.02524660861150249,0.012737368780188017,1.9281361337176617e-06,0.0,0.0,0.026622993368429472,0.05504727180914781,0.0025781209724787995,1.684582095774378e-05,0.0008442191840209067,0.00019240768997519402,0.0005600728064204093,0.0,0.00020488983441978732,0.0,4.7695999097226364e-06,0.0,0.0,0.0,0.0,0.0,0.0,0.0015841160551227633,0.00015658495022770173,7.418250072355846e-05,9.84364236687438e-06,0.0,0.0,0.0,0.0,0.0,0.0008551791157283534,0.0,0.00018916030280261692,0.0
TF30_12wk,0.0,0.0,0.0,0.0,0.0,0.0,0.0,0.0,0.0,0.0,0.0,0.0,0.0,0.0,0.0,0.00014189541205836433,0.0,0.001209217469850482,0.0,0.04250589301867559,0.001730602942265503,0.0,7.816272698130239e-05,0.0003376028553846253,0.0,0.0,0.001017718788746291,0.0,0.03255677996019914,0.014147253166367063,0.0,0.016109338030846423,0.0,0.0,0.014652505050264147,0.004513095814175533,0.0,0.002103880067913389,0.0228338377668468,0.0055189899852502835,0.14997222717976558,0.016933654174626157,0.00025673449554627784,0.0,0.011516476151700226,0.0007130845707678817,0.0,0.0,9.549881899125792e-05,0.0,0.0004294941638998231,0.0,0.0003801915207270016,0.0,6.182872121469688e-05,0.0,0.0,0.0,0.0,0.0,0.0,0.0,0.0,0.0009933680930328842,0.0,0.0,0.0,0.0048338636206718775,0.0,2.3849652591730727e-05,0.0,0.0014646492532804046,0.00525273567039219,0.027614290190748122,0.004564502838459389,0.0,0.0,0.0011342614188478996,0.0066003412504493115,0.0,0.0,0.0,2.3549026718725717e-05,0.006406738188234086,0.00024661342448844257,0.0016821019680873612,0.06068033037981775,0.0,0.0,0.0,0.0,5.942371423065681e-05,0.0,0.0034628092225203557,0.22774343906579111,0.0,0.00021023769385483543,0.0,0.0001081251056574683,0.0,0.00039091384353084695,0.021924544709630983,0.0,0.0,0.0,0.0023712366776391775,0.0,0.01098937878769801,0.0,0.0,0.0,0.0,0.0,0.0,0.0,0.0,0.0,0.0,0.0011657269268890906,0.0,0.0,0.0,0.0,0.0,0.0,0.0029293987151851344,0.0,0.001210620390591172,0.0,0.0016598556534849907,0.000850570803355505,0.00571419638545488,0.0,0.029332467263596087,0.0,7.285166989154723e-05,0.0,0.026280814026722235,0.0,0.0,0.00019189951560153086,0.0,0.09620919792916875,0.0021784352844186313,0.0,0.10017375173373448,0.0,0.0,0.0,0.0010192219181113162,0.0,0.00022326481501838683,0.00014550292253442444,0.0,0.00044813296802613366,0.00022987858422449702,0.0,7.24508353942072e-05,0.0,0.0,0.0,0.0,0.0,0.0,0.0,0.0,0.0003016279592483592,0.00014560313115875945,0.0,0.0,0.0007111806069055167,0.0,9.770340872662798e-05,0.0,0.0,0.0,3.837990312030617e-05,0.0,0.0
TF30_26wk,0.0,0.0,0.0,0.0,0.0,0.0,0.0,0.0,0.0,0.0,0.0,0.0,0.0,0.0,0.0,0.0026613085186764245,0.0,8.551517472797746e-05,0.0,0.005285078686005142,0.00011231394427301264,0.0,0.0,3.824094081145471e-05,0.0,3.6133172420272163e-06,0.00011773392013605348,0.0,0.0024973040638577547,0.003937210984805601,0.0,0.0030732266842675377,0.0,0.0,0.0006283157204191772,0.001140804549246704,0.0,0.00026286882935748,0.0019222847727584792,0.00010759655787369933,0.005920721410831764,0.019306355503844876,0.0003099423234272235,0.0,0.02589664467360906,0.0,0.0,0.0,0.0,0.0,0.0058285818211600594,0.0,0.0019072292842500325,0.0,0.0,0.0,0.0,0.0,0.0,0.0,0.0,0.0,0.0,7.056005614292037e-05,0.0004035874619497622,0.0,0.0,0.00942112248904563,0.0,6.202861265480054e-05,0.0,0.0012141749632445344,0.005008760286913449,0.0,0.0019272028990045616,0.0,0.0,0.003750221817530692,0.016130149278179663,0.0,0.0,0.0,0.0,0.0036454356175119025,0.0019821052470987074,0.0021408904659011257,0.30362052380252663,0.0,0.0,0.0,0.0,0.0001415215919793983,0.0,0.012632960037514266,0.051616839021899126,0.0,0.0,0.0,0.0005103810604363443,0.0,5.5303827787694337e-05,0.09782725212041503,0.0,0.0,0.0,0.0007082101794373345,0.0,4.867941284397778e-05,0.0,0.0,0.0,0.0,0.0,0.0,0.0,0.0,0.0009732871471093866,0.0,0.0,4.486535575517127e-05,0.0,1.164291111319881e-05,0.0,0.0,0.0,0.00023205526287685903,0.0,0.0,0.0,0.00017042812991561605,0.00015406783240310491,0.0013743653609744077,0.0,0.006758107681671571,0.0,0.0,0.0,0.005054328232132348,0.0,0.0,0.0,0.0,0.1732969030659399,0.00016059187742343187,0.0,0.026859794458455995,3.191763563790708e-05,0.0,0.0,0.0013698487144218736,0.16795571759275993,0.0,0.00013399384772517595,0.0,0.009441899063187285,0.0,0.0,0.00012596425385400433,0.0,0.0,0.0,0.00012054427799096253,0.0,0.0,0.0,0.0,0.0005751196610226643,0.00048558968935910206,5.951936457005943e-05,0.0,0.0,0.0,6.222935250157985e-05,0.0,0.0,3.0512456710452052e-05,0.00013288977856788984,0.010423015064320964,0.0
TF30_6wk,0.0,0.0,0.0,0.0,0.0,0.0,0.0,0.0,0.0,0.0,0.0,0.0,0.0,0.0,0.00041723203430677126,0.002386563221493001,0.0,0.001008804228245696,1.1743119560714996e-05,0.024773264951575703,0.0010400188451976818,4.06492600178595e-05,0.00043168510453534355,0.00029478241153692254,0.0,0.0005704947998555901,0.00022964322696509325,0.0,0.009718585674739079,4.376068485873281e-05,0.0,0.003377702586125998,0.010401292505952613,0.0,0.0019402243096425776,0.0015381479253671565,0.0,3.36234619900814e-05,0.00246254220873626,0.0013858888452508774,0.010450372723603805,0.0526211194886504,0.0004252615177670892,0.0064998668611273664,0.0022903097885124397,0.014467322561714265,0.0005491163001424935,0.0,0.0,0.0,0.004741409983317747,0.0,0.0005164965235849518,0.0,0.0,0.0,0.0,0.0,0.0,0.0,0.0,0.0,5.419901335714614e-06,5.90167034333369e-05,0.0,0.0,0.0,0.01643193642736766,5.219164249206654e-06,6.323218225000382e-05,0.0,0.0023604674002469677,0.00053135106798654,0.004216683239185959,0.0014100776641750852,3.884262623928806e-05,0.23892561095085055,0.0038611778589803824,0.043394640781485555,0.0,0.0,0.0,0.001293750522543719,0.0025384208274362645,0.000793915177138937,0.009032165207425148,0.005536830688605493,0.0,0.0,0.0,0.0,5.2492748121828564e-05,0.0,0.005194774693195949,0.23178177951620565,0.0,3.9545206042065884e-05,0.0,0.0005840445531948766,0.0,0.00035731201398414857,0.008820487949702516,0.0,0.0,0.0,0.0030159743562386643,0.0,0.00011291461116072111,0.0,2.1278131169842558e-05,0.0,0.0,0.0,0.0,0.0,0.0,0.0,0.0,0.0020338681604985353,0.0,0.0,0.0,4.516584446428844e-06,0.0,0.0,0.0025377182476334866,0.0,0.0001730353685698517,0.0,0.00043198621016510546,0.0005773198607968603,0.001137677437783799,0.0,0.019486552672759117,0.0,0.0003853148375520074,0.0,0.00012817062973532518,0.0,0.0320528950252432,0.0,0.0,0.07793125577809161,0.0024559178848814977,0.00013790637843096073,0.012764369488324184,0.0,0.0,0.0,0.0011810366484695158,0.09473716539762357,0.0,0.0015388505051699341,0.011034517645341836,0.002274752664308074,0.0003988645908912929,0.0,0.00023907787003096681,0.0,0.0,0.0,0.0,0.0,0.0004280718369782005,0.0,9.314200813968818e-05,0.00015958598377381915,2.3787344751191913e-05,0.0,0.0,0.0,0.0,0.000156273821846438,0.00022803733027302965,0.0,0.0001027773882920697,0.0,1.4653807315080149e-05,3.6132675571430754e-06
TF34_12wk,0.0,0.0,0.0,0.0,0.0,0.0,0.0,0.0,0.0,0.0,0.0,0.0,0.0,0.0,0.0,0.0002703817418882145,0.0,0.002245317272356986,0.0,0.026940524940612855,0.0036526152612440504,0.0,0.0,0.0,0.0,0.0,0.003744417863288787,0.0036609236531609493,0.002131871822232406,0.0011332236283691174,0.004781838552764291,0.001517255965861331,0.0,0.0,0.0003356180043468277,0.0073791854678224725,0.0,0.002707715182991307,0.009561830796213715,0.0,0.004740194020440082,0.011010978462904417,0.0005645603593902617,0.004241280214467292,0.019132072557084046,0.0,0.000321052675307326,0.0,0.0,0.0,0.00014144780806671006,0.0,0.0,0.0,0.00016986045696770985,0.0,0.0,0.0,0.0,0.0,0.0,0.0,0.0,0.0,0.0,0.0,0.0,0.001973089221153905,0.0,0.0,0.0,7.857071862153729e-05,0.0004212662420086862,0.0,0.0,0.0,0.0,9.303347492132417e-05,0.0008922802627790507,0.0,0.0,0.0,0.0,0.005298292297228312,0.00012954937025979322,0.00023355812833060003,0.01533195769613011,0.0002914091535297486,0.002413639138228974,0.0012685170720529396,0.0,0.0,0.0,0.00025417524901327597,0.06503624561616925,0.0,0.0007883740774479566,0.0,0.00010606021286510386,7.600640012866726e-05,0.0,0.0005293779096680861,0.0,0.0,0.0,0.001650600527490572,0.0,4.615773287166019e-05,0.0,0.0,0.0,0.0,0.0,0.0,0.0,0.0,0.0,0.0,0.0,0.0,0.0,0.0,0.000877714933739548,0.00296866023282576,0.0,0.0,0.0,0.003451675264142746,0.0,0.004674957757981468,0.0001460635813538761,0.003047436096926717,0.0,0.004602746549222249,0.0,0.0,0.0,0.003272172969641855,0.0,0.6809404155980727,0.0,0.0,0.0,0.001210666046853792,0.008799510194653316,0.057333956018245244,0.0,0.0,0.0,0.0015765430094164857,0.018410986196888995,0.0,0.0,0.0006486700059563992,0.00048424590419357376,0.0,0.0,0.0,0.0,0.0,0.0,0.0,0.0,0.0,0.0,0.0,0.0,0.00019170845052696238,0.0,0.0,0.0,0.0,5.056836067939671e-05,0.0,0.0,0.0,0.0,1.4975619998360789e-05,0.0
TF34_26wk,0.0,0.0,0.0,0.0,0.0,0.0,0.00012968991683869044,0.0,0.0,0.0,0.0,0.0,0.0,0.0,0.0003211966056326987,0.0010640420713254875,0.0,0.0005426718983982884,0.0,0.007574225288092794,0.0009710036527238184,0.0,0.0,0.019990833992834085,0.0,0.00040483720417359325,0.0017139535386395048,0.0003220319674158787,0.0030506368119503553,0.0001227981821274557,0.001127633987070063,3.017744441737644e-05,0.0,0.0,2.5687374832783993e-05,0.0005431939995127759,0.0,0.0003328916705972183,0.0005755642686109997,0.0,0.0044741977107119225,0.0009203598446185326,0.0,0.002491362098111365,0.2314966059772843,0.0,0.011734118127883253,0.0,0.0003322651492598333,0.0,0.01270700134461912,0.0,0.0037852330800342317,0.0,0.0,0.0,0.0,0.0,0.0,0.0,0.0,0.0,6.411401685906275e-05,0.0,0.0,0.0,0.0,0.05440084772513764,0.0,0.0005125988742038095,7.570466160068483e-05,0.0037270710158803367,0.009142303775344496,0.0,0.0018413462105744502,5.231453167164566e-05,0.0,0.005766502389291326,0.010257511755889757,0.0,0.0,0.0,0.0,0.003826896748970343,0.029347408065564136,0.0024206696072097598,0.10191737457486624,0.0,0.0359305810181369,0.015521961713489933,0.0,0.0,5.816206415390545e-05,0.003902810251016812,0.10680956643783683,0.0,0.0015904244149517667,0.0,0.0006038621490162213,2.0257523242114288e-05,0.0,0.018105631288642683,0.0,0.0,0.0,0.003961181155616523,0.0003960659054502036,0.0,0.00018096024628136114,0.0,0.0,0.00012937665616999795,0.0,0.0,0.0,0.0,0.0,0.0,0.0,0.0006293406834032104,0.0,0.0,0.00010295833977693138,0.0005444470421875459,0.0,0.0,5.513387768987807e-05,0.0008399562729874593,0.0,0.002261637607736873,0.0010460817929871182,0.0011976999566342828,0.0,0.002306642723805694,0.0,0.0,0.0,0.0009523124328251666,0.0,0.021899322406731623,0.0,1.1381804295827101e-05,0.014479430208081224,0.0011806794603019912,0.0,0.0004231107431806551,6.891734711234758e-06,0.0,0.0,0.04251730425828806,0.16337640284653726,0.0,0.0,0.014292622429317708,0.008074084895103108,0.00017678343736546128,0.0,0.0031772985423250185,0.0,0.0,0.0,0.0,0.0,0.0,0.0,0.0,0.0,7.215437402216997e-05,0.0,0.0,0.0030115836485866917,0.0,0.0,0.0,0.0,0.0,0.0,0.0,1.7020496332291903e-05
TF34_6wk,0.0,0.0,0.0,0.0,0.0,0.0,0.0,0.0,0.0,0.0,0.0,0.0,0.0,0.0,6.993478937700744e-05,0.008877640420595571,0.0,0.008816574912087077,7.972158205950412e-05,0.07136539418652282,0.015253124178699494,0.0,0.0,0.0011754345794706936,0.0,8.848891717090737e-05,0.0012950169525599497,0.00377372609091645,0.011039502145856242,0.002828077247970209,0.0140187649516195,0.0029167700566553253,0.0,0.0,0.004832636670011167,0.003460446779319447,0.0,0.008702599555638835,0.017265431478280763,0.00042032235656181,0.008528068419467634,0.02119584819787427,0.0009573726050138137,0.024940417802257447,0.0060130665915802085,0.0,0.0004172639838485298,0.0,0.00024721846099015024,0.0,0.0022114073632158097,0.0,2.4772818977569588e-05,0.0002579227654866299,0.0015762852964246196,0.0,0.0,0.0,0.0,0.0,0.0,0.0,0.0,0.0,0.0,0.0,0.0,0.002338839559602485,0.0,0.0,0.0,0.0010515704845828451,0.0037405937198559144,0.0,0.0,1.0908196010699411e-05,0.0,0.0013672964943504619,0.021864714310268648,0.0,0.0,0.0,1.4578243266635663e-05,0.022089504704694746,0.0011020336343519686,0.005977691413863277,0.04178175493096325,0.010210581194800197,0.0061195999077594794,0.003725607693560831,0.0,0.0,0.0,0.005735060511943047,0.2670585325642274,0.0,0.0007388009017713891,0.0,0.0015542650128890024,0.0,0.0004958641625798312,0.026238391181773568,0.0,0.0,0.0,0.004430868441243257,6.585695909263383e-05,0.00018533738642478065,7.442040268981842e-05,5.240011915420081e-05,0.0,0.0,0.0,0.0,0.0,0.0,0.0,0.0,0.0,0.0,0.0,1.1927653581792814e-05,0.0,0.0002990069056016951,0.0,0.0,0.0,0.012324834251490805,0.0,0.0031266763705434667,0.0029836464733190623,0.007987144232245485,0.0,0.016746017845808675,0.0,0.0,0.0,0.019503446684102112,0.0,0.05401269714015646,0.0,0.0,0.0,0.0,0.0026675126805229986,0.00451385228753026,3.873938770154931e-06,0.0,0.0,2.1816392021398822e-05,0.17708885327130683,0.0,0.0,0.0005618230674295743,0.026682263008227635,0.0004839365089980384,0.0,0.00021459581871516133,0.0,0.0,0.0,0.0,0.0,0.0,0.0,0.0,0.0,7.003673513411678e-05,0.0,1.2335436610230175e-05,0.0,0.0,9.379009654059307e-06,0.0,0.0,0.0,0.0,0.0,0.0
TF35_12wk,0.0,0.0,0.0,0.0,0.0,0.0,5.984753234572103e-05,6.874378715386875e-06,0.0,0.0,9.735333386643472e-05,1.3546569821497665e-05,3.08336104146029e-05,0.0,4.1044084683045165e-05,0.004518084316883376,0.0,4.508783686856686e-05,0.0,0.028806174162586958,0.0006702519247502203,0.0,0.0,0.0027694647780591684,0.0,5.0142527100468974e-05,0.00035372722242850993,0.0,0.0003748558275978608,0.0,0.0008023815274121406,0.0019011700900230233,0.0005267998159688373,0.0,0.0002145210534419247,0.00053549388316771,0.0,0.00039022208590284323,0.0020520020465429824,0.00014163242029789722,0.0061107161151511035,0.003694574184301893,0.0001001839603962999,0.006050969676610021,0.0683676171068106,0.12408961237905776,0.018130567299005054,0.00038880677263791063,0.0004069025636681202,0.0,0.034091054987649895,0.0,0.0074577910619530174,8.8457079058287e-05,1.8500166248761738e-05,0.0,0.013418079595802714,0.0,0.0,0.0,0.0,0.0,0.0001305121017877126,0.0,0.00022847199848197554,0.0,0.0,0.040957447292470264,4.822174481234617e-05,0.0007045227245225166,0.0,0.0029109961045524174,0.03308416069345499,0.0,0.0027323633517570066,0.0,0.0,0.0233540841846527,0.06599797832609489,0.0,0.0,0.0,0.0014991200289775292,0.00024848857180030795,0.015271027941013392,0.0024180627131373334,0.06273183968584901,0.0,0.0,0.007190296854880757,0.0,0.0,0.0,0.008984004230573541,0.1312404826501297,0.0,0.0001420367955164494,0.0,1.870235385803782e-05,0.0,0.0,0.04670008086493436,0.0,0.00028558999810246943,0.0,0.010478372850733081,0.0,0.0,0.05105550525015503,0.0,7.713457293882626e-05,0.0,0.0,0.0,0.0,0.0,0.0010531952567191145,0.0,0.0,2.082532375543671e-05,0.0,0.0,0.0,0.0,0.0,0.01871832667917063,1.9005635271951948e-05,0.0005050646479716592,0.0006887520909989811,0.00025526185671105676,1.910672907658999e-05,0.0004260092927447092,0.0,0.0037365281132266804,0.0005071876178690581,0.0,0.001291372260446352,0.0,0.0,0.008604599181766969,0.0,3.053032900068877e-05,0.04779037754795564,9.684786484324451e-05,0.004451968968650106,0.02516760594605454,3.962877141811257e-05,0.0,0.0,0.0018233278604517205,0.031090085396969606,0.0,0.0,0.0,0.010599483228689458,0.00026961717696965875,0.0,0.003168178743551607,0.0004217633529499124,0.0,0.0,5.0546902319021144e-05,0.0,0.0,4.508783686856686e-05,0.00013819523094020378,0.0009032731444409078,0.0024950961922715217,4.3672523603634264e-05,0.0,2.446470072240623e-05,0.0,3.7505801520713686e-05,0.0,0.0,0.0,0.0,0.0,0.00016265993166261004
TF35_26wk,0.0,0.0,0.0,0.0,0.0,0.0,0.0,0.0,0.0,0.0,0.0,0.0,0.0,0.0,0.0,0.0012082364142856784,0.0,2.7781355679645513e-05,0.0,0.031334843628851194,0.0006044212764775263,0.0,0.0,0.00018951935729096328,0.0,0.0,0.0005523943740229171,0.0,0.004042237762944219,0.0,0.00015587866114070149,0.00032165758721451506,0.0001226420574366901,0.0,0.0006912001293095819,0.0014018977191506989,0.0,9.294126263735988e-05,0.00518864803295374,0.0,0.005893587305435792,0.014784227261591773,9.314330886048458e-05,0.007220424852695677,0.0038514051052029436,0.003907877024566296,0.0004923866457548827,0.0,0.0010152822712015943,0.0,0.002412532927220415,0.0,0.00037802848346630506,0.00012385433477543828,4.0308221513376626e-05,0.0,0.00046298892029023953,0.0,0.0,0.0,0.0,0.0,0.0,0.0,0.0002930680466423707,1.3638120060916938e-05,0.0,0.00196348519632579,0.0,5.051155578117385e-06,3.252944192307595e-05,0.0019501501455995497,0.004254386297225149,0.008026892352297898,0.008105488333093405,0.0001071855213676499,0.0,0.002686810675112199,0.05235987463031846,0.0,0.0,0.0,0.00046430222074055,0.0071395053403342365,0.0003111511836120309,0.0017518417776026713,0.08196924351368487,0.0,0.0,0.0012139947316447321,0.0,0.0,0.0,0.00307110259149536,0.15704699342592104,0.0,0.0007651490469732214,0.0,0.00037125993499162777,0.0,0.0004889518599617629,0.01639079780476769,0.0,0.0,0.0,0.001184394959956954,0.0,0.0001597175393800717,0.0019689404443501567,0.0,0.0,0.0,0.0,0.0,0.0,0.0,0.010249703876004233,0.0,0.0,6.182614427615679e-05,0.0,1.0708449825608856e-05,0.0,0.0,0.0,0.0008790020937039872,0.0,0.0011216596076767465,0.0,0.0057674094390944295,0.000980328274601022,0.001652738105159998,0.0,0.006582463903179452,0.0017957868311322927,0.0,2.3841454328714055e-05,0.0,0.0,0.3054497422647867,0.0,0.0002658928296320991,0.13654586828101603,0.002665797867907231,0.0,0.04995390820534969,2.5255777890586924e-06,0.0,0.0,0.010054022108907967,0.01607752513581295,0.0,0.0,0.0,0.008262175179126606,0.0005403726237469979,0.0,0.0001848722941590963,0.0,0.0,0.0,0.0,0.0,0.0,0.0,0.0,0.0,0.0,0.0,0.0,0.0,0.0,8.637476038580728e-05,0.0,0.0,0.0,0.0,7.920211946488059e-05,0.0
TF35_6wk,0.0,0.0,0.0,0.0,0.0,0.0,0.0,0.0,0.0,0.0,0.0,0.0,0.0,0.0,0.0,0.0021554494178798343,0.0,0.00020150959943010502,0.0,0.02610084429158572,0.000299257553832469,0.0,2.5787520817307445e-05,9.672868480484098e-05,0.0,0.0,0.001183473929682833,0.0,0.005585597394420744,0.00023514549614833314,0.001040164624271235,0.006801178316425521,0.0009224389857574403,0.0,0.003070447735575374,0.0007632290746244987,0.0,0.00020324235774589347,0.00728410825173146,0.0,0.017285385396537158,0.0357012427036859,0.0009810469876149572,0.006824213809329519,0.0008898223586367353,0.0019164306972609174,0.0021223231559603676,0.0,0.001217517534240069,0.0,0.0013607249126919149,0.0,0.00023575705790684638,0.00011395434100296335,7.29797031825775e-05,0.0,0.0003025192165445396,0.0,0.0,0.0,0.0,0.0,0.0,0.0,0.00012496245265620131,0.00040383461453822965,0.0,0.0007058441962840082,0.0,0.0,0.0,0.001318221370475246,0.004299584943227184,0.0025645842343251886,0.01149012424590603,0.00015136153523202198,0.0,0.008044993006281658,0.016789001102543926,0.0,0.0,0.0,0.0018100189512796272,0.008114507192832661,0.0,0.0035666281756491,0.005170143106470763,0.0,0.0,0.003982999806236851,0.0,0.0010466879496953763,0.0,0.018216386246913782,0.17635382190934273,0.0,0.0022360736430438372,0.0,0.000541843718042713,0.0,0.0003913995254484598,0.04875013594508248,0.0,0.0,0.0,0.0019861487377314346,0.0,0.0016955549754779028,0.000299257553832469,0.0,0.0,0.0,0.0,0.0,0.0,0.0,0.0023609341687402864,0.0,0.0,0.0,0.0,0.0,0.0,0.0,0.0,0.0034490044640950574,0.0,0.0011024419966798316,0.0,0.0044156797503849534,0.0027414275094952614,0.004393357746199222,0.0,0.03858220822108203,0.003200200755339929,0.0,0.0,0.0,0.0,0.13219070493398855,0.0,0.0,0.13118927255442317,0.0018237790908461745,0.009018089691035944,0.1172549398136592,0.0,0.0,0.0,0.03457770182633736,0.03665252701905332,0.0,0.0,0.0,0.026077503017802466,0.003589255960714089,0.0,0.00038711859313886836,0.0,0.0,0.0,0.0,0.0,0.0,0.0,0.0,7.56298041361349e-05,6.594674295967557e-05,0.0,0.0,0.0,0.0,0.00020568860477994638,0.00012363740217942267,0.0,0.0,5.6365608742968454e-05,0.001419944476307945,0.0
TF36_12wk,0.0,0.0,0.0,0.0,0.0,0.0,0.0,0.0,0.0,0.0,0.0,0.0,0.0,0.0,0.0,0.00031987208339556646,0.0,0.00015379240281644568,0.0007844721843728196,0.08901125585143846,0.002378998262558784,0.0,0.0,0.00019830860585827212,0.0,0.0,0.0008936476687559415,0.00024232123194261186,2.3668117001876054e-05,1.369729324363891e-05,0.0,0.022918190196786824,0.0,0.0,0.004309108025213902,0.007017747764143496,0.0,0.003002829397493339,0.00930267785104376,0.007826391642475679,0.020587736752929763,0.045252533269063436,0.001207678259444663,0.005988940039998108,0.0009415881951086776,0.0,0.002250082561442183,0.0,0.0018350344330816245,0.0,0.001055900164458164,0.0,0.00019196353619393942,1.4805162550109703e-05,0.00018189199704420493,0.0,0.0,0.0,0.0,0.0,4.310618756086362e-05,0.0,0.0,0.0,0.0007336109116666604,0.0014449637218124074,0.0,0.001807438415811352,0.0,0.0,0.00011854201579237396,0.0010160168694252156,0.0021515829085577793,0.0,0.010989761374015784,0.00032128209887653027,0.0,0.0006566643525626879,0.022384398621850897,0.0,0.0,0.0,0.00030818909798187543,0.002659792774053382,0.00023778903932523133,0.0005957315407067952,0.06285415937948853,3.444466389209196e-05,0.0,0.0,0.0,0.001158932009959948,0.0,0.008157745280501944,0.06677853460918257,0.0,0.0,0.0,0.0059533875067995555,0.0,0.00044818349216318483,0.01900257720615295,0.0,0.0,0.0,0.00037979774133648766,0.0,0.00038463208012836026,0.0,4.189760286289538e-05,0.0,0.0,0.0,0.00017635265051185094,0.0,0.00013022500120606697,0.011132877945333514,1.148155463069732e-05,0.0,0.0,0.0,2.0143078299468987e-05,0.00019710002116030403,0.0019384691401493975,0.0,9.346388330953609e-05,0.0,0.0035443760575745624,0.0,0.007525252621898617,0.0005324822748464626,0.007355144325659602,0.0,0.013397664953934308,0.004171329369645534,0.0,0.0,0.0,0.04451217442616656,0.37184293756985193,0.0,0.0,0.03655455062856984,0.0004994476264353334,0.025546156907127048,0.01896853540382695,0.0,0.0,0.0,0.0011015242368064614,0.0,0.0013754701016792396,7.412652814204586e-05,0.00839533288904418,0.0017788352446260957,0.00038986928048622213,0.0,5.086127270615918e-05,0.0,0.0,0.0,0.0,0.0,0.0,0.0,0.0,0.0,3.655968711353621e-05,0.0,0.0,0.0,0.0,7.896086693391841e-05,0.0,0.0,0.0,0.0,0.0,0.0
TF36_26wk,0.0,0.0,0.0,0.0,0.0,0.0,0.0,0.0,0.0,0.0,0.0,0.0,0.0,0.0,0.0,0.00019298660512729807,0.0,0.00020617013569300947,0.0013820396503808818,0.03230796565142663,0.001212276341403942,0.0,0.0,0.0,0.0,0.0,0.0012490888152143617,0.00014451177735491316,4.8677651319549696e-06,0.0,0.00011682636316691926,0.012052180819626175,0.0,0.0,0.001517322956339797,0.00394816316910981,0.0,0.003396178885500833,0.006039578175699546,0.0032788454634660015,0.020512762266058242,0.028681886275214508,0.00026874119999334726,0.005543066132240139,9.147341977132047e-05,0.0016929681481845055,0.0008048038351498884,0.0,0.00019065413433490296,0.0,0.00041943909553678656,0.0,6.013718173436035e-05,2.8902355470982635e-05,0.0002006938999195591,0.0,0.0,0.0,0.0,0.0,0.0,0.0,6.287529962108503e-06,0.0,6.449788799840335e-05,0.0007280351225480152,0.0,0.0006156708774187212,0.0,0.0,0.0,0.0005817993450422013,0.0005900136987023754,0.0,0.002722297650045817,0.00018730754580668392,0.0,0.0004709562765166433,0.017714710021146378,0.0,0.0,0.0,0.0029495614346439643,0.001412666006002765,0.0,0.0008783273709971248,0.04890359675109128,0.0,0.0,0.0,0.0,0.0008610873694881177,0.0,0.00814691483074172,0.042002931205903614,0.0,0.0,0.0,0.0017894107448613633,0.0,0.00027989649508741076,0.007048422499297214,0.0,0.0,0.0,0.0001903498990141548,0.0,8.275200724323449e-05,0.0,1.6327295546765627e-05,0.0,0.0,0.0,0.0,0.0,0.0,0.0035171631313846304,0.00015404448407165832,0.0,0.0,0.0,7.017694731901749e-05,0.0004881962780256505,0.002545232693370955,0.0,0.00022746660814531143,0.0,0.0026529319969154585,0.0,0.004600342285018193,0.0013359987051744745,0.006535583160291041,0.0,0.005007409144177927,0.0020446641789682524,4.7257886489396164e-05,0.0,0.0,0.028332218479902405,0.645199754826896,0.0,1.8355531018413533e-05,0.0,0.0,0.02120489762075809,0.009092173972303224,0.0,0.0,0.0,0.00013142965856278419,0.0,0.0,0.0,0.0,0.0027738148310256635,8.89381254317606e-05,0.0,3.4987061885926345e-05,0.0,0.0,0.0,0.0,0.0,0.0,0.0,0.0,0.0,0.0,0.0,0.0,0.0,0.0,0.00010861200950674527,0.0,0.0,0.0,0.0,0.0,0.0
TF36_6wk,0.0,0.0,0.0,0.0,0.0,7.667343080830337e-05,0.00013854307004909145,0.00011056900874219945,1.7866644995277082e-05,0.0,4.308413821718235e-05,2.2460925136919766e-06,0.0,0.0,0.00031506552260242803,0.0027908720433765396,0.0,0.00015967675870064778,0.0037379063232404835,0.07382926511528377,0.0028552940604737852,0.0,4.461556493106335e-05,0.004262573115416077,6.922048746741636e-05,0.00030271201377712317,0.00012915031953728763,0.0002845390834390699,0.002815579061027151,4.798470370160131e-05,0.0007278360695504591,0.003992837823544523,0.007493475101247727,1.102627233994243e-05,0.004755488327057198,0.006916433515457406,0.0,0.0024182248763321883,0.033875771481730904,0.001523565390082971,0.015739289099468007,0.059877355181143295,0.0005565204678243164,0.006770539597181686,0.011409639493983945,0.0,0.04507325732828522,0.0,0.0016117755688025105,0.0,0.017081023091056184,0.0,0.004875347991196952,0.00010495377745796951,0.0006577988211689729,0.0,0.0,0.0,0.0,0.00020939707934464742,3.205786587724002e-05,0.0003583538510481279,0.0006418719833446105,0.0,8.045095003587625e-05,0.0025780037301470953,9.178350771859485e-05,0.08076918050702069,1.8683405909346896e-05,0.0008477978288044623,5.819421512747393e-06,0.005518955591483962,0.03348658490617664,0.0,0.00394015674458702,0.0002458450351350127,0.0,0.0166038305270109,0.040514812571747355,2.2154639794143583e-05,0.000314350856802618,0.0,0.0020293445861207004,0.0005503947609687929,0.013415093823368104,0.0013391816137317116,0.05901138442200067,6.329897084041025e-05,0.0,0.0,0.0,0.0003866341976977961,9.494845626061537e-06,0.008009872189168364,0.09802049824866044,0.0,0.0,0.0,0.027185989119927867,0.0,0.0006196152484362092,0.040219553501311116,0.0,0.0,0.0,0.0036476542422357594,0.000249826744591103,0.0,0.0,0.00013568440684984712,0.0,0.005100365623023184,4.2879947988665e-06,0.0,0.0,0.0,0.010226663405068085,8.88227494050918e-06,0.0,0.0,0.0,3.358929259112092e-05,0.00016886531898393213,0.0012824167302038598,0.0,0.00018622148840791657,9.004789077619651e-05,0.0061427567396047785,0.0,0.004579884730532198,0.0011187582620471217,0.010665672396380608,0.0,0.016838955575148744,0.0029351324398241194,0.0,1.28639843965995e-05,7.146657998110833e-06,0.017150651958980637,0.06205392092202508,0.0,4.573861118790933e-05,0.007062531623961644,4.4207184474028344e-05,0.0,0.04766861722785629,5.61523128422994e-06,0.0,1.8683405909346896e-05,0.005427478369108143,0.0,0.0,0.00021562488131442973,0.007504501373587658,0.01433650222955311,0.005613087286830507,0.0,0.003065405805618254,1.28639843965995e-05,0.000624209528577852,0.0,4.8188893930118764e-05,0.00010311606540131345,0.0,0.0,0.0,0.0006805660316486678,0.008811114645870848,7.299800669498923e-05,0.00010699567974314506,0.0,0.0,0.00014477087201887376,0.0010599514762340953,0.0,0.0,0.0,0.0,4.09401408177492e-05
TF38_12wk,0.0,0.0,0.0,0.0,0.0,0.0,0.0,0.0,0.0,0.0,0.0,0.0,0.0,0.0,0.00012980660447438173,0.0015724647663781937,0.008465674718516983,0.01883643725431185,0.0,0.04294008594155728,0.0007902601607827638,0.0,0.000667999266230695,0.0011831469220080527,0.0,0.000247784798800273,4.9760897866063065e-05,7.484528490510304e-05,0.0028609457201396135,0.0,0.00027572431932343144,0.00032711672203756214,0.009563065666948482,0.0,1.2338255413511538e-05,0.002782327580273354,0.0,8.769338558363563e-06,0.0024461356125184157,0.0,0.008973378633425032,0.003801100388838592,0.00031263711651096076,0.008651360364037682,0.011091887678640763,0.004576167160723726,0.011619679496990646,0.0,0.0018541032907758701,0.0,0.0003386392250270398,0.0,0.0004569233265119438,0.0,0.0002720534334152792,0.0,0.0,0.0,0.0,0.0,0.0,0.0,0.00012531996614219572,0.0,0.0,6.158930801455346e-05,0.0,0.004296058172121113,2.3860758402989256e-05,4.241912604975858e-05,4.4866383321860145e-06,0.0027356257539974177,0.009624858913069042,0.011111363767764672,0.0038937902580194247,0.0,0.0,0.002553305087225859,0.045657459235066936,0.0,0.0,0.0,0.005733413943268704,0.0021936602372799483,0.002955573001327537,0.0006994057345559971,0.09204766808502225,0.0027466384117218745,0.0,0.0,0.0,0.0,0.0,0.0026229499504277463,0.1537040717364525,0.0,0.0,0.0,0.0010644549443111317,0.0004734423130986287,0.0,0.07209466970031402,0.0,0.0,0.0,0.002421561070744397,0.0,2.2637129766938528e-05,0.0,0.0,0.0,0.0,1.6722924692693323e-05,0.0,0.0,0.0,0.0003966596161864443,1.855836764676942e-05,0.0,0.0,0.0,0.0,0.00020485582748549323,7.474331585209872e-05,0.0,0.025699362397708484,0.0,0.0010741420043465333,0.0,0.015355927568118651,0.0016090716564067114,0.0018274893679417566,0.0,0.009854391251381558,0.0,0.0,0.0,0.003281873970941065,0.0,0.006579757083203793,0.0,0.0,0.007836219754321886,0.021689939233582256,0.0002937728417051797,0.015444742613285333,1.560126510964682e-05,0.0,0.0,0.016201760862788617,0.2930278558039308,0.0,7.973979944930598e-05,0.0013667931864686565,0.010113902491277318,0.0012380062725243274,0.0,0.0006362868907463802,0.0,0.0,0.0,0.0,0.0,0.0,0.0,0.0,5.2310124191168755e-05,0.0008477707066771483,0.0,0.0,0.0002860231936768584,0.0,0.0,0.0,0.0,0.0,0.0,0.0007828164199134552,0.0
TF38_26wk,0.0,0.0,0.0,0.0,0.0,0.0,0.0,0.0,0.0,0.0,0.0,0.0,0.0,0.0,0.0,0.00018381002143198473,0.0,0.007946662411936634,0.0,0.05645413721747967,0.0006153728105699191,0.0,0.0,0.0,0.0,0.0,0.00040344828006192124,6.252179635676554e-05,0.007592947378976685,9.297072315389178e-05,0.004461884236428205,0.0023665920870952996,0.0,0.0,0.000316973327958083,0.006122467207520807,0.019542222714818206,0.00027718673027650486,0.004663354635402524,0.0,0.012798292911368055,0.015390917531720687,0.00035950032905140246,0.005585145145974179,0.0005134704022222036,0.0,0.00045856083756471946,0.0,0.0008464801649601064,0.0,0.0,0.0,9.82485371320603e-05,3.440728728075252e-05,0.00019964346336649033,0.0,0.0,0.0,0.0,0.0,0.0,0.0,0.0,0.0,0.0,0.00011205205061342415,0.0,0.000367112560750684,0.0,0.0,0.00010159791907974418,0.0007768536190173445,0.000565233577777318,0.0019104671636743502,0.004499133423543356,0.0004427273956302139,0.0,5.531555034811237e-05,0.007398074247475079,0.0,0.0,0.0,6.22173070887944e-05,0.010809774998670302,0.0,0.0003742173103366801,0.00015457905170674364,0.00034732075833255206,0.0,0.0005790370912586809,0.0,0.0003237735882761078,0.0,0.0005172257698605159,0.041147258723718945,0.0,0.0,0.0,0.00037695771374842145,0.0,0.0,0.013285475740122073,0.0,0.0,0.0,0.00037716070659373564,0.0,0.0003590943433607741,0.0,0.0,0.0,0.0,0.0,0.0,0.0,0.0,0.0013678672881495628,0.0,0.0,0.0,0.0,0.0,0.0008429277901671083,0.005073095693669184,0.0,0.0,0.0,0.00431816530194577,0.0,0.011237480923747368,0.0004050722228244346,0.0033115237820327804,0.0,0.030430149958934467,0.0,5.3285621894970724e-05,0.0,0.004834985086115658,0.0,0.5592836544883143,0.0,0.0,0.02991566459248579,0.002705184153079342,0.01578218624106376,0.04121434785909539,0.0,0.0,0.0,0.014201683947447596,0.036173731020676364,0.0,0.0,0.003982415135796126,0.0019109746457876358,0.0,0.0,0.0,0.0,0.0,0.0,0.0,0.0,0.0,0.0,0.0,2.7505530540070604e-05,0.0,0.0,0.0,0.0,0.0,0.0,0.0005982199151408714,0.0,0.0,0.0,0.0,0.0
TF38_6wk,0.0,0.0,0.0,0.0,0.0,0.0,0.0,0.0,0.0,0.0,0.0,0.0,0.0,0.0,0.0,0.001165678624067719,0.0008774952519092534,0.01647350675294281,5.969145783389255e-05,0.032861226298844005,0.0007602698588137777,0.0,0.00012503357002383345,0.0,0.0,1.5410875516495494e-05,1.4075266305065883e-05,0.0011091720805072357,0.007241262187690903,0.0,0.012514966528605669,0.002883169330796087,0.0,0.0,0.0005032164551986328,0.0059289747678762566,0.0380157532024313,0.0011742059751868466,0.01843253724859982,0.0,0.03706428574804287,0.022701863462519623,0.0023675214360141476,0.013994821534869778,0.0010867749414232622,5.794489194202306e-05,0.006304178217117867,0.0,0.0015821832196935373,0.0,0.0,0.0,0.00014938275333989634,0.0002825327178024174,0.0008608515063514384,0.0,0.0,0.0,0.0,0.0,4.06847113635481e-05,0.0,0.0,0.0,0.0,0.00019849207665246198,0.0,0.00040664163529526004,0.0,0.0,0.00045081947844254815,0.00016880045649068066,0.00039441567405217466,0.018982397287028382,0.005401409129361561,0.0009411935373774348,0.0,0.0002523274017900862,0.008876253340820955,0.0,0.0,0.0,0.001357800872173363,0.010633606845552,0.0,0.0002246905650305043,0.13438427285222226,0.0020060850355672634,0.0,0.0,0.0,0.0004899631022544467,0.0,0.0013368420814709292,0.07298364618438023,0.0,0.0,0.0,0.00029455320070528385,7.376672413895843e-05,2.249987825408342e-05,0.023428434873537327,0.0,0.0,0.0,0.0005073260220030317,0.0,0.0002127728212977478,0.0,0.0,0.0,0.0,0.00013705405292669992,0.0,0.0,0.0,0.0032857013992869393,9.873234247568113e-05,0.0,0.0,0.0,3.6883362069479215e-05,0.0008565364612068196,0.0070153387526190785,0.0,0.0006383184638932433,0.0,0.01098312550226612,0.0,0.009800803132640583,0.0003987307191967924,0.01586775660597453,0.0,0.028821830347630313,0.0,0.00012369796081240382,0.0,0.006381746290550894,0.0,0.25215541641932215,0.0,0.0,0.0006327705487073049,0.002629814537304901,0.0,0.006409691344820806,0.0,0.0,0.0,0.06449400034068309,0.07604845836793075,0.0,0.0,0.0,0.0007305782386519963,0.0002476013999650276,0.0,0.0010794804603454543,0.0,0.0,0.0,0.0,0.0,0.0,0.0,0.0,0.00020023864254433145,9.554742820227207e-06,0.0,0.0,0.0,0.0,1.6438267217595193e-05,0.0,0.0,0.0,0.00011732813226558569,0.00010469121434205938,0.0
TF39_12wk,0.01947739192303924,0.0,0.0,0.0,0.0,0.0,0.0,0.0,0.0,0.0,0.0,0.0,0.0,0.0,0.0,0.00039409160819199303,0.0010142000792443659,0.00040069530541034535,0.0,0.09182196006254344,0.022178410596590797,0.0,0.0,9.085409237507299e-05,0.0,0.0,0.013297928995343333,0.00032848068099029906,0.05814747121001037,0.006930260696924384,0.004880664800589648,0.0005392664357502867,7.998994533842886e-05,0.0,0.006931645343115328,0.001233080688659109,0.0,0.002132568156545969,0.002652023500641188,0.0,0.01237532858719224,0.06927810938278867,0.0011763101948303704,0.007002901366326258,0.004138281419752299,0.0037566516272788094,0.000164772896722436,0.0,0.003014694291423289,0.0,0.0009616900352339203,0.0,0.0,0.0006976486577452849,0.0038789265370637845,0.0,0.0,0.0,0.0,0.0,0.0,0.0,0.0,9.2664783547847e-06,0.0,0.0,0.0,0.005639876958209249,0.0,2.3325962755147697e-05,0.004509047065189144,0.00026499997869775096,0.000594545772142623,0.0003093086568079859,0.01142737850262231,0.0018626686605571821,0.0,0.0003931330069828763,0.01025735247127392,0.0,0.0,0.0,0.002312146116386969,0.011593003489308404,0.0002997226447168293,0.0,0.08126318076662536,0.0040057814304034125,0.0,0.0,0.0,7.349275936553384e-06,0.0,0.00032390069743563535,0.05789834140688565,0.0,0.013206861880477346,0.0,0.00028502409284372255,0.0003903637146009877,0.0,0.0020030504820698976,0.0,0.0,0.0,0.0017360267897084472,0.0,0.0011198592347380042,0.0,0.0,0.0,0.0,0.0,0.0,0.0,0.0,0.0,0.0,0.0,0.0,0.0,0.0,0.0,0.0,0.0,0.0017801224453277782,0.0,0.018674403643536692,0.0,0.04140145366547802,0.014813370995709731,0.012254225301107188,0.0,0.012006160610437253,0.0,0.0004603416028664308,0.0,0.0,0.0,0.20617530898912315,0.00029524917240762293,0.0,0.09657640903726608,0.0009164227559145697,0.00037438702778239336,0.010407852861105078,0.0,0.0,0.0,0.0061288700861036926,0.024167082060523957,1.5657153082222425e-05,0.0,0.0005200944115679735,0.0006734706050264779,0.0,0.0,0.0005271241537681539,0.0,0.0,0.0,0.0,0.0,0.0,0.0,0.0,0.0,7.221462442004629e-05,0.0,0.0,0.0,0.0,0.00019321139925953387,6.688906214718151e-05,0.0,0.0003362560019086816,0.0003254983661174948,0.00012610931462143777,0.0
TF39_26wk,0.05685921738513837,0.0,0.0,0.0,0.0,0.0,0.0,0.0,0.0,0.0,0.0,0.0,0.0,0.0,9.399689645334885e-05,0.003731621820252655,0.06556607844398307,0.0001481962765135839,9.201801442275203e-05,0.078924521591527,0.005138606944006992,0.0,0.0015518832635502602,0.0002995807518542405,0.0,6.409379021321916e-05,0.010195859848978337,0.0,0.011369007079450485,0.0018118863747925641,0.0008760950501014468,0.000265390067881151,0.0,0.0,0.0022572447695674365,0.0008399254840977593,0.0,0.0003393782682473543,0.0021863348301377175,0.0,0.003593429891782644,0.021211086796514348,0.00024395217921635215,0.00747005978972181,0.026109259573803823,0.0163817351387334,0.007245896430811415,0.0,0.004990960356946352,0.0,0.0032790075246989276,0.0,0.00024340248976340858,3.847826170604923e-05,0.00031706087645784573,0.0,0.0,0.0,0.0,0.0,0.0,0.0,0.0,2.550559061658121e-05,0.0,0.0,0.0,0.015602935121802854,0.0,0.00014028074839119665,0.00024340248976340858,0.0013714751850941833,0.004207213134939423,0.0215797085436583,0.014296653105827888,0.0010040627547467065,0.0,0.0015302254991042838,0.02402538685769479,0.0,0.0,0.0,0.009066028147398144,0.01356061892833646,0.0019805310989556486,0.0001381919284700111,0.028371231672666575,0.0008210161669165008,0.0,0.0,0.0,0.0,0.0,0.001996252217309834,0.07145259285766518,0.0,0.00736935668194255,0.0,0.00021811677492800482,0.0,0.0013516863647882152,0.01701035999711955,0.0,0.0,0.0,0.0028041857752462798,0.0,0.00037477826901691956,0.0,0.0,0.0,0.0,0.0002517577694481507,0.0,0.0,0.0,0.006858145490705039,0.0024583211714541914,0.0,0.0,0.0,0.0,1.517142890124227e-05,0.0002762739190494335,0.0,0.01566318108584558,0.0,0.0038867441838733277,7.145962888266286e-06,0.01551630406401906,0.005886074662119646,0.012536657415393195,0.0,0.011216853038875598,0.0,3.122236092719424e-05,0.0,0.0,0.0,0.09313795171417924,6.55229827908724e-05,0.0,0.11457100311179219,0.0013240919542504485,0.007720168490811131,0.008647604535817506,0.0,0.0,0.0,0.006741831202462181,0.11121273036797771,0.0011311509562672588,0.0,0.0,0.003750641075324502,0.0009092962930592378,0.0,0.0009300745543805043,0.0,0.0,0.0,0.0,0.0,0.0,0.0,0.0,0.00010400124449692165,0.0003041981432589664,0.0,0.0,0.0,0.0,0.0,0.00020602360696324648,0.0,6.684223747793695e-05,5.595838630965446e-05,9.465652379688101e-05,0.00014533789135827738
TF39_6wk,0.05108623614205631,0.0,0.0,0.0,0.0,0.0,0.0,0.0,0.0,0.0,0.0,0.0,0.0,0.0,0.0,0.0003286158513591032,0.0067523819609103175,0.0008226537602799895,0.00012923929833883903,0.14796881024933436,0.02592309009676821,0.0,0.0006906556591851468,0.0,0.0,0.0,0.0133974889377315,9.899857582113108e-05,0.003568617472686264,0.004565181914392656,0.0040749638862108495,0.0005399825855881422,0.006563828403317444,0.0,0.0016624969838858344,0.0012843287907170118,0.0,0.001350540056861048,0.012658554230316324,0.0,0.003342713970089063,0.05332320074598031,3.5652220231404155e-05,0.007440278817339463,0.015636894021016572,0.001656767162777216,0.0017726368785292794,0.0,0.0029779153595070173,0.0,0.00032140052107417616,0.0,0.0,0.0001572517570920862,0.0008273225034055294,0.0,0.0,0.0,0.0,0.0,0.0,0.0,0.0,0.0001219178602556053,0.0,0.0,0.0,0.011977448272978874,0.0,0.00010950324785359743,0.0,0.00017433511261963404,0.0007787251317805808,0.0019379528282927546,0.02120999391153455,0.0031477939445977254,0.0,0.0005929303769437097,0.010778536259899602,0.0,0.0,0.0,0.0048641936900238976,0.004063822567388535,0.0,0.0013044892723954738,0.048495826461969205,0.011870703827881277,0.0,0.0,0.0,0.0014241788688866268,0.0,0.001627056979251046,0.10684694523076227,0.0,0.003565222023140416,0.0,0.004852627940008352,0.0,0.0005583392346953831,0.020830658532584343,0.0,0.0,0.0,0.0007340537486930178,0.0,0.0,0.0,0.0,0.0,0.0,0.00039334160832683103,0.0,0.0,0.0,0.0015319843919673014,0.0,0.0,0.0,0.0,6.249749320326503e-05,0.00020542469752380491,0.0,0.0,0.01170496344692457,0.0,0.006467482522453996,0.0,0.009300985168464176,0.020199423240451535,0.009333560262544656,0.0,0.022539100193137433,0.0,0.00015523570892423896,0.0,0.0,0.0,0.10740570889665088,0.0002341799108652053,0.0,0.1312065369194647,0.0010765697216304365,0.0020915969202423665,0.005570447195560284,0.0,0.0,0.0,0.03362863840987705,0.0006365406820481952,0.0006388750536109645,0.0,0.0,0.00040342184916606624,0.0021082558445766945,0.0,0.00024107691775520908,0.0,0.0,0.0,0.0,0.0,0.0,0.0,0.0,0.0,0.0,0.0,0.0,0.0,0.0,0.0,0.0,0.0,0.0,0.0,0.0,3.819880739079017e-05
TF42_12wk,0.0,0.0,0.0,0.0,0.0,1.8417209569979124e-05,0.00015935848999173554,0.00019255358029451227,3.926063836474592e-05,0.0,5.227399602497069e-05,0.0,0.0,0.0,0.00014866106886426265,0.0015654628134482255,0.0,1.2903074968188968e-05,0.0,0.02434159578614236,0.00035643366065971576,0.0,6.418452676483743e-05,0.000932219595778643,0.0,0.00037066012793233435,0.0029038535639947212,0.0,5.2604844101078104e-05,0.0,0.00018207672455111099,6.495650560908805e-05,0.003382149599354011,0.0,0.0001055405362782636,0.0002805591685390832,0.0,0.0,0.0015409800558162773,0.0,0.003882281607736378,0.009624811664732684,0.0,0.001633176386358209,0.29050953471070556,0.0746920410966247,0.04811501514291637,0.0,0.0009814056764266123,0.0,0.04106056218146226,0.0,0.0009387262746087564,0.0,3.7054984524029855e-05,5.514134601790158e-06,0.007178741555378559,0.0,0.0,0.0,0.0,0.00029489591850373763,0.0009106041881396266,0.0,0.0,0.0,0.0,0.09438687565383859,4.56570345028225e-05,0.00042083875280862483,0.0,0.0017701474898666762,0.02054323930704534,0.0,0.003741230044622586,0.000287948108905482,0.0,0.009262422738703034,0.06984732243549185,0.0,1.4005901888547e-05,0.0,0.0005663016236038491,0.0,0.004365760929621339,0.0016714444804946324,0.04580227680823365,0.0009903385744815124,0.0,0.0,0.0007643693385001516,0.0,0.0,0.001839294737773125,0.04954703589900128,0.0,7.433053443213132e-05,0.0,0.013177789154050044,8.965982862510796e-05,4.8855232571860796e-05,0.017549505349041424,0.0,0.0,0.0,0.016195344173533688,2.735010762487918e-05,0.0,0.0007525690904523207,8.71233267082845e-06,0.0,0.0,0.0,0.0,0.0,0.0,0.0,0.0,0.0,0.0,0.0002628036551213189,0.0,0.0,0.00015505746500233924,0.0,0.029856392084084842,0.0,0.0011276405260660872,0.0,0.0005807486562605394,0.00048601582380178445,0.002002292556602042,0.0,0.002737216416328634,0.0003430894549233825,0.0,0.0,0.0,0.0,0.022429514471625715,0.0,0.0,0.027571444987795037,2.6467846088592754e-06,0.0,0.0004439981181361434,1.367505381243959e-05,0.0,0.0,0.0,0.030473864876793304,0.0,0.0,0.0,0.00403833161696704,0.0017868001763640827,0.0,0.0013393832947748293,0.0,0.0,0.0,0.0,0.0,0.0,2.9004348005416228e-05,0.0,0.0008844671901271412,0.0029154332466584916,7.388940366398811e-05,0.0,0.0,0.0,0.0,0.0,0.0,0.0,0.0,0.0,2.45930403239841e-05
TF42_26wk,0.0,0.0,0.0,0.0,0.0,0.0,0.0,0.0,0.0,0.0,0.0,0.0,0.0,0.0,0.0,0.002594544003868158,0.0,4.331801755146687e-05,0.0,0.049087523784400275,0.0006898475313807168,0.0,0.0,0.0011423641785704792,0.0,5.682114022960492e-05,0.006715156920328766,0.00022544813623419293,0.00015209917384654704,0.00018634309295830512,0.002453031278201271,0.00015382757354934868,0.000983675480857001,0.0,0.00041481592867239985,0.0023490032210888956,0.0,0.00016830292106031268,0.0025005622700283174,0.0,0.0027247141064854086,0.013107427171177896,0.0,0.0033361355013515,0.10107270967054754,0.018611083924824117,0.010255243586610853,0.0,0.0016536464156554985,0.0,0.004588037011087035,0.0,0.0002936118995134338,0.0,0.00016182142217480643,0.0,0.0006643536357643922,0.0,0.0,0.0,4.256184268149114e-05,0.0,0.0,0.0,0.0,0.0,0.0,0.018028937299924226,0.0,6.61112886321639e-05,0.0,0.0012042624929270642,0.005467684434831661,0.0,0.004511231249293775,0.0005289983340387364,0.0,0.003047924850909321,0.023669461705036053,0.0,0.0,0.0,0.0,0.0036019849806386817,0.0018427981581308564,0.000263797004640105,0.08200511217422095,0.0002863742257579518,0.0,0.0,0.0005111742121035941,0.0,0.0,0.009176398097118335,0.0845600110099061,0.0,0.0027949303444117267,0.0,0.003376536844404489,1.4583372492389097e-05,0.0003251551940895643,0.037609545433038655,0.0,0.0,0.0,0.005543409946810647,0.0,3.554021888885936e-05,0.00030927552182007285,0.0,0.0,0.0,0.0,0.0,0.0,0.0,0.0,0.0,0.0,0.0,0.0,0.0,0.0002932878245691585,0.0016957761584112893,0.0,0.003568389211415474,0.0,0.0023650989433212253,0.0,0.0029343905954315364,0.0005757731509958066,0.0031614591063870955,0.0,0.004713886114447281,0.0016236154708193194,0.0,0.0,0.0001149385802363111,0.0,0.27130225627457694,0.0,0.0,0.11172029998969439,0.0012406669116673242,0.0,0.004705784240840399,4.104949294153968e-06,0.0,0.0,0.014338263809535534,0.055367015954641594,0.0,0.0,0.0,0.0019898201578504235,0.00019563324136086412,0.0,0.0002966365989933367,0.0,0.0,0.0,1.6419797176615873e-05,0.0,0.0,0.0,4.104949294153968e-06,0.000193472741732362,0.0006503103881791286,0.0,0.0,0.0,0.0,1.0262373235384921e-05,0.0,0.0,0.0,0.00014734607466384135,0.0015567480073171692,4.9691491455548035e-06
TF42_6wk,0.0,0.0,0.0,0.0,0.0,0.0,9.123396465621485e-05,0.0,4.203504838086568e-05,0.0,0.0,0.0,0.0,0.0,0.0005784823324795338,0.004228262322721925,0.0,8.206842779121414e-05,0.0,0.03506523702552413,0.0006648701512071277,0.0,2.159695468189846e-05,0.0033699677383637458,0.0,0.0010682591242656115,0.0030076656547000933,0.0,3.097319354379584e-05,1.4643788784311534e-05,0.001090909588931993,0.0,0.0,0.0,0.00012252321119535564,0.0003584040967210661,0.0,1.580264976724267e-06,0.005201916250380976,0.0,0.006850027270105939,0.008701571067834563,0.0,0.002570142958144365,0.129923486730357,0.015223851381767895,0.029555169104681922,0.0,0.0007447262080309279,0.0,0.020203266323426092,0.0,0.0013519693630868435,0.0,0.00010672056142811287,0.0,0.001480286879196855,0.0,0.0,0.0,0.0,0.0,0.0002901366497265763,0.0,0.0,0.0,0.0,0.055008181031784516,6.215708908448825e-06,0.00029266507368933616,0.0,0.0018998999060163746,0.010953764712662002,0.0,0.002870920058714219,8.628246772914555e-05,0.0,0.008514573045588855,0.015877870380134745,0.0,0.0,0.0,0.00055161782787522,0.0008389100006436948,0.012991042320654941,0.000841543775604902,0.09511741316101564,0.0005651027556766016,0.0,0.0,0.004418104821925735,0.0,0.0,0.0024620528337364247,0.07883288792687042,0.0,5.151663824121145e-05,0.0,0.005189590183562527,0.0,5.920726112793626e-05,0.032066842258687486,0.0,0.0,5.098988324897002e-05,0.012774440667845267,3.961197541655522e-05,0.0,0.0016483217217218697,0.0,0.0,0.0,0.0,0.0,0.0,0.0,0.0,0.0,0.0,0.0,0.0,8.122561980362786e-05,0.00029951288858847476,0.0014494190366515073,0.0,0.02647807714200441,0.0,0.0023579660472695186,0.0,0.0011471670221033772,0.0003801064024014129,0.003455302047106857,0.0,0.002553918904383329,0.0005989204261785012,9.839783255069834e-05,0.0,0.0,0.0,0.1705988751252492,0.0,0.0,0.10049600303579438,0.0006572848793188512,0.0,0.002907266153178867,2.6337749612071294e-05,0.0,0.0,0.0,0.05087673627663656,0.0,0.0,0.0,0.007962955217713634,3.7821008442934376e-05,0.0,0.0028341525602557675,0.0,0.0,0.0,0.0,0.0,0.0,0.0,2.117555068810532e-05,0.0016888818561244597,0.0069206124390663,0.0,0.0,0.0,0.0,0.0,0.0,0.0,0.0,0.0,0.0,1.4538437785863354e-05
TF43_12wk,0.0,0.0,0.0,0.0,0.0,0.0,0.0,0.0,0.0,0.0,0.0,0.0,0.0,0.0,0.0031437520600041866,0.008093282208428872,0.0,4.968097786617093e-05,0.0,0.06687370754183346,0.000955179527984543,0.0,0.0,0.005165516945127716,0.0,0.002522589288259273,0.0007988099047209181,0.0,0.008599927817051956,0.0,0.002108982601821919,0.011147207045826547,0.00028764784356453716,0.0,0.002099247137472386,0.0031824931861786144,0.0,0.0006237722776530351,0.008733514446425446,0.00010237292408786739,0.0071869807334156936,0.0026579824986460708,0.00024398880240941625,0.0019599396682234062,0.0,0.0,0.05189986081296954,0.0,0.000344755876707671,0.0,0.006309484189003709,0.0,0.005611240627357342,0.0,2.70987151997296e-05,0.0,0.0,0.0,0.0,0.0,0.0,0.0,0.0005366549265664959,0.0,0.0,0.0,0.0,0.028411296671514923,0.0,0.0003567997501297721,0.0,0.0006424402814572932,0.035469909787373376,0.0,0.0011677538938846441,0.00013178004836016653,0.0,0.0065888016867846145,0.014136897891639678,0.0,0.0,0.0,0.0,0.00010729083906855904,0.009104867210273593,0.002680163298865108,0.000188486619055897,4.496379410918096e-05,0.0,0.0,0.001711735510116253,0.0,3.302028629892977e-05,0.0,0.10741579425531335,0.0,0.0,0.0,0.0017752669424178414,0.0,0.0002985876952562788,0.02296445491636937,0.0,0.0,6.443472280824594e-05,0.005411713790997853,0.0002022367078794635,0.0004932969822469296,0.02383994414854434,0.0,0.0,0.0,0.0,0.0,0.0,0.0,0.0002961789205718595,0.0,0.027422695394784046,0.0,0.0,0.00010558462366709458,0.0003060147505332428,0.0008154705962881593,0.0,0.0,0.00024539392097532915,0.002154448223990354,0.0,0.003107520074126029,0.0005443830786790124,0.01273840345610993,0.0,0.008437736988300991,0.001198064308663601,0.0,0.0,0.0042394434445799205,0.0,0.38761139077431206,0.0,0.0,0.0,5.781059242608981e-05,0.046270554375479035,0.001233493369646951,0.0001595813228428521,0.0,0.0,0.0,0.001852548463542986,0.0,1.0136926796935887e-05,0.022742245451731587,0.003999168169808984,0.0001440246530059703,0.0,0.002729442814283876,0.0,0.0005013262311949977,0.0,4.2053191365506305e-05,0.00015265609562514242,0.0,0.0004305684748401481,0.00010588572050264715,0.0018442181177593755,0.0028268978233910516,0.0003126388809153989,8.822137281689748e-05,0.0,0.0,4.4261234826225016e-05,0.0,0.0,0.00019691733045136843,0.0001366979633408582,0.0003317083471670605,1.4954476165776706e-05
TF43_26wk,0.0,0.0,0.0,0.0,0.0,0.0,0.0,0.0,0.0,0.0,0.0,0.0,0.0,0.0,4.349943000572468e-06,0.00284010813351331,0.0,4.6534273959612556e-05,8.801047466274547e-06,0.04952187550928481,0.0007997825433145583,0.0,0.0,0.00020889842549260852,0.0,6.170849372905143e-06,0.0020493289605952847,0.0,0.009148941744855216,0.0,0.00337383602353703,0.008335704726678413,0.0,0.0,0.0016144358220031667,0.0038518239462743643,0.0,2.1345069142343916e-05,0.006246315825891818,0.0,0.010179372428665246,0.005053520990548794,7.415135393999121e-05,0.004715641697015954,0.008911313463265805,0.0,0.002111644423115114,1.294866753658784e-05,0.0005701460174703834,0.0,0.0031564400349735453,0.0,0.0002463281675905578,0.0,9.205693326792917e-06,0.0,0.0,0.0,0.0,0.0,0.0,0.0,0.00015862117732320103,0.0,0.0,0.0,0.0,0.006846304475575432,0.0,1.1835891420162323e-05,0.0,0.000755170337192408,0.004877095395362785,0.06434182782783984,0.0033525921158598254,7.415135393999121e-05,0.0,0.0019324874683706056,0.04064465345976768,0.0,0.0,0.0,0.0,0.0012356872965579725,0.0014077629487434093,0.0018498385513597184,0.13927283317958392,0.0004771786310162878,0.0,0.0,0.0,0.0,0.0,0.005289530688696133,0.07148989695389686,0.0,0.00047161475043416026,0.0,0.00168312445682616,0.0,0.000364181274466532,0.04314900669051587,0.0,0.0,0.0,0.0025209437110294453,0.0,0.00025340947014962926,0.004441190642119371,0.0,0.0,0.0,0.0,0.0,0.0,0.0,0.0,0.0,0.015343361739135555,0.0,0.0,8.62907297555424e-05,0.0006913374526956352,0.00426992428165497,0.0,0.0,0.0,0.0017472608257183217,0.0,0.005318159383327807,0.0024060242866422283,0.003966035240405674,0.0,0.014089465378854254,0.0015844920283247974,0.0,0.0,0.0017477666330439697,0.0,0.2971013092620305,0.0,0.0,0.0,0.0023052674673731542,0.0005265454259995291,0.008494325904001622,8.396401605756179e-06,0.0,0.0,0.0,0.11061692611379038,0.002217256992710408,0.0,0.00043185829463822937,0.004240283972372,0.00014729109322868668,0.0,0.0004550242701529071,0.0,0.0,0.0,0.0,0.0,0.0,0.0,0.0,0.00010369050175783231,0.0,0.0,0.0,0.0,0.0,0.0,7.84001354754342e-05,0.0,0.0008058522312223338,0.00041567246021749564,0.0007818769639866205,0.0
TF43_6wk,0.0,0.0,0.0,0.0,0.0,0.0,0.0,0.0,0.0,0.0,0.0,0.0,0.0,0.0,0.0,7.328166116108085e-06,8.93829838950647e-05,0.00027444498172861126,4.706540491472234e-05,0.08499888271270122,0.004955285284990832,0.0,0.0,0.0,0.0,0.0,0.0007587232270353596,7.008203933573788e-05,0.03114326100295759,1.3417768944986634e-05,0.0030947568003575326,0.0017433810403828403,0.0005014117041134236,0.0,0.005576011919107369,0.005613168817724244,0.0,0.0008281859847274827,0.010374825375478203,0.0,0.040489459568391666,0.006915724541460649,0.0005448646327737265,0.007860748329616786,0.001005919816444921,0.0,0.00015977466405261008,0.0,0.0005667459175147816,0.0,0.00021963855626870428,0.0,0.00010538109302177964,3.581512172238741e-05,0.0005718033842709688,0.0,0.0,0.0,0.0,0.0,0.0,0.0,1.063100154872018e-05,0.0,0.0,0.0,0.0,0.0012946082759766721,0.0,0.0,0.0002901334500335187,4.5207559983878044e-05,0.0006246487511927624,0.008814442060783518,0.0035829571627405076,0.00011467031767600116,0.0,9.062154718229424e-05,0.0008465580068213875,0.0,0.0,0.0,0.0,0.0037497503520874187,7.627485577188555e-05,0.00022459280941762244,0.024866738331314652,0.0002001311844948391,0.0,0.0,2.311984802828466e-05,0.0003282192711158269,0.0,0.0001462536815003543,0.062549923131666,0.0,0.0002267602951702741,0.0,0.0006064831563133958,4.9852172310988804e-05,0.00013851266095516972,0.0021108214822609253,0.0,0.0,0.0,0.0010474116865671105,0.0,0.0004359742771047965,0.0016928063728209573,0.0,0.0,9.175689686225476e-05,0.0,0.0,0.0,0.0,0.0,0.0,0.0003655825969472512,0.0,0.0,0.0005136941233784498,0.0020640657181680206,0.0122072797589343,0.0,0.0,0.0,0.003941211593571651,0.0,0.01141552817757282,0.0025503050220128825,0.014843768143016906,0.0,0.025274328866420438,0.005439666743904851,6.626313586678015e-05,0.0,0.0004703444083254161,0.0,0.5811770376559365,0.0,0.0,0.0,0.0004743697390089121,0.0,0.0032986036747140496,0.0,0.0,0.0,0.0028485923470206623,0.0057315548252619445,0.0,0.0,0.002490853984225855,0.0008386105590616646,0.00029632626646966634,0.0,1.4862759446754425e-05,0.0,0.0,0.0,0.0,0.0,0.0,0.0,0.0,0.0002318177619264614,0.00021943212905416602,0.0,0.0,0.0,0.0,8.525443960429969e-05,0.0,0.0,0.00013582910716617238,0.0,0.0001594650232308027,0.0
TF46_12wk,0.0,0.0,0.0,0.0,0.0,0.0,0.0,0.0,0.0,0.0,0.0,0.0,0.0,0.0,0.0006007427728854294,0.0038396733847449933,0.0,0.0,0.0,0.0,0.0003726265310090078,0.0,0.0,0.014023898501573309,0.0,0.00048343442053074167,0.0,0.0,0.005350480954243941,0.0,0.0,0.021916160430622656,0.0,0.0,0.004633429900208894,0.017868372228102638,0.0,0.0,0.006039730028778048,0.0014144007053302193,0.01051724882811656,0.02818280661583104,0.0020238440976997557,0.0,0.0,0.0,0.0,0.0,0.00039532814736409225,0.0,0.006846787491269377,0.0,0.005696105562716064,0.0,0.0,0.0,0.0,0.0,0.0,0.0,0.0,0.0,0.0,0.0,0.0,0.0,0.0,0.019351977860823686,0.0,9.39066861560543e-05,0.0,0.0018214296857936181,0.0071828114161728305,0.0006889490531725858,0.0,0.0,0.0,0.0039997847846766675,0.04934921366401287,0.0,0.0,0.0,5.710406580948562e-05,0.0,0.00861641348864039,0.012109362186587683,0.13416235235948795,0.0,0.0,0.0,0.0017782266097346128,0.02555281936073848,0.0,0.005680104423434937,0.05933802486737055,0.0,0.0,0.0,0.00016861200517476841,0.0,0.00024571749508565005,0.1187576555450748,0.0,0.0,0.0,0.00019711403451925773,0.0,0.0,0.0,0.0,0.0,0.0,0.0,0.0,0.0,0.0,0.0,0.0,0.0,0.0,0.0,0.0,0.0,0.0,0.0,0.0,0.0,4.8003417843350434e-06,0.0,0.00015141078044756783,0.0,0.0022197580467729298,0.0,0.0,0.0,0.0,0.0,0.012786810420901965,0.0,0.0,0.0,0.0,0.1649408437880777,0.00014971065939894918,0.00871182028160405,0.011778038596348057,9.840700657886829e-05,0.0,0.0,0.001385498647503702,0.15409897184679547,0.0,0.01667038693154952,0.0,0.045232120526981515,5.7504094291513545e-05,0.0,0.0005548395045727255,0.0,0.0,0.0,0.0,0.0,0.0,0.0,0.0,0.0001335095058768184,0.0007994569213327988,0.0,0.0,0.00014081002567382795,0.0,0.0,0.0001727122971155546,0.0,0.0003713264384424171,7.370524781364432e-05,0.00011090789664223991,0.0
TF46_6wk,0.0,0.0,0.0,4.028110978082751e-06,0.0,4.179165139760855e-05,8.177065285507985e-05,9.143811920247846e-05,4.12881375253482e-06,0.0,6.565820894274885e-05,0.0,0.0,0.0,0.0017022796993377606,0.004539781775073713,0.0,4.9545765030417746e-05,0.0,0.01702098434343757,0.00039163308984409555,0.0,0.0003750171320595042,0.005118520619849742,6.64638311383654e-06,0.0017211111181603077,0.001859275324708546,0.0,0.0006325141263334441,7.925308349377814e-05,0.0,0.0005724952727600111,0.002933874630886572,0.0,0.0005406731960331574,0.00026102159137976233,0.0,0.00015206118942262387,0.0036265083135679013,0.0004710875788867778,0.00928318456008951,0.0010386484156986375,8.579876383316261e-05,0.0018677343577625197,0.06133977186592078,0.08822942670011209,0.056201312096729523,0.0,0.0006447998648165964,0.001118707121388032,0.009611979118675514,0.0,0.0028734529662153307,0.0,8.630227770542295e-05,0.0,0.0,0.0,0.0,4.430922075891027e-06,0.0,0.00020895825698804274,0.0003169116312006605,0.00010080347722652085,0.0,0.0022403346232351745,0.0,0.1239636048088799,4.1690948623156477e-05,0.0010124656943410995,5.1761226068363256e-05,0.004092359348183172,0.014782663775691438,0.057338145717518926,0.0019993528839713738,9.425779688713639e-05,0.0,0.005044201972304126,0.020556155240577443,0.0,2.1248285409386412e-05,0.0,0.0001181243544322767,0.00011721802946220807,0.019908233589752834,0.00317133177304454,0.022919850762516403,0.0006686664223617368,0.0,0.0,0.0009954469254587,0.0006208326044970041,1.0976602415275498e-05,0.0034130184317295157,0.10563076542265422,0.0,0.0,0.0,0.00957874720310633,0.0,0.0010801379587728898,0.014991823438228384,0.0,0.0,6.777296720624229e-05,0.0019976409368056788,0.000626673365415224,0.0,0.0,0.0,0.0,0.00012628127916289428,1.6213146686783073e-05,0.0,0.0,0.0,0.0,0.0,0.0,0.0,0.0,0.0005598067231790504,0.0001125857018374129,0.00036625599068217416,0.0,0.01607075296370785,0.0,0.0002538716943936654,0.0,0.00016344060293570762,0.002147889476288175,0.0007836689907859993,0.0,0.004667775001402292,0.0,0.0,0.0,0.0003881084927382731,0.0,0.010290313007384548,0.0,0.0,0.05743431686712065,0.0015600873818114496,0.00010442877710679533,0.0023046836961100464,3.887127093849855e-05,0.0,0.0,0.007030564198371182,0.1814560271768594,0.0,0.000840364652802514,0.0,0.009347735038513286,0.0015114479417511005,0.0,0.0021381213071663247,0.0,5.4077389880760933e-05,0.0,0.0,3.454105163705959e-05,0.0,4.9142953932609565e-05,0.0,0.000336750077767718,0.0027400217900663396,0.000122958087605976,0.0,0.0011990679354007831,0.0,0.0,0.0031162473554192686,0.0,0.0,0.0,6.042166467124117e-06,8.177065285507985e-05
TF49_12wk,0.0,0.0,0.0,0.0,0.0,0.0,0.0,0.0,0.0,0.0,0.0,0.0,0.0,0.0,0.0,0.00020653498073094483,0.08679879419776598,0.004439473525054303,4.350811596075182e-05,0.04462071002776698,0.005199476997475095,0.0,6.685644296569429e-06,0.0,0.0,0.0,0.0022828903871132075,0.00028676271228977797,0.019118988422932647,0.0,0.00575448833015646,0.004019820775361945,0.005348721149387746,0.0,0.0007428265093819142,0.0,0.011239288054995918,4.145099463873046e-05,0.009314439633980529,0.0,0.001808209642056778,0.033242977707799125,0.00016004403885326203,0.014790290881069194,0.0014772188213435303,0.001634588602478175,1.0491318742308951e-05,0.0,0.0011197939916423288,0.0,0.00012023874127214865,0.0,0.0,8.146200435204597e-05,4.2376699233640074e-05,0.0,0.0,0.0,0.0,0.0,0.0,0.0,0.0,0.0,0.0,0.0,0.0,0.0008681051978930152,0.0,0.0,0.0004472181754074443,0.0,0.0004322011897566884,0.021124578855837274,0.007934214082970296,0.0025844643729215394,0.0,0.00040525290043820847,0.004207944520260788,0.0,0.0,0.0,0.0,0.0004359040081363268,0.00019254655574119957,7.518778431988082e-05,0.022346817489316266,0.0017709757461281913,0.006034771110281871,0.0,0.0,0.0,0.0,0.0007368608575480522,0.03961840810900773,0.0,0.0018947115936477762,0.0,0.00043322975041769904,0.000999246682171877,0.00025096880128660625,0.0046772767498799725,0.0,0.0,0.0,0.000498029072061371,0.0,0.0,0.00012322156718907963,0.0,0.0,0.0,9.668470213500405e-05,0.0,0.0,0.0,0.002096412339271971,0.0001245586960483925,0.0,0.0,0.0,0.0,0.00043343546254990016,0.0030228369266442918,0.0,5.0810896653927664e-05,0.0,0.009817920077545257,0.0,0.01798181175611924,0.001027737812481873,0.005051364262289557,0.0,0.011881727043863189,0.0,5.873081374370991e-05,0.0,0.0015416067187228094,0.0,0.5368161974441499,0.0,0.0,0.03233043868935045,0.0024835625720763914,0.0,0.002339666935600997,0.0,0.0,0.0,0.0,0.0,0.0,0.0,0.0,0.00027359713582884024,6.593073837078468e-05,0.0,0.00029169980346262925,0.0,0.0,0.0,0.0,0.0,0.0,0.0,0.0,0.0,0.0,0.0,0.0,0.0,0.0,0.00016858109233964966,0.0,0.0,0.0,0.0,0.0,0.0
TF49_26wk,0.0,0.0,0.0,0.0,0.0,0.0,0.0,0.0,0.0,0.0,0.0,0.0,0.0,0.0,8.915640004497678e-06,0.00017401231491131352,0.06366899773941326,0.0017307879495790037,0.00028802761708647794,0.063184091813051,0.008829630300924879,0.0,0.00020799663681081055,0.0003462415018217275,0.0,9.75475906374452e-06,0.0019930126555936516,3.387943201709118e-05,0.0634762101355513,0.0002051646099858525,0.012701430530172204,0.003184981279253778,2.5907800954246196e-05,0.0,4.6675997670605495e-05,0.00024502276530007636,0.04214832100667436,0.0005418611325086471,0.01915446587554522,0.0,0.007011573969184192,0.015449335669440796,0.0015800611885618003,0.031173063271255203,0.014379458868901074,0.005076460528678573,0.0005980821094781854,0.0,0.003487798369759492,0.0,0.0004959193640148826,0.0,0.00038672899643038756,0.0,1.0069428710962084e-05,0.0,0.0,0.0,0.0,0.0,0.0,0.0,0.0,0.0,0.0,0.0,0.0,0.0027072078648951187,0.0,2.1921985422823706e-05,0.0014716050501541462,6.901754262305262e-05,0.019250754787593794,0.01634708817295251,0.03421004492643443,0.0013772041559888767,0.0,0.0017654016107729357,0.014808878047470645,0.0,0.0,0.0,0.0008398532884236813,0.012262466372303701,0.0009525050221275697,0.0015591881019630352,0.011372056160560398,0.0021204538627167657,0.0,0.0,0.0,0.0,0.0,0.0003245292961637155,0.05255706848721939,0.0,0.0051970838934453055,0.0,0.0010042157341536562,0.0011139305511501806,0.0,0.008954973710399874,0.0,0.0,0.0,0.0023476453480078476,0.0,4.971780426037529e-05,0.0011682635102364136,0.0,0.0,0.0,5.758454544081442e-05,0.0,0.0,0.0,0.0047813003995884965,0.0002130313511662916,0.0,0.0,0.0,0.0,0.001118126146446415,0.003756526248483293,0.00011705710876493423,0.006025294404921926,0.0,0.0040079472966101275,0.0,0.02176370659027327,0.0018070428940880603,0.006853924475928193,0.0,0.015176831754950383,0.0,0.0012726289432302288,0.0,0.00034928330841149733,7.866741180439128e-06,0.3389102234909703,5.1291152496463124e-05,0.0,0.01741140580972472,0.006617922240515018,0.0,0.006460167857376613,0.0,0.0,0.0,0.00025226016718608136,0.0009951952042667528,0.0,0.0,0.0017520805957073923,0.0026982922248906106,9.293243581158757e-05,0.0,0.0006383598243220327,0.0,0.0,0.0,0.0,0.0,0.0,0.0,0.0,7.048600097673458e-05,0.0004948704651908241,0.0,0.0,0.0,0.0,0.0005393437753309066,0.0,0.0,0.0,0.0,0.0,0.0
TF49_6wk,0.0,0.0,0.0,0.0,0.0,0.0,0.0,0.0,0.0,0.0,0.0,0.0,0.0,0.0,0.0,0.0004510014246587059,0.0,0.0008472082837046709,0.0,0.045345638568465754,0.0021737919134735212,0.0,0.0,0.00042519760482981713,0.0,0.0,0.0019796978424099967,0.00015986031806343361,0.02100729065854432,2.878513765772456e-05,0.006855591749439358,0.0033008328568364903,0.0,0.0,3.5878618009092406e-05,0.0005038427130732421,0.009294515341553134,0.001070293100552027,0.018004281172402208,0.0,0.003369711579088913,0.01741716716824769,0.00015029954019854755,0.016340500215785727,0.010023601756798072,0.007088956972593043,0.0006308057309564211,0.0,0.00035220672005487264,0.0,0.0006036654583077094,0.0,0.0005868055919653279,0.00015204720927062366,6.548618817132339e-05,0.0,0.0,0.0,0.0,0.0,0.0,0.0,0.0003531319566224424,0.0,0.0,0.0,0.0,0.002953766339934793,0.0,7.710304729747652e-06,0.0003099542501358556,0.00045737527656863067,0.004112882150973513,0.06592310543934242,0.006111701549113304,0.00036958060671257075,0.0,0.0015132758082918056,0.003540571931900121,0.0,0.0,0.0,0.0,0.00399198457281108,0.002460409641293997,0.000911255214993109,0.018321431706952492,1.4803785081115488e-05,0.0,0.0,0.0,0.0,0.0,0.0007565351000828395,0.04944700666437619,0.0,0.002466577885077805,0.0,0.0009553581580472655,0.0,0.0,0.014513980427340041,0.0,0.0,0.0,0.0019616043273108655,0.0,0.0,0.0021031655221490325,0.0,0.0,0.0,0.0,0.0,0.0,0.0,0.004798893663794938,0.0002040660651806545,0.0,0.0,0.0,0.0,0.000662777794569108,0.004740295347848855,0.0,0.00216659562905909,0.0,0.009354861326571283,0.0,0.004390350317181376,0.0036046188631885584,0.004200779624892646,0.0,0.02127283355343683,0.0,9.858909647770663e-05,0.0,0.00034994503066748,0.0,0.4759084846454935,0.0,0.0,0.10887546541969449,0.00028229995717182733,0.0,0.004322705243685723,0.0,0.0,0.0,0.0,0.0,0.0,0.0,0.0,0.0023901944662217717,1.5420609459495303e-05,0.0,0.00027777657839704204,0.0,0.0,0.0,0.0,0.0,0.0,0.0,0.0,3.762628708116854e-05,0.00010270125900023871,0.0,0.0,0.0,0.0,0.00012058916597325326,0.0,0.0,0.0,0.0,0.0,0.0
TM01_12wk,0.004150169394154021,0.0,0.0,0.0,0.0,0.0,0.0,0.0,0.0,0.0,0.0,0.0,0.0,0.0,3.4126195237174536e-05,0.0014224969369720374,0.0,0.0,0.0,0.0,0.0,0.0,0.0,0.0030607562385057572,0.0,0.0003014817129532638,0.00014801479946064357,0.0,0.0,0.0,0.0001214609848234348,0.0003259152610224834,0.0,0.0,0.0,0.0005741883796266615,0.0,0.0,0.0024283110107967,0.0,0.0,0.007800662633785034,0.0,0.0,0.0378879519890877,0.0,0.007486257391274497,0.0,0.0,0.0,0.0,0.0,0.002999672368332698,0.0,0.0,0.0,0.009226188522997067,0.0,0.0,0.0,0.0,0.0,0.0,0.0,0.0,0.0,0.0,0.02689941808779206,0.0,0.00018809793410312474,0.0,0.005871421987063345,0.004332714249150505,0.0,0.0,0.0,0.0,0.0015394144934355032,0.034482198090447544,0.0,0.0,0.0,0.007497060654263771,0.006065173965347777,0.00012438897198875352,0.008071551929114441,0.20077642142418303,0.0,0.0014903454671477316,0.014372479343807788,0.0,0.0023755062767462794,0.0,0.0033507279329470746,0.1296016978286956,0.0,0.0,0.0,0.0,0.0,0.0,0.007256763776558232,0.0,0.0,0.0,0.0003556999580490115,0.0,0.0004888728915337241,0.0,0.0,0.0,0.0,0.0,0.0,0.0,0.0,0.006694388310667515,0.0006318394372610588,0.0,0.0,0.0,0.0,0.2528802559262713,0.019066446630113944,0.0,0.0,0.0,0.0,2.5342233741215408e-05,0.00029168810071064264,0.0,0.00032329016908116227,0.0,0.0007201838775939822,0.0,0.0,0.0,0.0008263991361428212,0.0,0.08188419003040565,0.0,0.0,0.0,0.0,0.0,0.01764071881075258,0.0,0.0,0.0,0.0,0.055582889044936024,0.00022878685919360206,0.00021848842157764999,0.020291052020740247,0.005388304104785593,0.0,0.0,0.0016236193657071113,0.0,0.0,0.0,0.0,0.0,9.884480809820671e-05,0.0,0.0,0.0005891312106772586,0.0011289914649174131,0.0,0.0,0.0,0.0,0.0003546903073023495,0.0,0.0,0.0,0.0002533213723374879,0.00014952927558063752,0.0
TM01_26wk,0.001089587439417178,0.0,0.0,0.0,0.0,0.0,0.0,0.0,0.0,0.0,0.0,0.0,0.0,0.0,0.0011191799296886367,0.0008712673326184844,0.0,0.00017171696735757098,0.0,1.0166127610266511e-05,0.0001127332962722623,0.0,0.0,0.01057005503699918,0.0,0.002148777150732371,0.001569509186404809,0.0,0.0,0.0,4.0664510441066045e-05,0.0005137417358693097,0.0,0.0,0.0,0.0010521438802981666,0.0,4.217433137328385e-05,0.0019307590081201209,0.00013115311164531944,0.0007534006451766816,0.0067387334394032935,0.0,0.0009573271257548988,0.30305880661941764,0.0,0.03571612266308651,0.0,6.814325140742999e-05,0.0,0.00124218000829999,0.0,0.004730067671180734,0.0,0.0,0.0,0.0027614624850263534,0.0,0.0,0.0,0.0,0.0,0.0,0.0,0.0,0.0,0.0,0.07958437246759002,5.0327364407259957e-05,0.0010285906737555791,0.0,0.0019022737198656117,0.003914160439410236,0.0,0.0,0.0,0.0,0.009715295079906277,0.02116084494813415,0.0,0.0,0.0,0.0,0.003535094730694754,0.007602753631547133,0.0017301541335927727,0.17973160013942613,0.0,0.008365313857045935,0.013489545446264229,0.0,0.0,0.0,0.0009092141653815574,0.08159515198511767,0.0,0.0,0.0,0.0010236585920436673,0.0,2.0130945762903985e-05,0.014286126970102439,0.0,0.0,0.0,0.0018988514590859182,0.00012561710156052086,0.0,0.0,0.0,0.0,0.0,0.0,0.0,0.0,0.0,0.004500172270568371,0.00011816865162824637,0.0,0.0,0.0,0.0,0.03761104858774877,0.0024874803131932307,0.0,0.0,0.0,0.00016356393432359484,0.0004005051659529737,0.001044494120908273,0.0010139957380774635,0.000502569060970898,0.0,0.0013314607527584695,0.0,0.0,0.0,0.0010426823357896117,0.0,0.012053403775538759,0.0,0.0,0.0,5.96882541870103e-05,0.03161575097536952,0.005570534656781975,2.415713491548478e-06,0.0,0.0,0.0,0.07099298808962667,0.0004900878745978964,4.44893901360178e-05,0.006783122174810497,0.008575581585539466,0.0,0.0,0.003206457041115346,0.0,0.0,0.0,0.0,0.0,0.0,0.0,0.0,0.0,0.0004992474549200187,0.0,0.0,0.00032934227268110913,0.0,0.00010427829905184262,0.0,0.0,0.0,0.0,0.0002052349920528061,0.0001637652437812239
TM01_6WK,0.011425141997893956,0.0,0.0,0.0,0.0,0.0,0.0,0.0,0.0,0.0,0.0,0.0,0.0,0.0,8.053488401597679e-05,0.0009019907009789401,0.0,0.0,0.0,0.0,0.0,0.0,0.0,0.0011754783413564832,0.0,0.00021413453407535747,0.0005035085077382439,0.0,0.0,0.0,4.721771282032611e-05,0.0017687887608604875,2.868365732075875e-06,0.0,0.0,0.0034581458552942583,0.0,0.0,0.00506785063978346,0.00027205345751150515,0.003342197686663037,0.00936786183744199,0.0,0.00011396237697055346,0.022001468382611303,0.0,0.006543955774213281,0.0,5.0968652623809964e-05,0.0,0.0,0.0,0.0016471038607651144,0.0,0.0,0.0,0.0016946525388622073,0.0,0.0,0.0,0.0,0.0,0.0,0.0,0.0,3.066944898142667e-05,0.0,0.04882664535250284,0.0,0.00024954781869060205,0.0,0.0010416580477792504,0.0029261743337530965,0.0,0.0,0.0,0.0,0.0014654039238139996,0.029568217183827492,0.0,0.0,0.0,0.005122790875728606,7.358461320363906e-05,2.9786874910018813e-06,0.002040069966059511,0.13545868201904263,0.0,0.08558751025302845,0.019504886978116025,0.0,0.0,0.0,0.02295917157184787,0.11089024694974126,0.0,0.0,0.0,0.0004452586190253183,0.0,0.0012205999407572153,0.006162021844811485,0.0,0.0,1.9195986053123235e-05,0.0012866826743538756,0.0,8.880901593542646e-05,0.0,1.00392800622656e-05,0.0,0.0,0.0,0.0,0.0,0.0,0.0006905038891178065,0.0,0.0,0.0009830771937895458,0.0,0.0,0.021332477236484064,0.0008492569002123141,0.0,0.0,0.0,0.0,0.0001907463211830464,0.0003260007976263159,0.0,0.0006591725095828226,0.0,0.0013923709194049905,0.0,0.0,0.0,0.002804158468380956,0.0,0.004029612566530904,0.0,0.0,0.0012171799662305095,0.0,0.01912857945841945,0.05340709446135114,0.0,0.0,0.0,0.0,0.32553159918560476,0.0004032260288745139,0.00170535374947804,0.016058214585750068,0.0018197574134842973,0.0,0.0,0.001028529758467057,0.0,0.0,0.0,0.0,0.0,0.0,0.0,0.0,0.0002724947445472091,0.00022549767524473503,0.0,0.0,0.0010078995895478958,0.0,0.0001927321128437143,0.0,0.0,0.0,0.0,0.0,8.373421502483067e-05
TM02_12wk,0.05038579202882934,0.0,0.0,0.0,0.0,0.0,0.0,0.0,0.0,0.0,0.0,0.0,0.0,0.0,5.7732125891074795e-05,0.00419164786062895,0.0003751005035043507,0.00024222162508229732,0.0,0.0004275554698075758,0.00015493740549926468,0.0,0.0,0.00013900038354395887,0.0,0.00016528063829144996,0.002608077811507037,0.0,0.0,0.0,0.0,0.002985711351613545,0.41063119683657506,0.0,0.0,0.004907969503083656,0.0,0.0,0.015234209841396026,3.261284625291062e-05,0.005972689221528195,0.03041839220989924,0.0,0.003772324759778419,0.008675439276041252,0.013122396117530367,0.00038955992077505753,0.0,0.0,0.0,0.00020127086668058432,0.0,7.12416544359698e-05,0.0,0.0,0.0,0.0,0.0,0.0,0.0,0.0,0.00032876704232303103,9.277246555439623e-05,0.0,0.00021573028395129227,0.0012393937008023607,0.0,0.007661802462407099,0.0,3.15574143353407e-05,0.0,0.0007429185267774677,0.0015518015484030578,0.0,0.0,0.0007767978913314634,0.0,0.0010057210742523796,0.031207327568282754,0.0,0.0,0.0,0.0024467022713105953,0.001071157853141715,9.583321811534901e-05,0.0015429359202954703,0.04000023641674954,0.0,0.01856631394835603,0.012173246194059736,0.0,0.0003930428461030393,0.0,0.0014079461780382772,0.11474529155990096,0.0,0.0001822730921643257,0.0,0.0030741565463059148,0.0,0.03141461439689339,0.02645229015005498,0.0,0.0,0.0,0.0016379247928767636,0.0,0.0015928578499965278,0.0,0.0002312451331395691,0.0,0.0,0.0,0.0,0.0,0.0,0.00031536305696989303,2.1425267926669436e-05,0.0,0.0,0.0,5.0555188851599316e-05,1.2243010243811109e-05,0.0,0.0,0.0,0.0,3.789000584076023e-05,0.0,0.00444146859551775,7.862967785895927e-05,0.004418038006947698,0.0,0.023084934617048143,0.0,0.0,0.0,0.011833713746177492,0.0,0.01716353938671374,0.0,0.0,0.009861428121814576,0.00021763006140291814,0.013506362249142305,0.024952204765612853,0.0,0.0,0.0,0.0,0.0029722018230686604,0.0,0.004921056858861524,0.016400356567119034,0.0012563861546752366,0.0002628025474749108,0.0,0.00029784288713823227,0.0,0.0,0.0,0.0,0.0,0.0,0.0,0.0,0.00018744470856041834,8.90784538429014e-05,0.0,0.0,0.0,0.0,0.00032686726487140514,0.0,0.0,0.0009770133260944777,0.0013626681487745277,0.003905836897351014,0.0
TM02_26wk,0.006901200895987097,9.230267048267074e-05,0.0,0.0,0.0,0.0,0.0,0.0,0.0,0.0,0.0,0.0,0.0,0.0,0.00011194153654281242,0.0005807936231154826,0.0,0.003201445255162106,0.00015969498980484466,0.0006159368571178443,0.00029933766373775415,0.0,0.0,0.0006136628831529856,0.0,0.00023670001725119373,0.01009561750434873,0.0,0.0001482217575276034,8.268996235849562e-06,0.0037997071328258218,0.0025834411489853,0.0007683964752163206,0.0,0.0,0.008601099797171871,0.0,0.00014863520733939589,0.01148832319537159,0.0006479792175317614,0.005215359288403256,0.06520155213193854,0.0,0.010074945013759107,0.0011124900810806106,0.0002328756064921133,2.7804499843044156e-05,0.0,0.0,0.0,0.0005535059355371801,0.0,0.0,0.0,0.00033468762264601105,0.0,0.0007258111446016955,0.0,0.0,0.0,0.0,0.0,0.0,0.0,0.0,0.0006385732343134824,0.0,0.007855339699151188,0.0,9.302620765330757e-06,0.0,0.002072623906515693,0.005521622236488546,0.0,0.0,0.001609456754855159,0.0,0.0014187530291658785,0.03099054409271699,0.0,0.0,0.0,0.0,0.008877387633902193,0.00010811712578373302,0.006454261649439429,0.1650664263971996,0.0,0.009749249924519582,0.05516567812539382,0.0,0.0015667680617875855,0.0,0.0038641019410125006,0.035503865600696634,0.0,0.003352664523825195,0.0,0.002602873290139546,0.0,0.001165721744348892,0.0017539574640766404,0.0,0.0,0.0,0.0006632768605680831,0.0,0.00024104124027501475,0.0,0.0001027422782304307,0.0,0.0,0.0,0.0,0.0,0.0,0.01212596616760854,0.00022419316044447124,0.0,0.0,0.0,0.0,0.0,0.0,0.0,0.0,0.0,0.003827408270215918,0.0,0.025222712493306022,0.0012629858125730725,0.0036389785184914964,0.0,0.010799412446472477,0.0,9.168249576498193e-05,0.0,0.0,0.0,0.03705626628152444,0.0,0.0,0.061288973200493375,0.0010103679775678685,0.07850977803636779,0.18321749330960604,0.0,0.0,0.0,0.0,0.05609966125023293,0.0,0.0004951061496214925,0.028837814285166505,0.013384404032251895,9.31295701062557e-05,0.0,0.00026719194087088897,0.0,0.0,0.0,0.0,0.0,0.0,0.0,0.0,0.0,0.0,0.0,0.0,0.0,0.0,0.0004355693767233747,0.001070938374995456,0.0,0.0,0.0,0.00010387926521286014,0.0
TM02_6WK,0.03034069878524561,0.00013791719047519333,0.0,0.0,0.0,0.0,0.0,0.0,0.0,0.0,0.0,0.0,0.0,0.0,0.0004999197288254391,0.006355382994593792,0.0002723443298825153,6.570923734681987e-05,0.0,0.0,0.0,0.0,0.0,0.0015740130316099826,0.0,0.0007382059741490714,0.0009583198846020634,0.0,0.0,0.0,0.0,0.0006231546354978631,0.044719348145110076,0.0,0.0,0.0008169126430589975,0.0,0.0,0.0007421774115711321,0.0,0.00022938059777113308,0.009263076920484845,0.0,0.0005770618920842514,0.011776034035940788,0.007995947689670425,0.007844190641512306,0.0,0.0,0.0,0.0007368821616750514,0.0,0.0010024870825989184,0.0,0.0,0.0,0.002136031600125835,0.0,0.0,0.0,0.0,5.547977732030029e-05,5.752566932560421e-05,0.0,0.0,0.0005360237053896258,0.0,0.08447680644441541,4.0917840106078306e-05,0.0004044848841074388,0.0,0.0009782974183009134,0.0033118177702328496,0.0,0.0,0.0,0.0,0.002574815261969251,0.05454275878187109,0.0,0.0,0.0,0.015345874892019027,0.00018557443953991985,0.0002445442679280915,0.008045169444386279,0.018850487897104633,0.0,0.11154203212916947,0.04072733145640795,0.0,0.0,0.0,0.020752926768860182,0.22041020375399525,1.7811295104998793e-05,0.0001648748263097861,0.0,0.003261151856454441,0.0,0.001206233857009479,0.031270977914716155,0.0,0.0,0.0,0.002934290521960004,0.0,0.0012690547762311641,0.0,3.8751601512227094e-05,0.0,8.544607786857528e-06,0.0,0.0,0.0,0.0,0.00044070920726017285,0.0,0.0,0.0,0.0,0.0,0.0,6.486681122698873e-05,0.0,0.0,0.0,0.0,0.0,0.001204669351358364,0.0006273667660970183,0.0025092263712109784,0.0,0.0019070120421203316,0.0,0.0,0.0,0.0019137514510789919,0.0,0.00179484902159427,0.0,0.0,0.1631569991048621,0.0,0.0007586648942021107,0.038705629115402033,3.3697044793240955e-06,0.0,0.0,0.0,0.0,0.0,0.002794929172422243,0.01943970479463216,0.006277639098392243,7.317072583675179e-05,0.0,0.0007035461566474523,0.0,0.0,0.0,0.0,0.0,0.0,0.0,0.0,0.0014855582890277253,0.0007084803667778899,0.0,0.0,0.0,0.0,0.0,0.0007861039163908927,0.0,0.00035947525999075266,0.00021891044456751895,0.0013664151663659208,3.899229468932168e-05
TM04_12wk,0.0,0.0,0.0,0.0,0.0,0.0,0.0,0.0,0.0,0.0,0.0,0.0,0.0,0.0,0.0004759787920511538,0.016627512322320563,0.00019492079674482293,0.0038941697349673702,0.0,0.018586122589611676,0.0008350859860540652,0.0049949465165843995,0.0,0.0005562521907105892,0.0,0.0009173813846797321,0.034882936817454996,6.3692998936327e-06,0.0018655982688445113,0.0,0.0,0.005405109209734684,0.0,0.0,0.0,0.007060520582089315,0.0,0.0001937075967650834,0.06577444570156685,0.0020108789664183236,0.0347690982193561,0.20014786885752986,0.0,0.00204970136576999,0.03555879030616825,0.011058621115321042,0.02144897124180221,0.0,0.0004353365927298795,0.0,0.004242964729142494,0.0,0.00018076679698119473,0.0,0.0,0.0,0.0,0.0,0.0,0.0,0.0,0.0,0.0,0.0,0.0,5.4796199084903546e-05,0.0,0.020598619156003087,0.0,0.0002192858963379258,0.0,0.0033859400434548053,0.0030727322486853756,0.0,0.0,0.00022889039617753068,0.0,0.004295132328271296,0.006374455993546593,0.0,0.0,0.0,0.006545719390686484,0.015307955144357168,0.0016411562725926925,0.0007374233876850303,0.001902297568231633,0.0011094713814718293,0.0,0.012083471798206038,0.0,0.0036615386388523094,0.0,0.0019103855680965634,0.12309278644435062,0.0,0.0,0.0,0.0017552981706865228,0.0,1.981559966907951e-05,0.010551705723786529,0.0,0.0,0.0,0.0011002712816254709,0.0,0.000587188790193948,0.0,0.0,0.0,8.28008986172251e-05,0.0,0.0,0.0,0.0,0.0007335815877491884,0.00029662739504632285,0.021092795947750233,0.0,0.0,0.0,0.0,0.0,0.0,0.0,0.0,0.00030997259482345703,0.003297174244937194,0.012580378289907698,0.00025315439577232193,0.0020553629656754413,0.0,0.029278559511048095,0.0,0.0011303990811223367,0.0,0.0,0.035811439201949014,0.0002538620957605033,0.00035516429406875675,0.0,0.07312330347884093,0.017554801506834836,0.06363820273724209,0.009150965247178892,0.0,0.0,0.0,0.02041653805904374,0.0001220276979621376,0.0015402584742776853,0.0007149791880598484,0.001964676267189909,0.0009752105837139846,0.0,0.0,0.0,0.0,0.0,0.0,0.0,0.0,0.0,0.0,0.0,4.296749928244282e-05,0.0011460695808606395,0.0,0.0,0.0,0.0,0.0009098999848046714,0.0,0.0,0.005929312700980485,0.00019259549678365544,0.0006365255893700235,0.0
TM04_26wk,0.0,3.3974693363359393e-05,0.0,0.0,0.0,0.0,0.0,0.0,0.0,0.0,0.0,0.0,0.0,0.0,0.000917517161479514,0.0030539140299949484,0.0,0.0034545949269468978,0.0,0.01633330877935143,0.0008333320805791545,0.0005498087545468721,1.1224677453381275e-05,0.012019825586552051,0.0,0.0015657422844122825,0.0038153881308055715,0.0,0.0004568042842188558,0.0,0.0,0.0009783509044634644,0.0,0.0,0.0,0.0019395641317436411,0.0,0.00023782285354351576,0.0027584644841684484,0.0005816788208877225,0.009743922012544594,0.012409382026385026,0.0,0.0012949469408494595,0.04786643435593158,0.00693554780184236,0.022650497117913667,0.0,8.729191126692046e-05,0.0,0.0053335257563753985,0.0,0.002731605434547857,0.0,0.0,0.0,0.0,0.0,0.0,0.0,0.0,8.298243688749728e-05,0.0002741026145981945,0.0,0.0,0.0007986558448749587,0.0,0.03988218097487331,0.0,0.00020144287215443182,0.0,0.0025454962735574197,0.026026519302686995,0.02305047647252488,0.0,0.0,0.0,0.009398562740184309,0.022216242408936077,2.214869390354698e-05,0.0,0.0,0.0,0.006570144462601038,0.010295133851773138,0.0015705528604637216,0.1845248779441595,0.0012948467205150542,0.0,0.027410662341157074,0.0,0.004407690307140254,0.0,0.0056614466905491705,0.20549337718975197,0.0,0.0,0.0,0.0009772484807850073,0.0,3.19702866752556e-05,0.08440887290708635,0.0,0.0,0.00016887126347274508,0.0032823161721043763,0.0001417115528489386,0.00227921084504283,0.0,0.0,0.0,0.0005832823462382056,0.0,0.0,0.0,0.0,0.0023287196902389935,0.00011184589319619199,0.022045667399778444,0.0,0.0,0.0,0.0,0.0,0.0,0.0,0.0,0.00027891319064964363,0.0,0.0019518912328754696,0.002582076695615314,0.010297940021136483,0.0,0.006063630892517207,0.0,2.3150897247598878e-05,1.1224677453381275e-05,0.0,0.013278192105343617,7.275996277816791e-05,0.0,0.0,0.04223284891834704,0.009915198564043062,0.015051590922643352,0.006288324882253643,0.0,0.0,0.0,0.0002879330207461107,0.014440647764109416,0.0,0.012596493390719514,0.005827912665996201,0.006907085226871276,0.00042553553988443555,0.0,0.0,0.0,0.0005575257202960717,0.0,0.0,3.48766763730061e-05,6.664652237945122e-05,7.215864077173677e-05,8.468618257238551e-05,0.0005358781280645497,0.0016686685678464128,0.00034666213670755204,0.00025536141206442404,0.0,0.0004151126251062968,2.7660812295832427e-05,7.015423408363296e-05,0.0,0.0,0.0,0.0006250742256851698,1.3930626482321304e-05
TM04_6wk,0.0,0.0,0.0,0.0,0.0,0.0,0.0,0.0,0.0,0.0,0.0,0.0,0.0,0.0,0.0001417196613987148,0.012801573249286505,0.0,0.003618078798748723,0.0,0.014443629041941885,0.0009180575508648278,0.005707940538536721,1.7916264012053433e-05,0.0001508790997419556,0.0,0.0003210836078564632,0.021335955415477576,0.0,0.0013268100685780145,0.0,0.0,0.005307743540155133,0.0,0.0,0.0,0.004608505977842004,0.0,1.9627367878373143e-05,0.0190364331254812,0.001645880613062347,0.02508498398658416,0.027178267934104806,0.0,0.0041789182542271595,0.005434264573094184,0.0013678765613696975,0.0018831201314691442,0.0,0.0,0.0,0.0011290265922651874,0.0,0.00014785950468374433,0.0,0.0,0.0,0.0,0.0,0.0,0.0,0.0,0.0,0.00010387407000246608,0.0,0.0,0.0006107634271075294,0.0,0.01054533182179116,0.0,6.441802790850672e-05,0.0,0.0013410021653516074,0.00834767053842501,0.0,0.0,0.0002470028757616805,0.0,0.0015198628459663307,0.06567055593865274,0.0,0.0,0.0,0.0009369803465629517,0.019311618888452852,6.22036581991518e-05,0.0024138642895340755,0.021804797874849277,0.0,0.0,0.018919776103065538,0.0,0.013407505324300897,0.0,0.0012666194737510135,0.3746583705641019,0.0,0.0,0.0,0.015617144334731384,0.0,0.0002605910535236311,0.022891248176793687,0.0,0.0,0.0,0.0007075917753075036,0.0,0.004197941703093891,0.0,0.0,0.0,0.0002424734831743636,0.0,0.0,0.0,0.0,0.0,0.0,0.005012930409305097,0.0,0.0,0.0,0.0,0.0,0.0,0.0,0.0,0.00025344467855253113,0.00022848269273798477,0.0013719026881139791,0.0037330247172979647,0.0019752177807445875,0.0,0.01510834256742279,0.0,0.0028060090344271,0.0,0.0,0.05347743109359571,0.0017887074593157391,0.0002516329215176044,0.0,0.03918548637674464,0.0011981753190982252,0.02728435637381653,0.05682686658533224,0.0,0.0,1.026662319791826e-05,0.01255920041928085,0.0,0.0017061718610579648,3.915408258813924e-05,0.007879834610739477,0.007371334802936693,4.8716133605808206e-05,0.0,0.0,0.0,0.0,0.0,0.0,0.0,0.0003040732223618732,0.0,0.0,0.00038056963050322486,0.0008845400457186829,0.0,0.0,0.0,0.0,0.00015973657857937427,4.8716133605808206e-05,0.0,0.01098488420909811,0.001911403671847723,0.002254027057786093,0.0
TM05_12wk,0.05274478475051456,0.0,0.0,0.0,0.0,0.0,0.0,0.0,0.0,0.0,0.0,0.0,0.0,0.0,0.0,0.0002138930506431004,0.0,0.0,0.0,0.00036777842770964876,0.0001890622891631478,0.0,0.0,0.0,0.0,0.0,0.0,0.0,0.0006867665872481625,0.0,0.0,0.0,0.016024009168214143,0.0,0.0,0.0,0.0,0.0,0.00015236068118620037,0.0,0.000277930277617715,0.002667019815274382,0.00019243840146963262,0.0,0.04275018544113646,0.0,0.00019951734662839102,0.0,0.0,0.0,5.4126703752352695e-05,0.0,0.001761677182893468,0.0,0.0001984282781424282,0.0,0.0056950658336454435,0.0,0.0,8.505624875369727e-05,0.0,0.0,0.0,0.0,0.0,1.2633194437168864e-05,0.00017152828653914623,0.009360979264244935,0.0,0.00014375704014709398,0.0,0.0,0.002580547777488933,0.026790104593048324,0.0,0.00055586055523543,0.0,0.002030459285229106,0.012308543121503344,0.0,0.0,0.0,0.002437770898979206,0.0005116443747053389,0.0001368959086855281,0.0005641374757287476,0.025255062562083715,0.0,0.04558982261143594,0.0,0.0,0.0008997883831024928,0.0,0.0,0.035735822043595634,0.0,0.0011066024885868348,0.0,0.014247629560760167,0.0,4.203804355816536e-05,0.0026748611083733144,0.0,0.0,0.0,0.0003695209372871893,0.0,0.0,0.0004702597722387513,0.0,0.0,0.0,0.0,0.0,0.0,0.0,0.00046862616950980705,9.442223773297762e-05,0.018880309086348867,0.0,0.0,2.2543717659430642e-05,0.0,0.0,0.0058930584843934755,0.003977495924433459,0.0,0.0006809945242725595,1.350444922593913e-05,0.02217822627554141,0.03349016282554027,0.0,0.0,0.0023830996609838714,0.003369904616114794,0.0,0.0,0.0,0.0007979604796649678,0.5570624512165385,0.0,0.0,0.03190110299767179,0.00017740925636334552,0.00037594644135437,0.0024877591424848997,0.0,0.0,0.0,0.0,0.0002790193461036778,0.00026965335712439745,0.0,0.0,0.006503808091321442,0.00013286635528746564,0.0,0.00022815984780921353,0.0,0.0,0.0,0.0,0.0,0.0,0.0,0.0,0.0,0.0,0.0,0.0,0.0,0.0,5.870079139339659e-05,0.0,0.0,0.0,0.0,0.0,1.644493413803878e-05
TM05_26wk,0.02280687807745306,0.0,0.0,0.0,0.0,0.0,2.0257207404896252e-05,0.00010489948483184115,0.0,0.0,2.7374604601211157e-06,0.0,0.0,0.0,1.5220280158273294e-05,0.0031569489010300753,0.0,0.0,0.0,0.0001131118662122045,6.50420605324777e-05,0.000159977189289478,0.0,0.0003831349659985513,0.0,4.609883414843958e-05,0.00011749180294839829,0.0,0.0007699928782228673,0.0,0.0,0.0,0.003845584454378143,0.0,0.0,0.0001469468774993015,0.0,0.0,0.0,0.0,5.0478770884633377e-05,0.0007111922275394647,4.084291006500704e-05,8.398528691651582e-05,0.1573036759057053,0.0,0.00476044374015062,0.0,0.0,0.0,0.0016218905734125585,0.0,0.003929460242876254,0.0,0.0,0.0,0.07233399820772993,0.0,0.0,2.0257207404896252e-05,0.0,7.445892451529434e-05,2.0695201078515632e-05,0.0,0.0,0.0,0.0,0.06340801563462221,0.00018658530496185524,0.0015690028373230185,0.0,0.0007292594665762653,0.010088636779730358,0.04050883039045386,0.0,0.000245276457226852,0.0,0.019189159831775292,0.04197818966702847,5.748666966254343e-05,0.0001528597920931631,0.0,0.0,0.0004463155534181467,0.01063065395083434,0.0014055216986445856,0.013421659137555424,0.00015669223673733267,0.11885352527968093,0.0,0.0,0.0004075531133028317,0.0,0.0,0.08444025284498796,0.0,0.0007338584001492677,0.0,0.0037926967182886034,0.0,0.0,0.006076943224632067,0.0,0.0,0.0,0.004007861110454123,0.0,0.0,0.0029916062892387596,0.0,0.0,0.0,0.0,0.0,0.0,0.0,0.0006304918931750954,0.00012701816534961866,0.0,0.0,0.0,3.701046542083748e-05,0.0,0.0,0.008713884136657534,0.013903014184863121,0.0,0.00013260258468826574,0.0010025675189147573,0.0042739422671778955,0.003953878390180534,0.0,0.0,0.0005077441661432645,1.6862756434345963e-05,0.0,0.0,0.0,7.664889288339122e-05,0.18707870483518746,0.0,6.3509082674809886e-06,0.03334193990901997,0.0003640822411961084,0.00013906299137415266,0.0017320459823278321,0.0,0.0,0.0,0.0,0.022695956179608845,0.0009396059283319717,0.0,0.0,0.02007401655090495,9.241666513368874e-05,0.0,0.0017457332846284267,0.0,0.0,0.0,0.0,0.0,0.0,0.0,0.0,0.0,7.007898777910055e-06,0.0,0.0,0.0,0.0,0.0,0.0,0.0,0.0,0.0,0.0,0.00022326727512747818
TM05_6wk,0.06055503472283264,0.0,0.0,0.0,0.0,0.0,6.648474990067242e-05,1.182661416502346e-05,0.0,0.0,0.0001019645923957428,0.0,0.0,1.2146252385699769e-05,0.0,0.0010573632339972326,0.0,0.0,0.0,0.0,4.293806764418427e-05,0.0,0.00016056493285306625,0.0005460486269886946,0.0,2.4292504771399538e-05,2.663651838969248e-06,0.0,0.0038269218700838973,1.0121876988083142e-05,0.0,0.0,0.0214357914471418,0.0,0.0,0.00031772039135225183,0.0,0.0,6.957458603387675e-05,4.485589696824213e-05,0.0007095968499014076,0.0006363996973665315,0.000975642395577656,0.0011289621954287258,0.24992064981171708,0.0,0.0066164046219260525,0.0,3.217691421474851e-05,0.0,0.004445528373166115,0.0,0.0029910679230153473,2.7701979125280067e-06,0.00018187414756481917,0.0,0.04689305789468581,0.0,0.0,0.0,0.0,0.0002237467544734168,0.0016801250339482426,0.0,0.0,0.0,0.0,0.11132903334689664,0.0004416334749011012,0.002402507412676702,0.0,0.000977453678828155,0.004214216847470026,0.008404993558757123,0.0,9.52521897615403e-05,0.0,0.022114916120005396,0.04942565806317767,0.0003996543219189459,0.0,0.0,0.0019006754062148962,0.0,0.010818155578789701,0.00014394374537789816,0.004013484044885303,9.23754457754535e-05,0.000773311401889552,0.0035948645218728966,0.0,0.00017143263235606078,0.0,0.0,0.06978000686369806,0.0,0.0021374207816624827,0.0,0.013807199126407434,0.0,0.0,0.0025987652801719567,0.0,0.0,0.0,0.005601979455573004,4.741300273365261e-05,0.0,0.0032958962394669883,0.0,0.0001795301339465273,0.0,0.0,0.0,0.0,0.0,6.467346665017333e-05,1.150697594434715e-05,0.1377081364228711,0.0,0.0,0.0,0.0,0.0,0.00597734127272055,0.06519373112736081,6.65912959742312e-05,0.0007010731640167059,0.001071960046074784,0.010761046883362203,0.019936475100022787,0.0,0.0,0.004588087019587749,0.00034915148305208896,0.0,0.0,0.0,4.453625874756582e-05,0.005499695224956574,0.0,1.044151520875945e-05,0.0033323349966240872,0.0004323639665014883,6.350145984102686e-05,0.0020216051997040897,0.0001140042987078838,0.0,0.0,0.0,2.6103788021898627e-05,8.267975308160544e-05,0.0,0.0,0.01630868784142023,0.0005138717127739472,0.0,0.0010887943256970697,0.0,0.0,0.0,0.0,0.0,0.0,0.0,0.0,0.0,0.0,0.0,0.0,0.0,0.0,0.0,0.0,0.0,0.0,0.0,0.0,0.0005455158966209019
TM08_12wk,0.0,0.0,0.0,0.0,0.0,0.0,0.0,0.0,0.0,0.0,0.0,0.0,0.0,0.0,0.0,0.0003785145644984148,0.0,0.000588045792355466,0.0029206646042657623,0.004481859785797659,0.0026518320855057733,0.0,0.0,0.00016482717779175792,0.0,4.0953370127841454e-05,0.016068521070407578,0.0010511027100385843,0.0002409558435492058,0.0,0.006652996620941491,0.00358565002020299,0.0,0.0,0.0,0.009619480342280978,0.0,0.0049813084358468545,0.016517588965621284,0.0021958710487854,0.011443121749706393,0.0733807351697609,0.001668140244613265,0.011930203292934803,0.0,0.0,0.0,0.0,0.002641593742973813,0.0,0.00035611185460175004,0.0,0.00012225189201528808,0.0,0.001793838707381887,0.0,0.00025281610172979353,0.0,9.14354946913688e-05,6.274786165627193e-05,0.00026102704970096865,0.0,0.0,0.0,0.0,0.007111593270590884,0.0,0.0020762547696991304,0.0,0.0,0.0,0.0007966646926601633,0.0008919522370170221,0.0,0.0,0.005677921206932316,0.0,0.002117005400370893,0.013231182382589943,0.0,0.0,0.0,6.132868546372297e-05,0.01753584788377516,9.974781239058404e-05,0.005280349133562528,0.008510191408347885,0.0,0.0,0.0,0.0,0.0,0.0,0.0,0.2010025871581982,0.0,0.0025911116184102858,0.00036188992909998516,0.009819685555158419,6.497799567313458e-05,0.003647688293762987,0.008007803036185554,0.0,0.0,0.0,0.00232572567040363,0.0,0.00017830935162097306,0.0,0.00039108441077527803,0.0,0.0,4.500815924940992e-05,0.0,0.0,0.0,0.013437165669965721,7.683825385372233e-05,0.0,0.0,0.0,0.00038246798389194507,0.0,0.0,0.0,0.0,0.0,0.010266219207171147,0.0,0.03373990028057117,0.011405513580603845,0.033100155926915696,0.0,0.017755516084436134,0.0,0.00027197498032920455,0.0,0.025716182197083454,0.0,0.01580303375267288,0.0,0.0,0.09122069223765371,0.004255906661998256,0.018717514803528252,0.1176923830178134,0.0,0.0,0.0,0.0,0.08172245009010762,0.0,0.0,0.017764132511319468,0.034430228128518196,0.0010969218271123077,0.0,5.514513205333107e-05,0.0,0.0,0.0,0.0,0.0,0.0,0.0,0.0,0.0016488799962858145,0.0,0.0,0.0,0.0,0.0,0.0012424887565766155,0.0,0.0,0.0,0.00019848192750077616,2.9701330315488875e-05,0.0
TM08_26wk,0.0,0.0,0.0,0.0,0.0,0.0,3.969813216237347e-05,7.899118134349825e-06,0.0,0.0,0.00019656651665093602,0.0,0.0,0.0,0.0004372870782579813,0.0005135439494780507,0.0,0.0007904181671615423,0.015261805130781046,0.00498809056035129,0.0011242065437104794,0.0,0.0,0.004397580844435984,8.597886277003836e-05,0.0005584068896513452,0.0036306574901868657,0.0004996698573702824,0.0,0.0,0.0006570445955854049,0.007515504551107297,0.01105714505616476,0.0,0.0,0.004448621300073321,0.0,0.00024051802011642093,0.022868250811178676,0.0012311484507601385,0.0047195205437833955,0.030050777151699435,0.00020223767838841795,0.012098512130209876,0.023741305906514958,0.0,0.03003740941331833,0.0,0.0014144484997751694,0.0020434410989091023,0.014337709579807428,0.0,0.009624467822233388,0.0,0.0006488416652151196,0.0,0.004464115724106084,4.992647743890338e-05,0.0,5.174935085452257e-05,1.6203319249948357e-05,3.473586564207679e-05,0.001705601892547679,0.0,0.0,0.0017886439037036641,0.0,0.09325212769835904,0.00026350647930228514,0.0007157816278664687,0.0,0.003392266155721991,0.03134471346455312,0.0,0.0,0.0,0.0,0.022516031158982926,0.034354682556721756,0.0,0.0,0.0,6.410438178260818e-05,0.0014381458541782187,0.029937758999931147,0.0019347775891891358,0.030553991485155745,0.0004354642048423621,0.0,0.0,0.000589091925480935,0.0,0.0,0.00925148766724864,0.11241599591676359,0.0,0.0020175157881091948,0.00019150297938532715,0.02444878333326583,0.0,0.0003682204299550764,0.05338781024292828,0.0,0.0,2.2380834713991167e-05,0.013818697010082521,0.0006882359851415565,0.0,0.0,5.255951681701998e-05,0.0,0.0005984088340496552,0.0,0.0,0.0,0.0,0.00023899895893673826,0.0,0.0,0.0014021947395924058,0.0,0.0,0.0002398091248992357,0.0004993660451343459,0.0,0.0,0.0,0.005672174444935047,0.0,0.0035242219368637577,0.018878993611841293,0.01120611432251887,0.0,0.010567703544071006,0.0,0.0,0.0,0.006612777127394548,0.0,0.0010526081267747702,0.0,0.0,0.05096217335121101,0.00027505134426787333,0.0009951876141827657,0.012708870912206268,4.6382001352977176e-05,0.0,0.0,0.0,0.1517824663882397,4.820487476859636e-05,0.0,0.0036962809331491466,0.02897507929499349,0.001084508411548106,0.0,0.0028522905417174716,0.0,0.0,0.0,0.0,0.0,0.0,0.0,0.0,0.0003178888695349243,0.0003370290403989248,5.104045563733733e-05,4.141973483268049e-05,0.0,3.453332415145233e-05,0.0001511972227510806,0.0,0.0,0.0,0.0,7.878863985287388e-05,3.29129922264576e-05
TM08_6wk,4.621092978902205e-06,0.0,0.0,0.0,0.0,0.0,0.0,0.0,0.0,0.0,4.540726144486504e-05,0.0,0.0,0.0,0.000691255234517958,0.004579101307920007,0.0,0.00018745564127459712,0.0030485149464731806,0.0014123466563127312,0.0006243498448668957,0.0,0.0,0.003008431987808355,0.0,0.0008685645629475752,0.020307393095785737,3.415590462666847e-06,0.0,0.0,0.0016948360792838934,0.002989244406091609,0.007456434897087766,0.0,0.0,0.0015164217068810604,0.0,0.00030659947329585933,0.010573261652814282,0.0009916262781466015,0.0017725909915810739,0.0462732140856942,0.00014556442883541945,0.009954537486356475,0.018881886370337428,0.0,0.0063373267278492755,4.862193482149276e-05,0.000892775071815302,0.0009518446951108345,0.007477531191121885,0.0,0.005119668727908544,0.0,0.0002787724568794265,0.0,0.005658628811208769,0.0,0.0,0.0,0.0,0.0,0.0014396713800140658,0.0,0.0,4.66127639611005e-05,0.0,0.09718530231240509,0.00033382373845417446,0.0010242753046279657,0.0,0.0006693552721396824,0.006698475190004785,0.0,0.0,0.0014060177681025055,0.0,0.012954530956551193,0.013784720356065277,0.0,0.0,0.0,0.0017524992829771513,0.0019188586302176308,0.015042461314670732,0.0002519500258931898,0.07089992269715123,1.8886206087687272e-05,0.0,0.03153956233226556,0.00032166825474880126,0.0,0.0,0.005490963502909035,0.11602429288487215,0.0,1.0749064103098606e-05,0.0,0.011554239325400806,0.0,0.0006917575272330561,0.014284602066130872,0.0,0.0,0.0,0.009661098082196196,0.0009974528736417388,0.0,0.0,0.0,0.0,0.0,0.0,0.0,0.0,0.0,0.0019530145348442992,0.0,0.0,0.0,0.0,0.0,0.0011685337724041402,0.0008793136270506738,0.0,0.0,0.0,0.003407955613397356,0.0,0.005395628345583422,0.0019651700185496722,0.013998998428326111,0.0,0.007155159726571946,0.0,9.593790858373044e-05,0.0,0.021300023959362535,0.0,0.042767411851395744,0.0,0.0,0.09657752812713644,1.1050439732157446e-05,0.0013835150544661123,0.04213281523514085,6.630263839294468e-06,0.0,0.0,0.0,0.1484027845098956,3.5562324228943054e-05,2.531555284094251e-05,0.005099376102218583,0.01626021977315458,0.00013300711095796778,0.0,0.008756971195019678,0.0,0.0,0.0,0.0,0.0,0.0,0.0,0.0,0.00045065702398598353,0.00022271658987448232,0.0,0.0,0.0,0.0,0.00020815010113663842,0.0,0.0,0.0,0.0,0.0,9.744478672902475e-05
TM10_12wk,0.0,0.0,0.0,0.0,0.0,0.0,0.0,0.0,0.0,0.0,0.0,0.0,0.0,0.0,0.00025696683436080025,0.0005033226502400092,0.0,0.0,4.494667262485365e-05,0.016597134464427864,0.00042734375375389703,0.0,0.0,0.00910044990718362,0.0,0.00041743346290788356,0.006080013486003866,0.0,0.00011141569405670848,0.0,0.0,0.0,0.0,0.0,0.00012162629674654161,0.02203418029281606,0.0,0.000606830132409494,0.0,0.0,0.004195556666042018,0.014855926393967496,0.0,0.009386747198290704,0.0,0.0,0.0002360451092414363,0.0,0.0002974088293283746,0.0,5.505717136674723e-06,0.0,0.00041322909709442184,0.0,0.0,0.0,0.0,0.0,0.0,0.0,0.0,0.0,0.0,0.0,0.0,7.437723331907853e-05,0.0,0.0017659337456014325,0.0,0.0,0.0,3.653794099793225e-05,0.001353905895882284,0.0,0.0,0.0,0.0,0.0019081814556235195,0.011482523452352922,0.0,0.0,0.0,0.0,0.007537126552211817,0.0001657721377878789,0.002730335180050965,0.5568707545915679,0.0,0.0,0.0,0.0,0.0,0.0,0.004748831186303858,0.10070877599299112,0.0,0.0,0.0,0.0013691216959690943,0.0,7.337619383968303e-05,0.009562429626924598,0.0,0.0,0.0,0.0006862125631255496,0.0,0.0,0.0,0.0002779886634281037,0.0,0.0,2.152234880700119e-05,0.0,0.0,0.0,0.0,0.0,0.0,0.0,0.0,0.0,0.0,0.0,0.0,0.0,0.0,0.0014024563106329613,0.0,0.0013534053761425863,0.0,0.000734462666032408,0.0,0.0012389865636476918,0.0,0.0024393330033907206,0.0,0.03481685382100773,0.0,0.0006865128749693681,0.005246948431251011,0.0,0.0,0.011273105993263404,0.004245708743959728,0.015818726165249992,0.0,0.0,0.0,0.0,0.1314778265751156,0.0,0.0,0.0,0.001228675857009919,0.00014805373900258028,0.0,0.0,0.0,0.0,0.0,0.0,0.0,0.0,0.0,0.0,0.0,0.0,0.0,0.0,0.0,0.0,0.0,0.0002754860647296142,0.0005476686991772256,0.0,0.0,0.0,0.0
TM10_26wk,0.0,0.0,0.0,0.0,0.0,0.0,0.0,0.0,0.0,0.0,0.0,0.0,0.0,0.0,0.0001532338984331558,0.0003426410450210238,0.0038647096403515006,2.1201542668456208e-05,0.00015996614183972724,0.013133702555017002,0.0012307947684640822,0.0,0.0,0.000628912111667621,0.0,0.0004305621342859493,0.012740218000089632,0.0,0.003168977500842536,0.00024627953118666547,0.0,0.0,0.0,0.0,0.0020771482940394733,0.004201522773169821,0.0,0.00342048205676265,2.9541485993014953e-05,0.0,0.004628367101395414,0.045494089391732676,0.0,0.013915949046362654,0.0,0.0,0.0,0.0,0.0009488443953470756,0.0,6.933205896319836e-05,0.0,0.00043990689005924993,0.0,0.0,0.0,0.0,0.0,0.0,0.0,4.762811007037105e-05,0.0,0.0,0.0,0.0,0.0007549155927398686,0.0,0.002312173925800228,0.0,0.0,0.0,0.0,0.0011255909050807943,0.09584202579835868,0.0,0.0,0.0,0.002190290175767823,0.01449592679177654,0.0,0.0,0.0,0.01050641944529128,0.02462493868132022,2.5622717442921132e-05,0.0030811568928224846,0.37741730242824995,0.0007806387914276638,0.0,0.0,0.0,0.0,0.0,0.0020957373243412,0.04390859582886277,0.0,0.0,0.0,0.0003206356523935739,0.0,7.556189614539879e-05,0.0071886292207900436,0.0,0.0,0.0,7.877729598137321e-05,0.0,0.0,0.0,8.671531432643505e-05,0.0,0.0,9.57586263651131e-05,0.0010817810823156428,0.00010741445077052036,0.0007194457132992757,0.0,0.0,0.0,0.0,0.0,5.225024733458417e-06,0.0,0.0,0.0,0.0,0.0,0.006533893429189763,0.0,0.0037620178080900674,2.903907976864395e-05,0.00304156728234205,0.0,0.0046002323528306485,0.0,0.003436056649718161,0.0,0.014948293356200189,0.0,0.006837547751199597,0.005009894388182764,0.0,0.0,0.00808964454357701,0.06360030731183934,0.020522289453106714,0.0,0.0,0.0,0.0,0.15267572511787963,0.005377052856953092,0.0,0.0,0.0005028081493504994,0.00013092706207108327,0.0,0.0,0.0,0.0,0.0,0.0,0.0,0.0,0.0,0.0,0.0,0.0,0.0,0.0,0.0,0.0,0.0,0.0,0.0005874133575345762,0.0,0.0,0.0,0.0
TM10_6wk,0.0008619366761658785,0.0,0.0,0.0,0.0,0.0,0.0,0.0,0.0,0.0,0.0,0.0,0.0,0.0,0.0,0.0015521702949655779,0.0001904573396467682,0.0001504144126152454,0.0006218058321002605,0.0003124868925940987,0.006106419654183708,0.0,0.0,0.0,0.0,0.0,0.025407490637748244,0.005813700788858335,0.009344954736919873,0.0,0.0,0.0017333772115955704,0.0,0.0,0.0,0.0036331353193695885,0.0,0.0006729999540013213,0.0043940776510920385,0.011707994304273786,0.014686123643181536,0.013162845080377942,0.0015596466642531092,0.009866779969564842,0.00010314855254322642,0.0,0.0,0.0,0.0003657085044714392,0.0,0.0001983138633048518,0.0,0.0002242910786259346,5.5249101853620054e-05,0.0005181504070629642,0.0,0.0005377917162081719,0.0,0.0,0.0,0.0,0.0,0.0,0.0,0.0,0.0,0.0,0.0009454439195638972,0.0,0.0,0.0,0.0004916663192478114,0.005782021257978966,0.008946679674704442,0.0280688246678623,0.0025950604515144154,0.0,0.0006349845169460782,0.010029612758284802,0.0,0.0,0.0,0.0,0.010152275901849719,0.0,0.001832470784186225,0.09983449345887384,0.0016061522155840233,0.03878170154815334,0.0,0.0,0.01576538190117976,0.0,0.0,0.07431663133554187,0.0,8.933627707982129e-05,0.0,0.02163673943623868,0.00014445866080992398,0.00038940479356920735,0.0017568200644463038,0.0,0.0,0.0,0.0007504247274704998,0.0,0.0,0.0009535538794690158,0.0,0.0,0.0,0.0,0.0,0.0,9.617905574976518e-05,0.0,0.0,4.05497995255927e-05,0.0,0.0,1.647335605727203e-05,0.0022350542626012626,0.0005521108641656468,0.0,0.0,0.0,0.00530670157666491,0.0,0.01926368913712688,0.00959268866839654,0.00879550495334809,0.0,0.01065800793280797,0.0,0.0,0.0,0.0,0.00021630783684433228,0.47826904563892625,0.0,0.0,0.0004707578288674277,0.002868898316435683,0.0,0.009280455212049477,0.0,0.0,0.0,0.0,0.0,0.0,0.0,0.010573486944421813,0.0007829912852144915,0.00026496759627504476,0.0,0.0002514087570586747,0.0,0.0,0.0,0.0,0.0,0.0,0.0,0.0,0.0006683113834311747,0.00011379287491869451,0.0,0.0,0.0,0.0,0.00036672224945957896,0.0,0.0,0.0,0.0,3.028563152067705e-05,0.0
TM14_12wk,0.02749216062901355,0.0,0.0,0.0,0.0,0.0,0.0,0.0,0.0,0.0,0.0,0.0,0.0,0.0,0.0005148227534183459,0.003228293528139764,0.0005043601917000179,0.0,1.2511929477588127e-05,0.00014615227967355093,0.00013126739805366164,0.0,0.0,0.0023720892506130867,0.0,0.0011667374237850927,0.001853707068981289,0.0,0.0,0.0,0.0,0.0005356400153939883,6.439329222517326e-05,0.0,0.0,0.001998672872583679,0.0,0.0,0.00320391683795067,0.0,0.000978303451394175,0.009159271684899576,0.0,0.0014448042702783874,0.16460338477893594,0.045931400973687024,0.044863572509651485,0.0,3.268202268714829e-05,0.0,0.0006834102169827446,0.0,0.0007490978467400822,0.0,0.0,0.0,0.004134545523576794,0.0,0.0,0.0,0.0,0.0,0.0003862518918900265,0.0,0.0,0.00010926366000686871,0.0,0.04309378165733885,0.0005017715166356893,0.0023333669861091717,0.0,0.00041461945613662724,0.00263667341447967,0.00012037339049127887,0.0,5.500934511698228e-06,0.0,0.012446241847830788,0.0162823347087827,0.0,0.0,0.0003167891109972097,0.0,2.027795467057386e-05,0.0019059120161119152,0.0004557146727828434,0.0059570806303251254,0.0,0.0,0.03492435460016191,0.0,0.0,0.0,0.0031961508127576733,0.04582936403156807,0.0,4.422319901561321e-05,0.0,0.00083495556970698,0.0,3.3005607070189365e-05,0.011649469235322545,0.0,0.0,0.0,0.004974246997568376,0.0,0.0,0.00041461945613662724,0.0,0.0,0.0,0.0,0.0,0.0,0.0,0.0,0.0,0.10809045089542173,0.0,0.0,0.0,0.0,0.0,0.0,0.003884199072564017,0.0,0.0001919934006043695,0.11025738764718786,0.0005650861942507258,7.615019147566565e-05,0.00311449968677032,0.0,0.022188504729509364,0.00029435392710636094,3.3437052914244127e-06,0.0,0.0,0.0,0.22746234772118956,0.0,0.0,0.012631763560774337,1.736569522320421e-05,0.00015165321418524917,0.001275785360869934,0.0,0.0,0.0,0.0,0.0,0.0001352582721111682,0.0006987265444466887,0.0,0.000545455408346234,0.0,0.0,0.0012680193356769483,0.0,1.5532050385971467e-05,0.0,0.0,0.0,0.0,0.0,0.0,0.00022499900767455888,0.0020671649003273724,3.7751511354791754e-05,0.0,0.0,0.0,3.1064100771942934e-05,0.0,0.0,0.0,0.0,0.0,7.56108841705972e-05
TM14_26wk,0.09536466980069414,0.0,0.0,0.0,0.0,0.0,0.0,0.0,0.0,0.0,0.0,0.0,0.0,0.0,0.00018466721276733523,0.0030508876685721303,0.00020653853376603363,0.0,7.746541772445392e-05,0.00028432717298307916,0.00017831052341303266,0.0,1.195919522588927e-05,0.0006318980180165817,0.0,0.0003112622973657126,0.002559052297345243,0.0,0.0,0.0,0.0,0.00043828834395421223,0.0,0.0,0.0,0.004571106088727954,0.0,0.0,0.006618714244295763,0.00014889736758719795,0.00168279883092941,0.011062794286435227,0.0,0.001541874260159461,0.05957780162194702,0.019347176622553044,0.03161935799376841,4.492778747023266e-05,8.716206250220199e-05,0.0,0.0002956399252237852,0.0,0.00016753647365997927,0.0,0.0,2.7258345875225093e-05,0.001589172338575376,0.0,0.0,0.0,0.0,0.0,9.869029573796913e-05,0.0,0.0,0.00023174981018817857,0.0,0.017233954503989155,0.00010127606767870193,0.0005634828020846927,0.0,0.00047158015769114723,0.005980028574934757,0.031180099985336534,0.0,0.0,0.0,0.0046889741930263695,0.04468720293924698,0.0,0.0,0.0,4.309619901221359e-05,0.0006047474126388872,0.0006992358289731644,0.0004896805612762769,0.10884817758564538,4.158783204678612e-05,0.0,0.06037648193014087,0.0,0.0,0.0,0.021665213426922486,0.06756665177333859,0.0,9.438067583674776e-05,0.0,0.004429319593977772,0.0,0.00030350498154351423,0.04273257483304804,0.0,0.0,0.0,0.004251978735042523,0.0,0.0,0.001049607926942462,0.00022000609595735038,0.0,0.0,0.0,0.0,0.0,0.0,0.0,0.0,0.04965845723580324,0.0,0.0,0.0,0.0,0.0,0.0,0.0026727185222399563,0.0,4.805226189861815e-05,0.03024523568826409,0.0008763612069133622,0.00018477495326486577,0.0008034208900851918,0.0,0.019100666364203184,0.0006922326966336807,0.0,0.0,0.0,0.0,0.19829875599589344,0.0,0.0,0.01884542912555335,0.0005103667368021394,0.0005491533159131316,0.002295195818892965,0.0,0.0,0.0,0.0,0.0,0.008067931676578976,0.00031341710731632333,2.9413155825835773e-05,0.003449958471425228,0.0004330090595752149,0.0,0.0004369954579838458,0.0,0.0,0.0,0.0,0.0,0.0,0.0,0.0,0.00011054175046632786,0.0019718665858038326,0.0,0.0,0.0,0.0,4.051042707148077e-05,0.0,0.0,0.0,0.0,0.0,3.070604179620218e-05
TM14_6wk,0.00013768336451082397,0.0,0.0,0.0,1.1977074818878436e-05,0.0,1.8972534447603954e-05,0.00011542508387397108,0.0,0.0,5.0134127339199553e-05,0.0,0.0,0.0,0.0010421115010549897,0.003906328251767864,0.006008781845637552,0.0,0.0008487824349520297,3.9428954270998385e-05,2.3954149637756977e-05,0.0,0.00013651745457270406,0.0010368119104271671,0.0,0.0019054148143272526,0.00025098861213366716,0.0,0.0,0.0,0.0,0.0,6.497298109710217e-05,0.0,0.0,0.0001545360627073001,0.0,0.0,0.00018866542635047613,0.0,8.670130267117386e-05,0.00048321667344484206,0.0,0.0004409259402348206,0.23473370776001037,0.09112646084540553,0.07564868844141266,9.539263130080255e-06,6.094529221995718e-05,1.7594640884370246e-05,0.001992858059686311,0.0,0.0011574305931164044,0.0,0.0,0.0,0.004715681732448896,2.798183851490208e-05,0.0,0.0,0.0,7.737402316620651e-05,0.0020734118372292215,0.0,0.0,1.5262821008128406e-05,0.0,0.08735919385171173,0.0007825375521042502,0.003496033945361857,0.0,0.001985332640994814,0.0025290706394093883,0.0004199395613486441,0.0,0.0,0.0,0.019303864853655515,0.047084530908325456,0.0,1.2401042069104331e-05,0.00059101034681475,0.0003799806480148634,0.0,0.0037664190591933534,0.0010710472658828996,0.016543944046498185,1.621674732113643e-05,0.0,0.030913360066588298,0.0,0.0,0.0,0.009427335776020646,0.03731590149587305,0.0,0.00045862657293174736,9.009304067298018e-05,6.900066997424717e-05,0.0,0.0,0.005214585194152082,0.0,0.0,6.677484191056178e-05,0.011925774781601116,0.00010546185349366504,0.0,0.00408874016117751,0.0008173028666227638,0.0,8.129572023079505e-05,0.0,0.0,0.0,0.0,0.0,0.0,0.07526711791620945,0.0,0.0,0.0,0.0,0.0,0.0,0.028162978522561048,0.0,0.0001530521773315088,0.15696401715753064,4.46225530862643e-05,0.0003633399334435012,2.8617789390240763e-06,0.0,0.0004200455531612005,3.0737625641369604e-05,0.0,0.0,0.0,0.0,0.0015715406047744436,0.0,6.147525128273942e-06,0.0030424949794328185,0.0004281009309154905,1.4626870132789723e-05,0.0002854359512145125,3.921697064588549e-06,0.0,0.0,0.0,0.004312382885671614,0.001512609156993059,0.001684209901521947,0.0,0.0013471559375924447,0.0018026027561474987,0.0,0.0028873229658501697,0.0001233744698157046,7.748001497876295e-05,0.0,0.0,0.0,2.8617789390240763e-06,1.5262821008128406e-05,0.0,0.0009492626732555417,0.0034804531489160593,0.0,3.0737625641369604e-05,0.0,0.0,0.0,0.00029539918159481856,0.0,0.0,0.0,0.0,0.00017647636790648472
TM17_12wk,0.0,0.0,0.0,0.0,3.698073941075656e-05,0.0,1.7533971272341475e-05,0.00018554129600914065,2.274102940776409e-05,0.0,0.00023368001713865893,0.0,7.980613591229361e-05,0.00019510528033950874,9.096411763105636e-05,0.003302975121738884,0.006726668979025546,0.0,4.250659702385812e-05,0.0,1.636503985418527e-05,0.00011157981718762755,0.0,0.002775468252672816,0.0,0.00016322533257161515,0.0004918013275660384,0.0,0.0,0.0,0.0004526952583040889,0.00031805561223101727,0.0,0.0,4.4313127397372085e-05,0.0001719391849615061,0.0,3.984993470986698e-05,0.0008108133382300935,0.00010010303599118586,0.00015982480480970652,0.0016299154628798287,0.0,0.00028511299953752834,0.018135227087243945,0.05306353546070351,0.01763981269893088,0.0,6.259096411763108e-05,0.0,0.014198691136864446,0.00024388160042438593,0.004194657260806879,0.0,0.0,0.0,0.0040625680105552285,0.0,0.0,0.0,0.0,0.0,9.234558203433175e-05,0.0,0.0,4.101886612802308e-05,0.0,0.07872083622378195,0.0,0.0004404746116597297,0.0,0.0014250336652248433,0.024798454970211384,0.0,0.0008688348431676599,0.0,0.0,0.015895660756549423,0.07610699930629236,0.0,9.149545009385448e-05,0.0,0.004951699753801791,9.24518485268914e-06,0.02369168945020268,0.004384661749503524,0.11942812899562015,0.0,0.08535994161293825,0.0,0.0030183934546641647,0.0,0.0,0.013370025027884333,0.1566466928167252,0.0,1.9446768138415088e-05,0.0,0.0004939266574172313,0.0,6.89669536712098e-05,0.053145785725944576,0.0,0.00017332064936478148,0.0,0.005784403989499172,0.0011025148603063199,0.0,0.002716596615794772,0.0,0.0,0.00027650541364019704,0.0,0.0,0.0,0.0,0.006657914558339456,3.081728284229703e-05,0.003983399473598304,0.0,0.0,0.0,0.00846316973394271,0.002327129920563672,0.0,0.0,0.00018458489757610386,0.0,0.0,4.048753366522485e-05,0.0,0.0011388580007617186,0.0,0.0010366296349193398,0.0,0.0,0.0003577992804483257,0.0,0.0,0.0031815125207432203,0.0,2.454755978127806e-05,0.02374397256454192,0.00036173114067303253,0.025181970741859145,0.01254975397181643,3.9424868739628406e-05,0.0,0.0,0.0,0.0,0.0003766084496313829,0.024943827532032982,0.003114139564460405,0.04696840824695994,0.00012741352457901472,0.0,0.008808217035283868,0.00046066524524606236,0.0,0.0,0.0,0.0,0.0,0.0,0.0,0.0001497294880165402,0.0011966669727141658,0.0,0.0,0.021298036705296668,0.0,0.0,0.0,0.0,0.0,0.0,0.0,2.2953562392883384e-05
TM17_26wk,0.0,0.0,0.0,0.0,0.0,0.0,0.0,0.0,0.0,0.0,0.0,0.0,4.962917502795072e-05,0.0,0.0,0.001139253551865022,0.01016690608343868,0.0,0.0,0.0,0.0,9.640731234152981e-05,0.0,0.0007606990997901213,0.0,0.0,0.0007212069477466032,0.0,0.0,0.0,5.036833295389893e-05,0.00017708112025930506,0.0,0.0,0.00030590578735313455,9.302830468005231e-05,0.0,0.0,0.0008363043962156802,0.0,8.986048499741716e-05,0.0012268965630845947,0.0,0.000611072416780321,0.0026386882016456613,0.0004138228445415721,0.00011467507251139253,0.0,1.8373354159283885e-05,0.0,0.0020992085096928946,0.0,0.00017549721041798747,0.0,0.0,0.0,0.0025050062110384573,0.0,0.0,0.0,0.0,0.0,1.1720932825750066e-05,0.0,0.0,0.0005793942199539693,0.0,0.023556646318000946,0.0,0.000155539946417386,0.0,0.0026578007137308826,0.029999991552480846,0.0,0.0003139309305491436,6.926965706028867e-05,0.0,0.007363596852285412,0.05646754737685523,0.0,9.957513202416486e-05,0.0,0.011438257716069588,0.006641122776665755,0.00047707364420485396,0.011147874245161365,0.10788252795389681,0.0,0.10761231293496804,0.0,0.0016848576952042166,0.00199424808420825,0.0,0.006508391131963343,0.36944105722391707,0.0,0.0,0.0,0.0029833469831163657,0.0,0.0006755903443166558,0.004767568622365904,0.0,0.0,0.0,0.005091003011962953,0.0,0.0,0.00014983787098864272,0.0,0.0,0.0008291240049350406,0.0,0.0,0.0,0.0,0.023435741200113703,0.0,0.0,0.0,0.0,0.0,0.012369913484732481,0.0030569459937429223,0.0,0.0,0.0,8.341925164272568e-05,0.0,0.002250313508554591,0.0007212069477466032,0.0008292295989244618,0.0,0.0011437940934101326,0.0,0.0,2.9883099006191607e-05,0.0,0.0,0.026595324551574005,0.0,1.2988060698804019e-05,0.0717740297073906,0.0017006967936173923,0.0026293959305765976,0.04438062578377138,0.0,0.0,0.0,0.0,0.0,0.0009156054822709803,0.0009047293013605996,0.00771575280700502,0.004239281893291772,0.00011266878671239027,0.0,0.0016016496315403332,0.0,0.0,0.0,0.00010337651564332714,0.0,0.0,0.0,1.9323700064074433e-05,0.000705790225291112,0.0015812699915820469,0.0,0.0,0.0,0.0,0.0,0.003690193148301689,0.0,0.00016071405189902236,0.0006594344639352176,0.0016577200399229754,2.9883099006191607e-05
TM17_6WK,0.0,0.0,0.0,0.0,0.0,0.0,0.0,0.0,0.0,0.0,0.0,0.0,0.0,0.0,0.0,0.00035294600721149017,0.0004978682342957647,0.0,1.1171088337746086e-05,0.00014260749706834417,8.926806626649339e-05,0.0012240896166847354,0.0,0.0005147758274555966,0.0,0.0,0.007384894514733963,0.0,0.0,0.0,0.0027891490287594144,0.008620457141062871,0.0,0.0,0.009226111281752563,0.0009651417762070717,0.0,0.0005202104109712569,0.02435347577846374,0.0015432204375765628,0.0008374290635890557,0.05029445378611333,0.0,0.0045867884872172575,0.0025890758430347368,0.0022509239798380984,0.00011895699473167453,0.0,0.0002864226793623906,0.0,0.0009519578791598218,0.0,4.267154464148054e-05,0.0,0.0,0.0,0.0031804390418869533,0.0,0.0,0.0,0.0,0.0,0.0,0.0,0.0,0.002208353075632083,0.0,0.008008865214680142,0.0,4.196706159315421e-05,0.0,0.0010168709600413195,0.01727966084978369,0.0,0.0021824884837149693,0.00010345836766849427,0.0,0.006627172676041258,0.06146282483210158,0.0,0.0,0.0,0.0005314821397444781,0.0020753064199338918,0.000224629451980624,0.009627968540604997,0.06359730782809489,0.0,0.004430191969617862,0.0,0.0024978956084942146,0.0023575022010063245,0.0,0.0029419212098107527,0.14561000382031097,0.0,0.0,0.0,0.00020128087095037993,0.0,0.0009003293357610493,0.008047309861031665,0.0,0.0,0.0,0.0011776943759306728,0.0,0.0,0.00035797802898524965,0.0,0.0,0.0,0.0,0.0,0.0,0.0,0.024476860952356422,0.0,0.009590429658172752,0.0,0.0,0.00038776759788590687,0.008267007931674003,0.0009078773684216885,0.0,0.0,0.0,0.00056157362995156,0.0,0.001622827022037438,6.793229394575322e-05,0.007034061956667452,0.0,0.013264006833888136,0.0,3.0091490207081796e-05,0.0,0.0,0.0,0.369287900483517,0.0,0.0,0.027846906574678632,0.002066751982918501,0.004884382254917394,0.03357032814015259,0.0,0.0,0.0,0.0,0.0,0.00070991763184199,0.00016082341588935354,0.017436056086512136,0.008144427881265223,0.0,0.0,0.00021798718323926043,0.0,0.0,0.0,0.0,0.0,0.0,0.0,0.0,0.000523430904906463,0.0007734217466268347,0.0,0.0,0.0,0.0,0.0006599999758462957,0.0,0.0,5.2836228624474726e-05,0.00013244281308534997,0.00043698077083327477,0.0
TM18_12wk,0.0,0.0,0.0,0.0,0.0,0.0,0.0,0.0,0.0,0.0,0.0,0.0,0.0,0.0,0.0,0.014594100833500965,7.401559538919906e-05,0.00018419662585475943,0.0,0.00011186575570203681,0.00026573732730021996,0.0,0.0,6.446881904916579e-05,0.0,8.210227652428606e-05,0.00706012189099401,5.548361778795802e-05,0.0,0.0,0.0,0.02124011726136906,0.0033283431771828796,0.0,0.0,0.009351572842633524,0.0,0.0011596525377746286,0.04480504303405987,0.006183952453010487,0.0030440738722814294,0.16872500780308572,0.0,0.0010809197117232954,0.013326738195607608,0.017258999212559425,0.0041671117149166366,0.0,0.0,0.0,7.26678152000179e-05,0.0,0.0005576440532737075,0.0,0.0,0.0,0.0010370045405591413,0.0,0.0,0.0,0.0,0.0,0.0,7.6261895704501e-05,0.0,0.0,0.0,0.026409303546941893,0.0,0.00012455735248349166,0.0,5.099101715735413e-05,0.004783833466482785,0.0,0.0,0.0,0.0,0.007676394382497099,0.08848221867980664,0.0,0.0,0.0,0.011689409895783908,0.0003530060945497005,0.0,0.006390162821955194,0.04317198270483536,0.0,0.0006664773035500868,0.0018005220177302733,0.0,0.015660082648127502,0.0,0.003404268127840096,0.08740792555401349,0.0,0.0,0.0,0.00032425345051383564,0.0,0.0005614627638097209,0.007122793669790934,0.0,0.0,0.0,0.0017889535711064681,0.0,0.0002248546615617246,0.0,0.0,0.0,0.0,0.0,0.0,0.0,0.0,0.00945838442262613,0.0,0.023719920494446642,0.0,0.0,0.0,0.0,0.0,0.0,0.0,0.0,0.00030639536300718404,0.0,0.001979664467875603,0.0,0.01713264481982369,0.0,0.029607473620853038,0.0,0.0,0.0,0.028908537277746837,0.0,0.07321310460155743,0.0,0.0,0.07448619530525481,5.5820562835253194e-05,0.0750068877183418,0.029275133489204117,0.0,0.0,0.0,0.0,0.0,0.0,0.0006379492895457521,0.0,0.0028131541998683896,0.00010142045923588278,0.0,0.00042432612956053726,0.0,0.0,0.0,0.0,0.0,0.0,0.0,0.0,0.0,0.0,0.0,0.0,0.0,0.0,0.005748731766920724,0.0,0.0,0.0,0.0004192719538511079,0.0007043274638629246,0.0
TM18_26wk,0.0,0.0,0.0,0.0,0.0,0.0,0.0,0.0,0.0,0.0,0.0,0.0,0.0,0.0,0.0,0.010677026730402741,7.127105595475576e-05,0.0010767940261116112,0.00018493980332837977,0.0006633360328319136,0.00044372672487494026,0.0,0.0,0.0005951777187787963,0.0,7.2988430797039034e-06,0.015926719615479774,0.0,0.0,0.0,0.0,0.027492058483053538,7.191507152061199e-05,0.0,0.0,0.04728383751701946,0.0,0.001526102219223972,0.03246482467481239,0.007700064777232333,0.014791749516585816,0.09081188358989303,0.0,0.0019285046119564711,0.06477540762160222,0.023429500957704814,0.00620251391476132,1.556370950819204e-05,0.0012579770719724965,0.0,0.00014329346340301045,0.0,0.0005010441102361445,0.0,0.0,0.0,0.0011996936632625078,0.0,0.0,0.0,0.0,0.0,0.0,3.1020083088741594e-05,0.0,0.001117152334905268,0.0,0.010710193532044337,0.0,2.758533340417494e-05,0.0,0.00014103940892251366,0.006506596597773103,0.0,0.0,9.037685107515716e-05,0.0,0.019295994384184265,0.060734424617709684,0.0,0.0,0.0,0.002844938762169882,0.0,0.0007820495688047436,0.00040959389988456024,0.04774119590470502,0.0,0.013278634944606611,0.011778078676161603,0.0,0.007118304049408875,0.0,0.013313733792945776,0.03681064171321021,0.0,0.0,0.0,0.007609365918374247,0.0,0.0010542534813066432,0.05957186918541155,0.0,0.0,0.0,0.0008424796960675874,0.0,0.0,0.0,4.379305847822342e-05,0.0,0.0,0.0,0.0,0.0,0.0,0.0,0.0,0.07904443117056807,0.0,0.0,0.0,0.0,0.0,0.0,0.0,0.0,0.0019214204407320525,0.0,0.003065299421620354,0.000552028675866429,0.01930629863323797,0.0,0.04077648956775285,0.0,0.0,0.0,0.012386888057750916,0.0,0.08432256807647041,0.0,0.0,0.04388182529038383,0.0005869128523503079,0.011264905606101834,0.03750768122732193,0.0,0.0,0.0,0.0,0.0,0.0,0.0,0.0,0.006513251425286949,8.64054217523771e-05,0.0,0.0007114225284158451,0.0,0.0,0.0,0.0,0.0,0.0,0.0,0.0,0.00011882087190047383,3.0912747161098885e-05,0.0,0.0,0.0,0.0,0.0027898754312891743,0.0,0.0,0.0,0.0018248181058536186,0.00021220312894962566,0.0
TM18_6wk,0.0,0.0,0.0,0.0,0.0,0.0,0.0,0.0,0.0,0.0,0.0,0.0,0.0,0.0,0.0,0.00122395861698596,0.000204348285250316,0.003631266661015308,0.004795081054995973,0.003652696000314455,0.007886352044501043,0.0,0.0,0.0,0.0,0.0,0.04653233036132471,0.0007219674643432369,0.0,0.0,0.0,0.02378632983376042,0.0,0.0,0.0,0.048263844655522664,0.0,0.0008415455455152064,0.05516669658091932,0.014312667557306317,0.011156043002645874,0.11878045985231041,0.005779883509637994,0.02082588436870587,0.03152978015155397,0.008879915665486356,0.0020347216861598674,0.0,0.002547131523102722,0.0,0.00010833063789341782,0.0,0.0012754600677877487,5.671079295185479e-05,7.731137327257032e-05,0.0,0.0,0.0,0.0,0.0,0.0,0.0,0.0,0.0,0.0,0.001493542073251875,0.0,0.004677752462479713,0.0,0.0,0.0,0.0,0.0052898501651124676,0.0,0.0,0.00044303087103515787,0.0,0.004526326357708476,0.0025879775013248306,0.0,0.0,0.0,0.0003669034391603298,0.003964072587920672,0.00021358302815270572,0.0,0.05122405333229778,0.00022222580035622313,0.003007329544405143,0.005540372164874732,0.0001012269895069642,0.0014698632452970297,0.0,0.006701108311221242,0.07247757733386816,0.0,0.0,0.0,0.0035757398094612074,0.00013769238455742613,0.0012523732105317745,0.008823915237373135,0.0,0.0,0.0,0.001116575132210736,0.0,0.0,0.0,3.5044665373171225e-05,0.0,0.0,1.0300290160357758e-05,0.0,0.0,0.0,0.015037476481004133,0.0,0.018565266663856782,0.0,0.0,0.0,0.0,0.0,0.0,0.0,0.0,0.025350671602597283,0.0,0.009818426011476655,0.000605230842525849,0.05403674291091409,0.0,0.05489723151879318,0.0,0.00037483584652520303,0.0,0.0061007316284261495,0.0,0.17863674830968687,0.0,0.0,0.009615853638322952,0.0008049617563249702,0.006846259526584457,0.021402582223546133,0.0,0.0,0.0,0.0,0.003155559007402475,0.0,0.0,0.0,0.00036548270948303914,0.0005639112877446437,0.0,0.000270530609384109,0.0,0.0,0.0,0.0,0.0,0.0,0.0,0.0,0.0,0.0,0.0,0.0,0.0,0.0,0.00022234419449599854,0.0,0.0,0.0,0.0,0.0,0.0
TM21_12wk,0.0,0.0,0.0,0.0,0.0,0.0,0.0,0.0,0.0,0.0,0.0,0.0,0.0,0.0,7.248459438212695e-05,0.0026641786629022475,0.0002972291020363311,0.00010872689157319043,9.086989966272476e-05,0.0006815242474704356,0.0002901497028765607,0.0,2.525337909231537e-05,0.0008146592167437301,0.0,0.00012753484754989393,0.0015965630045392685,0.0,8.27338737626901e-05,6.931471416133423e-05,0.0003934877980744035,0.0013703392194486944,0.0,0.0,7.977531888995023e-05,0.0006294325491754086,0.0,1.1939882164985821e-05,0.0019827600781058487,0.0,0.00990503038858505,0.009967160040912589,0.0,0.0014710357477958767,0.013529260107691293,0.008830863644432424,0.002738670848090887,0.0,0.00036009839308205345,0.0,0.0006634559302119171,0.0,0.00035640019949112863,0.0,0.0,0.0,0.0010165805868082266,0.0,0.0,0.0,0.0,0.0,0.0,0.0,0.0,0.00025200547755302157,0.0,0.00488351746815327,0.0,0.0,0.0,0.000862735733425753,0.009906509666021421,0.0,0.0,7.988098156397664e-05,0.20766043820424174,0.0034759849874472747,0.038974416953364725,0.0,0.0,0.0,0.0,0.0,0.000746401129322659,0.0016910254351188811,0.26209679123591517,0.0007450275145603166,0.04703320343868607,0.00046142889747339416,0.0,0.0,0.0,0.02262924658286902,0.14473620256802563,0.0,0.0,0.0,0.00042550358830440994,0.0,0.00040891454848226137,0.05329540747753612,0.0,0.0,1.5215425059805075e-05,0.0012648878707703232,0.0,0.0,0.0,0.0,0.0,0.0004249752749342768,0.0,0.0,0.0,0.0,2.8211933965055242e-05,0.0,0.024938187335694542,0.0,0.0,0.0,0.0,0.0,0.0,0.0,0.0,0.0004607949214292356,0.0,0.0017134259220124937,0.0006324967667221739,0.0024389058418779214,0.0,0.00934184833602421,0.0,0.00016451678345914236,0.0,0.0,0.0,0.017608050650459423,0.0,0.0,0.0003882046643730822,0.002252833872917389,0.0,0.018850115383640037,1.6060726452016467e-05,0.0,0.0,0.0,0.051888191984852096,0.0,9.752664812638947e-05,0.0,0.005693104876543721,0.0,0.0,0.00041557129694592504,0.0,0.0,0.0,0.0,0.0,0.0,0.0,0.0,0.0,2.2823137589707614e-05,0.0,0.0,0.0005194377055139011,0.0,0.00019008715057353595,9.932291358483868e-06,0.0,0.0,3.243844092611221e-05,0.0,0.0
TM21_26wk,0.0,0.0,0.0,0.0,0.0,0.0,0.0,0.0,0.0,0.0,0.0,0.0,0.0,0.0,0.0,0.00046672654102419885,0.0,0.0,0.0,4.081403225693127e-05,0.0002464340935007116,0.0,0.0,0.0009171274691456252,0.0,0.0,0.0027300971146649064,0.0,0.00024829397345165936,0.0,0.0005874120845079855,0.006912553817692916,0.0,0.0,2.7898199264231498e-05,0.002672544162849436,0.0,0.0003291987513179317,0.018396692554817903,0.001027170366243427,0.01522342737850748,0.05580518129489804,0.0,0.0006354589832408286,0.0019356183956179582,0.0013046024589266183,0.0004583570812449284,0.0,9.847031073634304e-05,0.0,0.0004159931490288741,0.0,0.0003842718631988035,0.0,0.0,0.0,0.0014074124895485083,0.0,0.0,0.0,0.0,0.0,0.0,0.0,0.0,0.0007313461273786316,0.0,0.0020964980113750264,0.0,0.0,0.0,0.0016199554372763759,0.0033533635515606264,0.0,0.0,0.0,0.17789131770841304,0.012750716983720992,0.054767781588924286,0.0,0.0,0.0,0.0003892315430680002,0.019367446562549216,0.0,0.005652071844269361,0.17322095249825278,0.0,0.01238969361990915,0.002017349786795762,0.0,0.0,0.0,0.018194172293492367,0.08651097267175065,0.0,0.0,0.0,0.0,0.0,0.00046362674110595094,0.03524369180383971,0.0,0.0,0.0,0.00023548146712290219,0.0,0.002028509066501455,0.0,0.0,0.0,0.0,0.0,0.0,0.0,0.0,0.020067588037417487,0.00029840740546333445,0.011795358648917079,0.0,0.0,0.0,0.0,0.0,0.0,0.0,0.0,0.0016850512355595826,0.0,0.0007428153870761491,7.85282645956146e-05,0.0029557625487133463,0.0,0.009661353058531252,0.0,0.0,0.0,7.718501796437382e-05,0.0,0.1302934766570601,0.0,0.0,0.0007734000796028622,0.027666540883674436,0.0,0.023260175299884882,0.0,0.0,0.0,0.0,0.02744387192288029,0.0,6.333924499619966e-05,0.0,0.014743785004490582,0.0,0.0,0.0,0.0,0.0,0.0,0.0,0.0,0.0,0.0,0.0,0.0,1.5808979583064518e-05,0.0,0.0,0.003552784012967911,0.0,0.002685666649170019,0.0,0.0,0.0,0.0002865248391100517,0.0006566409493488563,0.0
TM21_6wk,0.0,0.0,0.0,0.0,0.0,0.0,9.538171512758157e-05,0.0,1.1649675130086312e-05,0.0,0.0,0.0,0.0,0.0,0.0011375075644877134,0.00559257216713706,0.0003452256406853256,0.00016267939199513385,0.00020137295582006338,0.0006012064486776685,0.0006856665933707944,0.0,0.0,0.00839785554444445,0.0,0.0019229245011598717,0.004352297825608942,0.0,0.0003034116281648372,0.0,9.36134608667649e-05,0.002816204947741847,0.0005774910385914215,0.0,0.00013085081530043376,0.0017169748872529888,0.0,0.00024724355164477827,0.013391509591947253,0.00036020379442400804,0.006020697728167732,0.02558351870532169,0.0,0.004955376543503947,0.1986465157797971,0.045135522126997715,0.022244222541247666,0.0,0.000864052243800241,0.0,0.0037424581355402276,0.0,0.003389743417985561,0.0,0.0,0.0,0.0011955479102251079,0.0,0.0,0.0,0.0,3.838151895537365e-05,2.2363215651504974e-05,0.0,0.0,0.00032483870920767456,0.0,0.045627408856374195,0.0,0.00018556268242923198,0.0,0.0018719571724657442,0.022068541279687597,0.0,0.0,5.533595686790998e-05,0.043388694947223874,0.00973663204979571,0.03720937441036524,0.0,0.0,0.0,0.0010807153982285427,0.0005997502392864079,0.008871331626517246,0.0053254617587972135,0.12578622305258524,0.0,0.025131885764117807,0.01635999243603237,0.0002532764191228587,0.0,0.0,0.0011680879617041796,0.07668513070831486,0.0,0.0,0.0,0.001018618469186922,0.0,0.0003654045422499394,0.01496452777937846,0.0,0.0,0.00011992924486597783,0.0026277298465300935,8.716453356261009e-05,0.00010162261251869924,0.0,0.0,0.0,0.0,0.0,0.0,0.0,0.0,0.0034589133640704484,6.188889912858353e-05,0.08195868900380918,0.0,0.0,0.0,0.0,0.0,0.0,0.0,0.0,0.0024537128242744293,0.0,0.0014790926816948765,0.00114988534431343,0.002516433843055162,0.0,0.006616807443975988,0.0,0.00014510086434348576,0.0,0.0,0.0,0.016606091823155443,0.0,0.0,0.005355730111144145,0.0016285621742121552,0.0,0.0030719777258211532,7.832326225852672e-05,0.0,0.0,0.0,0.06149832296685598,0.0,0.00012929059095265436,0.0,0.003825566085798611,8.633241391046105e-06,0.0,0.003076970443734047,0.0,6.958600591096198e-05,0.0,0.0,6.012064486776686e-05,0.0,0.0,0.0,0.0016513414496897346,0.0063522974095491175,3.515705530329619e-05,5.148740347672075e-05,0.0,0.0,0.0002556687631227871,0.0,0.0,0.0,0.00020584559895036336,0.00016538378086461815,1.8826707129871628e-05
TM28_12wk,0.03920919596506951,0.0,0.0,0.0,0.0,0.0,0.0,0.0,0.0,0.0,0.0,0.0,0.0,0.0,0.0,0.0023522052961962346,0.002060721044903616,0.0,6.068266441501135e-05,0.0008821288515987291,7.987290871719444e-05,0.001738843595878351,0.00012012055622663785,0.00020362405170370475,0.0,0.0,0.004676092015665464,4.761255207947044e-05,6.981099683983358e-05,0.0,0.0,0.0014650973541839665,4.10774959117e-05,0.0,0.000460877056403239,0.0035172087219141708,0.0,0.0,0.001864254435669364,0.0003393042654726532,0.005145682480292398,0.023364485496583882,0.0,0.005400031015584036,0.00541476082472409,0.006204880234722612,0.002506660830066238,0.0,0.00015590776857395225,0.0,0.0001998897338935502,0.0,0.00015196598866323358,0.0,0.0,0.0,0.0004935523372420913,0.0,0.0,0.0,0.0,0.0,0.00011514146581309846,0.0,0.0,0.0,0.0,0.008387692725808235,0.0,7.29229283482957e-05,4.8961055733137365e-05,0.0015077308158498975,0.0062246928653264975,0.0,0.0,9.864822881824921e-05,0.19704148671490512,0.0016663355917311835,0.04088818674493522,0.0,0.0,0.0,0.000250925410632329,0.0,0.0003101558403433914,0.0003622288275849908,0.23022774670744686,0.0,0.04376039579619547,0.005941922022257573,0.0,0.00017157115716654389,0.0,0.004078289972889892,0.044975916243400776,0.0,0.00038546458284817464,0.0,0.0010369993096698608,0.0,4.9894635185675996e-05,0.03389505425911914,0.0,0.0,0.0,0.0008093096543007155,0.0,0.0,0.0008664654630061364,0.0,0.0,0.0,0.0,0.0,0.0,0.0,0.0010843006685984744,0.0,0.012931112728162933,0.0,0.0,0.0,0.0,0.0,0.0,0.0,0.0,0.0006315146341172453,0.0,0.0021325029316988093,4.2218537464802774e-05,0.006730692928602439,0.0,0.014602323679257373,0.0,0.00017738009598234088,0.0,0.0,0.0,0.0054870613667706925,0.0,0.0,0.09568369913223793,0.002135407401106707,0.004475787357570786,0.01814743605369742,2.4895452067696966e-06,0.0,0.0,5.331775984498423e-05,0.09871980324294385,0.00271163338542361,0.0,0.0,0.0015105315542075133,0.0,0.0,0.00031067449559480173,0.0,0.0,0.0,0.0,0.0,0.0,0.0,0.0,0.00047923745230316555,0.00035590123351778453,0.0,0.0,0.0,0.0,0.0001942882571783184,0.0,0.0,0.0,0.0,0.0,0.0
TM28_26wk,0.05004500863383014,0.0,0.0,0.0,0.0,0.0,0.0,0.0,0.0,0.0,0.0,0.0,0.0,0.0,0.0,0.0022346199627511173,0.001909409752862159,0.00019923821908793998,0.00033021986652396123,0.0029353456845721904,0.00048812841837312477,0.0015291976878347283,4.508690971502885e-05,0.0005356157885590927,0.0,4.3417024170027675e-05,0.016693637057682554,0.00027104329752298596,0.0009484949895606068,0.00026958214767110997,0.0,0.0025146388950784836,0.0022260617993329866,0.0,0.0016445241582863646,0.0034165858250721753,0.0,4.487817402190371e-05,0.004780047372565558,0.001691385321392957,0.010219073328327163,0.02940522329761694,0.0,0.014291193597658831,0.036358104867768574,0.0100653394903405,0.004959977540039424,0.0,0.0,0.0,0.0003351251553124019,0.0,0.00023096604444296028,0.0,0.00021332787837388648,0.0,0.001148150680034797,0.0,0.0,0.0,0.0,0.0,0.0003496322859845987,0.0,0.0,0.0,0.0,0.011145233598723275,0.0,0.0001052027893350673,0.00035871228863554094,0.002761051380812704,0.006997968479866665,0.0,0.0,7.744094214942455e-05,0.08902754737126102,0.003421073642474376,0.022763253542375187,0.0,0.0,0.0,0.002242551919089872,0.0002503784639035977,0.0004092263263718243,0.00011563957399132398,0.20304962847655833,0.0005794502841153708,0.03401442050535957,0.0073074191449246755,0.0,0.0028290992167714973,0.0,0.011273606049995232,0.0492636065666162,0.0,0.0021301477483419875,0.0,0.0032337333578945685,0.0,0.0016221894391219753,0.021242405282265467,0.0,0.0,0.0,0.002060638762531318,0.0,0.0,0.0014853631922784503,0.0,0.0,0.00017366809668011008,0.0,0.0,0.0,0.0,0.0,0.0,0.028596372486757046,0.0,0.0,5.1244612662220285e-05,0.0,0.0,0.0,0.0,0.0,0.006109380634232971,0.0,0.012811988108327467,0.0023586089644674463,0.005446227337174423,0.0,0.024397549651698422,0.0,0.0002065439683473186,0.0,0.0,0.0,0.06806453481424354,0.0,0.0,0.01224224403394252,0.002079111871372893,0.00015717797692322557,0.011327772962361206,0.0,0.0,0.0,0.0033502078746583935,0.13601843971113076,0.0,0.0,0.0,0.0027466486179870695,9.278301559412187e-05,0.0,0.0003052759511955078,0.0,0.0,0.0,0.0,0.0,0.0,0.0,0.0,0.0,0.0005016962384262585,0.0,0.0,0.0,0.0,0.0003288630845186479,0.00017940832824105227,0.0,0.00013139911882227155,0.0,0.00018358304210355496,0.0
TM28_6wk,0.008423547702639853,0.0,0.0,0.0,0.0,1.3579291204870672e-05,7.489501379917131e-05,0.0,5.013892137183007e-05,0.0,8.04311863673108e-06,0.0,0.0,0.0,9.82931771060254e-05,0.003571144674708604,0.001371508411691938,0.0,1.921991985920157e-05,0.0004531305018979152,0.0001136482217761484,0.00020912108455500833,0.00012618295211910593,0.0016922930523854598,0.0,0.0002905968317842324,0.0011348109203824228,4.982555311325624e-05,3.520170104647244e-05,9.087679498644219e-06,0.0,0.00018728976254102397,0.0,0.0,0.00011939330651666956,0.0008444230007705723,0.0,0.0,0.0018440677456214374,0.000195646249436329,0.0025564582534461913,0.005468693936459994,0.0,0.0036892845081909795,0.13854574774419257,0.04597237700583109,0.023678732354363845,0.0,0.0,0.0,0.002239642944027939,0.0,0.0036958652416210318,0.0,0.0,0.0,0.0030466706659420225,0.0,0.0,0.0,0.0,0.0,0.0024590007250296963,0.0,0.0,0.0,0.0,0.08250578869515658,5.327260395756956e-06,0.000384607309356414,0.0,0.004230471490748171,0.008751644269366766,0.0,0.0,1.05500647053226e-05,0.05026311965831164,0.007160464708414497,0.02007395281990164,0.0,0.0,0.0,6.476277343861398e-05,8.304258852209372e-05,0.013102344715321138,0.0005269809548351734,0.02685283944545937,0.0,0.06725112632386343,0.0,0.0,0.000387636535855961,0.0,0.010002819269766301,0.0928282435886683,0.0,0.005333423304842244,0.0,0.0004514592045188542,0.0,0.0,0.01723702997503177,0.0,0.0,0.0,0.0007497857866812438,1.9428832031584195e-05,0.0,0.010788329037924984,0.0,0.0,0.0006729061072444375,0.0,0.0,0.0,0.0,0.00014456722328877702,4.47072048898819e-05,0.039142515810212095,0.0,0.0,8.805648065927674e-05,0.0,0.0,0.0,0.0,0.0,0.0004913614294439358,0.0,0.001453715351524491,0.000769214618712828,0.002611506610869013,0.0,0.004699479317747167,0.0,1.420602772201855e-05,0.0,0.0,0.0,0.004838092544123038,0.0,6.110681042191803e-05,0.07729395227464102,0.003409760021543026,0.00010926106615611326,0.00447939034414207,5.2959235698995625e-05,0.0,0.0,0.0002571708842030123,0.17550189321433432,0.0011379446029681623,0.0,0.0,0.006084149196299209,5.055674571659542e-05,0.0,0.00254841513480946,0.0,0.0,0.0,0.0,0.0,0.0,2.8725423702610934e-05,0.0,0.00020254035112495563,0.0024071905062787945,0.0,0.0,3.0710089340245985e-05,0.0,0.0,0.0,0.0,0.0,0.0,0.0,2.1204585496836512e-05
TM29_12wk,0.0,0.0,0.0,0.0,0.0,0.0,0.0,0.0,0.0,0.0,0.0,0.0,0.0,0.0,0.0,0.0011046981892991396,0.0,0.00016535897780491668,0.0,0.00024192519540670843,8.71892792062288e-06,0.0,0.0,0.0005927868810400498,0.0,0.0,0.0008940408733319161,0.0,0.0002102564457180082,0.0,0.00035517104081249986,5.521987683061157e-05,0.0,0.0,3.738115074014177e-05,0.0003580773501193731,0.0,0.0,0.002353108362945117,0.0,0.0005891790487970335,0.00981731240349675,7.816969859868788e-06,0.0009774218851705168,0.0041684492865561844,0.0030172501483470464,0.0007823985089230209,0.0,3.357288337251339e-05,0.0,0.0007416099610644748,0.0,7.606512979026168e-05,0.0,0.0,0.0,0.0009401409519926809,0.0,0.0,0.0,0.0,0.0,0.0,0.0,0.0,0.0,0.0,0.004169852332428469,0.0,1.3328935786699346e-05,8.398231721243648e-05,0.0006766689806901793,0.0036425075195742436,0.009975756369502554,0.0,0.00010252256623904736,0.09587734011766143,0.0018382907453791436,0.019275645498813374,0.0,0.0,0.0,0.0023357707246661774,8.277970646476436e-05,9.540711931532162e-05,0.0002716898114115934,0.04979499996542494,0.0,0.004602992636715045,0.0,0.0,0.00025755913512644603,0.0,0.0008116620371163759,0.03579771325570681,0.0,0.0007356971248884202,0.0,0.000247737814020457,0.0,0.0,0.02563685504862506,0.0,0.0,0.0,0.00024142410759517836,0.0,0.001345220338833564,0.0,0.0,0.0,0.0,0.0,0.0,0.0,0.0,0.0,0.0,0.0,0.0,0.0,0.0,0.0,0.0,0.0,7.205642729802127e-05,0.0,5.692357538981374e-05,0.0,0.0014934421134841626,0.0,0.0030450104131058116,0.0,0.006941669670688096,0.0006450002310014811,0.00041429940257304583,0.0,0.0,0.0,0.5610475781874873,0.0,0.0,0.06742216678186674,0.0004736281994582038,4.8304865031496876e-05,0.0017767571621232533,4.910660552994495e-06,0.0,0.0,0.00040437786390475083,0.04900177795977287,0.0003839334811943247,0.0,0.00028171156764219445,0.019318939485729568,0.0,0.0,0.00033522774591360384,0.0,0.0,0.0,0.0,0.0,0.0,0.0,0.0,0.0,0.00018159422289849034,0.0,0.0,0.0,0.0,0.000287524186255943,3.0065268691802934e-06,0.0,0.0002795067812714622,0.0002829141783898665,0.00035637365156017197,0.0
TM29_26wk,0.0,0.0,0.0,0.0,0.0,0.0,0.0,0.0,0.0,0.0,0.0,0.0,0.0,0.0,0.0,0.0002086046095005876,0.0,1.6431871257491048e-05,0.0,5.9515436139937095e-05,0.0,0.0,0.0,0.0,0.0,0.0,0.00025739925158838116,0.0,0.0,0.0,0.0005175037502740322,2.5649750255595786e-05,0.0,0.0,7.294147728935052e-05,0.00019948692483941877,0.0,0.0,0.0003420634662992334,0.0,0.0008973404815981088,0.003562109066745865,0.0,0.0005787224901418788,0.0008530545846724317,0.0003054925333176232,0.00012654544755006828,0.0,1.532973355119592e-05,0.0,9.498423141525314e-05,0.0,0.0,0.0,0.0,0.0,0.00010710774618449958,0.0,0.0,0.0,0.0,0.0,0.0,0.0,0.0,0.0,0.0,0.0008251003646673097,0.0,0.0,0.0,0.00016712415400911627,0.0005510688531475658,0.010346067232003207,0.0,0.0,0.06014786279467663,0.00042302049054345864,0.01452477224825273,0.0,0.0,0.0,1.663225993136289e-05,0.0026871119222844565,0.0,5.921485312912933e-05,0.1354382961191529,0.0,0.005356990418615954,0.0,0.0,0.0012796820713455836,0.0,0.0037204161191046197,0.04284540294354937,0.0,0.0008142793762782303,0.0,9.328092768734249e-05,0.0,0.0,0.010354283167631952,0.0,0.0,0.0,7.815158281001841e-06,0.0,0.0,0.0,0.0,0.0,0.0,0.0,0.0,0.0,0.0,0.0,0.0,0.0022911439027137066,0.0,0.0,0.0,0.0,0.0,0.0,0.0,0.0,5.941524180300117e-05,0.0,0.0023584744971346452,8.416324302617366e-05,0.0010731815429206502,0.0,0.0029165569538677255,0.00024086718599395418,0.00026130683072888205,0.0,0.0,0.0,0.6518386061605088,0.0,0.0,0.027291835243638596,0.00041440377756696945,9.087626360088038e-05,0.0022412471229196177,0.0,0.0,0.0,0.0002285432825508359,0.0016512026727039787,0.0009271983940050123,0.0,0.0,0.007839305116203399,0.0,0.0,9.788986718639475e-05,0.0,0.0,0.0,0.0,0.0,0.0,0.0,0.0,0.0,9.47838427413813e-05,0.0,0.0,0.0,0.0,7.063700753982423e-05,0.0,0.0,0.0,2.9657523733032628e-05,0.0,0.0
TM29_6wk,0.0,0.0,0.0,0.0,0.0,0.0,0.0,0.0,0.0,0.0,0.0,0.0,0.0,0.0,0.00030363682867888975,0.0029864979947025103,0.0,5.950318552762116e-05,0.0,0.00021674010242776003,6.331620584810953e-05,0.0,0.0,0.0018558371270376954,0.0,0.0003704650269274491,0.001715859144219767,0.0,0.0001563338331400232,0.0,0.0,0.0,0.000226272653228981,0.0,0.0001799143535430434,9.321831257193939e-05,0.0,0.0,0.0006693857515257349,0.0,0.0005096402686252747,0.008387440593394262,0.0,0.0017484705022239439,0.1033254253298739,0.02452875835114164,0.012906371386373046,0.00043940042061627835,0.0,0.0,0.002982484289101986,0.0,0.0019160427110454065,0.0,0.0,0.0,0.00261492919873492,0.0,0.0,0.0,0.0,0.0,0.0,0.0,0.0,0.0,0.0,0.03078492127066293,0.0,0.00016626775450129553,5.017132000642594e-06,0.0011836417815916007,0.00456137572970422,0.012029778083220772,0.0,2.829662448362423e-05,0.072251818283894,0.004655697811316302,0.01061314069151933,0.0,0.00015954479762043448,0.0,0.000740428340654834,0.0003015296332386199,0.0046434560092347334,0.0009747284050848431,0.009624263974192674,0.0,0.006379283338817058,0.00048425358070202214,0.0,0.0024470559619934186,0.0,0.0005413485428693349,0.07745047012031984,0.0,0.0013866349423376,0.0,0.00038140237468885,0.0,8.428781761079557e-06,0.005645577955043085,0.0,0.0,0.0,0.001317599206008758,0.0,5.227851544669583e-05,0.0,0.0,0.0,0.00012482624417598773,0.0,0.0,0.0,0.0,0.0,0.0,0.04288283200645243,0.0,0.0,0.0,0.0,0.0,0.0,0.005327491786202345,0.0,0.0005723544186333071,0.0,0.0012500686092801086,0.00022456682834876248,0.0007716349016988299,0.0,0.0039181794072218395,0.00016145130778067867,0.0002579809274730422,0.0,0.0,0.0,0.43314947551403776,2.639011432338004e-05,1.0234949281310892e-05,0.03757631183201277,0.0001653646707411799,0.0,0.00501452309200226,6.622614240848224e-06,0.0,0.0,0.0001526211554595467,0.02813416974944342,0.0016248483697281102,0.0,0.0,0.01821449704305291,9.522516537219643e-05,0.0,0.0018267377614339584,0.0,0.0,0.0,0.0,0.0,0.0,0.0,0.0,0.00011810328729512565,0.0010990529360607665,0.0,0.0,0.0,0.0,0.00012111356649551222,0.0,0.0,6.351689112813522e-05,0.0,2.5487030563264378e-05,1.0134606641298039e-05
TM30_12wk,0.0,0.0,0.0,0.0,0.0,0.0,0.0,0.0,0.0,0.0,0.0,0.0,0.0,0.0,0.0,0.0013535488203571982,0.042542209785229226,0.0003188505990951061,0.004058887891755661,0.0008507079065825996,0.003056503381673839,0.0,0.00010848174467661832,0.00021223733431666666,0.0,0.0,0.013235322403458665,0.0,0.0004202980665079924,0.00028532787151013293,0.002756227670978275,8.001490387495252e-05,0.0018473770663876403,0.0,0.00019871833270043046,0.0037116803624411355,0.0,5.187779482002417e-05,0.006117183365473019,3.495156515416882e-05,0.0064343853058344384,0.06249845438243716,0.0011054806362283964,0.010042310078635526,0.02853509527324045,0.005913519056571526,0.005233941926545658,0.0,7.528874883838253e-05,0.0,0.000484266025375056,0.0,0.00014695044846265318,0.006243470624473458,0.0009539139433114189,0.0,0.0,0.0,0.0,0.0,0.0,0.0,0.0,0.0,0.0,4.880029851714138e-05,0.0,0.00775946728538997,0.0,8.243293668436042e-05,0.0019183793025184359,0.0026658811723722056,0.006888425921091895,0.023512181664606648,0.0,0.0014141095511746417,0.0,0.0020291691694222166,0.019961959947484724,0.0,0.0,0.0,0.0,0.0021000614949707665,0.0008301546277026324,0.00028972429479996546,0.018124914475828188,0.0048828875268525284,0.08036332042067175,0.0,0.0,0.0005803278742578975,0.0,0.003668925145947514,0.10241501026839613,0.0,0.03753995936605774,0.0,0.0012336363751270151,0.0007433252677284384,0.00034182191078448014,0.026966561354010442,0.0,0.0,0.0,0.0005491132689000863,0.0,0.0,0.012605205035443415,0.0001950912834863186,0.0,0.0,0.00012079172988814949,0.0,0.0,0.0,0.0,0.0,0.01021102282238285,0.0,0.0,0.0,0.0,0.0,0.0,0.0009596292935882012,0.0,0.003833791019316235,4.627235512548766e-05,0.02348404455555183,0.007922574589442758,0.01853136380897321,0.0,0.012014325745289918,0.0017905532953665544,6.253912129786812e-05,0.0,0.0,0.057285175645353605,0.09229587269277079,0.0,0.0,0.02092642530669174,0.0025535525573169944,0.006316011608755696,0.006059370399211721,1.5937034425642906e-05,0.0,0.0,0.0,0.16274404957846542,1.4947839185430692e-05,0.0,0.0011354862251815034,0.0018202291525729242,0.00016332712521727947,0.0,0.0008945622288986794,0.0,0.0,0.0,0.0,0.0,0.0,0.0,0.0,0.0,4.2645305911375796e-05,0.0,0.0,0.0,0.0,0.00011980253464793606,0.0,0.0,0.0,0.0,0.0,1.7365871994838597e-05
TM30_26wk,0.0,0.0,0.0,0.0,0.0,0.0,0.0,0.0,0.0,0.0,0.0,0.0,0.0,0.0,0.0,0.002385349863398758,0.02503630969772843,0.0003862370783329743,0.007014969619286687,0.000790708982837936,0.0020931660990055087,0.0,0.0,0.0015139171179164097,3.199092310874994e-05,0.0,0.02918649215262656,0.0,0.0,0.00018224162530951216,0.010741165706583518,0.0,0.0001359614232121862,0.0,0.0002640317520575495,0.001550706679491472,0.0,5.9076571340824886e-05,0.006487545933633763,0.000238332377160186,0.005372982172524915,0.05792724410993787,0.0007308859566245736,0.01518929029203447,0.05706615509626068,0.006816519259602075,0.003085204624607844,0.0,0.0,0.0,0.0037822868391475055,0.0,0.0012679069192101226,0.007255541361064486,0.0010340532712851606,0.0,0.0006857787550412362,0.0,0.0,0.0,0.0,0.0,0.0,0.0,0.0,3.572319747143743e-05,0.00017179125709398612,0.028538782596084736,1.4929097450749971e-05,0.0004846624850975616,0.0010423709112934356,0.003938402543918205,0.0063525442381148385,0.045707991119319745,0.0,0.001603811611851997,0.0,0.003583943115873256,0.028043243197130197,0.0,0.0,0.0,0.0004975654907514241,0.002163652766255121,0.0006833261176028987,0.00032971978084084936,0.028854959552809544,0.007143359857363137,0.0006028156277792104,0.0,0.0,0.0,0.0,0.0031018399046243944,0.11489849280097592,0.0,0.012185769157764302,0.0,0.0004182280014417242,0.00010908904780083623,0.0007342983217561737,0.03393767741632774,0.0,0.0,0.0,0.0012345297227666602,0.0,0.0,0.006401916896112676,2.4952920024824954e-05,0.0,0.0,0.0,0.0,0.0,0.0,0.0,0.0,0.004984505729574328,0.0,0.0,0.0,0.0,0.0,0.0,0.001486404924042874,0.0,0.004483954419332754,0.00013628133244327474,0.056383148887888875,0.005555117161424054,0.013914345369740424,0.0,0.011020766374553992,0.0023323515674485954,2.5166192845549953e-05,0.0,0.0,0.03722133240062009,0.20905449760387984,0.0,0.0,0.02602003058332249,0.0016407078098374219,0.0014946159276407972,0.019431393332665078,2.8471921566787446e-05,0.0,0.0,0.005509476777788915,0.0,0.00024654338075809953,0.0,0.0046339918487127915,0.01044951512424208,0.0012399681796951372,0.0,0.001086838294414598,0.0,0.0,0.0,0.0,0.0,0.0,0.0,0.0,0.000300394767991162,0.00015856834220903614,0.0,0.0,0.0,0.0,0.0,0.0,0.0,0.0,0.0,0.0,9.170731291174974e-06
TM30_6wk,0.0,0.0,0.0,0.0,0.0,0.0,0.0,0.0,0.0,0.0,0.0,0.0,0.0,0.0,6.644890332916255e-05,0.0010979594494014897,0.06590696180606052,0.00013714142821049904,3.519100799363749e-06,0.0003569817252060461,0.001898140869397994,0.0,0.0,0.013323212123426466,0.0,0.0002172527228783679,0.02830712931525856,0.0,0.0005511532869591754,0.0,0.0036584157898326784,0.0010613193999022318,0.003959919925966391,0.0,0.0,0.001648595221537229,0.0,0.0002047288641512194,0.002099868147573286,0.0025021841713123126,0.004566343796068525,0.030615866445570555,0.00074987897915854,0.0077231842190271715,0.052057851119058564,0.027253365631778492,0.005638738013192285,0.0,5.527058314294829e-05,0.0,0.010359301226644588,0.0,0.0013484366239444388,0.005306286490617097,0.0004929846208049863,8.901254963096541e-05,0.00016715728796977807,0.0,0.0,0.0,0.0,0.0,0.00018309674453160208,0.0,0.0,0.0,0.0,0.030736343896466418,1.5939456561823935e-05,0.0003616393586169688,0.0004037650652446466,0.0038347848416596143,0.005807965360455806,0.012836748189396771,0.0,0.0001916874906006361,0.0,0.006238330687625054,0.01194714020791045,0.0,0.0,0.0,0.0,3.653654653457068e-05,0.008474926251550092,0.0009440505409116692,0.014180630682894975,0.006470177328524313,0.031344423814003534,0.029140224678025583,0.0008690108915134716,3.343145759395561e-05,0.0,0.003148353179854309,0.07098823285144773,0.0,0.031909342995266,0.0,0.0002339167001930021,6.282629956511163e-05,2.960184790053036e-05,0.0166044631099391,0.0,0.0,1.6974486208695728e-05,0.0022201385925397664,0.0,0.0,0.021363115414396387,1.8630533643690434e-05,0.0,0.0,0.0,0.0,0.0,0.0,0.005088930264774032,2.039008404337231e-05,0.0,0.0,0.0,0.0,0.0,0.0,0.0,0.012876286321907269,0.0,0.008022100781043727,7.752372055068964e-05,0.008064536996565456,0.0031576684466761546,0.011135676964763044,0.0,0.0018202031369885553,0.003766472884966083,0.0001225475101896082,0.0,0.0,0.013783800316284369,0.015451026071465286,0.0,5.3821541637327815e-06,0.016339909532198695,1.9872569219936464e-05,0.0,0.016008803548164443,2.691077081866396e-05,0.0,0.0,0.0,0.28105898851313765,0.0,0.0002849436617837754,0.0027782265781329924,0.011401576081044484,0.0004440277185079554,0.0,0.00340462652041974,0.0,0.0,0.0,0.0,0.0,0.0,0.0,0.0,0.00015773851818324567,0.000595659561774658,0.0,0.0,0.0,0.0,0.0,0.0,0.0,0.0,0.0,0.0,1.5111432844326582e-05
TM34_12wk,0.0,0.0,0.0,0.0,0.0,0.0,0.0,0.0,0.0,0.0,0.0,0.0,0.0,0.0,1.1394282776188519e-05,0.0003035762482513084,0.0,0.002289131756669792,0.0008249664199295766,0.001769572809009135,0.0016081198914572492,0.0,4.140600973132792e-05,0.000293707985489788,0.0,5.42245778545399e-05,0.004857321706688579,0.0003299255271712444,0.0001596216935342838,0.0001974669898980528,0.004506540572650204,0.0015448409281823452,0.0,0.0,0.0004923957913995753,0.0028226283537977617,0.0,9.563058758586792e-05,0.003073404309541564,3.754009236083539e-05,0.02012677970812528,0.025163866572541663,0.0018656103352655707,0.014259131017058673,0.0018324448336134607,0.0006238369819963203,0.0004396972335597034,0.0,0.000500432830143494,0.0,0.000536752106492595,0.0,1.9533056187751745e-05,0.0,2.5738870914068707e-05,0.0,0.00025688003580246437,0.0,0.0,0.0,0.0,0.0,3.977825504901528e-05,0.0,0.0,0.000770436638072104,0.0,0.0040935995566810145,0.0,0.0,0.0,0.0004473273336330439,0.003057737170724294,0.07991471786280697,0.0,0.00026603615589047304,0.04954651263224111,0.000957933630540991,0.02958810379906754,0.0,0.0,0.0,0.0,0.010579082884352817,0.0005858899509649079,0.0004240300947424442,0.13300108825573986,0.00011038211439432627,0.0,0.0,0.0,0.00119517887548806,0.0,0.024040614107078397,0.10777587567860844,0.0,0.02289843899343314,0.0,0.00035210368471775416,0.0,0.00018220678975137174,0.01799737137965741,0.0,0.0,0.0,0.0014682347234460063,0.0,0.0004990085447964704,0.0,0.00010000517829458316,0.0,6.622926863659576e-05,0.0,0.0,0.0,0.0,6.511018729250582e-06,0.0,0.0023891369349643855,0.0,0.0,4.74083551223558e-05,0.0,0.0,0.0,0.0,0.0,0.0009449115930824908,0.0,0.002441123350130746,0.0028924183358019265,0.00883677496627242,0.0,0.0073575528987208025,0.0,0.00012981343591443348,0.0,0.0011293565455220422,0.0,0.01463656663402002,0.0,7.019692067473284e-06,0.27617289643990733,0.009718407596079996,0.01892885399661082,0.014587327054880063,0.0,0.0,0.0,0.002123202513741557,0.05355679149612124,0.0,0.0,0.0013364883288463265,0.0009687175053113121,0.00018393627910132793,0.0,0.0001855640337836416,0.0,0.0,0.0,0.0,0.0,0.0,0.0,0.0,0.0,2.37041775611779e-05,0.0,0.0,0.0,0.0,1.464979214081381e-05,0.0002542349344437063,0.0,0.0,0.0001798668923955473,2.4721524237623204e-05,0.0
TM34_26wk,0.0,0.0,0.0,0.0,0.0,0.0,0.0,0.0,0.0,0.0,0.0,0.0,0.0,0.0,3.6280169984689766e-06,0.0012921787209547006,0.0,0.0031303740001789823,0.0006495158209759034,0.0017669450565043492,0.0020571864163818673,0.0,2.9124914237709288e-05,0.0002884273513782837,0.0,5.653659822614156e-05,0.016424536843318845,8.596384721372325e-05,0.001390135179913363,5.502492447677948e-05,0.006252685740361366,0.0026522819823807373,0.0,0.0,0.001139902785268961,0.005415722374464566,0.0,0.0022398973835547633,0.01031525855264696,0.0,0.014320992431956541,0.0325523825187629,0.0004205476370725289,0.02186817479302153,9.301832471074626e-05,0.0002194950284073731,7.739769596733817e-05,0.0,0.0005133644052833602,0.0,0.000493007198791951,0.0,0.0,0.0,2.2675106240431006e-05,0.0,0.0005514585837672844,0.0,0.0,0.0,0.0,0.0,0.0,0.0,0.0,0.0023287838000172535,0.0,0.0017077882237793135,0.0,0.0,0.0,0.0012536814294709362,0.0009695875428408341,0.14195422732509533,0.0,0.0007716590599243599,0.0,0.0019657805436704406,0.0422402964654246,0.0,0.0,0.0,0.0,0.03812128783316281,3.839651323379667e-05,0.0011753767292539809,0.08627011231534401,0.0003186608263655251,0.0,0.0,0.0,0.005316455798256456,0.0,0.03828182758534507,0.11682970571944787,0.0,0.004646784327289057,0.0,0.0009640447390931721,0.0,8.485528646419107e-05,0.026723872432472526,0.0,0.0,0.0,0.0006017469304960628,0.0,0.0010914284470394172,0.0,0.00031604059186663086,0.0,0.0,2.9024135987751813e-05,0.0,0.0,0.0,0.0,0.0,0.00019923860016592032,0.0,0.0,0.0,0.0,0.0,0.0,0.0,0.0,0.006641790563447165,0.0,0.013421647329336065,0.008758839260303769,0.005808858327548662,0.0,0.02162539998887408,0.0,0.00020407595616387994,0.0,0.0011815242025013865,0.0,0.03005701227156584,0.0,0.0,0.18014424592472913,0.004752500711494445,0.014545526372861788,0.01435334225019289,0.0,0.0,0.0,0.0,0.04743148489898392,0.0,0.0,0.00418431293823422,0.004405218862140998,0.0,0.0,0.00020367284316404906,0.0,0.0,0.0,0.0,0.0,0.0,0.0,0.0,0.0,0.0,0.0,0.0,0.0,0.0,0.00024690671239580535,0.0013252339869407512,0.0,0.0,5.633504172622661e-05,7.356812246895425e-05,0.0
TM34_6wk,0.0,0.0,0.0,0.0,0.0,0.0,0.0007087421279652287,6.957414125196079e-05,4.5197799791419786e-05,0.0,0.0,8.32858333235151e-06,6.195653454554173e-06,0.0,0.001962193919484132,0.004455792082808048,0.0,3.4533150402433093e-06,0.00011568605384815088,0.00012919460974086734,6.662866665881208e-05,0.0,0.0,0.007279486536743467,0.0,0.0036296372434745563,0.0010155793260997897,0.0,0.0,0.0,0.0005871651249307815,3.646294410139259e-05,0.0,0.0,0.0,9.608341259029913e-05,0.0,0.0,0.0008397649633156378,0.0,0.000576297339362957,0.0034470178186993368,6.612082621171747e-05,0.003271711296362279,0.13066277647341784,0.034759342537569037,0.020374761873614363,0.0,0.0007302745629220411,0.0,0.028879362704928864,0.0,0.005037980371357312,0.0,0.0,0.0,0.0034890670077187694,0.0,0.0,0.0,0.0,0.00019633111684677404,0.002931356628719475,0.0,0.0,0.0013901624398767597,0.0,0.16880128934595437,8.22701524293259e-06,0.0006381523058190787,0.0,0.005560852895685918,0.03409488409659045,0.009776131742749971,0.0,0.0,0.006425908313266856,0.024153907344713572,0.05174091767987608,0.0,0.0,0.0,0.001428656745766541,0.00010695119815812367,0.04502279797335098,0.004410695851106048,0.04964881817402515,0.0,0.0,0.0,0.0,0.00012279582010747532,6.297221543973094e-06,0.008660203144304287,0.11244826629365451,0.0,0.002516654119622021,0.0,0.0008093961045793804,0.0,8.71454207214341e-05,0.03614391873252776,0.0,0.0,0.00011345155588093359,0.006549922950447369,5.383108739202806e-05,0.0,0.0,2.0110481704946333e-05,0.0,0.004151290950730134,0.0,0.0,0.0,0.0,3.7986465442676403e-05,0.0,0.0017971457741783859,0.0,0.0,0.0,0.0,0.0,0.0,0.0,0.00014859411481988124,0.00021044908127600402,0.0,0.0002493496595234507,0.000412061738772562,0.001329830994761931,0.0,0.0022841647629421114,0.0,0.0,0.0,0.00012056132214025906,0.0,0.0004279063607219136,0.0,6.987884552021745e-05,0.027458323565868744,0.0016882647823213027,0.0010629100557690068,0.002611721851318121,9.801320628925864e-05,0.0,0.0,0.00037590349893942615,0.0710751144773935,0.0,0.0003212598668320467,0.030714799648818184,0.014787805978947783,0.00032918217780672255,0.0,0.0042338658074277166,0.0,0.0006318550842751067,0.0,0.0,0.0,9.334107417598827e-05,0.0,0.0,0.00046447087291272515,0.0017869889652364936,0.00013711692071554317,8.56218993801503e-05,5.40342235708659e-05,0.0,2.4376341460540905e-05,0.00373090062862522,0.0,0.0,0.0002315752438751396,0.00045289211071896816,5.697969816401461e-05
TM35_6wk,0.0,0.0,0.0,0.0,0.0,0.0,0.0,0.0,0.0,0.0,0.0,0.0,0.0,0.0,0.00014023108769226856,0.0020132297662760453,0.0,0.00012852805401956092,0.0006166677479996026,0.0015926391613893516,0.001222864360607835,0.0,9.783325517623127e-05,0.000756898835691871,0.0,0.0004475897088860098,0.014219801861480327,0.0,1.1497717292484681e-05,0.0,0.0,0.00017852259260384698,0.0,0.0,5.810453560309223e-05,0.0002668086360997115,0.0,0.0,0.008133505744341686,0.00031300482164987317,0.005817023684476358,0.027198774179083417,0.0,0.009645763542873756,0.02496216019112491,0.004358148144802252,0.003521894528154214,0.0,0.0010053316557616294,0.0,0.004421693564481252,0.0,0.0006825743060511665,0.0,0.0,0.0,0.0003921542862258158,0.0,0.0,0.0,0.0,0.0,0.0001469038700495141,0.0,0.001992184837303194,0.0001746215813796111,0.0,0.019520660166076315,0.0,6.62145326218984e-05,0.0,0.003242253618290569,0.001496756411825238,0.0081337110607219,0.0,0.0004282899691450544,0.0007047484751152442,0.004944326410338748,0.03461972942586149,0.0,0.0,0.0,0.005570130737258271,0.0008624314551264627,0.0020235982434772936,0.00023796168467838833,0.28038774819670625,1.4680121185940264e-05,0.0007438612455477133,0.0,0.0,0.0,0.0,0.0050762421846319876,0.049671781234575614,0.0,0.008550297996194256,0.0,0.00472320066883864,0.0,0.0001431055170153897,0.019979542275874587,0.0,0.0,0.0,0.0013112530622938112,0.0,0.0,0.0,0.0,0.0,0.0,0.0,0.0,0.0,0.0,0.0034977698534780187,0.000149059692041855,0.03354869652842852,0.0,0.0,0.00043506540969241145,0.0,0.0,0.0,0.0,0.0,0.00043290958770007056,0.0,0.007959808086673079,0.0021590043962343335,0.0015032238778022607,0.0,0.017551881396118536,0.0,0.0005779656103275782,0.0,0.0,0.05110057792454706,0.04321488905113446,0.0,0.0,0.056225172116721546,0.0003835309982564533,0.000901133592798487,0.009766694890825068,6.559858348122956e-05,0.0,0.0,0.0,0.1823282343694693,0.0,0.0,0.005113609765832562,0.012390535571884138,0.00021784067941653913,0.0,0.0033351592803414496,0.0,0.0,0.0,0.0,0.0,0.0,0.0,0.0,0.0,0.0001271934975481118,0.0,0.0,0.0,0.0,4.496428726882403e-05,0.0,0.0,0.0,0.0,0.0,0.0
