,Akkermansia_muciniphila,Alistipes_finegoldii,Alistipes_onderdonkii,Alistipes_putredinis,Alistipes_shahii,Anaerostipes_hadrus,Anaerotruncus_unclassified,Bacteroides_caccae,Bacteroides_cellulosilyticus,Bacteroides_dorei,Bacteroides_faecis,Bacteroides_fragilis,Bacteroides_massiliensis,Bacteroides_ovatus,Bacteroides_stercoris,Bacteroides_thetaiotaomicron,Bacteroides_uniformis,Bacteroides_vulgatus,Bacteroides_xylanisolvens,Barnesiella_intestinihominis,Bifidobacterium_adolescentis,Bifidobacterium_bifidum,Bifidobacterium_longum,Bilophila_unclassified,Bilophila_wadsworthia,Burkholderiales_bacterium_1_1_47,C2likevirus_unclassified,Clostridiales_bacterium_1_7_47FAA,Clostridium_asparagiforme,Clostridium_bartlettii,Clostridium_bolteae,Clostridium_citroniae,Clostridium_clostridioforme,Clostridium_hathewayi,Clostridium_leptum,Clostridium_symbiosum,Collinsella_aerofaciens,Coprococcus_catus,Coprococcus_comes,Dialister_invisus,Dorea_formicigenerans,Dorea_longicatena,Dorea_unclassified,Escherichia_coli,Escherichia_unclassified,Eubacterium_eligens,Eubacterium_hallii,Eubacterium_ramulus,Eubacterium_rectale,Eubacterium_siraeum,Eubacterium_ventriosum,Faecalibacterium_prausnitzii,Flavonifractor_plautii,Haemophilus_parainfluenzae,Holdemania_filiformis,Holdemania_unclassified,Lachnospiraceae_bacterium_1_1_57FAA,Lachnospiraceae_bacterium_2_1_58FAA,Lachnospiraceae_bacterium_3_1_46FAA,Lachnospiraceae_bacterium_3_1_57FAA_CT1,Lachnospiraceae_bacterium_5_1_63FAA,Lachnospiraceae_bacterium_7_1_58FAA,Lachnospiraceae_bacterium_8_1_57FAA,Odoribacter_splanchnicus,Oscillibacter_unclassified,Parabacteroides_distasonis,Parabacteroides_merdae,Parabacteroides_unclassified,Parasutterella_excrementihominis,Peptostreptococcaceae_noname_unclassified,Prevotella_copri,Roseburia_hominis,Roseburia_intestinalis,Roseburia_inulinivorans,Roseburia_unclassified,Ruminococcaceae_bacterium_D16,Ruminococcus_bromii,Ruminococcus_gnavus,Ruminococcus_obeum,Ruminococcus_torques,Streptococcus_parasanguinis,Streptococcus_salivarius,Subdoligranulum_unclassified,Veillonella_atypica,Veillonella_dispar,Veillonella_parvula,Veillonella_unclassified
CSM5FZ4M,-2.807144426794027,1.4823976804150725,5.5837944410583,8.233049338407369,-2.807144426794027,-2.807144426794027,-2.807144426794027,0.6809244165607868,-2.807144426794027,9.03217612066933,-2.807144426794027,-2.807144426794027,-2.807144426794027,9.411345527145262,-2.807144426794027,7.152133378449219,9.946108116444757,0.8667924382002532,6.568524817446272,-2.807144426794027,-2.807144426794027,-2.807144426794027,-2.807144426794027,3.4240275541443,1.0772419609140247,-2.807144426794027,-2.807144426794027,2.53239940266727,-0.19520725951475804,-2.807144426794027,0.8854633599604167,-2.807144426794027,1.6308326479973303,-2.807144426794027,3.959676949683508,-2.807144426794027,-2.807144426794027,-2.807144426794027,4.4712632789884355,-2.807144426794027,4.277072091067412,5.28176922735281,-2.807144426794027,4.174222509891822,-2.807144426794027,-2.807144426794027,4.616033245355451,-2.807144426794027,-2.807144426794027,5.195046217211712,-2.807144426794027,8.699029185935466,-2.807144426794027,-2.807144426794027,3.1459983907058557,-2.807144426794027,-2.807144426794027,1.8891104221645119,-2.807144426794027,-2.807144426794027,-2.807144426794027,4.0720922244700475,-2.807144426794027,-2.807144426794027,5.584251755291182,5.117003352899718,-2.807144426794027,8.263949919302883,-2.807144426794027,-2.807144426794027,-2.807144426794027,-2.807144426794027,-2.807144426794027,-2.807144426794027,-2.807144426794027,-2.807144426794027,6.121546053971866,3.9127870631628614,4.642422268769836,4.168290957498144,-2.807144426794027,-2.807144426794027,6.91080769936375,-2.807144426794027,-2.807144426794027,-2.807144426794027,-2.807144426794027
CSM5MCUO,-4.630946682760435,-4.630946682760435,3.615864392581515,6.223237251501322,3.1140533000215695,4.349299379705941,-4.630946682760435,5.617170521471305,1.449205474043664,4.125935378094069,3.323449398284688,4.199040572342429,-4.630946682760435,5.9080839389731326,6.795537409394711,1.8981875462121662,6.584184253745093,7.499805020139483,2.269496659079203,5.341093664717539,1.1003257483364983,-4.630946682760435,1.119346302738558,2.5182643517256658,-0.46443776359806144,2.34048229213922,-4.630946682760435,-4.630946682760435,-4.630946682760435,-4.630946682760435,-0.2830006465101107,-2.887827748969025,-4.630946682760435,-1.5275732594194427,-4.630946682760435,-4.630946682760435,0.9887075986161804,-0.7657471814574741,2.6621731343822352,-4.630946682760435,4.910008196716993,4.472388193391353,-4.630946682760435,3.340058780103048,-4.630946682760435,6.68030303940192,0.6111037772470969,0.7449889431020917,6.000265381089794,-4.630946682760435,-4.630946682760435,7.448554634582973,-0.24269611985124584,0.9497909131843425,2.8046510347280327,-4.630946682760435,0.24880844171992145,-4.630946682760435,2.8782639724818004,-4.630946682760435,2.4247021477683024,0.2702416097417739,2.6534081269941776,3.481820151075058,-4.630946682760435,-4.630946682760435,3.327061991302254,-4.630946682760435,4.529718721736437,3.0321302941476294,-4.630946682760435,-0.01686440481235607,6.573723356302738,4.392902762747878,-4.630946682760435,0.935636510446546,-4.630946682760435,-4.630946682760435,2.5660281209002207,3.133933998190896,-4.630946682760435,-4.630946682760435,5.837554573022789,-4.630946682760435,-4.630946682760435,-1.4701740634685976,-0.7703542153968641
CSM5MCWQ,-3.4443182379736736,2.5797054472401717,6.381700796911225,8.334408943743327,-3.4443182379736736,-3.4443182379736736,2.016953001775043,1.0966540605036705,1.260478934826864,7.798749871233449,-3.4443182379736736,6.0224468288281425,-3.4443182379736736,8.402354908039687,1.3451914269824243,4.994199555940237,8.971462292438737,3.414232607993335,-0.033185048661625416,-3.4443182379736736,-3.4443182379736736,-3.4443182379736736,-3.4443182379736736,3.6923614699318756,1.602718780081556,-3.4443182379736736,-3.4443182379736736,2.8541221371360592,-3.4443182379736736,-3.4443182379736736,1.9255816664665648,-3.4443182379736736,2.622736652923024,-3.4443182379736736,1.4908320850411432,1.6993682930399938,-3.4443182379736736,-3.4443182379736736,5.736716090975803,-3.4443182379736736,4.820649959760451,7.072200638249162,-3.4443182379736736,-3.4443182379736736,-3.4443182379736736,-3.4443182379736736,5.1338862660162174,-3.4443182379736736,-0.6582211099465773,6.575836088479924,-3.4443182379736736,8.3999688430948,-3.4443182379736736,-3.4443182379736736,2.8749979718718457,-3.4443182379736736,-3.4443182379736736,3.323514214294809,-3.4443182379736736,2.7802359473653233,-3.4443182379736736,4.1415736153515414,-3.4443182379736736,-3.4443182379736736,-3.4443182379736736,2.809706503512368,0.6880389419345416,-3.4443182379736736,-3.4443182379736736,-3.4443182379736736,-3.4443182379736736,-3.4443182379736736,-3.4443182379736736,-3.4443182379736736,1.676576132979692,1.1038934255065804,7.097173360131677,4.450516496939275,6.832269148083064,5.0767477191661285,-3.4443182379736736,-3.4443182379736736,7.695414649519957,-3.4443182379736736,-3.4443182379736736,-3.4443182379736736,-3.4443182379736736
CSM5MCX3,-4.748546718433216,-4.748546718433216,3.8461614192887117,5.6613504745120995,3.5028501390462585,3.8852848333964385,-4.748546718433216,5.454426371296287,2.6961074984065174,3.6615131517324286,3.7569245255569825,4.316141916675032,-4.748546718433216,5.78072531636262,6.515153080912889,2.391370545979159,6.10621176946321,7.453648328118742,2.498377144553385,5.780324072202275,0.8973732166412347,-4.748546718433216,-4.748546718433216,1.570101550167795,-4.748546718433216,0.5853254275365494,-4.748546718433216,-4.748546718433216,-4.748546718433216,-4.748546718433216,-4.748546718433216,-4.748546718433216,-4.748546718433216,-4.748546718433216,-4.748546718433216,-4.748546718433216,2.665906071910248,-0.07459997426807341,3.0940309934100423,-4.748546718433216,4.142953916763336,2.4813727822238887,-4.748546718433216,5.834669756921617,-4.748546718433216,4.717033309071057,2.100835886368766,1.0808061867123424,6.665403785460237,-4.748546718433216,-4.748546718433216,7.2541493552782415,0.18440741333079735,3.822710245915001,2.9512757842290833,-4.748546718433216,-4.748546718433216,-4.748546718433216,3.3117231818095902,-4.748546718433216,2.277763424639743,0.2754140520206487,-4.748546718433216,4.490148693414385,3.0325797485200523,-2.4130988388105568,4.281737147507902,-4.748546718433216,2.5299328789954396,2.2788485049719887,-4.748546718433216,1.9091170141486797,6.421959827777544,5.34593577581693,-4.748546718433216,0.8918635592539008,-4.748546718433216,-4.748546718433216,2.8917640283714103,4.5670049165155415,0.503225164648681,-4.748546718433216,5.507308609938288,-2.1254148120443332,-4.748546718433216,0.2956752478195863,0.20422575075934546
CSM5MCXH,5.141368236425183,5.909171753414845,-3.6602991322202634,-3.6602991322202634,-3.6602991322202634,-3.6602991322202634,-3.6602991322202634,7.171949520807576,6.783680115911267,5.166245650722446,4.027516119485368,-3.6602991322202634,-3.6602991322202634,7.574063695808865,8.22258657920691,1.4438359373075347,8.659767698158053,8.67004533817097,1.0791507788050563,-3.6602991322202634,-3.6602991322202634,-3.6602991322202634,-0.7245299208400162,4.631223719846098,2.525182485482377,3.346082170574987,-0.011862338001019879,1.3444568580226512,1.6951150200313414,-3.6602991322202634,5.10040403380874,-0.09820548851721966,1.5466567179158481,0.6722306912225147,3.9762790972871445,-3.6602991322202634,-0.7920640145258968,-3.6602991322202634,-3.6602991322202634,-3.6602991322202634,1.28498106289595,-3.6602991322202634,-0.1040405672723459,0.5791738351478024,1.2980270370114866,3.8979689821231336,-3.6602991322202634,-3.6602991322202634,6.262701439012831,-3.6602991322202634,-3.6602991322202634,7.257675943769858,3.6385648394189225,-3.6602991322202634,-3.6602991322202634,-3.6602991322202634,-3.6602991322202634,0.38936387876779044,-3.6602991322202634,-3.6602991322202634,-3.6602991322202634,3.5797443198217147,3.0816191281636103,-3.6602991322202634,6.717398414286897,5.905622351345436,6.717548326290958,-3.6602991322202634,-3.6602991322202634,-3.6602991322202634,-3.6602991322202634,-3.6602991322202634,-3.6602991322202634,4.198673045525001,-3.6602991322202634,-3.6602991322202634,3.808332197657859,2.9676817298861975,-3.6602991322202634,3.6814457376542515,-3.6602991322202634,-3.6602991322202634,6.469409803511892,-3.6602991322202634,-3.6602991322202634,-3.6602991322202634,-3.6602991322202634
CSM5MCXJ,6.69840887493198,5.2271622752966325,-3.8186638220314943,-3.8186638220314943,-3.8186638220314943,1.002907938889006,-3.8186638220314943,7.807543075386187,4.222006914389369,3.333309581572803,4.566559199290167,-3.8186638220314943,-3.8186638220314943,7.279820965766411,8.18232860951971,2.1360304698690884,8.342547487789329,8.2878388247357,0.684010336160604,-3.8186638220314943,-3.8186638220314943,-3.8186638220314943,-3.8186638220314943,4.85472683931448,2.959094581156428,3.776452810154238,1.4037759495927382,-0.847247140653911,0.89635865030559,-3.8186638220314943,5.828281134939115,1.074457880853128,2.8436552828190242,2.3483074316932164,2.4940262530031,-0.29554629913177344,0.3550807444449404,-3.8186638220314943,-3.8186638220314943,-3.8186638220314943,-3.8186638220314943,3.2288724289204467,-3.8186638220314943,-3.8186638220314943,-3.8186638220314943,2.83586392751367,-1.1129119560135354,-3.8186638220314943,7.305226233528114,-3.8186638220314943,-3.8186638220314943,6.204823063019978,3.340261250624266,-3.8186638220314943,-3.8186638220314943,-3.8186638220314943,1.5507355678071928,-3.8186638220314943,-3.8186638220314943,-3.8186638220314943,0.24831390090239047,3.488514226220043,2.6651263876829505,-3.8186638220314943,6.124675589978449,5.323897700823591,6.31793492448368,-3.8186638220314943,-1.8343046753590038,-3.8186638220314943,-3.8186638220314943,-3.8186638220314943,-3.8186638220314943,3.9066394848560684,-3.8186638220314943,-3.8186638220314943,2.7530022919285058,1.4349464984033613,-1.5566946852412862,2.814785226020616,-3.8186638220314943,-3.8186638220314943,6.211621371769641,-3.8186638220314943,-3.8186638220314943,-3.8186638220314943,-3.8186638220314943
CSM5MCXL,6.753044333242064,5.216709530400605,-4.160823314631838,-4.160823314631838,-4.160823314631838,-1.5979104469880774,1.1382430578402865,6.915397508972134,5.074723998900824,4.899783140806078,3.7701520258260226,-4.160823314631838,-4.160823314631838,6.848695077592719,8.107682313995669,1.385256504144147,7.208216126488534,8.169657420816277,1.02465489359858,-4.160823314631838,-4.160823314631838,-4.160823314631838,2.2887395971869617,4.194133686287894,2.371768101148173,4.039179342471526,2.5257747057870716,-0.16785113483627612,0.3946419114561941,-4.160823314631838,4.525878079476522,1.1934460400068438,1.214985480435832,0.12745999921899198,1.8646360996880018,-0.5410257554564666,1.7309553140022942,-4.160823314631838,-4.160823314631838,-4.160823314631838,-0.2774632728105697,1.2480537107984713,-4.160823314631838,-4.160823314631838,-4.160823314631838,2.9879549991142635,-0.3747191136206851,-4.160823314631838,6.759428782463214,-4.160823314631838,-4.160823314631838,6.333687715600741,3.901631660422206,-4.160823314631838,-0.8134980214290319,-0.47988064284100673,1.5515562704810115,-4.160823314631838,-4.160823314631838,-4.160823314631838,-4.160823314631838,3.4072428554639647,4.172230082421185,-4.160823314631838,5.686796150652277,5.20077339316634,6.057242206784753,-4.160823314631838,-0.6633522302274564,-4.160823314631838,-4.160823314631838,-4.160823314631838,-4.160823314631838,5.198880191534267,-4.160823314631838,-1.385507423471255,3.392433903039662,0.8958398281653235,0.22891113458970835,3.2473807800240237,-4.160823314631838,-4.160823314631838,6.359090825603266,-4.160823314631838,-4.160823314631838,-4.160823314631838,-4.160823314631838
CSM5MCXN,-4.124499862141478,-4.124499862141478,4.076103750742967,6.567086845112572,-4.124499862141478,0.6285678106043466,1.0261686790259539,5.4842834617584035,-4.124499862141478,-0.6110316878813595,-4.124499862141478,-1.2487484564044635,-4.124499862141478,4.726514018014599,6.848649205487601,4.539960424441608,7.804984498800083,6.455693194178003,-1.3766930665782393,-4.124499862141478,2.693355462064133,3.1943051370737647,2.470207953076777,1.3045687355327953,-4.124499862141478,-4.124499862141478,-4.124499862141478,-4.124499862141478,2.170235163482867,-0.3104796015562137,-4.124499862141478,-4.124499862141478,-4.124499862141478,-4.124499862141478,3.513696495893683,-4.124499862141478,3.709898296241329,-1.508501371421973,2.93676196495273,-4.124499862141478,1.807107279295689,3.8248040995493353,-4.124499862141478,-0.37757890858837584,-4.124499862141478,3.882062240480054,-4.124499862141478,-4.124499862141478,7.834320544920251,2.587499777986727,-4.124499862141478,8.571206509947949,3.133082852011319,3.4995724937483947,1.8682092142388855,2.1979384958359196,-4.124499862141478,-4.124499862141478,3.2567445513487634,-4.124499862141478,2.538702564735643,3.5009592602426025,2.5077845709524604,4.088611572890987,4.857330157354457,4.882732470072283,5.310798374636033,-4.124499862141478,-4.124499862141478,0.977374321903552,-4.124499862141478,-4.124499862141478,-4.124499862141478,4.699517734029733,4.784863371425278,3.3713010179530585,4.94987011240811,-4.124499862141478,3.9846063609980193,3.480256302950485,-2.287887839338877,-4.124499862141478,7.422643005836132,-4.124499862141478,-4.124499862141478,-4.124499862141478,-1.0855355173737404
CSM5MCXP,6.940693280689835,5.014972882112354,-4.2667493333301305,-4.2667493333301305,-4.2667493333301305,0.822324187260639,-4.2667493333301305,6.841913571627259,3.887806820452906,4.9470202582059635,3.6692026883457824,-4.2667493333301305,-4.2667493333301305,6.828600256525268,7.417945676450742,1.2709888865168413,7.370708813814489,8.01514176100018,1.0232302560662898,-4.2667493333301305,-4.2667493333301305,-4.2667493333301305,1.1908772894773438,4.909682173699933,3.161387946195892,4.5173880289110855,-4.2667493333301305,0.5553343840529159,1.137452784315542,-4.2667493333301305,4.732357176234427,0.7868980015507034,1.8387490816671352,1.5607604182817916,4.2291494402524314,0.9339477274354788,1.2725749819180514,-4.2667493333301305,-4.2667493333301305,-4.2667493333301305,-0.2603589738853156,1.1713404740577058,-4.2667493333301305,-4.2667493333301305,-4.2667493333301305,3.6814970069431006,-1.5116689878058516,-4.2667493333301305,7.114059950094803,-4.2667493333301305,-4.2667493333301305,6.603916838263487,3.1519953321218397,-4.2667493333301305,0.18884158513808913,-0.3894651773527187,1.5684529529747495,-4.2667493333301305,-4.2667493333301305,-0.8409529618357787,0.7134296592048379,2.499909884558024,4.084263910852129,-4.2667493333301305,5.881163458238129,4.526932195368941,6.234215841979331,-4.2667493333301305,0.2211055357899614,-4.2667493333301305,-4.2667493333301305,-4.2667493333301305,-4.2667493333301305,5.820376911233138,-4.2667493333301305,-0.9853579481886623,2.672274896615182,-0.21901717658993292,-0.5772653231898541,3.359938056700015,-4.2667493333301305,-4.2667493333301305,5.719876596045497,-4.2667493333301305,-4.2667493333301305,-4.2667493333301305,-1.1814778768227718
CSM5MCXR,5.806164232200696,4.4975642269364045,-4.297632701851267,-4.297632701851267,-4.297632701851267,2.4092305769995432,1.8609654036511154,6.776383632914936,1.8324003784884972,4.7957966390684375,3.5774759858544263,-4.297632701851267,-4.297632701851267,6.865010867435184,7.641638450809695,0.6449449497509328,7.5235974211133385,8.047017331708002,0.5805437156955389,-4.297632701851267,-4.297632701851267,-4.297632701851267,4.304595515177753,5.600800657445671,3.588806859974147,5.168754230848543,-4.297632701851267,0.7449358729451774,-4.297632701851267,-4.297632701851267,5.509231076639449,2.3215055692933104,2.863321537416134,0.7423074736206594,3.4999565024431876,-4.297632701851267,3.416554347823432,-4.297632701851267,-4.297632701851267,-4.297632701851267,0.15981765694133543,3.7302801766303073,-4.297632701851267,4.2652424972715774,-4.297632701851267,1.2213566401047586,1.30721814885543,-4.297632701851267,7.342426534552082,-4.297632701851267,-4.297632701851267,4.747109188368041,3.481334335301317,-0.3401971508444763,0.8837981107901758,-4.297632701851267,-4.297632701851267,-4.297632701851267,-4.297632701851267,0.18425624209942804,1.1336722375906945,2.9884165519015857,4.302951295460646,-4.297632701851267,5.609070722616487,3.8846873461485263,6.126261520570431,-4.297632701851267,0.647118328734317,-4.297632701851267,-4.297632701851267,-4.297632701851267,-4.297632701851267,-4.297632701851267,-0.23869763796520616,-4.297632701851267,-4.297632701851267,1.3235399567320538,0.9468777088389313,3.001694902540266,-4.297632701851267,-4.297632701851267,5.728453723598454,-4.297632701851267,-4.297632701851267,-0.58799951644699,-1.2618251717393587
CSM5MCY4,4.701375909422837,-4.038425785204337,5.371481999957282,6.999701015142763,-4.038425785204337,-4.038425785204337,-4.038425785204337,-4.038425785204337,5.377283244594233,-4.038425785204337,8.238561078980815,3.9510746492419733,-4.038425785204337,-4.038425785204337,7.650219294706293,5.593860573680448,7.781138205135521,-4.038425785204337,-4.038425785204337,-4.038425785204337,-4.038425785204337,-4.038425785204337,-0.15066999472428044,4.792743355448963,3.3148108426890595,3.746703111149099,-4.038425785204337,0.7615565792978405,2.65949365409136,-4.038425785204337,3.7280442386092734,-1.0433699828077128,2.327252938643106,1.619588187063199,4.602058052685503,-0.20233028171231027,2.0796603116652905,-4.038425785204337,-4.038425785204337,-4.038425785204337,3.245965905839914,4.2894440764849575,-4.038425785204337,5.502229737457249,-4.038425785204337,3.436251786338774,1.4926022932451861,3.436948453913514,4.252155208404682,2.209588817224203,-4.038425785204337,7.1957574656418615,4.189756775568648,-4.038425785204337,0.7652264639316684,2.215189921719965,-4.038425785204337,-4.038425785204337,-4.038425785204337,-4.038425785204337,-4.038425785204337,3.488403325647176,-4.038425785204337,-4.038425785204337,-4.038425785204337,4.583463137860977,7.528195177133136,-4.038425785204337,2.142583831106127,-4.038425785204337,-4.038425785204337,2.682642981783114,3.5885729541000977,1.5552043395783102,-4.038425785204337,2.5959369204259106,5.062242126913073,-4.038425785204337,0.8187173552656564,5.3817118069698395,-4.038425785204337,-4.038425785204337,7.828460420565582,-4.038425785204337,-4.038425785204337,-4.038425785204337,-4.038425785204337
CSM5MCY8,1.36264665665869,-4.25880406987765,5.409950108004358,6.891983111173914,-4.25880406987765,-4.25880406987765,-4.25880406987765,-4.25880406987765,4.738225236880075,-4.25880406987765,5.745784477939226,3.219641360838483,-4.25880406987765,-4.25880406987765,7.7651911799367905,5.850912569036075,7.96866687667657,-0.460839668697858,-4.25880406987765,-4.25880406987765,-4.25880406987765,-4.25880406987765,0.42245422156393353,4.808582153908017,3.0542834027100128,4.385454065533716,-4.25880406987765,1.3588028296051693,2.5744138474065394,-4.25880406987765,1.6717993755599485,0.838803803539502,2.1113299601372137,1.1102517936660359,3.2111333071426094,-0.7188645265346238,2.1053498647316147,-4.25880406987765,-4.25880406987765,-4.25880406987765,2.0082021874943266,4.391940758022092,-4.25880406987765,6.118311413797008,-4.25880406987765,4.1106825435074335,-0.34253024437884605,2.52765766610234,5.533150717987479,2.0534332959089614,-4.25880406987765,6.534298682672004,3.7627795381768854,-4.25880406987765,1.7139464641105189,2.0993337925324367,-4.25880406987765,-4.25880406987765,-4.25880406987765,-1.4495981838250067,-4.25880406987765,3.594297264794374,-4.25880406987765,-4.25880406987765,4.484144306525843,4.7658057452086515,7.673336344567223,-4.25880406987765,2.2666056520800364,-4.25880406987765,-4.25880406987765,1.9948941314938855,5.269927618973948,4.667059318486934,-4.25880406987765,3.4616110951073367,4.322290129738895,-4.25880406987765,0.5696436050171734,4.9286557204240795,-4.25880406987765,-4.25880406987765,7.51191208772563,-4.25880406987765,-4.25880406987765,-4.25880406987765,-4.25880406987765
CSM67U9H,6.951868722086713,-2.957296505296666,-2.957296505296666,-2.957296505296666,-2.957296505296666,-2.957296505296666,-2.957296505296666,6.241631311321948,-2.957296505296666,6.560665433920072,-2.957296505296666,-2.957296505296666,-2.957296505296666,6.265382773310388,5.082394314485423,-2.957296505296666,5.823760658180115,5.773055050953728,5.492925799813382,-2.957296505296666,-2.957296505296666,-2.957296505296666,1.4977855779306353,-2.957296505296666,-2.957296505296666,-2.957296505296666,2.566209336162757,-2.957296505296666,-2.957296505296666,-2.957296505296666,3.157717985043079,-2.957296505296666,-2.957296505296666,-0.042001445747755994,2.746604558043643,2.8140189324737985,-2.957296505296666,1.0735198981736733,-2.957296505296666,-2.957296505296666,3.4848869884618967,2.567886829641548,3.869449564364701,4.717723560223711,4.957170197437045,5.660780367857804,-2.957296505296666,-2.957296505296666,9.385515134276604,-2.957296505296666,2.9252097182160908,7.179095511333319,2.8221755564075472,2.8430765677447294,-2.957296505296666,-2.957296505296666,-2.957296505296666,-2.957296505296666,3.796257798012509,-2.957296505296666,-2.957296505296666,-2.957296505296666,-2.957296505296666,-2.957296505296666,6.012651955238002,5.294942344114529,-2.957296505296666,3.4354476789747457,-2.957296505296666,-2.957296505296666,10.401295590114612,-2.957296505296666,5.276435597266458,2.40338252092568,3.7905986895761474,-2.957296505296666,-2.957296505296666,-2.957296505296666,3.186569372571661,4.4888214456769315,-2.957296505296666,-2.957296505296666,5.103692402024466,-2.957296505296666,-2.957296505296666,-2.957296505296666,-2.957296505296666
CSM67U9N,-2.5343194217822322,-2.5343194217822322,-2.5343194217822322,-2.5343194217822322,-2.5343194217822322,-2.5343194217822322,-2.5343194217822322,9.371723728276237,-2.5343194217822322,8.86075000160788,-2.5343194217822322,-2.5343194217822322,-2.5343194217822322,8.677239070947866,7.871033591808532,-2.5343194217822322,9.38246302601664,7.825219335521716,5.44124334802854,-2.5343194217822322,-2.5343194217822322,-2.5343194217822322,4.563584299400339,-2.5343194217822322,-2.5343194217822322,-2.5343194217822322,-2.5343194217822322,-2.5343194217822322,-2.5343194217822322,-2.5343194217822322,-2.5343194217822322,-2.5343194217822322,-2.5343194217822322,-2.5343194217822322,-2.5343194217822322,5.202875399725752,-2.5343194217822322,-2.5343194217822322,-2.5343194217822322,-2.5343194217822322,3.824187271530664,-2.5343194217822322,5.149702174180686,7.447552166132367,-2.5343194217822322,5.4185571904513266,-2.5343194217822322,-2.5343194217822322,9.369400587230901,6.909796557802249,-2.5343194217822322,8.170317968903987,5.578748738253602,-2.5343194217822322,-2.5343194217822322,-2.5343194217822322,-2.5343194217822322,-2.5343194217822322,-2.5343194217822322,-2.5343194217822322,-2.5343194217822322,-2.5343194217822322,-2.5343194217822322,-2.5343194217822322,7.853522520341681,7.843723455154177,-2.5343194217822322,6.740126413153099,-2.5343194217822322,-2.5343194217822322,9.313995884389728,-2.5343194217822322,-2.5343194217822322,-2.5343194217822322,5.143495349432478,4.242827407328742,-2.5343194217822322,-2.5343194217822322,-2.5343194217822322,5.268001895967167,-2.5343194217822322,-2.5343194217822322,6.863633299604199,-2.5343194217822322,-2.5343194217822322,-2.5343194217822322,-2.5343194217822322
CSM67UAK,-3.499135590095033,-3.499135590095033,-3.499135590095033,-3.499135590095033,-3.499135590095033,-3.499135590095033,-3.499135590095033,7.561105720631732,6.706801235345351,9.172243493748145,-3.499135590095033,-3.499135590095033,-3.499135590095033,8.626648524171209,-3.499135590095033,6.202076023434394,8.655052796619401,0.8726304639852351,5.009792377487931,-3.499135590095033,-3.499135590095033,-3.499135590095033,5.279439438219351,-3.499135590095033,-3.499135590095033,-3.499135590095033,-3.499135590095033,3.096141938604709,3.0859264713108887,3.6675882392972534,3.6157614869851056,-1.5605762233787512,3.0665239560954554,3.5861398536735942,4.822374091362094,3.3968276888717295,-3.499135590095033,-3.499135590095033,-3.499135590095033,5.2474423801509715,-3.499135590095033,5.059743323343414,-3.499135590095033,5.991124731920488,2.3458437029631556,-3.499135590095033,-3.499135590095033,-3.499135590095033,-3.499135590095033,-3.499135590095033,-3.499135590095033,2.237829116214753,4.018274339637493,-3.499135590095033,2.9309054291803243,-3.499135590095033,-3.499135590095033,1.6943731066779293,4.3950115649962544,4.818620616331605,-3.499135590095033,5.128466606141577,-3.499135590095033,-3.499135590095033,5.078397562367268,6.879629148909883,-3.499135590095033,6.733803330169281,-3.499135590095033,-1.8823963231002487,-3.499135590095033,-3.499135590095033,5.014259541442258,5.294441810690964,-3.499135590095033,0.0710700607514223,-3.499135590095033,3.1521832495729196,5.064541015304138,6.397851187404394,-3.499135590095033,-3.499135590095033,6.848890760226624,-3.499135590095033,-3.499135590095033,-3.499135590095033,-3.499135590095033
CSM67UAM,-3.108651782439672,-3.108651782439672,-3.108651782439672,-3.108651782439672,-3.108651782439672,-3.108651782439672,-3.108651782439672,8.227537296609128,6.481431557719603,9.671421691284399,-3.108651782439672,-3.108651782439672,-3.108651782439672,9.110764017841445,-3.108651782439672,6.642610417290362,8.095940555347054,-3.108651782439672,5.718627720052939,-3.108651782439672,-3.108651782439672,-3.108651782439672,4.681973352524951,-3.108651782439672,-3.108651782439672,-3.108651782439672,-3.108651782439672,2.524179414595027,3.4903762971634587,0.0719944425015786,4.240384168981791,2.4450624022183227,-3.108651782439672,3.20469355137691,6.232302675556845,2.1463124576696746,-3.108651782439672,-3.108651782439672,-3.108651782439672,6.78361406278402,-3.108651782439672,3.9784449613808563,-3.108651782439672,2.1494489394493623,2.239718228744085,-3.108651782439672,-3.108651782439672,-3.108651782439672,-3.108651782439672,-3.108651782439672,-3.108651782439672,-3.108651782439672,1.6621692359356786,-0.3652810960272337,1.8103579973405992,-3.108651782439672,-3.108651782439672,2.5500355383253464,4.71079146655105,2.2799110618787193,-3.108651782439672,4.16596345910674,-3.108651782439672,-3.108651782439672,5.317242736070247,7.834915656523203,-3.108651782439672,8.248667282665936,-3.108651782439672,-3.108651782439672,-3.108651782439672,-3.108651782439672,5.200104824280208,-0.23820142003515876,-3.108651782439672,-3.108651782439672,-3.108651782439672,4.328545198668796,5.001260241169565,7.425658525460518,-3.108651782439672,-0.5489289410060447,6.000465036350078,-3.108651782439672,-3.108651782439672,-3.108651782439672,1.728725043717814
CSM67UAO,-3.6248358694499974,2.667191374234223,3.6281750789108775,2.468873099949823,-3.6248358694499974,-3.6248358694499974,-3.6248358694499974,7.713693536349778,6.974221189783703,7.891550986653799,-3.6248358694499974,-3.6248358694499974,-3.6248358694499974,8.634816122263073,3.8346581221863545,6.507843655889128,9.094409484277419,3.025496525702283,4.881492066486302,1.8547706055424662,-3.6248358694499974,-3.6248358694499974,4.706099519292852,-3.6248358694499974,-3.6248358694499974,-3.6248358694499974,-3.6248358694499974,1.875969211982687,2.8240350559282144,2.190785599475727,3.7224416734731554,-3.6248358694499974,-3.6248358694499974,2.091048063950524,4.98265062675787,3.297786654877135,-3.6248358694499974,-3.6248358694499974,-3.6248358694499974,5.3129424089369275,-3.6248358694499974,3.7461865387645217,-3.6248358694499974,3.256246324440906,2.374854396852225,-3.6248358694499974,-3.6248358694499974,-3.6248358694499974,-3.6248358694499974,0.5223607422028742,-3.6248358694499974,3.2200417546204054,2.545830123071471,-3.6248358694499974,1.951492509382172,-3.6248358694499974,-3.6248358694499974,-3.6248358694499974,4.022038299748922,1.9665493489430812,-3.6248358694499974,4.57600903334558,-3.6248358694499974,-3.6248358694499974,-3.6248358694499974,7.215944888300282,1.104186317228077,7.4455321821096225,-3.6248358694499974,0.8194449519559477,-3.6248358694499974,-3.6248358694499974,5.81136091976917,4.821639227950452,-3.6248358694499974,-3.6248358694499974,-3.6248358694499974,2.6317722054373425,4.900686144941797,5.3738045182263585,-3.6248358694499974,0.5288360445027678,6.075310119603058,-3.6248358694499974,-3.6248358694499974,-3.6248358694499974,-3.6248358694499974
CSM67UAQ,-2.7706971779336858,-2.7706971779336858,-2.7706971779336858,-2.7706971779336858,-2.7706971779336858,-2.7706971779336858,-2.7706971779336858,7.885735243768641,8.273942128227628,9.163025696897522,-2.7706971779336858,-2.7706971779336858,-2.7706971779336858,9.85162166072807,-2.7706971779336858,6.303409035911108,9.73632648484096,1.2948321580764475,6.181248770033152,-2.7706971779336858,-2.7706971779336858,-2.7706971779336858,4.140028285828461,-2.7706971779336858,-2.7706971779336858,-2.7706971779336858,-2.7706971779336858,1.1725248749621429,1.9028537039174065,-2.7706971779336858,3.620877755385524,-2.7706971779336858,-2.7706971779336858,0.648647405636888,5.170810875325124,0.29428834109337565,-2.7706971779336858,-2.7706971779336858,-2.7706971779336858,6.553947757011736,-2.7706971779336858,4.085222768542999,-2.7706971779336858,-2.7706971779336858,3.171668554446603,-2.7706971779336858,-2.7706971779336858,-2.7706971779336858,-2.7706971779336858,-2.7706971779336858,-2.7706971779336858,-2.7706971779336858,1.3135566420416076,-2.7706971779336858,-2.7706971779336858,-2.7706971779336858,4.430727297669903,-2.7706971779336858,4.613347726270666,1.180262107587426,-2.7706971779336858,3.8275730892615583,-2.7706971779336858,-2.7706971779336858,5.669471403085211,8.073987760337623,-2.7706971779336858,7.981624459472448,-2.7706971779336858,-2.7706971779336858,-2.7706971779336858,-2.7706971779336858,6.249331600654011,3.9710199783338886,5.07701717499862,-2.7706971779336858,-2.7706971779336858,3.660369669081236,5.448170662285213,6.170031746364607,-2.7706971779336858,-2.7706971779336858,5.823183105364885,-2.7706971779336858,-2.7706971779336858,-2.7706971779336858,0.5304475746433965
CSM67UAS,6.196632928466602,-3.4520279860277743,-3.4520279860277743,-3.4520279860277743,-3.4520279860277743,-3.4520279860277743,-3.4520279860277743,8.092417808208062,7.035736992536362,8.262023568055625,-3.4520279860277743,-3.4520279860277743,-3.4520279860277743,8.282202895163394,-3.4520279860277743,6.605864273552129,9.365238373457732,-0.8809275713548743,4.41762885803992,-3.4520279860277743,-3.4520279860277743,-3.4520279860277743,5.436330439655252,-3.4520279860277743,-3.4520279860277743,-3.4520279860277743,-3.4520279860277743,3.1900467207232808,4.464488185256996,0.8839631551879101,4.280005211207936,2.0501342339945285,2.6631998842221636,3.976286153118761,5.435593954474615,2.628123920804864,-3.4520279860277743,-3.4520279860277743,-3.4520279860277743,4.013680964931934,-3.4520279860277743,5.284693000815929,-3.4520279860277743,4.109855426486815,-3.4520279860277743,-3.4520279860277743,-3.4520279860277743,-3.4520279860277743,-3.4520279860277743,-3.4520279860277743,-3.4520279860277743,-3.4520279860277743,3.7572157447097094,-3.4520279860277743,2.6135079616343875,-3.4520279860277743,-3.4520279860277743,2.79020745631479,4.967486857370759,3.8816871336731955,-3.4520279860277743,4.490004272889356,-3.4520279860277743,-3.4520279860277743,5.628122383377972,6.665155732520951,-3.4520279860277743,7.050884475041809,-3.4520279860277743,-3.4520279860277743,-3.4520279860277743,-3.4520279860277743,4.8752508792241,-3.4520279860277743,-3.4520279860277743,-1.8372569745772491,-3.4520279860277743,4.454304322016695,6.956876373253245,6.47624102167034,-3.4520279860277743,1.9191760466915149,6.76481153036317,-3.4520279860277743,-3.4520279860277743,-3.4520279860277743,-3.4520279860277743
CSM67UBX,-3.445857666045727,1.390411463721998,5.382097831477608,8.017690108809983,-3.445857666045727,-3.445857666045727,1.8601768215183743,6.744929715588664,-3.445857666045727,8.089512100840304,-3.445857666045727,5.792843318891948,-3.445857666045727,8.737374934546892,-3.445857666045727,5.926498084783737,9.369739747381619,0.1523616079737291,-3.445857666045727,-3.445857666045727,-3.445857666045727,-3.445857666045727,2.8957178879279306,3.7827355318510305,2.5742994956090994,4.500657496096739,-3.445857666045727,2.0206085484168206,0.6012559786325777,-3.445857666045727,1.8405875126386668,-3.445857666045727,2.356706355629534,-3.445857666045727,2.393858793063253,1.1231147429673065,-3.445857666045727,-3.445857666045727,4.750363643905288,-3.445857666045727,4.0833348115343675,5.66580381202962,-3.445857666045727,1.8008242903193903,-3.445857666045727,-3.445857666045727,5.122949631372471,-3.445857666045727,-3.445857666045727,5.412133860641654,-3.445857666045727,7.922988129504506,-3.445857666045727,-3.445857666045727,2.2601694649194233,-3.445857666045727,-3.445857666045727,-3.445857666045727,1.8170389519812513,-1.218043299589894,-3.445857666045727,2.9179535074594156,1.9532699775384152,4.7159182873187175,-3.445857666045727,3.1647586529802743,-3.445857666045727,-3.445857666045727,4.977085159326072,-3.445857666045727,-3.445857666045727,-3.445857666045727,5.143337236280712,-3.445857666045727,-3.445857666045727,-0.3685958472378257,5.8956322020221466,5.928022509642188,3.3557951511908684,5.042618744877552,-3.445857666045727,-3.445857666045727,6.396346345901062,-3.445857666045727,-3.445857666045727,-3.445857666045727,-3.445857666045727
CSM67UBZ,-3.489704892874663,2.0535708752020714,5.296217151858026,7.9850440925007735,-3.489704892874663,-3.489704892874663,-3.489704892874663,7.969365307634268,-3.489704892874663,8.245053278567891,-3.489704892874663,-3.489704892874663,-3.489704892874663,8.200404123929355,-3.489704892874663,6.2416389465912205,8.962769092668614,-0.9911599733001513,5.171744705716675,-3.489704892874663,-3.489704892874663,-3.489704892874663,-3.489704892874663,-3.489704892874663,-3.489704892874663,2.4374193519647127,-0.03757199803462363,2.527455205682184,1.1312541801396918,-3.489704892874663,0.9819333139119237,-3.489704892874663,2.1064489845905854,-3.489704892874663,2.9265413976300856,1.5161565330853648,-3.489704892874663,-3.489704892874663,4.401885330847408,-3.489704892874663,5.062509089209428,5.764044206993867,-3.489704892874663,-3.489704892874663,-3.489704892874663,-3.489704892874663,4.717085480574125,-3.489704892874663,-3.489704892874663,4.090904433094811,-3.489704892874663,8.512679782331862,1.2102108161253913,-3.489704892874663,3.7138002622475215,-3.489704892874663,-3.489704892874663,1.282470108863679,1.0943025081058249,0.9479132325382587,-3.489704892874663,3.57898033787642,3.7941144824699027,4.642422863998341,4.735339870016286,3.886326524868773,-3.489704892874663,6.973388724246165,2.8765830048579017,-3.489704892874663,-3.489704892874663,-3.489704892874663,-3.489704892874663,-3.489704892874663,0.7884563194764773,0.8122236227386388,6.252014328898851,2.4281283718127886,4.396643701718174,3.2422579991051697,-3.489704892874663,-3.489704892874663,6.424453711952754,-3.489704892874663,-3.489704892874663,-3.489704892874663,-3.489704892874663
CSM67UC6,-3.6482160940627306,0.17817028799904655,4.1652161081384245,8.002275258720724,-3.6482160940627306,-3.6482160940627306,1.8355481916854774,7.107502284167147,-3.6482160940627306,8.52193217923766,-3.6482160940627306,3.825916480001613,-3.6482160940627306,6.927340298464003,-3.6482160940627306,5.009692680379912,8.81376210332127,0.0872637128017697,3.5191196453288294,-3.6482160940627306,-3.6482160940627306,-3.6482160940627306,3.436802001647977,4.7701246239166135,3.6630373081607717,4.5432240704322835,-3.6482160940627306,2.7703781391898863,-1.1037149578876946,-3.6482160940627306,0.46723197676899453,-3.6482160940627306,2.804181956922706,-3.6482160940627306,3.0972049800841734,0.62197333857433,-3.6482160940627306,-3.6482160940627306,4.881703002740513,-3.6482160940627306,4.069319679721826,6.364852648425831,-3.6482160940627306,-3.6482160940627306,-3.6482160940627306,-3.6482160940627306,4.172010805275192,-3.6482160940627306,-3.6482160940627306,4.700455448629705,-3.6482160940627306,8.341375967378605,-0.0007923830309994884,-3.6482160940627306,3.330356865577148,-3.6482160940627306,-3.6482160940627306,1.8154688830527093,1.7218848627970207,-3.6482160940627306,-3.6482160940627306,3.729867274795133,-3.6482160940627306,4.7822275626277335,5.457066542436747,6.891269241248647,-3.6482160940627306,-3.6482160940627306,5.399723296854196,1.8695163870835714,-3.6482160940627306,-3.6482160940627306,-3.6482160940627306,-3.6482160940627306,-0.05258969084322018,-3.6482160940627306,6.438506515507071,4.349817075636721,3.7793834545092455,4.593786701742153,-3.6482160940627306,-3.6482160940627306,6.662792831673653,-3.6482160940627306,-3.6482160940627306,-3.6482160940627306,-3.6482160940627306
CSM67UDF,5.820597178742596,5.5646488841895785,-3.880236261550907,-3.880236261550907,-3.880236261550907,1.3297832862423995,1.575447932164872,7.450280197258738,5.35953888123085,5.391564465126143,3.537385526783954,-3.880236261550907,-3.880236261550907,7.264632793522693,7.963107122212448,1.2552453093337945,7.826763478108612,8.55640540663289,1.526287862833298,-3.880236261550907,-3.880236261550907,-3.880236261550907,2.5700426754015346,5.437753665831964,3.3532503543721237,4.425521652364249,1.7400465984480196,-0.018747620275847865,0.4446757722942021,-3.880236261550907,5.318225973513519,0.940998365027383,0.3298814996674313,1.417030156613837,2.726568070583382,-3.880236261550907,1.8936794848165253,-3.880236261550907,-3.880236261550907,-3.880236261550907,-3.880236261550907,3.0699141511141823,-3.880236261550907,-3.880236261550907,-3.880236261550907,1.6892911664963943,-3.880236261550907,-3.880236261550907,6.752881821392842,-3.880236261550907,-3.880236261550907,6.88722494856753,3.4776107107631216,-3.880236261550907,1.227480581932097,-3.880236261550907,1.2516672422082333,-3.880236261550907,-3.880236261550907,-3.880236261550907,-0.04899503207730049,2.9908477771476853,2.5979431712244425,-3.880236261550907,5.682516478746403,6.664796891606095,7.03230050225118,-3.880236261550907,-0.012383371616666139,-3.880236261550907,-3.880236261550907,-3.880236261550907,-3.880236261550907,3.907124773406232,-3.880236261550907,-3.880236261550907,-3.880236261550907,1.9938113023033814,0.4379587910338838,2.5655568433462035,-3.880236261550907,-3.880236261550907,6.219622159521405,-3.880236261550907,-3.880236261550907,-3.880236261550907,-3.880236261550907
CSM67UDJ,6.030937148972036,5.243038503503306,-3.912050728393524,-3.912050728393524,-3.912050728393524,0.8812256386170318,-0.45142226867431745,7.314310296778322,3.9322039189070424,5.20576515127622,3.8792535494465783,-3.912050728393524,-3.912050728393524,7.211213703286504,8.196082090174869,1.5697995258437434,7.956926153977896,8.467078032470452,0.8659821935448857,-3.912050728393524,-3.912050728393524,-3.912050728393524,1.4898573641559612,5.296532404211097,3.1695290012010293,4.372435512018981,-3.912050728393524,-0.7716399415371207,-3.912050728393524,-3.912050728393524,5.146965691317212,1.162825865241814,2.387261381942829,1.463446868126237,5.422033382717926,-3.912050728393524,0.7522293015344221,-3.912050728393524,-3.912050728393524,-3.912050728393524,-1.3731844134882536,2.2784747684731688,-3.912050728393524,1.2420458449773495,1.3475904073665035,-0.416974790941099,-3.912050728393524,-3.912050728393524,7.217823640932307,-3.912050728393524,-3.912050728393524,6.216682011407265,3.375303995354235,3.7166743808301277,-3.912050728393524,-3.912050728393524,-3.912050728393524,1.2098975078629106,-3.912050728393524,-3.912050728393524,-1.2887514730853091,3.0786494400009863,4.939827809612265,-3.912050728393524,6.023484155160082,5.2221647763724155,6.287362190907352,-3.912050728393524,-0.22946358018813662,-3.912050728393524,-3.912050728393524,-3.912050728393524,-3.912050728393524,4.525649932158052,-3.912050728393524,-3.912050728393524,-3.912050728393524,2.908260269711236,0.566816184348637,3.6922072392580754,-3.912050728393524,-3.912050728393524,6.0116106270967435,-3.912050728393524,-3.912050728393524,-3.912050728393524,-3.912050728393524
CSM67UDN,3.5818087025864322,4.888946229637374,-3.8278666168353546,-3.8278666168353546,-3.8278666168353546,1.2331198892032447,-3.8278666168353546,7.048371582299387,2.523674948240174,5.360014309322771,4.281244996874548,-3.8278666168353546,-3.8278666168353546,7.046260970127363,8.578489877179415,1.8521427434479971,7.3810168396265805,8.651071912922937,1.1838452335480643,-3.8278666168353546,-3.8278666168353546,-3.8278666168353546,0.9530776122289595,4.926226984671128,3.013657386766041,4.035186668845911,2.0332041896596857,-1.858140086675526,1.1932293810526478,-3.8278666168353546,2.4638975216478176,1.4360738495136207,-0.4225301908268868,2.0271372417367317,1.9717311214369655,0.5714540881232217,2.6268126941527443,-3.8278666168353546,-3.8278666168353546,-3.8278666168353546,0.6317213729882436,3.8980077939747426,-3.8278666168353546,4.391333691292036,-3.8278666168353546,3.346886278247685,-3.8278666168353546,-3.8278666168353546,7.741606794528428,-3.8278666168353546,-3.8278666168353546,6.437014425867802,3.493276213500339,-3.8278666168353546,-3.8278666168353546,-3.8278666168353546,-3.8278666168353546,-3.8278666168353546,-3.8278666168353546,-1.4197826221148357,-0.7537944552931339,3.147838378904538,3.94413852132025,-3.8278666168353546,5.954004845475786,5.94169815671559,6.60092077319568,-3.8278666168353546,-0.39276496724372834,-3.8278666168353546,-3.8278666168353546,-3.8278666168353546,-3.8278666168353546,4.587402081336307,-3.8278666168353546,-3.8278666168353546,-3.8278666168353546,1.2886069657412733,-3.8278666168353546,3.452387020621602,-3.8278666168353546,-3.8278666168353546,5.820895012955321,-3.8278666168353546,-3.8278666168353546,-3.8278666168353546,-3.8278666168353546
CSM67UDR,-3.2704719679544887,0.8716403180592813,-3.2704719679544887,-3.2704719679544887,-3.2704719679544887,1.7715873375332798,-3.2704719679544887,6.906993939721379,-3.2704719679544887,5.333987709205132,2.5089914663272364,-3.2704719679544887,-3.2704719679544887,6.442169985294135,8.519667577664888,-3.2704719679544887,7.121007594168484,9.022706785257881,2.5528515892149075,-3.2704719679544887,-3.2704719679544887,-3.2704719679544887,4.455565523082744,3.032538052776453,-3.2704719679544887,4.635028376893792,-3.2704719679544887,-3.2704719679544887,-3.2704719679544887,-3.2704719679544887,0.7554447185185058,-3.2704719679544887,-3.2704719679544887,-3.2704719679544887,-3.2704719679544887,-3.2704719679544887,4.625427352121967,-3.2704719679544887,-3.2704719679544887,-3.2704719679544887,1.9974428937613187,5.611050238352143,-3.2704719679544887,-3.2704719679544887,-3.2704719679544887,3.843652021308203,-0.047051768996404064,-3.2704719679544887,7.881467606465749,-3.2704719679544887,-3.2704719679544887,9.204044260903055,0.7853505038722712,1.9174858904653789,-3.2704719679544887,-3.2704719679544887,-3.2704719679544887,-3.2704719679544887,-3.2704719679544887,-3.2704719679544887,-3.2704719679544887,3.5823452586025217,4.010180069655882,-3.2704719679544887,6.639950555394949,5.918801091827828,5.87819579477196,-3.2704719679544887,0.2681431436952959,-3.2704719679544887,-3.2704719679544887,-3.2704719679544887,-3.2704719679544887,7.180526568152016,-3.2704719679544887,-3.2704719679544887,-3.2704719679544887,2.6610198172276878,1.808393656865027,6.051895543304598,-3.2704719679544887,-3.2704719679544887,7.583242843182411,1.871178522469025,-3.2704719679544887,0.8294258638531726,1.7857082918192457
CSM67UDR_TR,-3.3926794412329446,1.197121252507909,-3.3926794412329446,-3.3926794412329446,-3.3926794412329446,3.971378817608959,-3.3926794412329446,6.254466689840041,-3.3926794412329446,6.025689071560272,2.016727531961136,-3.3926794412329446,-3.3926794412329446,6.238041049680659,8.135933959126534,-3.3926794412329446,6.927675107704966,9.10611366414677,2.167094245247668,-3.3926794412329446,-3.3926794412329446,-3.3926794412329446,4.564154024331924,3.3641835708494767,-3.3926794412329446,5.557999930355541,-3.3926794412329446,-3.3926794412329446,-3.3926794412329446,-3.3926794412329446,-3.3926794412329446,-3.3926794412329446,-3.3926794412329446,-3.3926794412329446,-3.3926794412329446,-3.3926794412329446,4.632798326564854,-3.3926794412329446,-3.3926794412329446,-3.3926794412329446,3.0381866829063506,6.6919617851912365,-3.3926794412329446,-3.3926794412329446,-3.3926794412329446,4.102543071505332,1.5312707201631905,-3.3926794412329446,7.924217824685456,-3.3926794412329446,-3.3926794412329446,8.665730560597916,2.36516841465526,1.3924168332188653,-3.3926794412329446,-3.3926794412329446,-3.3926794412329446,-3.3926794412329446,-3.3926794412329446,-3.3926794412329446,3.0494209852150584,3.3324648681905877,4.35030069435423,-3.3926794412329446,4.785843962047356,5.972305520813329,6.14225634404584,-3.3926794412329446,1.1734449797394877,-3.3926794412329446,-3.3926794412329446,-3.3926794412329446,-3.3926794412329446,7.8487823173103655,-3.3926794412329446,-3.3926794412329446,-3.3926794412329446,3.0171469477717423,2.9331127288910865,6.0965721570515505,-3.3926794412329446,-3.3926794412329446,7.47486085436222,-3.3926794412329446,-3.3926794412329446,1.6773792564191616,2.159739796814751
CSM67UDY,-3.5518122742354343,4.90116229215739,-3.5518122742354343,-3.5518122742354343,-3.5518122742354343,2.206067505153543,-3.5518122742354343,7.621549298820232,4.649422722392471,5.823111735209249,4.138129547005159,-3.5518122742354343,-3.5518122742354343,6.863076946361042,8.70837448762702,1.80967965557757,8.214569264333182,8.997642237138951,1.3330275428939728,-3.5518122742354343,-3.5518122742354343,-3.5518122742354343,5.274086588191347,5.704197812800506,3.8780979569542433,4.849904170557271,-3.5518122742354343,-3.5518122742354343,-3.5518122742354343,-3.5518122742354343,3.091435809018634,-0.015928792351667553,0.828248017259952,2.640327117273899,-3.5518122742354343,0.740524048802504,4.7901783986057636,-3.5518122742354343,-3.5518122742354343,-3.5518122742354343,2.499520612497874,4.113571514089647,-3.5518122742354343,5.943595510055984,-3.5518122742354343,-3.5518122742354343,-3.5518122742354343,-3.5518122742354343,6.677699461955688,-3.5518122742354343,-3.5518122742354343,7.236987532625266,4.117706630219414,-3.5518122742354343,-3.5518122742354343,-3.5518122742354343,-3.5518122742354343,-3.5518122742354343,-3.5518122742354343,-3.5518122742354343,1.117887102009103,3.9213308026607976,-3.5518122742354343,-3.5518122742354343,3.7312423369160124,5.784453413725873,7.0799818622355275,-3.5518122742354343,1.0740777561012713,-3.5518122742354343,-3.5518122742354343,-3.5518122742354343,-3.5518122742354343,6.77541285218918,-3.5518122742354343,-3.5518122742354343,-3.5518122742354343,2.2873719771971412,0.798543209329468,3.4672189270458835,-3.5518122742354343,-3.5518122742354343,6.372874533495179,-3.5518122742354343,-3.5518122742354343,-3.5518122742354343,-3.5518122742354343
CSM67UE3,-4.059769672798295,-4.059769672798295,5.600870963555433,7.152817953754626,-4.059769672798295,-4.059769672798295,-4.059769672798295,-4.059769672798295,7.16848696679393,-4.059769672798295,7.913357849008264,3.4980663423700005,-4.059769672798295,-4.059769672798295,7.189824373128286,6.1420762660627615,7.869673933323653,-0.7354908493445897,-4.059769672798295,-4.059769672798295,-4.059769672798295,-4.059769672798295,-4.059769672798295,4.782724022888601,2.8554238644170216,4.400394857761435,-4.059769672798295,-0.282298220614301,3.3007432140509865,-4.059769672798295,5.528845901018883,-4.059769672798295,2.5492972396904134,-4.059769672798295,3.9050974306207262,1.0126479667392054,-0.6621424519767931,-4.059769672798295,-4.059769672798295,-4.059769672798295,2.2204412462468515,1.908902571790251,-4.059769672798295,4.756609267334743,-4.059769672798295,2.516267320962516,0.268858033670929,2.920022757133088,4.920197379896878,3.7728251741809053,-4.059769672798295,6.003003107217786,4.173095264205598,-4.059769672798295,1.0858662235092744,2.141368105695938,-4.059769672798295,-4.059769672798295,-4.059769672798295,-4.059769672798295,-4.059769672798295,3.249157878130714,-4.059769672798295,-4.059769672798295,5.9828746068941765,4.118199645228832,7.335879218491945,6.778322841525564,2.9395036520297966,-4.059769672798295,-4.059769672798295,2.264593454432262,6.271802009105938,5.850611737562543,-4.059769672798295,1.9902173695463006,4.785083085554256,-4.059769672798295,-1.0768556775245948,5.9797364312678205,-4.059769672798295,-4.059769672798295,7.315729781294264,-4.059769672798295,-4.059769672798295,-4.059769672798295,-4.059769672798295
CSM67UE7,-3.5499266369625424,-3.5499266369625424,4.461358028561845,6.785088393159958,-3.5499266369625424,-3.5499266369625424,-3.5499266369625424,7.4369736839625595,-3.5499266369625424,2.255491902593384,-3.5499266369625424,-0.7162656090810753,-3.5499266369625424,7.406096468293418,6.0157440397450905,5.1488118512270855,8.977515637651816,6.493546949559967,0.9103220230639906,-3.5499266369625424,-3.5499266369625424,2.4617840037163203,1.6914894972297212,2.4553096684285887,-3.5499266369625424,-3.5499266369625424,-3.5499266369625424,-3.5499266369625424,0.5233471744031917,-3.5499266369625424,1.2070771038541608,-3.5499266369625424,-3.5499266369625424,-3.5499266369625424,3.834923359394268,1.3764224131354688,0.5932742661886827,-3.5499266369625424,2.76150157219109,-3.5499266369625424,0.5250702126780862,3.4351594094051974,-3.5499266369625424,-3.5499266369625424,-3.5499266369625424,5.400975100475811,-3.5499266369625424,-3.5499266369625424,8.854658693052345,6.792669938805586,-3.5499266369625424,7.542134471032155,3.13425784745953,-3.5499266369625424,-3.5499266369625424,-1.7812529216133086,-3.5499266369625424,-3.5499266369625424,2.1197733521888455,-0.5122109120587233,2.110294176628347,3.169485158965089,-3.5499266369625424,4.694819749990481,5.519219310197474,6.760897736715337,6.745119837582614,-3.5499266369625424,0.45001762823904556,-3.5499266369625424,-3.5499266369625424,-3.5499266369625424,-3.5499266369625424,0.9694388531389482,2.2003032420786504,3.898794132924076,5.747841335870766,-3.5499266369625424,4.0048570714449525,3.4899870492787652,-0.2792746145500402,-3.5499266369625424,7.821266567601499,-3.5499266369625424,-3.5499266369625424,-1.28694655255428,-0.31054300198047
CSM67UEA,-4.074769212066206,3.2710927778266097,4.769842848767391,7.537590861088276,5.185856711869735,-4.074769212066206,1.38832381238724,6.063180812840644,7.5304108958508955,-1.4188390927024752,1.5387775177109866,-4.074769212066206,-4.074769212066206,2.1196353558575636,6.101716497203621,5.629248660284265,7.062260014634171,8.252907515732113,2.5531190002320203,5.228427696646308,-4.074769212066206,-4.074769212066206,-4.074769212066206,3.7727743062484267,-4.074769212066206,2.9937568427285566,-4.074769212066206,-4.074769212066206,1.3468866566345898,-4.074769212066206,1.734517468530667,-4.074769212066206,-4.074769212066206,-4.074769212066206,1.4041745843029272,-4.074769212066206,0.4714845599910511,-4.074769212066206,-4.074769212066206,-4.074769212066206,0.36921801328540305,1.6221347547684655,-4.074769212066206,-4.074769212066206,-4.074769212066206,4.258535807915808,-4.074769212066206,-4.074769212066206,5.082307391436602,7.56856281704083,1.7308452915732637,7.309799126302032,0.2882596226034053,1.5222966331845793,0.4540515073676321,-1.6694997328942804,2.0314863600308346,-4.074769212066206,1.7194371046765422,-4.074769212066206,-4.074769212066206,2.059904227923531,0.9026054790882423,5.414668928530064,4.115577379284947,5.8466864033146635,6.382910995663826,-4.074769212066206,2.4935868637160494,-4.074769212066206,-4.074769212066206,2.2421220893289977,5.660341818581572,-4.074769212066206,-4.074769212066206,-4.074769212066206,3.314301541828872,-4.074769212066206,1.2667996918098297,1.53430960111816,0.8061590754656933,2.3711428063933253,7.080100365768688,-4.074769212066206,-4.074769212066206,-1.3364993928976379,0.08623881783893239
CSM67UEI,7.239172549074253,-3.5346057450853134,5.593261769480135,7.190712039850862,-3.5346057450853134,-3.5346057450853134,3.444907161683739,-3.5346057450853134,7.384953888124521,-3.5346057450853134,7.390256741829821,4.669064225346326,-3.5346057450853134,-3.5346057450853134,7.741555683447277,5.190515197045034,8.06394954158447,-0.41977058825319524,-3.5346057450853134,-3.5346057450853134,-3.5346057450853134,-3.5346057450853134,-3.5346057450853134,6.200653242799636,4.430833428408383,5.6896694752732735,0.7254185448789219,4.25400693810871,5.081867923337693,-3.5346057450853134,7.703633813101121,-3.5346057450853134,8.198091075178054,-3.5346057450853134,3.378040507407099,4.234515562716909,-3.5346057450853134,-3.5346057450853134,-3.5346057450853134,-3.5346057450853134,-3.5346057450853134,-3.5346057450853134,3.2775984074472344,7.820002592869056,-3.5346057450853134,-3.5346057450853134,4.1676514126501365,4.879655673429969,-3.5346057450853134,-3.5346057450853134,-3.5346057450853134,-3.5346057450853134,4.9715805612830515,-3.5346057450853134,-3.5346057450853134,-3.5346057450853134,-3.5346057450853134,-3.5346057450853134,-3.5346057450853134,1.3102692717677602,-3.5346057450853134,3.0424326215380084,-3.5346057450853134,-3.5346057450853134,6.157626470798906,4.727630722537431,7.365992333121918,7.426531899887465,3.4844888217065284,-3.5346057450853134,-3.5346057450853134,-3.5346057450853134,-3.5346057450853134,-3.5346057450853134,-3.5346057450853134,5.27640859923098,-3.5346057450853134,-3.5346057450853134,-3.5346057450853134,3.331249653613602,-3.5346057450853134,-3.5346057450853134,8.030031438037028,-3.5346057450853134,-3.5346057450853134,-3.5346057450853134,-3.5346057450853134
CSM67UEM,6.45909948490075,-2.9405675963397027,5.356533253057408,7.7741713522692475,-2.9405675963397027,-2.9405675963397027,-2.9405675963397027,-2.9405675963397027,8.974108533649467,-2.9405675963397027,8.80013987398035,6.175631654785418,-2.9405675963397027,-2.9405675963397027,9.421759655763163,6.717083318288893,8.557165685998086,1.8413674631366526,-2.9405675963397027,-2.9405675963397027,-2.9405675963397027,-2.9405675963397027,-2.9405675963397027,4.696443258929244,-0.6768178433999061,5.19160839030884,-2.9405675963397027,3.703483152001998,4.059252369924769,-2.9405675963397027,7.353919136499613,-2.9405675963397027,7.537505378874032,-2.9405675963397027,0.15002117331197873,3.2219982787443966,-2.9405675963397027,-2.9405675963397027,-2.9405675963397027,-2.9405675963397027,-2.9405675963397027,-2.9405675963397027,1.6427456639947735,5.836740491864375,5.23836429264119,-2.9405675963397027,-2.9405675963397027,3.3061595796824035,-2.9405675963397027,-2.9405675963397027,-2.9405675963397027,-0.0426256419684794,3.1178443583249704,-2.9405675963397027,-2.9405675963397027,-2.9405675963397027,-2.9405675963397027,-2.9405675963397027,-2.9405675963397027,-2.9405675963397027,-2.9405675963397027,1.2852687274320846,-2.9405675963397027,-2.9405675963397027,5.357467918456907,5.148395273742286,8.002733161916948,8.609977939265745,2.1465563806644923,-2.9405675963397027,-2.9405675963397027,-2.9405675963397027,-2.9405675963397027,-2.9405675963397027,-2.9405675963397027,2.5626396387290526,-2.9405675963397027,-2.9405675963397027,-2.9405675963397027,2.7804102079933735,-2.9405675963397027,-2.9405675963397027,7.956476066045138,-2.9405675963397027,-2.9405675963397027,-2.9405675963397027,-2.9405675963397027
CSM67UEW,-4.376337584348084,2.028754932168077,-4.376337584348084,-4.376337584348084,2.6688874479120406,4.439533277550615,-4.376337584348084,-4.376337584348084,-4.376337584348084,-1.89338938991129,-4.376337584348084,4.668289160110521,-4.376337584348084,2.407330994143477,6.88483828312886,4.524045101818722,6.1929604061077015,5.561601973356691,3.623595899722316,-4.376337584348084,6.74152870045001,0.9444067605756352,2.006386410792647,-4.376337584348084,-4.376337584348084,1.2423138413084054,-4.376337584348084,-4.376337584348084,-4.376337584348084,-4.376337584348084,2.478250581785428,-4.376337584348084,-4.376337584348084,-4.376337584348084,-4.376337584348084,0.5906261148202994,4.974564699464351,-4.376337584348084,-4.376337584348084,2.0665684418507544,0.4484842311523263,3.538309694729791,-4.376337584348084,4.604627538715069,3.8632846461671626,4.945891162873314,2.6235016294281968,0.06934284499034504,2.9526310921263423,-4.376337584348084,-4.376337584348084,8.598500046900776,-4.376337584348084,4.642405089349557,-4.376337584348084,-4.376337584348084,6.763198015184548,-0.5108063612492426,3.5033705445834835,1.1687184249890592,3.0696167477213185,-4.376337584348084,-4.376337584348084,-4.376337584348084,2.448827040474482,-4.376337584348084,-4.376337584348084,-4.376337584348084,1.2937102226263324,-4.376337584348084,-4.376337584348084,5.38823265602868,6.822778779965111,2.8811927895671285,-4.376337584348084,-4.376337584348084,1.5749230297756611,5.038441323113204,4.778704620670423,4.944431930826702,5.002023677245996,3.4312611615899273,4.800171200686434,3.3939745375742154,4.234744384328499,3.8846084834706964,5.820623565131411
CSM67UEW_TR,-4.262218302440941,2.3241825415826467,-4.262218302440941,-4.262218302440941,3.0812607251573567,4.364347419605412,2.2051395773625213,-4.262218302440941,-4.262218302440941,-4.262218302440941,-4.262218302440941,4.9929456172536115,-4.262218302440941,2.1967193383378554,6.7434026547944885,4.441315170004144,6.295095689313424,5.333168056531366,3.7799107612536904,-4.262218302440941,6.924616572634461,1.5279303410352671,2.1634883791722643,-4.262218302440941,-4.262218302440941,1.600163165219465,-4.262218302440941,-4.262218302440941,-4.262218302440941,-4.262218302440941,2.374841238702685,-4.262218302440941,-0.5469409820048003,-4.262218302440941,-4.262218302440941,-4.262218302440941,5.167565562688007,-4.262218302440941,-4.262218302440941,1.8339605096744842,1.0596961826446627,3.3856942730613753,-4.262218302440941,4.905041994759399,-4.262218302440941,4.803239133978195,2.2551450177417305,-1.742998409645617,2.828278483328625,-4.262218302440941,-4.262218302440941,8.744063427475345,-4.262218302440941,5.069807297642455,-4.262218302440941,-4.262218302440941,7.2025598471104875,-1.4056504210302183,3.5586987366451,1.8771856803309772,2.911769847457162,-4.262218302440941,-4.262218302440941,-4.262218302440941,2.4763346144409706,-4.262218302440941,-4.262218302440941,-4.262218302440941,1.6051703430759288,-4.262218302440941,-4.262218302440941,5.629079135219428,6.7575990027793225,2.5169321667304843,-4.262218302440941,-4.262218302440941,1.6255279719640718,5.093540706285776,4.5145911892115675,4.671274356399364,4.779709960239514,2.9806904205101548,4.866089863985526,3.2409055118064414,4.34673644965209,4.136085108226665,6.1162881590451175
CSM67UF1,-4.4446571321376425,4.224710302575094,-4.4446571321376425,-4.4446571321376425,4.167445762764133,5.202691981568456,-4.4446571321376425,-4.4446571321376425,-4.4446571321376425,-1.271766685205444,-4.4446571321376425,5.542224167024768,-4.4446571321376425,5.229959682113728,7.645948809887329,5.59373897392775,6.542559381158679,6.600288675128748,4.732950823577829,-4.4446571321376425,6.035491989207323,-4.4446571321376425,-4.4446571321376425,-4.4446571321376425,-4.4446571321376425,2.169853988146296,-0.26270854387925446,-4.4446571321376425,-4.4446571321376425,-4.4446571321376425,2.1113362479126554,-4.4446571321376425,0.6091092048050708,-4.4446571321376425,-4.4446571321376425,0.7675259525465101,4.069729500379737,-4.4446571321376425,-4.4446571321376425,3.5337527046577355,3.541168078878745,4.342343507478026,-4.4446571321376425,3.3382103426004752,-4.4446571321376425,5.800965264105608,3.1449551582797026,2.730355339089445,3.439610282871448,-4.4446571321376425,-4.4446571321376425,7.462436688087176,-4.4446571321376425,3.748498983069397,-4.4446571321376425,-4.4446571321376425,6.2019456433486,-4.4446571321376425,5.418936156468964,-1.1259537603385699,4.032172339423736,-0.02652220908264269,-4.4446571321376425,-4.4446571321376425,3.2023577671639716,-4.4446571321376425,-4.4446571321376425,-4.4446571321376425,1.9404410706853197,-4.4446571321376425,-4.4446571321376425,3.6339174363026396,7.351342038536528,-1.7835410174404895,-4.4446571321376425,-4.4446571321376425,2.7059192723597087,2.266254701500954,5.152583398828134,5.540093514883997,3.71495322604847,2.3255201059323785,5.046377650173444,3.5382173456538366,4.222465569724322,4.646391866523802,6.2700486603441785
CSM67UF5,-4.370390843721067,4.259613202155071,-4.370390843721067,-4.370390843721067,4.258623550006548,4.852305809033481,-4.370390843721067,-4.370390843721067,-4.370390843721067,-4.370390843721067,-4.370390843721067,4.543635494988565,-4.370390843721067,2.983364085898897,6.628177468040903,4.948645384356393,5.130186485343294,5.246747995495626,3.2469819867970013,-4.370390843721067,7.3529361474883,-0.20198142027946453,4.342724510394781,-4.370390843721067,-4.370390843721067,1.2154946035915906,-4.370390843721067,-4.370390843721067,-4.370390843721067,-1.0420762433580553,1.2775178757137464,-4.370390843721067,-4.370390843721067,-4.370390843721067,-4.370390843721067,-4.370390843721067,5.0195884773640715,-4.370390843721067,-4.370390843721067,3.2159981797476345,2.800968029292563,4.0174496469501975,-4.370390843721067,3.020147947482827,2.3491242886598416,5.726142022029627,2.8623284476613327,1.726769231609813,3.6153716857090155,-4.370390843721067,-4.370390843721067,7.525783486893074,-4.370390843721067,4.0044810593322175,-4.370390843721067,1.0901534927345438,7.26283082882167,-4.370390843721067,4.4475984667293424,-4.370390843721067,3.0394133719965435,-4.370390843721067,-4.370390843721067,-4.370390843721067,2.5838793325389826,-4.370390843721067,-4.370390843721067,-4.370390843721067,1.3688064737410848,2.732718011805818,-4.370390843721067,3.505171608404341,7.894996839363039,2.888117922445053,-4.370390843721067,-4.370390843721067,-4.370390843721067,2.72525518649128,6.013485367702273,5.427703466393875,4.617106290197106,2.902651167220153,5.252531118097241,4.105902671604107,4.840563663881857,1.7142382214509242,6.650381899706298
CSM67UFV,-4.773981105570373,-4.773981105570373,4.492432849218473,6.210795181706187,3.627626825885839,2.9068779072379236,-4.773981105570373,5.662450684388921,3.142658735740767,3.3145511707924973,3.0525218251258295,4.07836719475421,-4.773981105570373,6.515009867157429,7.269923471795035,2.0189597975490434,6.7012237163845665,7.043325238330002,3.774383019556674,5.956560506154636,2.1791785156964565,-4.773981105570373,-4.773981105570373,2.4759744143034927,-1.6568066412584113,-0.06391629516148356,-4.773981105570373,-4.773981105570373,-1.5844335358458164,-4.773981105570373,-1.1587715552118443,-1.8615444561733359,-4.773981105570373,-4.773981105570373,-4.773981105570373,-4.773981105570373,-0.0027441822531422133,-4.773981105570373,1.846321424503306,-4.773981105570373,2.7868812873898845,1.784018238286377,2.276245778368562,2.697562291250806,-4.773981105570373,5.23099647075572,-2.679795164145455,0.7192457093427507,5.993382262563839,-4.773981105570373,-4.773981105570373,7.05620204896563,-0.02794298204972634,2.3683004295859726,1.4693556819461486,-4.773981105570373,-4.773981105570373,-4.773981105570373,2.3188345869360107,-4.773981105570373,1.8856067333567328,-0.7380663797135938,3.3092287433396557,3.773922890293739,4.13684939603106,-4.773981105570373,2.2247711800069885,1.6945240485375708,2.48309139841842,2.101866255223001,-4.773981105570373,3.422015960155888,1.9931539009879016,4.415419542595552,-4.773981105570373,1.8157326204514526,-4.773981105570373,-4.773981105570373,1.9150044576845673,3.350935109231595,-4.773981105570373,-4.773981105570373,6.473907876120282,-0.6836681726838947,-1.3272920036111238,0.4344806685592104,1.6208724759067463
CSM67UFZ,-4.325834592863304,-4.325834592863304,0.4709412743879291,7.036940280832344,4.564621488614746,3.040092103267643,0.9797834697360734,6.4984706458972035,3.735558656574466,4.081374842790047,3.50928902373541,3.48220491752749,-4.325834592863304,6.371492826699033,8.215840760766756,2.5206641799417175,7.303419787050203,7.638127106076623,3.5962712018942806,6.10474245897702,3.2959059781415325,-4.325834592863304,-4.325834592863304,3.035019536594808,-0.2807394473514613,-4.325834592863304,-4.325834592863304,-4.325834592863304,-4.325834592863304,-4.325834592863304,0.27909102276129616,-4.325834592863304,-4.325834592863304,-4.325834592863304,-4.325834592863304,-4.325834592863304,1.3338881630560095,-4.325834592863304,1.9593533721873744,-4.325834592863304,2.5375325586017174,0.1654078375771757,-4.325834592863304,2.819921227427307,-4.325834592863304,5.721080980642913,1.3820762199884165,-0.39958617185992473,6.1068822775072515,1.0349622816562825,-4.325834592863304,7.235192846703673,2.8722195809333977,-0.05270527417866333,1.8431599356636799,-4.325834592863304,-4.325834592863304,-4.325834592863304,3.0161721544680935,-4.325834592863304,0.5933530794925108,1.267642857945452,-4.325834592863304,3.6913637676134803,1.5374321388374161,0.5645558234417507,3.741526301781599,0.7945929175507729,-4.325834592863304,2.5375325586017174,-4.325834592863304,2.514203303250623,3.0325464033017244,4.142059875202516,-4.325834592863304,2.789092559825641,-4.325834592863304,-4.325834592863304,1.509769220697871,2.6085485353120106,-4.325834592863304,-4.325834592863304,5.286430840769854,-4.325834592863304,-4.325834592863304,-1.25442523271707,0.6540882144199891
CSM67UG8,-4.653409417754103,-4.653409417754103,4.147017968464728,6.436144241052839,3.515658336968613,0.9189013404914999,0.461162396706289,5.617634115751528,3.1771115733455666,3.386221754881989,3.384248270313708,4.479394683918976,-4.653409417754103,6.062387053468648,7.018258268706174,1.9094584081777404,7.004773961147205,7.262334485914637,3.03862567866224,5.793971795072846,2.440483938373533,-4.653409417754103,0.5900911157152322,2.7672847980791184,-0.7909415215092377,1.349410267136248,-4.653409417754103,-4.653409417754103,-4.653409417754103,-4.653409417754103,-1.7441387284103254,-4.653409417754103,-4.653409417754103,-0.24747169960331838,-4.653409417754103,-4.653409417754103,1.7754559032013857,-4.653409417754103,2.086113468591768,-4.653409417754103,3.078420057367916,1.6162672673145213,-4.653409417754103,5.04906687625704,-4.653409417754103,6.06883268352148,-0.20496832687584465,0.35928389405568417,5.719478518920165,-4.653409417754103,-4.653409417754103,7.5483712042168785,-1.4841009265924026,1.1913587327348862,0.8138223096451735,-4.653409417754103,-4.653409417754103,-4.653409417754103,2.404878262204125,-4.653409417754103,0.4803492905498441,0.10553512805936194,2.791485369323719,4.136239641914307,4.028881000672191,-4.653409417754103,3.6375202930893096,2.506895447042427,3.212999406472287,0.9398139007721955,-4.653409417754103,3.957308915730546,2.8523584066781664,3.6859559170859386,-4.653409417754103,0.4313295700206705,-4.653409417754103,-4.653409417754103,2.870112688457054,3.117957710580513,-0.2542791263224675,-4.653409417754103,6.472559118727148,-4.653409417754103,-4.653409417754103,-4.653409417754103,-0.34877067806357687
CSM79HGF,-3.8948384724298784,-3.8948384724298784,-3.8948384724298784,-3.8948384724298784,-3.8948384724298784,-3.8948384724298784,-3.8948384724298784,7.389803270541995,-3.8948384724298784,6.893681663652876,-3.8948384724298784,-3.8948384724298784,-3.8948384724298784,6.537451684495572,6.58155414971506,-3.8948384724298784,8.244993781473811,5.077307894247986,5.508189070018405,-3.8948384724298784,-3.8948384724298784,-3.8948384724298784,6.178241015956095,-3.8948384724298784,-3.8948384724298784,-3.8948384724298784,-3.8948384724298784,-3.8948384724298784,1.7095561331269344,-3.8948384724298784,3.7559044348442425,2.3440488043682066,1.753022062646009,3.3512247624974636,5.731003046702872,3.97904677357897,4.101701518348123,2.0610747286084345,2.1964118971260875,-3.8948384724298784,1.5099722298984215,2.4553845131787693,3.938451072868771,-3.8948384724298784,-3.8948384724298784,5.767750170111908,2.556769482023273,-3.8948384724298784,8.007489211408668,4.816399066329296,2.3641867737704985,7.862636349252655,2.923462276164857,4.665595007834359,-3.8948384724298784,0.917189640158238,-3.8948384724298784,-3.8948384724298784,-3.8948384724298784,3.330840266541979,-3.8948384724298784,-0.8415983975823913,-3.8948384724298784,-3.8948384724298784,7.07507393114107,6.776814699705406,-3.8948384724298784,5.570409945641339,-3.8948384724298784,2.9225021358557015,6.705430195449379,-3.8948384724298784,-3.8948384724298784,3.363351667252897,3.1849185986870028,4.841399201298509,-3.8948384724298784,2.741767102470389,4.05853985329871,2.7061830178313295,-3.8948384724298784,-3.8948384724298784,7.231950446523584,-3.8948384724298784,-3.8948384724298784,-3.8948384724298784,-3.8948384724298784
CSM79HID,-3.015011534792494,-3.015011534792494,-3.015011534792494,-3.015011534792494,-3.015011534792494,-3.015011534792494,-3.015011534792494,7.893710082306091,7.916126596566967,9.126975165375072,-3.015011534792494,-3.015011534792494,-3.015011534792494,9.783106241818551,-3.015011534792494,6.701184245498212,8.709883219725354,-3.015011534792494,6.488445716458541,-3.015011534792494,-3.015011534792494,-3.015011534792494,4.586553914430224,-3.015011534792494,-3.015011534792494,-3.015011534792494,-3.015011534792494,1.3215468926824716,2.9558789356574593,-3.015011534792494,4.026012988695284,-3.015011534792494,0.16836476739189266,2.1538976345983585,5.181388536168626,2.151019771430457,-3.015011534792494,-3.015011534792494,-3.015011534792494,6.308598010496728,-3.015011534792494,4.069092149930281,-3.015011534792494,2.01475921567053,1.6059532378796302,-3.015011534792494,-3.015011534792494,-3.015011534792494,-3.015011534792494,-3.015011534792494,-3.015011534792494,-3.015011534792494,3.1199983749862596,1.0447714965393597,2.1417545553578723,-3.015011534792494,-3.015011534792494,1.9104184565274558,5.196940304161293,5.295896991839884,-3.015011534792494,4.636890697637063,-3.015011534792494,-3.015011534792494,4.872671607835728,7.707298972494046,-3.015011534792494,8.041080970812743,-3.015011534792494,-3.015011534792494,-3.015011534792494,-3.015011534792494,5.292365344011874,-3.015011534792494,-3.015011534792494,-3.015011534792494,-3.015011534792494,4.885964267208213,6.522411577920298,6.642176682797691,-3.015011534792494,-0.143463785055566,5.950358765893082,-3.015011534792494,-3.015011534792494,-3.015011534792494,-3.015011534792494
CSM79HIF,-0.23354249820093287,-3.081396752554669,-3.081396752554669,-3.081396752554669,-3.081396752554669,-3.081396752554669,-3.081396752554669,7.6053382641525555,7.674835556177129,9.295323705855115,-3.081396752554669,-3.081396752554669,2.0383253849861926,9.657738866072576,2.01170310995424,7.0331021312990885,8.687193117849862,2.9985594542571326,5.874135830149593,-3.081396752554669,-3.081396752554669,-3.081396752554669,5.042183862177891,-3.081396752554669,-3.081396752554669,-3.081396752554669,-3.081396752554669,-3.081396752554669,3.161366563813705,-3.081396752554669,3.1137461169867473,-3.081396752554669,-3.081396752554669,1.0704297080778868,4.525539491952116,-0.34631381409724327,-3.081396752554669,-3.081396752554669,-3.081396752554669,6.232091239686485,-3.081396752554669,4.7074225521049105,-3.081396752554669,1.6649596506279263,1.9170066378356552,-3.081396752554669,-3.081396752554669,-3.081396752554669,-3.081396752554669,-3.081396752554669,-3.081396752554669,3.631982300078901,3.141292760054994,-3.081396752554669,0.9455419020789879,-3.081396752554669,-3.081396752554669,-3.081396752554669,4.001137071935314,3.897803431039393,-3.081396752554669,4.41710838707614,-3.081396752554669,-3.081396752554669,-3.081396752554669,7.494049248226755,-3.081396752554669,8.184349214538493,-3.081396752554669,-3.081396752554669,5.733863663434415,-3.081396752554669,5.636443473584495,0.3992091230921382,-3.081396752554669,-3.081396752554669,-3.081396752554669,4.325080807718436,4.598969534700769,4.681033287945802,-3.081396752554669,-3.081396752554669,5.680963017913476,-3.081396752554669,-3.081396752554669,-3.081396752554669,1.0260352699520414
CSM79HIH,-2.970109415615603,-2.970109415615603,-2.970109415615603,-2.970109415615603,-2.970109415615603,-2.970109415615603,-2.970109415615603,7.6759558981310825,8.607437217597578,9.150557989002317,-2.970109415615603,-2.970109415615603,-2.970109415615603,9.39988789805965,-2.970109415615603,7.706781946756401,9.440280395521983,0.5139900217851086,5.371108949648714,-2.970109415615603,-2.970109415615603,-2.970109415615603,4.108871882047381,-2.970109415615603,-2.970109415615603,-2.970109415615603,-2.970109415615603,2.6853477127189684,3.5651541417258965,-2.970109415615603,4.40727761141679,0.9091753480249043,2.8177280862878504,3.7763699122715346,5.021920956997283,3.859623982671967,-2.970109415615603,-2.970109415615603,-2.970109415615603,5.943508602009901,-2.970109415615603,4.168461363271257,-2.970109415615603,-2.970109415615603,2.021990502761291,-2.970109415615603,-2.970109415615603,-2.970109415615603,-2.970109415615603,-2.970109415615603,-2.970109415615603,-2.970109415615603,2.420786124056386,0.2508239792649398,2.6121392255834905,-2.970109415615603,-2.970109415615603,-2.970109415615603,5.180483743220691,2.341548715814099,-2.970109415615603,4.852309137256874,-2.970109415615603,-2.970109415615603,-2.970109415615603,7.464908985404108,-2.970109415615603,7.947498420391639,-2.970109415615603,-2.970109415615603,-2.970109415615603,-2.970109415615603,5.53660142719951,-2.970109415615603,1.560592637845497,-2.970109415615603,-2.970109415615603,3.9698886821779054,5.197743741376039,6.189357485651043,-2.970109415615603,-0.42693332346118495,5.752029110499642,-2.970109415615603,-2.970109415615603,-2.970109415615603,-2.970109415615603
CSM79HIJ,1.463309994620504,0.6634582932212041,2.2455828045505077,3.0436657619992538,2.1119686826559256,-3.637531376919018,-3.637531376919018,7.328395987676734,7.6458196777836145,8.220168094242696,-3.637531376919018,-1.927447470546202,-3.637531376919018,7.651885769734669,4.2374294295814146,6.500091139152373,9.348990868279682,1.7274270199204356,4.85858084574528,2.2162730086651354,-3.637531376919018,-3.637531376919018,2.6570186605663526,-3.637531376919018,-3.637531376919018,-3.637531376919018,-3.637531376919018,2.6047559299758927,3.7793899793405563,-3.637531376919018,4.592960402626945,1.4136590651598677,-0.544823733842037,3.5609377273983744,3.8796869539398644,3.7336558720575725,-3.637531376919018,-3.637531376919018,-3.637531376919018,6.168018139254198,-3.637531376919018,4.127317009569558,-3.637531376919018,0.4258626903462446,-3.637531376919018,-3.637531376919018,-3.637531376919018,-3.637531376919018,-3.637531376919018,3.5534589022948992,-3.637531376919018,2.631800606433849,0.7841273611045114,-3.637531376919018,2.3566775128920554,-3.637531376919018,-3.637531376919018,-3.637531376919018,4.345579495551765,2.644489125175549,-3.637531376919018,4.307964549668623,-3.637531376919018,-3.637531376919018,6.015107174297563,6.833976262705443,1.2060100401863512,7.190510945911615,-3.637531376919018,-3.637531376919018,-3.637531376919018,-3.637531376919018,3.790159957974705,-3.637531376919018,5.094866019243187,-3.637531376919018,-3.637531376919018,0.9860208773073786,3.4746850790206354,4.08784668752997,-3.637531376919018,-3.637531376919018,6.0592988114340605,-3.637531376919018,-3.637531376919018,-3.637531376919018,-3.637531376919018
CSM79HIL,-2.882090479133847,-2.882090479133847,-2.882090479133847,-2.882090479133847,-2.882090479133847,-2.882090479133847,2.4546083537652343,7.927231945925312,7.446608844298105,9.210922474208418,-2.882090479133847,-2.882090479133847,-2.882090479133847,8.101081791080595,-2.882090479133847,7.172834379841197,10.301017363793678,-2.882090479133847,4.666791525977076,-2.882090479133847,-2.882090479133847,-2.882090479133847,3.376331841897774,-2.882090479133847,-2.882090479133847,-2.882090479133847,-2.882090479133847,3.7255959471507856,4.495494671613645,-2.882090479133847,5.793894922525366,2.10479132365281,2.0196146822773375,3.20471712716074,5.388374386020471,4.3718187984856245,-2.882090479133847,-2.882090479133847,-2.882090479133847,6.719550080987577,-2.882090479133847,4.954749169128533,-2.882090479133847,2.024965562929287,-2.882090479133847,-2.882090479133847,-2.882090479133847,-2.882090479133847,-2.882090479133847,-2.882090479133847,-2.882090479133847,-2.882090479133847,2.7243072161171646,-2.882090479133847,3.373168970703456,-2.882090479133847,-2.882090479133847,-2.882090479133847,5.312660753379553,5.164648076893293,-2.882090479133847,5.139038824325416,-2.882090479133847,-2.882090479133847,-2.882090479133847,7.1336212341597705,-2.882090479133847,7.72148684701342,-2.882090479133847,-2.882090479133847,-2.882090479133847,-2.882090479133847,4.1489614607057845,-2.882090479133847,4.8405260941757255,-2.882090479133847,-2.882090479133847,1.1661138181185606,3.999625210576218,5.195203961088055,-2.882090479133847,-2.882090479133847,6.553274231888125,-2.882090479133847,-2.882090479133847,-2.882090479133847,-2.882090479133847
CSM79HIN,-3.2577638250889773,-3.2577638250889773,-3.2577638250889773,-3.2577638250889773,-3.2577638250889773,-3.2577638250889773,-3.2577638250889773,7.9523572321378975,8.142879208171754,9.439202145238372,-3.2577638250889773,-3.2577638250889773,-3.2577638250889773,7.819338887483649,-3.2577638250889773,6.466724519030791,8.561943531345955,-0.40910503294695566,4.578767823265274,-3.2577638250889773,-3.2577638250889773,-3.2577638250889773,4.2644742537399845,-3.2577638250889773,-3.2577638250889773,-3.2577638250889773,-3.2577638250889773,3.7315443899723357,4.345324127246457,-3.2577638250889773,5.727733906295844,2.1873955894906434,3.4053875342018847,3.9420968048808733,5.580754675562576,4.244550196314692,-3.2577638250889773,-3.2577638250889773,-3.2577638250889773,6.5427268261678115,-3.2577638250889773,4.758239255049808,-3.2577638250889773,-3.2577638250889773,-3.2577638250889773,-3.2577638250889773,-3.2577638250889773,-3.2577638250889773,-3.2577638250889773,-3.2577638250889773,-3.2577638250889773,-3.2577638250889773,1.5909884315406106,-3.2577638250889773,2.978727553974701,-3.2577638250889773,3.843393194660644,0.713028912282434,5.452754587528775,4.20764333160967,-3.2577638250889773,5.439258404370891,-3.2577638250889773,-3.2577638250889773,6.197812327327809,7.640913870059114,-3.2577638250889773,8.32619379640642,-3.2577638250889773,-3.2577638250889773,-3.2577638250889773,-3.2577638250889773,3.8776834876526527,-3.2577638250889773,4.611624715868618,-3.2577638250889773,-3.2577638250889773,2.7530554958546887,6.055281589159374,6.121997136694516,-3.2577638250889773,-3.2577638250889773,6.9509877648463805,-3.2577638250889773,-3.2577638250889773,-3.2577638250889773,-3.2577638250889773
CSM79HLA,-4.502920104958704,5.447704351690643,-4.502920104958704,-4.502920104958704,-4.502920104958704,3.5173908525776154,-4.502920104958704,6.910084955189383,3.413418305807646,3.8502332179852985,1.8461392550860038,-4.502920104958704,-4.502920104958704,6.453923798954104,6.893683558156628,-0.8388573141109248,6.576966599745824,7.032445687945289,0.6800097619062964,-4.502920104958704,-4.502920104958704,-4.502920104958704,4.5775111880297805,6.071097892663323,4.322421645122569,4.368674346885286,-4.502920104958704,1.3243449593176972,2.6664796121587147,-4.502920104958704,6.216755175564721,2.179160822532162,2.220153637450119,2.8622400352457413,2.9347371260093054,2.8560831877918593,4.852885528381732,-4.502920104958704,-4.502920104958704,-4.502920104958704,1.1751103189435756,4.662641517137249,-4.502920104958704,0.20544715100047206,1.5784279034026314,3.1021347286500296,3.934893619449322,-4.502920104958704,7.643709527218224,-4.502920104958704,-4.502920104958704,5.199565845906345,3.826556833386033,-4.502920104958704,2.085714295096883,-4.502920104958704,-4.502920104958704,-4.502920104958704,-4.502920104958704,1.9983041151109626,2.7430442276489604,2.768644733531781,-4.502920104958704,-4.502920104958704,6.270184571318273,3.648269423727159,6.0723370708747915,-4.502920104958704,-0.06708489790436722,-4.502920104958704,-4.502920104958704,-4.502920104958704,-4.502920104958704,4.683727081505027,-4.502920104958704,-1.9037343291924849,-4.502920104958704,-4.502920104958704,2.812183379797914,5.209873690339889,-0.7601351225930593,-4.502920104958704,6.470088660683541,-4.502920104958704,-4.502920104958704,-4.502920104958704,-4.502920104958704
CSM79HLA_TR,-4.236041496926227,5.567488617550862,-4.236041496926227,-4.236041496926227,-4.236041496926227,2.6508495402179593,-4.236041496926227,7.247476511959105,3.9656487653352723,-4.236041496926227,2.0180713237024435,-4.236041496926227,-4.236041496926227,6.676035465133955,7.617637046951145,-0.2534753125244045,7.116338118689883,7.515469544984394,-0.7803910351372707,-4.236041496926227,-4.236041496926227,-4.236041496926227,4.9564435025278595,6.1242625228859975,4.3008486847769545,4.543352985869386,-4.236041496926227,0.38958076638760275,2.2053933336043414,-4.236041496926227,6.32127678199543,1.9572792608567546,1.7955128103597113,2.8042033984211354,2.758382808546261,1.992652645262302,5.030421578277601,-4.236041496926227,-4.236041496926227,-4.236041496926227,-1.2715122818596125,4.252866945806314,-4.236041496926227,2.5790135763162656,-4.236041496926227,3.032551658851763,3.0090720647463236,-4.236041496926227,7.646923889438685,-4.236041496926227,-4.236041496926227,5.500433466622995,4.062275466038154,-4.236041496926227,1.8538725442062587,-1.593074255997017,2.839957617355066,-4.236041496926227,-4.236041496926227,1.7004688997204376,1.3335026646754464,3.188605203593072,4.690081561808548,-4.236041496926227,6.523158409188771,3.944882304912694,6.514090273164472,-4.236041496926227,-0.445089049115575,-4.236041496926227,-4.236041496926227,-4.236041496926227,-4.236041496926227,4.724786408127282,-4.236041496926227,-4.236041496926227,-4.236041496926227,-4.236041496926227,2.1477470896767086,4.324523947170467,-4.236041496926227,-4.236041496926227,6.614076375463774,-4.236041496926227,-4.236041496926227,-4.236041496926227,-4.236041496926227
CSM79HLC,-3.877639070262596,5.4986062168209555,-3.877639070262596,2.372492422996327,-3.877639070262596,-0.6664887634859848,-3.877639070262596,7.3585868023621055,3.811740555529478,4.641293011181712,3.0512746515701448,-3.877639070262596,-3.877639070262596,7.125451707535459,8.885879468031824,2.2291319438656645,7.664243049441225,7.825072219647985,1.118198519793678,-3.877639070262596,-3.877639070262596,-3.877639070262596,3.168860715901152,4.886964642699614,3.2362893203255254,4.037700343633748,-3.877639070262596,0.12965187745044737,1.2669615944557027,-3.877639070262596,5.047230832437382,1.5712123548581776,0.856424427114268,0.09973588012740109,3.5565952648631995,0.5766875222299035,1.7389117648315153,-3.877639070262596,-3.877639070262596,0.9235827675336612,-3.877639070262596,2.7379359862454065,-3.877639070262596,-3.877639070262596,0.4593271345771601,3.161869766384309,-0.06719025483642938,-3.877639070262596,7.609431617605928,-3.877639070262596,-3.877639070262596,6.272085152744038,3.9631992858638894,-3.877639070262596,-3.877639070262596,-3.877639070262596,-3.877639070262596,-3.877639070262596,-3.877639070262596,-3.877639070262596,-3.877639070262596,3.4623489206980267,1.384949993536953,-3.877639070262596,6.6946745130309235,4.228151557440543,6.200563231277849,-3.877639070262596,-0.029771512910251374,-3.877639070262596,-3.877639070262596,-3.877639070262596,2.5796353137121573,6.0553015133236965,-3.877639070262596,0.682769819497894,-3.877639070262596,2.611659876272654e-05,1.7611399971595034,3.1354147938612558,-3.877639070262596,-3.877639070262596,6.267691963767639,-3.877639070262596,-3.877639070262596,-3.877639070262596,-3.877639070262596
CSM79HLE,4.473910518092193,5.645167734609062,0.7236276602905551,-3.3179831146025336,-3.3179831146025336,0.877051193385622,-3.3179831146025336,7.663523782465925,5.312955575733595,6.444812829909489,4.726604066078324,-3.3179831146025336,-3.3179831146025336,7.540002979905212,8.577538144369132,3.3565404898008406,8.417805341938996,9.435636388575766,1.1750591090463391,-3.3179831146025336,-3.3179831146025336,-3.3179831146025336,-3.3179831146025336,5.5542372325124365,3.4474860406762655,5.417765518637947,-3.3179831146025336,-3.3179831146025336,1.5201372124553014,-3.3179831146025336,3.709305096149893,-0.5441636675087125,-0.2689978904232184,1.283609871093427,3.406648707660156,-3.3179831146025336,-3.3179831146025336,-3.3179831146025336,-3.3179831146025336,-3.3179831146025336,-3.3179831146025336,3.1885156377992834,-3.3179831146025336,-3.3179831146025336,-3.3179831146025336,0.6965185653409307,-3.3179831146025336,-3.3179831146025336,7.86358673288084,0.8678324668417474,-3.3179831146025336,5.967537402377344,4.2094714056426845,-3.3179831146025336,-3.3179831146025336,-3.3179831146025336,-3.3179831146025336,-3.3179831146025336,-3.3179831146025336,-3.3179831146025336,-3.3179831146025336,3.8303560923828694,2.5291785684389234,-3.3179831146025336,4.714648608541027,7.0261346895028876,7.557710959046203,-3.3179831146025336,-0.06514272264454846,-3.3179831146025336,-3.3179831146025336,-3.3179831146025336,-3.3179831146025336,5.137515075139982,-3.3179831146025336,-3.3179831146025336,-3.3179831146025336,0.8057455788237391,-3.3179831146025336,2.4967096703894036,-3.3179831146025336,-3.3179831146025336,6.2150397497660315,-3.3179831146025336,-3.3179831146025336,-3.3179831146025336,-3.3179831146025336
CSM79HLG,-4.176479750670982,5.49383180721772,-4.176479750670982,-4.176479750670982,-4.176479750670982,2.058399622324467,-4.176479750670982,7.013590019435673,1.1364805226101389,4.843136066653503,4.467451042620553,-4.176479750670982,-4.176479750670982,7.410213147587124,6.672581574838851,1.8236459328915053,7.551544017255466,7.9193462660785015,0.08366090106161828,-4.176479750670982,-4.176479750670982,-4.176479750670982,2.0105324272334704,5.841142996100594,4.229499976822359,4.555244603080952,-4.176479750670982,1.6080728956445007,1.5056499154489984,-4.176479750670982,6.079619453558914,0.8420844592580536,2.420102588903368,1.764322918380267,2.7647007553807654,-4.176479750670982,1.393462174912722,-4.176479750670982,-4.176479750670982,-4.176479750670982,0.7544537888474956,2.5810996087223046,-4.176479750670982,-4.176479750670982,-4.176479750670982,4.13323174027684,-4.176479750670982,-4.176479750670982,7.4069178467948875,-4.176479750670982,-4.176479750670982,6.345968279184898,1.5882194311540392,-4.176479750670982,1.0360998359681286,-4.176479750670982,1.6011846385253818,-0.7778688527934943,-4.176479750670982,0.3334284684720501,0.7790596570785091,1.7948126529996404,4.844927437426367,-4.176479750670982,6.005935746774469,5.64375724409213,7.089408323674129,-4.176479750670982,-0.4707518265933661,-4.176479750670982,-4.176479750670982,-4.176479750670982,-4.176479750670982,5.94869261134726,-4.176479750670982,-4.176479750670982,-4.176479750670982,1.9746349244608234,1.7416489882933686,3.5972466664543123,-4.176479750670982,-4.176479750670982,6.106307329074539,-4.176479750670982,-4.176479750670982,-1.448036955175855,0.5699103217598473
CSM79HLI,-3.2905945500806997,5.873410490396765,-3.2905945500806997,-3.2905945500806997,-3.2905945500806997,-3.2905945500806997,-3.2905945500806997,7.711297874936728,6.53956826985515,5.427230406053404,4.226295967203091,-3.2905945500806997,-3.2905945500806997,7.305885336793246,9.564147762629606,1.7808290924767718,8.07473838204166,8.830999816627317,1.4693456541536118,-3.2905945500806997,-3.2905945500806997,-3.2905945500806997,2.484549622006867,4.634665289570764,2.888027844103446,4.933119735831462,-3.2905945500806997,-3.2905945500806997,-3.2905945500806997,-3.2905945500806997,5.917862811692399,2.5261214889664334,2.353043453569807,-0.13992471824209396,2.0985028973065436,-3.2905945500806997,1.9326172572108256,-3.2905945500806997,-3.2905945500806997,-3.2905945500806997,-3.2905945500806997,0.5859041980065118,-3.2905945500806997,2.612530046460612,-3.2905945500806997,2.3158698959507777,-3.2905945500806997,-3.2905945500806997,7.994836218040499,-3.2905945500806997,-3.2905945500806997,6.879187131724523,2.653755573008345,-3.2905945500806997,-3.2905945500806997,-3.2905945500806997,-3.2905945500806997,-3.2905945500806997,-3.2905945500806997,1.2887358557849016,-3.2905945500806997,3.2050687191388834,1.4454570105468836,-3.2905945500806997,5.927712421643021,6.6121454103445,7.022901254911805,-3.2905945500806997,0.9765977384440738,-3.2905945500806997,-3.2905945500806997,-3.2905945500806997,-3.2905945500806997,5.699704008834606,-3.2905945500806997,0.5901254132527622,-3.2905945500806997,-3.2905945500806997,0.7760217764231321,3.4846348655513104,-3.2905945500806997,-3.2905945500806997,6.089665495408034,-3.2905945500806997,-3.2905945500806997,-3.2905945500806997,-3.2905945500806997
CSM79HLK,-3.682337788808365,5.974004878489444,-3.682337788808365,-3.682337788808365,-3.682337788808365,-3.682337788808365,2.8672267657327124,7.827112916168119,3.379977569112876,4.932769125650815,4.38555673951217,-3.682337788808365,-3.682337788808365,8.031004840061684,8.639530883634574,2.026176296369691,7.995333599999389,8.167772605236728,1.8129107033345502,-3.682337788808365,-3.682337788808365,-3.682337788808365,2.306685593232344,5.641913994226919,3.2892241092314913,4.916110228454594,-3.682337788808365,-3.682337788808365,-3.682337788808365,-3.682337788808365,0.7494118332329265,-3.682337788808365,1.7965123862115977,1.3476947656264109,2.5738052803779583,1.982089686406752,3.393461098783045,-3.682337788808365,-3.682337788808365,-3.682337788808365,2.2806420928640385,2.6152206776111226,2.402022472122459,2.2189530905132715,-3.682337788808365,2.53466130954285,0.3510760360667238,-3.682337788808365,7.45114676251559,-3.682337788808365,-3.682337788808365,6.3954023484552875,3.6862416949193264,-3.682337788808365,-3.682337788808365,-3.682337788808365,-3.682337788808365,-3.682337788808365,-3.682337788808365,-3.682337788808365,-3.682337788808365,2.628591732433522,5.126491099006024,-3.682337788808365,6.143740292312081,5.891620298751795,6.942159836342391,-3.682337788808365,-0.11765525706225155,-3.682337788808365,-3.682337788808365,-3.682337788808365,-3.682337788808365,5.469129568437023,-3.682337788808365,-3.682337788808365,-3.682337788808365,1.4057438976883674,0.5539208608467483,4.797296297300337,-3.682337788808365,-3.682337788808365,6.644402511482972,-3.682337788808365,-3.682337788808365,-3.682337788808365,-3.682337788808365
CSM79HLM,-3.723927994437071,2.3502852615142844,5.935345605659909,8.062248710135554,-3.723927994437071,-3.723927994437071,-3.723927994437071,7.46320767791779,-3.723927994437071,7.882633904307726,-3.723927994437071,4.8588801713029035,-3.723927994437071,8.195994871686269,-3.723927994437071,5.193727232540113,8.985185280668862,0.14073333433289292,5.2204140857596455,-3.723927994437071,-3.723927994437071,-3.723927994437071,1.8785693664252054,3.4601395580648635,1.8793813573885103,3.066840360293698,-3.723927994437071,2.418837400755745,0.494808347167238,-3.723927994437071,1.2182168601440484,-3.723927994437071,2.5965704574719073,-3.723927994437071,3.109961546815806,-0.3426384065756647,-3.723927994437071,-3.723927994437071,4.035615560413446,-3.723927994437071,3.3300873780175984,4.430500305156458,-3.723927994437071,-3.723927994437071,-3.723927994437071,-3.723927994437071,4.02745497676376,-3.723927994437071,4.027881161932573,6.245601117396459,-3.723927994437071,7.224172813868282,-0.22947624408621436,-3.723927994437071,2.251829854315207,-3.723927994437071,-3.723927994437071,2.408849402467813,-3.723927994437071,1.1999708095551647,-3.723927994437071,3.4883056049539363,-3.723927994437071,4.702148491413379,5.212596935386708,5.669030031937225,-3.723927994437071,4.424945719577845,3.7272712173172673,-3.723927994437071,-3.723927994437071,-3.723927994437071,-3.723927994437071,-3.723927994437071,2.1537777749777263,-3.723927994437071,5.4270848143631785,4.511543019591892,3.992904951540421,3.5954017975207133,-3.723927994437071,-3.723927994437071,6.391571833567825,-3.723927994437071,-3.723927994437071,-3.723927994437071,-3.723927994437071
CSM79HM1,2.3091106463744806,5.054053864399814,-1.4347592311956632,-4.829608268537783,5.417903470822287,2.2023151227279207,-4.829608268537783,-4.829608268537783,-4.829608268537783,4.056259739191943,-4.829608268537783,5.127977973251669,-4.829608268537783,6.494714817502032,7.629002707169924,5.587397983982045,7.160408696101837,5.553080688462746,5.3940223481136,-4.829608268537783,5.547388062063302,-4.829608268537783,-4.829608268537783,-4.829608268537783,-4.829608268537783,1.2904601249889405,-4.829608268537783,-4.829608268537783,-4.829608268537783,-0.02045477635996029,-4.829608268537783,-4.829608268537783,-4.829608268537783,-1.7861887571985733,-4.829608268537783,1.5143587021668612,2.410576374881056,-4.829608268537783,2.0093593199192004,2.991283552504381,2.3309831810299917,3.8364490698423763,-4.829608268537783,2.3185584955661716,-4.829608268537783,6.0218290108762,1.9688063494909986,1.0815807953974597,4.659895975710394,-4.829608268537783,-4.829608268537783,6.42440712135366,-4.829608268537783,4.28679251530967,-2.4900271089045525,0.24556197684672654,2.9231408338771177,2.192424034379865,3.8004685271424945,1.5908799011905375,0.879056108202974,-1.5055907987760495,4.629928797641894,-4.829608268537783,3.186263358162047,-4.829608268537783,-4.829608268537783,-4.829608268537783,1.5862234274085694,-4.829608268537783,-4.829608268537783,0.019730527169578238,4.283847329119206,-4.829608268537783,1.9522981663351509,-4.829608268537783,0.8663538293942175,3.703433985697963,4.853128785588336,4.030187464095404,3.8930617003191266,2.286418000713228,4.937363891576587,3.593844733345298,3.630420926545783,3.322548480548047,4.9647598431965125
CSM79HM7,0.9293518482414882,4.8600919285793625,-4.447408524096572,-4.447408524096572,5.551381039302281,2.83605344216969,0.7744336783439678,-4.447408524096572,-4.447408524096572,-4.447408524096572,-4.447408524096572,4.791069606137063,-4.447408524096572,6.100006642684224,7.509695377114852,5.0408376709487825,4.904092149617766,4.812410883447858,6.297860895672015,-4.447408524096572,6.264341272938893,-4.447408524096572,0.061352136687798264,-4.447408524096572,-4.447408524096572,0.892813701619211,-4.447408524096572,-4.447408524096572,-4.447408524096572,2.7747385660534922,-1.4426435559321469,-4.447408524096572,-4.447408524096572,0.16340823794194925,1.4732442240559118,0.7538769647690735,4.10242924949104,-4.447408524096572,2.8628018053608653,3.9845952894390795,1.7109776094234261,2.779987489934155,-4.447408524096572,2.154566533442659,2.1527584923549288,6.462719420058999,2.2880975662909435,-0.22347729042325248,2.5716543472532685,-4.447408524096572,-4.447408524096572,7.438163141664608,-4.447408524096572,2.7426529421406247,-4.447408524096572,-4.447408524096572,3.722006571229681,-4.447408524096572,1.0882492618490538,0.9812851385871912,2.008462527882404,0.4474954205826762,-4.447408524096572,-4.447408524096572,4.398771453481941,-4.447408524096572,-4.447408524096572,-4.447408524096572,0.8783557664736197,-4.447408524096572,-4.447408524096572,5.969143003935216,8.202220499182179,2.17232151839353,-4.447408524096572,-4.447408524096572,-4.447408524096572,0.5363709270453683,4.502931148079544,4.966124271905511,3.713112863371923,2.7398063272267077,4.861620027507286,2.802130933652581,2.3737577189445735,2.397886880339529,3.1220584505943254
CSM79HMN,-4.2474865171865765,-4.2474865171865765,4.862522208343287,7.340876191740488,4.70707897262813,3.76864937015674,-4.2474865171865765,6.129602710498224,3.6842147576807935,3.5965881672915874,3.7880315208060615,6.05798016179917,-4.2474865171865765,5.830765084832044,7.519749292903564,2.150114620762375,6.550483520511365,7.603149781375035,1.895764006279662,7.052878527379198,2.1090234929039715,-4.2474865171865765,-4.2474865171865765,2.998059515807048,-4.2474865171865765,0.0031998898265825915,-4.2474865171865765,-4.2474865171865765,-4.2474865171865765,-4.2474865171865765,-4.2474865171865765,-4.2474865171865765,-4.2474865171865765,-4.2474865171865765,-4.2474865171865765,-4.2474865171865765,0.8773053555033954,-4.2474865171865765,1.5694122219640771,-4.2474865171865765,4.628993208372457,2.5982700389433644,-4.2474865171865765,3.9483781955984547,-4.2474865171865765,5.653865107897743,1.4304836491191644,-0.19242748841155333,5.87642711227446,-4.2474865171865765,-4.2474865171865765,8.016624869940422,1.7322267051808744,-4.2474865171865765,0.6703440104166383,-4.2474865171865765,-4.2474865171865765,-4.2474865171865765,3.223717051425421,-4.2474865171865765,2.104876632399737,1.100032911039298,1.7558003957108541,4.790268253426381,4.922563560881047,-4.2474865171865765,3.86795483753781,-4.2474865171865765,3.093417310763834,2.9912320815696383,-4.2474865171865765,2.6480963414099223,0.25700875403520307,5.804255630527563,-4.2474865171865765,2.8313459455241308,-4.2474865171865765,-4.2474865171865765,2.2049110543735413,3.8728025913647457,-4.2474865171865765,-4.2474865171865765,6.502554775075291,-4.2474865171865765,-4.2474865171865765,-4.2474865171865765,0.8216333069886179
CSM79HMP,-4.990322827581233,-4.990322827581233,4.709514300686921,6.20437490047942,3.0632323403554818,2.43327993563714,1.7344883326295442,4.973903357032771,3.880116734855682,4.897611215944384,3.7836251591343704,2.95923255528841,-4.990322827581233,5.300754017983378,7.0110778443409405,2.3225760541887652,4.942007555353314,7.057725215374488,2.1999095340526056,5.293025529326107,3.5904557341158494,-4.990322827581233,-4.990322827581233,2.265824954581978,-0.599373331467504,1.2434200150950812,-4.990322827581233,0.9403602977914147,-4.990322827581233,-0.8659248083693463,0.5362226414953266,-4.990322827581233,-4.990322827581233,-1.0574217934251173,-4.990322827581233,-4.990322827581233,0.6786696775278394,-0.22433476578527767,2.0272831144715378,-4.990322827581233,4.096283588784146,3.4744695539966948,-4.990322827581233,2.520910038287483,2.032873404956714,5.44667419630327,2.2811635119101616,-0.11421369593438868,5.9155137798826605,-4.990322827581233,-4.990322827581233,6.448074639041919,1.6038868616668704,-4.990322827581233,1.26166733785095,-4.990322827581233,-4.990322827581233,-4.990322827581233,3.109101322006355,-4.990322827581233,0.3792729298267137,1.496191888878907,3.510397859502529,4.048848140871037,4.433174862197439,-4.990322827581233,3.2252226412445912,-4.990322827581233,3.199387012617497,2.4689515854152457,-4.990322827581233,4.201993331770822,3.833861483604694,5.224511043302338,-4.990322827581233,1.9375181158593273,-4.990322827581233,-4.990322827581233,3.6439715665266004,2.8462192392603898,-4.990322827581233,-4.990322827581233,6.761210335582918,-4.990322827581233,-4.990322827581233,-4.990322827581233,-0.2906091176397201
CSM79HMT,-4.312391286757258,-4.312391286757258,5.4724806038395215,6.874437413068041,4.183899049192523,2.1178722158229313,-4.312391286757258,6.0847677053720535,3.3179131708611935,3.3016189200229693,3.812913337711888,4.154665798940918,-4.312391286757258,6.337855436259305,8.079833204103174,1.5232083646778625,7.136853310893626,7.675427653127809,3.311506923303365,6.364516745448913,3.8029080929143584,-4.312391286757258,-0.047093167609812525,2.591416410220061,-1.9904743692181448,-2.15113189017325,-4.312391286757258,0.7451402337058646,-4.312391286757258,-4.312391286757258,0.937213322233081,-4.312391286757258,-4.312391286757258,-4.312391286757258,-4.312391286757258,-4.312391286757258,1.5383954980626164,-4.312391286757258,1.5296488652735647,-4.312391286757258,3.4586898981636205,2.809837421836746,-4.312391286757258,2.568007188580226,-4.312391286757258,5.662716317168898,0.9970975579013999,0.9292382672253972,5.5455037123982205,-4.312391286757258,-4.312391286757258,7.181606810578122,0.11968632704120097,-4.312391286757258,-0.38415980761399027,-4.312391286757258,-4.312391286757258,-4.312391286757258,3.3046013275153037,-4.312391286757258,1.1132427962964542,1.8591371771504228,0.8377144408465202,3.8814063839915773,4.853565465913903,-4.312391286757258,3.721085223820002,-4.312391286757258,2.168362204519867,2.3767842498836274,-4.312391286757258,4.1248043741112514,4.140020419241901,4.8315445367666126,-4.312391286757258,1.0051224024639005,-4.312391286757258,-4.312391286757258,2.960162112437348,2.8527664468310814,-4.312391286757258,-4.312391286757258,6.999646642121258,-4.312391286757258,-4.312391286757258,-4.312391286757258,-4.312391286757258
CSM79HNE,-2.0651032292398046,-2.0651032292398046,-2.0651032292398046,8.940577667989016,-2.0651032292398046,-2.0651032292398046,-2.0651032292398046,-2.0651032292398046,-2.0651032292398046,-2.0651032292398046,-2.0651032292398046,9.369514022800328,-2.0651032292398046,7.7994035958588865,-2.0651032292398046,-2.0651032292398046,-0.09095572251742823,0.4999173927226348,-2.0651032292398046,-2.0651032292398046,4.914026062716924,-2.0651032292398046,3.189339049415258,-2.0651032292398046,-2.0651032292398046,-2.0651032292398046,-2.0651032292398046,-2.0651032292398046,-2.0651032292398046,-2.0651032292398046,-2.0651032292398046,-2.0651032292398046,-2.0651032292398046,-2.0651032292398046,-2.0651032292398046,-2.0651032292398046,-2.0651032292398046,3.840608053946113,-2.0651032292398046,5.2222609259852355,2.1574174066242353,2.1574174066242353,-2.0651032292398046,-2.0651032292398046,-2.0651032292398046,5.321320851317271,-2.0651032292398046,-2.0651032292398046,8.224230598782484,-2.0651032292398046,-2.0651032292398046,8.917605530437147,1.4988547507082899,-2.0651032292398046,-2.0651032292398046,-2.0651032292398046,-2.0651032292398046,-2.0651032292398046,0.5596369716848812,-2.0651032292398046,-2.0651032292398046,0.07503105484235384,6.043567125120135,-2.0651032292398046,4.946818891678432,-2.0651032292398046,-2.0651032292398046,1.8957856728605744,-2.0651032292398046,5.934182618273819,-2.0651032292398046,5.1017031014511485,11.410245208405598,6.358559518236222,-2.0651032292398046,-2.0651032292398046,-2.0651032292398046,3.204376932799857,0.25735412537440006,6.085268687913357,-2.0651032292398046,1.658252989835498,6.674286179459865,-2.0651032292398046,-2.0651032292398046,-2.0651032292398046,-2.0651032292398046
CSM79HNI,8.02050512493073,-3.4367311161393292,-3.4367311161393292,9.13884228988905,-3.4367311161393292,-3.4367311161393292,1.5276673581959113,-3.4367311161393292,-3.4367311161393292,-3.4367311161393292,-3.4367311161393292,8.999359561348774,-3.4367311161393292,6.572301039452543,-3.4367311161393292,-3.4367311161393292,-3.4367311161393292,-3.4367311161393292,-3.4367311161393292,-3.4367311161393292,2.5617672947831274,-3.4367311161393292,2.568238291522537,-3.4367311161393292,-3.4367311161393292,2.1476432303463824,-3.4367311161393292,1.1333559234439416,3.0987702936461963,0.05932017629691799,2.2306184863719274,1.1600805819545439,0.04704790690374949,-3.4367311161393292,2.4442633183791713,1.1701720737662082,-3.4367311161393292,3.2142814478484496,-3.4367311161393292,5.574288162711163,-3.4367311161393292,2.083682370769395,0.6397039837347371,-3.4367311161393292,-3.4367311161393292,6.656550433637587,-3.4367311161393292,-3.4367311161393292,8.418637040257417,-3.4367311161393292,-3.4367311161393292,7.762594924266867,4.123190204457524,4.456086604341263,2.03372238902044,-0.3724964675408895,-3.4367311161393292,-3.4367311161393292,3.5907715755833385,-0.6340033405270145,-3.4367311161393292,3.1773306591943706,4.59137260057618,-3.4367311161393292,5.858265193751536,-3.4367311161393292,-3.4367311161393292,0.6566265169901424,-0.9548796594550684,-3.4367311161393292,-3.4367311161393292,5.670195324126932,6.602187816667577,4.79304224304093,-3.4367311161393292,-0.8511533533294262,6.3426856554169255,3.401770137779927,1.8978864950794332,5.098544253989944,1.0831554187088788,1.5935681481878596,5.855034620067875,-3.4367311161393292,-3.4367311161393292,-3.4367311161393292,2.358092585419868
CSM79HNK,7.602312211410756,-2.7152967934755914,-2.7152967934755914,9.806126132804039,-2.7152967934755914,-2.7152967934755914,-2.7152967934755914,-2.7152967934755914,-2.7152967934755914,-2.7152967934755914,-2.7152967934755914,10.062166156936744,-2.7152967934755914,8.084227607580676,-2.7152967934755914,-2.7152967934755914,-2.7152967934755914,-2.7152967934755914,-2.7152967934755914,-2.7152967934755914,3.407434254496387,-2.7152967934755914,3.913903931615331,-2.7152967934755914,-2.7152967934755914,2.303531044905739,-2.7152967934755914,-2.7152967934755914,2.7325610497713306,0.9924513537959481,1.6339353318586252,-2.7152967934755914,-2.7152967934755914,-2.7152967934755914,2.0569329486803998,-0.21243016748936583,-2.7152967934755914,4.2614870586549,-2.7152967934755914,5.95910685376033,-2.7152967934755914,-2.7152967934755914,-2.7152967934755914,-2.7152967934755914,-2.7152967934755914,6.245341547812934,-2.7152967934755914,-2.7152967934755914,8.928283544683968,-2.7152967934755914,-2.7152967934755914,8.72045864633116,3.9701210185039617,4.120045602200297,1.110511612790118,2.231457926214624,-2.7152967934755914,-2.7152967934755914,2.8526898490584536,-2.7152967934755914,-2.7152967934755914,3.226165481539506,4.867572535888593,-2.7152967934755914,5.3236749529531515,-2.7152967934755914,-2.7152967934755914,1.1698530113630472,-2.7152967934755914,-2.7152967934755914,-2.7152967934755914,5.169217155591146,7.454970729404659,6.143164336799584,-2.7152967934755914,-2.7152967934755914,6.769578754145286,4.016442089605189,1.4909308988869103,4.738953049512615,-2.7152967934755914,-2.7152967934755914,6.506294609803569,-2.7152967934755914,-2.7152967934755914,-2.7152967934755914,-0.17225910028692049
CSM79HNM,7.724980271395307,-3.0966930719188817,-3.0966930719188817,9.231469578209776,-3.0966930719188817,-3.0966930719188817,-3.0966930719188817,-1.3501574416467896,-3.0966930719188817,-3.0966930719188817,-3.0966930719188817,9.843569021418494,-3.0966930719188817,7.29113268923832,-3.0966930719188817,-3.0966930719188817,-3.0966930719188817,-1.1883239499764695,-3.0966930719188817,-3.0966930719188817,2.8006281160964415,-3.0966930719188817,3.3168706177267095,-3.0966930719188817,-3.0966930719188817,2.964850386170837,0.521382827128642,1.1746472678100623,2.8844539804753344,0.10494573211673064,2.126645352102491,0.33793972176025733,1.3787832959600514,-3.0966930719188817,3.991188274641063,-3.0966930719188817,-3.0966930719188817,2.9811528419560718,-3.0966930719188817,6.984230531656691,-3.0966930719188817,-3.0966930719188817,1.809939627671822,0.3792907010839013,-3.0966930719188817,3.87422443042026,-3.0966930719188817,-3.0966930719188817,8.36493440287802,-3.0966930719188817,-3.0966930719188817,7.736236332050577,5.07029306271739,4.440119244036807,4.705689061717161,4.433654027085552,-3.0966930719188817,-3.0966930719188817,2.703349349858591,-3.0966930719188817,-3.0966930719188817,4.288729798032335,-3.0966930719188817,-3.0966930719188817,6.279953335135622,-3.0966930719188817,-3.0966930719188817,2.1810574984898388,0.9640583361759223,-3.0966930719188817,-3.0966930719188817,6.165851764035622,7.11822477984026,6.670903139362582,-3.0966930719188817,-0.040411352679726065,4.935130021692932,2.7728518779981126,-1.442088793029022,4.904381816377413,-3.0966930719188817,-3.0966930719188817,6.494585092670014,-3.0966930719188817,-3.0966930719188817,-3.0966930719188817,-3.0966930719188817
CSM79HO1,6.859508745687537,-3.101599211110793,5.851737586735839,7.392858689343585,-3.101599211110793,-3.101599211110793,-3.101599211110793,-3.101599211110793,7.539521807002124,-3.101599211110793,8.47108455766053,5.198615131451266,-3.101599211110793,-3.101599211110793,9.459979395629782,6.698169999953076,8.44459044175412,-3.101599211110793,-3.101599211110793,-3.101599211110793,-3.101599211110793,-3.101599211110793,-3.101599211110793,3.920778793117126,1.2178176724954106,4.016698245944898,0.6842065862835245,2.8794084584329314,4.421763629270096,-3.101599211110793,5.9380514764604,-3.101599211110793,6.33443750334405,-3.101599211110793,1.8480912212491774,2.3495783918794793,-3.101599211110793,-3.101599211110793,-3.101599211110793,-3.101599211110793,-3.101599211110793,-3.101599211110793,0.9011595146592057,8.130555119905319,4.796636645060133,-3.101599211110793,2.8616728076240294,1.7885464397817348,-3.101599211110793,4.671891286027848,-3.101599211110793,-3.101599211110793,3.652706863951243,-3.101599211110793,-3.101599211110793,-3.101599211110793,-3.101599211110793,-3.101599211110793,-3.101599211110793,-3.101599211110793,-3.101599211110793,1.5081565132299364,-3.101599211110793,-3.101599211110793,5.901428353336674,5.587464911522867,8.5318719533152,8.642678889770666,1.2033441280597028,-3.101599211110793,-3.101599211110793,-3.101599211110793,-3.101599211110793,-3.101599211110793,-3.101599211110793,-3.101599211110793,-3.101599211110793,2.7463677387636682,-3.101599211110793,3.6882932360620817,-3.101599211110793,-3.101599211110793,6.415879670272853,-3.101599211110793,-3.101599211110793,-3.101599211110793,-3.101599211110793
CSM79HPK,-2.757803427644008,-2.757803427644008,-2.757803427644008,-2.757803427644008,-2.757803427644008,-2.757803427644008,-2.757803427644008,3.2334407061980723,-2.757803427644008,5.765327361844224,-2.757803427644008,-2.757803427644008,-2.757803427644008,3.964698457763004,3.998896806097034,-2.757803427644008,5.023524125676511,6.810659741628257,-2.757803427644008,-2.757803427644008,-2.757803427644008,-2.757803427644008,4.734264735697815,-2.757803427644008,-2.757803427644008,-2.757803427644008,-2.757803427644008,-2.757803427644008,-2.757803427644008,3.5375461931095966,0.3696736801166267,-2.757803427644008,-2.757803427644008,-2.757803427644008,3.656018410560603,-2.757803427644008,4.198467350435659,4.124960051015181,2.061074047738357,-2.757803427644008,3.8894705999808137,4.462512820413634,-2.757803427644008,-2.757803427644008,-2.757803427644008,6.046726654735642,4.215059396128648,2.2983586633610713,8.597952837027604,-2.757803427644008,-2.757803427644008,7.493486589911136,-2.757803427644008,3.8326881728035573,-2.757803427644008,-2.757803427644008,-2.757803427644008,-2.757803427644008,-2.757803427644008,-2.757803427644008,5.106588136739055,-2.757803427644008,5.992150232337706,-2.757803427644008,4.327374625766323,5.330316816228828,-2.757803427644008,3.1117689352788034,-2.757803427644008,-2.757803427644008,10.837456596195906,-2.757803427644008,6.313882141571416,6.659494954911037,-2.757803427644008,4.513462243188517,-2.757803427644008,3.636341504307943,4.350401165254969,5.733308703726838,-2.757803427644008,-2.757803427644008,4.483048773245096,-2.757803427644008,-2.757803427644008,-2.757803427644008,-2.757803427644008
CSM79HPO,-1.7043319684828742,-1.7043319684828742,-1.7043319684828742,4.974359997490489,-1.7043319684828742,-1.7043319684828742,-1.7043319684828742,9.74130964326421,-1.7043319684828742,7.388308221687178,-1.7043319684828742,11.407180506624636,-1.7043319684828742,9.776316719200238,8.705272702877751,-1.7043319684828742,9.767007861435115,8.250704473262068,-1.7043319684828742,-1.7043319684828742,-1.7043319684828742,-1.7043319684828742,-1.7043319684828742,-1.7043319684828742,-1.7043319684828742,-1.7043319684828742,-1.7043319684828742,-1.7043319684828742,-1.7043319684828742,-1.7043319684828742,-1.7043319684828742,-1.7043319684828742,-1.7043319684828742,-1.7043319684828742,-1.7043319684828742,-1.7043319684828742,-1.7043319684828742,-1.7043319684828742,-1.7043319684828742,-1.7043319684828742,-1.7043319684828742,-1.7043319684828742,-1.7043319684828742,8.207738532573044,8.53016479694144,-1.7043319684828742,-1.7043319684828742,-1.7043319684828742,9.082152716424286,-1.7043319684828742,-1.7043319684828742,6.362146778149139,-1.7043319684828742,8.792490972149922,-1.7043319684828742,-1.7043319684828742,-1.7043319684828742,-1.7043319684828742,-1.7043319684828742,-1.7043319684828742,-1.7043319684828742,-1.7043319684828742,-1.7043319684828742,-1.7043319684828742,-1.7043319684828742,7.837606274469085,-1.7043319684828742,-1.7043319684828742,-1.7043319684828742,-1.7043319684828742,6.013222706692771,-1.7043319684828742,-1.7043319684828742,-1.7043319684828742,-1.7043319684828742,-1.7043319684828742,-1.7043319684828742,-1.7043319684828742,-1.7043319684828742,-1.7043319684828742,-1.7043319684828742,-1.7043319684828742,6.397578669937887,-1.7043319684828742,-1.7043319684828742,-1.7043319684828742,-1.7043319684828742
CSM79HPS,-3.27163329216822,-3.27163329216822,-3.27163329216822,-3.27163329216822,-3.27163329216822,-3.27163329216822,-3.27163329216822,6.069575873052181,-3.27163329216822,6.955309232128357,-3.27163329216822,5.218805354046742,-3.27163329216822,6.622722976881548,6.4607626388140975,-3.27163329216822,8.097318229506284,5.344825201484592,5.25110517019362,-3.27163329216822,-3.27163329216822,-3.27163329216822,5.009019028108261,-3.27163329216822,-3.27163329216822,-3.27163329216822,-3.27163329216822,-3.27163329216822,1.8481358285896086,-3.27163329216822,2.912924154354659,1.738622668378916,-3.27163329216822,-3.27163329216822,4.238719149811543,2.3437274792023235,1.607562453240698,-1.0185411618069793,1.577988906948864,-3.27163329216822,0.673376718157872,0.6998067766642624,3.839597532285545,3.935362510938698,3.2148008511267827,5.041607481724171,-3.27163329216822,-3.27163329216822,7.878031374670131,5.922769926173841,-3.27163329216822,7.147829443860697,0.4758567329558012,3.989365784724808,-3.27163329216822,-3.27163329216822,-3.27163329216822,-3.27163329216822,-3.27163329216822,-3.27163329216822,-3.27163329216822,-3.27163329216822,-3.27163329216822,-3.27163329216822,7.053787683373797,6.673488761961256,-3.27163329216822,6.24214155852201,-3.27163329216822,-3.27163329216822,10.044040336688381,2.582916513969135,4.153927217796639,3.8958367416893314,3.255964204212731,3.5901029090712155,-3.27163329216822,-3.27163329216822,2.3308512265065975,4.129591981125504,-3.27163329216822,-3.27163329216822,6.34692703377981,-3.27163329216822,-3.27163329216822,-3.27163329216822,-3.27163329216822
CSM79HPU,-0.8896228062609541,-0.8896228062609541,-0.8896228062609541,-0.8896228062609541,-0.8896228062609541,-0.8896228062609541,-0.8896228062609541,-0.8896228062609541,-0.8896228062609541,-0.8896228062609541,-0.8896228062609541,11.333599728742783,-0.8896228062609541,10.415231930115537,-0.8896228062609541,-0.8896228062609541,10.830689254017239,10.905563234253965,-0.8896228062609541,-0.8896228062609541,-0.8896228062609541,-0.8896228062609541,-0.8896228062609541,-0.8896228062609541,-0.8896228062609541,-0.8896228062609541,-0.8896228062609541,-0.8896228062609541,-0.8896228062609541,-0.8896228062609541,-0.8896228062609541,-0.8896228062609541,-0.8896228062609541,-0.8896228062609541,-0.8896228062609541,-0.8896228062609541,-0.8896228062609541,-0.8896228062609541,-0.8896228062609541,-0.8896228062609541,-0.8896228062609541,-0.8896228062609541,-0.8896228062609541,-0.8896228062609541,10.95542311128167,-0.8896228062609541,-0.8896228062609541,-0.8896228062609541,10.68168309039918,-0.8896228062609541,-0.8896228062609541,-0.8896228062609541,-0.8896228062609541,-0.8896228062609541,-0.8896228062609541,-0.8896228062609541,-0.8896228062609541,-0.8896228062609541,-0.8896228062609541,-0.8896228062609541,-0.8896228062609541,-0.8896228062609541,-0.8896228062609541,-0.8896228062609541,-0.8896228062609541,-0.8896228062609541,-0.8896228062609541,-0.8896228062609541,-0.8896228062609541,-0.8896228062609541,11.385370989628848,-0.8896228062609541,-0.8896228062609541,-0.8896228062609541,-0.8896228062609541,-0.8896228062609541,-0.8896228062609541,-0.8896228062609541,-0.8896228062609541,-0.8896228062609541,-0.8896228062609541,-0.8896228062609541,-0.8896228062609541,-0.8896228062609541,-0.8896228062609541,-0.8896228062609541,-0.8896228062609541
CSM7KOJQ,-2.9684510931087704,-2.9684510931087704,-2.9684510931087704,-2.9684510931087704,-2.9684510931087704,-2.9684510931087704,-2.9684510931087704,7.8893749037952645,7.771687198747565,9.512184920456406,-2.9684510931087704,-0.17708432841064514,-2.9684510931087704,7.942430980652071,-2.9684510931087704,6.917382315932233,9.81587633251049,-2.9684510931087704,4.547763019948067,-2.9684510931087704,-2.9684510931087704,-2.9684510931087704,2.783384968414481,-2.9684510931087704,-2.9684510931087704,-2.9684510931087704,-2.9684510931087704,3.1756845484341776,4.154872134176754,-2.9684510931087704,5.750018751974648,0.6847873896714454,2.620062710190881,3.8820257702372727,4.392212968619665,4.131899462087779,-2.9684510931087704,-2.9684510931087704,-2.9684510931087704,7.113804604090123,-2.9684510931087704,5.318229511507553,-2.9684510931087704,-2.9684510931087704,-2.9684510931087704,-2.9684510931087704,-2.9684510931087704,-2.9684510931087704,-2.9684510931087704,-2.9684510931087704,-2.9684510931087704,-2.9684510931087704,0.954676584023396,-2.9684510931087704,2.945604395909025,-2.9684510931087704,-2.9684510931087704,0.890521145742218,5.647280591035085,3.6655105222370006,-2.9684510931087704,5.117697016838181,-2.9684510931087704,-2.9684510931087704,4.98257745386137,7.821009145369599,-2.9684510931087704,8.161970866030975,-2.9684510931087704,-2.9684510931087704,-2.9684510931087704,-2.9684510931087704,5.5463487243679275,-2.9684510931087704,4.617777998792321,-2.9684510931087704,-2.9684510931087704,3.344581696614733,5.723108526914616,6.200107428920965,-2.9684510931087704,-2.9684510931087704,6.510995815181733,-2.9684510931087704,-2.9684510931087704,-2.9684510931087704,-2.9684510931087704
CSM7KOJS,-2.8322829465981325,-2.8322829465981325,-2.8322829465981325,-2.8322829465981325,-2.8322829465981325,-2.8322829465981325,-2.8322829465981325,6.889142231581482,8.088019548486349,8.850282121062367,-2.8322829465981325,-2.8322829465981325,-2.8322829465981325,8.882714870217034,-2.8322829465981325,6.200232418523492,10.22201728295734,-2.8322829465981325,5.618429204808074,-2.8322829465981325,-2.8322829465981325,-2.8322829465981325,3.828896737223058,-2.8322829465981325,-2.8322829465981325,-2.8322829465981325,-2.8322829465981325,2.501669210077642,3.401440298534446,-2.8322829465981325,5.2627236310071055,1.0832436339380074,2.8500695208262297,3.100512626041594,4.398521135183803,3.211431091880791,-2.8322829465981325,-2.8322829465981325,-2.8322829465981325,7.2575800575837075,-2.8322829465981325,5.0768552387324615,-2.8322829465981325,-2.8322829465981325,-2.8322829465981325,-2.8322829465981325,-2.8322829465981325,-2.8322829465981325,5.106842990863738,-2.8322829465981325,-2.8322829465981325,-2.8322829465981325,-2.8322829465981325,0.5842977116486505,0.30422715146080215,-2.8322829465981325,-2.8322829465981325,-2.8322829465981325,4.456985308693552,3.2121466649792128,-2.8322829465981325,4.1092833910071205,-2.8322829465981325,-2.8322829465981325,5.485861390479391,8.087470084871242,-2.8322829465981325,8.528402259770017,-2.8322829465981325,-2.8322829465981325,-2.8322829465981325,-2.8322829465981325,5.050995384449103,-2.8322829465981325,2.6489378258789973,-2.8322829465981325,-2.8322829465981325,3.2433666043175977,5.765968424927835,5.582652062489836,-2.8322829465981325,-2.8322829465981325,6.21829276776359,-2.8322829465981325,-2.8322829465981325,-2.8322829465981325,-2.8322829465981325
CSM7KOJU,-2.9318729139505812,-2.9318729139505812,-2.9318729139505812,-2.9318729139505812,-2.9318729139505812,-2.9318729139505812,-2.9318729139505812,7.219035122302863,7.323854697401556,8.533048874686639,-2.9318729139505812,-2.9318729139505812,-2.9318729139505812,8.10376295466095,0.2965152165319189,6.0987690848223775,10.320458145519181,-2.9318729139505812,4.881262313577128,-2.9318729139505812,-2.9318729139505812,-2.9318729139505812,3.7853588122884085,-2.9318729139505812,-2.9318729139505812,-2.9318729139505812,-2.9318729139505812,2.147395657187941,3.3939118331349523,-2.9318729139505812,4.252693587858247,-2.9318729139505812,1.5561035355072796,2.9359151561215606,4.668233747708055,2.9731832617679297,-2.9318729139505812,-2.9318729139505812,-2.9318729139505812,6.687704674053779,-2.9318729139505812,5.001450258927587,-2.9318729139505812,-2.9318729139505812,-2.9318729139505812,-2.9318729139505812,-2.9318729139505812,-2.9318729139505812,4.851916114657832,2.383425536181246,-2.9318729139505812,-2.9318729139505812,2.569761382851718,-2.9318729139505812,1.2487024106258175,-2.9318729139505812,4.372903947365859,-0.13308165536804495,4.1100072294966665,3.162623688652481,-2.9318729139505812,5.039368847038112,-2.9318729139505812,-2.9318729139505812,6.563485691081391,7.844702038027044,-2.9318729139505812,8.5022418139241,-2.9318729139505812,-2.9318729139505812,-2.9318729139505812,-2.9318729139505812,5.250559477601243,-2.9318729139505812,-2.9318729139505812,-2.9318729139505812,-2.9318729139505812,2.6890424686793697,5.010425027103144,5.2994856398602685,-2.9318729139505812,-2.9318729139505812,6.445047132223753,-2.9318729139505812,-2.9318729139505812,-2.9318729139505812,-2.9318729139505812
CSM7KOJW,-3.025532396688055,-3.025532396688055,-3.025532396688055,-3.025532396688055,-3.025532396688055,-3.025532396688055,-3.025532396688055,7.96309523920339,8.668664668444947,9.367943970901983,-3.025532396688055,-3.025532396688055,-3.025532396688055,8.862832984951504,-3.025532396688055,6.5023865870466135,9.232856461403944,-3.025532396688055,5.329118472500843,-3.025532396688055,-3.025532396688055,-3.025532396688055,3.2554823640530284,-3.025532396688055,-3.025532396688055,-3.025532396688055,-3.025532396688055,2.7231608403430467,3.7358699076795094,-3.025532396688055,4.914160838354873,-3.025532396688055,1.4844954703374569,3.93503134113406,4.411162460660016,3.632016584001886,-3.025532396688055,-3.025532396688055,-3.025532396688055,6.422567623053905,-3.025532396688055,4.963129632488103,-3.025532396688055,-3.025532396688055,-3.025532396688055,-3.025532396688055,-3.025532396688055,-3.025532396688055,7.038178777109511,-3.025532396688055,-3.025532396688055,-3.025532396688055,0.9640498100352541,-3.025532396688055,2.4348369222266477,-3.025532396688055,4.576115297626809,1.1389299693312545,4.052011306949341,3.623223016489211,-3.025532396688055,5.178652546913042,-3.025532396688055,-3.025532396688055,6.232317360057637,7.530786729052723,-3.025532396688055,8.072256693916374,-3.025532396688055,-3.025532396688055,-3.025532396688055,-3.025532396688055,3.9801197166192592,-3.025532396688055,4.378866688339539,-3.025532396688055,-3.025532396688055,2.204847138266441,5.261999113562425,5.192647557218101,-3.025532396688055,-3.025532396688055,7.085953901466365,-3.025532396688055,-3.025532396688055,-3.025532396688055,-3.025532396688055
CSM7KOJY,-3.123622758418998,-3.123622758418998,-3.123622758418998,-3.123622758418998,-3.123622758418998,-3.123622758418998,-3.123622758418998,7.225625281413571,8.360438318397522,8.716690764577724,-3.123622758418998,-3.123622758418998,-3.123622758418998,8.297771627091095,4.72493089262478,6.375266156433396,9.949581610797617,3.8045056635651404,4.8246929447174125,-3.123622758418998,-3.123622758418998,-3.123622758418998,3.4221281762231692,-3.123622758418998,-3.123622758418998,-3.123622758418998,-3.123622758418998,2.180049611621085,3.6377909553436885,-3.123622758418998,4.370384059335205,1.1862475247951512,2.040133175139351,3.274169006759421,3.9422178942613053,3.343720730032503,-3.123622758418998,-3.123622758418998,-3.123622758418998,6.692887770798912,-3.123622758418998,2.4600807900425075,-3.123622758418998,-3.123622758418998,2.4421512416765054,-3.123622758418998,-3.123622758418998,-3.123622758418998,4.274967203809407,-3.123622758418998,-3.123622758418998,-3.123622758418998,0.4084496662400845,-3.123622758418998,2.40249842123408,-3.123622758418998,-3.123622758418998,-3.123622758418998,4.14845627974585,4.284526720254701,-3.123622758418998,4.502179308258559,-3.123622758418998,-3.123622758418998,5.482617818097434,7.015602033227436,3.214642424667206,7.7167866205126225,-3.123622758418998,-3.123622758418998,-3.123622758418998,-3.123622758418998,3.039228276220628,-3.123622758418998,4.792886864355776,-3.123622758418998,-3.123622758418998,1.8295604936219672,4.953228474668488,3.336507209145161,-3.123622758418998,-3.123622758418998,6.959706536032216,-3.123622758418998,-3.123622758418998,-3.123622758418998,-3.123622758418998
CSM7KOK1,-3.0988917110513476,-3.0988917110513476,-3.0988917110513476,-3.0988917110513476,-3.0988917110513476,-3.0988917110513476,-3.0988917110513476,7.678936953227442,7.6599316004309,9.041770327022974,-3.0988917110513476,-0.11660198735790495,-3.0988917110513476,7.949487858702148,-3.0988917110513476,6.551970087040998,9.90368921695068,0.19029682308368656,4.806964979848339,-3.0988917110513476,-3.0988917110513476,-3.0988917110513476,2.9985480295528504,-3.0988917110513476,-3.0988917110513476,-3.0988917110513476,-3.0988917110513476,2.4366314297061873,3.7697545043993435,-3.0988917110513476,5.014689185640106,0.8510697742885256,2.5263391277825242,3.155820525221663,4.5338791676806345,3.035867663745605,-3.0988917110513476,-3.0988917110513476,-3.0988917110513476,6.960650213398863,-3.0988917110513476,3.363440106446218,-3.0988917110513476,-3.0988917110513476,-3.0988917110513476,-3.0988917110513476,-3.0988917110513476,-3.0988917110513476,4.39787074360116,-3.0988917110513476,-3.0988917110513476,6.824471216128867,-0.3083319460585763,-0.23639110158778465,1.378236377273561,-3.0988917110513476,4.588000912244061,-3.0988917110513476,4.415414686185234,3.1254006836010557,-3.0988917110513476,4.6539325598754875,-3.0988917110513476,-3.0988917110513476,-3.0988917110513476,7.66989508308591,-3.0988917110513476,8.019657609697484,-3.0988917110513476,-3.0988917110513476,-3.0988917110513476,-3.0988917110513476,4.2364538727262175,-3.0988917110513476,4.636381996089745,-3.0988917110513476,-3.0988917110513476,1.8313192255662099,5.509993144634506,4.703981433064763,-3.0988917110513476,-3.0988917110513476,5.29359361115507,-3.0988917110513476,-3.0988917110513476,-3.0988917110513476,-3.0988917110513476
CSM7KOLY,5.002319407422917,-2.9907614528078845,-2.9907614528078845,9.406326458542193,-2.9907614528078845,-2.9907614528078845,3.0990258207605006,-2.9907614528078845,-2.9907614528078845,-2.9907614528078845,-2.9907614528078845,9.874869821393768,-2.9907614528078845,7.54160032484426,-2.9907614528078845,-2.9907614528078845,-1.7624343481101743,-0.11678536373423576,-2.9907614528078845,-2.9907614528078845,4.5048096213787945,-2.9907614528078845,0.9275752222497342,-2.9907614528078845,-2.9907614528078845,1.9923701089918708,-2.9907614528078845,1.238031058060466,3.1425358165610495,0.9933711408682662,1.5373994298561424,-0.9310192087072018,0.44946069416197787,-2.9907614528078845,1.4838113413642962,-0.019377335654137795,-2.9907614528078845,1.936344401195532,-2.9907614528078845,5.515726379159248,1.3837804910436606,-0.6240713218320249,-2.9907614528078845,-2.9907614528078845,-2.9907614528078845,5.408057185981398,-2.9907614528078845,-2.9907614528078845,8.82308747471971,-2.9907614528078845,-2.9907614528078845,7.679384926069235,3.7468104162904847,3.467877196929999,3.2076209237698867,3.2608054998045652,-2.9907614528078845,-2.9907614528078845,5.04803871544424,-0.1753035577321711,-2.9907614528078845,3.020539047297092,-2.9907614528078845,-2.9907614528078845,5.693102060663649,-2.9907614528078845,-2.9907614528078845,0.9839625970417334,-2.9907614528078845,-2.9907614528078845,-2.9907614528078845,6.577304008961413,8.356225706851674,6.563249659711138,-2.9907614528078845,-2.9907614528078845,5.3340798173036985,2.4471887606015468,1.581003146833675,4.706055183134765,-2.9907614528078845,1.2597888374666795,5.973525073432002,-2.9907614528078845,-2.9907614528078845,-2.9907614528078845,-2.9907614528078845
CSM7KOMP,1.358138115669921,5.651819676168604,-1.3211411509462732,-5.400511742786362,5.007420073509985,2.423352952665989,-1.8458027763852254,-5.400511742786362,-5.400511742786362,3.0748367114076602,-5.400511742786362,4.500954595192542,-5.400511742786362,3.9558420651720922,7.065538610230399,4.513512691745415,5.130841998971289,4.199432574093157,3.65522944785629,-5.400511742786362,4.734309364577721,-0.07657312164622532,-0.6964075847662965,-5.400511742786362,-5.400511742786362,2.8134146649778886,-5.400511742786362,-0.9633179451160281,-1.0600061936136775,-0.44547252255773095,0.9155822507509059,-1.0742061091942858,-0.557529204527782,1.0761858266113151,-5.400511742786362,1.7030534953286791,2.354543253386561,-5.400511742786362,2.2529025302300303,4.469374862595994,1.7195532756123777,2.5779905962485232,-5.400511742786362,3.8074833867880313,2.4788426730883426,6.0542247512181895,1.35926795412903,0.41115497033209714,3.0439678996978223,-5.400511742786362,-5.400511742786362,6.405168440851246,-0.159553955131706,5.112740651465128,-5.400511742786362,-3.3581283851862977,5.672519947774442,-5.400511742786362,1.9445286375080668,1.9641802010488076,1.320770878729304,0.6016333020625115,-5.400511742786362,2.350453884197675,3.064310594860502,-5.400511742786362,-5.400511742786362,-5.400511742786362,2.6955006146467007,1.1789578971770664,-5.400511742786362,4.123829012954395,4.817733820271988,2.0024932916799205,-5.400511742786362,-5.400511742786362,-0.8928960098443444,-0.05003313333945414,3.7682857722682055,3.8255411626489053,2.428103711074421,1.5482537661194913,4.451922672844853,2.4854961006596943,1.8650753185634246,1.9610232951250888,2.4657750325986205
CSM7KOMT,1.6160123995926066,5.790659361742739,-4.937983302607581,-4.937983302607581,5.1131398585266155,2.7279912940724698,-4.937983302607581,-4.937983302607581,-4.937983302607581,-4.937983302607581,-4.937983302607581,4.8699505466932225,-4.937983302607581,4.203253042478334,6.9184507692434,4.860959127639099,4.974754703925661,4.28489595714868,4.682415618635075,-4.937983302607581,6.467236567346983,-0.16653709166304154,0.22820746743779985,-4.937983302607581,-4.937983302607581,3.0056459591730285,-4.937983302607581,-0.45260400414379376,-1.1971987100823966,0.8921708396375054,0.6068252069983924,-4.937983302607581,-0.25541217802352456,0.9935578076868374,-4.937983302607581,2.093707737416125,3.723707156989108,-4.937983302607581,2.674164181594623,4.959029395168999,2.2822178489748426,2.713319151811998,-4.937983302607581,3.699411748360065,2.6976033333442464,6.727884258077703,3.7937580011497927,0.9297442347012348,6.136773611961172,-4.937983302607581,-4.937983302607581,7.263073520558395,-0.4101628357330185,2.7345266584557164,-4.937983302607581,-0.575463922450945,6.231562180811768,-4.937983302607581,2.518695315017432,3.033281261534591,2.0092616044041076,1.1146638870530676,-4.937983302607581,-4.937983302607581,2.754172920278429,-4.937983302607581,-4.937983302607581,-4.937983302607581,2.6945545284904284,-4.937983302607581,-4.937983302607581,4.173331862363285,3.9000863698361172,2.115644868765364,-4.937983302607581,-4.937983302607581,-4.937983302607581,-4.937983302607581,4.566125923315423,4.659605362652002,3.1839569586344902,2.9889759500005315,5.151010008593826,2.8886463635127626,2.8388356192258613,2.032607324464249,3.7192034680616546
CSM7KONU,-2.2683338043853887,-2.2683338043853887,-2.2683338043853887,-2.2683338043853887,-2.2683338043853887,-2.2683338043853887,-2.2683338043853887,4.924007384170549,-2.2683338043853887,7.817982027836592,-2.2683338043853887,9.3603895210375,-2.2683338043853887,8.164237016959909,8.041469540376376,-2.2683338043853887,8.371517159510283,7.345896646550078,2.36957868632164,-2.2683338043853887,-2.2683338043853887,-2.2683338043853887,-2.2683338043853887,-2.2683338043853887,-2.2683338043853887,-2.2683338043853887,-2.2683338043853887,-2.2683338043853887,-2.2683338043853887,-2.2683338043853887,3.3000993570959185,-2.2683338043853887,-2.2683338043853887,-2.2683338043853887,7.3178951801138945,-2.2683338043853887,-2.2683338043853887,-2.2683338043853887,-2.2683338043853887,-2.2683338043853887,-2.2683338043853887,-2.2683338043853887,5.262732019541478,-2.2683338043853887,-2.2683338043853887,-2.2683338043853887,-2.2683338043853887,-2.2683338043853887,9.857726074211236,-2.2683338043853887,-2.2683338043853887,8.754640896767613,4.431125951089496,8.637745481673182,-2.2683338043853887,-2.2683338043853887,-2.2683338043853887,-2.2683338043853887,-2.2683338043853887,-2.2683338043853887,-2.2683338043853887,-2.2683338043853887,-2.2683338043853887,-2.2683338043853887,8.841385878916391,8.202107470679051,-2.2683338043853887,-2.2683338043853887,-2.2683338043853887,-2.2683338043853887,10.361965921720154,-2.2683338043853887,-2.2683338043853887,-2.2683338043853887,5.586464702859034,6.212013899368207,-2.2683338043853887,3.520818556773987,-2.2683338043853887,6.089771759084425,-2.2683338043853887,-2.2683338043853887,6.011795174318329,-2.2683338043853887,-2.2683338043853887,-2.2683338043853887,-2.2683338043853887
CSM7KOP6,-4.200001338886423,3.07304133490997,6.9971023435587245,7.374016584773273,5.09686154885624,-1.3685883849056193,1.5764797213494663,-4.200001338886423,6.993444601591884,0.9755096501269609,-4.200001338886423,6.173937509793864,7.5979227716812705,6.103380165460868,6.824733818754772,4.144022994881407,8.18479495161295,6.237377508127459,2.2584963707528924,-4.200001338886423,-4.200001338886423,-4.200001338886423,-4.200001338886423,2.8653355778982323,0.5135375292643154,2.463486690847314,-4.200001338886423,-4.200001338886423,-4.200001338886423,-4.200001338886423,-4.200001338886423,-4.200001338886423,-4.200001338886423,-0.7053487754030279,2.9463834082749285,-4.200001338886423,2.5688050808229024,2.728240429731219,2.4969939287361003,-4.200001338886423,2.1936072383432883,1.6021094048239544,-4.200001338886423,3.0721108826268617,2.49104766633181,4.382484168911631,2.13536023060209,-4.200001338886423,4.444011826425431,5.195296224269584,-4.200001338886423,6.50984054513271,1.4258394053209038,-4.200001338886423,-4.200001338886423,-2.0360434835175045,-4.200001338886423,-4.200001338886423,2.7666614815588364,-4.200001338886423,-1.017102003823716,1.6815302286038687,-4.200001338886423,-4.200001338886423,3.6412464602679186,4.171345914717648,6.11519868304424,6.4432759555717505,-0.9158966347424204,-4.200001338886423,-4.200001338886423,-4.200001338886423,-4.200001338886423,1.8620866939894425,2.102768031976119,1.652762224326925,5.430714438905813,-4.200001338886423,3.377097346088494,4.312420587004709,-4.200001338886423,-4.200001338886423,5.5044173688157,-4.200001338886423,-4.200001338886423,-4.200001338886423,-4.200001338886423
CSM7KOP8,2.9648950836733423,2.6697694391255675,6.305357129685639,7.153699367392603,4.767087827874311,0.38799604182411684,-3.8556012744273236,-3.8556012744273236,6.779048669760281,1.4852249165001368,-3.8556012744273236,-3.8556012744273236,7.400837320886248,6.706991026224079,8.074114311126317,3.725315865494445,8.54176793399656,6.398066894589634,3.6897789775376015,-3.8556012744273236,-3.8556012744273236,-3.8556012744273236,-3.8556012744273236,1.6224424172638354,-3.8556012744273236,2.588319521056987,-3.8556012744273236,-3.8556012744273236,-3.8556012744273236,-3.8556012744273236,-1.0648670799910427,-3.8556012744273236,-3.8556012744273236,-3.8556012744273236,0.9842076915253575,-3.8556012744273236,2.0101256733265567,-3.8556012744273236,3.0014446274951903,-3.8556012744273236,1.3128316859752402,2.096344656314516,-3.8556012744273236,0.07929197881111172,1.4806020576224732,5.440335334614226,0.894914023679064,-1.5127322688785902,5.9989885131330976,8.06510715087867,-3.8556012744273236,7.3300242501208475,-3.8556012744273236,1.4800870849607506,-3.8556012744273236,-1.146907891452491,-3.8556012744273236,-3.8556012744273236,-1.8234450477833395,-3.8556012744273236,-3.8556012744273236,1.3725120679754088,-3.8556012744273236,-3.8556012744273236,3.2340757159456546,3.1595036891101023,6.365453666822699,5.313969008429285,-1.5230575315273267,-3.8556012744273236,-3.8556012744273236,3.7984049591696234,5.097103239426875,3.0565987209368553,-3.8556012744273236,1.3957577124526122,5.353641044066297,0.6235438821173869,1.2402377824929438,3.9764805609563068,-3.8556012744273236,-3.8556012744273236,4.234834661110225,-3.8556012744273236,-3.8556012744273236,-3.8556012744273236,-1.3344432801279655
CSM7KOPE,-3.7596438532663896,3.5824236662901807,6.276861175042477,7.384515589484581,5.107769170347439,-3.7596438532663896,-3.7596438532663896,-3.7596438532663896,8.018675620650512,0.2626058543242049,-3.7596438532663896,-3.7596438532663896,7.773819603713232,8.613834563899553,5.407857815988147,3.5384657320757213,8.166262779478277,6.888672143158168,4.760479400861463,-3.7596438532663896,-3.7596438532663896,-3.7596438532663896,-3.7596438532663896,2.645605247336733,-3.7596438532663896,2.5549046793382493,-3.7596438532663896,-3.7596438532663896,0.2602479510457414,-3.7596438532663896,1.8895885638750425,-0.9960279609521727,-3.7596438532663896,-3.7596438532663896,3.1048259593465266,-3.7596438532663896,-3.7596438532663896,-0.4625946039413744,1.656047495685625,-3.7596438532663896,-3.7596438532663896,1.71396539726185,-0.1805285551955116,-3.7596438532663896,-3.7596438532663896,3.4819018139131988,-3.7596438532663896,-3.7596438532663896,7.43270014670951,6.051604125726575,-3.7596438532663896,7.146098222196376,-0.9011745218404776,-3.7596438532663896,-3.7596438532663896,-3.7596438532663896,0.8560228663610712,-3.7596438532663896,2.6960331889003966,-3.7596438532663896,-3.7596438532663896,1.4618003401638902,3.2559199949755353,-3.7596438532663896,3.9623988740810043,2.965069628249138,6.270713086116671,4.985924377468954,-3.7596438532663896,-3.7596438532663896,-3.7596438532663896,5.626830102964002,2.470024032094627,2.6144845042268265,-3.7596438532663896,2.190990978692647,5.865492908709941,1.9580071783413633,1.6842897255454954,3.58318981248748,-3.7596438532663896,-3.7596438532663896,4.909385308785247,-3.7596438532663896,-3.7596438532663896,-3.7596438532663896,-3.7596438532663896
CSM7KOPG,-2.8101377673607857,-2.8101377673607857,-2.8101377673607857,-2.8101377673607857,-2.8101377673607857,-2.8101377673607857,-2.8101377673607857,7.948977076442442,7.969111376475894,9.62807215142116,-2.8101377673607857,-2.8101377673607857,-2.8101377673607857,8.138472290837623,-2.8101377673607857,6.858568359242382,9.95924265426421,-0.501642507954692,4.734918450341613,-2.8101377673607857,-2.8101377673607857,-2.8101377673607857,2.8222242870214167,-2.8101377673607857,-2.8101377673607857,-2.8101377673607857,-2.8101377673607857,1.7246454114604255,3.802392367183092,-2.8101377673607857,5.719859311717987,-2.8101377673607857,2.023086958285692,2.9352336898462976,4.24202357822532,3.3272043149048294,-2.8101377673607857,-2.8101377673607857,-2.8101377673607857,6.952324356681867,-2.8101377673607857,3.3859089115330345,-2.8101377673607857,4.348690665347327,-2.8101377673607857,-2.8101377673607857,-2.8101377673607857,-2.8101377673607857,5.794332169501047,-2.8101377673607857,-2.8101377673607857,7.506049151545858,0.017416267565204535,-2.8101377673607857,-2.8101377673607857,-2.8101377673607857,-2.8101377673607857,-2.8101377673607857,4.496625203921774,3.3867289307785535,-2.8101377673607857,4.715139169919654,-2.8101377673607857,-2.8101377673607857,-2.8101377673607857,8.270896945728394,-2.8101377673607857,8.481737533639297,-2.8101377673607857,-2.8101377673607857,-2.8101377673607857,-2.8101377673607857,4.526565698553529,-2.8101377673607857,4.526172331621375,-2.8101377673607857,-2.8101377673607857,1.7385876343571791,5.229693930882749,5.339099302264115,-2.8101377673607857,-2.8101377673607857,5.720514991668806,-2.8101377673607857,-2.8101377673607857,-2.8101377673607857,-2.8101377673607857
CSM7KOPI,-3.200710822549528,-3.200710822549528,-3.200710822549528,-3.200710822549528,-3.200710822549528,-3.200710822549528,-3.200710822549528,7.631597324089927,6.887660641537886,8.983309854213111,-3.200710822549528,-3.200710822549528,-3.200710822549528,7.74861528187392,-3.200710822549528,7.07489485732297,9.584797735500487,1.7286223936082763,4.862574220896871,-3.200710822549528,-3.200710822549528,-3.200710822549528,1.8625225831479906,-3.200710822549528,-3.200710822549528,-3.200710822549528,-3.200710822549528,2.1876723440596884,3.498604547652743,-3.200710822549528,4.700548539293095,-0.5707068548513252,1.457039234704272,3.2089359606708623,5.878941426293755,2.1309448244809612,-3.200710822549528,-3.200710822549528,-3.200710822549528,7.005047921329293,-3.200710822549528,3.968827617259744,-3.200710822549528,0.7638373311413211,-3.200710822549528,-3.200710822549528,-3.200710822549528,-3.200710822549528,5.257096117204655,-3.200710822549528,-3.200710822549528,7.762902381038987,2.254335768694249,-3.200710822549528,1.7615308617311154,-3.200710822549528,-3.200710822549528,-3.200710822549528,5.747369632441634,2.0645869155197634,-3.200710822549528,5.177622375236784,-3.200710822549528,-3.200710822549528,5.698845443461195,7.9212480821171924,-3.200710822549528,7.722839410789218,-3.200710822549528,2.291471736029038,-3.200710822549528,-3.200710822549528,6.092118817930582,-3.200710822549528,5.977522316670023,-3.200710822549528,-3.200710822549528,1.659366757423646,4.577832589243821,5.4383250720371175,-3.200710822549528,-3.200710822549528,5.647947126135356,-3.200710822549528,-3.200710822549528,-3.200710822549528,-3.200710822549528
CSM7KOPK,-3.0923198525351996,-3.0923198525351996,-3.0923198525351996,-3.0923198525351996,-3.0923198525351996,-3.0923198525351996,-3.0923198525351996,7.859528431239222,7.152053710454038,9.166317812148256,-3.0923198525351996,-3.0923198525351996,-3.0923198525351996,7.623169176128377,-3.0923198525351996,7.2995721535419165,9.751902279938164,-0.10018298315015883,4.40716909115167,-3.0923198525351996,-3.0923198525351996,-3.0923198525351996,2.7625608400195754,-3.0923198525351996,-3.0923198525351996,-3.0923198525351996,-3.0923198525351996,2.6325573953752546,4.2375143257396735,-3.0923198525351996,4.621422762614673,-0.6427363301787494,-0.3351067799683012,2.9872881337643804,5.434430876791198,3.429883778683444,-3.0923198525351996,-3.0923198525351996,-3.0923198525351996,6.826862622401905,-3.0923198525351996,3.6916898578484423,-3.0923198525351996,-3.0923198525351996,-3.0923198525351996,-3.0923198525351996,-3.0923198525351996,-3.0923198525351996,5.343601790718118,-3.0923198525351996,-3.0923198525351996,7.146200059843343,1.2556777037945412,-3.0923198525351996,2.1152511513025,-3.0923198525351996,-3.0923198525351996,-3.0923198525351996,4.794376484349664,3.9207396583002696,-3.0923198525351996,5.372411550756184,5.389804836847493,-3.0923198525351996,2.044857506066313,7.731216604736918,-3.0923198525351996,8.263308613449725,-3.0923198525351996,2.6181726367782794,-3.0923198525351996,-3.0923198525351996,4.285456317178111,-3.0923198525351996,5.848614898088921,-3.0923198525351996,-3.0923198525351996,-3.0923198525351996,4.2481998000915455,5.231837942122174,-3.0923198525351996,-3.0923198525351996,6.637922188313082,-3.0923198525351996,-3.0923198525351996,-3.0923198525351996,-3.0923198525351996
CSM7KOPM,-3.284834714340306,-3.284834714340306,1.1280426167510385,1.405052811454091,-3.284834714340306,-3.284834714340306,-3.284834714340306,7.770790477998747,6.425197886574197,8.163855732865699,-3.284834714340306,-3.284834714340306,2.521001479328307,7.126045960208868,1.0312734533009458,7.075938149263927,9.836229018876722,0.7237824635302577,4.006423908771284,-3.284834714340306,-3.284834714340306,-3.284834714340306,3.20110628076437,-3.284834714340306,-3.284834714340306,-3.284834714340306,-3.284834714340306,2.442664850103956,4.058927706592756,-3.284834714340306,4.7728676872722415,0.31648557251779863,0.8532174412896047,3.1112314954309337,3.488865185112468,3.077600533923259,-3.284834714340306,-3.284834714340306,-3.284834714340306,6.665784394803054,-3.284834714340306,4.641376974957898,-3.284834714340306,-3.284834714340306,-3.284834714340306,-3.284834714340306,-3.284834714340306,-3.284834714340306,6.16782035447669,-3.284834714340306,-3.284834714340306,7.623983751153119,-3.284834714340306,-3.284834714340306,2.0042282891446757,-3.284834714340306,4.300177810327048,-3.284834714340306,5.213238742725269,3.0974404628241077,-3.284834714340306,4.102819155984627,-3.284834714340306,-3.284834714340306,5.472556934259394,7.766724726106758,-3.284834714340306,7.685055716266808,-3.284834714340306,-3.284834714340306,-3.284834714340306,-3.284834714340306,4.593604242613388,-3.284834714340306,5.831996966904284,-3.284834714340306,-3.284834714340306,0.6103054577365743,4.469580871639228,4.925617817732688,-3.284834714340306,-3.284834714340306,5.5088705842588155,-3.284834714340306,-3.284834714340306,-3.284834714340306,-3.284834714340306
CSM7KOPO,0.46410202227110275,-3.7229124830882974,-3.7229124830882974,2.7137237669337164,-3.7229124830882974,-3.7229124830882974,-3.7229124830882974,7.603332031266019,6.916511695747031,7.396485660966518,-3.7229124830882974,2.680851917176641,-3.7229124830882974,6.967144195676892,2.1711292277978425,6.8213973194796615,9.192230624926799,2.5565584344040744,4.641404769416134,-3.7229124830882974,-3.7229124830882974,-3.7229124830882974,0.14979534830984065,-3.7229124830882974,-3.7229124830882974,-3.7229124830882974,-3.7229124830882974,2.2933489806388465,4.0580548388828905,-3.7229124830882974,5.380255623622284,0.11106893706952903,0.27648244529202337,3.3217002409987977,5.419572380987232,3.4308062611375227,-3.7229124830882974,-3.7229124830882974,-3.7229124830882974,6.360891069288499,-3.7229124830882974,4.528738361594877,-3.7229124830882974,1.2535196371619701,2.407555841361389,-3.7229124830882974,-3.7229124830882974,-3.7229124830882974,5.464402252961527,-3.7229124830882974,-3.7229124830882974,7.011381318657242,2.091432601162145,-3.7229124830882974,2.1553491725525333,0.06390703158890965,-3.7229124830882974,-3.7229124830882974,4.839582039454584,3.5970562795214764,-3.7229124830882974,5.239083698515109,-3.7229124830882974,-3.7229124830882974,5.891705047467238,7.236486864484152,-3.7229124830882974,7.625159500606259,-3.7229124830882974,-3.7229124830882974,-3.7229124830882974,-3.7229124830882974,4.873703425915211,-3.7229124830882974,4.411702090110874,-3.7229124830882974,-3.7229124830882974,1.464147680472223,3.9194013622757007,4.961626656535964,-3.7229124830882974,-3.7229124830882974,5.913121945583143,-3.7229124830882974,-3.7229124830882974,-3.7229124830882974,-0.16219752521169895
CSM7KORM,-4.52608132238818,-4.52608132238818,5.058656741263441,-4.52608132238818,-4.52608132238818,3.7292826162747685,-4.52608132238818,6.280547870538499,-4.52608132238818,2.4878768149625916,-4.52608132238818,-2.2252436205138757,-4.52608132238818,7.132132364418096,6.914300505198746,4.998096768667736,6.342294964837797,7.019383477457172,3.0181511115272848,-4.52608132238818,-4.52608132238818,-4.52608132238818,-4.52608132238818,-4.52608132238818,-4.52608132238818,3.5425710908296377,-4.52608132238818,1.8947231301648833,0.2276625489744699,1.2426718825377634,1.5316684888704257,-4.52608132238818,-4.52608132238818,1.2135485548462466,-4.52608132238818,1.1093563384691176,-4.52608132238818,-4.52608132238818,-4.52608132238818,-4.52608132238818,3.5602958084766074,1.1199862144607984,-4.52608132238818,2.3747562892238987,-4.52608132238818,6.18720974869089,1.170811145433099,-4.52608132238818,3.9942952983665068,-4.52608132238818,3.0470673324209017,7.805286501399512,1.3739558667574716,2.4015293556872663,-4.52608132238818,-4.52608132238818,1.662154999778175,-4.52608132238818,1.8285667892793978,-4.52608132238818,3.039180976174296,3.867322390083584,-4.52608132238818,-4.52608132238818,5.899845133590446,5.861233345315817,5.947885683815444,-4.52608132238818,2.277205097408518,0.916490733621055,-4.52608132238818,3.5811402545198474,3.2090976880510595,-0.3435770682979786,-4.52608132238818,2.958030651256033,-4.52608132238818,1.0004554375241028,1.6413753004152838,2.952678591740524,-0.49833572610058496,-4.52608132238818,5.630959139313585,3.207064449372745,-0.10006075292191774,3.423403390028388,2.4889903299937224
CSM7KORO,-3.4873516070542774,-3.4873516070542774,4.8426280415415,-3.4873516070542774,-3.4873516070542774,3.8694603366667293,-3.4873516070542774,7.086555422572751,-3.4873516070542774,-3.4873516070542774,-3.4873516070542774,-3.4873516070542774,-3.4873516070542774,7.92364856423036,8.203320599445158,5.166228546106178,7.004618534957581,8.14639568889184,2.5068639205581498,-3.4873516070542774,-3.4873516070542774,-3.4873516070542774,-3.4873516070542774,-3.4873516070542774,-3.4873516070542774,-3.4873516070542774,2.623380306298884,1.5865495236007074,-3.4873516070542774,-3.4873516070542774,-3.4873516070542774,-3.4873516070542774,-3.4873516070542774,-3.4873516070542774,-3.4873516070542774,-3.4873516070542774,-3.4873516070542774,-3.4873516070542774,-3.4873516070542774,-3.4873516070542774,5.37469689718872,3.132592881648601,-3.4873516070542774,-3.4873516070542774,3.839530058656446,6.197684155245505,3.49048546244903,-3.4873516070542774,5.6765072566089385,-3.4873516070542774,-3.4873516070542774,8.814397089332523,-3.4873516070542774,6.3009864381347835,-3.4873516070542774,-3.4873516070542774,-3.4873516070542774,-3.4873516070542774,1.4157524090173457,-3.4873516070542774,1.5871875615273705,0.8279990577890928,-3.4873516070542774,-3.4873516070542774,4.380408196210806,5.943094806725605,8.084275252060706,-3.4873516070542774,-3.4873516070542774,-3.4873516070542774,-3.4873516070542774,5.693803978852816,7.386379083828345,4.075921590086935,-3.4873516070542774,-3.4873516070542774,-3.4873516070542774,-3.4873516070542774,3.846614321486979,5.747388149196618,3.2809602664394086,-3.4873516070542774,3.9651089094648357,4.5701361566419445,2.2672359082533955,4.272692349290898,2.899636531141934
CSM7KORS,-3.5252383210271088,-3.5252383210271088,-3.5252383210271088,-3.5252383210271088,-3.5252383210271088,3.6815621424947214,-3.5252383210271088,8.06693255525222,-3.5252383210271088,-3.5252383210271088,-3.5252383210271088,-3.5252383210271088,-3.5252383210271088,8.44701562601091,8.181922811078412,7.282758507125592,-3.5252383210271088,8.161815874948545,4.556635777273397,-3.5252383210271088,-3.5252383210271088,-3.5252383210271088,2.4117422203137835,-3.5252383210271088,-3.5252383210271088,4.912366481125509,1.2221984795067726,-3.5252383210271088,-3.5252383210271088,-3.5252383210271088,-3.5252383210271088,-3.5252383210271088,-3.5252383210271088,-3.5252383210271088,-3.5252383210271088,-3.5252383210271088,-3.5252383210271088,-3.5252383210271088,-3.5252383210271088,-3.5252383210271088,3.45770294277619,2.6601198550677703,3.5680101470910994,-3.5252383210271088,-3.5252383210271088,6.391955115962768,2.4104050995272983,-3.5252383210271088,6.687838889568242,-3.5252383210271088,4.418516164428157,8.017779004340282,4.372083180144218,-3.5252383210271088,-3.5252383210271088,-3.5252383210271088,-3.5252383210271088,-3.5252383210271088,-3.5252383210271088,-3.5252383210271088,3.087790185823038,5.038827718882487,2.172900938092349,-3.5252383210271088,6.169930375011077,7.807742524066558,7.119405651406295,-3.5252383210271088,2.8740114785382014,-3.5252383210271088,-3.5252383210271088,-3.5252383210271088,-3.5252383210271088,-3.5252383210271088,2.3934023783687435,4.6398412035204375,-3.5252383210271088,-3.5252383210271088,2.9825335511902296,4.238583389042066,3.8725798003805707,2.333965823463404,5.9942752191844635,2.4640655023313576,2.4996912221222907,3.426129540858267,3.9756626324207636
CSM7KORU,-3.3662256379318443,-3.3662256379318443,-3.3662256379318443,-3.3662256379318443,-3.3662256379318443,2.1343927076424656,-3.3662256379318443,7.72107663650333,-3.3662256379318443,3.41965352338737,1.5417467826687776,1.4711092586971475,-3.3662256379318443,8.43385320592137,8.297592225004506,7.999027188038501,4.970940776826132,8.369243396437913,4.746221938106299,-3.3662256379318443,-3.3662256379318443,-3.3662256379318443,2.7088917654160873,-3.3662256379318443,-3.3662256379318443,4.307898747129019,2.8686970702925665,-3.3662256379318443,-3.3662256379318443,-3.3662256379318443,-3.3662256379318443,-3.3662256379318443,-3.3662256379318443,-3.3662256379318443,-3.3662256379318443,-3.3662256379318443,-3.3662256379318443,-3.3662256379318443,-3.3662256379318443,-3.3662256379318443,3.2679174790412713,-3.3662256379318443,3.520902596642916,-3.3662256379318443,-3.3662256379318443,5.933967393734259,3.056413282944626,-3.3662256379318443,5.807350247040619,1.5350526472192811,-3.3662256379318443,8.67741606996658,5.414454378391025,-3.3662256379318443,-3.3662256379318443,-3.3662256379318443,-3.3662256379318443,-3.3662256379318443,-3.3662256379318443,-3.3662256379318443,-0.09332390794862988,5.804702480544631,-3.3662256379318443,-3.3662256379318443,6.6698489960367215,7.820588598640141,6.880524925438021,-3.3662256379318443,1.5615644479995812,-3.3662256379318443,-3.3662256379318443,3.6958218503764533,-3.3662256379318443,-3.3662256379318443,-3.3662256379318443,5.2563739041124915,-3.3662256379318443,-3.3662256379318443,2.7058876952448037,4.659773670343614,1.6364525850599563,-1.011715503182467,5.771140276736801,0.7834882355292745,-3.3662256379318443,3.378817196248648,3.547786573444757
CSM7KOS7,8.188722011532604,-3.7248782847145545,-3.7248782847145545,9.05674003330665,-3.7248782847145545,-3.7248782847145545,-3.7248782847145545,-3.7248782847145545,-3.7248782847145545,-3.7248782847145545,-3.7248782847145545,8.223090661706152,-3.7248782847145545,5.49008381458497,-3.7248782847145545,-3.7248782847145545,-1.0211735819066519,-0.5447304803156623,-3.7248782847145545,-3.7248782847145545,3.1596859190523956,-3.7248782847145545,0.19824611687635496,-3.7248782847145545,-3.7248782847145545,2.7320228025965214,-3.7248782847145545,1.9578130336138262,2.957645150997828,1.4490171435294101,2.3556942175244338,1.9050833886003424,-0.48143005187032806,1.4672417466549437,3.4805481783673216,1.6469826723448318,-3.7248782847145545,2.212171003554432,-3.7248782847145545,6.163495771701237,2.285991596911101,3.2204269484236,2.133660876581229,2.256532038512664,2.5454341259672235,5.442858117866072,-3.7248782847145545,-3.7248782847145545,7.366429969851304,-3.7248782847145545,-3.7248782847145545,6.844723832803465,5.681824336075547,-1.6299767834418866,4.11487268831524,4.317352952838133,-3.7248782847145545,0.5107225060397553,3.63167629079933,1.4970853828657908,-3.7248782847145545,5.020365136648599,4.032973582940142,-3.7248782847145545,7.7710095457966775,-3.7248782847145545,-3.7248782847145545,-3.7248782847145545,-0.2920078183912054,0.6662705033236822,-3.7248782847145545,5.345944406325441,4.475699182232345,1.237749137646965,-3.7248782847145545,0.31728458928421155,6.112712793887551,2.3030575340980777,0.7951605936609241,4.692573324100929,-3.7248782847145545,-3.7248782847145545,6.408652516779987,-3.7248782847145545,-3.7248782847145545,-3.7248782847145545,-3.7248782847145545
CSM7KOSH,6.9825400888216524,-2.9500959711591097,-2.9500959711591097,9.731970051669816,-2.9500959711591097,-2.9500959711591097,3.3142347335166935,-2.9500959711591097,-2.9500959711591097,-2.9500959711591097,-2.9500959711591097,9.783537386732633,-2.9500959711591097,8.121045663518899,-2.9500959711591097,-2.9500959711591097,1.426018365012835,1.1806150773142594,-2.9500959711591097,-2.9500959711591097,4.495157400401271,-2.9500959711591097,2.933865788019033,-2.9500959711591097,-2.9500959711591097,1.014874484554909,1.6888673573416249,-2.9500959711591097,-2.9500959711591097,-2.9500959711591097,-0.48166523570908737,-2.9500959711591097,-2.9500959711591097,-2.9500959711591097,3.5296962157854175,-2.9500959711591097,-2.9500959711591097,1.768761535239035,-2.9500959711591097,6.073758437943059,2.1640571049165267,-2.9500959711591097,1.5556117472141349,-2.9500959711591097,1.336602302217159,5.381538975061266,-2.9500959711591097,-2.9500959711591097,5.553522346608145,-2.9500959711591097,-2.9500959711591097,8.88097577291172,5.03510322018149,-2.9500959711591097,0.5253219232337862,2.4096766584253064,3.237913067771691,-2.9500959711591097,5.495554759676245,-2.9500959711591097,-1.1252431701840724,4.485644701866365,3.197022551419333,-2.9500959711591097,6.924823977896437,-2.9500959711591097,-2.9500959711591097,1.6984921042315921,-2.9500959711591097,-2.9500959711591097,-2.9500959711591097,6.529319536032016,6.1952033330564085,5.048769165347579,-2.9500959711591097,-2.9500959711591097,6.967513325915825,2.0865665842711785,-0.4003172007926086,3.8296190471137326,-2.9500959711591097,-2.9500959711591097,6.880241431435818,-2.9500959711591097,-2.9500959711591097,-2.9500959711591097,0.8982758554430639
CSM7KOU9,-4.445266344689658,2.4594941132722106,6.5027387825231475,6.723108764827156,4.603789453953944,1.3517252519867853,-4.445266344689658,-4.445266344689658,6.325301403809127,2.8626712592927746,-4.445266344689658,1.1884702190641736,7.0688285412342715,6.212079491054146,6.352808154355188,3.157279696026296,8.3842718735438,5.2499243168787775,2.395818100234597,-4.445266344689658,-4.445266344689658,-4.445266344689658,-4.445266344689658,3.2985762211207037,1.687025397666237,3.3411578215519215,-4.445266344689658,-4.445266344689658,-0.8646260343662302,-4.445266344689658,1.1458483432100088,-0.43514079914476156,-4.445266344689658,-4.445266344689658,1.5809766212246688,-4.445266344689658,1.1340220145847226,1.314169858470711,3.957256637477961,-4.445266344689658,2.151733644417943,1.9884528940831547,-4.445266344689658,-4.445266344689658,0.1323926573560179,5.04124988893766,2.4415406663305257,-0.44577765407148107,5.499970537996253,-0.9214845711610913,-4.445266344689658,6.716554523960963,1.2823922936804397,-4.445266344689658,-4.445266344689658,0.2584631529429604,-4.445266344689658,-4.445266344689658,2.641277666233524,-4.445266344689658,0.07181063687562705,2.463582871443733,3.0912352680810695,-4.445266344689658,4.373884742206274,3.5132511732103326,4.047940257573875,6.390503638052258,-0.03148884662769014,-4.445266344689658,-4.445266344689658,2.647698816101019,2.2964772385259815,-4.445266344689658,3.95694244844909,2.8726335412171675,4.207895622445088,-1.2062248048981825,3.36207229410149,4.155121998318972,-4.445266344689658,-4.445266344689658,5.426357370008995,-4.445266344689658,-4.445266344689658,-4.445266344689658,-4.445266344689658
CSM7KOUB,-4.1599463171460425,2.9893269801258446,7.069147612622734,7.216197965556712,4.813764060955201,-4.1599463171460425,-4.1599463171460425,-4.1599463171460425,6.636664632919878,1.0100875751849596,-4.1599463171460425,6.538090995620714,7.528954059544745,5.526151431764085,6.662019743576282,3.8410191760944308,8.40252195537018,5.979339694727988,2.5395018082824503,-4.1599463171460425,-4.1599463171460425,-4.1599463171460425,-4.1599463171460425,3.548953639359828,2.3025644993222727,2.3172904436550814,-4.1599463171460425,-4.1599463171460425,-4.1599463171460425,-4.1599463171460425,0.9513340510214263,-4.1599463171460425,-4.1599463171460425,3.585055305585051,2.5953853814402885,-4.1599463171460425,3.5964092101975202,0.6092749066422289,-4.1599463171460425,-4.1599463171460425,-4.1599463171460425,-4.1599463171460425,2.4117287713657154,3.882554747620312,-1.2074256954389568,1.4990996910548464,1.0411651995097753,-4.1599463171460425,2.1218206724996485,5.108677484555299,-4.1599463171460425,5.37650791097937,1.1629050012054343,-4.1599463171460425,-4.1599463171460425,-4.1599463171460425,-4.1599463171460425,-4.1599463171460425,2.35768948154473,2.384459990676178,-4.1599463171460425,1.9761006925475684,-4.1599463171460425,-4.1599463171460425,3.5719329571933756,3.899508134946088,5.030004250906007,6.710312790914864,-1.6930581327338494,-4.1599463171460425,-4.1599463171460425,1.8704414368813165,3.30888503224036,1.2439345584111354,2.1319541539545677,-1.2356978498320945,7.206244247510664,0.2435075656776977,2.6484285307763757,4.785023360305704,-4.1599463171460425,-4.1599463171460425,5.773276594645953,-4.1599463171460425,-4.1599463171460425,-4.1599463171460425,-4.1599463171460425
CSM7KOUL,-3.9827606445028554,-3.9827606445028554,-3.9827606445028554,-3.9827606445028554,-3.9827606445028554,0.1161611777937619,1.590059324179954,6.3902137085818005,1.2197856110611358,5.595072698389703,1.2427002402507057,-3.9827606445028554,-3.9827606445028554,5.01664162629399,1.3781869766172719,6.6473644018997025,7.91967326960148,6.868039355484674,4.31332400760705,-3.9827606445028554,4.74261719525161,-3.9827606445028554,1.6695164166692162,-3.9827606445028554,-3.9827606445028554,2.0151516055830605,-3.9827606445028554,-3.9827606445028554,0.818442975191644,-3.9827606445028554,-3.9827606445028554,-3.9827606445028554,-3.9827606445028554,-3.9827606445028554,1.2470060204838251,-3.9827606445028554,-3.9827606445028554,-3.9827606445028554,3.2557454974128603,1.87153207056119,-0.23036496278837149,-3.9827606445028554,1.096605113001278,-3.9827606445028554,1.805553913202587,5.293994187719046,1.019417846447725,3.704845178804396,5.28202240322293,1.5054000567871562,3.4934383838030207,7.070684062098886,1.5942426821322773,3.405863774003965,-3.9827606445028554,-0.42739736097758296,-3.9827606445028554,-3.9827606445028554,-3.9827606445028554,-3.9827606445028554,1.3461186876208302,1.8095398506754883,-3.9827606445028554,-3.9827606445028554,4.972080628114373,6.0776100435255955,1.853246684980589,5.786188664184654,2.990552178819814,-3.9827606445028554,-3.9827606445028554,3.606546076921849,5.391706670495249,4.230378512659288,-3.9827606445028554,-3.9827606445028554,-3.9827606445028554,-3.9827606445028554,1.6186115432934898,4.08587328016599,-3.9827606445028554,-3.9827606445028554,4.940509015419127,-3.9827606445028554,-3.9827606445028554,3.2187558035423196,1.6656369849983097
CSM7KOUN,-4.213083074224951,-4.213083074224951,-4.213083074224951,-4.213083074224951,-4.213083074224951,1.7031972440109664,-4.213083074224951,6.532515357123704,-4.213083074224951,5.428467821150398,1.247642395900403,-4.213083074224951,-4.213083074224951,3.3998766618860303,1.5080717954564928,7.023956976350484,7.429037428914366,6.252104510418064,4.175061339898719,-4.213083074224951,5.205203497808747,3.4026507318588983,2.6555879487117444,-4.213083074224951,-4.213083074224951,2.3585678357666344,1.1466806099677829,-4.213083074224951,1.6611900357117646,-4.213083074224951,3.3049283335039963,0.843448093951876,-4.213083074224951,-2.292627562092896,-0.35888263439818147,-4.213083074224951,-4.213083074224951,0.2534639086568369,3.3573148015714454,-4.213083074224951,1.9047307246608556,-4.213083074224951,-4.213083074224951,2.286921051732766,1.4386079109357706,4.796904003081619,2.0936690944902097,1.8110996514567104,3.770052642137135,0.11115396688374268,3.447723970315808,7.366300419115381,1.4526139447774398,3.7758256086406634,1.2959658315947333,-4.213083074224951,2.19114214017596,-4.213083074224951,-4.213083074224951,-4.213083074224951,1.9943942350046546,1.8700656664784692,-4.213083074224951,-4.213083074224951,5.1048654117394605,6.533956997556826,-4.213083074224951,7.009986462366382,3.49424407477069,-4.213083074224951,-4.213083074224951,2.1459421480619696,3.939444319538466,2.310198880137369,-4.213083074224951,-4.213083074224951,-4.213083074224951,-4.213083074224951,2.336975961123424,3.2509125018967957,-4.213083074224951,-4.213083074224951,4.98252058201775,-4.213083074224951,-4.213083074224951,2.82261860060916,1.1787397200341747
CSM9X1XU,-3.2218965491343603,-3.2218965491343603,-3.2218965491343603,-3.2218965491343603,-3.2218965491343603,2.245886521665067,-3.2218965491343603,7.890951114035827,-3.2218965491343603,1.074651743780981,-3.2218965491343603,-3.2218965491343603,-3.2218965491343603,8.820787785574172,8.714188563729838,7.300090100532871,2.7182399189201725,8.478467886561916,4.864836512662397,-3.2218965491343603,-3.2218965491343603,-3.2218965491343603,2.3804531235886905,-3.2218965491343603,-3.2218965491343603,4.678387786111853,-3.2218965491343603,-3.2218965491343603,-3.2218965491343603,-3.2218965491343603,-3.2218965491343603,-3.2218965491343603,-3.2218965491343603,-3.2218965491343603,-3.2218965491343603,-3.2218965491343603,-3.2218965491343603,-3.2218965491343603,-3.2218965491343603,-3.2218965491343603,1.8001135533610313,0.12033409004864559,2.5750888765462125,-3.2218965491343603,-3.2218965491343603,5.833666660423929,-0.0025259016222687336,-3.2218965491343603,4.668301026225376,-3.2218965491343603,4.444485731054172,7.905624194648728,4.500455682593666,-3.2218965491343603,-3.2218965491343603,-3.2218965491343603,-3.2218965491343603,-3.2218965491343603,2.3744034677598584,-3.2218965491343603,1.6891086917764113,5.63522883703366,-3.2218965491343603,-3.2218965491343603,7.0801561598668075,8.472733169773193,7.592650209637528,-3.2218965491343603,2.79382986791157,-3.2218965491343603,-3.2218965491343603,4.196301203426779,-3.2218965491343603,-3.2218965491343603,-3.2218965491343603,5.719644144197467,-3.2218965491343603,-3.2218965491343603,-3.2218965491343603,4.228824323259454,-3.2218965491343603,-3.2218965491343603,6.4103096876414725,3.722098095804194,4.215496599083669,4.233976139201009,5.37852085440794
CSM9X1Y3,-4.266739454404195,-4.266739454404195,5.039721638168545,-4.266739454404195,-4.266739454404195,3.5239207259609024,-4.266739454404195,6.1836433245839455,-4.266739454404195,-4.266739454404195,-4.266739454404195,-4.266739454404195,-4.266739454404195,6.864907347439238,7.872013390234764,4.8101750667284575,-4.266739454404195,7.070171194149308,2.5522960028842414,-4.266739454404195,-4.266739454404195,-4.266739454404195,2.4458449816668777,-4.266739454404195,-4.266739454404195,2.5040173485762285,2.9716523529790217,2.4082785905566553,1.9585382666155517,-4.266739454404195,3.0422275148861253,1.062458005148354,3.743139565561492,-4.266739454404195,-4.266739454404195,-4.266739454404195,-4.266739454404195,-4.266739454404195,-4.266739454404195,-4.266739454404195,3.4202902781465836,2.1353636597281627,-4.266739454404195,2.685993617527113,3.35585013578049,6.349861307617435,3.9065104017116115,-4.266739454404195,6.549303045090753,-4.266739454404195,4.965340373204363,7.54117233912738,1.6102252080723494,1.9383962880334646,-4.266739454404195,1.2643782749225512,-4.266739454404195,-4.266739454404195,3.465658294624993,-4.266739454404195,2.582450381909732,3.5599803229794986,3.6875293996133403,-4.266739454404195,5.961420766930093,7.251101477917338,6.442910259104627,-4.266739454404195,0.7251888215323632,-4.266739454404195,-4.266739454404195,5.308901274821516,-4.266739454404195,-4.266739454404195,-4.266739454404195,3.3366349758202167,-4.266739454404195,-4.266739454404195,1.8387822538446112,4.9311072243151575,-4.266739454404195,-4.266739454404195,5.512293264372947,1.954141709419373,1.8495135935842981,3.7151359657921885,3.353777179172898
CSM9X1Y5,3.336339933544962,-3.944335955019122,-3.944335955019122,8.58721597531654,-3.944335955019122,-1.918529358911556,2.0405402310306044,-3.944335955019122,-3.944335955019122,-3.944335955019122,-3.944335955019122,8.553167397303746,-3.944335955019122,5.525831325778889,-3.944335955019122,-3.944335955019122,-0.3761046635729315,-1.586808741492284,-3.944335955019122,-3.944335955019122,4.292958019873636,-3.944335955019122,1.7434729330985022,-3.944335955019122,-3.944335955019122,2.082606642051661,4.699667605765032,1.2234842136264223,2.8088592299623123,-3.944335955019122,2.505966254011316,1.0428864830433682,2.229366109931526,-3.944335955019122,3.1228488587861687,0.4284829240474135,-3.944335955019122,2.528779502882964,-3.944335955019122,5.515547083480771,1.2886918067128246,1.5869229518679102,2.549995962008328,-3.944335955019122,-3.944335955019122,4.568981406225792,-3.944335955019122,-3.944335955019122,7.248720673901282,-3.944335955019122,-3.944335955019122,7.182093387828527,4.585101793876316,1.5533686387991246,3.5975965776512506,3.534034786997249,-3.944335955019122,-3.944335955019122,5.176125485277865,0.2638376395019826,0.9939813129720658,3.696210215943653,-3.944335955019122,-3.944335955019122,6.1847473019161745,-3.944335955019122,-3.944335955019122,0.9269199705260256,-0.2953310136060452,2.7659379925200254,-3.944335955019122,7.175770304981829,7.2751312701884325,6.008839685889114,-3.944335955019122,-3.944335955019122,6.059713132530398,1.346285514645313,1.8153708789051635,4.585223701181705,1.0216049058015475,1.7054877046002979,6.315575388858267,-3.944335955019122,-3.944335955019122,0.2924875734062802,1.9506948622856193
CSM9X1ZO,7.993762391406552,3.4945817984941456,7.354469764132376,7.7523832116203515,5.29078344744398,-0.00442495260868192,-3.6761973766069076,-3.6761973766069076,7.6951474298544404,-3.6761973766069076,-3.6761973766069076,-3.6761973766069076,8.279563628217467,7.519387858757792,5.570993225854912,4.106703908498324,8.613632544254674,7.020099031778701,2.982748791588726,-3.6761973766069076,-3.6761973766069076,-3.6761973766069076,-3.6761973766069076,1.2576549052282413,-3.6761973766069076,1.7116910309549986,-3.6761973766069076,-3.6761973766069076,-3.6761973766069076,1.916177965489096,-3.6761973766069076,-3.6761973766069076,-3.6761973766069076,-3.6761973766069076,3.5066633873045285,-3.6761973766069076,1.3920645777445078,-3.6761973766069076,3.028307501870481,-3.6761973766069076,1.3576173691605522,-0.0016363839813990921,-3.6761973766069076,0.9713175718044678,1.4925686788320185,5.321389099614984,-3.6761973766069076,-3.6761973766069076,4.990619853950909,5.786636814177092,-3.6761973766069076,6.424337758993008,0.48311376429706065,-3.6761973766069076,-3.6761973766069076,-3.6761973766069076,-3.6761973766069076,-3.6761973766069076,0.2085544184840522,-3.6761973766069076,-3.6761973766069076,2.008727907964211,-3.6761973766069076,-3.6761973766069076,4.127986021207416,3.6127482846305297,6.981088413940055,4.59608191894058,-3.6761973766069076,1.8105495201580588,-3.6761973766069076,3.6607055623876406,4.18501970875718,2.2246012857880846,-3.6761973766069076,2.2824089160439573,4.20682830684683,-3.6761973766069076,0.3414912098594485,3.6371973747521356,-3.6761973766069076,-3.6761973766069076,5.864186831997964,-3.6761973766069076,-3.6761973766069076,-3.6761973766069076,-3.6761973766069076
CSM9X1ZQ,6.016136242193196,3.2988776775555335,7.312491460769405,7.338472566976781,5.034789818744035,-3.685144359120912,-3.685144359120912,-3.685144359120912,7.374937408673857,-0.6514428466585311,-3.685144359120912,-3.685144359120912,8.366262630264401,7.044093292296889,5.178805019711723,4.4175194468918795,9.1316244622195,7.127290195467275,3.2834916150253166,-3.685144359120912,-3.685144359120912,-3.685144359120912,-3.685144359120912,1.3284288024435487,-3.685144359120912,2.1908069831269588,-3.685144359120912,-3.685144359120912,-3.685144359120912,-3.685144359120912,-3.685144359120912,-3.685144359120912,-3.685144359120912,-3.685144359120912,2.1387715466943646,-3.685144359120912,-3.685144359120912,1.538218826309885,2.203482229541901,-3.685144359120912,2.5006600234338947,1.2828364009208588,-3.685144359120912,1.739468455509794,1.476973890049008,3.7165250600651873,-3.685144359120912,-3.685144359120912,4.806696742754034,5.526097929790127,-3.685144359120912,6.3928269867740335,0.8357185331056858,-3.685144359120912,-3.685144359120912,-3.685144359120912,1.618223870727805,-3.685144359120912,-0.19064334469899258,-3.685144359120912,-3.685144359120912,2.2812989283286065,3.646292049803293,-3.685144359120912,3.8847062382235737,4.235010713619908,7.115910364816073,6.676995412546512,-3.685144359120912,-3.685144359120912,-3.685144359120912,1.5778446265780488,3.549424314226785,1.661918275956939,-3.685144359120912,2.2496329150567025,4.501105255772615,-3.685144359120912,1.9295390728024238,3.831006261463396,-3.685144359120912,-3.685144359120912,5.133307368198833,-3.685144359120912,-3.685144359120912,-3.685144359120912,-3.685144359120912
CSM9X1ZY,6.126528624183054,3.708615717116799,6.7211528729700705,7.7049350986509015,5.396504786135193,-3.4724583302039456,-3.4724583302039456,-3.4724583302039456,7.968850461233746,1.3535605059266,-3.4724583302039456,-3.4724583302039456,8.394876631345099,7.712612498711131,6.889740906423384,4.75454274789693,9.121665758228344,7.47441548356311,2.700550933636859,-3.4724583302039456,-3.4724583302039456,-3.4724583302039456,-3.4724583302039456,1.7535696430268288,-3.4724583302039456,3.3769194891474292,-3.4724583302039456,-3.4724583302039456,-3.4724583302039456,-3.4724583302039456,-3.4724583302039456,-3.4724583302039456,-3.4724583302039456,-3.4724583302039456,-3.4724583302039456,-3.4724583302039456,1.9284731951108078,0.5713834544636462,2.9476072488536422,-3.4724583302039456,2.1989110358999984,1.4307819790514351,4.710001046643656,-3.4724583302039456,2.236626569863228,4.907498610499862,-3.4724583302039456,-3.4724583302039456,5.9612443584023715,-3.4724583302039456,-3.4724583302039456,6.88183528495587,-3.4724583302039456,-3.4724583302039456,-3.4724583302039456,-3.4724583302039456,-3.4724583302039456,-3.4724583302039456,0.16358496722439142,-3.4724583302039456,-3.4724583302039456,2.199307202685109,-3.4724583302039456,-3.4724583302039456,3.930766025559353,4.508241005790072,6.626054776532682,7.68511362841433,-1.1494253734352604,-3.4724583302039456,-3.4724583302039456,2.5686528714585286,5.493148062528024,2.9334512332213247,-3.4724583302039456,-0.044738654832135794,5.92970517257607,-3.4724583302039456,1.7105981907785424,3.131623824038078,-3.4724583302039456,-3.4724583302039456,5.450275681918889,-3.4724583302039456,-3.4724583302039456,-3.4724583302039456,-3.4724583302039456
CSM9X211,-3.9057388370244652,-3.9057388370244652,-3.9057388370244652,-3.9057388370244652,-3.9057388370244652,2.8510343739964137,-3.9057388370244652,7.604047446395935,-3.9057388370244652,4.708028581439871,1.01108035481791,-3.9057388370244652,-3.9057388370244652,4.9352055730207685,0.005998891624525271,6.032446844380735,7.811283819144095,6.793636451579192,4.625916903685365,-3.9057388370244652,-3.9057388370244652,-3.9057388370244652,-3.9057388370244652,-3.9057388370244652,-3.9057388370244652,-3.9057388370244652,-3.9057388370244652,1.3761511630670604,2.3410618505285887,-3.9057388370244652,3.1107553053034716,-3.9057388370244652,-3.9057388370244652,-0.8975051972865344,-3.9057388370244652,1.832241046666308,-3.9057388370244652,2.442512246202263,4.8465102758248015,-3.9057388370244652,4.080475100922028,-3.9057388370244652,-3.9057388370244652,-3.9057388370244652,0.24834652744903885,6.646038561518661,2.931519525440012,5.817080850917077,6.778559433681371,-3.9057388370244652,3.620824059986255,7.835207202148673,2.3946468986334715,2.497415282530249,3.394362489250666,-2.373490180638818,-3.9057388370244652,-3.9057388370244652,-3.9057388370244652,-3.9057388370244652,3.6383132122520996,2.2151676400558333,1.9503154883284868,-3.9057388370244652,5.049841869084973,6.194152331898223,-3.9057388370244652,6.5058626049871835,-3.9057388370244652,-3.9057388370244652,-3.9057388370244652,-3.9057388370244652,-1.679485975792069,4.507286384896651,-3.9057388370244652,-3.9057388370244652,-3.9057388370244652,1.3273333656131925,4.846494339676804,4.766778167746563,1.8954612699522642,0.5136566986064821,5.672765168580905,-3.9057388370244652,-3.9057388370244652,0.7260814910787783,1.5226669863229088
CSM9X213,1.4170472354660602,1.3633962929700472,2.3379919625502064,3.0294858380169174,2.4513094822500046,1.52799149530406,-4.5076229415214595,6.728507985132663,-4.5076229415214595,5.542401631796425,0.3108935903825909,0.287131272464892,-4.5076229415214595,4.958357987694684,4.3461050291113485,6.280286259363235,6.7320787295475935,6.456269923428469,4.41579447097968,2.357949380896101,-4.5076229415214595,-4.5076229415214595,-4.5076229415214595,-4.5076229415214595,-4.5076229415214595,-4.5076229415214595,-4.5076229415214595,-4.5076229415214595,1.1951068976737282,-4.5076229415214595,0.6992143915306084,-4.5076229415214595,-4.5076229415214595,-2.618606590387479,-4.5076229415214595,0.021854860923873787,-4.5076229415214595,1.4567008245922874,3.2276527835224877,-4.5076229415214595,2.45568046033721,-4.5076229415214595,-4.5076229415214595,-4.5076229415214595,0.9226898977402378,5.03494783511046,2.975098001267093,2.9654065075726805,5.86733988471852,3.4528274213784726,3.4046002324450306,6.990869307677631,0.23522579896345874,2.7781863216517477,1.965157297838509,-2.979770941774845,-4.5076229415214595,-4.5076229415214595,-4.5076229415214595,-4.5076229415214595,2.503716447408431,1.2791043193539817,2.634329506436414,-4.5076229415214595,4.998635570577327,5.204421941393682,1.6728177961749955,5.335229267849753,-4.5076229415214595,1.341392117801548,-4.5076229415214595,-4.5076229415214595,4.860629337349532,4.259114447720893,-4.5076229415214595,-4.5076229415214595,-4.5076229415214595,-0.23986837575656494,2.770326368053169,2.9142899764932384,-0.2654751613593138,-4.5076229415214595,4.781648061811786,-4.5076229415214595,-4.5076229415214595,1.5807584526433018,0.8073729415360589
CSM9X215,-3.8423990120970988,-3.8423990120970988,-3.8423990120970988,-3.8423990120970988,-3.8423990120970988,1.8791409702977493,1.2695572877974826,7.060073760122801,-3.8423990120970988,4.261699905151698,1.545416501042391,-3.8423990120970988,-0.6891129720123939,5.2967942721407315,0.523811409728216,6.957665400343696,7.556099728140446,7.073280370207403,5.1261257684546,-3.8423990120970988,-3.8423990120970988,-3.8423990120970988,-3.8423990120970988,-3.8423990120970988,-3.8423990120970988,-3.8423990120970988,-3.8423990120970988,-3.8423990120970988,1.8338994606591328,1.1055119171039465,-0.08529976512927284,-3.8423990120970988,-3.8423990120970988,-3.8423990120970988,-3.8423990120970988,-0.1579719670407762,-3.8423990120970988,-0.7194848268637717,2.240849669277308,-3.8423990120970988,2.927012872726732,-3.8423990120970988,-3.8423990120970988,-3.8423990120970988,-3.8423990120970988,5.684479243020925,2.659013808688931,3.4199618817648494,4.803304409533326,-3.8423990120970988,1.2099491153704527,6.9661565102400935,-0.008857081956248791,4.756487689705804,1.5199343965865726,-0.34230851830809605,-3.8423990120970988,-3.8423990120970988,-3.8423990120970988,-3.8423990120970988,2.6194865694385348,0.8421516106444535,3.7594276641405937,-3.8423990120970988,4.295688167281991,5.45421639037709,-3.8423990120970988,6.061047887542162,-3.8423990120970988,-3.8423990120970988,-3.8423990120970988,-3.8423990120970988,6.071969780033035,3.898230823977169,-3.8423990120970988,-3.8423990120970988,-3.8423990120970988,2.0361897990198674,3.0897444491322883,3.634137852499304,1.262904684966184,1.7461708448933617,4.766835077961318,2.7895175944379664,0.9888818306273706,3.839920135424152,2.5175754023134287
CSM9X219,-3.323599078410634,-3.323599078410634,-3.323599078410634,-3.323599078410634,-3.323599078410634,2.758018697371549,-3.323599078410634,7.450195860496785,-3.323599078410634,5.652535723079781,1.3195194200157445,-3.323599078410634,-3.323599078410634,4.717776593810446,-3.323599078410634,7.506898448226816,8.693289601131344,8.138343039410668,4.761841070915015,-3.323599078410634,-3.323599078410634,-3.323599078410634,-3.323599078410634,-3.323599078410634,-3.323599078410634,-3.323599078410634,-3.323599078410634,-3.323599078410634,-3.323599078410634,-3.323599078410634,-3.323599078410634,-3.323599078410634,-3.323599078410634,-3.323599078410634,-3.323599078410634,-3.323599078410634,-3.323599078410634,1.759152384448159,4.007048821269211,-3.323599078410634,2.7837946373768263,-3.323599078410634,-3.323599078410634,2.1732917664407747,-3.323599078410634,7.385925765846634,1.2018538962131586,4.050683534948686,6.868695645976043,-3.323599078410634,4.810743021388159,8.760547836985353,1.647412559311995,4.330078600710361,4.073129876930414,-3.323599078410634,-3.323599078410634,-3.323599078410634,-3.323599078410634,-3.323599078410634,3.6623312674050617,3.0497595427177,4.617166388082751,-3.323599078410634,6.929090495327184,6.327453951869503,-3.323599078410634,6.932246208164816,-3.323599078410634,-3.323599078410634,-3.323599078410634,-3.323599078410634,6.889582233902326,6.526389778519225,-3.323599078410634,-3.323599078410634,-3.323599078410634,-3.323599078410634,4.296568835510841,3.981299707648181,-3.323599078410634,-3.323599078410634,5.71283680257209,-3.323599078410634,-3.323599078410634,-3.323599078410634,0.7202568099423452
CSM9X21J,-4.432024259640601,-4.432024259640601,4.412131969050212,-4.432024259640601,-4.432024259640601,1.1007297473272892,-4.432024259640601,5.351687137195395,-4.432024259640601,-0.4607365967788173,-4.432024259640601,0.9856686724105241,-4.432024259640601,7.4165059995906715,7.752357323379864,5.331127081585765,-4.432024259640601,6.955941706227204,2.290528851100092,-4.432024259640601,2.009142397405639,2.943848504691073,2.3772990933066156,-4.432024259640601,-4.432024259640601,3.4945886221998936,1.2177645264419343,1.3094120169974879,1.9221451320817984,-4.432024259640601,0.8722137992115844,-0.947934680430583,-4.432024259640601,-0.0698523341264643,-4.432024259640601,-4.432024259640601,-4.432024259640601,-4.432024259640601,-4.432024259640601,-4.432024259640601,2.154459022958209,2.329703276192972,-4.432024259640601,1.4973002755464577,-4.432024259640601,6.577374169742614,2.9489850826839197,-4.432024259640601,6.151781541297339,-4.432024259640601,3.6219049516856217,7.286536914436221,-0.4664241324084273,3.2600564619948473,-4.432024259640601,-4.432024259640601,2.3666180490011,-4.432024259640601,1.8795549536500422,-4.432024259640601,0.5801970321529648,2.282530718935715,2.707157738128709,-4.432024259640601,4.840071580876132,6.540252802622561,6.934048962353212,-4.432024259640601,2.396480978428749,3.3575907218659644,-4.432024259640601,4.136002714271479,-4.432024259640601,2.4419000667349096,-4.432024259640601,3.2711188890029117,-4.432024259640601,-4.432024259640601,2.4607075222918615,4.139314481615408,1.277018885115373,-0.1608276875549972,4.633289081038883,2.833471970976209,2.596184559767252,3.558812612015763,3.8644143119074466
CSM9X21L,-0.07978302601698672,-4.346060882898213,4.454819017171827,0.46528586842002895,-4.346060882898213,2.302811705043565,-4.346060882898213,5.164357678988481,-4.346060882898213,-0.9642970634520243,-4.346060882898213,2.7118577591603996,-1.395618001974361,7.032428522994302,7.917188309203287,4.426012324971164,1.613416335521971,6.886718618386278,2.82161826379886,-4.346060882898213,3.5996881025096883,-4.346060882898213,3.501637815831674,-4.346060882898213,-4.346060882898213,2.447752042844791,-4.346060882898213,-0.29523422862592064,-4.346060882898213,-0.13611625557245866,0.7033033589495474,-1.9205323763922397,-4.346060882898213,-4.346060882898213,-4.346060882898213,1.7351242698507674,-4.346060882898213,-4.346060882898213,-4.346060882898213,-4.346060882898213,2.957702808556262,1.789865507443893,2.675014692625579,2.250514760663987,2.861779468437482,5.3727663731410935,2.263139662006055,-4.346060882898213,6.235682640437613,-4.346060882898213,-4.346060882898213,8.338488314833807,3.035052968454946,-4.346060882898213,-4.346060882898213,-4.346060882898213,0.4579298413420272,-4.346060882898213,1.700212584285259,-4.346060882898213,1.7243158201373756,3.818533682942122,2.6127075722221287,-4.346060882898213,5.727834817291848,6.791803024022856,5.937350836668575,2.515712587406748,-0.4114957442557561,-4.346060882898213,-4.346060882898213,4.041067667530063,0.3387093445611242,-4.346060882898213,-4.346060882898213,-0.0854169068905879,0.28848524211456095,-4.346060882898213,2.828769669333318,3.872956076954318,-0.9474328046883933,0.11371379796037395,5.023420367674772,0.9251634050176278,1.0537990055387887,2.111346741728161,2.7632242916318805
CSM9X21N,-4.152753981172847,-4.152753981172847,5.0929516437511335,-4.152753981172847,-4.152753981172847,2.253947877765821,-4.152753981172847,6.395967617503636,-4.152753981172847,-4.152753981172847,-4.152753981172847,2.965854568170484,-2.4144821610762115,7.943789612861273,8.302750709038722,5.995460964705217,-4.152753981172847,7.1483702235651965,3.0863042254642385,-4.152753981172847,1.953049918935168,0.4839924743784003,0.9247620907206286,-4.152753981172847,-4.152753981172847,2.1076934601540467,-4.152753981172847,1.7375919971978808,-4.152753981172847,-0.7603804433935295,1.5118246123563068,-0.9238190047588155,-4.152753981172847,1.9670399060407986,-4.152753981172847,2.668130988603256,-4.152753981172847,-4.152753981172847,-4.152753981172847,-4.152753981172847,3.124348510681428,1.3994060632620808,-4.152753981172847,2.591701668362333,1.4080647621395688,5.518567241460985,0.32254395267377234,-4.152753981172847,6.186397692867815,-4.152753981172847,-4.152753981172847,6.972958264799367,4.022566547644046,0.5434075410271415,-4.152753981172847,-4.152753981172847,1.4878719135999248,-4.152753981172847,-0.8313792187533746,-4.152753981172847,1.4655537506872989,4.583409228875,3.2511235821457696,-4.152753981172847,4.967718088967943,6.7338581359680445,6.859695582805611,-4.152753981172847,-1.025682413570129,3.033268147291513,-4.152753981172847,4.673694101432651,-4.152753981172847,1.0572752681210815,-4.152753981172847,3.782489944745773,-4.152753981172847,2.000965259153281,2.4410006841881886,3.6110850855640946,-1.272776062159501,-4.152753981172847,5.686222466031088,-0.8959635270199193,-0.6140012913982957,2.2704611514458986,2.209058838959126
CSM9X22G,6.454716927143636,2.209813772591751,6.511079323725907,6.9241110541626085,4.249907980048365,1.853279159684397,-4.8985295735633745,1.1992991223387843,5.39325360446003,0.0840635528937348,-2.666125745564427,4.092095245710289,6.405516752942644,5.710843796764697,5.060874807976669,2.645405974348301,7.288292748639267,5.672246806743997,1.5722300521296582,-4.8985295735633745,3.6018733686943287,-4.8985295735633745,2.5498451027082334,1.756902305438162,-0.24216232482538835,1.6069617539536303,0.9129552392615992,-4.8985295735633745,-4.8985295735633745,-4.8985295735633745,-4.8985295735633745,-4.8985295735633745,-4.8985295735633745,0.4990211837561489,1.321680955552912,-4.8985295735633745,3.097983130094474,1.1074938050995575,-0.6885812320869125,-4.8985295735633745,2.22433936222371,0.82652178391427,-4.8985295735633745,3.2670045693365397,1.1511393609438398,2.3331955924162484,1.4280945803697467,1.213106670322313,3.2346759796491087,4.6239652720626525,-4.8985295735633745,5.005977113862107,0.9253324967385597,-4.8985295735633745,-4.8985295735633745,-4.8985295735633745,-4.8985295735633745,-4.8985295735633745,2.6188035142358324,-0.7559186254635151,0.9319596637606811,2.1222575721740586,-4.8985295735633745,-4.8985295735633745,3.580324842711663,3.360138637960901,5.938434068202941,5.527848499784723,0.14826988688378862,-4.8985295735633745,-4.8985295735633745,1.4803939073421848,3.132695930829308,0.5041001938646428,1.8966222375259187,-0.0028853109881179506,6.2416516144174015,-4.8985295735633745,2.2758643941032757,3.5841970290022322,-4.8985295735633745,-4.8985295735633745,5.117839447429272,-4.8985295735633745,-4.8985295735633745,-4.8985295735633745,-4.8985295735633745
CSM9X22I,7.124041315157718,2.231947143667866,6.507269410606663,6.714683856331084,4.246931996722401,2.012715690868842,1.7984138415607251,-4.43337494039641,5.96585394350925,0.3505852871973918,-4.43337494039641,-3.1984759967479093,6.643746230266164,6.708200034153631,5.301962227125803,2.623426915763229,8.228795246607461,5.34433826104881,2.962105618443611,-4.43337494039641,3.026469656779855,-4.43337494039641,1.3814475774479629,1.789441292564364,-1.3652464317326274,2.319640584886706,-4.43337494039641,-4.43337494039641,-4.43337494039641,-4.43337494039641,-4.43337494039641,-4.43337494039641,-4.43337494039641,-1.0840584181576887,3.214326552623085,-4.43337494039641,2.8995612198884997,2.6104541020247334,2.855958667715747,-4.43337494039641,3.383367436363823,2.0624513904010087,-4.43337494039641,-0.9667180142602696,0.3643910040829592,3.333565427909301,3.5708477675897816,-4.43337494039641,4.008788272152255,6.6480754262236275,-4.43337494039641,6.400320896442317,0.9972461350033992,-4.43337494039641,-4.43337494039641,-4.43337494039641,-4.43337494039641,-4.43337494039641,1.0212278273536786,-4.43337494039641,0.8783109731062773,2.7674881046221005,2.4567550661823576,-4.43337494039641,4.06101165431793,2.7998591185925275,6.000737843933788,4.849281118378133,-1.1950443810242497,0.6074400460049869,-4.43337494039641,2.629613567916846,1.570083888316189,-4.43337494039641,-4.43337494039641,2.8694119299950547,5.538120119260352,-4.43337494039641,2.8868036422336925,3.9110359131237997,-4.43337494039641,-4.43337494039641,5.432410993379142,-4.43337494039641,-4.43337494039641,-4.43337494039641,-4.43337494039641
CSM9X22K,6.244270017435415,3.122074294012916,7.077968785234435,7.8385660415278045,5.300606743708266,0.47243939122827605,-3.94780695142088,-3.94780695142088,6.353225977231184,-3.94780695142088,-3.94780695142088,2.1129825018138773,7.133900674207132,7.034696741379803,6.837457468023329,2.5258834336753457,8.554481693082131,6.69807479943225,3.204520750740424,-3.94780695142088,-3.94780695142088,-3.94780695142088,-3.94780695142088,1.3366403368652815,-3.94780695142088,1.1813437508084697,1.737691835437161,-3.94780695142088,-3.94780695142088,-3.94780695142088,-3.94780695142088,-3.94780695142088,-3.94780695142088,0.33009929607733035,-3.94780695142088,-3.94780695142088,3.0349001957812813,-3.94780695142088,2.9456046702668734,-3.94780695142088,0.9774048948784664,3.996591356982904,-3.94780695142088,-3.94780695142088,-3.94780695142088,2.466129524391418,0.2984148089723888,4.060851384028396,6.461441280975379,5.257991716045496,-3.94780695142088,6.291488404123618,1.457173310119563,-3.94780695142088,-3.94780695142088,-3.94780695142088,4.460921455119727,-3.94780695142088,1.5384610456645227,-3.94780695142088,-3.94780695142088,2.5098919955660444,-3.94780695142088,-3.94780695142088,3.8168433621731923,3.6919761192257514,7.8327664583396475,-3.94780695142088,-3.94780695142088,1.800722218992096,-3.94780695142088,2.6645381376205197,5.371150988260241,3.479668114581651,-3.94780695142088,1.5848330457728412,3.954166012003637,-3.94780695142088,1.9283778332078159,4.716647421579705,-3.94780695142088,-3.94780695142088,5.175141018436459,-0.19233755641212014,-3.94780695142088,-3.94780695142088,0.7148867772552503
CSM9X22S,-3.7986146058970984,-3.7986146058970984,-3.7986146058970984,-3.7986146058970984,-3.7986146058970984,2.974669994957736,-3.7986146058970984,7.416462785420958,-3.7986146058970984,4.425003005366296,1.0179143637116699,-3.7986146058970984,-3.7986146058970984,6.078551832320084,-0.02858221680345885,6.971426004694751,7.831374536641603,7.566039806915736,4.847962899060645,-3.7986146058970984,-3.7986146058970984,-3.7986146058970984,-3.7986146058970984,-3.7986146058970984,-3.7986146058970984,-3.7986146058970984,-3.7986146058970984,-3.7986146058970984,0.1311680574100329,-3.7986146058970984,1.0007357570411273,-3.7986146058970984,-3.7986146058970984,-3.7986146058970984,-3.7986146058970984,1.5494550774772229,-3.7986146058970984,0.36994496434958,4.061756238748224,-3.7986146058970984,3.412426460446431,-3.7986146058970984,-3.7986146058970984,-3.7986146058970984,1.3697973701868538,6.673465047440563,2.2980030114474213,3.833818415277012,6.209037663801621,-3.7986146058970984,5.136722877369153,8.162630893471725,1.0355999854158053,4.505202861397671,3.0968625238797767,-1.0495427736034788,-3.7986146058970984,-3.7986146058970984,-3.7986146058970984,-3.7986146058970984,3.7115472643002043,2.0566552715472657,2.388278877138431,-3.7986146058970984,5.782111983556498,6.139409391325328,-3.7986146058970984,6.921750278250844,-3.7986146058970984,-3.7986146058970984,-3.7986146058970984,0.3914188152212841,0.9226837259417646,6.2597669972263565,-3.7986146058970984,-3.7986146058970984,-3.7986146058970984,3.0213568072754287,3.956588858750549,3.8706540608194286,1.4198639784374087,-3.7986146058970984,5.34692212852352,-3.7986146058970984,-3.7986146058970984,2.7570977491161575,1.950783740300901
CSM9X22U,-3.2086931495437128,-3.2086931495437128,-3.2086931495437128,-3.2086931495437128,-3.2086931495437128,2.9450622906398367,-3.2086931495437128,7.76229745015072,-3.2086931495437128,6.913757312905283,1.7718132951951535,-3.2086931495437128,-3.2086931495437128,4.425797730138426,0.08813070005639645,6.933879037313738,8.101981252782837,7.893770020437296,4.63527764378111,-3.2086931495437128,-3.2086931495437128,-3.2086931495437128,-3.2086931495437128,-3.2086931495437128,-3.2086931495437128,-3.2086931495437128,-3.2086931495437128,-3.2086931495437128,0.20674068598856188,-3.2086931495437128,-3.2086931495437128,-3.2086931495437128,-3.2086931495437128,-3.2086931495437128,-3.2086931495437128,-3.2086931495437128,-3.2086931495437128,-3.2086931495437128,3.8340049760573,-3.2086931495437128,4.440451246086361,-3.2086931495437128,-3.2086931495437128,-3.2086931495437128,-3.2086931495437128,6.917461712199089,2.8955589957631984,4.596378721824955,6.491061897312488,-3.2086931495437128,4.039411630468436,9.070157474938492,-3.2086931495437128,3.4583962814229245,3.486025852991646,-0.6124899682140317,-3.2086931495437128,-3.2086931495437128,-3.2086931495437128,-3.2086931495437128,3.215901699226504,1.9427230734156318,2.712029004843008,-3.2086931495437128,5.925628992346168,5.959336472945362,-3.2086931495437128,6.179528713017178,-3.2086931495437128,-3.2086931495437128,-3.2086931495437128,-3.2086931495437128,2.6548230277812417,6.01343392878932,-3.2086931495437128,-3.2086931495437128,-3.2086931495437128,3.236461403594838,5.095266569368016,4.781552836955801,-3.2086931495437128,-3.2086931495437128,5.9507469667241075,-3.2086931495437128,-3.2086931495437128,-3.2086931495437128,-0.06356010196244277
CSM9X23H,-2.7319210158709524,-2.7319210158709524,-2.7319210158709524,-2.7319210158709524,-2.7319210158709524,-2.7319210158709524,3.189088343595813,7.246487800463786,-2.7319210158709524,5.997894446104716,2.172639839779279,-2.7319210158709524,-2.7319210158709524,7.868448710756832,1.8153263645971407,7.822658880820457,8.482291355523879,7.508388055060224,6.451318755511136,-2.7319210158709524,-2.7319210158709524,-2.7319210158709524,-2.7319210158709524,-2.7319210158709524,-2.7319210158709524,-2.7319210158709524,-2.7319210158709524,-2.7319210158709524,-2.7319210158709524,-2.7319210158709524,-2.7319210158709524,-2.7319210158709524,-2.7319210158709524,-2.7319210158709524,-2.7319210158709524,-2.7319210158709524,-2.7319210158709524,-2.7319210158709524,-2.7319210158709524,-2.7319210158709524,3.6885212649240167,-2.7319210158709524,-2.7319210158709524,-2.7319210158709524,-2.7319210158709524,4.545409251278865,0.534583248428202,2.6010852272226845,4.6361826077516985,-2.7319210158709524,1.1125809724195008,7.870276614466983,1.3927442223943913,1.341279923252733,-2.7319210158709524,-2.7319210158709524,-2.7319210158709524,-2.7319210158709524,-2.7319210158709524,-2.7319210158709524,-0.24630447672692135,2.1463322695317384,-2.7319210158709524,-2.7319210158709524,6.402280230007549,6.6670996268141005,-2.7319210158709524,7.3023467125043435,-2.7319210158709524,-2.7319210158709524,-2.7319210158709524,4.237420773849958,5.194986279249066,3.995924835356359,-2.7319210158709524,-2.7319210158709524,-2.7319210158709524,-0.34245484773628476,3.609740283696998,4.122679503863327,-2.7319210158709524,-2.7319210158709524,5.8466145792278965,-2.7319210158709524,-2.7319210158709524,-2.7319210158709524,0.6766696755011399
CSM9X23N,-3.1521480242878503,-3.1521480242878503,1.2011860606691283,-0.4694592751176181,-3.1521480242878503,-3.1521480242878503,2.070528235620319,7.99259703865933,-3.1521480242878503,5.36312764680795,1.9977069895451312,3.5263449794991812,2.1024291705924494,6.829464991715367,2.6879498337898617,8.201207518451415,9.139292303232835,7.910065427418559,4.992896976202044,-3.1521480242878503,-3.1521480242878503,-3.1521480242878503,-3.1521480242878503,-3.1521480242878503,-3.1521480242878503,-3.1521480242878503,-3.1521480242878503,-3.1521480242878503,3.131718146935003,-3.1521480242878503,1.6412765900876725,-3.1521480242878503,-3.1521480242878503,2.9771617661858354,-3.1521480242878503,-3.1521480242878503,-3.1521480242878503,-3.1521480242878503,4.269979961058545,-3.1521480242878503,-3.1521480242878503,-3.1521480242878503,-3.1521480242878503,2.12774721250093,-3.1521480242878503,-3.1521480242878503,3.2865901425821447,4.548622395447239,5.722016446777758,-3.1521480242878503,3.3480717242980678,8.258707700760793,3.629675181947971,-3.1521480242878503,-3.1521480242878503,-3.1521480242878503,-3.1521480242878503,-3.1521480242878503,-3.1521480242878503,-3.1521480242878503,-3.1521480242878503,3.2380319947453087,-3.1521480242878503,-3.1521480242878503,7.623616793441576,7.095175125540084,-3.1521480242878503,7.238529291457727,-3.1521480242878503,-3.1521480242878503,-3.1521480242878503,-3.1521480242878503,-3.1521480242878503,4.854307200233207,2.2010172852942045,-3.1521480242878503,-3.1521480242878503,-3.1521480242878503,3.7640728338055487,2.756360129334035,-3.1521480242878503,-3.1521480242878503,5.314993678369722,-3.1521480242878503,-3.1521480242878503,-3.1521480242878503,0.08432045017987733
ESM5ME9U,-4.35705810356041,4.384226169543105,-4.35705810356041,8.065912472510643,-4.35705810356041,0.6155390398593497,-4.35705810356041,5.415702797659701,-4.35705810356041,5.101372831129488,-0.16521443600260532,-4.35705810356041,5.696238149601099,6.364735227417292,-4.35705810356041,5.17536618224572,7.075247475258962,6.882380507385374,3.998049718417027,-4.35705810356041,5.870251508887787,3.22900088211905,4.75485977180008,-4.35705810356041,-4.35705810356041,1.6055998697199136,-4.35705810356041,-4.35705810356041,1.3227801291701091,-0.29255962193250085,0.7240216813938698,-0.28899207175577146,-4.35705810356041,-1.6881388219022107,3.8063623536875273,3.3390578353301645,4.254460430860572,-0.5709868649528271,4.8475289577140925,4.921632736226735,2.7732473298313973,5.316795958178742,-4.35705810356041,-4.35705810356041,-4.35705810356041,5.785713253353732,3.178862108465495,-4.35705810356041,7.270355097591167,1.0490471873750433,3.994666417693911,6.953772333684754,2.4346606502830657,-4.35705810356041,-4.35705810356041,-2.3768991975501965,-4.35705810356041,-4.35705810356041,3.7686922737274866,-4.35705810356041,0.7799720874118243,3.167919375651307,-4.35705810356041,-4.35705810356041,5.030813653090722,-4.35705810356041,7.124474323894535,-4.35705810356041,0.8893225682835784,2.2728964639607065,-4.35705810356041,0.564534325474364,4.061214220416989,3.1595198064976326,-4.35705810356041,-4.35705810356041,-4.35705810356041,0.9179560036724439,1.4052628966236576,4.525919601197202,-4.35705810356041,-0.597297287201636,5.255389393875551,-4.35705810356041,-4.35705810356041,-4.35705810356041,-4.35705810356041
ESM5MEBS,0.9332424006679343,-4.4874155870501955,-4.4874155870501955,7.566036297966602,-4.4874155870501955,1.7979274680667539,-4.4874155870501955,6.1421986719399335,-4.4874155870501955,5.632793286470802,0.49396531041220015,-4.4874155870501955,4.848081105074956,6.3460298530551675,-4.4874155870501955,6.875556977738832,7.633429580139099,6.807001584750816,3.711130714573672,-4.4874155870501955,4.280756843565568,3.627983120518821,4.086638741219271,-4.4874155870501955,-4.4874155870501955,-4.4874155870501955,-0.6586533409155102,-1.6893502416526722,0.4675206945513377,0.3646302204602172,1.0206805517707558,-1.1654191135022565,-4.4874155870501955,2.792904914325656,3.3409123745024525,3.582106012350182,3.284208206229758,-4.4874155870501955,2.81786385859248,6.259212093188726,2.7349038451431182,4.3571489477602245,-4.4874155870501955,-4.4874155870501955,-4.4874155870501955,4.040916929792735,2.2211848658706694,-4.4874155870501955,5.656829306323737,-4.4874155870501955,3.8410282769227653,6.58274762352368,2.7556919410447938,-4.4874155870501955,-4.4874155870501955,-4.4874155870501955,-4.4874155870501955,-4.4874155870501955,2.86855027349446,-4.4874155870501955,-0.29091628085827104,3.234936571251982,-4.4874155870501955,-4.4874155870501955,5.2864927699684285,-4.4874155870501955,6.016511033361095,6.714118529997274,-1.0401391429420386,1.0650828330847126,-0.219322124380259,1.429094278305186,3.9559537178397157,5.0397850021778545,-4.4874155870501955,-4.4874155870501955,-4.4874155870501955,2.095197650565429,0.7539830812245469,3.1928392391909544,-0.40720597044970575,-4.4874155870501955,4.5358403084908545,-4.4874155870501955,-4.4874155870501955,0.7501688452113893,-0.2770961039672901
ESM5MEBU,-4.334490638317165,-4.334490638317165,-4.334490638317165,7.647647412615496,-4.334490638317165,0.3404142523861573,-4.334490638317165,4.903421295072152,-4.334490638317165,5.398457195061943,0.7039894287774988,-4.334490638317165,5.870287430098612,6.587058904431462,-4.334490638317165,6.476554699557244,7.554969881648347,7.153403509487722,2.527569804012403,-4.334490638317165,3.647443459837591,3.617847903405731,4.622398342382274,-4.334490638317165,-4.334490638317165,1.8784589713789526,-4.334490638317165,-4.334490638317165,-4.334490638317165,-4.334490638317165,-4.334490638317165,-4.334490638317165,-4.334490638317165,-1.678526647299181,3.3204064038974472,2.2433948449220606,3.169760526421004,-4.334490638317165,5.66448602836676,5.248856461096218,2.7009477794277883,5.6664737656979565,-4.334490638317165,-4.334490638317165,-4.334490638317165,5.329400121770738,2.9597149098109385,-4.334490638317165,6.426341559871666,-4.334490638317165,5.046362453208929,6.7505331650163,2.3148628766638826,2.5336616839290853,-4.334490638317165,-4.334490638317165,-4.334490638317165,-4.334490638317165,2.489538149873608,-4.334490638317165,1.8425289466662926,2.4026771305128065,-4.334490638317165,-4.334490638317165,4.179490465932567,-1.1207734369554583,6.434301873795684,5.938560574629838,1.3045822474154356,1.6640787166856175,-4.334490638317165,1.7693462536011655,7.275137524471242,4.76906177937182,-4.334490638317165,-4.334490638317165,-4.334490638317165,-4.334490638317165,0.7655839151541759,2.5446631405134292,0.853146263167849,-0.16163980817381152,4.473175029856421,2.5595687784805383,0.7346055640643421,2.94415382979253,1.7602214475091955
ESM5MEC3,-4.812855293610532,-4.812855293610532,-4.812855293610532,7.735293610959706,-4.812855293610532,2.337781390932645,-4.812855293610532,4.548729257825457,-4.812855293610532,5.1003992259416,-0.04892883052048447,-4.812855293610532,5.760639166081836,5.919986072228837,-4.812855293610532,6.097927846874084,4.441816336488143,5.889394019555366,3.592547393923377,-4.812855293610532,5.194444532533938,4.191094015739199,4.921700890858214,-4.812855293610532,-4.812855293610532,1.5963577854567434,-4.812855293610532,-4.812855293610532,2.2353500160292574,0.07702725369449936,4.819673763586766,1.2970702192120935,-4.812855293610532,1.1540700678632048,2.9627322862368963,3.9643670197598784,3.4866156760026863,-4.812855293610532,2.850928820679795,5.622105235307385,2.076919368639741,4.287691979930316,-4.812855293610532,-4.812855293610532,-4.812855293610532,3.6698306553450095,3.863453182991429,-4.812855293610532,5.569667479670175,1.4763666212974975,5.004667343895749,6.617024083275059,3.142992483569521,-2.3313993631569954,-4.812855293610532,0.6583665765898257,0.300625078177454,-1.2648483672490674,3.7661629222149813,-4.812855293610532,-1.2933568895579342,3.119319064234017,2.1430638271210958,-4.812855293610532,5.1827229035866464,-4.812855293610532,6.812561959582546,-4.812855293610532,1.6779627309583098,-4.812855293610532,-4.812855293610532,2.246320881876678,5.48900748722407,4.241928921563108,-4.812855293610532,-4.812855293610532,-4.812855293610532,1.4251286200819946,0.9719273251871652,2.998044735858908,-4.812855293610532,-4.812855293610532,4.945616393418491,-0.45152065964014376,-4.812855293610532,-0.7363376851881362,0.8045831140422681
ESM5MEC5,-4.100305219154759,-4.100305219154759,-4.100305219154759,7.695766053543269,-4.100305219154759,2.079400563260826,-4.100305219154759,5.066790335377467,-4.100305219154759,5.830629372655405,0.3002763026277382,-4.100305219154759,6.642529977190766,7.122769661067721,-4.100305219154759,7.067245939536221,8.218959957469172,7.4021131606263,4.580936638431008,-4.100305219154759,3.9031053557231106,2.825852144420426,3.6331790818806198,-4.100305219154759,-4.100305219154759,2.5032444765480353,-4.100305219154759,-4.100305219154759,-4.100305219154759,-4.100305219154759,-4.100305219154759,-4.100305219154759,-4.100305219154759,-4.100305219154759,1.6430660097932197,3.1097726350040746,1.9735786892198304,-4.100305219154759,3.2320068823029517,5.413170042459799,2.996808233470447,5.035083042004665,-4.100305219154759,-4.100305219154759,-4.100305219154759,2.6998431078565917,1.4038320490043201,-4.100305219154759,5.967828909605817,1.7586095893976994,5.379242807621683,6.228161236571365,2.908866281615304,2.599439622959167,-4.100305219154759,-4.100305219154759,1.5329976597282293,-4.100305219154759,3.8333617193940457,-4.100305219154759,0.43338613943593174,1.8611078720458787,-4.100305219154759,-4.100305219154759,5.04778762741678,-4.100305219154759,6.864549702849068,6.354792446101159,1.9204339847561522,-4.100305219154759,-0.30686385387045334,3.303014067960177,7.283329342933123,4.638376717131831,-4.100305219154759,-4.100305219154759,-4.100305219154759,-4.100305219154759,-0.1882134579472794,3.9774096148975167,-4.100305219154759,-4.100305219154759,4.144455525124087,1.792908773061134,-4.100305219154759,2.1012598099317596,2.697533011769666
ESM5MEC9,-2.577837511879986,-0.0816294669523927,3.6846350247806736,-2.577837511879986,-2.577837511879986,-2.577837511879986,2.002883520736086,-2.577837511879986,-2.577837511879986,6.585835706053387,-2.577837511879986,-2.577837511879986,-2.577837511879986,9.55353294221533,10.387715754831799,-2.577837511879986,8.602989970047336,8.415339494533757,2.5912113010982427,-2.577837511879986,-2.577837511879986,-2.577837511879986,-2.577837511879986,-2.577837511879986,-2.577837511879986,-2.577837511879986,1.4705747996802945,2.5648088404327716,1.7143507469413475,-2.577837511879986,5.2768029950182145,-2.577837511879986,-2.577837511879986,-2.577837511879986,-2.577837511879986,-2.577837511879986,4.920588383222029,-2.577837511879986,-2.577837511879986,-2.577837511879986,-2.577837511879986,3.576395545365598,-2.577837511879986,2.688747402654162,2.2400896906116934,-2.577837511879986,4.999758756353182,-2.577837511879986,7.589785527114001,-2.577837511879986,-2.577837511879986,9.3715398900133,-2.577837511879986,1.6840063397447675,2.150367744971911,1.0473433110396773,-2.577837511879986,2.7642507303017627,-2.577837511879986,-2.577837511879986,-2.577837511879986,2.425406324318658,3.1063841520741633,-2.577837511879986,4.265598274368883,-2.577837511879986,8.173885404178503,-2.577837511879986,-2.577837511879986,-2.577837511879986,-2.577837511879986,-2.577837511879986,-2.577837511879986,-2.577837511879986,2.0507790060405267,-2.577837511879986,-2.577837511879986,4.729983458275942,3.0935662397668917,4.3616184726342455,-2.577837511879986,-2.577837511879986,6.06764470988588,0.17423280687315135,-2.577837511879986,-2.577837511879986,1.5870234413203121
ESM5MEDU,-4.345679686497975,-4.345679686497975,-4.345679686497975,7.301718712061085,-4.345679686497975,1.3097950584666815,-4.345679686497975,5.727277570187686,-4.345679686497975,5.411533609490489,1.3372460137705016,-4.345679686497975,6.956013852628244,6.754889343984036,-2.20064572595067,7.043291848223683,7.340776847922433,7.284436609382754,4.377950311498448,-4.345679686497975,5.292521499321903,2.956014399427376,4.131227223366736,-4.345679686497975,-4.345679686497975,2.787390419052639,-4.345679686497975,-4.345679686497975,-4.345679686497975,-4.345679686497975,0.46834927113208913,-4.345679686497975,-4.345679686497975,-4.345679686497975,2.989586832761522,3.633229565390323,3.299693630490781,-4.345679686497975,4.077579041386198,6.03703248281642,2.709994987241325,4.615639915341139,-4.345679686497975,-4.345679686497975,-4.345679686497975,5.609299745632066,1.6372757012853407,-4.345679686497975,6.205192756911202,1.7843049402239535,5.695953409317013,6.881657940396359,2.010561531880432,2.8460109010379684,-4.345679686497975,-4.345679686497975,-4.345679686497975,-4.345679686497975,3.3827206746372873,-4.345679686497975,-0.1391298571620858,2.3275951679753666,2.817690404600093,-4.345679686497975,5.132766625051844,-1.5872720517961767,6.671648941657791,-4.345679686497975,2.2461219835659136,-4.345679686497975,-4.345679686497975,3.0562426541548087,4.978452197358665,5.993719777497456,-4.345679686497975,-4.345679686497975,-4.345679686497975,0.5763324746799494,1.5660227805167883,3.5392094658272217,-4.345679686497975,-4.345679686497975,4.69306552789261,1.0049397790399492,-4.345679686497975,-0.42800363581554635,0.18420441690270906
ESM718SY,-4.354182669593499,4.533563717169221,-4.354182669593499,8.064607373363586,-4.354182669593499,1.2707026814927271,-4.354182669593499,5.08018817181682,-4.354182669593499,6.078389674910072,0.3313043687376478,-4.354182669593499,6.435243122946496,6.820492062459612,-0.127824462392363,6.481906941303185,6.421268907435547,7.0086488106314135,3.2715573576044825,-4.354182669593499,5.612624260754015,2.9034266860503672,3.549995138870754,-4.354182669593499,-4.354182669593499,1.22562701534949,-4.354182669593499,-4.354182669593499,1.4602450289365514,-4.354182669593499,-4.354182669593499,-4.354182669593499,-4.354182669593499,0.21707799493002256,3.0819924308828215,2.328675952568137,2.5218027188118732,-4.354182669593499,5.225920554909412,5.63083814568945,2.439831722655671,4.830972951119754,-4.354182669593499,-4.354182669593499,-4.354182669593499,4.927296609318591,3.662078537052544,-4.354182669593499,6.4713587730098405,2.6362792108279267,5.51564694093862,6.727026283359612,2.8990743869388993,-4.354182669593499,-4.354182669593499,-4.354182669593499,0.6284409222023211,-4.354182669593499,2.8879979155776887,-4.354182669593499,1.372002526363966,2.5417626624080363,2.065222044588399,-4.354182669593499,5.520796716318279,-4.354182669593499,7.079605203265912,4.62530374989838,1.1996782323895783,-4.354182669593499,-4.354182669593499,1.6823548778544604,5.534579618190577,4.7097293125535575,-4.354182669593499,-4.354182669593499,-4.354182669593499,1.285287422558735,1.76679269196062,3.730293056111015,-4.354182669593499,-4.354182669593499,4.673735774786354,-4.354182669593499,-4.354182669593499,-4.354182669593499,-4.354182669593499
HSM5MD3Y,-4.296177482031698,-4.296177482031698,-4.296177482031698,-4.296177482031698,4.127981226843037,3.561018465759954,-4.296177482031698,7.141610443855949,-4.296177482031698,5.894042463984447,-4.296177482031698,6.854753319588768,-4.296177482031698,6.083072157317272,6.335214559291424,-4.296177482031698,7.431290772925813,1.463707599994546,-4.296177482031698,-4.296177482031698,-4.296177482031698,1.8357894036856477,2.069879536475404,2.8624483687060787,-4.296177482031698,4.693110480884583,3.294311405963559,-4.296177482031698,-4.296177482031698,-4.296177482031698,0.7040800337608211,-4.296177482031698,-4.296177482031698,1.7140396526029704,-4.296177482031698,2.6222659356749967,1.8336035861192244,-4.296177482031698,1.2493902701171837,-4.296177482031698,2.0323847086783022,4.368577621201461,-4.296177482031698,5.251749910575532,-4.296177482031698,-4.296177482031698,1.7975110432612889,1.1786563627415134,6.427535780572628,-4.296177482031698,5.651466274588202,7.612790141597383,-4.296177482031698,6.327163538281741,-4.296177482031698,-4.296177482031698,-4.296177482031698,2.3273964656859976,2.8821191804911095,-4.296177482031698,4.057183833214177,-4.296177482031698,4.181126105252221,-4.296177482031698,-4.296177482031698,5.461839868678569,7.30185947063794,-4.296177482031698,3.5679949816153593,4.115080099602994,-4.296177482031698,-4.296177482031698,-4.296177482031698,3.2412309850595147,6.995583302584143,-4.296177482031698,-4.296177482031698,2.8880067457655727,2.039355932770338,3.89853530285814,1.5110343259266266,2.4529845300074262,4.769447736465799,3.671310419294337,3.418775607455701,5.695352572594835,6.432324160415433
HSM5MD41,-4.569360310360066,-4.569360310360066,-4.569360310360066,-4.569360310360066,4.823713436100543,0.04020362064105498,-4.569360310360066,7.142093755330217,-4.569360310360066,4.83555663870834,-4.569360310360066,7.555143911403495,-4.569360310360066,7.118678287012187,7.556774274418968,-4.569360310360066,7.627260244295262,-4.569360310360066,2.391980431600789,-4.569360310360066,-4.569360310360066,3.0069113816927384,3.9084419322806125,3.717037255287779,0.7314265624411771,2.2477642128997086,-4.569360310360066,-1.1133129615499548,1.610569960778637,-0.5804887391777118,3.304534367466113,-1.4520154895960093,-4.569360310360066,3.256689366871581,3.2263384950333682,4.491908045877646,2.1817892502851945,-1.6630318549337328,1.464883891302037,1.9929802542528305,2.001183775570575,2.4161223684179305,-4.569360310360066,4.680209064430422,-4.569360310360066,-4.569360310360066,2.5071659601816956,0.2629855765968099,4.739187960589829,1.9255837518229546,3.1795413415914995,5.752513590648533,2.8915029687483376,-4.569360310360066,0.09471169136878466,-1.8400260384010156,-4.569360310360066,1.1928257052620754,1.0938344720026656,-0.15116802023941034,-0.0261172967865253,2.04931319862376,-4.569360310360066,-4.569360310360066,3.1418260822697492,5.7029223737189945,5.69302506112899,-4.569360310360066,1.208147885627156,1.6009919035455198,-4.569360310360066,-0.3802572755433964,-4.569360310360066,1.7300279960067817,-4.569360310360066,3.195167839528538,-4.569360310360066,1.4040107365397034,2.543151522100956,3.279621545239272,-4.569360310360066,-1.0357004535555827,3.3869647263757185,-4.569360310360066,-4.569360310360066,2.119209257694126,0.6412453645470055
HSM5MD43,-4.344751546439785,-4.344751546439785,-4.344751546439785,-4.344751546439785,4.158373156175649,-2.5097218000670765,-4.344751546439785,6.661137127290269,-4.344751546439785,5.054835658436977,-4.344751546439785,6.70941431744618,-4.344751546439785,7.967085286315415,7.595735979591894,-4.344751546439785,7.557571958349976,-4.344751546439785,-4.344751546439785,-4.344751546439785,-4.344751546439785,2.707468964502736,5.1612406909139805,3.6049949643500874,0.0319457002839485,2.390587362416783,2.1999025084063746,-2.6669047922718843,-4.344751546439785,1.3994134771583315,1.7089089769642118,0.5055014904925272,-4.344751546439785,4.722060027844564,-4.344751546439785,4.848518539835697,2.27719913559391,-4.344751546439785,3.2936135102901964,3.5537333946944862,1.2649960784824277,3.2796175671273753,-4.344751546439785,3.9906331456756963,2.2480763429033193,-4.344751546439785,1.710097648794231,1.1144157448722787,5.305982708129492,2.290717601123693,1.9995674396161718,7.877985678064789,1.816387293409666,2.577672331793435,1.1990939635387932,-4.344751546439785,-4.344751546439785,1.3837313702649325,2.28632074566716,-2.193662560590676,-1.2509274176715959,1.1057572171191836,-4.344751546439785,-4.344751546439785,2.3294428366928743,4.250129762416079,4.127356855609539,-4.344751546439785,-0.8954593128066755,-4.344751546439785,-4.344751546439785,2.8070650837554263,-4.344751546439785,2.6490977414284957,2.668510689106812,2.511894925001479,-4.344751546439785,3.072733525411996,2.114701036034715,4.956077862848487,-4.344751546439785,-0.2964783746491353,6.020445782174356,-2.5425784566985286,-4.344751546439785,1.76487894576852,1.2553085206740278
HSM67VGY,-4.895232228793617,-4.895232228793617,-4.895232228793617,-4.895232228793617,4.36721487638589,1.4314341990103445,-4.895232228793617,6.010124183183063,-4.895232228793617,5.312476562979004,-4.895232228793617,4.931321970489163,-3.1735175646326432,6.522595443874813,4.690338641221557,-4.895232228793617,7.581035262235465,-4.895232228793617,0.9881668199140341,-4.895232228793617,-4.895232228793617,3.568369434418554,5.637819178674084,4.059179842462071,1.2818957646624805,3.914295285391259,1.3305560738171414,-4.895232228793617,-1.096510818144079,0.9823334803284327,1.4414647879629863,-4.895232228793617,-4.895232228793617,0.031178081221323595,0.808666719315486,0.6258980571322947,3.491458761472657,-0.5418294093274714,4.400050232218571,0.32779770559595356,2.2688339305653944,4.024421571289407,-1.4034159281259697,0.1656009706266417,-4.895232228793617,0.9085984564829488,0.5445516202049632,1.1583667409317995,5.153588329532578,1.469709707088219,6.011258379442302,7.475170781888048,2.5243578758240526,1.2657225901493554,2.1324307596637766,-4.895232228793617,-4.895232228793617,-4.895232228793617,1.2652818263182235,0.4380109789285864,1.2568701888286267,2.0734924634286216,2.2823974570537224,-4.895232228793617,-4.895232228793617,5.483428124769036,5.78707627275272,-4.895232228793617,1.4933255365519216,-4.895232228793617,-4.895232228793617,4.187770469737085,-4.895232228793617,3.63890250923086,-4.895232228793617,3.782213908978976,-4.895232228793617,-4.895232228793617,1.251967756685743,3.346098945617329,-0.49717781459874466,0.5704971551931202,3.846045487814358,2.0568511293932508,0.4088540586832039,3.656647622973786,2.473059895796637
HSM67VH1,-4.101746682935213,-4.101746682935213,-4.101746682935213,-4.101746682935213,3.566847426525052,2.9168236363684032,-4.101746682935213,6.80110803518218,-4.101746682935213,5.363422504832213,-4.101746682935213,1.0412279538027605,-4.101746682935213,5.9237532758807765,6.695269370858355,-4.101746682935213,7.3530192431136365,-4.101746682935213,-4.101746682935213,-4.101746682935213,-4.101746682935213,4.345802952674637,4.533422393402617,2.0967485361706597,-4.101746682935213,3.81320135082278,-4.101746682935213,-4.101746682935213,-4.101746682935213,1.4217062243528318,-1.9172194163957617,-4.101746682935213,-4.101746682935213,-4.101746682935213,-4.101746682935213,-4.101746682935213,2.292210384390975,-0.2367282546996048,2.9664526778958917,-4.101746682935213,2.6368058305891333,4.859919491029337,-4.101746682935213,-4.101746682935213,-4.101746682935213,4.6416228825237456,4.046914678732894,2.1498537287629045,6.303640377778865,-0.3575314358444004,7.0306856134492985,8.650174055939566,1.036431101654765,2.6528104780462627,1.9958597614980595,-4.101746682935213,-4.101746682935213,-0.6285845975024209,0.532101121097952,-4.101746682935213,2.803873658208639,0.13395595264865,2.339035702766097,-4.101746682935213,1.0077752096580515,4.834958508128432,6.420706404813121,-4.101746682935213,3.100858655995718,1.3399503687630965,-4.101746682935213,1.7000673587004425,8.194652042428908,2.3822026033474586,-4.101746682935213,2.8400588661500903,-4.101746682935213,0.3889640778542667,2.134336475213426,3.9943265885294412,-4.101746682935213,1.0942316419334883,4.111583182734342,1.8503741685177095,1.383364418109032,3.4573559516212358,0.9890453063937485
HSM6XRR5,2.6419455279967705,-4.480888376507528,2.1608650412820953,4.063549263822276,3.541696673213168,0.3840018191308321,2.42005631687241,-4.480888376507528,-4.480888376507528,-4.480888376507528,0.3009403873844061,1.1232602784847305,6.880276642660867,5.6273772087335985,7.473312751754556,3.5444348784700432,6.829684692866127,5.782291534987868,-4.480888376507528,2.477860045284608,6.4538075327770414,4.778396074310751,4.874248289130012,4.297063298934638,0.8041026878276298,3.196413174087498,-4.480888376507528,-4.480888376507528,-4.480888376507528,-4.480888376507528,2.3780333876397126,-4.480888376507528,-4.480888376507528,1.5450383859239993,2.8234299830497864,2.9863829294471973,5.946876815902337,3.0300103154460682,2.8192819349055176,-4.480888376507528,3.92385719102891,5.773701350699026,-4.480888376507528,5.119538873884441,-4.480888376507528,3.1432259268927343,4.669430157828086,1.65186707829508,7.074227466506963,6.047230737362635,2.1523447850715014,7.7033710354325216,-4.480888376507528,-4.480888376507528,0.7283464693971489,-4.480888376507528,-4.480888376507528,-4.480888376507528,-4.480888376507528,0.35676731871268785,2.7459977892756813,1.6683649280963389,-4.480888376507528,-4.480888376507528,4.185997868974026,-4.480888376507528,4.266874444750255,-4.480888376507528,2.931764823666672,-4.480888376507528,2.5614392636711445,1.7324600127770644,-4.480888376507528,4.139799249475443,-4.480888376507528,-4.480888376507528,-4.480888376507528,-4.480888376507528,3.408310050179832,4.789895304634458,-4.480888376507528,-4.480888376507528,6.237861814376215,-4.480888376507528,-4.480888376507528,-4.480888376507528,-4.480888376507528
HSM6XRR7,-4.655123723509909,-4.655123723509909,2.7235624050542713,4.528368153465391,3.774267246712344,0.9044076846361122,2.289094865274116,-4.655123723509909,-4.655123723509909,0.5142121694512589,0.14318803410202108,-4.655123723509909,5.0352391375877374,4.546970344558712,8.062138395939398,5.287124134665922,6.072504860858887,5.857789650849178,-0.6590763560078212,3.694388123496476,6.455270282337343,4.440034515349724,5.126377800478304,2.795480028062304,-4.655123723509909,2.505775413370551,-4.655123723509909,0.16042185819072863,-4.655123723509909,0.7603208497803067,1.5154246194181002,1.715145481011647,-4.655123723509909,0.2547496814014689,-4.655123723509909,3.334261255812761,5.902507385402018,2.5929374882871983,3.8655266040176857,-4.655123723509909,2.198546043820299,3.9870384711534888,-4.655123723509909,4.943661226602738,-4.655123723509909,4.412165674144468,3.267874777717097,1.990113625320217,6.738622773249732,4.133973985340084,1.3900452747862602,7.440759721433048,-4.655123723509909,1.099115801752955,0.5135806611046778,-4.655123723509909,-4.655123723509909,-4.655123723509909,-4.655123723509909,-0.6035076518784166,1.6282724334665115,1.8538163125065736,-4.655123723509909,-4.655123723509909,4.869529524752147,-0.5656250801829419,3.7081782057339163,-4.655123723509909,2.4843516402961185,-4.655123723509909,-4.655123723509909,3.106743410272262,-4.655123723509909,0.7999968749911517,-4.655123723509909,-1.6223387477087048,-4.655123723509909,-4.655123723509909,3.8811315128995227,3.0089026818428133,1.0314538918928555,1.7198834697356427,5.631068502432607,-4.655123723509909,-4.655123723509909,-4.655123723509909,0.3386869153148968
HSM6XRR9,-0.40981543518083186,-0.40981543518083186,-0.40981543518083186,-0.40981543518083186,-0.40981543518083186,-0.40981543518083186,-0.40981543518083186,-0.40981543518083186,-0.40981543518083186,-0.40981543518083186,-0.40981543518083186,-0.40981543518083186,-0.40981543518083186,-0.40981543518083186,12.453449143582514,-0.40981543518083186,-0.40981543518083186,12.073109339319156,-0.40981543518083186,-0.40981543518083186,-0.40981543518083186,-0.40981543518083186,-0.40981543518083186,-0.40981543518083186,-0.40981543518083186,-0.40981543518083186,-0.40981543518083186,-0.40981543518083186,-0.40981543518083186,-0.40981543518083186,-0.40981543518083186,-0.40981543518083186,-0.40981543518083186,-0.40981543518083186,-0.40981543518083186,-0.40981543518083186,-0.40981543518083186,-0.40981543518083186,-0.40981543518083186,-0.40981543518083186,-0.40981543518083186,-0.40981543518083186,-0.40981543518083186,-0.40981543518083186,-0.40981543518083186,-0.40981543518083186,-0.40981543518083186,-0.40981543518083186,-0.40981543518083186,-0.40981543518083186,-0.40981543518083186,-0.40981543518083186,-0.40981543518083186,-0.40981543518083186,-0.40981543518083186,-0.40981543518083186,-0.40981543518083186,-0.40981543518083186,-0.40981543518083186,-0.40981543518083186,-0.40981543518083186,-0.40981543518083186,-0.40981543518083186,-0.40981543518083186,-0.40981543518083186,-0.40981543518083186,-0.40981543518083186,-0.40981543518083186,-0.40981543518083186,-0.40981543518083186,-0.40981543518083186,-0.40981543518083186,-0.40981543518083186,-0.40981543518083186,-0.40981543518083186,-0.40981543518083186,-0.40981543518083186,-0.40981543518083186,-0.40981543518083186,-0.40981543518083186,-0.40981543518083186,-0.40981543518083186,12.356830683370404,-0.40981543518083186,-0.40981543518083186,-0.40981543518083186,-0.40981543518083186
HSM6XRRB,-2.184004212606226,-2.184004212606226,-2.184004212606226,-2.184004212606226,-2.184004212606226,-2.184004212606226,-2.184004212606226,-2.184004212606226,-2.184004212606226,11.47344129680795,-2.184004212606226,-2.184004212606226,0.8282457656995454,1.022743793703798,1.448179224139185,-2.184004212606226,-2.184004212606226,1.8185483967458218,-2.184004212606226,-2.184004212606226,-2.184004212606226,-2.184004212606226,-2.184004212606226,-2.184004212606226,-2.184004212606226,3.664781477891511,-2.184004212606226,1.550062831940691,-2.184004212606226,-2.184004212606226,6.912839337897517,-2.184004212606226,7.388073357938976,-2.184004212606226,-2.184004212606226,6.276845352926541,-2.184004212606226,-2.184004212606226,-2.184004212606226,-2.184004212606226,-2.184004212606226,-2.184004212606226,-2.184004212606226,-2.184004212606226,-2.184004212606226,6.8209785196080555,-2.184004212606226,-2.184004212606226,-2.184004212606226,-2.184004212606226,-2.184004212606226,1.241145214136747,-2.184004212606226,-2.184004212606226,4.1316008374059265,-2.184004212606226,-2.184004212606226,-2.184004212606226,-2.184004212606226,5.447251853898053,-2.184004212606226,2.8907093527669456,-2.184004212606226,6.4946053700131,5.52608917872056,-2.184004212606226,-2.184004212606226,-2.184004212606226,5.926359150151858,-2.184004212606226,-2.184004212606226,9.176366383158484,-2.184004212606226,4.885211383745484,-2.184004212606226,0.7146844443363829,-2.184004212606226,4.221058023667131,5.143076255705753,5.433852420768824,-2.184004212606226,-0.7193321510053572,5.708359318326032,2.3495847554252336,-2.184004212606226,2.8549823083088395,4.150770917139189
HSM6XRRD,-3.8108976271599317,-3.8108976271599317,0.04883968300156383,5.680022947688124,4.367200887965736,-3.8108976271599317,-3.8108976271599317,-3.8108976271599317,-3.8108976271599317,-0.11170729997593476,-0.6011082903351852,-3.8108976271599317,7.342343441680295,5.850042714712311,9.068017739511351,-3.8108976271599317,7.167898972781662,6.5520194418607,0.03890232448794606,3.1610412970126713,5.482551106039555,3.9571454143560034,3.268842674771717,-3.8108976271599317,-3.8108976271599317,3.515378590202541,-3.8108976271599317,-3.8108976271599317,-3.8108976271599317,-3.8108976271599317,-3.8108976271599317,-3.8108976271599317,-3.8108976271599317,-3.8108976271599317,-3.8108976271599317,-3.8108976271599317,3.138943059549752,1.7371096938223651,2.7700941772111687,-3.8108976271599317,3.4080308376669786,5.466781819869717,-3.8108976271599317,1.0508799360656536,0.5146399698867139,5.441609995368457,2.2562125441936516,1.9746017293102138,7.545437560060995,4.703994316302925,1.7236158147011391,7.593080294181698,-3.8108976271599317,5.972418384943719,-3.8108976271599317,-3.8108976271599317,-3.8108976271599317,-3.8108976271599317,-3.8108976271599317,-3.8108976271599317,-3.8108976271599317,-1.14013376542621,-3.8108976271599317,-3.8108976271599317,4.947850972873825,0.9781108623048205,5.701921105776141,-3.8108976271599317,3.2632961976564046,4.407140109725168,7.155300546488903,-3.8108976271599317,-3.8108976271599317,7.174070216268893,-3.8108976271599317,-3.8108976271599317,-3.8108976271599317,-3.8108976271599317,1.578317394070952,3.092597223443411,5.2226726246452,5.442089716705798,5.484664697407823,-3.8108976271599317,3.5889689408845786,2.1304398547941883,-3.8108976271599317
HSM6XRTM,-4.40789421096323,-4.40789421096323,-4.40789421096323,-4.40789421096323,4.723743624142983,0.2709325716269859,-4.40789421096323,7.494016591807797,-4.40789421096323,6.383122785532585,-4.40789421096323,5.866572668874026,-4.40789421096323,6.776993964381537,6.157496559300819,-4.40789421096323,7.469834942812761,-2.0861514840787336,-4.40789421096323,-4.40789421096323,-4.40789421096323,3.1650182115668732,4.161766609259974,3.8010523432906185,0.1774985773711233,2.847747999141223,-4.40789421096323,-4.40789421096323,-4.40789421096323,-4.40789421096323,-1.0768555699266908,-4.40789421096323,-4.40789421096323,-4.40789421096323,2.099650717918517,-4.40789421096323,1.7207909537983506,-4.40789421096323,2.162847135878902,4.727284825836266,2.11462764879807,3.9858095435860887,-4.40789421096323,0.6371116641156807,-4.40789421096323,-4.40789421096323,1.9551017585812307,2.2240372969249487,7.3931184110284205,3.8099935076480067,2.4863045581754957,7.633967566023572,2.050287208463465,3.527614158207456,1.5618717096590684,-4.40789421096323,0.9396860792471369,-4.40789421096323,0.9698565970632824,-4.40789421096323,0.2594797655614265,1.77368822768259,3.4412398426112842,-4.40789421096323,3.8523236853471126,5.835670023377,6.4261026738199,-4.40789421096323,0.5324666060703258,-4.40789421096323,-4.40789421096323,6.508944865044101,-4.40789421096323,4.445195230751958,-4.40789421096323,3.099858973807896,-4.40789421096323,1.1238866641843863,2.528774475830331,4.260130125071618,1.8863955471994274,1.165084041014909,4.043321312321243,3.2611455768537967,2.1910625688968963,3.0437677485951022,2.630498365693793
HSM6XRTO,-4.577190121682992,-4.577190121682992,-4.577190121682992,-0.02983208082869737,3.65316741666361,2.0959119492548064,-4.577190121682992,7.599109635833222,-4.577190121682992,6.111547404041654,-4.577190121682992,6.275747586675477,-1.4964473185801452,7.832633350157055,5.567670912573082,-1.6942636183255892,7.277358610363327,1.9870735648152902,-0.6376733498090932,-4.577190121682992,-4.577190121682992,4.08673451634164,5.5856614499343005,4.050546265276735,0.8278576777707052,3.4859973572689107,-4.577190121682992,-4.577190121682992,-4.577190121682992,1.4058451014224804,1.298659941913562,-4.577190121682992,-4.577190121682992,2.530102284303685,-4.577190121682992,2.593504364447184,2.950762877295862,0.40296118512707224,2.569255850613618,4.544739042784834,3.6167243872577677,3.199779478176067,-4.577190121682992,2.944993648689893,2.608882374466117,2.5173003171999015,2.8342079034643737,-0.35688046404664675,5.513856736831324,2.6927763301507595,5.445152391802953,6.908658339296791,3.4706579930772445,-4.577190121682992,1.7469940485380873,-4.577190121682992,-4.577190121682992,-2.109203906766364,-2.5514075423250926,-4.577190121682992,1.5859289505036909,3.0287324803116853,1.5288943922442213,-4.577190121682992,-4.577190121682992,4.733589822603833,5.8453471082872515,-4.577190121682992,1.2675881008379362,-0.014692129761732176,-4.577190121682992,4.539636543992216,-4.577190121682992,1.9561511140579961,-4.577190121682992,4.192100851754998,-4.577190121682992,1.806916589029182,2.526388799822592,3.966543471290497,-4.577190121682992,-4.577190121682992,3.6482228574320317,-4.577190121682992,-4.577190121682992,-1.4964473185801452,-0.5118567472989124
HSM6XRTQ,-3.7746795313981565,-3.7746795313981565,-3.7746795313981565,-3.7746795313981565,-3.7746795313981565,-3.7746795313981565,-3.7746795313981565,5.99322925716029,-3.7746795313981565,7.984785950449041,-3.7746795313981565,2.028884696923143,-3.7746795313981565,6.063622880361776,6.636335890602217,-3.7746795313981565,6.910754125937527,1.384967244426024,-3.7746795313981565,-3.7746795313981565,-3.7746795313981565,5.9165044717908,8.146351144478478,2.023097663429427,-3.7746795313981565,-3.7746795313981565,-3.7746795313981565,-3.7746795313981565,-3.7746795313981565,-3.7746795313981565,-3.7746795313981565,-3.7746795313981565,-3.7746795313981565,1.416212077144177,-3.7746795313981565,2.522911659741978,6.493220732943229,1.8507481492354163,5.218948482774465,4.603016218238374,4.74481661385782,6.0660641175882475,-3.7746795313981565,4.684849636932877,1.3615008399631314,4.177453950164878,3.029942400562434,-3.7746795313981565,6.025180931477831,-3.7746795313981565,5.497793962859093,9.213785254846998,3.2543007396330346,3.420994008991447,1.9509078350042035,-3.7746795313981565,-3.7746795313981565,-3.7746795313981565,-3.7746795313981565,-3.7746795313981565,1.5093466392025938,3.569203414018726,2.9048642417962522,-3.7746795313981565,4.268364233886173,4.064005939807289,1.3782307815117125,-3.7746795313981565,-3.7746795313981565,-3.7746795313981565,-3.7746795313981565,4.486342518353489,-3.7746795313981565,-3.7746795313981565,-3.7746795313981565,5.980418493355524,-3.7746795313981565,-3.7746795313981565,4.562857196870914,2.845460524568831,2.0855904551542617,3.4746652303024588,5.164085714297198,-3.7746795313981565,2.4832089488449895,3.851211548341942,3.7102602206781157
HSM6XRTS,-4.705801692221703,-4.705801692221703,-4.705801692221703,-4.705801692221703,4.976030072485212,2.0236687153610635,-4.705801692221703,7.18881344792764,-4.705801692221703,5.103709637560191,-4.705801692221703,5.195382180763532,-1.1017288108516965,6.940341826147042,5.102390256520483,-1.5644803869595645,7.87888766776161,0.35822954764288717,1.9758444923087062,-4.705801692221703,-4.705801692221703,3.4867979434776117,5.782401554587955,3.464026808105465,0.9019699975153994,2.510073080435684,-4.705801692221703,-4.705801692221703,0.6054310592256442,1.8267754281396034,1.3460032707848892,-0.1825403617739827,-4.705801692221703,-0.5232519949140304,-0.6093090682644249,0.9423248234439949,2.910239380264934,1.3770667312644749,2.6727872123214214,-4.705801692221703,2.7248796130466983,2.6604463125200803,-4.705801692221703,1.6453796416831503,0.16622300964082726,4.718527501881982,2.453200410629388,-4.705801692221703,5.948009252063718,3.3723827931857047,3.2374624362368767,7.027071227571636,3.445231228581834,1.3533139163871466,2.0310930007331516,-4.705801692221703,-4.705801692221703,-4.705801692221703,-4.705801692221703,-0.7969598239442863,1.5113203367988968,1.8422316329740616,1.6709756070029789,-4.705801692221703,4.672787686895974,5.826350558829057,6.009662884637734,-4.705801692221703,1.5242965031464397,-4.705801692221703,-4.705801692221703,4.771387789251481,-4.705801692221703,0.898149733073069,-4.705801692221703,3.1283793142600693,-4.705801692221703,-0.7969598239442863,1.5332603804711313,3.9974208586979882,-4.705801692221703,0.02911819951948935,4.061222922212197,-4.705801692221703,-4.705801692221703,1.0488703359394371,0.2796975096156462
HSM6XRUX,-1.7437766771648064,-4.781740057095547,0.955224595145383,5.211430640584798,4.669747079017616,0.07287914291902631,-4.781740057095547,-0.46699472108639206,-4.781740057095547,3.007078410759708,-1.565247649051507,-0.7220333695650627,6.567802386270126,6.526509330937342,7.574786396341954,2.0258495874905904,6.400851396025908,6.074155278573164,0.47437226247645903,4.001441353120052,6.017984599170745,3.4667564095564147,3.8308729580488734,4.116223082140068,1.0068867941395077,1.5363719643049523,-4.781740057095547,-4.781740057095547,-4.781740057095547,-4.781740057095547,0.7005843421777893,-4.781740057095547,-4.781740057095547,-4.781740057095547,1.3590479629623422,2.0677086023275892,3.66371496051849,3.080814127262463,2.7086489694908495,-4.781740057095547,2.794744162768451,3.7875983752846683,2.4236469464846637,3.9872465215376627,2.5630146693014435,2.4541415067840058,3.515325943103461,-0.2000152789643117,6.110755656751387,5.92465751468338,-1.7955339391749465,6.328685969287747,-4.781740057095547,1.5982293084946244,-4.781740057095547,-4.781740057095547,-4.781740057095547,-4.781740057095547,-4.781740057095547,-4.781740057095547,0.43662143735153514,1.244855670300547,-4.781740057095547,-4.781740057095547,4.856316801637259,-0.7496465820476796,6.502463455407307,-4.781740057095547,2.1098928106765023,-4.781740057095547,1.163531614856895,-0.24265673673541244,-0.5571122731222111,2.5912478518660436,-4.781740057095547,-4.781740057095547,-4.781740057095547,-4.781740057095547,2.8700808709003827,2.1215879143981464,0.6185151716421533,4.761326130520321,6.0438076575015796,-4.781740057095547,0.7662301844676076,1.3992964950196933,-4.781740057095547
HSM6XRUZ,-4.318582498439955,-4.318582498439955,-0.7208075488369072,5.151667640750255,4.582326510152371,2.1771843747597863,-4.318582498439955,-1.587124444188273,-4.318582498439955,-1.2542985581396309,-4.318582498439955,-4.318582498439955,6.331464385595728,6.081461006988944,8.003400919204454,0.9913911183611273,6.723649464120637,6.612084037883312,0.2449108056275069,2.525354737710912,6.357246577014858,4.540274918315565,4.458015334140852,2.4548634138702408,-4.318582498439955,-4.318582498439955,0.38662060547505206,-4.318582498439955,-4.318582498439955,-4.318582498439955,-4.318582498439955,0.4293630598410054,-4.318582498439955,-4.318582498439955,2.1410387079604893,3.832977223547262,4.807689880264013,3.904027477340289,4.450598037210686,-4.318582498439955,3.1413301851706583,4.7231705936163095,-4.318582498439955,3.902963579567757,2.0348616649353453,4.870867891293989,2.626510710022381,3.624531372201928,7.549195182261873,3.6603557162442906,3.5781663646821693,7.69995078450531,-4.318582498439955,4.384270224126803,-4.318582498439955,-4.318582498439955,-4.318582498439955,-4.318582498439955,-4.318582498439955,-4.318582498439955,2.688676383585074,0.6264026969218204,-4.318582498439955,-4.318582498439955,4.622535119898879,-4.318582498439955,4.934307162440963,-4.318582498439955,-4.318582498439955,-4.318582498439955,4.588781064680174,-4.318582498439955,-4.318582498439955,4.652879596167391,-4.318582498439955,-4.318582498439955,-4.318582498439955,-4.318582498439955,3.2611054553497194,3.91355196338145,5.092341832871755,6.446527186269611,5.947548150708187,-4.318582498439955,-4.318582498439955,0.4620808711434954,3.0407559958993433
HSM6XRV2,-4.37318019087893,-4.37318019087893,1.980516004275855,5.2308340565936,4.592487939519691,-4.37318019087893,-4.37318019087893,0.1780475340194343,-4.37318019087893,0.1459878669747816,1.0250837296579487,-4.37318019087893,7.403604226105015,6.102845395550927,7.505605989076067,3.376384453890556,6.1666280851574395,6.220694246777848,-4.37318019087893,4.229316612055972,5.460334056793928,0.5253281817874296,3.1885066553188635,3.2623775926920526,-4.37318019087893,-4.37318019087893,-4.37318019087893,-4.37318019087893,-4.37318019087893,-4.37318019087893,-4.37318019087893,-4.37318019087893,-4.37318019087893,-4.37318019087893,-4.37318019087893,-4.37318019087893,2.9952611103670552,3.4564177958925164,4.916170470806621,-4.37318019087893,5.0795232269052955,5.362357565487766,-4.37318019087893,4.106622711047242,3.6824172948429776,5.659134878973906,1.29221885849417,4.999441701812008,7.971029728161978,5.026402496941194,3.2648578581572893,7.0567769675375605,-4.37318019087893,3.158269917164933,-4.37318019087893,-4.37318019087893,-4.37318019087893,-4.37318019087893,-4.37318019087893,-4.37318019087893,1.54294747313953,2.3456850662620994,-4.37318019087893,-4.37318019087893,4.690062315593264,0.5816756071231897,5.212024933359153,2.9923147907713092,-0.15069919101115836,-4.37318019087893,4.47733472465916,-4.37318019087893,-4.37318019087893,6.193516858053954,-4.37318019087893,-4.37318019087893,-4.37318019087893,-4.37318019087893,3.6269501327942333,4.450678224169668,5.313969860638149,4.930356138708695,5.625318938191416,-4.37318019087893,1.2368705801185698,1.5759206691730503,3.153516068088032
HSM6XRV4,-4.242011310255142,-4.242011310255142,2.2234297828351632,5.051829345240449,3.4106323975312343,-2.11415045462452,-4.242011310255142,-4.242011310255142,-4.242011310255142,-4.242011310255142,-1.059166185403532,-4.242011310255142,7.210321836195146,5.839116887442391,7.803722877822626,1.7849001578182726,7.215799641131021,5.701743500975239,0.018894457640358908,3.375011392186793,5.375898839631604,4.115049055906115,2.246192352764684,-4.242011310255142,-4.242011310255142,2.3668164415026425,4.260111349903992,-4.242011310255142,-4.242011310255142,-4.242011310255142,-4.242011310255142,-4.242011310255142,-4.242011310255142,-4.242011310255142,-0.332545997501942,-4.242011310255142,3.200890952012715,2.4481930997379555,3.7141710406762583,-4.242011310255142,3.871210518032547,4.406216468765124,-4.242011310255142,-4.242011310255142,-4.242011310255142,5.381603073212062,1.8788310549043477,2.1382961079579843,7.333663536484984,5.412970923670725,3.3297456865213615,8.252684006279763,-4.242011310255142,6.3108444195062825,1.2133178872284507,-4.242011310255142,-4.242011310255142,-4.242011310255142,-4.242011310255142,-4.242011310255142,-0.3167798772163053,1.62598770831078,2.4768401425562496,-4.242011310255142,4.127466764044297,-4.242011310255142,5.390181173418627,-4.242011310255142,2.7820550572718545,-4.242011310255142,4.584538205217687,-4.242011310255142,-4.242011310255142,5.4805116536086915,-4.242011310255142,-4.242011310255142,-4.242011310255142,-4.242011310255142,2.3900545888278897,2.6389464486181717,4.629890214507315,4.807830760769394,5.724013821163503,2.495335562512224,3.1468605595799835,2.4220774850874083,4.614429618704623
HSM6XRV6,0.7928468021810247,-4.797958288189953,1.760629569201254,5.3897789073762565,4.265282603040732,-0.24633931982644697,0.6446947212653935,-4.797958288189953,-4.797958288189953,-2.16348544859261,0.6143365694658112,-4.797958288189953,6.7642907410193445,5.180859859091735,7.107387898317957,3.0727257520706894,5.641614626653201,5.600525424355627,0.5302305983045859,3.0453030865539326,4.8712991721439325,3.0940470975224184,1.7275743309275802,0.6466015385820576,-4.797958288189953,1.189716323643685,-4.797958288189953,-4.797958288189953,-4.797958288189953,-4.797958288189953,-4.797958288189953,-4.797958288189953,-4.797958288189953,-4.797958288189953,2.3594433665533474,-4.797958288189953,3.231158043311109,1.767898095393993,2.801864813443899,-4.797958288189953,2.371283479320062,3.5602431918994526,-4.797958288189953,-0.7522116405029351,-0.9923435068300268,3.9959690661017158,1.651040665821296,0.8800043380812124,7.026903996967039,4.557489354529272,1.9092923933598662,7.362727054902519,-4.797958288189953,6.62572957161311,0.9803845217304943,-4.797958288189953,-4.797958288189953,-4.797958288189953,-4.797958288189953,-3.006534524371551,0.4017617461966836,1.1106815035218203,1.5261039491696584,3.4940990949133113,3.6677493377913546,-0.8869184876173648,5.585866323044531,-4.797958288189953,1.9888540748665786,-4.797958288189953,4.423933990814969,0.48797497908837784,-4.797958288189953,4.893649847479416,-4.797958288189953,-4.797958288189953,-4.797958288189953,-4.797958288189953,2.1212068410572105,2.7856197353216796,4.416715090943455,4.237727420049639,5.497808205667733,0.41305398512719904,3.1491408090333195,2.9343305547613756,5.020959662605214
HSM6XRV8,-4.841807465595723,-4.841807465595723,2.0848131508676726,4.131075140095853,2.1005623506640143,-1.2602022266580128,-4.841807465595723,-4.841807465595723,-4.841807465595723,-4.841807465595723,-0.8085505810472409,-4.841807465595723,5.590715733752855,4.621063243765691,5.836049160887138,1.3121545019384326,3.644851117573274,4.82858616354589,0.07111167029729515,1.375376139302693,6.977191717525015,3.9075544696972306,2.3768129260634927,2.6552714313696573,-1.8349440312820562,-2.3750545667358374,-4.841807465595723,-4.841807465595723,-4.841807465595723,-4.841807465595723,-0.27435157302486246,-2.4156564785469943,-4.841807465595723,-4.841807465595723,1.2222978357546568,1.6689143043425974,5.092959577479975,1.9655988766247914,3.313567217387604,-4.841807465595723,2.967400524387666,3.718319173027891,-4.841807465595723,4.307000972549384,0.7536337083663955,3.023655590800823,3.0024696397667716,1.1387866215237432,7.173237415601082,3.4667386147706107,1.9539981678441372,7.367954349009962,-4.841807465595723,6.716874883367895,1.8011692583739203,-4.841807465595723,-4.841807465595723,-4.841807465595723,-4.841807465595723,-4.841807465595723,1.0240182311422847,0.49351349448650517,1.4370382951952152,-4.841807465595723,2.8711120727449826,-0.7658638681599701,4.574369129711262,-4.841807465595723,0.7970904503442728,0.8367355149290567,4.574769780178133,3.1925832412552477,-4.841807465595723,5.928135121404964,-4.841807465595723,-4.841807465595723,-4.841807465595723,-4.841807465595723,2.946385115374552,3.1019751580624275,4.928034456908311,4.4474138546530435,6.114675239872499,-0.5994317714439266,3.829013863485092,2.3598333114252954,5.46219285258919
HSM7CZ1V,-4.454140656108793,2.265313957932265,4.4895942341409105,1.0412615270180332,4.46279813105333,-4.454140656108793,-4.454140656108793,-4.454140656108793,-4.454140656108793,-4.454140656108793,-4.454140656108793,6.123427576826331,0.7879985197285411,6.628864342922464,7.488531854274013,6.225228675826322,7.374760063080261,8.289650820405383,3.8581412170088303,-4.454140656108793,1.5013846499105465,-4.454140656108793,1.6475164105473112,3.320431401262793,-4.454140656108793,3.7287891799436332,-4.454140656108793,0.43222495091719715,1.1434044569836281,-1.073084642686469,1.1552390715129626,-0.3815843361892828,-4.454140656108793,-2.168533253085254,2.462587369348891,0.638258226038456,-4.454140656108793,-4.454140656108793,4.418693137103501,-4.454140656108793,1.7618486734800207,3.607143243037749,-4.454140656108793,-4.454140656108793,-4.454140656108793,4.364166328749088,1.841938188664872,-4.454140656108793,-0.8424354086381509,-4.454140656108793,2.1679173215379226,6.247770105604621,1.0060372303062337,3.4787914172435803,1.755817248643762,-4.454140656108793,-4.454140656108793,-4.454140656108793,3.6186036169046982,-2.1285135699890922,0.00026118300318778154,1.6646719198291633,1.7397582439891766,4.544031721585483,4.5633006698867495,2.6405235353337106,-4.454140656108793,6.852318549726375,2.27711710869747,0.5928521747355369,-2.8220123476504,-0.7922219558365278,3.928598133498957,2.8555092663656163,0.15358398837590137,-4.454140656108793,-4.454140656108793,1.3295651546310658,3.3585029208643684,3.246706103457317,-4.454140656108793,-4.454140656108793,4.165763816298593,-4.454140656108793,-4.454140656108793,-4.454140656108793,-4.454140656108793
HSM7CZ1Z,-0.8172139439451271,3.416616511515066,5.9449621387303395,-0.3398980172833923,4.641415707192358,-0.0620365515323833,-5.515659078122603,0.7040036549380808,-5.515659078122603,-1.5996746368678654,-0.16588582395335294,4.941543203986242,2.786141032050974,5.655519753675123,5.9631745061684285,4.418480177862692,6.035965144752973,6.41222332288331,3.317127511301843,0.8076973436516832,1.099669763707026,-3.0305700871486074,3.1706203770814643,2.6677869774593166,-5.515659078122603,2.4611902520301356,-5.515659078122603,1.4060303450445373,0.36095290490176524,-0.02667920339019325,1.4816094752480344,-1.497552056891342,-5.515659078122603,-0.36364315646914136,4.066181519105051,1.118540497645017,-5.515659078122603,-5.515659078122603,2.919284083978816,-5.515659078122603,1.6748388615234564,3.175551523021621,-5.515659078122603,-5.515659078122603,-5.515659078122603,4.321210541988899,2.649683433699649,-5.515659078122603,-0.5130359131751039,-2.720725257552056,2.2148181647502465,5.150440105055096,1.7528416625313943,-3.4161941230013397,0.6417981839713711,-2.4845160542799665,-5.515659078122603,-5.515659078122603,2.7268168704292934,-1.5221217178556898,0.41973295350987616,2.0844511409091435,2.804737494188516,3.9851800644287243,4.2456885816045435,1.5734050824112833,-0.4794281672915055,5.980583123736288,2.3350770414155875,0.09054925355655996,5.405285167010836,2.780045914315596,-5.515659078122603,2.0044111792371933,-5.515659078122603,-1.9921623369279722,-5.515659078122603,3.6857689973285517,3.6741719636505836,3.5510664622209065,-5.515659078122603,-5.515659078122603,3.9350470794673713,-5.515659078122603,-5.515659078122603,-5.515659078122603,-5.515659078122603
HSM7CZ22,-4.574927997613955,3.3694959630754013,6.105745087364457,-4.574927997613955,5.4285588820391855,1.4196394117356732,-4.574927997613955,-4.574927997613955,-4.574927997613955,-4.574927997613955,-4.574927997613955,6.002617670636075,-4.574927997613955,7.202963360206021,6.735405010663577,5.288595541051787,7.301501290195099,7.565523052148748,5.697182661874924,-4.574927997613955,3.536481430612847,-4.574927997613955,3.1705754805814337,4.0013884269663285,-4.574927997613955,3.272963360082689,-4.574927997613955,0.4022385771341046,1.1733537242416059,0.10496893690523379,1.5349737914340684,-4.574927997613955,-4.574927997613955,-4.574927997613955,3.862725537355084,1.2613583502824923,-4.574927997613955,-4.574927997613955,3.738569694033777,-4.574927997613955,0.6742223385781294,4.53409439281811,-4.574927997613955,2.125710371470423,1.5899595484884728,-4.574927997613955,1.9638333477007306,-4.574927997613955,-4.574927997613955,-4.574927997613955,4.5130513449606084,7.052815730355534,1.372846685558553,0.2547790061101818,1.0655701284841097,-0.5362791366208892,-4.574927997613955,-4.574927997613955,3.99137256870483,-2.373508100602729,2.0325111620994543,2.1736025012222244,-4.574927997613955,4.983136331002179,4.184759429535824,5.4112343458549015,-4.574927997613955,6.231161857504086,2.600596523640588,1.3755343505119564,-4.574927997613955,1.8963266000829018,5.226204985194091,4.237733426227806,-4.574927997613955,-4.574927997613955,-4.574927997613955,2.147651512682441,3.0632695653853697,3.9673634107677174,-4.574927997613955,-4.574927997613955,4.137777025243138,-4.574927997613955,-4.574927997613955,-4.574927997613955,-0.7797363765774445
HSM7J4GP,-4.736507838703599,3.604917713841698,6.2775198835267325,-4.736507838703599,5.255951821219304,0.43929467304154457,-4.736507838703599,-1.2386311458378056,-4.736507838703599,-0.4133347180018898,-4.736507838703599,5.279827591689211,-4.736507838703599,6.0727563749115925,6.464162039884182,5.890322271967397,6.801484216804596,7.542373741214323,4.066714084503025,-4.736507838703599,1.4267207022101394,-4.736507838703599,1.9868331688411036,4.150384941013552,-4.736507838703599,3.700513146114086,-4.736507838703599,1.845398047434891,2.246765528054257,-2.8840726225628224,1.4071603862905944,-4.736507838703599,-4.736507838703599,0.2458904174346479,5.120434934055853,1.2111481867558114,-4.736507838703599,-4.736507838703599,2.8272761770573833,-4.736507838703599,0.6502505182101892,4.098734218520808,-4.736507838703599,-4.736507838703599,-4.736507838703599,4.622869215263593,2.5612901158809755,-4.736507838703599,-4.736507838703599,-4.736507838703599,3.624419371862918,6.880260017822538,2.5611501350816663,3.683091800980007,2.2696032523675482,-4.736507838703599,-4.736507838703599,-4.736507838703599,3.2073781194183217,-0.8517669937523316,1.8413806373904693,3.704336244479814,1.7489656771253097,4.969617549412957,3.5697768114286683,2.7307727196964215,-4.736507838703599,7.271801447626247,3.1055718737339904,-4.736507838703599,-4.736507838703599,-4.736507838703599,2.6817393556045372,1.6061479953024413,3.5014250028890688,-0.5051325379815719,-4.736507838703599,1.9075740457378076,2.567290828642741,2.6280845496371548,-4.736507838703599,-4.736507838703599,4.459080144375222,-4.736507838703599,-4.736507838703599,-1.6603792044884162,0.5550195259182544
HSM7J4GR,-4.721727793216367,3.1432027329495487,5.6004050557600955,-4.721727793216367,4.3379407634793905,-1.0666035159258715,-4.721727793216367,-4.721727793216367,-4.721727793216367,2.871447165417915,-4.721727793216367,5.854611873607203,-4.721727793216367,5.389295998099006,6.269953666444198,5.328510276571666,7.525257390202837,7.874660452285842,3.508443633659745,0.5708504606667244,1.5565243589015685,-4.721727793216367,0.8580370621417597,2.8318434786259425,-4.721727793216367,3.2287849794537413,0.09868120037151051,0.5466897440541558,1.26326062194709,-4.721727793216367,1.9894155135933085,-1.2065347720655737,-4.721727793216367,0.4755352611463408,2.6486203742638175,2.3768555876832007,-4.721727793216367,-4.721727793216367,3.266615092934912,-4.721727793216367,0.3576754841603407,3.741497029271403,-4.721727793216367,2.504833476351087,2.731862570805756,4.08040344389184,0.657866020733822,-4.721727793216367,-2.9051280851038044,-4.721727793216367,3.365990203322836,6.480048318357263,-0.4269665502486717,3.247197612774711,1.6876147749872104,-4.721727793216367,-4.721727793216367,-4.721727793216367,3.1083993213566696,0.2530760339568623,0.896907367003859,1.6601414510437849,2.6980617010040087,4.735235626607304,3.994511321181905,2.940223214457734,2.6142689651056656,7.205501246455792,2.676711930916025,-4.721727793216367,-4.721727793216367,1.6801052291106071,3.4037823698264686,-4.721727793216367,-4.721727793216367,-2.1868576616349706,0.19414675764616263,-4.721727793216367,1.5683947146122028,2.933645466713884,-4.721727793216367,-4.721727793216367,3.548565697765256,-4.721727793216367,-4.721727793216367,-1.5552155624735864,-0.22664686999694617
HSM7J4HM,-3.710706553649363,-3.710706553649363,-3.710706553649363,6.491960353053233,-3.710706553649363,0.33006119350267227,-3.710706553649363,4.569298202291345,-3.710706553649363,-3.710706553649363,-3.710706553649363,-3.710706553649363,-3.710706553649363,7.15244315018176,-0.20775536335984057,-3.710706553649363,-3.710706553649363,2.019501231284261,5.343852547744906,-3.710706553649363,-3.710706553649363,6.168269656004366,6.002515475918635,-3.710706553649363,-3.710706553649363,6.427564113025962,-3.710706553649363,-3.710706553649363,0.07997688684212001,-3.710706553649363,5.082790608930257,1.6011978694825029,3.686732207478955,-3.710706553649363,-3.710706553649363,2.771052066820907,4.733891497294728,4.164189502220102,5.332423842967015,2.273793582205818,-3.710706553649363,7.083291895599578,-3.710706553649363,2.4214815744159033,0.16282485912792843,5.820949703689622,-3.710706553649363,-3.710706553649363,9.350765058317544,-3.710706553649363,-3.710706553649363,8.21300075247241,2.9172014389859253,3.1199781004518945,3.646834973513248,-3.710706553649363,1.8044892300825364,-3.710706553649363,-3.710706553649363,-3.710706553649363,2.755518820574986,-3.710706553649363,3.6938628297877782,-3.710706553649363,-3.710706553649363,7.240579624937135,6.946316884905388,-3.710706553649363,-3.710706553649363,1.8422605660251712,0.30678074795259924,-3.710706553649363,-3.710706553649363,4.656124664054452,-3.710706553649363,-3.710706553649363,-3.710706553649363,1.4416479692132302,5.550370946891414,5.796421686916877,2.6338131771319455,2.469918392926422,2.057968328789899,1.8308809048342916,-3.710706553649363,3.058197083893467,-3.710706553649363
HSM7J4HO,-3.8820491743948775,-3.8820491743948775,-3.8820491743948775,6.834380043351768,-3.8820491743948775,-0.9486334884937264,-3.8820491743948775,5.878571142360971,-3.8820491743948775,-3.8820491743948775,-3.8820491743948775,-3.8820491743948775,-1.101171367053679,6.785782702051077,1.5742755871162668,-3.8820491743948775,-3.8820491743948775,2.468467662626277,6.155187375241795,-3.8820491743948775,-3.8820491743948775,5.498005595006078,5.563184196706354,-3.8820491743948775,-3.8820491743948775,5.564218483567884,-3.8820491743948775,-3.8820491743948775,2.757319222039416,-3.8820491743948775,4.238393219140092,-1.8478237018166546,2.306424723875363,-1.3358211112533454,-3.8820491743948775,2.812344755491509,4.059888507863817,2.5236825458545047,4.56462806129575,2.9347750276192652,-3.8820491743948775,5.746754332750112,-3.8820491743948775,2.0928796035958745,2.476822851129044,5.112927808576224,3.367641719216506,-3.8820491743948775,8.627445261069347,-3.8820491743948775,-3.8820491743948775,8.68387157032601,1.3765379493515493,2.700505140505867,3.3831383291382595,-3.8820491743948775,-3.8820491743948775,-3.8820491743948775,-3.8820491743948775,-3.8820491743948775,1.9371154306248775,-3.8820491743948775,-3.8820491743948775,-3.8820491743948775,-3.8820491743948775,7.33160980943622,7.171928021273629,-3.8820491743948775,0.0657046710944762,-3.8820491743948775,-3.8820491743948775,1.859796690606256,-3.8820491743948775,3.804737091589769,7.242801780600821,-3.8820491743948775,-3.8820491743948775,2.6186889237934574,5.071616779497856,5.5729509851260985,2.92780775211177,2.583832277364955,3.2008422313969342,2.3930375312109744,-3.8820491743948775,2.950992596256814,-3.8820491743948775
HSM7J4HQ,-4.583951335343155,0.4414137382073626,4.007937072168715,6.02919272338668,2.826951770898895,1.874386597422692,-4.583951335343155,3.150074356832345,-4.583951335343155,-4.583951335343155,-4.583951335343155,3.0030902716970562,-4.583951335343155,6.165078050049843,4.721702598765893,2.8408468081250158,3.719457506886763,7.15829054834684,5.526407122795025,-4.583951335343155,2.5344305334410855,4.652547643762923,4.919316165657036,-4.583951335343155,-4.583951335343155,6.029187774948648,0.6100997074524894,-4.583951335343155,-4.583951335343155,-4.583951335343155,3.1534595053506767,-4.583951335343155,1.3949652695363222,-4.583951335343155,-4.583951335343155,0.8701928666954544,4.529588052648688,-4.583951335343155,4.15649116978044,3.9437519896022266,-4.583951335343155,5.5078650935351465,-4.583951335343155,4.191866675929043,2.7629563122280967,4.895347490472883,2.183755264564688,-4.583951335343155,6.965915736308473,-4.583951335343155,-4.583951335343155,8.104033547041466,2.2704006501294165,1.283812713684072,2.9975146496236684,-4.583951335343155,-4.583951335343155,-4.583951335343155,-0.44916301891177923,-4.583951335343155,2.801193887635047,0.03228639077536499,-4.583951335343155,-4.583951335343155,5.880409413592494,6.4097947790786804,6.303790713201448,-4.583951335343155,1.7692177416217678,-4.583951335343155,1.0360250212951065,2.6606820243739735,-4.583951335343155,-4.583951335343155,2.4479002172511297,-4.583951335343155,-4.583951335343155,-4.583951335343155,3.3105217859240517,4.03487364151772,2.4201455343781415,1.1312709187373517,1.7611261415585826,1.3836944816810455,0.7333929552373579,3.2388862028421297,0.1468646790258017
HSM7J4HS,-3.4348183591528905,-3.4348183591528905,-3.4348183591528905,7.094157991499674,-3.4348183591528905,-0.01893628269787584,-3.4348183591528905,2.5970860830043767,-3.4348183591528905,-3.4348183591528905,-3.4348183591528905,-3.4348183591528905,5.906899624179593,2.5973332276555725,7.297996074822658,-3.4348183591528905,-3.4348183591528905,5.802022181186551,5.682269285209751,-3.4348183591528905,6.3800183938100705,5.227182575234035,6.177028532402449,-3.4348183591528905,-3.4348183591528905,5.844911876590619,2.234643842192293,-3.4348183591528905,-3.4348183591528905,-3.4348183591528905,3.208140530724492,-3.4348183591528905,2.7127325232764017,-3.4348183591528905,-3.4348183591528905,-0.28023918080093146,5.67263960029895,4.873897131889912,5.6202633410858,-3.4348183591528905,-3.4348183591528905,7.100559599576982,-3.4348183591528905,-3.4348183591528905,2.569774395084367,4.246505130689464,5.288101913636985,-3.4348183591528905,9.584419311519321,-3.4348183591528905,-3.4348183591528905,8.958495980607378,-3.4348183591528905,-3.4348183591528905,-3.4348183591528905,-3.4348183591528905,-3.4348183591528905,-3.4348183591528905,-3.4348183591528905,-3.4348183591528905,2.5382937199109197,-3.4348183591528905,3.590455685808978,-3.4348183591528905,4.861904963152963,6.6788359815650296,5.185643828328335,-3.4348183591528905,2.5818935722047396,-3.4348183591528905,-3.4348183591528905,3.3645557136003887,-3.4348183591528905,-3.4348183591528905,-3.4348183591528905,-3.4348183591528905,-3.4348183591528905,-3.4348183591528905,6.20729105379372,6.103307266008166,1.9511807288324086,4.47244036046412,-3.4348183591528905,1.6636107857856288,2.237126805539164,3.804390346240946,4.42653854118801
HSM7J4HU,-3.646762415826325,-3.646762415826325,-3.646762415826325,8.210500786281024,-3.646762415826325,-3.646762415826325,-3.646762415826325,6.758719535179111,-3.646762415826325,-3.646762415826325,-3.646762415826325,-3.646762415826325,7.384024109257311,3.8098016516778195,8.871141148514084,-3.646762415826325,5.042537592976796,7.585297402926557,5.948182362427391,-3.646762415826325,2.1653413233835384,4.504463192939266,4.26205819511768,-3.646762415826325,-3.646762415826325,6.532252353850315,3.3050080877769688,-3.646762415826325,2.594050457817098,-3.646762415826325,4.753117381278853,1.4214782664232146,3.207235351661727,1.9210995793078727,-3.646762415826325,4.605846707095675,3.7590012071088426,-3.646762415826325,4.896491857278023,5.211677837925435,-3.646762415826325,5.417227201987094,-3.646762415826325,7.521205078025011,-3.646762415826325,2.7916674318206027,3.0423040951911533,-3.646762415826325,7.869825416902573,-3.646762415826325,-3.646762415826325,7.192647142495325,3.500723962950091,-3.646762415826325,2.994534888611181,-3.646762415826325,-3.646762415826325,-3.646762415826325,-3.646762415826325,-3.646762415826325,1.896954392872587,0.04952204819779027,-3.646762415826325,-3.646762415826325,5.104394071451895,7.489066206662825,6.214608564560043,-3.646762415826325,3.9711360872931634,-3.646762415826325,-3.646762415826325,-3.646762415826325,-3.646762415826325,-3.646762415826325,2.6796060304031544,-3.646762415826325,-3.646762415826325,0.013888009414770863,2.674909425795235,3.621559829640783,-3.646762415826325,-3.646762415826325,3.8311085507728713,-3.646762415826325,-3.646762415826325,-3.646762415826325,-3.646762415826325
HSM7J4JZ,-3.786802932025404,-3.786802932025404,-3.786802932025404,5.476620137179217,2.47323767567618,1.252094916964145,-3.786802932025404,4.395764738210391,1.3026748058714102,-3.786802932025404,-3.786802932025404,-3.786802932025404,6.658927678047955,3.8129992804600032,7.544464180520039,-3.786802932025404,6.611376751996272,6.669953282239511,3.8846965867593157,-3.786802932025404,5.393678229840813,5.7544706914570325,4.117407787252011,-3.786802932025404,-3.786802932025404,5.380978723361643,6.482350782520559,-3.786802932025404,-3.786802932025404,-3.786802932025404,2.8433431649483225,-3.786802932025404,-3.786802932025404,-3.786802932025404,-3.786802932025404,-3.786802932025404,5.517551823274531,-3.786802932025404,4.367859902461297,-3.786802932025404,-3.786802932025404,7.257798776688531,-3.786802932025404,-3.786802932025404,-3.786802932025404,3.9101519284690527,-3.786802932025404,-3.786802932025404,8.971075700543565,-3.786802932025404,-3.786802932025404,8.338494323528895,-3.786802932025404,4.86719720472877,-3.786802932025404,-3.786802932025404,4.107868171760611,-3.786802932025404,-3.786802932025404,-3.786802932025404,1.955245927281327,-3.786802932025404,-3.786802932025404,-3.786802932025404,5.146642026032829,5.391831068813542,1.2423196265624306,-3.786802932025404,1.0890410308974587,-3.786802932025404,-3.786802932025404,-3.786802932025404,2.2122872238911127,-3.786802932025404,3.8148008128361104,-3.786802932025404,-3.786802932025404,-3.786802932025404,5.327160324888403,6.261973201066709,4.837669466965227,4.292567714750582,2.8892926983220732,4.322742555540066,1.6614449441473873,3.651231326378375,4.895029611173983
HSM7J4K2,-3.8732680288817587,-3.8732680288817587,4.066666892758557,7.3108275212465035,5.579184561963055,-3.8732680288817587,-3.8732680288817587,6.02119077388251,4.939958102291891,-3.8732680288817587,-3.8732680288817587,-3.8732680288817587,6.508870076064861,6.161151445197168,8.65511919659209,-3.8732680288817587,8.080318582417998,6.599280598568906,3.9660145148931063,-3.8732680288817587,4.527926545973034,3.216654511773619,3.872095499738492,3.0820854387120473,-0.9763192872058273,5.011511044200601,-3.8732680288817587,-3.8732680288817587,-3.8732680288817587,-3.8732680288817587,1.6823339003609235,-3.8732680288817587,-3.8732680288817587,-3.8732680288817587,-3.8732680288817587,-3.8732680288817587,3.4194848350787463,-3.8732680288817587,3.237462811736637,0.2866953187563528,-3.8732680288817587,3.6151705060117267,-3.8732680288817587,-3.8732680288817587,-3.8732680288817587,4.078507648295667,-3.8732680288817587,-3.8732680288817587,7.197618997800743,-3.8732680288817587,-3.8732680288817587,7.7735534526250385,-0.2137786487680291,2.3152695493830127,1.7068000551038462,-3.8732680288817587,-3.8732680288817587,-3.8732680288817587,-3.8732680288817587,-3.8732680288817587,0.7086956286945139,-3.8732680288817587,-3.8732680288817587,4.901399541331369,4.769361645002886,5.164684897632675,4.709479626629646,7.0596891171410565,2.317732610360337,2.732042677862111,-3.8732680288817587,-3.8732680288817587,4.132929105063063,-3.8732680288817587,-3.8732680288817587,-3.8732680288817587,-3.8732680288817587,-3.8732680288817587,3.127980501291134,4.123843159209345,0.8934069379748042,-3.8732680288817587,2.8427264632160014,3.9800736117369233,1.9134956386158724,3.6506615842345473,-3.8732680288817587
HSM7J4K4,-2.216410669908825,-2.216410669908825,-2.216410669908825,-2.216410669908825,-2.216410669908825,-2.216410669908825,-2.216410669908825,5.296630713744323,-2.216410669908825,3.2926806920971625,-2.216410669908825,5.414085680825385,7.244796908600206,4.957748982431171,9.608218099647921,-2.216410669908825,8.061576066564715,9.249879931609048,4.529029459561377,-2.216410669908825,-2.216410669908825,-2.216410669908825,6.385056661944222,-2.216410669908825,-2.216410669908825,5.723485219589309,-2.216410669908825,-2.216410669908825,-2.216410669908825,-2.216410669908825,-2.216410669908825,-2.216410669908825,-2.216410669908825,-2.216410669908825,-2.216410669908825,-2.216410669908825,-2.216410669908825,-2.216410669908825,5.413453338416956,-2.216410669908825,-2.216410669908825,7.91976619865871,-2.216410669908825,6.9149438155956275,-2.216410669908825,-2.216410669908825,-2.216410669908825,-2.216410669908825,10.15975199948355,-2.216410669908825,-2.216410669908825,9.979022102452653,-2.216410669908825,-2.216410669908825,-2.216410669908825,-2.216410669908825,-2.216410669908825,-2.216410669908825,-2.216410669908825,-2.216410669908825,-2.216410669908825,-2.216410669908825,-2.216410669908825,-2.216410669908825,-2.216410669908825,-2.216410669908825,3.4465425625574753,-2.216410669908825,-2.216410669908825,-2.216410669908825,-2.216410669908825,-2.216410669908825,9.073649065524862,-2.216410669908825,-2.216410669908825,-2.216410669908825,-2.216410669908825,-2.216410669908825,6.006938617301976,6.953697443000664,-2.216410669908825,3.840464990866696,9.648168350991995,-2.216410669908825,-2.216410669908825,-2.216410669908825,-2.216410669908825
HSM7J4K6,-4.153186737117254,-4.153186737117254,0.8513672277108011,5.977566580594175,3.8396065011347593,-4.153186737117254,-4.153186737117254,5.478309509683086,2.3658103278380738,-4.153186737117254,-4.153186737117254,-4.153186737117254,5.9274453216951315,5.528332705930662,8.468082856057208,-4.153186737117254,7.417323584147848,5.960853793797787,2.9075938379934883,-4.153186737117254,3.8254660226055233,4.070690014059282,4.697835911834185,-4.153186737117254,-4.153186737117254,5.652011558788348,0.3658672321996299,-4.153186737117254,-4.153186737117254,-4.153186737117254,4.56714071757418,-4.153186737117254,2.4327796807850577,-4.153186737117254,-4.153186737117254,1.9330691762120598,4.712865336869156,3.2224382112895613,3.933921873017475,3.859707462454365,-4.153186737117254,5.712260722957954,-4.153186737117254,5.902646145787868,-4.153186737117254,4.1340041060282555,3.098374402731859,-4.153186737117254,6.856665806213202,-4.153186737117254,-4.153186737117254,7.05273708277562,1.6287141647207584,-4.153186737117254,-4.153186737117254,-4.153186737117254,-4.153186737117254,-4.153186737117254,-4.153186737117254,-4.153186737117254,0.16490498546481547,0.9618505974279579,-4.153186737117254,-4.153186737117254,4.812119975884981,4.033970082290147,4.0722729484689495,5.567558843493994,3.29370877901542,-4.153186737117254,-4.153186737117254,-4.153186737117254,3.651817574258761,-4.153186737117254,2.0071470679737393,-4.153186737117254,-4.153186737117254,1.5598293517789905,3.652523222678761,4.845847216042437,-4.153186737117254,-4.153186737117254,7.928522274419057,0.0902559044399176,-4.153186737117254,3.489270444976702,2.920445902267023
HSM7J4K8,-3.8357440894508716,-3.8357440894508716,-3.8357440894508716,6.2309652948132745,3.8658535069687954,0.24247513115048314,-3.8357440894508716,5.241760921906845,2.698183524858777,-3.8357440894508716,-3.8357440894508716,1.261146377474855,5.673058226531569,4.945890979377578,7.610214297625209,0.37367289364195067,6.779855643821692,5.154256769332854,2.685041774525766,-3.8357440894508716,4.369628208821402,4.066168127027039,3.768285977365684,-3.8357440894508716,-3.8357440894508716,5.802216708229093,6.043930679347616,-3.8357440894508716,-3.8357440894508716,-3.8357440894508716,2.2962991763874063,-3.8357440894508716,-3.8357440894508716,-3.8357440894508716,-3.8357440894508716,-3.8357440894508716,4.028179105316681,3.5962744593233955,4.338485001935315,4.2302849317780336,-3.8357440894508716,5.643785154069915,-3.8357440894508716,-3.8357440894508716,-3.8357440894508716,3.3051386846019444,-3.8357440894508716,-3.8357440894508716,8.558374259666147,-3.8357440894508716,-3.8357440894508716,7.8263383044087895,1.958941365916905,-3.8357440894508716,-3.8357440894508716,-3.8357440894508716,-3.8357440894508716,-3.8357440894508716,-3.8357440894508716,-3.8357440894508716,2.887159747262009,-3.8357440894508716,2.7689653734318265,-3.8357440894508716,4.45408817027595,0.6078789444110377,4.7600637895788225,6.028733808380947,3.574161302459081,3.552547393773943,4.145794405985967,-3.8357440894508716,6.037194024688109,-3.8357440894508716,-3.8357440894508716,-3.8357440894508716,-3.8357440894508716,-3.8357440894508716,4.006054401837397,5.938096783961711,-3.8357440894508716,1.3564617809102284,8.662261698192808,-3.8357440894508716,-3.8357440894508716,-3.8357440894508716,-3.8357440894508716
HSM7J4KA,-1.7619994594320172,-1.7619994594320172,-1.7619994594320172,-1.7619994594320172,-1.7619994594320172,-1.7619994594320172,-1.7619994594320172,-1.7619994594320172,-1.7619994594320172,-1.7619994594320172,-1.7619994594320172,-1.7619994594320172,5.209050006486628,6.733793965195016,9.419673868565546,-1.7619994594320172,5.996978117364544,9.144515370407333,-1.7619994594320172,-1.7619994594320172,-1.7619994594320172,-1.7619994594320172,-1.7619994594320172,-1.7619994594320172,-1.7619994594320172,8.31751733164225,-1.7619994594320172,-1.7619994594320172,-1.7619994594320172,-1.7619994594320172,-1.7619994594320172,-1.7619994594320172,-1.7619994594320172,-1.7619994594320172,-1.7619994594320172,-1.7619994594320172,-1.7619994594320172,-1.7619994594320172,-1.7619994594320172,-1.7619994594320172,-1.7619994594320172,7.836698884027951,-1.7619994594320172,-1.7619994594320172,-1.7619994594320172,-1.7619994594320172,-1.7619994594320172,-1.7619994594320172,-1.7619994594320172,-1.7619994594320172,-1.7619994594320172,9.893623679851597,-1.7619994594320172,8.688647877089853,-1.7619994594320172,-1.7619994594320172,-1.7619994594320172,-1.7619994594320172,-1.7619994594320172,-1.7619994594320172,-1.7619994594320172,-1.7619994594320172,-1.7619994594320172,-1.7619994594320172,-1.7619994594320172,-1.7619994594320172,-1.7619994594320172,-1.7619994594320172,-1.7619994594320172,-1.7619994594320172,-1.7619994594320172,-1.7619994594320172,-1.7619994594320172,-1.7619994594320172,-1.7619994594320172,-1.7619994594320172,-1.7619994594320172,8.861538299471512,-1.7619994594320172,9.577044724977183,-1.7619994594320172,-1.7619994594320172,9.579069365800907,10.208921297186132,6.073092480090469,9.584039074081069,10.549754034024932
HSM7J4M4,-4.340697579712089,-4.340697579712089,2.6339130945065605,4.299427702673478,-0.337151898716856,-0.5977627702459642,-4.340697579712089,-4.340697579712089,-4.340697579712089,-4.340697579712089,-1.4637218123113644,-4.340697579712089,3.6120090955977364,3.881606909463315,4.454811340951853,1.3790905328087248,5.409750653853611,6.799158890963881,-4.340697579712089,3.58016124224532,7.13808092992358,4.816070270089788,4.647821401095389,3.085644730142696,-4.340697579712089,-4.340697579712089,-4.340697579712089,-4.340697579712089,-4.340697579712089,-4.340697579712089,-4.340697579712089,-4.340697579712089,-4.340697579712089,-4.340697579712089,-4.340697579712089,4.656618286650192,6.663994264019628,3.991832012483764,5.283253973833729,-4.340697579712089,4.210328970501076,5.085148264103236,-4.340697579712089,4.737504852335095,3.8062623582264443,5.017041072435989,2.7183717378100676,1.250420795276316,7.0862525230568725,3.4164794066073636,-4.340697579712089,8.435494992129758,-4.340697579712089,6.375624716049963,2.627857189920899,-4.340697579712089,-4.340697579712089,-4.340697579712089,-4.340697579712089,-4.340697579712089,-0.06238290707452521,2.038264112950989,-4.340697579712089,-4.340697579712089,5.9170309014513744,-4.340697579712089,2.0044542024087972,1.9636804947757183,-4.340697579712089,3.1154682841377603,0.44886327657296476,-4.340697579712089,-4.340697579712089,1.8720248404221769,0.03480551536146592,-0.6816505549683871,-4.340697579712089,-4.340697579712089,3.2079734584288504,3.997184510851268,5.898471364727518,4.408971929046553,6.694992669029235,3.1579411022329396,1.4827470274124552,3.0631440319031036,5.045918359754613
HSM7J4M6,-3.8554370688955295,-3.8554370688955295,0.23284012012513422,6.3208975148228035,-3.8554370688955295,-3.8554370688955295,-3.8554370688955295,-3.8554370688955295,-3.8554370688955295,-3.8554370688955295,-1.6063491670090695,-3.8554370688955295,6.996252927381553,4.7050094592050336,7.756317044262543,-3.8554370688955295,7.3926597569150525,7.494504496001608,-3.8554370688955295,4.111416616477735,7.52080919461831,4.866010574587927,3.977052924014119,-3.8554370688955295,-3.8554370688955295,0.6306843886436351,-3.8554370688955295,-3.8554370688955295,-3.8554370688955295,-3.8554370688955295,-3.8554370688955295,-3.8554370688955295,-3.8554370688955295,-3.8554370688955295,-3.8554370688955295,3.914657468340324,6.037446316670968,4.0762681659938504,4.902170698045901,-3.8554370688955295,4.04352462961487,4.8297867065012365,-3.8554370688955295,4.4593313566621795,-3.8554370688955295,5.827766543148436,1.9258021861389363,-3.8554370688955295,7.063501261221786,2.4316235804380026,1.1875828682721092,8.808071182918232,-3.8554370688955295,6.3779505288021285,1.6295330090825342,-3.8554370688955295,-3.8554370688955295,-3.8554370688955295,-3.8554370688955295,-3.8554370688955295,-3.8554370688955295,2.2212483298238537,-3.8554370688955295,-3.8554370688955295,5.263398725476616,-3.8554370688955295,2.8547505388324996,3.6095886023915096,1.3734471657488,-3.8554370688955295,3.8368909291501776,-0.549531641547679,-3.8554370688955295,1.7409998961790087,2.012894194075634,-3.8554370688955295,-3.8554370688955295,-3.8554370688955295,2.257328313292197,4.404978762939981,5.623908408890356,3.910717148611253,6.912439387780559,-0.1534128803070125,1.0681966139860357,3.6220285407415718,3.2825488501257487
HSM7J4M8,-4.607520842263828,-4.607520842263828,0.7934921497795848,5.240235306131606,2.084192601894202,-1.554245041329418,-4.607520842263828,-4.607520842263828,-4.607520842263828,0.7180700981288393,-4.607520842263828,-4.607520842263828,5.997118895495227,5.564061697732537,6.983701812104536,1.2853836488878807,6.5066733403300425,6.033649335618108,-0.06682574260242546,4.612188550173548,6.934879635669702,4.700628734406512,3.4607477825526214,1.5777567604124973,-4.607520842263828,1.8992485900544773,-4.607520842263828,-4.607520842263828,-4.607520842263828,-0.281119842085495,-0.08948044883787354,-4.607520842263828,-4.607520842263828,-4.607520842263828,1.3901139826822728,0.69510131803702,6.054876012979846,2.5523534004175596,4.167788875668167,-4.607520842263828,3.4120189789674855,4.0394217123243275,-4.607520842263828,0.9936773662165557,-3.554329175479447,5.027638176084296,3.1260443740269492,-0.8765575312887606,6.964008524207563,2.666133044163338,-1.3596720467623946,7.777482907237234,-4.607520842263828,6.104217654498969,2.003553227779401,-4.607520842263828,-4.607520842263828,-4.607520842263828,-4.607520842263828,-4.607520842263828,0.5169036210485984,2.278734312010389,-4.607520842263828,-4.607520842263828,5.128112048619227,-4.607520842263828,4.467170823268595,-4.607520842263828,2.2631156977672386,-4.607520842263828,1.6551792216710615,1.8206215200485802,-0.07934827621946283,2.6339811445274464,2.058226912563523,-0.988912043988952,-4.607520842263828,-4.607520842263828,2.6841767350675294,2.9928455238508693,4.781683728982007,4.8338802783215415,5.85290476441542,0.23027864421637467,1.1468074020614871,0.17320566231783197,3.2294330924071346
HSM7J4MA,-4.610395755771311,-4.610395755771311,1.3235329047682782,5.593759483358513,1.7606841828444137,-1.1185730545234165,-4.610395755771311,-1.406384657133172,-4.610395755771311,0.5739605213326975,-4.610395755771311,-4.610395755771311,5.890199497891788,4.769629254081235,7.055474831790837,0.0729180152786082,6.549334018560646,5.748491432765585,-0.8471995495669571,3.900588454675188,6.721276118504896,4.9925070782912835,3.886655122137883,1.0816570505886318,-4.610395755771311,1.5502526194528228,-0.30590581674858264,-4.610395755771311,-4.610395755771311,-4.610395755771311,0.3140310277181264,-4.610395755771311,-4.610395755771311,-4.610395755771311,1.6641778535114122,1.0202229246136625,6.575061172434909,2.500651434132835,3.9399547130952923,-4.610395755771311,3.3974762295958723,4.123777810651548,-4.610395755771311,1.397047147032782,-4.610395755771311,5.027747783556871,1.9645555529304097,0.4932285074776033,6.963666213450582,4.4592278532269445,2.9964933385189934,7.840214958740324,-4.610395755771311,5.273439296416716,2.1494666275022896,-4.610395755771311,-4.610395755771311,-4.610395755771311,-4.610395755771311,-4.610395755771311,0.541273403039348,2.1352761897480512,-4.610395755771311,-4.610395755771311,5.049539298102695,-0.3621806332866857,3.0257047466331874,-4.610395755771311,1.6095085641031597,-4.610395755771311,3.0216770670574933,1.2077178498106935,-4.610395755771311,4.651856767505691,-4.610395755771311,0.2620009209091201,-4.610395755771311,-4.610395755771311,2.012666156542598,3.4995734103406564,4.786074501129996,3.3658578683727463,6.0964732708766665,-0.7913313810435767,-1.665710983834309,-0.3013561257899493,2.8313378750686837
HSM7J4MC,1.0222292794676857,1.2504754372313611,2.4954958206012723,5.037452885664292,2.9871663602442817,-1.0718945311613624,-5.384070099479342,-5.384070099479342,-5.384070099479342,2.5578409336165153,-2.7565828388283933,1.4296396672036282,5.38961915321066,5.259523795803596,6.960444056163305,2.118275550847775,5.391603728667482,5.1500380245141475,0.2324629582172797,4.462943374466716,5.9150902654338,3.8979599198672252,2.9904907434012893,2.4147130592968384,-0.8177931705394581,1.1447113675442298,-5.384070099479342,-0.65562555528202,-0.5161233593029486,-5.384070099479342,3.57633202478074,-0.16877704864693932,-5.384070099479342,1.1976118084936935,3.7216226548885114,3.295321101373597,4.965963528110764,0.6596920114316891,2.9169011552919644,-5.384070099479342,2.0784684572276255,2.8847898728679455,-5.384070099479342,2.477877037393778,0.21786436603127335,2.9505406712929396,1.985215481719787,-0.9610648628236245,5.844081671906538,1.715464631289084,-0.3516958842565341,6.590731312789831,-5.384070099479342,4.482914990825847,0.058323102889456635,-4.943622010860803,-5.384070099479342,-5.384070099479342,-5.384070099479342,-0.10416468200844697,0.3543511587112391,1.1746545110759907,-5.384070099479342,2.728897447285557,3.6377312236189026,-5.384070099479342,3.5408508649250603,1.9319155060060824,0.8497289732537912,-5.384070099479342,-0.34737321997134174,1.0883423565813954,-5.384070099479342,1.5473141397525998,-5.384070099479342,-2.001548679058976,-5.384070099479342,-5.384070099479342,1.0821652978579657,2.3497628879419814,3.39305799068316,3.46832960652066,5.611732027744859,-5.384070099479342,-1.7829524518544364,-0.36991085955736835,0.5306535828494834
HSM7J4ME,-4.786926211403914,-4.786926211403914,-0.13095152665852616,5.134063727587403,1.1963928925285199,-0.7738441643730933,-4.786926211403914,-4.786926211403914,-4.786926211403914,-1.9215337325621462,-2.0451318925770128,-4.786926211403914,4.271891908116176,3.6396194615369533,6.3564010719191,-0.29579004260676456,5.4577341951046385,5.494862263800604,-0.7697526612114984,3.6820375085235257,6.457502960990754,4.618400855623466,4.0349032630728585,2.893960454542376,0.26591955897933417,1.51711868477482,-4.786926211403914,-1.8231856583455759,-4.786926211403914,-4.786926211403914,0.28529836094640615,-3.3048885985560457,-1.608057569196017,-0.8865616815052881,-0.5605139525952882,1.1848946095017148,6.373072008106549,3.2196704138267247,4.271865517954568,-4.786926211403914,2.678388190814033,4.086225974982703,-4.786926211403914,2.554465066323705,1.1375319280032503,4.387310528416984,2.22285591725871,1.3391766803938197,7.062728040835104,0.4879291902633671,1.4448885231166875,7.851147642280117,-4.786926211403914,6.351140900909108,2.1767542735705927,-4.786926211403914,-4.786926211403914,-4.786926211403914,-4.786926211403914,1.0626499198261614,0.41884587261247574,1.7036889814104148,0.3645304784721919,-4.786926211403914,4.888654016792418,-2.7768854906576106,3.346824151763504,-4.786926211403914,1.7618524990368059,-4.786926211403914,1.6191592076079013,1.0226555010802834,-4.786926211403914,2.7941431709231193,-4.786926211403914,-1.7230010594472436,-4.786926211403914,-4.786926211403914,2.4527386902344643,2.431272847383619,3.797318898115771,4.023652132536709,6.373910881794281,0.3385864185137901,-0.4449080712449174,2.6742891093967005,2.674940880145207
HSM7J4NC,-4.30544012034197,3.781780323273975,6.161076165324191,-4.30544012034197,5.824248754910859,2.424183055503721,-4.30544012034197,-4.30544012034197,-4.30544012034197,-4.30544012034197,-4.30544012034197,6.2978397557249295,-4.30544012034197,6.321009631052007,7.089722687750958,6.846283263426717,7.165461739550515,7.480806151112669,3.1349589856064366,-4.30544012034197,2.67237424953648,-4.30544012034197,3.3491215174044786,3.9067704609987386,-4.30544012034197,4.169253161426904,-4.30544012034197,1.9711926963369768,2.7742214389102626,-4.30544012034197,2.6818282271887144,-4.30544012034197,-4.30544012034197,-0.30422891270215224,4.08170756012502,3.4370609510566252,-4.30544012034197,-4.30544012034197,4.122122409431154,-4.30544012034197,-0.20088430575415828,4.007148642406506,-4.30544012034197,-0.15375279300856626,-0.54275390214735,4.6223539989049245,1.9174405348532755,-4.30544012034197,-4.30544012034197,-4.30544012034197,3.1828833162737276,7.382452079453511,0.9689993103384236,3.8752706234083503,2.4396132205083774,-4.30544012034197,-4.30544012034197,-4.30544012034197,3.028195437147592,-4.30544012034197,3.542614446779237,3.740725595044103,1.3232569485829142,6.35053231680303,5.116473193259078,3.297274362727781,-4.30544012034197,7.952946896174166,3.5031635219549218,-4.30544012034197,-4.30544012034197,-1.271879198871515,4.984737275411267,2.9206135410920337,-4.30544012034197,-4.30544012034197,-4.30544012034197,-4.30544012034197,1.8675985137322604,3.727028717716287,-4.30544012034197,-4.30544012034197,4.587096797570381,-4.30544012034197,-4.30544012034197,-4.30544012034197,-4.30544012034197
HSM7J4NE,-4.725132548344467,4.107772141261582,6.425953988759377,-4.725132548344467,5.516201201364925,1.8624110050751899,-4.725132548344467,-4.725132548344467,-4.725132548344467,-4.725132548344467,-4.725132548344467,5.879075625237965,-4.725132548344467,6.3740489420792965,7.2257758174587,5.46439037638406,6.113985359030003,7.665350074214862,3.1337105454115486,-4.725132548344467,2.4298687164083477,-4.725132548344467,3.1243480175372564,2.880504981486089,-4.725132548344467,3.1730567085632613,1.0156299500864314,0.3772546151635403,0.46219620022863594,-4.725132548344467,2.7113845526588616,-4.725132548344467,-4.725132548344467,0.1410309989442382,2.760143772179484,4.07582722129672,-4.725132548344467,-4.725132548344467,3.865102583334199,-4.725132548344467,1.3913386590140293,4.823466676543175,-4.725132548344467,-0.2974942429011094,1.9429240742770135,5.059059708256493,2.731506507610521,-4.725132548344467,-4.725132548344467,-4.725132548344467,2.862360847907774,6.605471863374847,-4.725132548344467,3.4978356316972636,1.9228963739897607,-2.159437967622292,-4.725132548344467,-4.725132548344467,3.4421748417596483,-4.725132548344467,2.831619654289626,2.7001913652730734,3.757304366721973,5.832034194884301,4.773225870795943,1.8399630271776006,-4.725132548344467,6.22873290871884,2.3092935738221776,-4.725132548344467,-4.725132548344467,0.054360426171937704,1.9378235184905748,1.391112170868107,3.1195331287422796,-4.725132548344467,-4.725132548344467,-4.725132548344467,3.2112068037845782,4.037365330453855,2.037216909018005,0.40980793097476464,3.7770666736323992,-4.725132548344467,-4.725132548344467,-4.725132548344467,-4.725132548344467
HSM7J4NM,-4.965037659788413,1.844888897481904,4.532454450291107,-4.965037659788413,3.664289237898293,1.672711758293432,-4.965037659788413,-4.965037659788413,-4.965037659788413,-4.965037659788413,-4.965037659788413,5.612084147871015,-3.1918442543742884,5.041130332897675,6.119141573153293,4.991061529358653,6.298101186770966,7.131600224900934,2.8973047825400275,-4.965037659788413,3.8835357166772875,-4.965037659788413,3.1412516335201017,2.708087428943256,-4.965037659788413,3.772467206609978,-4.965037659788413,0.6451279536386654,1.0632138409366751,-0.28515942250979265,1.3477725467921173,-4.965037659788413,-4.965037659788413,-4.965037659788413,3.2385854557805525,2.092932314071832,-4.965037659788413,-4.965037659788413,3.296951429105685,-4.965037659788413,1.4621266604802194,3.5630842608780826,-4.965037659788413,0.25956490723629955,0.7051861463528226,3.3014118782829946,2.3770838963501406,-4.965037659788413,-1.607864932331541,-4.965037659788413,5.449589575146633,7.387168049126058,1.501848912122096,4.560471410618991,2.2037581738975742,0.22270604148501505,-4.965037659788413,-4.965037659788413,4.154109553682059,-4.965037659788413,2.2624941253792707,3.5592277984351632,2.753478582842746,4.137228821818706,3.5239174059264577,2.2034442715532316,-4.965037659788413,7.042386810381854,3.389274127059597,-0.062359409558109036,-3.1412574856685307,-0.2994410721156324,4.925448952598614,3.7043621939477873,-4.965037659788413,-0.3648227499135732,-4.965037659788413,1.5083185498264653,3.09412980008448,3.6683060873849014,-0.4866041934373868,-4.965037659788413,3.95265942412155,-4.965037659788413,-4.965037659788413,-4.965037659788413,-2.0461227727823204
HSM7J4NO,-3.2110332718058014,-3.2110332718058014,-3.2110332718058014,-3.2110332718058014,-3.2110332718058014,-0.20408854483634187,-3.2110332718058014,-0.13604523574629646,-3.2110332718058014,-3.2110332718058014,5.044861608865204,3.2601398115324765,-3.2110332718058014,4.305198529706939,-3.2110332718058014,1.6259190239363086,6.130996821808623,7.08092501970299,-3.2110332718058014,6.774677369564451,-3.2110332718058014,3.736635153975559,3.9595637010909313,4.643340611762951,1.8964115333665834,3.3373330790007367,8.235613382887372,-3.2110332718058014,-3.2110332718058014,-3.2110332718058014,2.7049344566310056,-3.2110332718058014,-3.2110332718058014,1.0782974799015292,-3.2110332718058014,2.3621618379101417,5.103636187477282,0.8343616509722125,-3.2110332718058014,6.273554568419561,3.569869764342908,-3.2110332718058014,-3.2110332718058014,3.343434351997252,-3.2110332718058014,3.093033181109454,2.6829372504029196,2.522576187627255,4.230744871652927,-3.2110332718058014,-3.2110332718058014,7.546574487089209,-0.1694882654131895,-3.2110332718058014,-3.2110332718058014,-3.2110332718058014,-3.2110332718058014,-3.2110332718058014,-3.2110332718058014,-3.2110332718058014,-3.2110332718058014,1.0782974799015292,-3.2110332718058014,-3.2110332718058014,-3.2110332718058014,4.844974372822182,7.55583138156399,-3.2110332718058014,2.3160372690685236,-3.2110332718058014,10.232584019355214,1.1535177989120449,-3.2110332718058014,5.839588382886232,-3.2110332718058014,5.00229586510127,-3.2110332718058014,-3.2110332718058014,3.1968422508920167,-3.2110332718058014,-3.2110332718058014,-3.2110332718058014,5.797997102935126,1.2416071669670803,-3.2110332718058014,2.1073544564677125,2.479422529953702
HSM7J4NS,-2.0490323808448654,-0.09098522396972086,-5.3816981066897505,-5.3816981066897505,-5.3816981066897505,0.41215666770586523,-5.3816981066897505,-0.4252277957861601,1.3139923042372956,-5.3816981066897505,3.2213311764546138,2.130149904426707,-5.3816981066897505,3.0827052940855104,-5.3816981066897505,0.44219000377744067,4.328012601750737,4.655523874114401,-5.3816981066897505,4.846054977302815,-5.3816981066897505,3.0464773931942766,2.24394932051789,3.5041057934426165,1.3057093467113576,3.097503264068827,0.05786159151892889,-5.3816981066897505,-2.11247226499167,-5.3816981066897505,1.166456213576982,-1.6161469156073363,0.9143833801631525,-1.5325244837304979,-0.9903736206664,1.8421597868999582,4.875396705867108,2.038745501428078,-5.3816981066897505,6.3175472636875725,2.09342554012776,-5.3816981066897505,-5.3816981066897505,2.103987549052526,1.9317027341518767,4.679386215943191,3.294740056239088,1.9082598375660318,4.772228688264113,1.659685889509933,4.254303630695363,6.880136021905766,0.19963514051076992,-1.7751721475198021,2.0293559385361366,-5.3816981066897505,-5.3816981066897505,-5.3816981066897505,-0.0072909954265458765,-3.866241466431031,0.6325233964255448,1.3446498936617246,2.472983405243,3.422056491882876,3.8077051806885933,3.042658551527528,5.7165841228845835,-5.3816981066897505,1.381882145889171,-5.3816981066897505,6.966012738533877,4.074725142879696,0.8243425554249866,5.49278349876239,-5.3816981066897505,0.1190277231407677,-5.3816981066897505,-0.7807266838274067,2.4836972186665616,3.0783163091539825,1.5123431176773705,1.9047286804039247,5.463175743833155,0.8046106630076757,0.1832834974172517,1.9726730880148313,2.364101802683283
HSM7J4NU,-5.6673721895094875,4.295117437264292,-5.6673721895094875,-5.6673721895094875,-5.6673721895094875,-1.0554715125152327,-0.3228733246674267,0.8968927676891276,2.5436918998378095,-5.6673721895094875,4.070794529292773,5.372627420231078,-5.6673721895094875,4.00096461617746,-4.07140997312675,2.064677939581161,4.9383129854736225,4.839852147123418,-5.6673721895094875,5.728735861307603,-5.6673721895094875,3.321056537907282,1.3621182750880436,3.400258316551602,1.4626526800447497,2.5710604327806834,-2.27395085915518,-0.27265091079910597,-0.5858442073259127,-5.6673721895094875,1.8091926985959441,-0.6315371085663859,0.43042213177116384,1.3418158639157296,2.738094417604147,1.1717832987302756,3.9042722895328597,1.4332519526556435,-5.6673721895094875,3.7510097675124703,1.2923853160382954,-5.6673721895094875,-5.6673721895094875,2.105050592025906,-5.6673721895094875,3.4226361488865784,2.58831498282394,2.0563643109096024,4.528195959948346,4.191247669226152,3.732699314880546,6.3880796241108575,-5.6673721895094875,0.7714739667755914,1.2368940928515544,-5.6673721895094875,-5.6673721895094875,-5.6673721895094875,0.7257225094243838,2.2566699382429434,0.34888165142432914,2.294619782407178,-5.6673721895094875,5.257596595194805,2.1763319718129237,3.133719256558207,5.447263872142347,-5.6673721895094875,0.5684616841105372,0.5291960747196827,6.314183613734782,-0.009490088926549234,-0.8649791709797707,3.6605049913266603,-5.6673721895094875,-1.138038251604085,-5.6673721895094875,1.3797708990255968,1.4181268833247822,2.9849848944159314,1.3210927079590409,2.5688304392759367,5.525527958519758,-0.4806162215236167,-1.7509666976169065,1.06774443903985,2.216715067083042
HSM7J4PC,-4.502739020859046,-4.502739020859046,1.2377153877476665,4.618921559982275,3.0262413702827464,1.8194066413355916,-4.502739020859046,-4.502739020859046,-4.502739020859046,-4.502739020859046,-0.800989824698016,-4.502739020859046,6.28341254157756,5.544444414641166,6.724138439382214,3.382319253999385,5.62284901690776,5.692130041606735,0.5759115615375237,2.645677427577536,6.07175945367358,4.580203314543056,3.493269970351186,2.8511806307283525,-4.502739020859046,-4.502739020859046,5.954804692565142,-4.502739020859046,-4.502739020859046,-4.502739020859046,1.53872636700516,-4.502739020859046,-4.502739020859046,-4.502739020859046,-4.502739020859046,3.9978326113091294,5.377466550575869,2.576541887509194,3.287201422016608,-4.502739020859046,3.966575094896304,4.989993176489959,-4.502739020859046,3.706705314422841,-4.502739020859046,5.102453794324968,3.6802879458376276,0.6875298300647881,7.436484280093135,4.760280675660676,1.9168637047304227,8.143377750124966,-4.502739020859046,5.324898724901195,1.7936403499024856,-4.502739020859046,1.2010861225541323,-4.502739020859046,-4.502739020859046,-4.502739020859046,2.391132090155545,1.5583598605572107,-4.502739020859046,-4.502739020859046,-4.502739020859046,-4.502739020859046,5.728960761287001,-4.502739020859046,-0.7328910158277822,-4.502739020859046,2.419898716308686,-1.7689567204553924,-4.502739020859046,5.212868434081835,-4.502739020859046,-4.502739020859046,-4.502739020859046,-4.502739020859046,3.433142314537548,4.30052284535596,4.315155527217974,3.683091767390117,6.508150975568361,0.6379681121607597,1.1410741288866575,2.69729499200948,4.275185569825407
HSM7J4PE,-4.645875373953654,-4.645875373953654,1.9156156504983048,5.069846620238329,3.0497334581349493,-4.645875373953654,-4.645875373953654,-4.645875373953654,-4.645875373953654,-0.26593288734471443,0.8364272846393153,-4.645875373953654,5.999136057390838,5.490232920130487,7.445331266066122,4.006297611612124,5.923977028831518,6.117598042268673,0.733058450532031,2.62269519445769,5.2953141708755425,3.6400567389093785,2.8922832321968546,3.269086619665724,-2.069494518760644,-4.645875373953654,-4.645875373953654,-4.645875373953654,-4.645875373953654,-4.645875373953654,0.025958642815421484,-4.645875373953654,-4.645875373953654,-4.645875373953654,-0.2993429923720967,4.3621284460898195,4.245175908870857,2.9343121410018345,3.5417783135703047,-4.645875373953654,3.4543349283315763,4.231748586223079,-4.645875373953654,3.9595262451016895,1.2339657195832086,3.8452361423494965,1.3521241751076811,0.055232386246039766,7.089314483310235,4.496577970705024,3.7594999713110466,7.975244562065596,-4.645875373953654,5.852415180098029,1.4528363234368475,-4.645875373953654,0.7995754740180825,-4.645875373953654,-4.645875373953654,-4.645875373953654,0.09579128366931222,0.28406859725844313,-4.645875373953654,3.5779330839887713,3.9408213489260913,-4.645875373953654,4.453785281242343,-4.645875373953654,0.8506827494785636,-4.645875373953654,4.5182975429969625,-4.645875373953654,-4.645875373953654,5.021819613732143,-4.645875373953654,-4.645875373953654,-4.645875373953654,-4.645875373953654,2.3997980728186645,3.369192922535005,3.712559679366999,3.665005420794289,5.607664425478563,1.4812634521326462,2.3435182968058443,1.3065221263812958,3.5756347644259527
HSM7J4PG,-5.5738164279777855,2.597069357100435,-0.11426100983988974,5.4968202392930685,3.361311550041494,-0.7521100663630538,-5.5738164279777855,5.733279955231136,-5.5738164279777855,1.7868266868579061,-1.5028857113134304,2.286829365647101,4.995809648778552,5.4050118703498065,4.332297292021229,1.2774034397747718,5.970111262196859,6.533207334674133,1.1322410438380333,1.7401026268897661,3.396452990127332,2.521132166609198,1.2914081578072043,3.052716439230145,1.3334662068923855,2.5082612555814814,-5.5738164279777855,-5.5738164279777855,-5.5738164279777855,-0.8872126323330907,-0.752976014456646,-5.5738164279777855,-5.5738164279777855,-5.5738164279777855,-1.6339827120912052,-0.37334150842387537,3.257810197369542,1.2666547101424435,3.0016800192466384,0.5133675586730995,2.444099779724551,2.9092621562850365,-5.5738164279777855,1.125511724215233,-0.5055780376994132,2.9980637684700726,0.3367583488905259,0.20789029852481633,5.291635357624477,0.9484008701488529,1.3453319077567842,6.411070522253517,-1.1006679166128865,4.33682169528719,0.2414570173316637,-5.5738164279777855,-5.5738164279777855,-5.5738164279777855,-0.7172367664364927,-5.5738164279777855,-0.38526554875757846,1.071380538453571,-5.5738164279777855,3.514411674350799,3.4646271791569587,3.7524103920241982,5.1840599328288945,-5.5738164279777855,0.05838548953385114,0.8734330506546097,0.6763636148802128,-0.6843472786687457,-2.0731432623607216,3.3052941856178872,-5.5738164279777855,-5.5738164279777855,-5.5738164279777855,1.727564907361912,1.8883714706182353,2.6588262751045155,3.475292145231635,3.004009426552096,4.877892816625007,-1.8685312862896861,-0.8734370046391202,0.2847334030366957,1.8537613842903946
HSM7J4PI,-4.664000070086237,-4.664000070086237,0.9029186021198932,4.574161265621365,2.596270809489977,1.0636359696949231,-4.664000070086237,-4.664000070086237,-4.664000070086237,-4.664000070086237,0.26462979126787367,-4.664000070086237,5.821204583343895,4.669124089564101,5.622842194986173,2.9478721675634114,5.777128048014633,5.92967849166554,0.18256170948975914,2.7321787373644115,5.632578661576575,4.905284014550362,2.9482121932645935,3.3224323180015443,0.07024717552542548,-0.9730591524292205,-4.664000070086237,-4.664000070086237,-4.664000070086237,-4.664000070086237,-4.664000070086237,-1.0349847263507108,-4.664000070086237,0.014316067097489338,-4.664000070086237,3.0835146296670173,5.174928599202188,3.2925660391001053,4.485836478445822,-4.664000070086237,4.444318547916741,4.317474777129425,-4.664000070086237,3.7649701634047537,-4.664000070086237,4.560254260152983,3.2511226679285636,2.522910705005075,6.854390500107155,3.1995048995895123,1.0013015134250889,8.33182748769853,-4.664000070086237,5.531589987819752,-2.053395705054335,-4.664000070086237,-4.664000070086237,-4.664000070086237,-4.664000070086237,1.4549851703180385,1.8319047684646153,1.9976610339408483,-4.664000070086237,-4.664000070086237,5.392264443371078,-4.664000070086237,4.186300998570361,-4.664000070086237,0.6668481207320642,1.375483024932615,1.3773928672732074,-0.3026506656032435,-4.664000070086237,4.28445858076454,-4.664000070086237,-4.664000070086237,-4.664000070086237,-4.664000070086237,3.6849394004014213,3.1028263756483927,4.772438183542293,4.531474049860711,6.4629769529369305,1.6100461411388203,0.40088145107427486,2.2462280021408354,3.75919513072213
HSM7J4PK,-1.0873394966053294,-1.0873394966053294,-1.0873394966053294,-1.0873394966053294,-1.0873394966053294,-1.0873394966053294,-1.0873394966053294,-1.0873394966053294,-1.0873394966053294,-1.0873394966053294,-1.0873394966053294,-1.0873394966053294,-1.0873394966053294,-1.0873394966053294,10.378209801239505,-1.0873394966053294,9.569857129870066,11.33556777829773,-1.0873394966053294,-1.0873394966053294,10.232068576989187,-1.0873394966053294,-1.0873394966053294,-1.0873394966053294,-1.0873394966053294,-1.0873394966053294,-1.0873394966053294,-1.0873394966053294,-1.0873394966053294,-1.0873394966053294,-1.0873394966053294,-1.0873394966053294,-1.0873394966053294,-1.0873394966053294,-1.0873394966053294,-1.0873394966053294,-1.0873394966053294,-1.0873394966053294,-1.0873394966053294,-1.0873394966053294,-1.0873394966053294,-1.0873394966053294,8.699838132155197,-1.0873394966053294,9.72452780766769,-1.0873394966053294,-1.0873394966053294,-1.0873394966053294,10.310406320095126,-1.0873394966053294,-1.0873394966053294,11.641317772866207,-1.0873394966053294,-1.0873394966053294,-1.0873394966053294,-1.0873394966053294,-1.0873394966053294,-1.0873394966053294,-1.0873394966053294,-1.0873394966053294,-1.0873394966053294,-1.0873394966053294,-1.0873394966053294,-1.0873394966053294,-1.0873394966053294,-1.0873394966053294,-1.0873394966053294,-1.0873394966053294,-1.0873394966053294,-1.0873394966053294,-1.0873394966053294,-1.0873394966053294,-1.0873394966053294,-1.0873394966053294,-1.0873394966053294,-1.0873394966053294,-1.0873394966053294,-1.0873394966053294,-1.0873394966053294,-1.0873394966053294,-1.0873394966053294,-1.0873394966053294,9.444724395664716,-1.0873394966053294,-1.0873394966053294,-1.0873394966053294,-1.0873394966053294
HSM7J4PM,-5.04298629137549,0.9127221616772232,2.653804999971337,5.071804910637596,3.3657526639445896,-0.5529746479984041,-5.04298629137549,0.25030204773355536,-5.04298629137549,-0.9786913883877375,0.5736412729602502,-5.04298629137549,5.8958339705557705,4.397833037038675,5.6914695035515805,2.722487141253401,5.317500452795132,5.584588207986908,-1.387068211998784,3.276281056693935,5.666013442643252,4.12804070500436,3.2344104317796276,2.039833284693147,-2.892943421957167,-0.5668381190033713,-5.04298629137549,-5.04298629137549,-5.04298629137549,-5.04298629137549,0.5258640947076358,-5.04298629137549,-5.04298629137549,-5.04298629137549,-1.42525594823762,1.0342245527972462,5.023847642256602,2.367843769201836,3.7569687691103253,-5.04298629137549,3.764423431151786,4.384267546870546,-5.04298629137549,3.614868451824643,-5.04298629137549,3.332534211044738,2.5448568918816914,0.7569789069992829,6.697703118396003,2.5755173032425507,-5.04298629137549,7.791362052913781,-5.04298629137549,4.050986810805098,1.0834172771301471,-5.04298629137549,0.3610871242643494,-5.04298629137549,-5.04298629137549,1.3040251973063164,0.7149032244356626,0.9156081958890061,1.0582491867861208,3.9030448165346217,4.3864203236679105,-5.04298629137549,3.3608421969848887,-5.04298629137549,0.3999610809376204,0.7773709617277156,1.3829102271992886,-0.8889639787032717,-5.04298629137549,3.2589460657004032,-5.04298629137549,-5.04298629137549,1.5879399063749817,-5.04298629137549,2.4472327071222324,3.3304756952142576,4.80985860386115,4.170061181105186,6.092789979303774,0.6095021922106145,-0.6405591129248407,1.104633296359009,1.6091926346984469
HSMA33IA,-2.9887652683294927,5.902052311528052,2.8614147038379807,8.307505649587625,5.994883423773094,-2.9887652683294927,-2.9887652683294927,-2.9887652683294927,-2.9887652683294927,5.712112592758497,-2.9887652683294927,-2.9887652683294927,8.203656997679666,8.58124699386841,10.073376590120228,6.887206991626483,8.361379767044912,5.277718298053243,2.7554571891982533,-2.9887652683294927,-2.9887652683294927,-2.9887652683294927,-0.3383499598797428,3.9275361541835467,0.4832552647222954,-2.9887652683294927,-2.9887652683294927,-2.9887652683294927,0.9427949041853587,-2.9887652683294927,-2.9887652683294927,-2.9887652683294927,-2.9887652683294927,-2.9887652683294927,-2.9887652683294927,-2.9887652683294927,-2.9887652683294927,-2.9887652683294927,4.297099146052864,4.536107224057727,-2.9887652683294927,1.4059405530393754,3.6997366793697015,-2.9887652683294927,-2.9887652683294927,-2.9887652683294927,-2.9887652683294927,-0.2184227866148678,6.84742680543311,-2.9887652683294927,-2.9887652683294927,7.53822307972992,-2.9887652683294927,-2.9887652683294927,-2.9887652683294927,-2.9887652683294927,-2.9887652683294927,-2.9887652683294927,1.9238549807199359,-2.9887652683294927,-2.9887652683294927,3.4442764822036196,3.016768549200389,6.718040222345658,4.180709643749773,6.07052369034436,7.5305187938735845,6.063587425845835,-1.2350925186453559,-2.9887652683294927,-2.9887652683294927,-2.9887652683294927,-2.9887652683294927,4.219092928710321,2.825640198290797,1.7135869357284506,-2.9887652683294927,-2.9887652683294927,-2.9887652683294927,3.867361417399623,-2.9887652683294927,-2.9887652683294927,4.9926277033281705,-2.9887652683294927,-2.9887652683294927,-2.9887652683294927,-2.9887652683294927
HSMA33IC,-4.126293287448094,4.297705088400387,0.2061870697734598,6.1463734209555145,4.562034087133058,0.3531264950644655,-4.126293287448094,-4.126293287448094,-4.126293287448094,3.2709611943022567,-4.126293287448094,-4.126293287448094,6.921185818023824,6.699604691222571,8.661752872621214,5.248958094112218,6.631578972630335,4.253926029491836,-4.126293287448094,-4.126293287448094,3.3122312888697003,-4.126293287448094,1.9330992214474332,3.225900666374331,-0.3695133299622171,-0.23676033775493366,1.6164071449358985,-4.126293287448094,-4.126293287448094,1.5689354787778207,-1.4802261977095394,-4.126293287448094,-4.126293287448094,-4.126293287448094,3.1735584833284873,-4.126293287448094,-4.126293287448094,-4.126293287448094,5.03616931354652,4.926977897928423,1.1253285484218623,3.665154309858991,-4.126293287448094,0.6286911769298253,-4.126293287448094,-4.126293287448094,1.964422984725065,1.682067498685182,7.578157574247971,-4.126293287448094,-4.126293287448094,7.470059137241497,-4.126293287448094,-4.126293287448094,-4.126293287448094,-4.126293287448094,-4.126293287448094,0.6728078140689941,2.331231825837272,-4.126293287448094,0.4119640690976478,3.018233543516069,-4.126293287448094,4.991202532307686,4.061213815491797,5.495947616558093,6.487949418026256,6.547285535970853,-0.819342460602801,2.087056059996737,-1.2372762301023013,1.2378799359950445,5.6525301135209665,3.3309148127726926,-4.126293287448094,3.48406652948687,-4.126293287448094,1.409223271329715,1.0758118979951234,5.851832615071299,-4.126293287448094,-4.126293287448094,4.97279793273129,-4.126293287448094,-4.126293287448094,0.6385652019656547,1.7350654183203273
HSMA33IO,10.486856601834026,-0.6337891192726399,-0.6337891192726399,-0.6337891192726399,-0.6337891192726399,-0.6337891192726399,-0.6337891192726399,-0.6337891192726399,-0.6337891192726399,-0.6337891192726399,-0.6337891192726399,-0.6337891192726399,-0.6337891192726399,-0.6337891192726399,-0.6337891192726399,-0.6337891192726399,11.196016288469817,11.953092821782334,-0.6337891192726399,-0.6337891192726399,-0.6337891192726399,-0.6337891192726399,-0.6337891192726399,-0.6337891192726399,-0.6337891192726399,-0.6337891192726399,-0.6337891192726399,-0.6337891192726399,-0.6337891192726399,-0.6337891192726399,-0.6337891192726399,-0.6337891192726399,-0.6337891192726399,-0.6337891192726399,-0.6337891192726399,-0.6337891192726399,-0.6337891192726399,-0.6337891192726399,-0.6337891192726399,-0.6337891192726399,-0.6337891192726399,-0.6337891192726399,-0.6337891192726399,-0.6337891192726399,12.429856275409255,-0.6337891192726399,-0.6337891192726399,-0.6337891192726399,-0.6337891192726399,-0.6337891192726399,-0.6337891192726399,-0.6337891192726399,-0.6337891192726399,-0.6337891192726399,-0.6337891192726399,-0.6337891192726399,-0.6337891192726399,-0.6337891192726399,-0.6337891192726399,-0.6337891192726399,-0.6337891192726399,-0.6337891192726399,-0.6337891192726399,-0.6337891192726399,-0.6337891192726399,-0.6337891192726399,-0.6337891192726399,-0.6337891192726399,-0.6337891192726399,-0.6337891192726399,-0.6337891192726399,-0.6337891192726399,9.707620508494337,-0.6337891192726399,-0.6337891192726399,-0.6337891192726399,-0.6337891192726399,-0.6337891192726399,-0.6337891192726399,-0.6337891192726399,-0.6337891192726399,-0.6337891192726399,-0.6337891192726399,-0.6337891192726399,-0.6337891192726399,-0.6337891192726399,-0.6337891192726399
HSMA33IS,-4.167622910177116,3.8187489912717343,0.012412185478989812,6.501455597865496,4.579418288804043,-4.167622910177116,-4.167622910177116,5.887605517419546,2.815085461745589,-4.167622910177116,-4.167622910177116,-4.167622910177116,6.101332277033155,6.203159201340453,6.600728167719417,-4.167622910177116,5.710233227730706,5.814465976512933,-0.636586610081558,-4.167622910177116,-4.167622910177116,-4.167622910177116,3.5330944605299246,-4.167622910177116,-4.167622910177116,-4.167622910177116,-4.167622910177116,-4.167622910177116,-4.167622910177116,-4.167622910177116,-4.167622910177116,-4.167622910177116,-4.167622910177116,4.096669434432262,2.1721356423706517,-4.167622910177116,6.18851406287592,1.009654299406682,3.3503808237248656,4.687781956139484,3.992233924510426,5.288590714124036,-4.167622910177116,3.659660585815356,3.445326893892478,-4.167622910177116,3.6467192650468085,0.9836342047907163,7.562952144982061,-4.167622910177116,4.618311704771638,8.45003639534063,-4.167622910177116,2.911287038308058,-4.167622910177116,-4.167622910177116,-4.167622910177116,-4.167622910177116,3.6539411415220604,-4.167622910177116,-4.167622910177116,2.548914451139595,4.385433603169545,-4.167622910177116,4.675598558236785,2.496557385854781,6.732254482551239,-4.167622910177116,-4.167622910177116,-4.167622910177116,7.583848383423253,-4.167622910177116,-4.167622910177116,4.224572370650506,-0.1101840461828072,-4.167622910177116,-4.167622910177116,3.675503161217783,3.852531595917946,-4.167622910177116,2.8159296296069574,3.561633538096811,6.687486091926595,-4.167622910177116,-4.167622910177116,3.7970684729584674,3.7207008385789724
HSMA33LB,-2.6122748997640883,-2.6122748997640883,-2.6122748997640883,-2.6122748997640883,-2.6122748997640883,-2.6122748997640883,-2.6122748997640883,-2.6122748997640883,-2.6122748997640883,-2.6122748997640883,-2.6122748997640883,-2.6122748997640883,8.045072376295753,6.910826840371953,8.684942198878005,6.356554995416171,7.579683438042368,8.840419252027422,5.788944216491826,-2.6122748997640883,5.683437437296275,-2.6122748997640883,5.745412752562089,-2.6122748997640883,-2.6122748997640883,-2.6122748997640883,-2.6122748997640883,-2.6122748997640883,-2.6122748997640883,-2.6122748997640883,-2.6122748997640883,-2.6122748997640883,-2.6122748997640883,-2.6122748997640883,-2.6122748997640883,-2.6122748997640883,-2.6122748997640883,-2.6122748997640883,4.102241085731285,2.8684396042145046,-2.6122748997640883,5.5290475414975155,-2.6122748997640883,5.49281839683891,5.969682076626483,-2.6122748997640883,4.2922735029625105,-2.6122748997640883,10.22191789568676,-2.6122748997640883,-2.6122748997640883,9.893302509289137,-2.6122748997640883,4.651464020818658,-2.6122748997640883,-2.6122748997640883,-2.6122748997640883,-2.6122748997640883,-2.6122748997640883,-2.6122748997640883,-2.6122748997640883,-2.6122748997640883,-2.6122748997640883,-2.6122748997640883,-2.6122748997640883,4.518873825614154,-2.6122748997640883,5.89993035522674,-2.6122748997640883,-2.6122748997640883,-2.6122748997640883,-2.6122748997640883,-2.6122748997640883,3.797273448624658,5.412915023878094,-2.6122748997640883,-2.6122748997640883,-2.6122748997640883,5.7913520296713665,7.0615363701267935,-2.6122748997640883,5.34216511508693,7.589626542030766,-2.6122748997640883,-2.6122748997640883,3.2377537632824556,4.489961870074701
HSMA33LH,-3.277492902249504,5.192940186576007,4.231111852596553,6.042310627452694,4.708633828467526,-3.277492902249504,-3.277492902249504,-3.277492902249504,-3.277492902249504,2.8208941771629066,-3.277492902249504,-3.277492902249504,7.660263138732292,7.389352648767291,9.041480438265275,6.534103812359845,7.1429535662759385,6.765065786543496,5.783269210750224,-3.277492902249504,4.294926331738457,2.8755630466095017,3.651660240365654,3.3450002113692667,-3.277492902249504,-3.277492902249504,-3.277492902249504,-3.277492902249504,3.202359814963029,-3.277492902249504,3.105934524026453,-3.277492902249504,-3.277492902249504,-3.277492902249504,-3.277492902249504,4.439341463749785,2.818448108857571,-3.277492902249504,-3.277492902249504,6.997644679982427,3.1778723603053862,-3.277492902249504,3.617553828504387,4.272979992003649,4.090820782278243,-3.277492902249504,3.805199484797768,-3.277492902249504,-3.277492902249504,-3.277492902249504,-3.277492902249504,9.605761431790443,-3.277492902249504,-3.277492902249504,-3.277492902249504,-3.277492902249504,-3.277492902249504,-3.277492902249504,-3.277492902249504,-3.277492902249504,-3.277492902249504,5.666857448295423,4.453763961863484,-3.277492902249504,-3.277492902249504,4.18129008531271,6.0720993135849115,8.149623826430554,-3.277492902249504,-3.277492902249504,-3.277492902249504,-3.277492902249504,-3.277492902249504,-3.277492902249504,2.765648090674728,4.984705589133619,-3.277492902249504,-3.277492902249504,4.094724176216397,-3.277492902249504,-3.277492902249504,-3.277492902249504,6.303616661809325,-3.277492902249504,-3.277492902249504,-3.277492902249504,-3.277492902249504
HSMA33LH_TR,-3.7878054217479136,4.660796794842281,4.163535311823222,5.70155278720572,4.7663143617137385,-0.2549338220056363,-3.7878054217479136,-3.7878054217479136,-3.7878054217479136,0.7114816810368438,-3.7878054217479136,-3.7878054217479136,6.8556028012083585,6.443805604632599,8.179765098620903,6.441030825130383,6.457688172599072,5.748287034888873,4.778339658056862,-3.7878054217479136,3.88064694202615,3.923560000272155,4.267853900882899,3.784867537536245,-3.7878054217479136,-3.7878054217479136,-3.7878054217479136,-3.7878054217479136,3.3332795924054297,-3.7878054217479136,5.983155666634049,-3.7878054217479136,2.3747899501524588,-3.7878054217479136,-3.7878054217479136,4.558037364018942,3.364945667420602,-3.7878054217479136,-3.7878054217479136,6.816071737676195,2.983632955927817,-3.7878054217479136,1.019632507377258,3.039700499028691,-3.7878054217479136,-3.7878054217479136,2.8641624636675687,-3.7878054217479136,-3.7878054217479136,-3.7878054217479136,-3.7878054217479136,9.264042412306386,-3.7878054217479136,-3.7878054217479136,-3.7878054217479136,-3.7878054217479136,2.986605005697057,-3.7878054217479136,-3.7878054217479136,-3.7878054217479136,0.16076537457091788,5.2040950551151886,4.070456939005413,5.068135838978277,-3.7878054217479136,2.834086036180148,5.19420453255715,7.399191752724487,0.015009648854402258,-3.7878054217479136,-3.7878054217479136,0.8346981643078788,-3.7878054217479136,2.644863264799419,-3.7878054217479136,4.63244393478987,-3.7878054217479136,-3.7878054217479136,4.052817297265973,4.3504626575658945,-3.7878054217479136,-1.1268131048207426,5.996947191289298,-3.7878054217479136,-3.7878054217479136,-3.7878054217479136,-3.7878054217479136
HSMA33LJ,-4.056073475723684,5.030953621781696,3.115877291972126,6.793158360969812,5.081267462874659,-4.056073475723684,-4.056073475723684,-4.056073475723684,-4.056073475723684,1.5843597630888429,-0.7253809665579087,-4.056073475723684,7.568197043853637,6.269612283365945,7.613305350897914,5.69567055279436,6.227898833946776,5.3841935599456505,3.5786891663728237,-4.056073475723684,4.962078644051461,2.703918596723608,4.455051875663494,4.396913011810622,0.5883257245391302,1.5243558053013988,-4.056073475723684,-4.056073475723684,-4.056073475723684,-0.6260258591639953,3.641040371747737,-4.056073475723684,1.724109417334871,2.4013651431097696,-4.056073475723684,4.688248027715431,2.2090163175568964,-4.056073475723684,-4.056073475723684,5.862586454252739,2.955004325880834,-4.056073475723684,-4.056073475723684,2.4202174786668804,-4.056073475723684,-4.056073475723684,1.586352269663907,-4.056073475723684,-4.056073475723684,-4.056073475723684,-4.056073475723684,8.772446924051915,-4.056073475723684,2.368404394313055,-4.056073475723684,-4.056073475723684,-4.056073475723684,-4.056073475723684,-4.056073475723684,-4.056073475723684,-0.9446121395318716,5.661374008603967,-4.056073475723684,6.467139710418837,0.33944697839381277,4.492232113870445,5.804644489739873,7.0236164304116375,1.8616261058503474,-4.056073475723684,-4.056073475723684,3.6264992593840057,-4.056073475723684,4.692427956028642,-4.056073475723684,3.1676409288412826,-4.056073475723684,-0.010186467722627768,3.9091494811725935,5.590838554233417,-4.056073475723684,-4.056073475723684,5.306986441955959,-4.056073475723684,-4.056073475723684,0.29555562513594325,1.4695094551360466
HSMA33LX,-5.103905804080611,1.9413476579941813,-5.103905804080611,-5.103905804080611,-5.103905804080611,0.3400002959297872,-5.103905804080611,-5.103905804080611,1.542143510955948,-2.602818945651727,3.9330072705200863,4.457768371510988,-5.103905804080611,4.5178949734871106,-1.6198406414242452,2.4874989014855604,5.1772033437960925,4.9876606969365795,-5.103905804080611,6.154383802409015,-5.103905804080611,3.465476720383603,2.5360438497802456,3.1395250540664277,0.9458265005701758,2.974417011048452,-1.3094783002180819,-2.630465052303311,0.36180188735841945,-5.103905804080611,0.8000079063554786,-0.47151628227898534,1.42234270129968,1.5286602022319835,1.1910500448891161,1.553313577292565,4.638047860739131,2.1624986724353255,-5.103905804080611,5.491305007012052,3.054726766499382,-5.103905804080611,-5.103905804080611,1.7417395518573136,-5.103905804080611,3.7811085785003478,2.1719788619919376,1.938445185154018,5.52695292678342,1.1531052817477603,4.438399387990725,7.286048368526622,0.9840409687613727,-0.5258219726878028,2.8508710128754133,-5.103905804080611,-5.103905804080611,-5.103905804080611,-0.17017986732515666,-5.103905804080611,0.21077344871554793,2.316106881179352,-5.103905804080611,4.535537197750172,2.787014465029391,3.7061786479040784,6.447213613357208,-5.103905804080611,1.2982292479068311,-5.103905804080611,7.170402154141298,2.314977201958139,3.300242187717502,4.855582673822085,-5.103905804080611,0.6734532536156816,-5.103905804080611,-0.9148956295274768,2.389583618277964,3.079825590409599,-0.9032000057549627,-1.8144671258056295,5.8355664538288075,-0.5021860981807436,-0.34978826881676284,0.8147205833403417,0.44583882914556305
HSMA33LZ,-3.42585106588756,5.195484768092403,-3.42585106588756,-3.42585106588756,-3.42585106588756,-3.42585106588756,-3.42585106588756,-0.6170907115955515,4.903594360342634,-1.169415339834945,7.335778394924491,2.80543299494078,-3.42585106588756,6.858964985702263,-1.9455079595767568,4.118255184283648,6.270422298645971,7.249746503357332,-3.42585106588756,7.860782435294849,-3.42585106588756,-3.42585106588756,3.446172350794283,4.57448451268932,2.128950079109128,3.9283996955737157,-3.42585106588756,-3.42585106588756,-3.42585106588756,-3.42585106588756,2.5555979290178,-3.42585106588756,-3.42585106588756,-3.42585106588756,0.3836494247193034,0.1279109347313181,2.8130695267213417,-3.42585106588756,-3.42585106588756,4.093329599989625,0.7189635387429671,-3.42585106588756,1.9802930097126978,4.873944500969303,3.2836906881862724,-3.42585106588756,0.7694642004040144,-3.42585106588756,-0.01909737216585583,-0.035907728888595614,3.0234220715134645,7.47443401718407,-0.06602346982246488,-3.42585106588756,-3.42585106588756,-3.42585106588756,-3.42585106588756,-3.42585106588756,-0.808618069025707,-3.42585106588756,-3.42585106588756,1.7818088616417587,2.950857106933783,6.598223410420556,3.858176154368195,5.9675033236169215,8.849857612911265,-3.42585106588756,3.2721280017281114,-3.42585106588756,9.560681116393933,-3.42585106588756,4.592368281004897,4.595180413412172,-3.42585106588756,-3.42585106588756,-3.42585106588756,1.2994595011770542,1.2133552438636883,4.612498136602661,-3.42585106588756,-3.42585106588756,5.189735987480579,-3.42585106588756,-3.42585106588756,-3.42585106588756,-0.8652614754617609
HSMA33M2,-4.8058917444530245,4.891860295787461,-4.8058917444530245,-4.8058917444530245,-4.8058917444530245,-4.8058917444530245,-4.8058917444530245,1.1944256361467156,3.9375757614447844,-0.20609748835975772,5.913910688953323,4.6264796897009335,-4.8058917444530245,5.232381498081683,0.06629267938580163,3.4496445992539515,5.348486229839539,5.426412669836708,-4.8058917444530245,6.635936712781927,-4.8058917444530245,2.2263200915593107,0.9954390182047241,3.5477720905263537,1.1458870078215284,2.8731333411610507,-4.8058917444530245,-0.6492522124716711,-4.8058917444530245,-4.8058917444530245,2.2589411891661895,-0.24722005294717064,-0.5438440354584113,2.327844464159093,1.4159374263896636,2.1363610000941495,2.567497037593302,1.2380044985212226,-4.8058917444530245,0.3577515401298097,2.834928082022344,-4.8058917444530245,-4.8058917444530245,2.0181455798917503,-4.8058917444530245,3.6237933808361182,1.5988751005731423,0.8281478824733242,4.3828414409804815,2.7954911358843093,4.514870188142151,7.083429093642801,-4.8058917444530245,-4.8058917444530245,1.7487503556068784,-4.8058917444530245,-4.8058917444530245,-4.8058917444530245,2.613910108797345,-2.7284442219513743,-1.8098688730315189,2.758777435701245,-4.8058917444530245,6.031113274900559,3.1367869784279483,4.18625000055165,7.160275824396856,-4.8058917444530245,1.5211448369661031,-4.8058917444530245,7.535812400260628,-0.39147777798971006,1.939841470781614,5.251346177617194,-4.8058917444530245,-1.464823141236403,-4.8058917444530245,1.897912279842477,1.8966479211568803,4.686793718261551,0.5393376876843021,0.7206815476237054,6.194547591887558,-4.8058917444530245,-4.8058917444530245,1.673459883426462,1.652865249190251
HSMA33M8,-3.6998200828727583,3.411704637125406,-3.6998200828727583,-3.6998200828727583,-3.6998200828727583,-1.0703020143583686,-3.6998200828727583,-3.6998200828727583,0.9829825049526253,-3.6998200828727583,5.864371901229695,4.051508017741402,-3.6998200828727583,6.069558561433873,-3.6998200828727583,4.79529866501448,4.484293082358194,7.098298643759819,-3.6998200828727583,7.330164119351217,-3.6998200828727583,2.6582764347346988,2.7742950637542485,4.020286387770431,1.0428123888192893,2.045734492574928,-3.6998200828727583,-3.6998200828727583,-3.6998200828727583,-3.6998200828727583,1.7485442668575661,-3.6998200828727583,-3.6998200828727583,-3.6998200828727583,-3.6998200828727583,0.6190088007958909,4.00941822251812,1.71639207291366,-3.6998200828727583,6.063358296902603,3.6826449269335315,-3.6998200828727583,-3.6998200828727583,3.4239053572000344,2.5079900691404946,1.9898435725022772,2.7951686042861956,1.6815870599250449,5.163563893751525,-3.6998200828727583,2.4618302611033513,6.103094238119592,-3.6998200828727583,-3.6998200828727583,-0.23708926351694792,-3.6998200828727583,-3.6998200828727583,-3.6998200828727583,1.3810840875264425,-3.6998200828727583,0.22017936204449917,0.5574950391930216,-3.6998200828727583,5.448773601485505,4.286689652623135,4.059776308571458,7.287729395212561,-3.6998200828727583,0.5460421164974445,-3.6998200828727583,9.73230456187294,1.7194506401160297,5.065518931296828,6.150803765373991,-3.6998200828727583,-3.6998200828727583,-3.6998200828727583,2.6785718805497654,3.048921718615288,4.225727334103624,-1.6484955551026381,-3.6998200828727583,4.85342790416718,-3.6998200828727583,-3.6998200828727583,2.21059919495237,-3.6998200828727583
HSMA33MA,-5.017254226346491,0.8236999220628514,2.325590484372877,5.463495971513023,2.9810836957971727,0.34323739976375833,-5.017254226346491,4.253534266726352,3.3501943570258215,2.453601523222985,-5.017254226346491,-5.017254226346491,5.060033817340722,4.02011229786155,6.591653281053436,-3.2369382891829357,4.521377441260886,4.389015359184607,1.772254070300753,-5.017254226346491,3.5232462092126893,4.469129706625569,3.7518193878555577,2.259624828552597,0.4145625617136268,3.577086970036186,-5.017254226346491,-5.017254226346491,-5.017254226346491,-5.017254226346491,0.37313066549584306,-5.017254226346491,-5.017254226346491,-5.017254226346491,-5.017254226346491,-0.9435938418486831,3.998194661256444,0.7559375798861758,3.4798498244242593,2.0793552481217112,2.822996197339817,4.699396098583748,-5.017254226346491,4.950864615405849,-5.017254226346491,2.7295721502944943,1.518293534600133,-5.017254226346491,6.942934523832035,2.112626273368564,-5.017254226346491,6.859869070078906,0.2859010010877281,1.7317982950742747,-5.017254226346491,-5.017254226346491,-5.017254226346491,-5.017254226346491,0.37633833880268774,-5.017254226346491,0.7743895142529773,-0.04404486859501233,1.8694066060237544,3.0506537345715135,3.286098581095758,-0.4840209201564232,3.74010412961361,4.489196706246661,1.5961121714479258,-5.017254226346491,-5.017254226346491,-5.017254226346491,-1.8533637924152995,2.96921613016839,0.4237673570237437,-5.017254226346491,-5.017254226346491,1.9679982648993484,3.8340019744862968,3.9403330610353553,2.9450499365984557,2.7454786463440826,7.5473637688708335,2.1200274575656515,-5.017254226346491,0.7073028944156654,1.1884787714707281
HSMA33MC,-3.9537607186809414,4.2150102290810345,5.145693407658842,7.80785005220142,4.030036127562139,-3.9537607186809414,-3.9537607186809414,6.56103297480524,3.9293173339715493,1.0463328367919207,-3.9537607186809414,-3.9537607186809414,7.777407146915021,6.013334285709737,7.947807219497362,-3.9537607186809414,6.758052681941912,5.6391663087784885,4.445571178942424,-3.9537607186809414,-3.9537607186809414,4.154361585079565,2.7868988412770683,4.7462354464882885,3.147256625292396,5.208092173816767,-3.9537607186809414,-3.9537607186809414,-3.9537607186809414,-3.9537607186809414,5.118155081642527,-3.9537607186809414,-3.9537607186809414,1.1404650938030123,-3.9537607186809414,3.1467498154792697,3.5434527822568302,2.561444793528211,0.13736025643462924,-3.9537607186809414,-3.9537607186809414,1.7698137363421171,-3.9537607186809414,5.779244404331784,-3.9537607186809414,-3.9537607186809414,-3.9537607186809414,-3.9537607186809414,4.332464962880329,-3.9537607186809414,-3.9537607186809414,7.180805423219567,2.5097662611846703,-3.9537607186809414,-3.9537607186809414,-3.9537607186809414,-3.9537607186809414,-3.9537607186809414,0.8619053018673277,-3.9537607186809414,-3.9537607186809414,1.857891454056281,-3.9537607186809414,6.834478132784528,4.49117518161052,-3.9537607186809414,6.617616941660172,4.623781731119591,2.847047842401315,-3.9537607186809414,-3.9537607186809414,-3.9537607186809414,-3.9537607186809414,0.28666337938646613,-3.9537607186809414,-3.9537607186809414,-3.9537607186809414,1.4662432982015243,3.8991198618597185,5.444500171520569,2.6704281066857583,-3.9537607186809414,8.011792527482095,-3.9537607186809414,-3.9537607186809414,-3.9537607186809414,-3.9537607186809414
HSMA33ME,-3.3499713768252057,-3.3499713768252057,5.281761045626243,3.869966221789868,-3.3499713768252057,-3.3499713768252057,-3.3499713768252057,5.820040145885903,-3.3499713768252057,-3.3499713768252057,-3.3499713768252057,-3.3499713768252057,8.340192105397236,5.95865804680652,9.083108626683343,-3.3499713768252057,7.422870740314053,7.747089733122975,5.156851428230949,-3.3499713768252057,-3.3499713768252057,4.742271787094404,5.759366806779002,-3.3499713768252057,-3.3499713768252057,6.64200431267092,-3.3499713768252057,-3.3499713768252057,-3.3499713768252057,-3.3499713768252057,-3.3499713768252057,-3.3499713768252057,-3.3499713768252057,-3.3499713768252057,-3.3499713768252057,-3.3499713768252057,5.381956902304055,2.1406372636649778,5.1585236942716195,-3.3499713768252057,3.0897610197159127,7.106401346231794,-3.3499713768252057,-3.3499713768252057,-3.3499713768252057,-3.3499713768252057,4.877159783392824,-3.3499713768252057,8.910022628166478,-3.3499713768252057,-3.3499713768252057,5.68610837389427,-3.3499713768252057,2.43768362189606,-3.3499713768252057,-3.3499713768252057,-3.3499713768252057,-3.3499713768252057,-3.3499713768252057,-3.3499713768252057,1.9878059715827803,-3.3499713768252057,5.235117519631507,-3.3499713768252057,5.498362757616006,-3.3499713768252057,5.5667369347155455,7.298562308254033,3.499961720164989,-3.3499713768252057,-3.3499713768252057,-3.3499713768252057,4.232785619890591,4.388253428474603,5.305672404829746,-3.3499713768252057,-3.3499713768252057,3.601253856578685,3.225152375734674,6.025950564693045,-3.3499713768252057,-3.3499713768252057,4.33888104872532,-3.3499713768252057,-3.3499713768252057,-3.3499713768252057,-3.3499713768252057
HSMA33MG,7.008463798493199,-3.2162430143351806,3.872270690004446,-3.2162430143351806,-3.2162430143351806,-3.2162430143351806,-3.2162430143351806,4.173890326496496,-3.2162430143351806,-3.2162430143351806,-3.2162430143351806,7.807242797600983,7.412459006574489,4.901518720143147,9.448531278460784,3.637097595941314,6.9205402477273665,7.209855217500694,4.851302234388837,-3.2162430143351806,-3.2162430143351806,5.71756574106191,4.23467618298385,-3.2162430143351806,-3.2162430143351806,6.095375273801661,7.485624649296339,-3.2162430143351806,-3.2162430143351806,-3.2162430143351806,-3.2162430143351806,-3.2162430143351806,-3.2162430143351806,-3.2162430143351806,-3.2162430143351806,-3.2162430143351806,5.974139780796087,-3.2162430143351806,-3.2162430143351806,-3.2162430143351806,4.896024410234851,6.749029384359029,-3.2162430143351806,-3.2162430143351806,4.988898012020917,-3.2162430143351806,-3.2162430143351806,-3.2162430143351806,5.158603571516545,-3.2162430143351806,-3.2162430143351806,9.18193620390552,-3.2162430143351806,4.692197259340267,-3.2162430143351806,-3.2162430143351806,-3.2162430143351806,-3.2162430143351806,-3.2162430143351806,-3.2162430143351806,-3.2162430143351806,-3.2162430143351806,-3.2162430143351806,-3.2162430143351806,3.674855018993007,-3.2162430143351806,-3.2162430143351806,7.503373028534432,3.45978726762284,-3.2162430143351806,-3.2162430143351806,-3.2162430143351806,-3.2162430143351806,-3.2162430143351806,5.408274187199113,-3.2162430143351806,-3.2162430143351806,4.959928411299716,4.091710570730087,7.4259081142840015,-3.2162430143351806,4.4874109230914545,-3.2162430143351806,4.087228806563655,-3.2162430143351806,1.1841027846415955,4.066067678499464
HSMA33MI,-2.6306997199873745,-2.6306997199873745,-2.6306997199873745,-2.6306997199873745,-2.6306997199873745,-2.6306997199873745,-2.6306997199873745,6.876414147430613,-2.6306997199873745,-2.6306997199873745,-2.6306997199873745,-2.6306997199873745,7.033115101448506,7.27927845884272,10.410558485175429,-2.6306997199873745,7.853182902392971,7.924528041922086,-2.6306997199873745,-2.6306997199873745,-2.6306997199873745,5.950226382416042,6.704021418753984,-2.6306997199873745,-2.6306997199873745,7.218902606992829,-2.6306997199873745,-2.6306997199873745,-2.6306997199873745,-2.6306997199873745,-2.6306997199873745,-2.6306997199873745,-2.6306997199873745,-2.6306997199873745,-2.6306997199873745,-2.6306997199873745,5.1744799571735545,-2.6306997199873745,-2.6306997199873745,-2.6306997199873745,5.015806078094728,6.479971930446051,6.169250111537176,-2.6306997199873745,-2.6306997199873745,-2.6306997199873745,-2.6306997199873745,-2.6306997199873745,8.842163524114312,-2.6306997199873745,-2.6306997199873745,9.464058792282756,-2.6306997199873745,4.737510700986347,-2.6306997199873745,-2.6306997199873745,-2.6306997199873745,-2.6306997199873745,-2.6306997199873745,-2.6306997199873745,-2.6306997199873745,-2.6306997199873745,-2.6306997199873745,-2.6306997199873745,4.9820264638003025,5.1841387329001805,-2.6306997199873745,6.092644905899379,3.516923759437348,6.690994669622561,-2.6306997199873745,-2.6306997199873745,-2.6306997199873745,-2.6306997199873745,5.20385424908935,-2.6306997199873745,-2.6306997199873745,-2.6306997199873745,4.36063973254283,6.474419038885474,-2.6306997199873745,-2.6306997199873745,-2.6306997199873745,-2.6306997199873745,-2.6306997199873745,3.9477390961194176,6.031482850914814
HSMA33MK,-2.9229457133208,-2.9229457133208,2.787973689599479,4.832557392016401,-2.9229457133208,-2.9229457133208,-2.9229457133208,5.458774636113177,-2.9229457133208,-2.9229457133208,-2.9229457133208,-2.9229457133208,9.426187143736133,6.904708017387298,8.705746560065567,-2.9229457133208,6.325074318372561,7.507113983701087,3.797716703074742,-2.9229457133208,-2.9229457133208,5.513471719195314,5.422597784373247,-2.9229457133208,-2.9229457133208,6.825060415841436,-2.9229457133208,-2.9229457133208,-2.9229457133208,-2.9229457133208,2.95006482063199,-2.9229457133208,-2.9229457133208,-2.9229457133208,-2.9229457133208,-2.9229457133208,4.831800865710541,3.1323069874960945,-2.9229457133208,-2.9229457133208,5.1079123743639965,7.362045064837197,-2.9229457133208,-2.9229457133208,-2.9229457133208,3.6328372949131307,-2.9229457133208,-2.9229457133208,9.796472370437396,-2.9229457133208,-2.9229457133208,7.9316469664717495,-2.9229457133208,4.449670143541772,-2.9229457133208,-2.9229457133208,4.0463109563522055,-2.9229457133208,-2.9229457133208,-2.9229457133208,-2.9229457133208,-2.9229457133208,-2.9229457133208,-2.9229457133208,-2.9229457133208,6.388568104710875,6.753098608285229,7.00828875121783,2.4782410679914335,-2.9229457133208,-2.9229457133208,-2.9229457133208,-2.9229457133208,7.857481846658914,-2.9229457133208,-2.9229457133208,-2.9229457133208,5.771935020031059,5.590140625587739,5.440825584485333,-2.9229457133208,-2.9229457133208,-2.9229457133208,-2.9229457133208,-2.9229457133208,-2.9229457133208,-2.9229457133208
HSMA33MX,-0.7081432728888206,-0.7081432728888206,-0.7081432728888206,-0.7081432728888206,-0.7081432728888206,-0.7081432728888206,-0.7081432728888206,-0.7081432728888206,-0.7081432728888206,-0.7081432728888206,-0.7081432728888206,-0.7081432728888206,-0.7081432728888206,-0.7081432728888206,6.736992744197264,-0.7081432728888206,-0.7081432728888206,9.993234092102602,-0.7081432728888206,-0.7081432728888206,-0.7081432728888206,-0.7081432728888206,-0.7081432728888206,-0.7081432728888206,-0.7081432728888206,-0.7081432728888206,-0.7081432728888206,-0.7081432728888206,-0.7081432728888206,-0.7081432728888206,-0.7081432728888206,-0.7081432728888206,-0.7081432728888206,-0.7081432728888206,-0.7081432728888206,-0.7081432728888206,-0.7081432728888206,-0.7081432728888206,-0.7081432728888206,-0.7081432728888206,-0.7081432728888206,-0.7081432728888206,-0.7081432728888206,12.583589322178367,-0.7081432728888206,-0.7081432728888206,-0.7081432728888206,-0.7081432728888206,-0.7081432728888206,-0.7081432728888206,-0.7081432728888206,9.857410731519018,-0.7081432728888206,-0.7081432728888206,-0.7081432728888206,-0.7081432728888206,-0.7081432728888206,-0.7081432728888206,-0.7081432728888206,-0.7081432728888206,-0.7081432728888206,-0.7081432728888206,-0.7081432728888206,-0.7081432728888206,-0.7081432728888206,-0.7081432728888206,-0.7081432728888206,-0.7081432728888206,-0.7081432728888206,-0.7081432728888206,11.582948495207242,-0.7081432728888206,-0.7081432728888206,-0.7081432728888206,-0.7081432728888206,-0.7081432728888206,-0.7081432728888206,-0.7081432728888206,-0.7081432728888206,-0.7081432728888206,-0.7081432728888206,-0.7081432728888206,10.85428935612055,-0.7081432728888206,-0.7081432728888206,-0.7081432728888206,-0.7081432728888206
HSMA33MZ,-2.771399161240513,-2.771399161240513,-2.771399161240513,-2.771399161240513,-2.771399161240513,-2.771399161240513,-2.771399161240513,-2.771399161240513,-2.771399161240513,-2.771399161240513,-2.771399161240513,-2.771399161240513,4.158348958154469,3.0094646376718917,5.650250383092205,-2.771399161240513,4.312231316752385,5.457602117637516,-2.771399161240513,-2.771399161240513,-2.771399161240513,1.1856351051575142,2.210909183723656,-2.771399161240513,-2.771399161240513,-2.771399161240513,2.900621364847396,-2.771399161240513,-2.771399161240513,-2.771399161240513,-2.771399161240513,-2.771399161240513,-2.771399161240513,-2.771399161240513,-2.771399161240513,-2.771399161240513,4.02234069242936,-2.771399161240513,2.6241041625433787,6.836367648919736,2.7140559809146048,3.890685706700075,1.9993997342944176,-2.771399161240513,-2.771399161240513,-2.771399161240513,2.042616354740714,0.7642017661420901,8.759469345933306,-2.771399161240513,5.787365627178877,7.987630549865144,-2.771399161240513,3.761880005957006,-2.771399161240513,-2.771399161240513,-2.771399161240513,-2.771399161240513,4.119203362045469,-2.771399161240513,-2.771399161240513,-2.771399161240513,-2.771399161240513,-2.771399161240513,-2.771399161240513,1.622020244377346,4.513349410993679,-2.771399161240513,-2.771399161240513,4.347763563834627,10.812686779698442,-2.771399161240513,3.370785173083302,4.115870992430194,4.443834601373102,-2.771399161240513,-2.771399161240513,-0.5112628656830758,3.6983791247369338,-2.771399161240513,3.773258398991814,4.079761329085696,2.9570217925000986,5.987780385161337,4.063406460291361,4.651411239664176,5.764860591281666
HSMA33N4,-0.622102636821058,-0.622102636821058,-0.622102636821058,-0.622102636821058,-0.622102636821058,-0.622102636821058,-0.622102636821058,-0.622102636821058,-0.622102636821058,-0.622102636821058,-0.622102636821058,-0.622102636821058,-0.622102636821058,12.29093143310219,-0.622102636821058,10.441467059168634,-0.622102636821058,-0.622102636821058,-0.622102636821058,-0.622102636821058,-0.622102636821058,-0.622102636821058,-0.622102636821058,-0.622102636821058,-0.622102636821058,-0.622102636821058,-0.622102636821058,-0.622102636821058,-0.622102636821058,-0.622102636821058,-0.622102636821058,-0.622102636821058,-0.622102636821058,-0.622102636821058,-0.622102636821058,-0.622102636821058,-0.622102636821058,-0.622102636821058,-0.622102636821058,-0.622102636821058,-0.622102636821058,-0.622102636821058,-0.622102636821058,11.644877043612171,12.022992487012353,-0.622102636821058,-0.622102636821058,-0.622102636821058,-0.622102636821058,-0.622102636821058,-0.622102636821058,-0.622102636821058,-0.622102636821058,-0.622102636821058,-0.622102636821058,-0.622102636821058,-0.622102636821058,-0.622102636821058,-0.622102636821058,-0.622102636821058,-0.622102636821058,-0.622102636821058,-0.622102636821058,-0.622102636821058,-0.622102636821058,-0.622102636821058,-0.622102636821058,-0.622102636821058,-0.622102636821058,-0.622102636821058,-0.622102636821058,-0.622102636821058,-0.622102636821058,-0.622102636821058,-0.622102636821058,-0.622102636821058,-0.622102636821058,-0.622102636821058,-0.622102636821058,-0.622102636821058,-0.622102636821058,-0.622102636821058,-0.622102636821058,-0.622102636821058,-0.622102636821058,-0.622102636821058,-0.622102636821058
HSMA33NW,-4.231087145476687,5.778954608809045,3.8498322119198525,7.276311042316282,4.673547219729049,-0.17803024172124893,-4.231087145476687,-4.231087145476687,-4.231087145476687,0.7848117399883119,-4.231087145476687,-4.231087145476687,7.672302229268085,6.3753830723702105,8.166576356715607,5.87705063852793,5.355737670281358,4.8109263092215775,2.891928874672539,-4.231087145476687,3.815830298678865,-4.231087145476687,3.3627010684749985,4.736991686650244,2.021059916771999,1.5613716766279335,-4.231087145476687,-4.231087145476687,2.045497451513169,2.768674663551108,5.251033749177171,-4.231087145476687,1.838611782063281,-4.231087145476687,-4.231087145476687,-4.231087145476687,-1.4688494308929414,-4.231087145476687,2.414292168217955,6.3966719220288795,-4.231087145476687,2.9233873141477416,0.8123291202589371,6.426721034374012,-4.231087145476687,-4.231087145476687,2.588472080035495,1.6727916579097935,5.497033148042733,-4.231087145476687,-4.231087145476687,6.232028381160861,-4.231087145476687,-4.231087145476687,-4.231087145476687,0.972377284298922,-4.231087145476687,-4.231087145476687,2.7042373355739446,-4.231087145476687,1.542278229708458,4.730751530039402,-4.231087145476687,5.649692794843522,5.342337035580946,-4.231087145476687,7.109805845053257,6.051540408168691,0.5638743180758734,3.586501897685803,-4.231087145476687,-4.231087145476687,-4.231087145476687,-4.231087145476687,2.8711831748675767,4.713672767150189,-4.231087145476687,-4.231087145476687,4.3208410819915555,6.037580208899406,-4.231087145476687,-4.231087145476687,5.570650950917309,-4.231087145476687,-4.231087145476687,-1.5488731756964569,-1.8989722332259067
HSMA33O1,-4.320468104118895,4.621003006987266,6.672728543811058,-4.320468104118895,5.919921119622714,1.552176167006456,-4.320468104118895,-4.320468104118895,-4.320468104118895,-4.320468104118895,-4.320468104118895,6.627062886968341,-4.320468104118895,6.488344417640053,7.398607352797851,5.278623035143186,6.5174540853486675,8.095855154575078,3.3257067849961253,-4.320468104118895,3.0265934677266593,-4.320468104118895,3.4237438211793014,4.545915592054859,-4.320468104118895,4.301212071940685,-4.320468104118895,2.0468160604751073,0.3395400612196475,-4.320468104118895,-4.320468104118895,-4.320468104118895,-4.320468104118895,-4.320468104118895,3.7476881004932885,2.681024456222059,-4.320468104118895,-4.320468104118895,4.4846090530545695,-4.320468104118895,1.583035178792823,5.207864515059994,-4.320468104118895,-4.320468104118895,3.8018773482937975,4.140399680285239,-4.320468104118895,-4.320468104118895,-4.320468104118895,-4.320468104118895,5.132604899829053,7.209396211598998,2.1135143643328185,3.904964745378855,2.8031707679358204,1.002598865161083,-4.320468104118895,-4.320468104118895,3.7589452969803387,-4.320468104118895,1.9717973244743616,3.4939551190511384,-4.320468104118895,6.2209134594345485,5.890296805970349,6.012804998832316,-4.320468104118895,6.244469207880362,3.5598264342286905,-4.320468104118895,-4.320468104118895,-0.8717487361576577,2.2618697654629747,4.239221318037871,2.664487294249251,-4.320468104118895,-4.320468104118895,-4.320468104118895,4.237726618558519,4.139006933793394,-4.320468104118895,-4.320468104118895,4.571743247714819,-4.320468104118895,-4.320468104118895,-4.320468104118895,-4.320468104118895
HSMA33O3,-3.192734188154697,3.884726845591606,6.858297807051098,-3.192734188154697,6.1626324137127835,-3.192734188154697,-3.192734188154697,-3.192734188154697,-3.192734188154697,-3.192734188154697,-3.192734188154697,8.181001046834677,-3.192734188154697,8.103816914100321,7.623156304594913,7.528466156605457,7.262532063078153,9.457113657572672,3.8172422180137735,-3.192734188154697,-3.192734188154697,-3.192734188154697,-3.192734188154697,5.270747491061911,-3.192734188154697,4.317376641273887,-3.192734188154697,-3.192734188154697,-3.192734188154697,-3.192734188154697,-3.192734188154697,-3.192734188154697,-3.192734188154697,-3.192734188154697,6.211514999747556,-3.192734188154697,-3.192734188154697,-3.192734188154697,3.19982819083131,-3.192734188154697,-3.192734188154697,5.535108245738774,-3.192734188154697,3.778144425606299,4.976753186708634,-3.192734188154697,-3.192734188154697,-3.192734188154697,2.9002255222946225,-3.192734188154697,4.747756699880775,8.62464947871956,3.6611602007716852,-3.192734188154697,-3.192734188154697,-3.192734188154697,-3.192734188154697,-3.192734188154697,3.1191982238108924,-3.192734188154697,-3.192734188154697,4.640099221807898,-3.192734188154697,7.124480102380894,7.046812688972346,6.859679655072686,-3.192734188154697,7.653341461316382,3.675017259467717,-3.192734188154697,-3.192734188154697,-3.192734188154697,5.849182723980492,6.517717102133969,-3.192734188154697,-3.192734188154697,-3.192734188154697,-3.192734188154697,-3.192734188154697,6.13682928287983,-3.192734188154697,-3.192734188154697,5.365755952657297,-3.192734188154697,-3.192734188154697,-3.192734188154697,-3.192734188154697
HSMA33OD,-4.144727720590678,5.77605931127002,-4.144727720590678,-4.144727720590678,-4.144727720590678,-4.144727720590678,-4.144727720590678,-0.47229590262096366,3.79662977434987,-4.144727720590678,6.7042677900328655,4.966982344011875,-4.144727720590678,6.546481448464451,-4.144727720590678,2.469650027558374,6.123067132977704,6.9853525133993415,-4.144727720590678,8.058758498573292,-4.144727720590678,3.8748121531846964,-0.5710912944621374,4.400888010337408,2.0172114512219377,3.2300011886624054,-4.144727720590678,-4.144727720590678,-0.7780081622134212,-4.144727720590678,1.8969577150801067,-4.144727720590678,-4.144727720590678,-0.9443621418605606,4.007151000861448,0.13083530031547497,3.6429332907968854,2.581486687687491,-4.144727720590678,5.69845821439105,3.1197169855782096,-4.144727720590678,-4.144727720590678,2.8321991360452827,0.8180420901038339,3.5960966393686844,1.1977211188054913,3.0559572187509847,3.9832717223376406,2.3866870621814096,4.037576386762993,7.672262163083964,-0.4610705096781693,-4.144727720590678,0.3630965149375296,-4.144727720590678,-4.144727720590678,-4.144727720590678,3.393840688234482,-4.144727720590678,-4.144727720590678,3.0920812056029625,-4.144727720590678,6.457950112189472,-4.144727720590678,5.032152078027803,7.755509069113096,-4.144727720590678,0.9109250286527413,-4.144727720590678,7.738702270297823,-0.47606587808332534,0.740563518732511,4.914533138250718,-4.144727720590678,-4.144727720590678,-4.144727720590678,3.4884217537620374,0.897626379651955,5.076486844435813,-4.144727720590678,-4.144727720590678,5.807163020180127,-4.144727720590678,-4.144727720590678,0.23809743306106057,-0.8688563575819312
HSMA33OJ,-1.1309090106334203,1.9966308317254704,-4.719083308960085,-4.719083308960085,-4.719083308960085,0.7399629312545564,-4.719083308960085,-0.16184589575514785,2.433857811925259,-4.719083308960085,4.935181146140307,3.812509999055491,-4.719083308960085,6.008292552106674,-4.719083308960085,0.6410509704418832,5.151382479821303,6.0373900526385835,-4.719083308960085,6.409494213088729,-4.719083308960085,4.150457718553218,2.911983281202028,3.7948135048486016,1.4576609069134223,4.077852704642969,-4.719083308960085,-4.719083308960085,-0.08653245632027051,-4.719083308960085,2.4370618390476313,-0.15405412507235638,0.1280997410409377,1.0711230914915717,2.5122006334303224,2.43686794754249,3.4064695907057656,0.9539594905874065,-4.719083308960085,3.346228776726295,2.8636272383879646,-4.719083308960085,-4.719083308960085,6.214586915681379,-4.719083308960085,1.7491401100844852,3.753760876872824,2.345245407886998,4.4476606039867645,2.714022501790276,3.530390274159327,5.809274878395611,0.7712147081189435,-4.719083308960085,0.7250376557112137,-4.719083308960085,-4.719083308960085,-4.719083308960085,2.634200515930046,-4.719083308960085,1.5833842708089545,1.3750992945115472,-4.719083308960085,3.045431419466956,-4.719083308960085,4.095784627668212,6.839489176709188,-4.719083308960085,2.743064527852912,0.9053838888291441,8.282535198172946,2.463086918122877,5.482742494484929,5.361726216793829,-4.719083308960085,0.2815467782296963,-4.719083308960085,3.8681142173963536,2.1280887331380516,4.828490235278614,-4.719083308960085,-4.719083308960085,4.690520618756118,-4.719083308960085,-4.719083308960085,-4.719083308960085,-4.719083308960085
HSMA33OL,-3.8497765283374026,4.379177969663713,-3.8497765283374026,-3.8497765283374026,-3.8497765283374026,-3.8497765283374026,-3.8497765283374026,-3.8497765283374026,3.3041316860610532,-1.4970075683973985,6.166287458403624,4.394935218501249,-3.8497765283374026,6.113116541671733,-0.32821794680076977,3.9862592538884396,5.250317701234524,6.441050275355449,-3.8497765283374026,6.691714538461532,-3.8497765283374026,2.2233425144032664,-0.924632976231317,4.090593735656397,1.3707259908792437,3.367486715525394,-3.8497765283374026,-3.8497765283374026,-1.9326168494289977,-3.8497765283374026,1.8081551992449434,-3.8497765283374026,0.8711740035371829,-3.8497765283374026,1.2938461342280458,1.8916301528603956,2.4500822957135497,-3.8497765283374026,-3.8497765283374026,-0.9184263364676397,1.6458471608354657,-3.8497765283374026,-3.8497765283374026,4.961004562131682,-3.8497765283374026,4.808598795643885,2.6362104500713084,-3.8497765283374026,4.5190720115907945,1.8008399320563981,3.0800492158054924,6.041627455390382,-0.8760261365733726,-3.8497765283374026,1.454302321180835,-3.8497765283374026,-3.8497765283374026,-3.8497765283374026,0.4985539276485138,-3.8497765283374026,-0.7022596138124637,1.789353183724712,3.3270890037021674,5.5368245978142205,3.72687534734868,4.479343633812068,7.58128288442747,-3.8497765283374026,1.2656872207032617,-3.8497765283374026,9.574057139452284,4.38044649029858,3.9117829894644203,6.0653606415532035,-3.8497765283374026,1.2760814725901035,-3.8497765283374026,3.6567083442367325,1.7454942410828629,3.0196985035774118,-3.8497765283374026,-3.8497765283374026,4.8278577472827315,-3.8497765283374026,-3.8497765283374026,1.3159484308299572,-3.8497765283374026
HSMA33OP,-3.4476517601953987,4.276388265769059,5.4383644451653215,6.709700307076865,6.8088691184077685,-3.4476517601953987,-3.4476517601953987,8.040287986780577,5.172475381205197,-3.4476517601953987,-3.4476517601953987,-3.4476517601953987,7.00120848349144,7.927262312389983,8.67605781358133,-3.4476517601953987,7.573396322687811,7.602986306974856,5.830737589768348,-3.4476517601953987,3.487224801469054,4.406234454670385,5.864382141390383,6.9912739622750255,5.35091231236278,7.895581492485533,-3.4476517601953987,-3.4476517601953987,-3.4476517601953987,-3.4476517601953987,1.4563426807916677,-3.4476517601953987,-3.4476517601953987,-3.4476517601953987,-3.4476517601953987,-3.4476517601953987,5.537156810250143,-3.4476517601953987,4.356858302671415,6.307579841194749,-3.4476517601953987,3.228543017133095,3.6398815974442034,-3.4476517601953987,-3.4476517601953987,-3.4476517601953987,-3.4476517601953987,-3.4476517601953987,5.054859733414798,-3.4476517601953987,-3.4476517601953987,7.112760278445956,-3.4476517601953987,6.863072556027516,-3.4476517601953987,-3.4476517601953987,-3.4476517601953987,-3.4476517601953987,-3.4476517601953987,-3.4476517601953987,-3.4476517601953987,-3.4476517601953987,-3.4476517601953987,-3.4476517601953987,-3.4476517601953987,-3.4476517601953987,6.333022333183741,6.983845582759846,6.014339438720064,-3.4476517601953987,-3.4476517601953987,-3.4476517601953987,-3.4476517601953987,-3.4476517601953987,1.7521249250071307,-3.4476517601953987,-3.4476517601953987,-3.4476517601953987,-3.4476517601953987,-3.4476517601953987,-3.4476517601953987,-3.4476517601953987,7.716656124713493,1.7521249250071307,-3.4476517601953987,5.312242229514547,-3.4476517601953987
HSMA33OR,-3.8414738084567333,0.6319043045450741,-3.8414738084567333,5.418656477361276,3.856607652327421,2.4129551790385655,-3.8414738084567333,4.96280600801551,0.7163406891067527,-3.8414738084567333,-3.8414738084567333,-3.8414738084567333,6.7553332387997385,5.001935259340559,8.589826178255231,-3.8414738084567333,6.721558230262781,6.184746285029364,3.7445865952901745,-3.8414738084567333,3.8265381455329024,2.646988744651823,3.169221297691289,1.0600064150318715,-3.8414738084567333,4.648752876261046,7.784270960361377,-3.8414738084567333,-3.8414738084567333,-3.8414738084567333,-3.8414738084567333,-3.8414738084567333,-3.8414738084567333,-3.8414738084567333,-3.8414738084567333,-3.8414738084567333,3.6803736557245426,-3.8414738084567333,2.9089080702910044,2.59276873224481,-3.8414738084567333,4.321016452180559,4.365046646318459,5.645550712118876,4.482692928459393,5.850727318663985,-3.8414738084567333,-3.8414738084567333,7.567878842095997,-3.8414738084567333,-3.8414738084567333,6.885462679684932,-3.8414738084567333,5.535990965621759,-3.8414738084567333,-3.8414738084567333,-3.8414738084567333,-3.8414738084567333,-3.8414738084567333,-3.8414738084567333,-3.8414738084567333,-3.8414738084567333,-3.8414738084567333,-3.8414738084567333,3.2375868089898736,-3.8414738084567333,5.353923896610136,4.573563215396969,-3.8414738084567333,-3.8414738084567333,-3.8414738084567333,-3.8414738084567333,8.190151101042694,4.250463691512241,-3.8414738084567333,-3.8414738084567333,-3.8414738084567333,-3.8414738084567333,3.289374443765996,3.482695105756588,2.5648461388496697,2.5791497804132293,7.203280341370703,2.6138021100121502,-3.8414738084567333,2.4150732238614436,3.353095355307742
HSMA33OT,-3.1247343707743678,-3.1247343707743678,4.298569589364944,6.259638114452651,5.21189057838665,-3.1247343707743678,-3.1247343707743678,5.438167023954172,3.130958451640173,-3.1247343707743678,-3.1247343707743678,-3.1247343707743678,7.62704355885467,6.775472419852811,9.548752241191439,-3.1247343707743678,8.634385858548375,7.215962820349846,5.358659822329703,-3.1247343707743678,-3.1247343707743678,-3.1247343707743678,3.9854528965315215,-3.1247343707743678,-3.1247343707743678,6.686089241939961,-3.1247343707743678,-3.1247343707743678,-3.1247343707743678,-3.1247343707743678,-3.1247343707743678,-3.1247343707743678,-3.1247343707743678,-3.1247343707743678,-3.1247343707743678,-3.1247343707743678,4.25500072757029,2.359270090851558,3.1777056963046713,4.289620305014484,-3.1247343707743678,6.115716273127706,-3.1247343707743678,-3.1247343707743678,-3.1247343707743678,-3.1247343707743678,-3.1247343707743678,-3.1247343707743678,7.150419514045847,-3.1247343707743678,-3.1247343707743678,8.061874948286398,-3.1247343707743678,4.248232506757192,-3.1247343707743678,-3.1247343707743678,-3.1247343707743678,-3.1247343707743678,-3.1247343707743678,-3.1247343707743678,-3.1247343707743678,-3.1247343707743678,-3.1247343707743678,-3.1247343707743678,5.3000088547719635,-3.1247343707743678,6.512163383710355,7.604461719246201,3.2333549885737796,-3.1247343707743678,-3.1247343707743678,-3.1247343707743678,6.788829136507157,-3.1247343707743678,5.481466109941381,-3.1247343707743678,-3.1247343707743678,-3.1247343707743678,-3.1247343707743678,4.925407128065152,-3.1247343707743678,-3.1247343707743678,8.732070020448099,2.455147600506878,-3.1247343707743678,4.416485578156303,4.505704456550897
HSMA33OV,-4.684525480290995,2.008590446971457,3.008408640238744,5.893272321404323,3.9921434068438852,0.6353662448402453,-4.684525480290995,4.9227368996673135,3.803799266463016,-0.9959716737484001,-4.684525480290995,-4.684525480290995,5.917296903909197,6.088174857818658,7.282328105388808,-1.0588443736359423,6.4657428712179055,5.103692366173322,4.798335638010244,-4.684525480290995,1.5262431503539986,3.7868737699788992,0.962519152348623,1.669742094022543,0.04632661740262023,4.228256607421155,-4.684525480290995,-4.684525480290995,-4.684525480290995,-1.2820896992426345,1.182229019940399,-4.684525480290995,-4.684525480290995,-4.684525480290995,-4.684525480290995,-1.7798203125411938,2.086512511863771,-4.684525480290995,1.708026108215737,1.9472250800902575,0.17942707991116258,3.112194382875776,-4.684525480290995,-0.9561505055884076,-0.22453058453238128,4.092584016395547,-0.6714308805300746,-4.684525480290995,7.117870494271041,-4.684525480290995,-4.684525480290995,6.619582326484757,1.9114016522497792,2.6098841908490336,-0.43112766403414504,-2.0457782888149563,-4.684525480290995,-4.684525480290995,-0.7378249133212744,-4.684525480290995,-0.3205630490719571,2.1833997711552513,1.334000631688113,3.005487420541015,4.57875136456271,-4.684525480290995,5.010543918677626,4.192573746684045,2.1415420480887652,-4.684525480290995,4.061187234030922,-4.684525480290995,5.93702145613654,2.841450094556155,-4.684525480290995,-4.684525480290995,-4.684525480290995,-3.0831974094807375,0.5340190203359363,3.1286690499669287,3.1623750953195877,2.8252333882925766,7.415718442139104,2.4177880314931484,-4.684525480290995,2.2789514907925703,-4.684525480290995
HSMA33OX,-4.884167089947503,2.2709320741936327,3.1116743021187228,5.476060850737591,2.896377711683904,-0.48985534706968004,-4.884167089947503,4.761858210428678,3.2486196863522947,-2.1847212905479463,-4.884167089947503,-4.884167089947503,5.840861719166346,4.9773613532062155,6.761386945865757,-4.884167089947503,6.228492082417763,4.558381809158341,3.660292815432781,-4.884167089947503,3.296642090170039,3.697220593079517,3.7702266345360407,2.025156600693185,0.20211823008363083,4.266094674593575,-0.10795104865814231,-4.884167089947503,-0.49110632240862806,-4.884167089947503,1.372415458024883,-4.884167089947503,0.4310182965376761,-4.884167089947503,-4.884167089947503,-4.884167089947503,2.488114184100227,0.607191830779902,2.8426767449857744,1.7504603817250537,1.9498026690779158,3.6920034094606384,-4.884167089947503,-4.884167089947503,-4.884167089947503,-4.884167089947503,0.13682326821494684,-4.884167089947503,6.530355710323707,-4.884167089947503,-4.884167089947503,6.733995850849418,1.583137166820646,3.687257704455832,1.6861690965870606,-4.884167089947503,0.10008135190383527,-4.884167089947503,-0.369835077276532,-4.884167089947503,-0.39339523883757366,1.4574365170735808,-4.884167089947503,2.588468024945983,4.124328480097879,-4.884167089947503,4.840725972091395,3.9988636034751917,2.2578806702898806,-4.884167089947503,-4.884167089947503,-4.884167089947503,0.8066949631773781,4.12855682267025,3.897762221410094,-4.884167089947503,-4.884167089947503,0.30038952712450673,2.5708166241861194,2.657618673601207,2.776482009617645,1.080184198720893,7.618817087158066,3.2998120348568394,0.35824490536031917,2.7988818695720923,-4.884167089947503
HSMA33OZ,-4.935673343403648,-0.3098887451942076,0.8152165051766627,5.169127411015931,3.972860597102291,-0.6109143843068772,-4.935673343403648,4.265648022324702,1.4229501453774986,-4.935673343403648,2.887954211622529,2.5475438424617245,6.855042674798581,4.134206636604,7.598296157724603,0.29353771982479415,4.749779287608125,5.674375347954575,3.2365684918516786,-4.935673343403648,3.135822455575174,3.303713691995446,1.759796008180877,2.1023528710748716,0.3747845952394364,5.217366721214241,0.47791457095785894,-4.935673343403648,-4.935673343403648,-4.935673343403648,0.40937129967318775,-4.935673343403648,-0.9962970500422124,-4.935673343403648,-4.935673343403648,-4.935673343403648,3.3523224948516583,-1.037312866772476,2.5873904652938338,1.4096302590980256,0.23955301708045518,4.133755012035112,-4.935673343403648,2.893393333055725,-4.935673343403648,0.965528404727169,1.170674056755069,-4.935673343403648,6.800848995398699,-4.935673343403648,-4.935673343403648,5.626798506805725,-1.490273255097744,2.7651938913050946,-4.935673343403648,-4.935673343403648,0.39996615169349425,-4.935673343403648,0.8109390362886213,-4.935673343403648,0.5277188434083513,-4.935673343403648,0.44992355832964215,-4.935673343403648,3.844128170318627,-4.935673343403648,4.617043408293459,6.092666571852391,3.303168282335476,-4.935673343403648,-1.8750681452498341,-4.935673343403648,-0.3692697400242295,-0.8048697687472437,2.8842286847921565,-4.935673343403648,-4.935673343403648,3.04048223769248,2.530913570661517,4.774428728916488,2.444179595861746,0.5407642925957088,6.072924144302906,2.0847968265149506,1.2406530890727234,2.5112959617221016,2.5164612360534884
HSMA33P6,-4.362434519298153,4.5549002145160244,3.1997707448582666,6.657563940750712,4.153305850486527,-4.362434519298153,-4.362434519298153,-4.362434519298153,-4.362434519298153,4.376060478152566,-4.362434519298153,-4.362434519298153,6.999464828366499,6.9003462260687645,7.516492497967315,5.795765828970978,7.303384622111317,4.325687527051326,-4.362434519298153,-4.362434519298153,3.0115466880028396,2.343854720748947,1.6250438050848963,4.188214292975983,1.344022062785248,0.05013516943345664,-4.362434519298153,-4.362434519298153,0.7908100049908473,0.8838975135537304,0.491733880722931,-4.362434519298153,-4.362434519298153,-1.7076533166599948,3.010804588099166,2.00090832539718,0.038336438741266576,1.7439563265910207,3.6200736161167324,5.694479070471472,1.3979331101727528,2.76154746389372,-4.362434519298153,-4.362434519298153,-4.362434519298153,1.03494548814977,1.8474152506517987,2.121870962118143,7.670042428506377,-4.362434519298153,-4.362434519298153,7.225559655387004,-4.362434519298153,-0.16576804448079052,-4.362434519298153,-0.551770971588855,-4.362434519298153,-4.362434519298153,2.394988227232955,-4.362434519298153,0.1691768364393198,3.015316136377008,-4.362434519298153,5.473013747881914,4.268256516418995,5.505559067815625,6.008822947340265,6.051933809292143,-0.4739824333572269,-4.362434519298153,-4.362434519298153,0.02238507582297622,-4.362434519298153,3.3101061946342707,3.276889848080457,3.543054747209079,-4.362434519298153,-4.362434519298153,1.5412234292000848,4.488954660890235,-4.362434519298153,-4.362434519298153,5.489045201254559,-4.362434519298153,-4.362434519298153,1.5096290173868114,0.28589193354224207
HSMA33RD,-1.0203019751849407,3.2700140510016595,2.774650544541845,5.672808574001736,3.0537964485147517,-4.067771034843956,-4.067771034843956,4.26789022788009,1.2178983440882476,1.6337034210827728,-4.067771034843956,-4.067771034843956,4.723163015868372,3.7256786372265474,4.454863260662374,-4.067771034843956,2.7835433784143975,4.756890804020674,3.401223575451465,-4.067771034843956,-4.067771034843956,-4.067771034843956,-4.067771034843956,-4.067771034843956,-4.067771034843956,-4.067771034843956,2.1621015028092545,-4.067771034843956,-4.067771034843956,0.6297723590455284,-4.067771034843956,-4.067771034843956,-4.067771034843956,-4.067771034843956,0.6990152628645152,-4.067771034843956,3.7069605520707913,1.6015300104442218,2.616274369703013,-4.067771034843956,3.4658630320876735,5.726867077754963,-4.067771034843956,-4.067771034843956,-4.067771034843956,2.669910677540308,1.0772620119842742,1.6211626661618919,7.884705341934553,2.200665797212241,4.004182694566638,7.812011428796238,-4.067771034843956,-4.067771034843956,1.1141768031570436,-1.6808664593779366,1.1714006744660264,-4.067771034843956,5.038502147244262,-4.067771034843956,-0.32696159271713476,1.0438044701700573,3.6143914605179255,3.8498584837170347,3.4079873606135047,2.638593331412273,4.808451728394349,-4.067771034843956,-4.067771034843956,0.6168202393361764,9.136356036853048,1.306740718210401,0.8470306789293982,3.8115288883126546,-4.067771034843956,-4.067771034843956,2.0711092857939883,0.6130886106843825,3.268898596008783,3.730159057985487,2.3926868641521732,-4.067771034843956,6.619712684638279,3.4290158726130366,-4.067771034843956,0.12531126595723485,-4.067771034843956
HSMA33RF,-2.126951132456652,2.9565162164307575,1.7721307294072322,5.653366767123998,3.291647739426633,-4.111272746240502,-4.111272746240502,5.260807752212371,-4.111272746240502,5.03740996936633,-4.111272746240502,-4.111272746240502,6.480161624807053,5.177073800813671,6.457286413113776,-4.111272746240502,4.431703538845236,6.602857973069492,3.7867619186517123,-4.111272746240502,-4.111272746240502,-4.111272746240502,-4.111272746240502,-4.111272746240502,-4.111272746240502,-4.111272746240502,-0.24524662511773876,-4.111272746240502,-4.111272746240502,-4.111272746240502,-4.111272746240502,-4.111272746240502,-4.111272746240502,-4.111272746240502,0.6728879380533161,-4.111272746240502,4.8341273209939235,2.7255139403022923,3.9753485653562004,-4.111272746240502,4.047228492224929,5.322133511694933,-4.111272746240502,-4.111272746240502,-4.111272746240502,4.918528333537753,2.8857780158113533,4.41704031031542,8.199019947962094,0.8936796115872347,3.415675539588693,7.244381264116052,-4.111272746240502,-4.111272746240502,1.3753487742368726,-4.111272746240502,-4.111272746240502,0.27369893376717336,3.817923218782491,-4.111272746240502,0.5274258639186531,2.627428360263668,1.7173881022619595,3.9997959903176312,3.814272764586412,1.467381236979067,4.8852393236050355,-4.111272746240502,-4.111272746240502,-4.111272746240502,8.780649297072912,1.6766762806735045,-4.111272746240502,5.599713466483102,-4.111272746240502,-4.111272746240502,-4.111272746240502,1.131120283907423,3.633806441419142,3.607037418236109,3.86260327595508,1.6352065317319688,5.619909318361741,4.349200341814275,-0.43869967893006034,1.5513015056332335,-4.111272746240502
HSMA33RR,-2.1759885534090753,-2.1759885534090753,-2.1759885534090753,-2.1759885534090753,-2.1759885534090753,-2.1759885534090753,-2.1759885534090753,-2.1759885534090753,-2.1759885534090753,-2.1759885534090753,-2.1759885534090753,-2.1759885534090753,9.29080812695156,6.971872690955187,8.913124213930505,6.906444364389767,6.517835852043785,7.345951283135114,5.667429827338805,-2.1759885534090753,7.73345373935899,-2.1759885534090753,7.733701269913975,-2.1759885534090753,-2.1759885534090753,-2.1759885534090753,-2.1759885534090753,-2.1759885534090753,-2.1759885534090753,-2.1759885534090753,-2.1759885534090753,-2.1759885534090753,-2.1759885534090753,-2.1759885534090753,-2.1759885534090753,-2.1759885534090753,-2.1759885534090753,-2.1759885534090753,-2.1759885534090753,6.602319134026988,4.214596033071633,-2.1759885534090753,5.315631391369853,-2.1759885534090753,4.862909431581543,-2.1759885534090753,-2.1759885534090753,-2.1759885534090753,-2.1759885534090753,-2.1759885534090753,-2.1759885534090753,11.16818842663595,-2.1759885534090753,-2.1759885534090753,-2.1759885534090753,-2.1759885534090753,-2.1759885534090753,-2.1759885534090753,-2.1759885534090753,-2.1759885534090753,-2.1759885534090753,5.125308050267137,-2.1759885534090753,-2.1759885534090753,-2.1759885534090753,6.711953357050581,5.384250285229521,8.064936065744819,-2.1759885534090753,-2.1759885534090753,-2.1759885534090753,-2.1759885534090753,-2.1759885534090753,-2.1759885534090753,5.0964077395366765,-2.1759885534090753,-2.1759885534090753,-2.1759885534090753,5.809331833175809,5.759274642631497,-2.1759885534090753,-2.1759885534090753,9.093145325242887,-2.1759885534090753,-2.1759885534090753,-2.1759885534090753,2.0303256550511897
HSMA33RT,-3.3175579181083332,5.868199404885164,4.477145412769618,-3.3175579181083332,5.500378241263028,-3.3175579181083332,-3.3175579181083332,3.378278376593385,-3.3175579181083332,5.64367434728216,-3.3175579181083332,-3.3175579181083332,7.848275939884152,8.593173841508218,9.071787675023,7.365894899544923,8.705722515805904,5.914665968885783,-3.3175579181083332,-3.3175579181083332,3.3432358236342834,-3.3175579181083332,2.108854707268369,-3.3175579181083332,-3.3175579181083332,4.183687996483267,-3.3175579181083332,0.3729736998421327,3.353771996751467,-3.3175579181083332,4.174563234646338,-3.3175579181083332,-3.3175579181083332,2.8089922377030536,-3.3175579181083332,4.911251521229104,-3.3175579181083332,-3.3175579181083332,-3.3175579181083332,-3.3175579181083332,2.3059969987282347,-3.3175579181083332,-3.3175579181083332,5.505019371162631,3.506641638808948,-3.3175579181083332,4.177128901354712,-3.3175579181083332,-3.3175579181083332,-3.3175579181083332,-3.3175579181083332,8.171625775720495,-3.3175579181083332,-3.3175579181083332,-3.3175579181083332,-3.3175579181083332,-3.3175579181083332,-3.3175579181083332,0.09098093753595293,-3.3175579181083332,-3.3175579181083332,5.760104561082707,-3.3175579181083332,-3.3175579181083332,-3.3175579181083332,0.700030064520897,7.916550349376331,7.665634098009042,4.711515422819874,-3.3175579181083332,0.1579969306429181,3.3908853996820634,6.169954964331758,3.9971752965978444,-3.3175579181083332,4.199757625770447,-3.3175579181083332,1.1883265224225976,-3.3175579181083332,5.490874324645271,-3.3175579181083332,-3.3175579181083332,5.092013486597258,-3.3175579181083332,-3.3175579181083332,-3.3175579181083332,1.3253870670359351
HSMA33RX,-3.379771954929362,6.654968624909608,4.6313809271995305,-3.379771954929362,5.692796459764395,-3.379771954929362,3.4599874588374266,7.149435626564568,-3.379771954929362,6.927926970643112,-3.379771954929362,-3.379771954929362,6.436617339045556,8.164227080470809,8.898222925577263,6.069922636611484,9.24950000233968,7.106055042286403,2.028804211648282,-3.379771954929362,3.7736669351419483,-3.379771954929362,2.6311451471569,-3.379771954929362,-3.379771954929362,4.7018403755135685,-3.379771954929362,2.2831344709307846,0.5653432177106392,-3.379771954929362,3.8262122838078687,-3.379771954929362,-3.379771954929362,2.88021194881059,-3.379771954929362,4.867256334566166,-3.379771954929362,-3.379771954929362,-3.379771954929362,-3.379771954929362,1.0734224262546785,-3.379771954929362,0.6995788312381315,4.022053846815009,-3.379771954929362,-3.379771954929362,1.807501257738945,-3.379771954929362,-3.379771954929362,-3.379771954929362,-3.379771954929362,7.98401487114095,-3.379771954929362,-3.379771954929362,2.126944890965312,-3.379771954929362,-3.379771954929362,-3.379771954929362,0.514082050880333,-3.379771954929362,-3.379771954929362,5.665250403840283,-3.379771954929362,-3.379771954929362,-3.379771954929362,-3.379771954929362,6.991104048765397,7.331728744098525,5.0825343701725485,-3.379771954929362,-3.379771954929362,3.9563209876168424,-3.379771954929362,2.5263793422600402,2.9330845953726037,4.462330949249448,-3.379771954929362,2.3679858937054874,-3.379771954929362,5.599698558183811,-3.379771954929362,-3.379771954929362,4.923157184417176,-3.379771954929362,-3.379771954929362,-3.379771954929362,-3.379771954929362
HSMA33RX_TR,-3.194475440371594,7.062740325915756,5.189607343464498,-3.194475440371594,6.379302166400048,-3.194475440371594,-3.194475440371594,7.123226529734528,-3.194475440371594,-3.194475440371594,-3.194475440371594,-3.194475440371594,6.608774054246744,8.062928209366959,9.092702167640578,6.254111042847456,9.627586308749883,7.176625085837401,4.0623882244478615,-3.194475440371594,4.128408732915238,-3.194475440371594,2.6731500308313896,-3.194475440371594,-3.194475440371594,4.850523485668555,1.7732602190809548,2.050647697371609,0.7343585677900695,-3.194475440371594,3.5479922959119383,-3.194475440371594,-3.194475440371594,2.3068866383290914,-3.194475440371594,4.313043557508215,-3.194475440371594,-3.194475440371594,-3.194475440371594,-3.194475440371594,-3.194475440371594,-3.194475440371594,1.50335739121984,1.1869585701228722,3.55526857568615,-3.194475440371594,-3.194475440371594,-3.194475440371594,-3.194475440371594,-3.194475440371594,-3.194475440371594,8.143952477997969,-3.194475440371594,-3.194475440371594,0.41205946019492323,1.0989845582643394,-3.194475440371594,-3.194475440371594,-3.194475440371594,-3.194475440371594,-3.194475440371594,6.107769054270855,2.753991194736174,-3.194475440371594,-3.194475440371594,-3.194475440371594,7.126790712083676,7.5123591235993326,5.013164961505853,-3.194475440371594,-3.194475440371594,3.7170901031454564,-3.194475440371594,2.2555048836477845,2.128829346345711,4.335444596752351,-3.194475440371594,1.8669746505187401,-3.194475440371594,4.791080606719203,-3.194475440371594,-3.194475440371594,5.054735913916989,-3.194475440371594,-3.194475440371594,-3.194475440371594,-3.194475440371594
MSM6J2HD,-2.4585262197260676,-2.4585262197260676,-2.4585262197260676,-2.4585262197260676,-2.4585262197260676,-2.4585262197260676,-2.4585262197260676,-2.4585262197260676,-2.4585262197260676,-2.4585262197260676,-2.4585262197260676,9.535579912771452,-2.4585262197260676,-2.4585262197260676,2.225218962131164,-2.4585262197260676,10.597604811316922,9.94433096002543,8.072309470912515,-2.4585262197260676,-2.4585262197260676,-2.4585262197260676,-2.4585262197260676,-2.4585262197260676,-2.4585262197260676,-2.4585262197260676,-2.4585262197260676,-2.4585262197260676,-2.4585262197260676,-2.4585262197260676,3.9614650870477055,-2.4585262197260676,-2.4585262197260676,5.321941543246262,-2.4585262197260676,5.799891388784006,-2.4585262197260676,-2.4585262197260676,-2.4585262197260676,6.721735601534854,1.0811120528162235,4.748291240365169,-2.4585262197260676,4.234812250967068,5.019517639095845,-2.4585262197260676,-2.4585262197260676,-2.4585262197260676,-2.4585262197260676,-2.4585262197260676,4.367474707219205,8.213779936016394,5.260141778973867,-2.4585262197260676,-2.4585262197260676,-2.4585262197260676,3.441076042400489,-2.4585262197260676,-2.4585262197260676,-2.4585262197260676,-2.4585262197260676,4.1735201570707945,5.723899302602516,-2.4585262197260676,-2.4585262197260676,-2.4585262197260676,-2.4585262197260676,2.9759439518237247,-2.4585262197260676,-2.4585262197260676,2.1522488013916306,5.275821977238484,6.0141260560637235,4.802288159633635,-2.4585262197260676,-2.4585262197260676,-2.4585262197260676,4.455644982205073,5.096388558477278,5.780846179813076,-2.4585262197260676,-2.4585262197260676,5.009958524736522,-2.4585262197260676,-2.4585262197260676,1.5057879808147554,3.374393825245546
MSM6J2HF,-2.9880488330755153,-2.9880488330755153,-2.9880488330755153,4.234946129882222,-2.9880488330755153,-2.9880488330755153,-2.9880488330755153,2.9492331531835747,6.339252404103303,2.4966790084114763,-2.9880488330755153,8.433628375439374,-2.9880488330755153,0.9800307805948645,-2.9880488330755153,2.8859447856159655,9.465051850862787,9.815608774502442,6.937256525574394,1.8679086651656398,-2.9880488330755153,-2.9880488330755153,-2.9880488330755153,-2.9880488330755153,-2.9880488330755153,-2.9880488330755153,-2.9880488330755153,-2.9880488330755153,-2.9880488330755153,-2.9880488330755153,3.6737387511398714,-2.9880488330755153,-2.9880488330755153,-2.9880488330755153,-2.9880488330755153,-2.9880488330755153,-2.9880488330755153,-2.9880488330755153,-2.9880488330755153,6.961374728464715,3.210397968919996,5.31375510014232,-2.9880488330755153,5.715212018733638,-2.9880488330755153,-2.9880488330755153,-2.9880488330755153,-2.9880488330755153,-2.9880488330755153,-2.9880488330755153,6.183672039520196,7.887859843227389,5.4657774157678745,-2.9880488330755153,-2.9880488330755153,-2.9880488330755153,-2.9880488330755153,1.7185509088729027,3.433216383834055,-2.9880488330755153,3.7872003119413744,4.327169086731714,5.842439207902553,-2.9880488330755153,-2.9880488330755153,-2.9880488330755153,-2.9880488330755153,4.745962205596047,-2.9880488330755153,-2.9880488330755153,1.3917993870635197,7.860388635990256,8.118069356983408,3.7414585840515313,-2.9880488330755153,-2.9880488330755153,-2.9880488330755153,5.036282242040978,6.232126048599281,5.940199952783985,-2.9880488330755153,-2.9880488330755153,5.026130869076572,-2.9880488330755153,-2.9880488330755153,-2.9880488330755153,2.2850015520556273
MSM6J2HH,-2.3851574200225496,-2.3851574200225496,-2.3851574200225496,-2.3851574200225496,-2.3851574200225496,-2.3851574200225496,-2.3851574200225496,-2.3851574200225496,-2.3851574200225496,4.06024841665256,-2.3851574200225496,8.467666977687873,-2.3851574200225496,1.2886314706087987,3.4909983558594115,-2.3851574200225496,9.788535130337602,10.353933641622397,7.7733739169983735,-2.3851574200225496,-2.3851574200225496,-2.3851574200225496,-2.3851574200225496,-2.3851574200225496,-2.3851574200225496,-2.3851574200225496,-2.3851574200225496,-2.3851574200225496,-2.3851574200225496,-2.3851574200225496,1.4735770445481648,-2.3851574200225496,-2.3851574200225496,-2.3851574200225496,-2.3851574200225496,-2.3851574200225496,-2.3851574200225496,-2.3851574200225496,-2.3851574200225496,7.449983630240521,4.194486026610572,7.964653489994502,-2.3851574200225496,3.9619393052266307,3.4932698776486557,-2.3851574200225496,-2.3851574200225496,-2.3851574200225496,-2.3851574200225496,-2.3851574200225496,6.838541644106377,9.821628412176244,-2.3851574200225496,5.4253817640366435,-2.3851574200225496,-2.3851574200225496,-2.3851574200225496,5.292969870481938,-2.3851574200225496,-2.3851574200225496,4.090201358174615,-2.3851574200225496,-2.3851574200225496,-2.3851574200225496,-2.3851574200225496,-2.3851574200225496,-2.3851574200225496,-2.3851574200225496,-2.3851574200225496,5.559647857787142,-2.3851574200225496,3.893058879409904,8.665793240701138,-2.3851574200225496,-2.3851574200225496,-2.3851574200225496,-2.3851574200225496,6.813588524545545,7.125368872803779,7.827652919628899,-2.3851574200225496,-2.3851574200225496,5.26515248460085,-2.3851574200225496,-2.3851574200225496,3.9294681560641784,3.110638452934097
MSM6J2HJ,-2.852252783966069,-2.852252783966069,-2.852252783966069,-2.852252783966069,-2.852252783966069,4.422614153830392,-2.852252783966069,-2.852252783966069,-2.852252783966069,-2.852252783966069,-2.852252783966069,9.498915899835307,-2.852252783966069,1.3572207147303779,-2.852252783966069,0.16442472658220986,9.515602016520008,9.175899773380904,7.944165234701357,-2.852252783966069,-2.852252783966069,-2.852252783966069,-2.852252783966069,-2.852252783966069,-2.852252783966069,-2.852252783966069,-2.852252783966069,-2.852252783966069,-2.852252783966069,-2.852252783966069,5.1885187763842175,-2.852252783966069,-2.852252783966069,2.978030965582742,-2.852252783966069,2.5750659554393476,-2.852252783966069,-2.852252783966069,-2.852252783966069,7.9398973926248475,2.7239625180604836,6.731021466763959,-2.852252783966069,6.2884172785383115,-2.852252783966069,-2.852252783966069,-2.852252783966069,-2.852252783966069,-2.852252783966069,-2.852252783966069,4.816440433983812,8.478920502016432,3.864997377975011,2.2115951477960927,0.9449580019099333,0.21721084434699733,-2.852252783966069,4.820288770080024,2.2557720382821547,-2.852252783966069,4.746227408810558,1.258306773238676,-2.852252783966069,-2.852252783966069,-2.852252783966069,3.3150995890501846,-2.852252783966069,-2.852252783966069,-2.852252783966069,-2.852252783966069,-2.852252783966069,-2.852252783966069,8.749156470790076,5.421050374611454,-2.852252783966069,-2.852252783966069,-2.852252783966069,6.653612540124831,5.295479361226373,6.256815431310944,-2.852252783966069,-2.852252783966069,4.387639692171223,-2.852252783966069,-2.852252783966069,5.866826245238832,2.8793136979200487
MSM6J2HL,-2.435966724688015,-2.435966724688015,-2.435966724688015,-2.435966724688015,-2.435966724688015,-2.435966724688015,-2.435966724688015,-2.435966724688015,-2.435966724688015,1.406357329071847,-2.435966724688015,9.138699128155057,-2.435966724688015,-2.435966724688015,-2.435966724688015,-2.435966724688015,10.1187271896743,10.475090659509842,8.116454451498118,-2.435966724688015,-2.435966724688015,-2.435966724688015,-2.435966724688015,-2.435966724688015,-2.435966724688015,-2.435966724688015,-2.435966724688015,1.970262614979326,-2.435966724688015,-2.435966724688015,4.941530594075329,1.6200170126543085,-2.435966724688015,1.8715268377883287,-2.435966724688015,-2.435966724688015,-2.435966724688015,-2.435966724688015,-2.435966724688015,7.596266325184077,2.148711648548666,5.463628967515435,-2.435966724688015,6.373141691224989,4.877392362570044,-2.435966724688015,-2.435966724688015,-2.435966724688015,-2.435966724688015,-2.435966724688015,2.1497325853864435,7.807834737088388,3.4712218096561838,-2.435966724688015,-2.435966724688015,-2.435966724688015,4.404141223284049,3.507832517072993,0.25934988891492416,-2.435966724688015,3.167995143951769,2.512817821907694,3.73605407861288,-2.435966724688015,3.8699510949857645,-2.435966724688015,-2.435966724688015,-2.435966724688015,-2.435966724688015,-2.435966724688015,-2.435966724688015,-2.435966724688015,8.982023859349809,2.85958016731324,-2.435966724688015,-2.435966724688015,-2.435966724688015,5.684260326484461,3.793479413877507,5.785767408998165,-2.435966724688015,-2.435966724688015,4.504510257580628,-2.435966724688015,-2.435966724688015,3.4360429266257198,-2.435966724688015
MSM6J2OH,-2.118998622215262,-2.118998622215262,-2.118998622215262,-2.118998622215262,-2.118998622215262,-2.118998622215262,-2.118998622215262,-2.118998622215262,-2.118998622215262,-2.118998622215262,-2.118998622215262,9.295006958691564,-2.118998622215262,-2.118998622215262,-2.118998622215262,-2.118998622215262,10.457967590375961,10.354206865431932,8.919345555669292,-2.118998622215262,-2.118998622215262,-2.118998622215262,-2.118998622215262,-2.118998622215262,-2.118998622215262,-2.118998622215262,-2.118998622215262,-2.118998622215262,-2.118998622215262,-2.118998622215262,4.424480676635469,-2.118998622215262,-2.118998622215262,4.798409114587647,-2.118998622215262,5.341145600071336,-2.118998622215262,-2.118998622215262,-2.118998622215262,7.492054788497505,3.376528116904872,6.135529459932864,-2.118998622215262,7.7340050339924264,-2.118998622215262,-2.118998622215262,-2.118998622215262,-2.118998622215262,-2.118998622215262,-2.118998622215262,2.3918600930931166,9.055513324628249,4.98185248738863,-2.118998622215262,-2.118998622215262,-2.118998622215262,5.414801234214166,-2.118998622215262,-2.118998622215262,-2.118998622215262,-2.118998622215262,4.671210293811937,-2.118998622215262,-2.118998622215262,5.842405646679128,-2.118998622215262,-2.118998622215262,-2.118998622215262,-2.118998622215262,-2.118998622215262,-2.118998622215262,3.4084435705057654,9.845218199184309,-2.118998622215262,-2.118998622215262,-2.118998622215262,-2.118998622215262,5.777218402232036,5.370747988408005,7.2091862057752305,-2.118998622215262,-2.118998622215262,6.032766348355242,-2.118998622215262,-2.118998622215262,-2.118998622215262,-2.118998622215262
MSM6J2OJ,-4.550001960786126,1.4396381086775394,4.227061264726977,5.649629438341528,2.1883817661007283,1.278631185632114,0.8087290648011614,4.689975450491704,7.31908445368482,3.3487705774695744,-4.550001960786126,6.399758521018802,-4.550001960786126,3.5500108514823054,-4.550001960786126,4.724175661921975,6.556536570255769,8.34291363164161,1.6874673311485235,3.6654995421554624,-4.550001960786126,-4.550001960786126,-4.550001960786126,-4.550001960786126,-4.550001960786126,-4.550001960786126,-4.550001960786126,-4.550001960786126,-4.550001960786126,-4.550001960786126,2.374684611882504,0.27996796080888053,-2.1251896052363026,0.7439339338708102,1.0607400709439059,1.724857378265396,-4.550001960786126,-4.550001960786126,-4.550001960786126,5.761997923458518,2.321570649802629,4.167973339654743,-4.550001960786126,5.429048980232533,-4.550001960786126,-4.550001960786126,-0.04387281017025124,-4.550001960786126,-4.550001960786126,1.9744630708749789,3.810050668544503,6.81232065327117,0.12875711201197326,1.0559259650377815,0.2210005027962545,-4.550001960786126,1.4256301471814998,-0.636440358162119,2.5868084121254418,-4.550001960786126,3.3940240130683463,-0.16460046098047698,2.4860053187638274,4.344110471776114,1.9442324902957662,2.4121016458549143,3.192655689214691,5.338805440565634,-4.550001960786126,2.8646464425974365,-4.550001960786126,-4.550001960786126,5.6192537141512995,5.397996225168384,-4.550001960786126,-2.2286625575665973,-4.550001960786126,3.257996563541366,4.812887768245168,4.257039775912204,-4.550001960786126,-4.550001960786126,4.211823000845399,1.2818939253238062,-4.550001960786126,1.5383017613211099,1.733189335157041
MSM6J2OL,-2.441922225907547,-2.441922225907547,-2.441922225907547,-2.441922225907547,-2.441922225907547,4.278203419722864,-2.441922225907547,-2.441922225907547,-2.441922225907547,-2.441922225907547,-2.441922225907547,7.96701487184612,-2.441922225907547,0.5845437071860555,-2.441922225907547,-2.441922225907547,9.660330167999243,10.923280013521117,6.1529478870169285,-2.441922225907547,-2.441922225907547,-2.441922225907547,-2.441922225907547,-2.441922225907547,-2.441922225907547,-2.441922225907547,-2.441922225907547,-2.441922225907547,-2.441922225907547,-2.441922225907547,-2.441922225907547,-2.441922225907547,-2.441922225907547,-2.441922225907547,-2.441922225907547,-2.441922225907547,-2.441922225907547,-2.441922225907547,-2.441922225907547,5.560164509451266,3.280275792249194,6.470033031539495,-2.441922225907547,6.288596220780065,-2.441922225907547,-2.441922225907547,-2.441922225907547,-2.441922225907547,-2.441922225907547,-2.441922225907547,5.72470425063371,7.992065610602028,-2.441922225907547,5.324456915486506,-2.441922225907547,-2.441922225907547,5.990620719423222,3.0043189536300527,3.0863529237291623,-2.441922225907547,5.2401802076949195,-2.441922225907547,-2.441922225907547,-2.441922225907547,-2.441922225907547,-2.441922225907547,-2.441922225907547,3.1126548617179317,-2.441922225907547,-2.441922225907547,1.0435869709928856,4.178717207207736,8.07147807899792,7.20264230787945,-2.441922225907547,-2.441922225907547,-2.441922225907547,6.845418676452042,6.335402258028044,6.25715902119685,-2.441922225907547,-2.441922225907547,1.663587065929029,-2.441922225907547,-0.49495361610173205,4.5660066451801855,3.2170467650875896
MSM6J2ON,-2.2431344804369715,-2.2431344804369715,-2.2431344804369715,-2.2431344804369715,-2.2431344804369715,-2.2431344804369715,-2.2431344804369715,0.6897702813830886,-2.2431344804369715,-2.2431344804369715,-2.2431344804369715,9.227308654078733,-2.2431344804369715,-2.2431344804369715,-2.2431344804369715,-2.2431344804369715,10.287989042435903,10.65250997024786,8.569946007645703,-2.2431344804369715,-2.2431344804369715,-2.2431344804369715,-2.2431344804369715,-2.2431344804369715,-2.2431344804369715,-2.2431344804369715,-2.2431344804369715,-2.2431344804369715,-2.2431344804369715,-2.2431344804369715,3.6268148874495667,-2.2431344804369715,-2.2431344804369715,3.090802750521245,-2.2431344804369715,4.065019571505842,-2.2431344804369715,-2.2431344804369715,-2.2431344804369715,7.743722914231066,-2.2431344804369715,6.195347769178962,-2.2431344804369715,6.4282778415458255,-2.2431344804369715,-2.2431344804369715,-2.2431344804369715,-2.2431344804369715,2.0056277805126363,-2.2431344804369715,4.598070214539535,8.264748525308878,3.1864233890120897,-2.2431344804369715,-2.2431344804369715,1.522586439353855,-2.2431344804369715,3.4699166790497795,-2.2431344804369715,-2.2431344804369715,2.5572460968588295,-2.2431344804369715,4.703259407629205,-2.2431344804369715,-2.2431344804369715,-2.2431344804369715,-2.2431344804369715,3.5282365345912527,-2.2431344804369715,-2.2431344804369715,-2.2431344804369715,5.917256494871358,9.241783329059103,3.327527849682518,-2.2431344804369715,-2.2431344804369715,-2.2431344804369715,5.306881022217001,4.052498587056184,4.616054293850212,-2.2431344804369715,-2.2431344804369715,4.825564797095001,-2.2431344804369715,-2.2431344804369715,4.1025500974910205,-2.2431344804369715
MSM6J2OP,-2.4159362894172585,-2.4159362894172585,-2.4159362894172585,-2.4159362894172585,-2.4159362894172585,-0.5749365212762498,2.2517993033320494,-2.4159362894172585,-2.4159362894172585,-2.4159362894172585,-2.4159362894172585,7.798753417065212,-2.4159362894172585,-2.4159362894172585,-2.4159362894172585,-2.4159362894172585,9.95778201848651,10.8479459344614,6.992436566095947,-2.4159362894172585,-2.4159362894172585,-2.4159362894172585,-2.4159362894172585,-2.4159362894172585,-2.4159362894172585,-2.4159362894172585,-2.4159362894172585,1.6987372029767869,1.0719574736640336,-2.4159362894172585,2.382861159905115,-2.4159362894172585,-2.4159362894172585,3.4825749894108604,-2.4159362894172585,2.7174485247560938,-2.4159362894172585,-2.4159362894172585,-2.4159362894172585,6.145157798573918,1.6888848199964208,4.459726977207936,5.0350849065899865,3.1096510751378155,2.2517993033320494,-2.4159362894172585,-2.4159362894172585,-2.4159362894172585,-2.4159362894172585,-2.4159362894172585,4.2095924548431345,9.14074652499355,3.119960466662622,1.8626453790934736,3.5830375865819875,-2.4159362894172585,-2.4159362894172585,-2.4159362894172585,3.4781733252080116,-2.4159362894172585,1.8316567505427503,2.4521290895245134,-2.4159362894172585,-2.4159362894172585,-2.4159362894172585,-2.4159362894172585,-2.4159362894172585,-2.4159362894172585,-2.4159362894172585,-2.4159362894172585,-2.4159362894172585,6.611040261391333,7.370405735234718,4.706093071950566,-2.4159362894172585,-2.4159362894172585,-2.4159362894172585,3.703795490411933,5.123253115128041,4.537613652849603,-2.4159362894172585,-2.4159362894172585,4.787929469225034,-2.4159362894172585,-2.4159362894172585,2.3628770586409633,2.3416266936187355
MSM79H7C,-4.334364353362968,-0.8349210329800059,5.146750174987238,7.000618726579443,-4.334364353362968,3.3386117805775513,-0.7581521374639983,6.794389214025187,5.76360265056336,4.753639284821508,-4.334364353362968,1.2294790616490303,7.571212207499562,5.489290804314592,-4.334364353362968,-4.334364353362968,6.623789494686756,8.117981553274243,0.27114111919329353,-4.334364353362968,-4.334364353362968,-4.334364353362968,1.952200950713709,-4.334364353362968,-4.334364353362968,2.041826420803565,-4.334364353362968,-4.334364353362968,-0.027141697293833644,-4.334364353362968,0.6220589808364032,-0.24318005563780787,-4.334364353362968,-0.5281231410924008,-4.334364353362968,-0.12933811521798866,2.512962875886588,-1.0272077382046518,2.125825275019844,-4.334364353362968,-4.334364353362968,-4.334364353362968,-4.334364353362968,-0.7001801155053045,-4.334364353362968,4.456479857616697,-4.334364353362968,-4.334364353362968,5.355390674727811,-4.334364353362968,-4.334364353362968,7.471541266787332,2.0946753630948143,2.472221106928938,-4.334364353362968,2.293665165861994,-4.334364353362968,3.658895882998806,3.942040835676652,-4.334364353362968,3.1504309275805014,2.570002322059489,-4.334364353362968,-4.334364353362968,4.229096965746205,3.0833179461410385,3.5945376609044937,2.2337275884145633,2.08644465415753,0.8960933879544086,-4.334364353362968,4.517206411195616,5.556442235367502,5.421244331261013,2.2377140141518055,-4.334364353362968,-4.334364353362968,2.4056564125765743,2.3601931733391366,3.970124233343002,1.8298906587160753,-4.334364353362968,1.5794514614669302,-4.334364353362968,0.5547928366602388,0.6870957733140752,1.6483739808011313
MSM79H7E,-4.569003128864107,-4.569003128864107,4.4574133928826365,6.223208765511103,-4.569003128864107,3.5429948170116043,-4.569003128864107,6.586986232471399,4.429978974107011,5.247092459947313,-4.569003128864107,1.4307353784376042,7.083403281546735,5.456965475751746,-4.569003128864107,0.5708869494008457,6.079699182269566,7.8120325746118375,-4.569003128864107,-4.569003128864107,-4.569003128864107,-4.569003128864107,2.3021198017417808,-1.1448389906427945,-4.569003128864107,2.574973651904452,-4.569003128864107,-4.569003128864107,-0.6156247396105456,-1.3566127428956705,0.7914352668993931,-4.569003128864107,-4.569003128864107,1.310880900758204,-4.569003128864107,-1.5788417084967907,2.952402551400378,1.772531464794815,2.569374936177658,-4.569003128864107,-4.569003128864107,-4.569003128864107,-0.010458584312475594,-4.569003128864107,-4.569003128864107,5.190520355781657,0.5304322661050449,-4.569003128864107,5.830900563163959,-0.18206413668550425,-4.569003128864107,7.710634567183641,1.869298066601889,1.583278343825972,-0.7392642011519612,1.4419423493513772,1.139448764043074,4.00771434038982,3.2137538085320596,-4.569003128864107,3.429790575238271,2.380097845778625,2.513121496564943,-4.569003128864107,1.4224363669149307,3.1227415263689684,4.235158445870531,-4.569003128864107,2.3569593317436492,2.997261032322034,-4.569003128864107,4.266429463927609,5.06899816900578,4.4969175500842,-4.569003128864107,-4.569003128864107,-4.569003128864107,2.996057750880947,4.370971250419274,2.9935943598009116,1.0765153527681424,-4.569003128864107,2.6381758296297004,-4.569003128864107,-0.7327053669418895,0.6266998687809284,1.9328174364150428
MSM79H7G,-4.051791278787215,-4.051791278787215,5.984501163046088,7.378891203543604,-4.051791278787215,2.8034525169193003,1.5334829348183945,6.548592364878171,5.793506158323774,5.73417505855197,-4.051791278787215,-0.3604164977350752,7.716967013142241,7.005214394047975,-4.051791278787215,-4.051791278787215,7.01407845948761,8.5655525818877,1.9176537820282569,-4.051791278787215,-4.051791278787215,-4.051791278787215,3.3103166242733737,-4.051791278787215,-4.051791278787215,2.920963809707052,-4.051791278787215,-4.051791278787215,0.6918080629450607,-4.051791278787215,1.138603714728589,-2.4299641918790407,-4.051791278787215,1.194697915541111,-4.051791278787215,-0.45880943951386755,2.574077526620086,-4.051791278787215,2.067760446303689,-4.051791278787215,-4.051791278787215,-4.051791278787215,1.0134289992855052,-4.051791278787215,-4.051791278787215,5.278739660588471,-4.051791278787215,-4.051791278787215,4.695328079070323,-4.051791278787215,-4.051791278787215,7.141712506043298,3.5952410576157847,1.1582083795697287,0.5110498746702348,1.7913946256567561,0.6098362200019576,2.5373300909070435,-4.051791278787215,-4.051791278787215,2.4341374527531627,3.4434139519147227,1.2718630895299103,-4.051791278787215,4.441392609144112,3.746972307425919,4.639317611980157,-4.051791278787215,3.1937163834857465,1.3626692554345183,-4.051791278787215,5.505857897069314,-4.051791278787215,5.37591404357485,-4.051791278787215,-0.6389834646181818,-4.051791278787215,2.006267741099607,1.992394730131985,2.7520625864486856,1.4652750407039292,-4.051791278787215,3.261361540177047,-4.051791278787215,-4.051791278787215,0.07920086047815111,0.47655799452601855
MSM79H7M,-3.387819425526283,-3.387819425526283,5.277500571735109,7.263765750661411,-3.387819425526283,-3.387819425526283,-3.387819425526283,7.641763380645385,6.7701619573290905,4.194953228977289,-3.387819425526283,4.1610585604451575,8.168388893403975,7.7075687642974025,-3.387819425526283,-3.387819425526283,7.668548190787752,9.008237530307875,0.8163127256889133,-3.387819425526283,-3.387819425526283,-3.387819425526283,4.247558946387968,-3.387819425526283,-3.387819425526283,4.60631871561024,-3.387819425526283,-3.387819425526283,-3.387819425526283,-3.387819425526283,4.822656655149265,-3.387819425526283,5.274560467336558,2.0019476874322457,-3.387819425526283,0.893456534078668,3.5404568590231342,-3.387819425526283,-3.387819425526283,-3.387819425526283,-3.387819425526283,-3.387819425526283,-3.387819425526283,5.574471546817921,-3.387819425526283,0.6287933753467083,-3.387819425526283,-3.387819425526283,7.588880755105208,-3.387819425526283,-3.387819425526283,8.108814637171523,2.603181262971013,-3.387819425526283,-3.387819425526283,0.1123169555997805,-3.387819425526283,5.7867636314427875,-3.387819425526283,-3.387819425526283,-3.387819425526283,2.7714289024811,-3.387819425526283,-3.387819425526283,5.336634737848982,6.735334735674437,4.8358160467581754,7.540226374090091,4.851644294901112,2.296211635153618,-3.387819425526283,-3.387819425526283,-3.387819425526283,-3.387819425526283,2.3213841517550104,-3.387819425526283,-3.387819425526283,3.719731763127064,2.539890007224489,5.020996977503567,-3.387819425526283,-3.387819425526283,2.289298056303638,-3.387819425526283,-3.387819425526283,-3.387819425526283,-3.387819425526283
MSM79HAJ,5.612268989412481,3.1387763324343227,5.241670779132338,1.0034949889211777,3.6744603434771426,0.5666717426330639,4.349384191395075,4.935316639028107,-5.048016053120472,4.532371555562234,0.3646170666362547,-5.048016053120472,4.356967284721056,4.6848210883889285,4.057024624664167,4.590758250024719,6.236634716998086,3.6757469821208772,-5.048016053120472,4.480998883921634,-5.048016053120472,-5.048016053120472,-5.048016053120472,-5.048016053120472,-5.048016053120472,-5.048016053120472,-5.048016053120472,1.5519475654543342,-5.048016053120472,-5.048016053120472,-0.5083971681227908,-5.048016053120472,-5.048016053120472,2.868483876079723,3.378309059174546,0.247717532340765,5.071588635593442,2.389229601705461,4.5122329797696015,-5.048016053120472,2.244713160241778,3.7257645672196125,-5.048016053120472,-5.048016053120472,-5.048016053120472,4.824032042080759,2.7219801190162327,0.19188901768274036,6.410891339020997,6.281686657308692,3.3720377991770487,6.47334447906693,-5.048016053120472,-5.048016053120472,2.3189788361193786,-5.048016053120472,-5.048016053120472,-5.048016053120472,-5.048016053120472,1.590809535862233,-1.0923379900146664,1.2382986269854435,-5.048016053120472,3.114030589288139,3.238196796059854,5.285507118602817,4.826069135500452,-5.048016053120472,-5.048016053120472,-5.048016053120472,-5.048016053120472,5.59882883901784,1.0113897709558968,3.2244566596899906,-5.048016053120472,-0.9179091810437807,5.2112694381038285,-5.048016053120472,3.3083695941855495,4.9516894267134095,2.588279479979196,3.4388585608641815,6.38513346224997,-5.048016053120472,-5.048016053120472,-5.048016053120472,-5.048016053120472
MSM79HAL,6.6009646691116135,3.941551288638607,6.2082131919009225,2.541492276122523,5.011234634189295,-4.7663234287800265,3.9816836317677646,5.262413775073487,-4.7663234287800265,5.535719330078704,0.18637217940888462,-4.7663234287800265,5.185117275966551,4.736571539813331,3.1515762576901496,3.973564572432881,5.661863862956864,5.028408319326341,1.5015843347649946,4.802502121508952,-4.7663234287800265,-4.7663234287800265,-4.7663234287800265,0.6931899669726729,-4.7663234287800265,-4.7663234287800265,-4.7663234287800265,0.09235463750621165,-0.07580164563830216,-4.7663234287800265,-4.7663234287800265,-4.7663234287800265,-4.7663234287800265,0.6931899669726729,2.8406770616034605,-4.7663234287800265,3.571925183050536,0.7342660701059653,3.2680739058005237,-4.7663234287800265,1.5880060758112604,2.6646414334914565,-4.7663234287800265,4.157549296683594,-4.7663234287800265,3.2645277240196853,1.7698656044626215,-4.7663234287800265,4.443322869468446,6.555079114152205,3.3126236571329173,6.644997121241605,-4.7663234287800265,-4.7663234287800265,-0.8949079885500897,-4.7663234287800265,-4.7663234287800265,-4.7663234287800265,-4.7663234287800265,-0.44465403991044816,-0.3371558664551504,0.582167798019384,0.6241762987040058,3.363106228795676,2.2354859054443867,5.963238980700579,5.325978606049743,-4.7663234287800265,-4.7663234287800265,-4.7663234287800265,-4.7663234287800265,3.828633198075619,3.2393855677073944,2.442015245331363,-4.7663234287800265,-0.7247863167174895,4.157707375898325,-4.7663234287800265,2.626277014969931,2.3482808384222684,2.651113283814622,2.881313972975061,6.521108867892821,-4.7663234287800265,-4.7663234287800265,-4.7663234287800265,-4.7663234287800265
MSM79HAN,6.357256839486588,3.265135949225572,5.042382147975872,1.7104277536947121,3.985856663355297,-5.393438222773865,3.5247581580697602,4.796649678335568,-5.393438222773865,4.678918852266057,-0.22694608653866055,-5.393438222773865,3.7464091029207784,4.287730574717262,2.0799547553145796,3.2161764299329425,4.667856774735296,4.055610456330401,1.5844166940126154,4.606859780565305,-5.393438222773865,3.5331315076114382,-5.393438222773865,3.6914668704955904,-0.3787047248013131,-5.393438222773865,-5.393438222773865,-1.6464968112116498,-5.393438222773865,-5.393438222773865,-5.393438222773865,-5.393438222773865,-5.393438222773865,2.225741869910678,2.591703096685693,0.048403005078046846,4.480069800575795,2.0878322513625296,3.74056522767179,-5.393438222773865,2.371226989307508,3.1849263778604238,-5.393438222773865,5.814267157655954,2.648255798829184,3.614616486742303,1.8718656640674283,-5.393438222773865,5.459540426026583,5.045247225295595,3.249229861079158,5.572953271323533,-5.393438222773865,6.473921805583118,-0.11180613926428329,-5.393438222773865,0.8971409391598941,-5.393438222773865,-5.393438222773865,1.2009467953305437,-3.144172568329921,0.1524522703897322,2.466820914906455,-5.393438222773865,2.083543129914972,4.982659059529766,4.364826044198169,-5.393438222773865,-5.393438222773865,-5.393438222773865,-5.393438222773865,3.869837152423746,2.797817511695553,1.3523503002759574,-5.393438222773865,-5.393438222773865,4.530002786664966,-5.393438222773865,2.421367398971908,2.2080621564504908,2.7058261628028655,3.5555730192063546,5.80525057854031,-5.393438222773865,-5.393438222773865,-5.393438222773865,-5.393438222773865
MSM79HAR,5.753420517584287,3.590802483263884,5.628983744997219,2.717969443270249,4.811166924354439,-5.169488657555101,3.908119370568313,6.287785220096658,-5.169488657555101,5.601869526267519,1.2390268038783807,-5.169488657555101,4.6075718921889,5.932422553146879,4.1862466771639495,5.908860524830789,5.339126205933437,4.501270814591453,2.7049632208202716,4.465739982714617,-5.169488657555101,2.0925149341932254,-5.169488657555101,3.246998348733766,-5.169488657555101,-5.169488657555101,-5.169488657555101,-1.7782766490898183,-5.169488657555101,-5.169488657555101,0.4234030446131758,-5.169488657555101,-5.169488657555101,5.173279813862665,1.3474502857719752,0.7560001591439311,3.4354639214735903,0.49587170447346196,2.687151640057947,-5.169488657555101,1.3238050307312204,2.049760053521778,-5.169488657555101,5.816993925252048,-5.169488657555101,1.9338424300650905,0.7831731818001364,-5.169488657555101,4.364064823175955,5.601542324564992,2.424121951509882,5.94508290874437,-5.169488657555101,2.698245876389562,-5.169488657555101,-5.169488657555101,-5.169488657555101,-5.169488657555101,-5.169488657555101,1.071734895168884,-5.169488657555101,0.024994484476069445,-5.169488657555101,4.203279504097109,2.394202112205835,5.697675137016706,4.544633413963939,-5.169488657555101,-5.169488657555101,0.49041980616432745,-1.3892007081248536,2.3468420112128197,3.9689654474520912,1.2463880064842545,-5.169488657555101,-1.6985008975572615,3.896542606548362,-5.169488657555101,1.742479861186017,4.6525014921279295,0.27514465266006916,-0.44007608614533744,5.62176980318403,-5.169488657555101,-5.169488657555101,-5.169488657555101,-5.169488657555101
MSM79HAT,7.074042923909423,4.0044103159207,5.750376348443797,3.438944154911036,4.945655760309499,-4.9690854656710535,4.078305235142504,5.903478839688876,-4.9690854656710535,5.512692769102742,0.15757793852796453,-4.9690854656710535,2.6639716579519623,5.0967177925931395,3.0100591176777813,4.122659494838524,5.39905108240024,4.409212387342314,-0.10840726302469506,5.450944613495882,-4.9690854656710535,4.768980010443997,-4.9690854656710535,4.202380785923355,-1.341992237319218,-4.9690854656710535,-4.9690854656710535,-0.92340534269246,-4.9690854656710535,-4.9690854656710535,-4.9690854656710535,-4.9690854656710535,-4.9690854656710535,4.596093171697851,4.109778669650878,0.12145750140659217,4.919191291377468,2.4858252465121744,3.3857298476545044,-4.9690854656710535,2.1647937903259384,3.061021785025015,-4.9690854656710535,5.284330026140648,-4.9690854656710535,3.7654519264375033,2.482722910012426,-4.9690854656710535,5.918003044132723,5.06001118915513,2.7623512670141537,5.639252085399171,-4.9690854656710535,1.3363870805170306,-4.9690854656710535,-4.9690854656710535,-4.9690854656710535,-4.9690854656710535,-4.9690854656710535,1.970404355664935,-4.9690854656710535,-0.20661140671058575,3.0181291470907166,3.9671201671107186,2.913703709249412,6.214841886461484,5.192037098312857,-4.9690854656710535,-4.9690854656710535,-4.9690854656710535,-0.7121095487348601,1.1729863005866035,3.351435357557122,-4.9690854656710535,-4.9690854656710535,-4.9690854656710535,5.413547324069401,-4.9690854656710535,2.7827921098380672,4.319643018005645,2.1508943060651333,1.8670658294011435,6.001706967762525,-4.9690854656710535,-4.9690854656710535,-4.9690854656710535,-4.9690854656710535
MSM79HBZ,-1.286914200010374,-1.286914200010374,-1.286914200010374,-1.286914200010374,-1.286914200010374,-1.286914200010374,-1.286914200010374,-1.286914200010374,-1.286914200010374,-1.286914200010374,-1.286914200010374,11.490886509029961,-1.286914200010374,-1.286914200010374,-1.286914200010374,-1.286914200010374,-1.286914200010374,-1.286914200010374,-1.286914200010374,-1.286914200010374,-1.286914200010374,-1.286914200010374,-1.286914200010374,-1.286914200010374,-1.286914200010374,-1.286914200010374,-1.286914200010374,-1.286914200010374,-1.286914200010374,-1.286914200010374,-1.286914200010374,-1.286914200010374,-1.286914200010374,7.7679554136545805,-1.286914200010374,-1.286914200010374,-1.286914200010374,-1.286914200010374,-1.286914200010374,-1.286914200010374,-1.286914200010374,-1.286914200010374,-1.286914200010374,10.816671954162073,7.706124865684866,-1.286914200010374,-1.286914200010374,-1.286914200010374,-1.286914200010374,-1.286914200010374,-1.286914200010374,10.803091298234364,-1.286914200010374,-1.286914200010374,-1.286914200010374,-1.286914200010374,-1.286914200010374,-1.286914200010374,-1.286914200010374,-1.286914200010374,-1.286914200010374,-1.286914200010374,-1.286914200010374,-1.286914200010374,-1.286914200010374,-1.286914200010374,-1.286914200010374,-1.286914200010374,-1.286914200010374,5.44492805923141,-1.286914200010374,-1.286914200010374,-1.286914200010374,-1.286914200010374,-1.286914200010374,-1.286914200010374,-1.286914200010374,4.842137488836868,-1.286914200010374,-1.286914200010374,-1.286914200010374,-1.286914200010374,5.682113156951702,5.3623842774111345,6.326242900468437,7.78574635355174,11.133902698567107
MSM79HDA,-2.053703123668127,-2.053703123668127,-2.053703123668127,-2.053703123668127,-2.053703123668127,-2.053703123668127,-2.053703123668127,-2.053703123668127,-2.053703123668127,-2.053703123668127,-2.053703123668127,2.495442676845876,-2.053703123668127,-2.053703123668127,-2.053703123668127,-2.053703123668127,-0.11380596476091931,3.1709872028146595,-2.053703123668127,-2.053703123668127,-2.053703123668127,-2.053703123668127,-2.053703123668127,-2.053703123668127,-2.053703123668127,-2.053703123668127,-2.053703123668127,-2.053703123668127,-2.053703123668127,7.484108141077908,6.091902721170252,-2.053703123668127,6.807181140514427,8.707225794383374,-2.053703123668127,7.7213564769948,-2.053703123668127,-2.053703123668127,-2.053703123668127,-2.053703123668127,-2.053703123668127,-2.053703123668127,-2.053703123668127,8.895090783024116,-2.053703123668127,-2.053703123668127,-2.053703123668127,-2.053703123668127,-2.053703123668127,-2.053703123668127,-2.053703123668127,11.215300024450604,5.075180648855999,7.797286913577285,-2.053703123668127,-2.053703123668127,-2.053703123668127,-2.053703123668127,-2.053703123668127,-2.053703123668127,-2.053703123668127,-2.053703123668127,-2.053703123668127,-2.053703123668127,-2.053703123668127,-2.053703123668127,-2.053703123668127,-2.053703123668127,-2.053703123668127,-2.053703123668127,-2.053703123668127,-2.053703123668127,-2.053703123668127,-2.053703123668127,1.5360623061759942,-2.053703123668127,-2.053703123668127,8.854526584670202,-2.053703123668127,6.974821059134977,3.6180368054621805,4.2584486439474905,-2.053703123668127,6.814992980312853,5.709282181927906,8.232181941709275,8.670668233658471
MSM79HDC,-2.222674594393304,-2.222674594393304,-2.222674594393304,-2.222674594393304,-2.222674594393304,-2.222674594393304,2.430313177828433,-2.222674594393304,-2.222674594393304,2.713047008930525,-2.222674594393304,-2.222674594393304,-2.222674594393304,-2.222674594393304,-2.222674594393304,-2.222674594393304,-2.222674594393304,-2.222674594393304,-2.222674594393304,-2.222674594393304,-2.222674594393304,-2.222674594393304,-2.222674594393304,-2.222674594393304,-2.222674594393304,-2.222674594393304,-2.222674594393304,3.1866030366468685,5.95975954038031,6.840795647542353,7.125566416931898,-2.222674594393304,7.746553255317544,6.91134187731076,-2.222674594393304,7.838886897443953,-2.222674594393304,-2.222674594393304,-2.222674594393304,-2.222674594393304,-2.222674594393304,-2.222674594393304,2.8373644680233046,7.509681047824922,-2.222674594393304,-2.222674594393304,-2.222674594393304,-2.222674594393304,9.428194410215823,-2.222674594393304,-2.222674594393304,11.103020687843994,6.139456244082496,7.548155401816938,-2.222674594393304,-2.222674594393304,-2.222674594393304,-2.222674594393304,-2.222674594393304,-2.222674594393304,-2.222674594393304,-2.222674594393304,-2.222674594393304,-2.222674594393304,-2.222674594393304,-2.222674594393304,-2.222674594393304,-2.222674594393304,-2.222674594393304,-2.222674594393304,-2.222674594393304,-2.222674594393304,9.498240546264922,-2.222674594393304,-2.222674594393304,-2.222674594393304,-2.222674594393304,6.481201129190972,0.9829777848351533,6.324087656644358,-2.222674594393304,-2.222674594393304,2.850865998166908,3.6593584092834037,4.343452178374404,5.0040965206485915,7.496142282604965
MSM79HDE,-2.7025477238868962,-2.7025477238868962,-2.7025477238868962,0.08971955452220648,-2.7025477238868962,-2.7025477238868962,-2.7025477238868962,-2.7025477238868962,-2.7025477238868962,1.9659311740703451,-2.7025477238868962,-2.7025477238868962,-0.626572208841992,-2.7025477238868962,-2.7025477238868962,-2.7025477238868962,1.462328696564045,1.3253847591894559,-2.7025477238868962,-2.7025477238868962,-2.7025477238868962,-2.7025477238868962,-2.7025477238868962,-2.7025477238868962,-2.7025477238868962,-2.7025477238868962,-2.7025477238868962,3.74900457706073,4.801390252116312,5.7284317035305445,5.969721410879347,-2.7025477238868962,6.40018107455699,5.598068464774475,-2.7025477238868962,6.515867247300848,-2.7025477238868962,-2.7025477238868962,-2.7025477238868962,-2.7025477238868962,-2.7025477238868962,-2.7025477238868962,2.940128193212752,5.520404991580489,-2.7025477238868962,9.281858586133218,4.653104942716477,-2.7025477238868962,7.661168161394328,-2.7025477238868962,-2.7025477238868962,10.764990569672596,5.536550495213373,6.151833468997101,-2.7025477238868962,-2.7025477238868962,-2.7025477238868962,-2.7025477238868962,-2.7025477238868962,-2.7025477238868962,-2.7025477238868962,-2.7025477238868962,3.6961172020913127,-2.7025477238868962,-2.7025477238868962,-2.7025477238868962,-2.7025477238868962,-2.7025477238868962,-2.7025477238868962,-2.7025477238868962,-2.7025477238868962,7.151770495445505,6.788063740673476,-2.7025477238868962,-2.7025477238868962,-2.7025477238868962,-2.7025477238868962,5.72379180236831,2.8799588825384586,5.227695633726811,2.4075988802526194,0.7550801405050365,2.3986328869103453,4.300216391456885,4.626010553065881,3.625861376335261,5.722518417233951
MSM79HDG,-2.4326323319584446,-2.4326323319584446,-2.4326323319584446,-2.4326323319584446,-2.4326323319584446,-2.4326323319584446,-2.4326323319584446,-2.4326323319584446,-2.4326323319584446,0.9612949660121028,-2.4326323319584446,-2.4326323319584446,0.5672427398029267,0.9612949660121028,-2.4326323319584446,-2.4326323319584446,1.8271614625474193,3.236475063199089,-2.4326323319584446,-2.4326323319584446,-2.4326323319584446,-2.4326323319584446,-2.4326323319584446,-2.4326323319584446,-2.4326323319584446,-2.4326323319584446,-2.4326323319584446,4.346546612774756,3.4908180975985843,4.312771089276368,5.911964099153768,-2.4326323319584446,6.330256063821228,4.713118429944171,-2.4326323319584446,6.211729513418683,-2.4326323319584446,-2.4326323319584446,-2.4326323319584446,-2.4326323319584446,-2.4326323319584446,-2.4326323319584446,-2.4326323319584446,5.715960016166152,-2.4326323319584446,8.433474868645956,6.152957077490487,-2.4326323319584446,8.449651921557864,-2.4326323319584446,-2.4326323319584446,11.14413972457905,5.7181829170095275,3.65345756479517,-2.4326323319584446,-2.4326323319584446,2.4441469440956958,-2.4326323319584446,-2.4326323319584446,-2.4326323319584446,-2.4326323319584446,-2.4326323319584446,-2.4326323319584446,-2.4326323319584446,-2.4326323319584446,-2.4326323319584446,-2.4326323319584446,-2.4326323319584446,-2.4326323319584446,-2.4326323319584446,-2.4326323319584446,8.461772315889055,6.867606844576197,-2.4326323319584446,-2.4326323319584446,-2.4326323319584446,-2.4326323319584446,5.538974148309948,3.6682145202709435,5.000728100381999,-2.4326323319584446,-2.4326323319584446,-2.4326323319584446,4.227781210411755,3.9780080593356892,3.888306279682234,4.873051831013155
MSM79HDG_TR,-2.147903717722496,-2.147903717722496,-2.147903717722496,-2.147903717722496,-2.147903717722496,-2.147903717722496,-2.147903717722496,-2.147903717722496,-2.147903717722496,-2.147903717722496,-2.147903717722496,-2.147903717722496,-2.147903717722496,-2.147903717722496,-2.147903717722496,-2.147903717722496,-2.147903717722496,-2.147903717722496,-2.147903717722496,-2.147903717722496,-2.147903717722496,-2.147903717722496,-2.147903717722496,-2.147903717722496,-2.147903717722496,-2.147903717722496,-2.147903717722496,5.1386218206867875,2.7160933877745794,3.7006565815409997,5.722104328000384,-2.147903717722496,6.20486975802828,4.360390039843529,-2.147903717722496,6.015761790740589,-2.147903717722496,-2.147903717722496,-2.147903717722496,-2.147903717722496,-2.147903717722496,-2.147903717722496,-2.147903717722496,6.180551897990081,-2.147903717722496,8.728009414653862,5.470773217507398,-2.147903717722496,8.501897840989367,-2.147903717722496,-2.147903717722496,11.47984671639132,6.156341376070386,5.698305007314725,-2.147903717722496,-2.147903717722496,-2.147903717722496,-2.147903717722496,-2.147903717722496,-2.147903717722496,-2.147903717722496,-2.147903717722496,-2.147903717722496,-2.147903717722496,-2.147903717722496,-2.147903717722496,-2.147903717722496,-2.147903717722496,-2.147903717722496,-2.147903717722496,-2.147903717722496,8.263132610422678,6.713533289261565,-2.147903717722496,-2.147903717722496,-2.147903717722496,-2.147903717722496,5.27478740550318,4.186615158008336,4.268454792599619,-2.147903717722496,-2.147903717722496,2.006503006520674,4.988772696301779,4.914761170895673,3.3638749920393956,5.979145635910576
MSM79HDI,-2.5819983739954218,-2.5819983739954218,-2.5819983739954218,-2.5819983739954218,-2.5819983739954218,-2.5819983739954218,2.0784268159646295,-2.5819983739954218,-2.5819983739954218,-2.5819983739954218,-2.5819983739954218,3.526092939056131,-2.5819983739954218,-2.5819983739954218,-2.5819983739954218,-2.5819983739954218,-2.5819983739954218,-2.5819983739954218,-2.5819983739954218,-2.5819983739954218,-2.5819983739954218,-2.5819983739954218,-2.5819983739954218,-2.5819983739954218,-2.5819983739954218,-2.5819983739954218,3.046038740175689,3.3046947245921565,4.601198464799579,1.6867133150338756,5.308373075213836,-2.5819983739954218,5.869572946568447,4.845738774517763,-2.5819983739954218,5.533355260373809,-2.5819983739954218,-2.5819983739954218,-2.5819983739954218,-2.5819983739954218,-2.5819983739954218,-2.5819983739954218,-2.5819983739954218,4.498050820952083,3.1054323482477386,8.973372985945407,5.50903398946441,-2.5819983739954218,9.755365774797129,-2.5819983739954218,-2.5819983739954218,10.4251055770215,4.498411137732003,5.855368503248995,-2.5819983739954218,-2.5819983739954218,-2.5819983739954218,-2.5819983739954218,-2.5819983739954218,-2.5819983739954218,-2.5819983739954218,-2.5819983739954218,-2.5819983739954218,-2.5819983739954218,-2.5819983739954218,-2.5819983739954218,-2.5819983739954218,-2.5819983739954218,-2.5819983739954218,4.3299944167242765,-2.5819983739954218,8.20930914061686,9.03221894697646,-2.5819983739954218,-2.5819983739954218,-2.5819983739954218,-2.5819983739954218,6.215122384892379,4.368569918565997,5.749155775189846,2.4469793755095264,-2.5819983739954218,-2.5819983739954218,4.992495461189803,4.559547701786473,4.403239129012955,7.257089360002302
MSM79HEA,-2.8405187431698558,-2.8405187431698558,-2.8405187431698558,-2.8405187431698558,-2.8405187431698558,1.979370442416494,-2.8405187431698558,-2.8405187431698558,-2.8405187431698558,-2.8405187431698558,-2.8405187431698558,6.644853603757237,-2.8405187431698558,-2.8405187431698558,-2.8405187431698558,-2.8405187431698558,10.149805744808997,9.548314626614767,7.4392370526005465,-2.8405187431698558,-2.8405187431698558,-2.8405187431698558,-2.8405187431698558,-2.8405187431698558,-2.8405187431698558,-2.8405187431698558,-2.8405187431698558,-2.8405187431698558,3.0698723409739603,-2.8405187431698558,2.700085041644508,0.4363839589398051,-2.8405187431698558,4.767304371637955,-2.8405187431698558,2.5439606979302596,-2.8405187431698558,-2.8405187431698558,-2.8405187431698558,6.916596418028508,2.3818720230205397,4.899202461492804,5.493828950295021,4.217519139705129,4.124925400796409,-2.8405187431698558,-2.8405187431698558,-2.8405187431698558,0.8766415375969103,-2.8405187431698558,5.860320380838485,9.438253844276021,4.729933857078719,-2.8405187431698558,1.9514531739105507,2.349406342695339,1.9978231740871024,2.5608525033952336,3.918574354088946,-2.8405187431698558,2.694555721482473,4.117412619913948,3.0940673083470154,-2.8405187431698558,-2.8405187431698558,-2.8405187431698558,-2.8405187431698558,2.272712085317659,-2.8405187431698558,-2.8405187431698558,-2.8405187431698558,6.273026495977677,5.579690923850274,3.3640663395211954,-2.8405187431698558,-2.8405187431698558,-2.8405187431698558,4.485204561352288,4.873945090064352,5.111154368590699,-2.8405187431698558,-2.8405187431698558,5.210763312920889,-2.8405187431698558,-2.8405187431698558,-2.8405187431698558,0.9960593475428183
MSM79HF3,5.814314186693629,3.58954624513703,5.872675990658768,2.1159812054436227,4.271112367255207,-4.669567079461155,1.545542087601361,5.347377051684344,-4.669567079461155,5.301859613703035,-4.669567079461155,-4.669567079461155,6.051128029567474,3.567939546120952,2.141975222754592,2.918187936433789,6.27902431428264,3.8232663308226336,-4.669567079461155,4.617902618809462,-4.669567079461155,2.610662532713418,-4.669567079461155,3.0516263319938783,-4.669567079461155,1.1570844572927959,-4.669567079461155,-4.669567079461155,-4.669567079461155,-4.669567079461155,-4.669567079461155,-4.669567079461155,-4.669567079461155,-4.669567079461155,2.8678763686318938,-4.669567079461155,4.310492009680978,2.0735397586781614,3.6452389403219936,-4.669567079461155,0.17195279105739125,2.74909875889494,-4.669567079461155,7.2972476449506205,3.8225460692869815,3.6439189421738414,2.1909155675508956,-4.669567079461155,7.436016042717027,6.351226992523285,2.4170862866508145,6.701423543955503,-4.669567079461155,-4.669567079461155,-4.669567079461155,-4.669567079461155,-4.669567079461155,-4.669567079461155,-4.669567079461155,1.2350924635373852,0.5430746957749282,0.3099195274250981,3.2513144256539466,3.840493146822679,1.560644468990037,5.856890659928622,4.735084905105785,-4.669567079461155,1.69850350264303,1.7311148381371515,-4.669567079461155,3.155721603199816,3.16271511510183,3.7135403906430353,-4.669567079461155,-4.669567079461155,4.915578173254811,-4.669567079461155,2.007771988598556,4.731771853959261,-0.3241638897385464,0.21979417401941426,5.567331370508834,-4.669567079461155,-4.669567079461155,-4.669567079461155,-4.669567079461155
MSM79HF5,5.891998225917362,4.553764356806663,6.411054941043764,2.3039253035141343,5.0457786642767815,-5.0126973629989,2.8900474001104834,6.583763014943008,-5.0126973629989,5.426513039638652,-0.16020286248362403,-5.0126973629989,4.887208792082053,4.882566362717304,3.87755916265501,4.590336179818185,5.557732845268337,4.566642784442952,2.312149729940039,4.788732686971857,-5.0126973629989,1.6617364367954126,-5.0126973629989,2.730882107969813,-5.0126973629989,0.9424820189889234,-5.0126973629989,-2.7596528802385354,-5.0126973629989,-5.0126973629989,-2.309599515353355,-5.0126973629989,-5.0126973629989,4.159739053294929,0.3447860395787963,3.2417139415220513,1.645620498425835,0.7470479331569333,3.2196490078148043,-5.0126973629989,1.6494532260780463,1.9164462766295332,-5.0126973629989,6.217067523218797,-5.0126973629989,2.315934548450712,1.3381842393880534,-5.0126973629989,5.360756359310226,5.528463342234147,0.7350048220094614,6.4364814338333405,-5.0126973629989,-5.0126973629989,-5.0126973629989,-5.0126973629989,-5.0126973629989,-5.0126973629989,-5.0126973629989,3.220199724406882,-2.5929502152762662,0.6463796528337244,-5.0126973629989,5.383373657061297,2.199903652598308,5.84406737770049,4.74365088649245,-5.0126973629989,1.6888341353663598,-5.0126973629989,-5.0126973629989,1.1651666606770341,3.3316356183079803,1.0032524943504981,-5.0126973629989,-5.0126973629989,3.6417490376299977,-5.0126973629989,1.8650147564229416,4.864829868412065,1.5285514786785326,1.1685042176464489,5.812632021199192,-5.0126973629989,-5.0126973629989,-5.0126973629989,-5.0126973629989
MSM79HF7,5.238195237045209,2.0136284255860746,4.189813075731307,-1.2567924029042281,2.122809256200348,0.7564817841649933,1.09449497765599,4.65477494918828,-5.230945244671991,5.473049194816685,-2.6892545753439947,-5.230945244671991,6.041332693035887,3.18973415593785,3.2124392648020414,3.2100461196442884,5.659625379435489,4.410367537425796,-1.0743139150015626,3.366069917967592,-5.230945244671991,-0.5802284608805195,-5.230945244671991,4.05668386885645,-0.6316978446874639,3.8039706355680174,5.052671322855783,-2.67751266899886,-5.230945244671991,-5.230945244671991,-1.0837553841723224,-5.230945244671991,-5.230945244671991,-3.4730076674525723,0.8367658616602611,-1.6239959833480277,2.2225389984393997,1.5250944263237534,2.939746851409123,-5.230945244671991,1.1326960552944003,2.9709893871824278,-5.230945244671991,7.340640774680141,-5.230945244671991,3.022834255842092,3.17706488473854,-5.230945244671991,4.901978870344363,3.7944681673996126,0.8752824174900242,5.726056462753485,-5.230945244671991,-5.230945244671991,2.0279855387709818,-5.230945244671991,-5.230945244671991,-5.230945244671991,-5.230945244671991,3.953445093674892,1.1914233164459258,-1.4186484469678131,-5.230945244671991,4.447899983786486,1.2530988395388443,4.8506424743181125,4.050443656888111,1.7753931484346497,4.206961552221471,1.544288654428108,-5.230945244671991,2.9337039368043394,3.336695033498552,5.401659512971156,-5.230945244671991,-5.230945244671991,4.880369950380297,-5.230945244671991,2.2969718417270704,3.4861536011891845,0.8591022857267641,0.1309120973989213,5.619371199838399,-5.230945244671991,-5.230945244671991,-5.230945244671991,-1.2970663763934223
MSM79HF9,6.563448387066683,1.8673778570301787,4.558613642617381,-5.369369730993549,2.56652048280712,0.36138921815999225,3.5888607718934917,4.897821863654832,-5.369369730993549,4.51451373783169,-5.369369730993549,-5.369369730993549,2.922100224140139,2.3707531759199405,1.0618435738466028,4.174486412391392,5.465745935996669,3.782121389413124,-5.369369730993549,3.791023216020445,-5.369369730993549,2.0988678441736273,-5.369369730993549,3.4393946649406333,-5.369369730993549,1.6970632687316343,1.5960516576815973,2.1192771209755428,-5.369369730993549,-5.369369730993549,1.4580853809344498,-5.369369730993549,-5.369369730993549,4.609954158655583,3.1439705358293635,3.6423540087226662,4.404133411560022,3.4019786178889486,5.179301216888265,-5.369369730993549,2.6525176666234866,3.548128614167285,-5.369369730993549,5.606474281060417,-5.369369730993549,3.675142159635878,3.305405783244103,1.4844069151226948,6.488770435770453,1.6194440488217037,2.679627171570881,5.602366719191718,-5.369369730993549,-5.369369730993549,-0.03281463141529173,-5.369369730993549,-5.369369730993549,-5.369369730993549,-5.369369730993549,3.336303251557948,1.2903556724449512,-5.369369730993549,-5.369369730993549,-5.369369730993549,1.6224093062804714,5.599733197580738,4.663749842272345,-5.369369730993549,2.055110386332907,1.4364157728543523,-5.369369730993549,-5.369369730993549,1.3365829103080547,0.21106835973641047,1.8429122037576757,-5.369369730993549,5.333420137740566,-5.369369730993549,3.54774317568633,5.025374091934826,3.8790530050150807,4.028624266222995,5.49739094347971,-5.369369730993549,-5.369369730993549,-5.369369730993549,-5.369369730993549
MSM79HF9_TR,6.689960789500111,2.291950297230911,4.771830125145114,-5.373147326259607,2.5390399007006392,0.42255901949654806,2.9456869125797924,4.9856382480672465,-5.373147326259607,3.9737818243012484,-2.260032500359639,-5.373147326259607,2.631218959345813,2.2482779752919377,1.1451703363583707,4.149079272431616,5.408901841761807,3.9912789169093568,-5.373147326259607,3.8595198692461237,-5.373147326259607,1.8949712025166452,-5.373147326259607,3.6649745767546635,-5.373147326259607,1.4294873448246523,2.026837392414894,1.9893165782885998,-5.373147326259607,-5.373147326259607,0.8082483297548304,-5.373147326259607,-5.373147326259607,4.54367744529452,2.9352070250881157,3.561705290438879,4.2829281558260535,3.107607726213569,5.190940333366649,-5.373147326259607,2.818532281540813,3.786433060313267,-5.373147326259607,5.526074517792452,2.4707826117261042,3.846771643406954,2.9915603340098986,1.966932671402402,6.568894331909462,1.9178853013149508,2.5231287110344756,5.499884327302837,-5.373147326259607,-5.373147326259607,-5.373147326259607,-5.373147326259607,-5.373147326259607,-5.373147326259607,-5.373147326259607,3.3878232578727907,1.4019778957544995,-0.2682644353515222,-5.373147326259607,-5.373147326259607,1.0455432478776778,5.531025756625208,4.6141785259234425,-5.373147326259607,2.428358165406853,-5.373147326259607,-5.373147326259607,-5.373147326259607,0.0866601123970625,-0.20343718079509898,1.505573328884533,-5.373147326259607,5.215447948317621,-5.373147326259607,3.5381341009141316,4.913886544873949,3.979879091843701,3.5465086175463902,5.420367690428156,-5.373147326259607,-5.373147326259607,-5.373147326259607,-5.373147326259607
MSM79HFB,6.998780161906712,3.8374641761063986,6.083387555883425,2.3903288506854397,5.377253974559388,0.8334766467602748,4.295702550121458,4.979156946484993,-4.677299060993004,5.444087096429826,-2.4381140993865227,-4.677299060993004,5.169614086490322,3.077089428127854,3.966095001964776,3.57274900904991,6.4906317076930655,4.981566046261559,-4.677299060993004,4.883185814189768,-4.677299060993004,-4.677299060993004,-4.677299060993004,-4.677299060993004,-4.677299060993004,-4.677299060993004,-4.677299060993004,-0.20351043608686226,-0.4219511240323257,-4.677299060993004,0.30448832116134206,-4.677299060993004,-4.677299060993004,-3.2011520271553877,3.099990647128524,-4.677299060993004,4.939307292325714,2.2066360845114197,4.539672952951516,-4.677299060993004,2.9313349945272167,4.031758188482498,-4.677299060993004,3.29191135734441,-4.677299060993004,5.297623639369129,2.258575028792256,0.7315924735018289,6.206767250233055,6.2723505682498075,4.4153139254124945,6.875625582962467,-4.677299060993004,-4.677299060993004,-4.677299060993004,-4.677299060993004,-4.677299060993004,-4.677299060993004,-4.677299060993004,1.1745072349831345,-0.9805835283846225,1.5322914885938541,3.3915886150075236,-4.677299060993004,3.6452254461239333,5.8606639886046406,6.020940047261265,-4.677299060993004,-4.677299060993004,-4.677299060993004,-4.677299060993004,2.5296768881924496,1.5270239084579833,3.955751249805764,-4.677299060993004,0.006335079624530948,5.180793393682809,-4.677299060993004,3.990128472878962,3.6518454223786527,1.0573963802677842,0.1469919880675299,7.2183799940593225,-4.677299060993004,-4.677299060993004,-4.677299060993004,-4.677299060993004
MSM9VZEU,-2.6626883309896243,-2.6626883309896243,-2.6626883309896243,-2.6626883309896243,-2.6626883309896243,-2.6626883309896243,1.8647532803730709,-2.6626883309896243,-2.6626883309896243,1.0465606518697754,-2.6626883309896243,9.72855287499229,-2.6626883309896243,-2.6626883309896243,-2.6626883309896243,-2.6626883309896243,-2.6626883309896243,-0.2805697992060523,-2.6626883309896243,-2.6626883309896243,-2.6626883309896243,-2.6626883309896243,-2.6626883309896243,-2.6626883309896243,-2.6626883309896243,-2.6626883309896243,-2.6626883309896243,3.7654596037409576,5.4502715099668615,3.248470496197055,5.4926422457247535,-2.6626883309896243,6.000030589533953,4.402594213115427,-2.6626883309896243,6.333733646008627,-2.6626883309896243,-2.6626883309896243,-2.6626883309896243,-2.6626883309896243,-2.6626883309896243,-2.6626883309896243,-2.6626883309896243,2.7732005831904,-2.6626883309896243,7.328751395505648,6.286828212122962,-2.6626883309896243,9.210620046231043,-2.6626883309896243,-2.6626883309896243,10.269150609795393,5.699065658740371,5.791676508025978,-2.6626883309896243,-2.6626883309896243,1.7499764756708291,-2.6626883309896243,-2.6626883309896243,-2.6626883309896243,-2.6626883309896243,-2.6626883309896243,-2.6626883309896243,-2.6626883309896243,-2.6626883309896243,-2.6626883309896243,-2.6626883309896243,1.938326191029505,-2.6626883309896243,4.190642253482467,-2.6626883309896243,7.385876534489656,8.664698987686055,-2.6626883309896243,-2.6626883309896243,-2.6626883309896243,-2.6626883309896243,3.868307058414241,3.2666089996836254,4.995284905036941,2.8069717502487617,-2.6626883309896243,7.357118254860961,3.05878745022029,3.2717702759591463,1.806668131980473,5.576658096973972
MSM9VZEW,-2.5916605478846897,-2.5916605478846897,-2.5916605478846897,-2.5916605478846897,-2.5916605478846897,-2.5916605478846897,1.742889640307851,-2.5916605478846897,-2.5916605478846897,-2.5916605478846897,-2.5916605478846897,10.250432711064253,-2.5916605478846897,-2.5916605478846897,-2.5916605478846897,-2.5916605478846897,0.6727864301866529,-2.5916605478846897,-2.5916605478846897,-2.5916605478846897,-2.5916605478846897,-2.5916605478846897,-2.5916605478846897,-2.5916605478846897,-2.5916605478846897,-2.5916605478846897,-2.5916605478846897,3.746549885045847,5.4435243655535395,3.126446945143874,5.378561976181241,-2.5916605478846897,5.759554719861048,4.896250288632107,-2.5916605478846897,5.634036612989245,-2.5916605478846897,-2.5916605478846897,-2.5916605478846897,-2.5916605478846897,-2.5916605478846897,-2.5916605478846897,-2.5916605478846897,4.2877394042272865,-2.5916605478846897,7.743104510714925,5.794867116506255,-2.5916605478846897,8.14123157964212,-2.5916605478846897,-2.5916605478846897,10.214317003991653,4.971307613227152,4.969216481599823,-2.5916605478846897,-2.5916605478846897,2.7171951886285672,-2.5916605478846897,-2.5916605478846897,-2.5916605478846897,-2.5916605478846897,-2.5916605478846897,3.053711780859718,-2.5916605478846897,-2.5916605478846897,-2.5916605478846897,-2.5916605478846897,2.499102879163555,-2.5916605478846897,-2.5916605478846897,-2.5916605478846897,5.216848055480215,8.218949467908892,-2.5916605478846897,-2.5916605478846897,-2.5916605478846897,-2.5916605478846897,5.2715156154399185,3.7126212768127385,5.004754321410279,-0.06182515973406488,-2.5916605478846897,8.866636779123835,2.565990941646092,3.3255330451470817,3.0430858399575555,4.256704757404515
MSM9VZEY,-2.8351452489638067,-2.8351452489638067,-2.8351452489638067,-2.8351452489638067,-2.8351452489638067,-2.8351452489638067,1.4949656528519437,-2.8351452489638067,-2.8351452489638067,-2.8351452489638067,-2.8351452489638067,10.2388678818036,-2.8351452489638067,-2.8351452489638067,-2.8351452489638067,-2.8351452489638067,-2.8351452489638067,0.5051442171534024,-2.8351452489638067,-2.8351452489638067,-2.8351452489638067,-2.8351452489638067,-2.8351452489638067,-2.8351452489638067,-2.8351452489638067,-2.8351452489638067,-2.8351452489638067,4.173859323396737,4.872945639950019,4.43120225511028,5.7129652429445485,-2.8351452489638067,6.175106411193196,4.360558187282271,-2.8351452489638067,5.353334875917324,-2.8351452489638067,-2.8351452489638067,-2.8351452489638067,-2.8351452489638067,-2.8351452489638067,-2.8351452489638067,-2.8351452489638067,2.454737920996047,2.645233818362742,8.391070619415398,6.949781936372145,-2.8351452489638067,7.299479390608701,-2.8351452489638067,-2.8351452489638067,9.58854551029456,5.416287181132465,3.1107520762658787,2.3566394075478865,2.7907388288887294,1.2662383665502954,-2.8351452489638067,-2.8351452489638067,-2.8351452489638067,-2.8351452489638067,-2.8351452489638067,3.6142196376980866,-2.8351452489638067,-2.8351452489638067,-2.8351452489638067,-2.8351452489638067,2.108226086037961,-2.8351452489638067,0.622658495623515,-2.8351452489638067,6.178729184653982,7.579064994860195,-2.8351452489638067,-2.8351452489638067,-2.8351452489638067,-2.8351452489638067,5.807921935086755,2.5339908950734866,5.334080703919363,-2.8351452489638067,-2.8351452489638067,8.362768360527621,2.5036359764443787,3.812307245847893,2.728799754084381,4.6907976065284265
MSM9VZF1,-2.5054923010042778,-2.5054923010042778,-2.5054923010042778,-2.5054923010042778,-2.5054923010042778,-2.5054923010042778,-2.5054923010042778,-2.5054923010042778,-2.5054923010042778,-0.6821334028439168,-2.5054923010042778,9.3669340658589,-2.5054923010042778,-2.5054923010042778,-2.5054923010042778,-2.5054923010042778,-2.5054923010042778,0.40188659528982384,-2.5054923010042778,-2.5054923010042778,-2.5054923010042778,-2.5054923010042778,-2.5054923010042778,-2.5054923010042778,-2.5054923010042778,-2.5054923010042778,-2.5054923010042778,2.36439720447318,5.358306827679842,3.3882293144434286,4.772875809540904,-2.5054923010042778,-2.5054923010042778,4.922963599352808,-2.5054923010042778,3.9906812727560848,-2.5054923010042778,-2.5054923010042778,-2.5054923010042778,-2.5054923010042778,-2.5054923010042778,-2.5054923010042778,-2.5054923010042778,4.249689329428927,-2.5054923010042778,7.622950391099206,7.160048291160798,-2.5054923010042778,8.422355289724246,-2.5054923010042778,-2.5054923010042778,10.647489680047173,5.650978213065675,6.28224372829058,3.2953530484814397,3.3256876190182405,2.883991242890902,-2.5054923010042778,-2.5054923010042778,-2.5054923010042778,-2.5054923010042778,-2.5054923010042778,-2.5054923010042778,-2.5054923010042778,-2.5054923010042778,-2.5054923010042778,-2.5054923010042778,-2.5054923010042778,-2.5054923010042778,-2.5054923010042778,-2.5054923010042778,5.289075798199875,8.795196661431989,-2.5054923010042778,-2.5054923010042778,-2.5054923010042778,-2.5054923010042778,-0.6987115855352002,3.640645780412158,5.577137172964862,1.2825546585270686,-2.5054923010042778,9.136418271036373,4.991739404760129,4.865000073576337,3.94413068263115,7.426012611444225
MSM9VZF3,-3.0178164784657344,-3.0178164784657344,-3.0178164784657344,-3.0178164784657344,-3.0178164784657344,-3.0178164784657344,2.1705819888529394,-3.0178164784657344,-3.0178164784657344,0.7726806589290494,-3.0178164784657344,10.006690260643092,-3.0178164784657344,-3.0178164784657344,-3.0178164784657344,-3.0178164784657344,-3.0178164784657344,-3.0178164784657344,-3.0178164784657344,-3.0178164784657344,-3.0178164784657344,-3.0178164784657344,-3.0178164784657344,-3.0178164784657344,-3.0178164784657344,-3.0178164784657344,-3.0178164784657344,3.0857861825050046,4.381977078075522,3.8168403788327536,5.214880105212877,2.027295450170014,5.775501479637975,3.5331798665883385,-3.0178164784657344,3.7559217554238336,-3.0178164784657344,-3.0178164784657344,-3.0178164784657344,-3.0178164784657344,2.115944751620111,-3.0178164784657344,-3.0178164784657344,3.682356236601777,-3.0178164784657344,7.93833121712167,4.93685809877069,-3.0178164784657344,8.452705322262812,-3.0178164784657344,-3.0178164784657344,8.836795032739609,4.8657228782557995,6.234341421026864,3.4656429397691086,3.6786071068587605,-3.0178164784657344,-3.0178164784657344,-3.0178164784657344,-3.0178164784657344,-3.0178164784657344,-3.0178164784657344,2.0305541272245886,-3.0178164784657344,-3.0178164784657344,-3.0178164784657344,-3.0178164784657344,1.8436499714103451,-3.0178164784657344,3.6256443281944044,-3.0178164784657344,5.586525601546461,8.902307151611744,-3.0178164784657344,-3.0178164784657344,-3.0178164784657344,-3.0178164784657344,3.8478668755233763,3.0229203983413404,4.732288980650454,3.7605466472502025,1.2382109601799485,7.7773323616387735,2.5597243993404586,3.6460295531589004,2.844348140945071,5.735204741920401
MSM9VZF5,-2.8173027888747537,-2.8173027888747537,-2.8173027888747537,-2.8173027888747537,-2.8173027888747537,-2.8173027888747537,2.4269341032735863,-2.8173027888747537,-2.8173027888747537,-2.8173027888747537,-2.8173027888747537,9.537616398678079,-2.8173027888747537,-2.8173027888747537,-2.8173027888747537,-2.8173027888747537,-2.8173027888747537,-2.8173027888747537,-2.8173027888747537,-2.8173027888747537,-2.8173027888747537,-2.8173027888747537,-2.8173027888747537,-2.8173027888747537,-2.8173027888747537,-2.8173027888747537,-2.8173027888747537,3.3494817401589323,4.458798844297059,0.6962650427360852,4.8802026016429005,1.6571548690017313,-2.8173027888747537,4.709178623418563,-2.8173027888747537,2.887620640894056,-2.8173027888747537,-2.8173027888747537,-2.8173027888747537,5.6097113104554,-2.8173027888747537,-2.8173027888747537,-2.8173027888747537,4.943457075127288,-2.8173027888747537,8.103286293162226,5.9497573175114535,-2.8173027888747537,8.006230619320053,-2.8173027888747537,-2.8173027888747537,10.141675593516743,6.872273833246119,5.621760848218234,3.6206344554369476,4.022612276044138,3.3742671966001865,3.2648055394365185,-2.8173027888747537,-2.8173027888747537,-2.8173027888747537,-2.8173027888747537,-2.8173027888747537,-2.8173027888747537,-2.8173027888747537,-2.8173027888747537,-2.8173027888747537,2.3388103567253022,-2.8173027888747537,3.055449411949854,-2.8173027888747537,4.175995069102611,8.084135887587024,-2.8173027888747537,-2.8173027888747537,-2.8173027888747537,-2.8173027888747537,5.241112947683337,3.4875382385483222,5.22685785774533,-2.8173027888747537,-2.8173027888747537,8.915141884106363,4.235897779071824,3.356207353271097,2.1143548502672225,5.749914275451496
MSM9VZIM,-3.6050176561609977,-3.6050176561609977,-3.6050176561609977,-3.6050176561609977,-3.6050176561609977,2.853863976702895,2.3747281973325896,-3.6050176561609977,-3.6050176561609977,1.8988209524582427,4.868693650174118,7.551718962593059,-3.6050176561609977,-3.6050176561609977,-3.6050176561609977,3.9557783032208045,0.2545900240084613,7.936281187172356,-3.6050176561609977,-3.6050176561609977,-3.6050176561609977,-3.6050176561609977,-3.6050176561609977,-3.6050176561609977,-3.6050176561609977,5.387665221700746,0.7190847302067294,4.572046638067611,5.257137896036588,1.0968699484840663,6.574114023511989,-3.6050176561609977,3.1106707245894913,2.254977826073752,-3.6050176561609977,6.359874974132273,-3.6050176561609977,-3.6050176561609977,-3.6050176561609977,8.099169056126643,4.904886252248908,-3.6050176561609977,-3.6050176561609977,3.888276149833553,-3.6050176561609977,3.1127621734968107,-3.6050176561609977,-3.6050176561609977,-3.6050176561609977,-3.6050176561609977,-3.6050176561609977,6.823949671767944,5.396170039490646,-3.6050176561609977,-3.6050176561609977,-3.6050176561609977,2.703655075717206,0.953249339498834,-3.6050176561609977,-3.6050176561609977,3.428681920875513,-3.6050176561609977,-3.6050176561609977,-3.6050176561609977,8.87595877376444,-3.6050176561609977,-3.6050176561609977,2.0337044773052693,5.881490696274879,2.6620992041840967,-3.6050176561609977,-3.6050176561609977,8.846948867848866,-3.6050176561609977,-3.6050176561609977,0.15559712228627198,-3.6050176561609977,4.756808012499008,1.9433295748156247,6.639579143064811,1.4806220634575915,3.0569102441444524,5.533222038864078,0.8665128510676752,1.0399198805039696,2.189102296515962,2.4781886498906616
MSM9VZIO,-3.098035282473276,-3.098035282473276,-3.098035282473276,-3.098035282473276,-3.098035282473276,1.0675188080329896,3.127462208927936,-3.098035282473276,-3.098035282473276,-3.098035282473276,5.726680363505348,8.802712370553866,-3.098035282473276,-3.098035282473276,-3.098035282473276,4.338264758614937,-3.098035282473276,8.793175134079144,-3.098035282473276,-3.098035282473276,-3.098035282473276,-3.098035282473276,-3.098035282473276,-3.098035282473276,-3.098035282473276,6.041225029288078,2.221138745438779,5.205977943581058,5.811602481327323,-3.098035282473276,6.585315096236013,-3.098035282473276,3.567320413042218,0.3205187720701552,-3.098035282473276,7.250102876115876,-3.098035282473276,-3.098035282473276,-3.098035282473276,7.926424362798589,3.661003742054845,-3.098035282473276,-3.098035282473276,7.423898830176354,4.569360583081289,4.96719442168515,-3.098035282473276,-3.098035282473276,-3.098035282473276,-3.098035282473276,-3.098035282473276,9.004587533965736,5.934773017898965,-3.098035282473276,-3.098035282473276,-3.098035282473276,2.7950761882974033,-3.098035282473276,-3.098035282473276,-3.098035282473276,3.4213276581074323,-3.098035282473276,3.575975319444643,-3.098035282473276,9.006003521459514,-3.098035282473276,-3.098035282473276,-3.098035282473276,6.528815065866877,3.1364851483673,-3.098035282473276,-3.098035282473276,8.462592806733664,-3.098035282473276,-3.098035282473276,-3.098035282473276,-3.098035282473276,4.392632565832461,2.1694733622503133,6.781656886721635,-3.098035282473276,0.375669890379255,6.010556808671448,-3.098035282473276,-3.098035282473276,-3.098035282473276,0.4309288182567723
MSM9VZIQ,-3.3040478179135153,-3.3040478179135153,-3.3040478179135153,-3.3040478179135153,-3.3040478179135153,-0.1295768963186159,2.3035611659423,-3.3040478179135153,-3.3040478179135153,-0.35939906908756036,5.192175614230877,6.899526234316498,-1.5626019019707549,-3.3040478179135153,-3.3040478179135153,4.216451153944997,-3.3040478179135153,9.739824986271431,-3.3040478179135153,-3.3040478179135153,-3.3040478179135153,-3.3040478179135153,-3.3040478179135153,-3.3040478179135153,-3.3040478179135153,4.6111274764948345,-3.3040478179135153,3.950712872193492,4.0377677766876126,-3.3040478179135153,5.2076824442871645,-3.3040478179135153,2.3915488872622426,1.844855306670988,-3.3040478179135153,5.575617498845177,-3.3040478179135153,-3.3040478179135153,-3.3040478179135153,6.953829773016476,4.144884508795667,-3.3040478179135153,-3.3040478179135153,3.089022606296809,-0.35939906908756036,5.864797856457063,-3.3040478179135153,-3.3040478179135153,-3.3040478179135153,-3.3040478179135153,-3.3040478179135153,8.172010624394249,5.012265397865968,-3.3040478179135153,-3.3040478179135153,-3.3040478179135153,2.412639714045353,-3.3040478179135153,-3.3040478179135153,-3.3040478179135153,1.3125287903549943,-3.3040478179135153,4.457995894120993,-3.3040478179135153,8.423439255406123,-3.3040478179135153,-3.3040478179135153,2.425017452729099,5.349664207026523,2.155322878118257,-3.3040478179135153,-3.3040478179135153,8.730739725145765,-3.3040478179135153,-3.3040478179135153,3.2473023232149734,-3.3040478179135153,3.733530495728055,4.854572661531639,7.11611590071934,1.8861576390691202,2.8642850324835027,0.775246947679376,1.9485648572371428,0.37648822250704583,1.7593424454351254,2.235607514021117
MSM9VZIS,-2.9719441880713138,-2.9719441880713138,-2.9719441880713138,-2.9719441880713138,-2.9719441880713138,1.3789367336449754,2.18908589947881,-2.9719441880713138,-2.9719441880713138,0.7063072293874679,5.567662009637754,7.4022039696276405,-2.9719441880713138,-2.9719441880713138,-2.9719441880713138,4.587363178271987,-1.1209143678799833,10.168518473548817,-2.9719441880713138,-2.9719441880713138,-2.9719441880713138,-2.9719441880713138,-2.9719441880713138,-2.9719441880713138,-2.9719441880713138,4.608098915320664,-2.9719441880713138,4.0931249748696406,4.035797979234186,2.600365631170014,5.550485934320848,-2.9719441880713138,1.6799532407351023,1.965488716489455,-2.9719441880713138,4.9576686161613255,-2.9719441880713138,-2.9719441880713138,-2.9719441880713138,7.193352956416203,4.819460918677317,-2.9719441880713138,-2.9719441880713138,-2.9719441880713138,1.5868511577183089,3.747103818756764,-2.9719441880713138,1.3511342301831561,-2.9719441880713138,-2.9719441880713138,-2.9719441880713138,7.780116269526803,5.579512104324346,-2.9719441880713138,-2.9719441880713138,-2.9719441880713138,-2.9719441880713138,-2.9719441880713138,-2.9719441880713138,-2.9719441880713138,2.1632002180180656,-2.9719441880713138,2.6026725469658203,-2.9719441880713138,8.534722642446564,-2.9719441880713138,-2.9719441880713138,2.911738626391691,5.351970081830704,-2.9719441880713138,-2.9719441880713138,-2.9719441880713138,9.351591181361272,-2.9719441880713138,-2.9719441880713138,4.750386973693768,-2.9719441880713138,4.12572256185484,4.899986731467241,6.855659403911112,0.808368089170008,2.959361740558186,1.996945127297053,-2.9719441880713138,-2.9719441880713138,-2.9719441880713138,1.9891733034874708
MSM9VZIU,-3.5411866101399934,-3.5411866101399934,-3.5411866101399934,-3.5411866101399934,-3.5411866101399934,2.39813238664218,-3.5411866101399934,-3.5411866101399934,-3.5411866101399934,-0.5440599049367787,5.6469815103972865,7.934334291828156,-3.5411866101399934,-3.5411866101399934,-3.5411866101399934,4.5433124996074365,1.7469299717534703,8.332668132912758,-3.5411866101399934,-3.5411866101399934,-3.5411866101399934,-3.5411866101399934,-3.5411866101399934,-3.5411866101399934,-3.5411866101399934,5.907860756719719,1.5076239041672075,4.194113226728161,4.504605491449452,4.4092033931123265,5.511284819707232,-3.5411866101399934,2.1482382097401427,1.9385760610303429,-3.5411866101399934,5.286320221629711,-3.5411866101399934,-3.5411866101399934,-3.5411866101399934,6.873166183880322,5.410674865189512,-3.5411866101399934,-3.5411866101399934,-3.5411866101399934,-3.5411866101399934,4.779783954519608,-3.5411866101399934,3.7980538218791633,-3.5411866101399934,-3.5411866101399934,-3.5411866101399934,8.101529365922312,5.651333258950303,-3.5411866101399934,-3.5411866101399934,-3.5411866101399934,1.6580716404289149,1.6240220990303875,-3.5411866101399934,-3.5411866101399934,3.218629189204954,-3.5411866101399934,3.266324526875932,-3.5411866101399934,8.488811525061687,-3.5411866101399934,-3.5411866101399934,-3.5411866101399934,6.724026600609815,-3.5411866101399934,-3.5411866101399934,-3.5411866101399934,9.10685438159783,-3.5411866101399934,-3.5411866101399934,4.567889889659588,-3.5411866101399934,4.12280511368332,5.5364071628005345,5.1769066765879606,1.3985715434777735,1.7314964571034075,1.5637170949149688,1.4623351622451413,0.49702115681294146,2.8818206309297567,2.0408551869759695
MSM9VZIW,-2.8220935374310905,-2.8220935374310905,-2.8220935374310905,-2.8220935374310905,-2.8220935374310905,1.533032498146973,-2.8220935374310905,-2.8220935374310905,-2.8220935374310905,-0.8441695588696216,6.774672385094394,7.897304671926957,-2.8220935374310905,-2.8220935374310905,-2.8220935374310905,5.52443816393899,-2.8220935374310905,10.148619696939027,-2.8220935374310905,-2.8220935374310905,-2.8220935374310905,-2.8220935374310905,-2.8220935374310905,-2.8220935374310905,-2.8220935374310905,5.634823970708351,-2.8220935374310905,3.888202146808881,4.292680220695977,1.0419332960468815,5.1522558208584766,-2.8220935374310905,-0.6755844051172613,-0.36955888724258124,-2.8220935374310905,4.491768161532588,-2.8220935374310905,-2.8220935374310905,-2.8220935374310905,7.0582935879053075,5.491747466378922,-2.8220935374310905,-2.8220935374310905,-2.8220935374310905,-2.8220935374310905,4.887028538062375,-2.8220935374310905,3.1313495646789695,-2.8220935374310905,-2.8220935374310905,-2.8220935374310905,8.53527217152493,5.512181464645005,-2.8220935374310905,-2.8220935374310905,-2.8220935374310905,-2.8220935374310905,1.1835205781779177,-2.8220935374310905,-2.8220935374310905,2.1807235327318377,-2.8220935374310905,-2.8220935374310905,-2.8220935374310905,8.957170809112439,-2.8220935374310905,-2.8220935374310905,2.661525395630523,6.335018565034073,2.776392096962601,-2.8220935374310905,-2.8220935374310905,9.500065662373803,-2.8220935374310905,-2.8220935374310905,5.861250820344781,-2.8220935374310905,3.0021943276356993,4.915213673727221,4.795964238692312,1.8656411936774369,-2.8220935374310905,2.238689731420518,-2.8220935374310905,-2.8220935374310905,1.4956347236393146,2.661525395630523
MSM9VZLL,5.835416237933195,3.719342213703918,5.676363300790012,3.9322581602387734,4.228936388132771,-4.984681075404275,1.9744064136632336,5.961925839764206,-4.984681075404275,5.446278409885775,0.007099155081647268,-4.984681075404275,2.6874565747960144,5.9233531356384255,3.1263401982279415,4.988215024729023,5.314538928121456,4.485808048592079,0.7061560379199143,4.069530724679474,-4.984681075404275,2.58293159761741,-4.984681075404275,4.077589863248633,-1.7060304224408007,-4.984681075404275,-4.984681075404275,1.5843194648908492,-1.1155075059799024,-4.984681075404275,0.5337297534308458,-4.984681075404275,-4.984681075404275,5.989299845127865,2.0111368731018224,3.5071597470301406,3.011260290252249,1.9907119556632615,1.9413269885414302,-4.984681075404275,0.9944042648069642,3.0423286704914076,-4.984681075404275,7.78788403855425,-4.984681075404275,1.6933678122587033,0.29895228721769307,-4.984681075404275,4.089093039790985,4.26293215607006,2.468753999165009,3.652082416019966,-4.984681075404275,1.242937097511354,-0.13277885316080074,-4.984681075404275,-4.984681075404275,-4.984681075404275,-4.984681075404275,3.3036908167654175,-4.984681075404275,-1.7380142839960815,-4.984681075404275,4.818352048996543,1.639378832076372,6.138124732991871,4.225277784059345,-4.984681075404275,-4.984681075404275,-4.984681075404275,-4.984681075404275,2.0931416000169962,1.0090977157773633,-4.984681075404275,-4.984681075404275,-1.5180134214983365,4.223820151538361,-4.984681075404275,1.659307690378066,4.872599000891945,1.1308623402461784,1.8414640517809913,5.290996989496675,-4.984681075404275,-4.984681075404275,-4.984681075404275,-4.984681075404275
MSM9VZLN,7.1970625320956065,3.83738406445977,5.9408569118375425,3.473624120043864,5.710671604917991,-4.888802815298275,4.290378111043687,5.668342394710297,-4.888802815298275,5.980609899231927,-0.5003949167911124,-4.888802815298275,3.772003460980727,4.36145834899748,3.041072649834052,4.462501999623733,5.864256858586966,5.885359182346065,-0.328266068797463,6.002617084602929,-4.888802815298275,2.929183919779483,-4.888802815298275,3.318311760128057,-4.888802815298275,-4.888802815298275,-4.888802815298275,0.326175697981812,-0.40929096606499193,-4.888802815298275,-4.888802815298275,-4.888802815298275,-4.888802815298275,4.979418702352,2.5877922195895655,0.40218678079345516,3.8128119758288337,2.431894848024296,3.23936782994505,-4.888802815298275,2.6765776480018966,2.752177725925045,-4.888802815298275,6.207718465564922,-4.888802815298275,2.9005353868773476,1.3324948674115369,-4.888802815298275,5.441960031196139,5.361488387522229,3.478906336255551,5.797210040366554,-4.888802815298275,-4.888802815298275,0.6006951180483,-4.888802815298275,-4.888802815298275,-4.888802815298275,-4.888802815298275,1.5463729639872694,-4.888802815298275,0.5547665830923627,-4.888802815298275,3.695970364365027,2.887930879771072,5.7872993465163045,5.107440190857645,-4.888802815298275,-4.888802815298275,-4.888802815298275,-4.888802815298275,0.6758667705429566,1.2346809860679038,0.11221385280779472,-4.888802815298275,-0.01571378388635125,4.940886657902146,-4.888802815298275,2.83997639931214,3.180044300013672,2.184247212621724,3.063063141972436,5.791855640898892,-4.888802815298275,-4.888802815298275,-4.888802815298275,-4.888802815298275
MSM9VZLP,6.56611814337676,3.1264473687980088,5.618954152508776,1.9890663407195373,4.726179911031029,-5.079160056550867,3.3832419815769743,5.674131967820182,-5.079160056550867,5.743276594883154,0.3193800891559402,-5.079160056550867,4.483499453272964,4.453307536540167,3.746862116065728,4.071050154101165,5.6420106190272,5.309926297613449,1.9257048566051225,4.775952697071746,-5.079160056550867,2.561778411568161,-5.079160056550867,3.477661617742509,-5.079160056550867,-5.079160056550867,-5.079160056550867,1.0254884974463732,-5.079160056550867,-5.079160056550867,-0.3115238516044627,-5.079160056550867,-5.079160056550867,4.077022113412017,2.9664870267027013,0.2643164077684119,4.649200883291763,1.768390585377091,3.110609937475175,-5.079160056550867,2.506981973959504,3.9291509120694412,-5.079160056550867,6.952182511654046,-5.079160056550867,2.5388114065816163,1.0456818122066425,-5.079160056550867,5.7617228986069335,4.9367034119660325,3.9151506431801817,5.433272711674695,-5.079160056550867,-0.03732441556750565,0.9373515850860503,-5.079160056550867,-5.079160056550867,-5.079160056550867,-5.079160056550867,1.4840122688697788,-5.079160056550867,0.2561966892104959,-5.079160056550867,3.310165326848254,2.3461774513390736,5.8081482378406175,4.838621445986078,-5.079160056550867,-5.079160056550867,-5.079160056550867,-5.079160056550867,2.58422975429686,1.326748493301804,1.9898346949511643,-5.079160056550867,-5.079160056550867,5.070232999480908,-5.079160056550867,2.6574635850343444,4.15886697331882,1.3645932645616954,2.961340011252365,5.598645664887174,-5.079160056550867,-5.079160056550867,-5.079160056550867,-5.079160056550867
MSM9VZLR,6.374790930632382,3.59379232336652,5.936652994229435,2.0163438412356305,5.000784427168995,-5.036187167280682,3.754764716145166,4.7958578134537015,-5.036187167280682,4.711184552303774,0.0633108063197767,-5.036187167280682,2.940987438218608,4.972733963848997,3.0028344496085326,5.159028947580262,5.04221556682311,5.02652995480115,-5.036187167280682,3.9080637272086136,-5.036187167280682,4.3999629607376685,-5.036187167280682,4.788533020724497,-0.7577194412383452,-5.036187167280682,-5.036187167280682,-2.3923568158465365,-5.036187167280682,-5.036187167280682,-5.036187167280682,-5.036187167280682,-5.036187167280682,4.296458017971506,3.7030354355949937,1.683063610523023,5.6075802993263215,2.7101396243487015,3.7011590334638242,-5.036187167280682,3.080463807653171,3.972387425604264,-5.036187167280682,7.325353481073598,-5.036187167280682,3.639428100347435,2.287176785174733,-5.036187167280682,6.502333945862668,4.863290683698607,2.7366077361948946,5.554268514450564,-5.036187167280682,3.185499310507879,-0.3277722273117032,-5.036187167280682,-5.036187167280682,-5.036187167280682,-5.036187167280682,2.430169634888614,-5.036187167280682,0.40416945977618113,-5.036187167280682,3.537998901260959,1.1862072773619143,5.511024648353555,4.010536618749509,-5.036187167280682,-5.036187167280682,-5.036187167280682,-5.036187167280682,2.777432025509297,2.0918706924876487,-0.2652084451227772,-5.036187167280682,-5.036187167280682,4.810631009625162,-5.036187167280682,3.2373302379885667,4.327346119182829,0.817685531963269,2.086386118183624,5.371746745888853,-5.036187167280682,-5.036187167280682,-5.036187167280682,-5.036187167280682
MSM9VZLT,5.010210326400449,0.6691053477350817,2.558293642507124,-0.1475184696411791,1.1581192588217455,2.775896429706913,2.245154693388713,3.550569421255463,-5.634369984133432,4.38301908520947,-1.306212600366889,-0.07733606766913326,4.134232668488573,2.847303806741989,3.647643514553307,1.474895830150257,3.9707231620881203,2.4586173626362804,-5.634369984133432,1.740388122167972,-5.634369984133432,3.5588736300296215,-5.634369984133432,3.6573337144692077,-2.0936326904443163,-5.634369984133432,-5.634369984133432,-2.858697156467615,-5.634369984133432,2.8295041864319606,-5.634369984133432,-5.634369984133432,-5.634369984133432,-5.634369984133432,2.294819771926435,-5.634369984133432,4.25158713112117,3.5188816363759665,3.707171430187378,-5.634369984133432,3.1004119068080174,4.026504314097612,-5.634369984133432,6.040325363617248,-5.634369984133432,3.449850579007731,4.880755981453246,-0.0654465172601224,5.441479471747897,5.003613874896876,1.2417753081623237,6.208441575104934,-5.634369984133432,-5.634369984133432,2.425792628029847,-5.634369984133432,2.5608621079935503,-0.5974014366261482,-5.634369984133432,-0.15364677467116294,2.4282131728118284,0.4132894557839979,-5.634369984133432,2.848984054393812,0.023870794508999538,4.17622620380714,3.807903193109391,-5.634369984133432,-5.634369984133432,3.0434123570370586,-5.634369984133432,1.6431316669306764,3.9890173864156964,4.617735735467046,-5.634369984133432,-5.634369984133432,5.167911897508016,-5.634369984133432,2.932344228522828,4.180733198077289,-0.6070282100226905,1.1156732159105145,6.111624898461745,-5.634369984133432,1.0230676787740576,2.7416911042786145,1.087111248121917
MSM9VZLV,5.696361994388232,1.503400105706282,3.3729626026916444,3.2162641482786967,2.4504607922249964,0.32153319561053006,1.832643365800621,3.939441129429002,-5.6461967026630475,3.415010063981307,-1.7776578325028343,-5.6461967026630475,3.5265846095648232,2.658268098840379,3.744014826107735,1.8956594686332826,4.324739194400539,4.063207672354512,1.225108721389546,2.6192077126947764,1.2022214010903385,2.794685333818892,-5.6461967026630475,4.433220381634589,-0.34983412365763655,-5.6461967026630475,-5.6461967026630475,-0.046254944138441445,-5.6461967026630475,0.07331340909291839,-1.072969885248229,-5.6461967026630475,-5.6461967026630475,-0.5125889721858155,1.7931494127412995,-0.7357108666896472,4.252211986914865,2.9204573846317503,3.5052703140862,-5.6461967026630475,2.5108052048779372,3.9408135067269283,-5.6461967026630475,6.379462175188496,-5.6461967026630475,3.428625849967321,2.9723264240808307,-0.3036701009400158,5.8818709986631585,3.9848826114684837,2.7064360235193483,6.213525064783824,-5.6461967026630475,-5.6461967026630475,2.6164881129373274,-5.6461967026630475,-5.6461967026630475,-5.6461967026630475,-5.6461967026630475,0.9708328937820374,0.432603133760491,1.33491032368845,-5.6461967026630475,2.7826110689414163,0.8254009633957029,4.003841157913311,3.789089036347918,-5.6461967026630475,-5.6461967026630475,1.1364783338284337,1.8552079179948215,3.6525166887682516,3.517364314950311,3.7509518034900537,-5.6461967026630475,-5.6461967026630475,4.282491341820626,-5.6461967026630475,2.651454084927777,3.5174970551722184,1.9141523448885716,0.3843788077691954,5.748616675438562,-5.6461967026630475,-5.6461967026630475,-0.711122093909129,0.5363466475388181
MSM9VZLZ,-0.3627149950210864,-0.3627149950210864,-0.3627149950210864,-0.3627149950210864,-0.3627149950210864,-0.3627149950210864,-0.3627149950210864,-0.3627149950210864,-0.3627149950210864,-0.3627149950210864,-0.3627149950210864,-0.3627149950210864,-0.3627149950210864,-0.3627149950210864,-0.3627149950210864,-0.3627149950210864,-0.3627149950210864,-0.3627149950210864,-0.3627149950210864,-0.3627149950210864,-0.3627149950210864,-0.3627149950210864,-0.3627149950210864,-0.3627149950210864,-0.3627149950210864,-0.3627149950210864,-0.3627149950210864,-0.3627149950210864,-0.3627149950210864,-0.3627149950210864,-0.3627149950210864,-0.3627149950210864,-0.3627149950210864,-0.3627149950210864,-0.3627149950210864,-0.3627149950210864,-0.3627149950210864,-0.3627149950210864,-0.3627149950210864,-0.3627149950210864,-0.3627149950210864,-0.3627149950210864,-0.3627149950210864,-0.3627149950210864,-0.3627149950210864,-0.3627149950210864,-0.3627149950210864,-0.3627149950210864,-0.3627149950210864,-0.3627149950210864,-0.3627149950210864,-0.3627149950210864,-0.3627149950210864,12.267522829732505,-0.3627149950210864,-0.3627149950210864,-0.3627149950210864,-0.3627149950210864,-0.3627149950210864,-0.3627149950210864,-0.3627149950210864,-0.3627149950210864,-0.3627149950210864,-0.3627149950210864,-0.3627149950210864,-0.3627149950210864,-0.3627149950210864,-0.3627149950210864,-0.3627149950210864,-0.3627149950210864,-0.3627149950210864,-0.3627149950210864,-0.3627149950210864,-0.3627149950210864,-0.3627149950210864,-0.3627149950210864,-0.3627149950210864,-0.3627149950210864,-0.3627149950210864,-0.3627149950210864,-0.3627149950210864,-0.3627149950210864,-0.3627149950210864,-0.3627149950210864,-0.3627149950210864,13.084958410818498,7.291868311343911
MSM9VZNR,-2.7454675505337622,-2.7454675505337622,-2.7454675505337622,-2.7454675505337622,-2.7454675505337622,4.130750389956322,-2.7454675505337622,-2.7454675505337622,-2.7454675505337622,2.0862065997883192,8.529516184275542,-2.7454675505337622,-2.7454675505337622,-2.7454675505337622,-2.7454675505337622,7.347977865434315,-2.7454675505337622,10.702305801854553,-2.7454675505337622,-2.7454675505337622,-2.7454675505337622,-2.7454675505337622,-2.7454675505337622,-2.7454675505337622,-2.7454675505337622,-2.7454675505337622,-2.7454675505337622,4.801897872460631,-2.7454675505337622,5.167634923787864,6.382175966437374,-2.7454675505337622,2.8787268499274585,-2.7454675505337622,-2.7454675505337622,6.955920231460485,-2.7454675505337622,-2.7454675505337622,-2.7454675505337622,7.010604048284609,5.299231037868731,-2.7454675505337622,-2.7454675505337622,6.457386383230295,5.304382694547904,5.529704031847186,-2.7454675505337622,-2.7454675505337622,-2.7454675505337622,-2.7454675505337622,-2.7454675505337622,8.318362075607602,6.575923375323211,4.822591956677155,-2.7454675505337622,-2.7454675505337622,3.41039968403362,-2.7454675505337622,-2.7454675505337622,-2.7454675505337622,3.9283912613041174,-2.7454675505337622,-2.7454675505337622,-2.7454675505337622,6.805515468490536,-2.7454675505337622,-2.7454675505337622,4.28040169188285,-2.7454675505337622,-2.7454675505337622,-2.7454675505337622,-2.7454675505337622,7.529263885160974,-2.7454675505337622,-2.7454675505337622,3.2962791290573117,-2.7454675505337622,5.287756806143319,-2.7454675505337622,5.971137897994383,-2.7454675505337622,0.24281857056391942,3.94827766670583,-2.7454675505337622,2.1174013068239983,4.2395563562509455,4.1392327259770365
MSM9VZNX,-3.2033910655305977,-3.2033910655305977,-3.2033910655305977,-3.2033910655305977,-3.2033910655305977,3.2490007240181162,-3.2033910655305977,-3.2033910655305977,-3.2033910655305977,1.7904855540005276,7.234579555901927,9.107005989430764,-0.1415049827610524,-3.2033910655305977,-3.2033910655305977,6.045266260528464,-3.2033910655305977,9.103283640917521,-3.2033910655305977,-3.2033910655305977,-3.2033910655305977,-3.2033910655305977,-3.2033910655305977,-3.2033910655305977,-3.2033910655305977,6.103764056462319,-3.2033910655305977,4.308277903266814,-3.2033910655305977,2.422350732334916,4.1325919860374025,-3.2033910655305977,3.1104126135017998,-3.2033910655305977,-3.2033910655305977,7.05335571991685,-3.2033910655305977,-3.2033910655305977,-3.2033910655305977,6.831922779088787,5.089409953904239,-3.2033910655305977,-3.2033910655305977,8.288535663603211,-3.2033910655305977,4.031376453014425,-3.2033910655305977,-3.2033910655305977,-3.2033910655305977,-3.2033910655305977,-3.2033910655305977,6.563066375703827,5.578002695216393,-3.2033910655305977,-3.2033910655305977,-3.2033910655305977,1.5125349745971963,2.758104499527615,-3.2033910655305977,-3.2033910655305977,3.0371179094275638,-3.2033910655305977,3.8662956274083067,-3.2033910655305977,7.35658247801514,-3.2033910655305977,-3.2033910655305977,2.865853961087655,6.770179533588005,2.999475206666597,-3.2033910655305977,-3.2033910655305977,9.167227889497335,-3.2033910655305977,-3.2033910655305977,1.7364152037042935,-3.2033910655305977,5.677775072820984,2.3089603109338377,4.692651176174585,1.2403523391962992,-1.4738232582596247,5.7215082748133606,-3.2033910655305977,0.8010952477609461,2.0241121389421792,2.56123143332864
MSM9VZNZ,-2.8900394536002363,-2.8900394536002363,-2.8900394536002363,-2.8900394536002363,-2.8900394536002363,4.839399772454093,3.2945855723915836,-2.8900394536002363,-2.8900394536002363,-0.26204882671724583,7.0229713352228496,8.407290640617452,-2.8900394536002363,-2.8900394536002363,-2.8900394536002363,5.773257565936885,-2.8900394536002363,9.62739305744982,-2.8900394536002363,-2.8900394536002363,-2.8900394536002363,-2.8900394536002363,-2.8900394536002363,-2.8900394536002363,-2.8900394536002363,6.293937778174292,-2.8900394536002363,4.067795351259216,-2.8900394536002363,-2.8900394536002363,4.3422177427483915,-2.8900394536002363,-0.7235462929261693,-2.8900394536002363,-2.8900394536002363,5.783884408397749,-2.8900394536002363,-2.8900394536002363,-2.8900394536002363,7.469851590116168,4.9426135807669205,-2.8900394536002363,-2.8900394536002363,1.9482065790304954,1.5874227889072419,1.4148519436710671,-2.8900394536002363,-2.8900394536002363,-2.8900394536002363,-2.8900394536002363,-2.8900394536002363,8.06922394849321,5.752562385751469,-2.8900394536002363,-2.8900394536002363,-2.8900394536002363,3.6588861751651702,3.2338312133437306,-2.8900394536002363,-2.8900394536002363,4.858542906932623,-2.8900394536002363,-2.8900394536002363,-2.8900394536002363,8.419444132485408,-2.8900394536002363,-2.8900394536002363,2.151768929536807,6.938910699671854,-2.8900394536002363,-2.8900394536002363,-2.8900394536002363,9.888164330375474,-2.8900394536002363,-2.8900394536002363,1.9167133621079628,-2.8900394536002363,5.912644751643059,4.036674511783539,7.325601415506631,2.6337875321112367,1.1477190180314363,6.059447151477128,1.8593119088112644,-2.8900394536002363,1.661044855756872,3.377885038727193
MSM9VZO2,-2.9505802973526905,-2.9505802973526905,-2.9505802973526905,-2.9505802973526905,-2.9505802973526905,-2.9505802973526905,-2.9505802973526905,-2.9505802973526905,-2.9505802973526905,0.9475400053481344,6.290512094707158,8.631553537591746,-2.9505802973526905,-2.9505802973526905,-2.9505802973526905,5.165374268654363,-2.9505802973526905,10.390854491030858,-2.9505802973526905,-2.9505802973526905,-2.9505802973526905,-2.9505802973526905,-2.9505802973526905,-2.9505802973526905,-2.9505802973526905,5.35279438150014,-2.9505802973526905,5.008322686457581,4.309245608054976,2.2922584016435366,4.903688691833516,-2.9505802973526905,2.94304727543091,2.8871275217093713,-2.9505802973526905,4.853426727991019,-2.9505802973526905,-2.9505802973526905,-2.9505802973526905,7.660986372058426,1.4782221292338846,-2.9505802973526905,-2.9505802973526905,3.4546011820758737,-2.158610083872082,4.22010181022192,-2.9505802973526905,-2.9505802973526905,-2.9505802973526905,-2.9505802973526905,-2.9505802973526905,7.6257765865433225,5.612109349862338,-2.9505802973526905,-2.9505802973526905,-2.9505802973526905,-2.9505802973526905,2.6718707694964134,-2.9505802973526905,-2.9505802973526905,-2.9505802973526905,-2.9505802973526905,-2.9505802973526905,-2.9505802973526905,7.820650715955296,-2.9505802973526905,-2.9505802973526905,2.782025711736379,5.902332163824889,-2.9505802973526905,-2.9505802973526905,-2.9505802973526905,8.288745826005057,-2.9505802973526905,-2.9505802973526905,2.1732069587040144,-2.9505802973526905,5.080677865791962,-0.42697007646405716,6.462061394762313,2.901692571975979,3.954962155963046,5.452635807671762,1.2811296400659895,0.4366271527615666,3.3908934220340408,2.511998616369043
MSM9VZOS,-2.605684393544916,-2.605684393544916,-2.605684393544916,-2.605684393544916,-2.605684393544916,0.5690120518129387,3.3742761228175926,-2.605684393544916,-2.605684393544916,-2.605684393544916,-2.605684393544916,10.462955859954382,-2.605684393544916,-2.605684393544916,-2.605684393544916,-2.605684393544916,-2.605684393544916,2.300178460530958,-2.605684393544916,-2.605684393544916,-2.605684393544916,-2.605684393544916,-2.605684393544916,-2.605684393544916,-2.605684393544916,-2.605684393544916,0.7479897450448441,3.927291262549396,5.30732243863304,-2.605684393544916,6.533852104285348,1.5840945909695652,7.070516235447987,5.164277893802434,-2.605684393544916,3.5410829760758435,-2.605684393544916,-2.605684393544916,-2.605684393544916,-2.605684393544916,-2.605684393544916,-2.605684393544916,-2.605684393544916,5.625385152710811,-2.605684393544916,-2.605684393544916,5.434761069146373,-2.605684393544916,-2.605684393544916,-2.605684393544916,-2.605684393544916,9.452406817785079,6.298350360794229,5.133183971235768,1.7306409319492158,2.4621652270188363,2.6852302248771327,-2.605684393544916,-2.605684393544916,-2.605684393544916,0.5244808568199026,-2.605684393544916,4.152052067547089,-2.605684393544916,-2.605684393544916,-2.605684393544916,-2.605684393544916,-2.605684393544916,-2.605684393544916,-2.605684393544916,-2.605684393544916,-2.605684393544916,9.739909251245011,-2.605684393544916,-2.605684393544916,-2.605684393544916,-2.605684393544916,5.068081402604351,4.219562296807971,5.3475989481336645,1.2498917444285738,-2.605684393544916,8.383244556411867,4.150356042856637,4.1819812173309785,2.392919272812474,5.534350232293581
MSM9VZOU,-2.4768748040619872,-2.4768748040619872,-2.4768748040619872,-2.4768748040619872,-2.4768748040619872,3.2398779668612487,-2.4768748040619872,-2.4768748040619872,-2.4768748040619872,2.851111588967777,-2.4768748040619872,10.44778626741511,-2.4768748040619872,-2.4768748040619872,-2.4768748040619872,-2.4768748040619872,2.2591304539781536,1.6979910565008733,-2.4768748040619872,-2.4768748040619872,-2.4768748040619872,-2.4768748040619872,-2.4768748040619872,-2.4768748040619872,-2.4768748040619872,-2.4768748040619872,-2.4768748040619872,3.7736350657722575,4.483593553820264,-2.4768748040619872,5.974264511629261,-2.4768748040619872,-2.4768748040619872,4.3195745923346545,-2.4768748040619872,3.5241995138149376,-2.4768748040619872,-2.4768748040619872,-2.4768748040619872,6.309362440881446,-2.4768748040619872,-2.4768748040619872,4.87261089647307,5.0014907472332535,-2.4768748040619872,-2.4768748040619872,5.445174629323293,-2.4768748040619872,-2.4768748040619872,-2.4768748040619872,-2.4768748040619872,10.156247852116648,5.179183770523147,4.3550662958769495,1.2691745813883273,2.319397792250875,-2.4768748040619872,-2.4768748040619872,5.702098820089469,-2.4768748040619872,-2.4768748040619872,-2.4768748040619872,-2.4768748040619872,-2.4768748040619872,-2.4768748040619872,-2.4768748040619872,-2.4768748040619872,-2.4768748040619872,-2.4768748040619872,-2.4768748040619872,-2.4768748040619872,-2.4768748040619872,9.24979340687395,-2.4768748040619872,-2.4768748040619872,-2.4768748040619872,-2.4768748040619872,6.297499745622763,0.5632144756204127,4.97134731718977,2.202646783856082,-2.4768748040619872,8.904150753902755,4.361796059741383,5.864978561260686,3.687248878282457,7.215337326863222
MSM9VZOW,-2.6212000615202804,-2.6212000615202804,-2.6212000615202804,-2.6212000615202804,-2.6212000615202804,1.228761048092439,1.6760863368873746,-2.6212000615202804,-2.6212000615202804,-2.6212000615202804,-2.6212000615202804,10.708204590629645,-2.6212000615202804,-2.6212000615202804,-2.6212000615202804,-2.6212000615202804,-2.6212000615202804,-2.6212000615202804,-2.6212000615202804,-2.6212000615202804,-2.6212000615202804,-2.6212000615202804,-2.6212000615202804,-2.6212000615202804,-2.6212000615202804,-2.6212000615202804,0.8271321914191834,3.6194359585560774,3.0010887649248534,3.4966458232289037,6.6421183538578985,2.0369271290308504,7.2626155946081115,3.202326784924324,-2.6212000615202804,3.312511536167138,-2.6212000615202804,-2.6212000615202804,-2.6212000615202804,-2.6212000615202804,-2.6212000615202804,-2.6212000615202804,-2.6212000615202804,5.459916985625272,-2.6212000615202804,-2.6212000615202804,6.542966440658591,-2.6212000615202804,-2.6212000615202804,-2.6212000615202804,-2.6212000615202804,9.580241778260447,5.095255857268018,4.822002252779146,3.8217689197146063,3.8173534464560888,-2.6212000615202804,-2.6212000615202804,-2.6212000615202804,-2.6212000615202804,-0.045799654373315235,-2.6212000615202804,4.209948686905392,-2.6212000615202804,-2.6212000615202804,-2.6212000615202804,-2.6212000615202804,2.3061663442587115,-2.6212000615202804,3.4721900426061127,-2.6212000615202804,-2.6212000615202804,8.117443818314992,-2.6212000615202804,-2.6212000615202804,-2.6212000615202804,-2.6212000615202804,4.727217899343756,2.917619877178664,4.667793331216013,1.1287713299608768,1.3217219548298136,8.65402277454399,4.274592132466672,4.020299369228157,1.2774009090606135,4.7473638803996465
MSM9VZOY,-2.9221997365316863,-2.9221997365316863,-2.9221997365316863,-2.9221997365316863,-2.9221997365316863,3.510079925859274,1.800061031778112,-2.9221997365316863,-2.9221997365316863,0.8829277250045102,-2.9221997365316863,9.507885019121673,-2.9221997365316863,-2.9221997365316863,-2.9221997365316863,-2.9221997365316863,-2.9221997365316863,-2.9221997365316863,-2.9221997365316863,-2.9221997365316863,-2.9221997365316863,-2.9221997365316863,-2.9221997365316863,-2.9221997365316863,-2.9221997365316863,-2.9221997365316863,-2.9221997365316863,0.901080346702722,2.594629609536968,3.483920263504781,3.9697861314319427,-2.9221997365316863,-2.9221997365316863,1.6587494309868287,-2.9221997365316863,2.0793066083827494,-2.9221997365316863,-2.9221997365316863,-2.9221997365316863,5.700462666820046,1.8749714107125275,-2.9221997365316863,1.8825842450769006,4.88051865355243,3.0875644839205627,6.611532249644165,6.368524814334126,-2.9221997365316863,7.764542695080255,-2.9221997365316863,-2.9221997365316863,9.740934712873305,4.683123780745876,3.296069075635554,1.6211598937602485,2.8960955115246465,2.4048982328139026,1.8368952991535235,4.970745420910584,-2.9221997365316863,2.6610083252940804,-2.9221997365316863,-2.9221997365316863,-2.9221997365316863,-2.9221997365316863,-2.9221997365316863,-2.9221997365316863,2.218642339128829,-2.9221997365316863,4.1884941497294985,-2.9221997365316863,1.73970633026026,8.470373507032214,-2.9221997365316863,-2.9221997365316863,-2.9221997365316863,-2.9221997365316863,3.7609815905524453,3.23760398849414,5.001423114395192,-2.9221997365316863,-2.9221997365316863,9.511423073679627,1.4941300751127518,1.4085546200632457,0.864439483872891,2.522641293557843
MSM9VZP1,-2.64102047845077,-2.64102047845077,-2.64102047845077,-0.15501626243444555,-2.64102047845077,2.6529683641635433,1.8165350490389702,-2.64102047845077,-0.6862497249727948,1.5886658576646457,-2.64102047845077,10.3269654391723,-2.64102047845077,-2.64102047845077,-2.64102047845077,-2.64102047845077,2.028870340628629,2.6391743178401903,-2.64102047845077,-2.64102047845077,-2.64102047845077,-2.64102047845077,-2.64102047845077,-2.64102047845077,-2.64102047845077,-2.64102047845077,1.0971623934754149,2.1124112528368233,3.70505430218427,-2.64102047845077,5.5760537985505225,-2.64102047845077,6.111674330467808,3.9349822383077058,-2.64102047845077,0.1900762872419115,-2.64102047845077,-2.64102047845077,-2.64102047845077,2.7215925628554434,-2.64102047845077,-2.64102047845077,-2.64102047845077,4.800839817678848,0.3695177010681423,-2.64102047845077,5.686413549463646,-2.64102047845077,1.3562490896344386,-2.64102047845077,-2.64102047845077,9.422824925569884,5.082240359872113,3.1878768993252153,0.664765469117194,1.9439143189408714,2.4235768562256403,-2.64102047845077,6.024957435372532,-2.64102047845077,2.0614799844652048,-2.64102047845077,3.1288093817595115,-2.64102047845077,-2.64102047845077,-2.64102047845077,-2.64102047845077,2.576003151679968,-2.64102047845077,-2.64102047845077,-2.64102047845077,-2.64102047845077,10.078058414575363,-2.64102047845077,-2.64102047845077,-2.64102047845077,-2.64102047845077,3.887998838470131,1.7673288955000253,4.946681944252008,-2.64102047845077,-2.64102047845077,7.631798717768879,3.8695319104429666,3.610149739095033,0.21942159226059488,4.468337380045112
MSM9VZP3,-2.596681818530179,-2.596681818530179,-2.596681818530179,-2.596681818530179,-2.596681818530179,2.58161848472146,-2.596681818530179,-2.596681818530179,-2.596681818530179,-2.596681818530179,-2.596681818530179,10.665838128373913,-2.596681818530179,-2.596681818530179,-2.596681818530179,-2.596681818530179,-2.596681818530179,2.329091288107623,-2.596681818530179,-2.596681818530179,-2.596681818530179,-2.596681818530179,-2.596681818530179,-2.596681818530179,-2.596681818530179,-2.596681818530179,1.928737871191748,3.135731214175472,3.798588104949938,-2.596681818530179,5.586914017539733,-2.596681818530179,6.006925402317245,3.568133946066796,-2.596681818530179,1.0411165792723551,-2.596681818530179,-2.596681818530179,-2.596681818530179,-2.596681818530179,-2.596681818530179,-2.596681818530179,-2.596681818530179,5.683780579299682,-2.596681818530179,-2.596681818530179,6.17032979994426,-2.596681818530179,-2.596681818530179,-2.596681818530179,-2.596681818530179,9.053638145408648,5.9158981528591,6.295700373685897,2.1311931651609495,3.566398851398568,2.8602956773363886,-2.596681818530179,7.220146217098507,-2.596681818530179,1.165896558452033,-2.596681818530179,3.971234200907901,-2.596681818530179,-2.596681818530179,-2.596681818530179,-2.596681818530179,2.448809177305032,-2.596681818530179,-2.596681818530179,-2.596681818530179,-2.596681818530179,9.754960022031456,-2.596681818530179,-2.596681818530179,-2.596681818530179,-2.596681818530179,4.99887290651806,3.9263657035642225,5.311178446004626,-2.596681818530179,-0.8854443695834462,6.64451404569586,4.313658885030083,3.922115997303327,3.6978196604245097,4.657282334267143
MSMA267V,2.231804911089088,3.9305870684987747,4.043951499084895,5.051737212939834,4.4091505708739795,2.1495192310638496,-5.208793808067325,4.1299925666863615,1.3961973169506319,3.6398802805299066,-5.208793808067325,-5.208793808067325,5.449433815604009,4.138295513946515,5.105792838985648,3.127094646837844,4.238944731033353,4.594656041030797,1.8505738928604414,4.332474404144884,3.641307096357534,-5.208793808067325,3.20566845769833,-5.208793808067325,-5.208793808067325,1.1804975789881276,-5.208793808067325,-5.208793808067325,-5.208793808067325,-1.8528289877844468,-5.208793808067325,-5.208793808067325,-5.208793808067325,-5.208793808067325,1.999038730767464,-5.208793808067325,3.0748245442725253,0.25047457898587844,2.7606821583205043,-5.208793808067325,3.0634822419623795,5.582471410395836,-5.208793808067325,-5.208793808067325,-5.208793808067325,2.6619761542151625,2.854198699924172,3.15543163218498,3.669634983587005,7.4726628899434,2.1814503573819595,6.884651553348701,-0.8993514957597686,0.6784984729089869,-5.208793808067325,-5.208793808067325,-5.208793808067325,-5.208793808067325,3.169540595718887,-5.208793808067325,1.2271392987720304,1.7308178806256667,2.3929532375159965,3.73491776493794,3.485507772425394,0.8613571970616078,3.7141553542901553,3.4964767542435586,1.8299260620405304,-5.208793808067325,-5.208793808067325,2.5051689192624593,4.818235270551218,3.2198941759192365,3.009694630683537,0.9636091383023953,3.9309583531153187,-5.208793808067325,3.349344943786692,4.0348337728664685,-5.208793808067325,-1.0311717696533123,5.869585933614693,-5.208793808067325,-5.208793808067325,-5.208793808067325,-1.4796102410936367
MSMA267X,2.0876189438992867,4.400674935743441,3.1232038011134104,5.349777526486206,4.77972374635335,1.5147607581687605,-4.991722571665219,4.559898294569702,3.8254802973065685,5.300050751411633,-4.991722571665219,-4.991722571665219,5.995883302036015,5.0881578711624,5.8889817374036415,4.340215264224308,4.255794220284801,4.851282921912841,2.144955744136931,4.361395239269903,0.9781895007085701,-4.991722571665219,2.0691614516758507,-4.991722571665219,-4.991722571665219,1.9319735385784789,-0.38722448503216356,-4.991722571665219,-4.991722571665219,-3.0238661486670697,-4.991722571665219,-4.991722571665219,-4.991722571665219,-4.991722571665219,1.580427715130341,-4.991722571665219,1.8184897837332992,2.151432890130331,3.0051569054338563,-4.991722571665219,1.6424884320714108,5.192425320770457,-4.991722571665219,-4.991722571665219,0.23219264968145126,3.8087934402041395,1.9932786554409283,3.025437239304817,2.6983745829186034,7.926642241841083,-4.991722571665219,6.236834215987922,-0.55510654899477,-4.991722571665219,-4.991722571665219,-4.991722571665219,-4.991722571665219,-4.991722571665219,3.887021425106548,-4.991722571665219,1.5766635570901535,1.7107264104033515,1.9431456944541123,4.626300693296028,3.679525742485634,1.5987314963679617,4.155510330108637,4.180281750139111,2.5021574699855,-4.991722571665219,-4.991722571665219,1.4155468275180931,3.014416079733145,-0.10598445550506419,4.465856968595192,-0.1832880689058669,3.010827550464544,-4.991722571665219,2.681860580451424,3.608794826503142,-4.991722571665219,-1.2106417541308634,6.061868295455158,-4.991722571665219,-4.991722571665219,-4.991722571665219,-4.991722571665219
MSMA2684,-4.338828093209678,3.2508450626090806,3.262987350155095,4.538414554032025,3.6564170240719145,1.8128182488101157,-4.338828093209678,3.633255098578683,2.8246456815203613,5.354454489952614,-4.338828093209678,-4.338828093209678,6.719848045495649,3.404535582206817,6.644843259358478,3.8460579853388923,6.7443792137328975,5.903096161140525,2.1618143469344924,4.0594194754471165,3.2362207193277266,-4.338828093209678,5.204578644948854,-4.338828093209678,-4.338828093209678,2.5205790777649106,-4.338828093209678,-4.338828093209678,-4.338828093209678,-4.338828093209678,-4.338828093209678,-4.338828093209678,-4.338828093209678,-4.338828093209678,3.0703698021319337,-4.338828093209678,3.1148198191311405,-0.21857983699826633,3.553150547048321,-4.338828093209678,2.8804496690550483,-4.338828093209678,-4.338828093209678,0.37125358176876766,-4.338828093209678,5.039739733825764,1.0931113271259036,-1.2160760238916684,2.9794859966902756,8.337361974070179,1.0194968417937798,8.246014619070852,-0.593645597313138,-4.338828093209678,-4.338828093209678,-4.338828093209678,-4.338828093209678,-4.338828093209678,1.1981875151668664,-4.338828093209678,1.485114562042913,1.6119579360889116,1.8695958499766272,3.9482157018582544,4.462027316754262,1.2588238185705212,5.310777358762769,-4.338828093209678,2.6074621533761366,-4.338828093209678,-4.338828093209678,3.5548502591372424,1.2789523920036157,-0.8536121200174414,2.600361986335499,1.9821046177106387,4.4853768841864055,-4.338828093209678,3.196205773573608,2.6595380656782632,-4.338828093209678,-4.338828093209678,5.984059261863489,-4.338828093209678,-4.338828093209678,-4.338828093209678,-4.338828093209678
MSMA2688,-3.9936095682878907,4.04499116790902,4.892433400053938,2.8959743998504575,4.0230248584817225,0.9203054992147095,-3.9936095682878907,7.135879284812329,-3.9936095682878907,5.419359419679841,1.162896815655385,-3.9936095682878907,5.304916186650061,5.89566086393408,4.1896496646247225,4.42557134508778,5.461777758820338,4.298915797832002,-0.40387262195154605,6.083556118660305,-3.9936095682878907,3.2228672482462395,-3.9936095682878907,4.571034654898087,-0.9495925241592289,-3.9936095682878907,-0.4249733186105811,-3.9936095682878907,-3.9936095682878907,0.33553266797913217,0.5419462342688188,-3.9936095682878907,-3.9936095682878907,-3.9936095682878907,2.6282013715067496,-3.9936095682878907,3.3638471238153267,3.0355221645796764,1.7963173409281943,-3.9936095682878907,0.7207371315617372,1.8002747970186697,1.1261199213427915,9.374229686513448,-3.9936095682878907,0.7178266413097543,0.7178266413097543,-3.9936095682878907,6.094243279247159,4.0616952530095505,-0.9809668411156292,6.528805056436066,-3.9936095682878907,-3.9936095682878907,2.7157249084527084,-3.9936095682878907,-3.9936095682878907,-3.9936095682878907,-3.9936095682878907,2.3650136245106017,-3.9936095682878907,-1.9666335907829406,-3.9936095682878907,-3.9936095682878907,-3.9936095682878907,6.426070931951832,5.980169707101684,-3.9936095682878907,-3.9936095682878907,3.597326215381324,-3.9936095682878907,-3.9936095682878907,1.6141447961683788,0.02589795928703431,2.40067094213122,-1.9809697447117536,6.001646848244102,-3.9936095682878907,2.2692590353908457,4.304903798504634,-3.9936095682878907,-3.9936095682878907,5.5471455806276975,-3.9936095682878907,-3.9936095682878907,-3.9936095682878907,-1.5159687413101235
MSMA26AV,-4.329520284470307,-4.329520284470307,4.953930120424192,6.544236865554524,-4.329520284470307,4.818549579088017,1.4711098543807353,6.3525653465554175,5.263702787244866,4.550962357529538,-4.329520284470307,-4.329520284470307,6.952330205839916,4.640310779597114,-4.329520284470307,-4.329520284470307,7.198849388708423,7.335005760758879,0.6408095610950273,-4.329520284470307,-4.329520284470307,-4.329520284470307,4.0841327465780735,-4.329520284470307,-4.329520284470307,4.649617973848026,-4.329520284470307,-4.329520284470307,-4.329520284470307,2.4248760072331947,2.9871340458291353,1.977149871871081,-4.329520284470307,2.2292523049668596,-4.329520284470307,0.3687102096370882,4.554655579489884,-4.329520284470307,3.979039601601775,-4.329520284470307,-4.329520284470307,-4.329520284470307,1.3140797334574614,-4.329520284470307,-4.329520284470307,6.75990577649651,2.487505060740161,-4.329520284470307,4.885567300102499,-4.329520284470307,-4.329520284470307,8.377242182242508,2.816120592536124,3.078678524027845,1.2919078750113275,2.000943749861774,-4.329520284470307,3.8953160246390075,1.7236287320486534,0.8725361202403583,4.978247462535534,3.567046099688497,-4.329520284470307,-4.329520284470307,5.312004234250601,3.5456645868642314,4.665359963379486,-4.329520284470307,4.62358855859394,-4.329520284470307,-4.329520284470307,-4.329520284470307,5.032829509291093,-4.329520284470307,-4.329520284470307,-4.329520284470307,-4.329520284470307,2.732254053155489,4.727524638568092,5.557738584435148,0.6027397681372815,-0.5745192308385132,4.661801638079704,-4.329520284470307,-4.329520284470307,-4.329520284470307,0.8742117724953467
MSMA26AX,-3.6892077102066008,-3.6892077102066008,5.753101877934532,6.474813689023963,-3.6892077102066008,3.109218342271409,-3.6892077102066008,6.0937850180438105,5.438613096376975,5.071073509026971,-3.6892077102066008,-3.6892077102066008,7.553317855696125,6.8709623176332,-3.6892077102066008,-3.6892077102066008,7.9017343408678435,8.742334837043007,2.763492406147928,-3.6892077102066008,-3.6892077102066008,-3.6892077102066008,5.012897175046274,-3.6892077102066008,-3.6892077102066008,4.0287779624339795,-3.6892077102066008,-3.6892077102066008,1.9935346120294835,-3.6892077102066008,2.514164175085199,-3.6892077102066008,-3.6892077102066008,1.9164493129850246,-3.6892077102066008,1.2785983438385653,3.7211246123038784,-3.6892077102066008,3.9020887713723864,-3.6892077102066008,-3.6892077102066008,-3.6892077102066008,-3.6892077102066008,-3.6892077102066008,-3.6892077102066008,5.708445915750726,-3.6892077102066008,-3.6892077102066008,4.650035192101861,-3.6892077102066008,-3.6892077102066008,8.547390102380628,3.7096979816422726,1.0494894724430441,-3.6892077102066008,2.0311108574317274,-3.6892077102066008,3.3687530408356077,-3.6892077102066008,-3.6892077102066008,3.9632501978647268,3.8746418526031947,5.921108768424333,-3.6892077102066008,5.999202442122759,4.126570335257653,5.500137482012118,3.6234235588125445,3.667009989745651,2.430967259013155,-3.6892077102066008,-3.6892077102066008,8.05205716223038,-3.6892077102066008,-3.6892077102066008,-3.6892077102066008,-3.6892077102066008,3.2768503979345915,4.294353521390968,3.5991478183250036,-3.6892077102066008,-3.6892077102066008,3.3390178085047006,-3.6892077102066008,-3.6892077102066008,-3.6892077102066008,-3.6892077102066008
MSMA26AZ,-3.9076734020115005,-3.9076734020115005,5.382416464087109,7.166503481217007,-3.9076734020115005,3.109433832625342,-3.9076734020115005,6.680946889455022,5.208327047531149,5.943055337501924,-3.9076734020115005,-3.9076734020115005,7.940326011980307,6.474346296070027,-3.9076734020115005,-3.9076734020115005,7.010690326891323,8.533714083798914,2.1415239361103495,-3.9076734020115005,-3.9076734020115005,-3.9076734020115005,2.5301107578806477,-3.9076734020115005,-3.9076734020115005,3.8970032601485673,-3.9076734020115005,-3.9076734020115005,-3.9076734020115005,-3.9076734020115005,2.1296717700261834,0.5825498161146356,-3.9076734020115005,2.0101479010163636,-3.9076734020115005,-0.42372232988225633,3.394215833910067,-3.9076734020115005,3.1554894975786985,-3.9076734020115005,-3.9076734020115005,-3.9076734020115005,-3.9076734020115005,-3.9076734020115005,-3.9076734020115005,5.057795701324827,1.1537833874653032,-3.9076734020115005,2.4929083729399446,-3.9076734020115005,-3.9076734020115005,8.363493003047376,4.181524006365746,2.2937899627451745,-3.9076734020115005,0.24599242997617665,-3.9076734020115005,1.9690038130397935,-3.9076734020115005,-3.9076734020115005,3.34535975735729,4.17203686937558,4.966442408332022,-3.9076734020115005,3.6679079539665365,4.281445721873199,5.1723702444912645,-3.9076734020115005,3.9571197561001057,1.6276983768317308,-3.9076734020115005,-3.9076734020115005,7.0785232383832035,-3.9076734020115005,-3.9076734020115005,-1.4223559603964304,-3.9076734020115005,3.199934381077422,3.902597665546849,3.892296352510029,-3.9076734020115005,-3.9076734020115005,3.8683381151576954,-2.0199429468071965,0.08295004042150111,1.1992224091183932,2.0302364540487874
MSMA26AZ_TR,-3.736488746859841,-3.736488746859841,5.919782846984213,7.579672760262211,-3.736488746859841,2.74583629035307,-3.736488746859841,6.823222953776265,5.452240652997151,4.930795939534769,-3.736488746859841,-3.736488746859841,7.960017125232356,6.5359797331334235,-3.736488746859841,-3.736488746859841,7.6970668468267815,8.545687273650783,1.9019117727629187,-3.736488746859841,-3.736488746859841,-3.736488746859841,2.1639521437723763,-3.736488746859841,-3.736488746859841,4.107195791276346,-3.736488746859841,-3.736488746859841,0.6684542577803168,-3.736488746859841,1.4551791577888782,-0.11915499922710104,-3.736488746859841,1.7846632155700703,-3.736488746859841,-3.736488746859841,3.5104421491405713,-3.736488746859841,3.136993436850692,-3.736488746859841,-3.736488746859841,-3.736488746859841,2.345678949391549,-3.736488746859841,-3.736488746859841,5.314913481841384,-3.736488746859841,-3.736488746859841,2.0701308516348114,-3.736488746859841,-3.736488746859841,8.656812224394997,4.463293640232471,2.059141417031819,-3.736488746859841,-0.038467493135703634,1.305222276953243,1.797106145955233,-3.736488746859841,-3.736488746859841,1.9108518767282572,4.532678526014454,3.3236077222143248,-3.736488746859841,5.515228246825861,4.284371038256999,5.395923387781603,-3.736488746859841,4.308194634804226,-3.736488746859841,-3.736488746859841,-3.736488746859841,7.124595210357409,-3.736488746859841,3.4930338887984416,-3.736488746859841,-3.736488746859841,3.19463395948254,3.130075102592963,3.2641466579751137,-3.736488746859841,-3.736488746859841,4.166454954135438,-3.736488746859841,-3.736488746859841,-0.5876850539989906,2.6265442692333103
MSMA26EH,-1.5953367306268742,-1.5953367306268742,-1.5953367306268742,-1.5953367306268742,-1.5953367306268742,-1.5953367306268742,-1.5953367306268742,-1.5953367306268742,-1.5953367306268742,4.322401256806959,-1.5953367306268742,-1.5953367306268742,-1.5953367306268742,-1.5953367306268742,-1.5953367306268742,-1.5953367306268742,-1.5953367306268742,-1.5953367306268742,-1.5953367306268742,-1.5953367306268742,-1.5953367306268742,-1.5953367306268742,-1.5953367306268742,-1.5953367306268742,-1.5953367306268742,-1.5953367306268742,-1.5953367306268742,-1.5953367306268742,-1.5953367306268742,-1.5953367306268742,-1.5953367306268742,-1.5953367306268742,-1.5953367306268742,-1.5953367306268742,-1.5953367306268742,9.875330330023802,-1.5953367306268742,-1.5953367306268742,-1.5953367306268742,-1.5953367306268742,-1.5953367306268742,-1.5953367306268742,-1.5953367306268742,10.420554331790635,9.043056438099478,-1.5953367306268742,-1.5953367306268742,-1.5953367306268742,-1.5953367306268742,-1.5953367306268742,-1.5953367306268742,6.8371487435135245,-1.5953367306268742,8.209022700289292,-1.5953367306268742,-1.5953367306268742,-1.5953367306268742,6.7259321267049215,-1.5953367306268742,-1.5953367306268742,-1.5953367306268742,-1.5953367306268742,-1.5953367306268742,-1.5953367306268742,-1.5953367306268742,-1.5953367306268742,-1.5953367306268742,-1.5953367306268742,-1.5953367306268742,-1.5953367306268742,-1.5953367306268742,-1.5953367306268742,-1.5953367306268742,-1.5953367306268742,-1.5953367306268742,-1.5953367306268742,-1.5953367306268742,10.791947741497513,-1.5953367306268742,9.09995239121801,-1.5953367306268742,-1.5953367306268742,7.51794460580282,8.163813162946475,9.7662785941588,5.558982133670424,10.89489145740619
MSMA26EJ,-2.221589097846566,-2.221589097846566,-2.221589097846566,-2.221589097846566,-2.221589097846566,-2.221589097846566,-2.221589097846566,-2.221589097846566,-2.221589097846566,0.5340215826732315,-2.221589097846566,-2.221589097846566,-2.221589097846566,-2.221589097846566,-2.221589097846566,-2.221589097846566,-2.221589097846566,1.9813398330867305,-2.221589097846566,-2.221589097846566,-2.221589097846566,-2.221589097846566,-2.221589097846566,-2.221589097846566,-2.221589097846566,-2.221589097846566,-2.221589097846566,6.8939067251644515,-2.221589097846566,5.491372585698879,7.738684565390555,-2.221589097846566,-2.221589097846566,5.96530324278392,-2.221589097846566,5.979150673533137,-2.221589097846566,-2.221589097846566,-2.221589097846566,-2.221589097846566,-2.221589097846566,-2.221589097846566,2.8486314721826957,-2.221589097846566,4.892916029007743,9.343179462606146,-2.221589097846566,-2.221589097846566,0.5266208012275975,-2.221589097846566,-2.221589097846566,10.34047533349326,-2.221589097846566,5.942615149289542,-2.221589097846566,-2.221589097846566,-2.221589097846566,3.3806151448809807,-2.221589097846566,-2.221589097846566,0.7155791006695935,-2.221589097846566,7.971750396815947,-2.221589097846566,-2.221589097846566,-2.221589097846566,-2.221589097846566,-2.221589097846566,-2.221589097846566,-2.221589097846566,-2.221589097846566,-2.221589097846566,10.72420518687832,8.701311875523082,-2.221589097846566,-2.221589097846566,-2.221589097846566,7.899186207235294,1.2611605161905395,6.376886338315787,-2.221589097846566,-2.221589097846566,3.698685013989323,4.298456961505448,5.288788893225356,3.722073419319054,6.212494762331272
MSMA26EL,-0.310781105944665,-3.4660488674728125,-3.4660488674728125,2.7531327011800775,-3.4660488674728125,1.46284428080312,-3.4660488674728125,-3.4660488674728125,-3.4660488674728125,-3.4660488674728125,-3.4660488674728125,-3.4660488674728125,-3.4660488674728125,-3.4660488674728125,-3.4660488674728125,-3.4660488674728125,3.8030468771642694,4.491138425404783,-3.4660488674728125,-3.4660488674728125,-3.4660488674728125,-3.4660488674728125,-3.4660488674728125,-3.4660488674728125,-3.4660488674728125,-3.4660488674728125,2.292506802985189,4.9860490008767835,1.8031611056593917,4.141285703786183,5.439933311344834,2.782433791476235,-3.4660488674728125,4.03104673927359,-3.4660488674728125,4.132094310642879,-3.4660488674728125,5.874837159215751,3.2389753843370954,-3.4660488674728125,5.498906122331721,-3.4660488674728125,-3.4660488674728125,4.117404349309407,4.3412115510636795,8.297091329067985,-3.4660488674728125,-3.4660488674728125,3.735483158721639,-3.4660488674728125,-3.4660488674728125,9.400530816456223,6.734031697885978,7.618270822357639,-3.4660488674728125,-3.4660488674728125,-3.4660488674728125,-3.4660488674728125,-3.4660488674728125,-3.4660488674728125,2.543474282487975,-3.4660488674728125,5.845170505723984,-3.4660488674728125,-3.4660488674728125,-3.4660488674728125,-3.4660488674728125,-3.4660488674728125,-3.4660488674728125,3.058602303948219,-3.4660488674728125,-3.4660488674728125,8.593598600465812,7.337080407308723,-3.4660488674728125,-3.4660488674728125,-3.4660488674728125,6.444238123667621,4.170858201165711,7.133443390838715,2.434028033773779,3.0770445650578786,3.7328847542694943,5.122536592935566,5.4382266938043475,3.5040579169613864,6.576004368495919
MSMA26EN,-3.1705859065224935,-3.1705859065224935,-3.1705859065224935,-3.1705859065224935,-3.1705859065224935,3.2716542188397533,2.9529325225100047,-3.1705859065224935,-3.1705859065224935,-3.1705859065224935,-3.1705859065224935,-3.1705859065224935,-3.1705859065224935,-3.1705859065224935,-3.1705859065224935,-3.1705859065224935,-3.1705859065224935,-3.1705859065224935,-3.1705859065224935,-3.1705859065224935,-3.1705859065224935,-3.1705859065224935,-3.1705859065224935,-3.1705859065224935,-3.1705859065224935,-3.1705859065224935,-3.1705859065224935,5.119459799019848,4.260315631351166,3.1451533638176192,6.928757985429888,3.4767151947663972,-3.1705859065224935,5.320245398226582,-3.1705859065224935,5.076882868408033,-3.1705859065224935,5.971935959184691,4.072307779762657,-3.1705859065224935,5.138368493793181,-3.1705859065224935,-3.1705859065224935,3.5616136183882556,3.9145572683195056,7.903008060012702,-3.1705859065224935,-3.1705859065224935,5.761078575890472,-3.1705859065224935,7.652391392301194,10.111109615528596,8.254078949585384,5.460709156414862,-3.1705859065224935,-3.1705859065224935,-3.1705859065224935,-3.1705859065224935,-3.1705859065224935,-3.1705859065224935,2.6188298040224076,-3.1705859065224935,5.131720496194655,-3.1705859065224935,-3.1705859065224935,-3.1705859065224935,-3.1705859065224935,-3.1705859065224935,-3.1705859065224935,2.635158415935429,-3.1705859065224935,-3.1705859065224935,7.7908068826178845,7.578076117554079,-3.1705859065224935,0.5364248730213959,-3.1705859065224935,5.423430749304596,5.161169951313887,5.8817049093756255,1.3186302204192035,2.9813132705904293,2.224644991664471,4.030830829440923,3.7353962967713024,3.725395864234545,4.718537891338237
MSMA26EP,-0.698819771537341,-0.698819771537341,-0.698819771537341,-0.698819771537341,-0.698819771537341,-0.698819771537341,-0.698819771537341,-0.698819771537341,-0.698819771537341,7.895723514227406,-0.698819771537341,-0.698819771537341,-0.698819771537341,-0.698819771537341,-0.698819771537341,-0.698819771537341,-0.698819771537341,-0.698819771537341,-0.698819771537341,-0.698819771537341,-0.698819771537341,-0.698819771537341,-0.698819771537341,-0.698819771537341,-0.698819771537341,-0.698819771537341,-0.698819771537341,-0.698819771537341,-0.698819771537341,-0.698819771537341,-0.698819771537341,-0.698819771537341,-0.698819771537341,-0.698819771537341,-0.698819771537341,-0.698819771537341,-0.698819771537341,-0.698819771537341,-0.698819771537341,-0.698819771537341,-0.698819771537341,-0.698819771537341,-0.698819771537341,12.353672507832355,-0.698819771537341,-0.698819771537341,-0.698819771537341,-0.698819771537341,-0.698819771537341,-0.698819771537341,-0.698819771537341,7.811792051056232,-0.698819771537341,-0.698819771537341,-0.698819771537341,-0.698819771537341,-0.698819771537341,-0.698819771537341,-0.698819771537341,-0.698819771537341,-0.698819771537341,-0.698819771537341,-0.698819771537341,-0.698819771537341,-0.698819771537341,-0.698819771537341,-0.698819771537341,-0.698819771537341,-0.698819771537341,-0.698819771537341,-0.698819771537341,-0.698819771537341,-0.698819771537341,-0.698819771537341,-0.698819771537341,-0.698819771537341,-0.698819771537341,-0.698819771537341,-0.698819771537341,-0.698819771537341,-0.698819771537341,-0.698819771537341,-0.698819771537341,9.673196680986194,10.910350474992175,-0.698819771537341,12.152584894651593
MSMA26ER,1.8660685971178177,-4.781976781691256,2.2871156374296255,-4.781976781691256,-4.781976781691256,1.5292212173411013,-4.781976781691256,5.31717621411948,-4.781976781691256,5.5275149251262725,0.8513323412908562,-4.781976781691256,6.290262786799296,3.259187031410076,4.109980007877467,4.606440351457832,5.834137454518276,4.9059408764154355,-4.781976781691256,-1.581242531808325,-4.781976781691256,-4.781976781691256,-4.781976781691256,3.4485648126134905,-4.781976781691256,-4.781976781691256,-4.781976781691256,-4.781976781691256,-4.781976781691256,5.460227490966198,-4.781976781691256,-4.781976781691256,-4.781976781691256,-4.781976781691256,-4.781976781691256,-4.781976781691256,3.974576747855645,3.7284224200082132,3.5635685936828816,-4.781976781691256,3.396266265700194,3.4311227099108947,3.4240127394257422,7.14995928388991,-4.781976781691256,5.617992376110601,3.8240402085927645,1.2919603424995358,5.535795343960302,5.93120999666904,-1.3429637811987298,5.649820423891342,-4.781976781691256,-4.781976781691256,-4.781976781691256,-4.781976781691256,3.2584470773076015,-0.5263237585114346,-4.781976781691256,-4.781976781691256,-4.781976781691256,-4.781976781691256,5.497552495918356,4.3794768057653,-4.781976781691256,6.1902190113757865,4.63361227555756,-4.781976781691256,-4.781976781691256,4.919283731781728,0.408975485993194,-4.781976781691256,2.4032820361827554,4.048796190346212,-4.781976781691256,-4.781976781691256,7.095276451145125,-4.781976781691256,4.086932158396169,4.433998719989318,2.5784887020833667,1.3295909142122353,6.317545551466829,3.0541505515826044,1.9158250114491686,5.678965796558409,3.4598244092289843
MSMA26ET,-4.360621849682939,3.5010680613123277,5.03131817735044,2.528881262637455,3.9663527151167033,0.007140049875214771,1.5536512456888198,6.122837729246152,-4.360621849682939,4.904980155501414,0.8129838365268576,-4.360621849682939,5.193121030593124,4.735497678555231,3.5322783541674827,3.7847954744910997,4.994385326466092,4.056049676560151,-4.360621849682939,4.657515913193867,-4.360621849682939,4.026832059300864,-4.360621849682939,2.7323738342152977,-4.360621849682939,-4.360621849682939,-4.360621849682939,-4.360621849682939,-4.360621849682939,2.233874611751805,-1.7599567620466967,-4.360621849682939,-4.360621849682939,-4.360621849682939,3.9171699285277457,0.704285604752311,4.104211649107049,3.0044971223305943,3.0634469022721946,-4.360621849682939,-0.0971406558890191,3.6456820600822084,-4.360621849682939,8.940896223412196,-4.360621849682939,2.5663947819950144,1.000291171846719,-4.360621849682939,3.9805200424823637,0.636531640167961,-0.8142299238101263,6.19993338700662,-4.360621849682939,-4.360621849682939,-4.360621849682939,1.991475857240597,-4.360621849682939,-4.360621849682939,-4.360621849682939,1.0832531657479976,-4.360621849682939,-4.360621849682939,4.515086589667326,3.530230608646998,-4.360621849682939,2.7237162589024164,4.972047847426728,4.791858255808002,-4.360621849682939,4.272823260464925,-4.360621849682939,-4.360621849682939,1.1076436628374218,1.225777483196799,-0.20623040676395554,0.9299905033149987,7.578486336652771,-1.1743980499323996,3.0846443740537133,3.8302381944131136,-4.360621849682939,-1.7259337245292592,4.9221165434620735,-4.360621849682939,-4.360621849682939,0.8731975146147075,-0.34959059243682056
MSMA26EZ,-4.005724671416356,2.6450483248892382,4.657194722658058,1.0510342585357986,3.7678925151405673,2.513109132041505,1.8585147870096312,5.685537979855286,-4.005724671416356,5.730031232943169,0.10233701188812816,-4.005724671416356,6.111391039702999,4.993744212752112,5.155847564920503,5.2276120255392655,6.445363559067944,4.698999530336096,-4.005724671416356,3.589277019441214,-4.005724671416356,-4.005724671416356,-4.005724671416356,3.672851168032036,-4.005724671416356,-4.005724671416356,-4.005724671416356,-4.005724671416356,-4.005724671416356,1.9846171768799516,1.2361971997183616,-4.005724671416356,-4.005724671416356,-4.005724671416356,3.249574967380867,-4.005724671416356,2.2224871825878214,2.063073764309749,2.231011931839994,-4.005724671416356,-0.7482663243365568,0.676723154508748,3.385303020239152,6.909579117175517,-4.005724671416356,-4.005724671416356,3.852394860970782,-4.005724671416356,8.6651246867979,2.379428209951465,3.2725315412446205,8.538581925747934,-4.005724671416356,-4.005724671416356,-4.005724671416356,-4.005724671416356,-4.005724671416356,-4.005724671416356,-4.005724671416356,-4.005724671416356,1.593788864111275,-0.7232781480379433,3.3937019484918824,-4.005724671416356,2.4423771218330215,5.8112373914671025,5.115258872867976,7.020118616743988,-4.005724671416356,-4.005724671416356,-4.005724671416356,-4.005724671416356,2.518526467711057,3.4151831630081695,-4.005724671416356,-4.005724671416356,5.948171205519529,-4.005724671416356,4.81479277185119,5.427291348235973,-4.005724671416356,-4.005724671416356,6.841830549363712,-4.005724671416356,-4.005724671416356,-4.005724671416356,0.6126393345533998
MSMAPC55,5.099692159243284,3.4785771784397603,5.14263116465715,5.876268998008248,-2.0884491056186025,0.3463228469840569,-5.148364697335628,4.664909292105697,-5.148364697335628,5.399724296286525,-5.148364697335628,2.6190040852618015,-3.4965354451488615,5.327635401002494,-1.7230659210166692,4.504499761065881,5.200306133686681,4.708890418395641,-1.9918719968989365,-5.148364697335628,4.221691367325728,-5.148364697335628,2.914751655717252,1.8341421721226192,-5.148364697335628,1.7729106877157275,-5.148364697335628,-1.0198540537146155,-2.1037751271464202,-0.029330257847897556,1.9092081861607397,-5.148364697335628,-5.148364697335628,-2.0935317255251817,2.350560521339207,1.1271800034500137,-5.148364697335628,1.9758139937597292,2.602762508739567,5.058485041983022,0.49696141819380735,-5.148364697335628,-0.5026054532583117,0.4846594819758856,-5.148364697335628,3.594128993565783,4.244406002086945,-5.148364697335628,7.14161232726937,4.632990585732295,3.0517194204514793,5.579907402958977,-1.903806070558879,-5.148364697335628,-2.162069977109656,-1.7661993929366524,1.9488073867233275,-5.148364697335628,3.734761313272723,4.034249881040024,1.8753202723146982,1.7740833020615936,2.411912901114704,4.375152941963074,3.800993731854388,-2.488228619219642,5.136218980913512,-5.148364697335628,0.4007816022638444,-1.4587410677151453,-5.148364697335628,2.719960030180448,4.250316203389853,3.144274588478467,-5.148364697335628,-2.8376406933468115,-5.148364697335628,-5.148364697335628,2.4949555345058245,3.7879399794227915,-5.148364697335628,-5.148364697335628,5.518346124833949,-5.148364697335628,-5.148364697335628,-5.148364697335628,-5.148364697335628
MSMAPC57,-3.108635585318037,-3.108635585318037,-3.108635585318037,-3.108635585318037,-3.108635585318037,2.584372682312793,-3.108635585318037,-3.108635585318037,-3.108635585318037,-3.108635585318037,4.827996880600215,6.992442787225784,-3.108635585318037,-3.108635585318037,-3.108635585318037,4.033070327782934,-3.108635585318037,9.385690160743497,-3.108635585318037,-3.108635585318037,-3.108635585318037,-3.108635585318037,-3.108635585318037,-3.108635585318037,-3.108635585318037,4.595636946955978,-3.108635585318037,3.6655444238039854,4.854963399714603,2.846250762860187,4.9139760816037965,-3.108635585318037,-0.7860764745999997,-3.108635585318037,-3.108635585318037,3.900541545082983,-3.108635585318037,-3.108635585318037,-3.108635585318037,6.767493304927782,5.2510920985204494,-3.108635585318037,-3.108635585318037,3.7082073465189413,3.584652038003794,5.027372615125359,-3.108635585318037,1.9180035014505297,-3.108635585318037,-3.108635585318037,-3.108635585318037,7.9592636768420295,5.262917888417138,-3.108635585318037,-3.108635585318037,-3.108635585318037,-3.108635585318037,2.6471272543380184,-3.108635585318037,-3.108635585318037,2.028997457884323,-3.108635585318037,-3.108635585318037,-3.108635585318037,8.137893382933566,-3.108635585318037,-3.108635585318037,1.3064761131896159,5.576553189099548,-3.108635585318037,-3.108635585318037,-3.108635585318037,9.988779905808832,-3.108635585318037,-3.108635585318037,6.214763049606414,-3.108635585318037,5.028389946323775,4.754939025438061,5.23735488408869,3.7729153461042495,3.147508823408617,3.215012609203158,2.788964155915557,1.6975028447665075,1.380338469465702,3.002074856943991
MSMAPC59,-3.646539792807239,-3.646539792807239,-3.646539792807239,-3.646539792807239,-3.646539792807239,3.873925009315074,-3.646539792807239,-3.646539792807239,-3.646539792807239,1.508674176747233,4.717567340346547,7.731274597718187,-3.646539792807239,-3.646539792807239,-3.646539792807239,3.790620262296052,2.2031846542236337,8.415855480808881,-3.646539792807239,-3.646539792807239,-3.646539792807239,-3.646539792807239,-3.646539792807239,-3.646539792807239,-3.646539792807239,5.51268817155283,-3.646539792807239,3.1592545613642162,4.963737836068905,2.889107012310011,4.804440757568696,-3.646539792807239,1.883423607005863,-3.646539792807239,-3.646539792807239,5.084259710297993,-3.646539792807239,-3.646539792807239,-3.646539792807239,7.6352534521327025,5.358418462475266,-3.646539792807239,-3.646539792807239,5.003356277101097,-3.646539792807239,6.417558893656983,-3.646539792807239,3.8935146560135774,-3.646539792807239,-3.646539792807239,-3.646539792807239,8.367631170217383,4.530035894341204,2.478784281110322,-3.646539792807239,-3.646539792807239,-3.646539792807239,3.060390629152182,-3.646539792807239,-3.646539792807239,3.8682649420352204,-3.646539792807239,2.099489830965469,-3.646539792807239,6.7573344144837755,-3.646539792807239,-3.646539792807239,1.366740371997519,6.1951514661602225,-3.646539792807239,-3.646539792807239,-3.646539792807239,9.065277500215586,-3.646539792807239,-3.646539792807239,5.2926884753543435,-3.646539792807239,4.601216340390322,5.3374908070846105,4.679121740000437,1.895451931844633,2.534708441080271,2.992687653339476,1.8223426139982326,2.4239307406843444,3.2921521999474654,2.8353323431051622
MSMAPC5B,-2.9997387278962915,-2.9997387278962915,-2.9997387278962915,-2.9997387278962915,-2.9997387278962915,2.1111964239083196,-2.9997387278962915,-2.9997387278962915,-2.9997387278962915,1.7832318996958616,6.540791394933716,8.72895635734405,-2.9997387278962915,-2.9997387278962915,-2.9997387278962915,5.113381256661019,-2.9997387278962915,8.519034211938365,-2.9997387278962915,-2.9997387278962915,-2.9997387278962915,-2.9997387278962915,-2.9997387278962915,-2.9997387278962915,-2.9997387278962915,4.707944091705161,3.839767069445694,3.1766287988816817,3.4665883759996863,-2.9997387278962915,4.713275776580424,-2.9997387278962915,-2.9997387278962915,-0.6143684644478764,-2.9997387278962915,3.4730498386168733,-2.9997387278962915,-2.9997387278962915,-2.9997387278962915,5.9491578328582095,5.318873598730715,-2.9997387278962915,-2.9997387278962915,3.8969930085777875,-2.9997387278962915,6.091201015709423,-2.9997387278962915,0.5944202185079508,-2.9997387278962915,-2.9997387278962915,-2.9997387278962915,8.305393880793176,5.515491607823969,-2.9997387278962915,-2.9997387278962915,-2.9997387278962915,2.553415701937835,-2.9997387278962915,-2.9997387278962915,-2.9997387278962915,2.6310964138572306,-2.9997387278962915,-2.9997387278962915,-2.9997387278962915,8.250802832722826,-2.9997387278962915,-2.9997387278962915,3.0813785106079816,5.6388448217281795,-2.9997387278962915,-2.9997387278962915,-2.9997387278962915,10.170641259351106,-2.9997387278962915,-2.9997387278962915,6.961548604657974,-2.9997387278962915,3.4408035760130744,4.566587390958313,5.2796953827051984,1.5352763466522745,-2.9997387278962915,4.221294322341809,-2.9997387278962915,2.5859788052722266,2.8470071186173405,3.987554947525048
MSMAPC5D,-3.1809461200526314,-3.1809461200526314,-3.1809461200526314,-3.1809461200526314,-3.1809461200526314,2.6941084004519267,-3.1809461200526314,-3.1809461200526314,-3.1809461200526314,1.618105229116189,6.284497345863078,6.950223611860778,-3.1809461200526314,-3.1809461200526314,-3.1809461200526314,5.009077810952103,-3.1809461200526314,9.44020234719814,-3.1809461200526314,-3.1809461200526314,-3.1809461200526314,-3.1809461200526314,-3.1809461200526314,-3.1809461200526314,-3.1809461200526314,6.188430777653969,-3.1809461200526314,3.5492449216618898,5.244277345717123,3.622029178680174,4.96588893524489,-3.1809461200526314,2.670028576080149,-3.1809461200526314,-3.1809461200526314,5.635726057828796,-3.1809461200526314,-3.1809461200526314,-3.1809461200526314,7.450284576078749,5.076378384584225,-3.1809461200526314,-3.1809461200526314,-3.1809461200526314,-3.1809461200526314,7.1339275693044835,-3.1809461200526314,4.23436472415157,-3.1809461200526314,-3.1809461200526314,-3.1809461200526314,8.512385738162969,5.9524668765081,-3.1809461200526314,-3.1809461200526314,-3.1809461200526314,-3.1809461200526314,-3.1809461200526314,-3.1809461200526314,-3.1809461200526314,2.865593384910107,-3.1809461200526314,-3.1809461200526314,-3.1809461200526314,7.2318215125984056,-3.1809461200526314,-3.1809461200526314,1.146588247709163,6.775104115129823,-3.1809461200526314,-3.1809461200526314,-3.1809461200526314,9.523927485438028,-3.1809461200526314,-3.1809461200526314,6.709428821289462,-3.1809461200526314,4.005362866371087,5.57307195741842,4.688463960350828,2.9496473284460025,3.394892805807448,3.9476265083638324,2.574183404691876,-3.1809461200526314,2.9308136965339644,2.1980324763983177
MSMAPC5Z,-5.08339697638433,2.5077471168916636,2.2720708862997716,4.896589420996355,3.995385330498242,0.08539182891758479,-5.08339697638433,7.392696996356163,1.5650229051686804,5.088156004809193,-5.08339697638433,-5.08339697638433,5.263989479345522,6.209791872963319,5.337842432554675,5.017066176278261,4.335625682814045,4.312438384137444,4.605786235427879,3.1559719297075572,2.949244626018819,-5.08339697638433,3.377097268210715,-5.08339697638433,-5.08339697638433,1.5890442625247942,-1.3864283844602099,1.9490801092229244,2.307752607166659,-5.08339697638433,0.9196131862466999,-5.08339697638433,-5.08339697638433,-1.235826650022215,2.553471025333341,-5.08339697638433,4.239293094443385,2.9382876739259416,3.058681053506006,-5.08339697638433,1.7331388313642035,2.357770338541746,-5.08339697638433,5.1213836226409954,-5.08339697638433,-0.6736480126968036,3.3068527367935108,-5.08339697638433,-5.08339697638433,3.7898086216335045,-0.3198001839155573,6.364752904489092,3.1220434709962523,-5.08339697638433,0.5089471706836868,0.04871088298529713,0.5929063552069458,-5.08339697638433,1.077870592435544,-5.08339697638433,-0.22596841806972812,2.8349770220552566,2.0267808943769463,4.722081842144972,4.485810382665255,0.32349203596779574,4.513367873506786,-5.08339697638433,2.1187726166019782,-5.08339697638433,-5.08339697638433,2.3254352521520714,1.73487046579237,3.681167240327352,-5.08339697638433,2.1319858871501927,4.03969426623682,-5.08339697638433,3.478568544754067,2.5942693656814733,-5.08339697638433,-5.08339697638433,7.0406789841770285,-5.08339697638433,-5.08339697638433,-5.08339697638433,-5.08339697638433
MSMAPC64,-5.632140942467354,1.5239219818797958,0.5133179539314545,3.76707453835291,4.0694016994626185,3.56473220693029,-5.632140942467354,4.361744892063545,2.1498284493296635,3.5696900152090993,-5.632140942467354,-5.632140942467354,5.324574497184644,4.75577507623934,4.175675059063431,2.6048569878758077,3.744759456146954,4.008759263683308,2.4093162251917155,2.5882466777620294,3.7399259233793307,-5.632140942467354,5.4190761882989875,-5.632140942467354,-5.632140942467354,1.701902685635451,-5.632140942467354,1.3039600700427938,-5.632140942467354,2.6393319355552114,0.3654778272306274,-5.632140942467354,-5.632140942467354,-5.632140942467354,1.8066394654158522,-5.632140942467354,4.004474810972495,4.54555386705353,3.491281753745074,2.0617671983063506,1.645675636382835,5.084788585751167,-5.632140942467354,-0.12199357957933188,1.2748177806616363,-0.14151187344439187,4.789843026666171,-1.0211727856052182,2.7401715719454467,6.439518275756937,1.0859048175213557,4.997946941266989,-5.632140942467354,-5.632140942467354,0.9143761772321897,1.5987376638715345,-5.632140942467354,-5.632140942467354,1.3756385571486272,0.268790649915581,2.173312647057,2.1083810682401483,2.9220911770133613,2.655596110628852,2.3571961262486427,2.0527907631364997,3.975607502738584,-5.632140942467354,2.1483586291878236,0.6054149484055218,-5.632140942467354,0.19043710420818805,2.8821441502278082,0.17920924505414426,3.763079767051127,-0.009989372031522947,4.585844878634079,-5.632140942467354,5.088710672606328,4.236959935956216,-5.632140942467354,-5.632140942467354,6.460601828108666,-5.632140942467354,-5.632140942467354,-5.632140942467354,-0.5495859206290508
MSMAPC66,-5.504587465917101,2.775340521532433,2.013603443961806,4.115890281352493,4.11301413625275,2.5568486107957664,1.1818548899418442,4.7788665332556395,0.19742780948319627,2.9339489624097217,-5.504587465917101,-5.504587465917101,5.494805248191535,4.041533894620439,5.411980017188636,4.478674882383305,4.6984783609751135,4.364373896836144,2.7402877088156092,3.451437655390106,4.078925120003872,-5.504587465917101,2.763150305415752,-5.504587465917101,-5.504587465917101,1.2094099562885061,0.2815111256122034,-5.504587465917101,-5.504587465917101,-5.504587465917101,-5.504587465917101,-5.504587465917101,-5.504587465917101,-5.504587465917101,1.9002013332380079,-5.504587465917101,2.376387943020241,1.4541232248004174,2.641410284012643,-5.504587465917101,1.8877968806733865,4.736668574511974,-5.504587465917101,2.746836093117772,1.0402415552790671,1.6000889737081287,4.367192730675985,1.098228872752542,4.473121226635691,6.8423702249274605,0.9388889477536528,5.9206876998536995,0.5894368281488616,-5.504587465917101,-5.504587465917101,0.419736081417839,-5.504587465917101,-5.504587465917101,3.2739952689457397,-5.504587465917101,0.9744674090633838,2.120036866886908,3.8156034566337267,3.2704831074670766,3.1021787016715976,1.7904428073497378,4.344581498173882,2.793507413568779,1.5682540891575139,0.5325273268947077,-5.504587465917101,2.9292555820898123,4.20323570639962,0.12646360642004062,4.154512853971406,-0.3724765177379865,4.67344660421386,-5.504587465917101,3.5917956016888715,3.571701892795496,-5.504587465917101,-0.09948724166872402,6.2532551428323595,-5.504587465917101,-5.504587465917101,-5.504587465917101,-5.504587465917101
MSMB4LYH,-5.257608708733116,1.8252993249868332,0.9439392201376915,4.404080243520723,3.5547234581937452,2.578994038287812,0.4040627568407942,4.869353168661457,0.05699535474486339,3.9669575425171173,-5.257608708733116,-5.257608708733116,6.177109850781924,3.973324562425515,5.911716280214172,3.948814795640746,4.60494353562263,4.83635932239565,1.5394394578431783,2.853421388557723,4.869530662590288,-5.257608708733116,3.5627297159443474,-5.257608708733116,-5.257608708733116,3.0793896068184416,-5.257608708733116,-5.257608708733116,-5.257608708733116,0.02764902894390886,-5.257608708733116,-5.257608708733116,-5.257608708733116,-5.257608708733116,-0.23653996608487304,-5.257608708733116,3.3692936657914583,2.3774787112173703,3.5674323344949332,-5.257608708733116,3.340389184878423,5.478677890218437,-5.257608708733116,-5.257608708733116,-5.257608708733116,3.6105140778587517,5.099149543078568,2.663168363711911,4.578549951792333,6.364343690435339,3.5838409611587707,7.093252668694207,0.11767778636831494,-5.257608708733116,-1.4161822537571673,0.5764396783124512,-5.257608708733116,-5.257608708733116,3.456170043428333,-5.257608708733116,2.520039602276788,1.5747279365075304,3.16513989321726,3.7912482316798144,2.668772728269947,1.1747678394372336,4.016512128631137,2.7688671833597347,3.423448777488913,-5.257608708733116,-5.257608708733116,2.0112172594592916,2.2226643538916084,2.6557783602211256,4.654432715371004,-0.5808524046995771,3.3999126227403957,-5.257608708733116,4.2308519536802,4.212348585195177,-5.257608708733116,-5.257608708733116,5.689904211010461,-5.257608708733116,-5.257608708733116,-5.257608708733116,-5.257608708733116
MSMB4LZ4,-3.7640217858711953,-3.7640217858711953,5.110185173267015,6.472878740577291,-3.7640217858711953,3.601865417704599,-3.7640217858711953,5.6098149471099035,3.734944988620314,5.328781961503909,-3.7640217858711953,-3.7640217858711953,6.611098166055622,6.556810490634694,-3.7640217858711953,-3.7640217858711953,6.532124235084985,7.72301399925922,1.1883529401853021,-3.7640217858711953,-3.7640217858711953,-3.7640217858711953,2.9771723013374958,-3.7640217858711953,-3.7640217858711953,2.6185137698079304,-3.7640217858711953,-3.7640217858711953,-0.45431555511036414,-3.7640217858711953,0.8928373107260299,-3.7640217858711953,-3.7640217858711953,0.38357924865625215,3.328312302295215,-3.7640217858711953,4.071235223551939,-3.7640217858711953,2.6750504775697648,-3.7640217858711953,2.9508849125971324,-3.7640217858711953,-3.7640217858711953,-3.7640217858711953,-3.7640217858711953,7.0960096332749245,1.6963479183593755,-3.7640217858711953,7.836290857088511,-3.7640217858711953,5.769703944221102,9.11885514157652,3.1374145405604343,-3.7640217858711953,-3.7640217858711953,0.8021803014424318,-3.7640217858711953,5.759277870893626,-0.8598341923590258,-3.7640217858711953,3.654920654847624,3.1809620513034336,-3.7640217858711953,-3.7640217858711953,4.803477072432977,4.1200858906063385,5.194494463126229,-3.7640217858711953,2.999895305715242,-3.7640217858711953,-3.7640217858711953,2.3047740551312375,7.727453514918432,5.80589790349177,-3.7640217858711953,-3.7640217858711953,-3.7640217858711953,2.9056033806166113,4.5675000704714614,4.607458076532039,-3.7640217858711953,-3.7640217858711953,3.1439534895763375,-3.7640217858711953,-3.7640217858711953,-3.7640217858711953,0.6308455901781773
MSMB4LZP,-2.9739979583665086,-2.9739979583665086,-2.9739979583665086,-2.9739979583665086,-2.9739979583665086,0.5057001407114843,-2.9739979583665086,-2.9739979583665086,-2.9739979583665086,0.499407351598002,6.278937081309749,8.287433832048755,-2.9739979583665086,-2.9739979583665086,-2.9739979583665086,5.132076038274905,-2.9739979583665086,9.660979933136359,-2.9739979583665086,-2.9739979583665086,-2.9739979583665086,-2.9739979583665086,-2.9739979583665086,-2.9739979583665086,-2.9739979583665086,5.200061569705191,-2.9739979583665086,0.499407351598002,4.491150382683872,-2.9739979583665086,4.673318188400417,-2.9739979583665086,-2.9739979583665086,-2.9739979583665086,-2.9739979583665086,4.466005671499429,-2.9739979583665086,-2.9739979583665086,-2.9739979583665086,5.555558215545875,4.539396851522837,-2.9739979583665086,-2.9739979583665086,2.1799261197983952,3.8161305336708313,5.042475850871711,-2.9739979583665086,2.3949435964083534,-2.9739979583665086,-2.9739979583665086,-2.9739979583665086,8.631647367817463,4.554227599589781,-2.9739979583665086,-2.9739979583665086,-2.9739979583665086,-2.9739979583665086,2.9994344909685857,-2.9739979583665086,-2.9739979583665086,1.2495658406342347,-2.9739979583665086,-2.9739979583665086,-2.9739979583665086,7.490331279614539,-2.9739979583665086,-2.9739979583665086,2.4720337113385877,5.653557449216515,-2.9739979583665086,-2.9739979583665086,-2.9739979583665086,9.925314133152819,-2.9739979583665086,-2.9739979583665086,6.4281194891168365,-2.9739979583665086,4.9631740572855625,4.56104506713776,5.677583894489175,1.6181731195760012,3.4655614172689138,3.0217241027167745,2.4335472036335766,1.026729752510903,2.6790836498723927,3.064623329700215
MSMB4LZR,-3.176047727300473,-3.176047727300473,-3.176047727300473,-3.176047727300473,-3.176047727300473,2.977437693219793,-3.176047727300473,-3.176047727300473,-3.176047727300473,2.1624768579573157,7.225995816487206,8.065504560353498,-3.176047727300473,-3.176047727300473,-3.176047727300473,6.079226272931249,-3.176047727300473,9.893153161056064,-3.176047727300473,-3.176047727300473,-3.176047727300473,-3.176047727300473,-3.176047727300473,-3.176047727300473,-3.176047727300473,4.982886764917879,-3.176047727300473,4.415739046592215,4.512736546377039,4.764379250652733,5.299692847180648,-3.176047727300473,2.8321149440947977,-3.176047727300473,-3.176047727300473,6.627781631223735,-3.176047727300473,-3.176047727300473,-3.176047727300473,7.648111609957497,5.556225925220402,-3.176047727300473,-3.176047727300473,4.072260809418025,-3.176047727300473,-1.0549118225795713,-3.176047727300473,-0.40252966166663207,-3.176047727300473,-3.176047727300473,-3.176047727300473,6.92781910862303,5.416006397559312,-3.176047727300473,-3.176047727300473,-3.176047727300473,1.9166405679415366,4.0276040004102525,-3.176047727300473,-3.176047727300473,1.9166405679415366,-3.176047727300473,-3.176047727300473,-3.176047727300473,6.399710885642507,-3.176047727300473,-3.176047727300473,2.765988997787785,5.883607831613611,-3.176047727300473,-3.176047727300473,-3.176047727300473,9.168945045180468,-3.176047727300473,-3.176047727300473,4.738708009843198,-3.176047727300473,5.823904106805415,5.113393954238389,5.367695985337546,1.3646753445330404,0.554621211306852,3.756522880827572,1.9541787116615694,-3.176047727300473,0.6984360985427767,1.8690788600519248
PSM6XBSE,-3.645572080549723,-3.645572080549723,1.7150415609314784,-3.645572080549723,-3.645572080549723,3.095438749085586,-3.645572080549723,4.837204496541311,-3.645572080549723,-3.645572080549723,-3.645572080549723,7.734388606736729,-3.645572080549723,5.261097112468811,-3.645572080549723,3.532708170657588,4.919616397012622,7.07558907861185,-3.645572080549723,5.305501621646477,-3.645572080549723,-3.645572080549723,4.619981886515694,-3.645572080549723,-3.645572080549723,-3.645572080549723,-3.645572080549723,-3.645572080549723,-3.645572080549723,-3.645572080549723,3.028796159919996,-3.645572080549723,-3.645572080549723,-3.645572080549723,-3.645572080549723,3.2550266928115903,-3.645572080549723,-3.645572080549723,1.3701396261054395,-3.645572080549723,4.448510382037823,3.4445130690833183,-3.645572080549723,-3.645572080549723,-3.645572080549723,-3.645572080549723,3.059974762812317,3.1616944472056003,8.238990655236988,-3.645572080549723,3.372428331075935,8.784440451761144,-3.645572080549723,3.55211158373692,-3.645572080549723,-3.645572080549723,-3.645572080549723,4.916322004032445,-3.645572080549723,-3.645572080549723,4.838304413308326,-3.645572080549723,5.516068277257098,-3.645572080549723,-3.645572080549723,-3.645572080549723,-3.645572080549723,4.244809440809523,-3.645572080549723,-3.645572080549723,-3.645572080549723,4.487820658081861,8.638475082205144,7.213907043579719,-3.645572080549723,-3.645572080549723,-3.645572080549723,6.931412255828117,5.756874521613663,4.985312357086878,1.037775871293734,3.724412489708511,6.447601785485702,4.500607407742932,3.538203541687377,5.0550725447837745,5.7022143275128885
PSM6XBT3,6.773068511367406,-3.112159696413693,-3.112159696413693,-3.112159696413693,-3.112159696413693,6.341724542602,-3.112159696413693,8.096155592341901,-3.112159696413693,-3.112159696413693,-3.112159696413693,6.742146690022939,-3.112159696413693,9.677122874380483,-3.112159696413693,8.448093772009507,-3.112159696413693,9.202667794547297,6.33117621655869,-3.112159696413693,-3.112159696413693,4.509439985019285,-3.112159696413693,-3.112159696413693,-3.112159696413693,-3.112159696413693,1.5732395638992163,-3.112159696413693,-3.112159696413693,-3.112159696413693,-3.112159696413693,-3.112159696413693,-3.112159696413693,1.9615271086813806,-3.112159696413693,-3.112159696413693,-3.112159696413693,-3.112159696413693,-3.112159696413693,5.49424409872237,3.9528528117488007,-3.112159696413693,4.892339233299219,6.575803616546463,4.828038392967591,-3.112159696413693,5.579714699480284,-3.112159696413693,2.1733864172709314,-3.112159696413693,-3.112159696413693,7.5405376103267825,-3.112159696413693,-3.112159696413693,-3.112159696413693,-3.112159696413693,-3.112159696413693,3.9335460519563474,5.752966627582754,-3.112159696413693,5.9180477881025455,-3.112159696413693,-3.112159696413693,-3.112159696413693,5.560537548779735,6.07173640019002,-3.112159696413693,7.224790102051542,1.6124631218384557,-3.112159696413693,-3.112159696413693,5.437980064656234,-3.112159696413693,6.482754775084623,4.746312761768591,-3.112159696413693,-3.112159696413693,5.819306243621792,-3.112159696413693,-3.112159696413693,-3.112159696413693,-3.112159696413693,4.105822517019128,-3.112159696413693,-3.112159696413693,-3.112159696413693,3.084070475418346
PSM6XBT5,6.403739037917297,-2.4437174718608183,-2.4437174718608183,-2.4437174718608183,-2.4437174718608183,5.08533104617588,-2.4437174718608183,8.282356020022016,-2.4437174718608183,-2.4437174718608183,-2.4437174718608183,6.510890213503518,-2.4437174718608183,9.80447508735402,-2.4437174718608183,9.38791906834466,-2.4437174718608183,10.524401452807574,4.691180249370593,-2.4437174718608183,-2.4437174718608183,-2.4437174718608183,3.989031010286366,-2.4437174718608183,-2.4437174718608183,-2.4437174718608183,-2.4437174718608183,-2.4437174718608183,-2.4437174718608183,-2.4437174718608183,4.90251278054785,-2.4437174718608183,-2.4437174718608183,-2.4437174718608183,-2.4437174718608183,-2.4437174718608183,-2.4437174718608183,-2.4437174718608183,-2.4437174718608183,4.670980744245826,2.8777353701928163,-2.4437174718608183,-2.4437174718608183,-2.4437174718608183,6.021550437673265,-2.4437174718608183,6.125840421828867,-2.4437174718608183,7.278582601697572,-2.4437174718608183,-2.4437174718608183,8.425126522465987,-2.4437174718608183,-2.4437174718608183,-2.4437174718608183,-2.4437174718608183,-2.4437174718608183,-2.4437174718608183,6.055234883293052,-2.4437174718608183,-2.4437174718608183,-2.4437174718608183,-2.4437174718608183,-2.4437174718608183,6.061085897902893,6.3496012366393035,-2.4437174718608183,7.838720907936606,-2.4437174718608183,-2.4437174718608183,-2.4437174718608183,7.448807815943436,-2.4437174718608183,6.3082224321547065,-2.4437174718608183,-2.4437174718608183,-2.4437174718608183,4.654024156374028,-2.4437174718608183,-2.4437174718608183,-2.4437174718608183,-2.4437174718608183,5.741815909129782,-2.4437174718608183,-2.4437174718608183,-2.4437174718608183,2.944601971792963
PSM6XBT7,-3.0518659221211912,-3.0518659221211912,-3.0518659221211912,-3.0518659221211912,-3.0518659221211912,4.537222425449042,-3.0518659221211912,8.285579834962205,-3.0518659221211912,-3.0518659221211912,-3.0518659221211912,6.178359520910276,-3.0518659221211912,8.2623724738317,-3.0518659221211912,7.830740363498849,-3.0518659221211912,9.327196567989297,2.6446659936379078,-3.0518659221211912,-3.0518659221211912,2.116754485455644,4.554463817004467,-3.0518659221211912,-3.0518659221211912,4.022603124013164,-3.0518659221211912,-3.0518659221211912,-3.0518659221211912,-3.0518659221211912,3.8414849960583544,-3.0518659221211912,-3.0518659221211912,3.2658028160178167,-3.0518659221211912,-3.0518659221211912,-3.0518659221211912,-3.0518659221211912,-3.0518659221211912,-3.0518659221211912,5.031402039665971,-3.0518659221211912,-3.0518659221211912,3.0478878036416353,-3.0518659221211912,-3.0518659221211912,2.6416331135891777,-3.0518659221211912,7.1934580566633635,-3.0518659221211912,-3.0518659221211912,7.43207231404825,4.046159307905451,-3.0518659221211912,-3.0518659221211912,-3.0518659221211912,-3.0518659221211912,2.7703444581646552,5.172740356956153,-3.0518659221211912,2.837476464212874,3.450352395772292,-3.0518659221211912,-3.0518659221211912,6.360065282367715,5.113211119925688,-3.0518659221211912,6.881331557388124,5.03750789711295,-3.0518659221211912,-3.0518659221211912,4.711032309389491,9.774597087096705,7.0790844813484375,-3.0518659221211912,-3.0518659221211912,-3.0518659221211912,4.362306120168838,-3.0518659221211912,4.673387001882405,-3.0518659221211912,-3.0518659221211912,5.857324797385231,-3.0518659221211912,-3.0518659221211912,-3.0518659221211912,2.271802932571923
PSM6XBT9,-2.4574968334354583,-2.4574968334354583,-2.4574968334354583,-2.4574968334354583,-2.4574968334354583,6.453439500531651,-2.4574968334354583,8.098935304820722,-2.4574968334354583,-2.4574968334354583,-2.4574968334354583,6.423783561662779,-2.4574968334354583,9.231203607460388,-2.4574968334354583,8.442693736429687,-2.4574968334354583,9.933385736501606,2.700408180546601,-2.4574968334354583,-2.4574968334354583,-2.4574968334354583,-2.4574968334354583,-2.4574968334354583,-2.4574968334354583,-2.4574968334354583,8.327994107731048,-2.4574968334354583,-2.4574968334354583,-2.4574968334354583,3.508393263066065,-2.4574968334354583,-2.4574968334354583,-2.4574968334354583,-2.4574968334354583,-2.4574968334354583,-2.4574968334354583,-2.4574968334354583,-2.4574968334354583,-2.4574968334354583,5.225169728001433,-2.4574968334354583,6.087564211362173,4.275428554749248,-2.4574968334354583,-2.4574968334354583,5.427945066361164,-2.4574968334354583,7.117104434738746,-2.4574968334354583,-2.4574968334354583,7.533671671749683,-2.4574968334354583,-2.4574968334354583,-2.4574968334354583,-2.4574968334354583,-2.4574968334354583,5.106378305373339,-2.4574968334354583,-2.4574968334354583,6.127952758524142,-2.4574968334354583,-2.4574968334354583,-2.4574968334354583,5.315424089988897,4.984057932989785,-2.4574968334354583,7.71627716463092,3.1131349291948727,-2.4574968334354583,-2.4574968334354583,-2.4574968334354583,10.326441001277699,7.966826867941625,-2.4574968334354583,-2.4574968334354583,-2.4574968334354583,6.429105672018477,-2.4574968334354583,-2.4574968334354583,-2.4574968334354583,-2.4574968334354583,4.51323304489588,-2.4574968334354583,-2.4574968334354583,-2.4574968334354583,-2.4574968334354583
PSM6XBTB,-3.5755545325750777,-3.5755545325750777,-3.5755545325750777,3.2292830267067503,-3.5755545325750777,2.864450528628571,-3.5755545325750777,7.493685251756059,-1.4373861851883607,3.0109170274628276,-3.5755545325750777,6.280647866001746,3.422458285072195,8.57503029007886,-3.5755545325750777,8.420363656074363,4.435425731979835,8.733114928224367,3.663734761231722,-3.5755545325750777,-3.5755545325750777,-3.5755545325750777,2.985638150758885,-3.5755545325750777,-3.5755545325750777,2.299600749236758,6.881938674557543,-3.5755545325750777,2.6038390975447623,-3.5755545325750777,3.629620125265471,-3.5755545325750777,-3.5755545325750777,0.6327507402321153,-3.5755545325750777,-3.5755545325750777,-3.5755545325750777,-3.5755545325750777,-3.5755545325750777,-3.5755545325750777,1.9163095769038545,-3.5755545325750777,3.81540489899531,3.6910888271661957,-3.5755545325750777,2.6712819098975107,3.1663640180149946,-3.5755545325750777,6.456507331708737,-3.5755545325750777,-3.5755545325750777,5.643673768892205,-3.5755545325750777,1.499506559154229,-3.5755545325750777,-3.5755545325750777,-3.5755545325750777,3.186337764666731,4.073235597359152,-3.5755545325750777,2.055352681366747,2.0021087770236985,-3.5755545325750777,-3.5755545325750777,5.194724916946986,5.562609682265249,-3.5755545325750777,6.564836913890064,3.430557069238896,-3.5755545325750777,-3.5755545325750777,2.7705744108395125,8.53004799516824,5.919246945010289,-3.5755545325750777,-3.5755545325750777,-3.5755545325750777,4.978400656031578,-3.5755545325750777,2.9341332196768555,-3.5755545325750777,-1.4138246152369511,5.83363120304717,0.8349549228910451,-3.5755545325750777,-3.5755545325750777,2.248320727639139
PSM6XBTD,-0.1485538877200714,-0.1485538877200714,-0.1485538877200714,-0.1485538877200714,-0.1485538877200714,-0.1485538877200714,-0.1485538877200714,-0.1485538877200714,-0.1485538877200714,-0.1485538877200714,-0.1485538877200714,-0.1485538877200714,-0.1485538877200714,-0.1485538877200714,-0.1485538877200714,-0.1485538877200714,-0.1485538877200714,-0.1485538877200714,-0.1485538877200714,-0.1485538877200714,-0.1485538877200714,-0.1485538877200714,-0.1485538877200714,-0.1485538877200714,-0.1485538877200714,-0.1485538877200714,-0.1485538877200714,-0.1485538877200714,-0.1485538877200714,-0.1485538877200714,-0.1485538877200714,-0.1485538877200714,-0.1485538877200714,-0.1485538877200714,-0.1485538877200714,-0.1485538877200714,-0.1485538877200714,-0.1485538877200714,-0.1485538877200714,-0.1485538877200714,-0.1485538877200714,-0.1485538877200714,-0.1485538877200714,-0.1485538877200714,13.666957670243702,-0.1485538877200714,-0.1485538877200714,-0.1485538877200714,-0.1485538877200714,-0.1485538877200714,-0.1485538877200714,-0.1485538877200714,-0.1485538877200714,-0.1485538877200714,-0.1485538877200714,-0.1485538877200714,-0.1485538877200714,-0.1485538877200714,-0.1485538877200714,-0.1485538877200714,-0.1485538877200714,-0.1485538877200714,-0.1485538877200714,-0.1485538877200714,-0.1485538877200714,-0.1485538877200714,-0.1485538877200714,-0.1485538877200714,-0.1485538877200714,-0.1485538877200714,-0.1485538877200714,-0.1485538877200714,-0.1485538877200714,-0.1485538877200714,-0.1485538877200714,-0.1485538877200714,-0.1485538877200714,-0.1485538877200714,-0.1485538877200714,-0.1485538877200714,-0.1485538877200714,-0.1485538877200714,-0.1485538877200714,-0.1485538877200714,-0.1485538877200714,-0.1485538877200714,-0.1485538877200714
PSM6XBVI,-4.151397617390915,-4.151397617390915,5.829267735056778,-4.151397617390915,0.878427477411293,1.1095330316154186,-4.151397617390915,7.333690998541097,-4.151397617390915,-4.151397617390915,-4.151397617390915,7.7645572201485935,-4.151397617390915,4.260878403003606,-4.151397617390915,6.811816279432053,7.005230087751167,7.455034891323129,4.270208950118438,7.872254775894026,-4.151397617390915,-4.151397617390915,5.626366039159978,-4.151397617390915,-4.151397617390915,-4.151397617390915,-4.151397617390915,-1.7302111024329694,-4.151397617390915,-4.151397617390915,4.054723413952372,0.20159811570295538,4.767884101312181,3.7366106731510014,-4.151397617390915,4.197817563199403,-4.151397617390915,-4.151397617390915,3.944658045382277,4.6619612096278145,2.5866214767450284,3.0475921089507265,-4.151397617390915,-4.151397617390915,1.381268241228339,-4.151397617390915,0.4639931945021658,2.8084772707953807,5.180655163379591,-4.151397617390915,3.0194948576965936,6.538756227727349,-4.151397617390915,1.043887652917876,-4.151397617390915,-4.151397617390915,-4.151397617390915,1.4013549426697605,0.20459402407697702,-4.151397617390915,2.713472222555798,3.3217972902746036,-4.151397617390915,4.847999298451967,4.219858479137485,-4.151397617390915,3.7782921580886972,6.74414720818627,-4.151397617390915,-4.151397617390915,-4.151397617390915,-4.151397617390915,-4.151397617390915,2.997387657642829,1.1556520048585224,-4.151397617390915,-4.151397617390915,3.2580116588322934,2.077505376951428,5.937751739073315,-4.151397617390915,-4.151397617390915,5.675714569272644,-4.151397617390915,-4.151397617390915,2.3720264517143343,1.5800861834093372
PSM6XBVK,-3.086367589789173,-3.086367589789173,-3.086367589789173,-3.086367589789173,-3.086367589789173,-3.086367589789173,-3.086367589789173,7.120885950953959,-3.086367589789173,-3.086367589789173,-3.086367589789173,8.758142879584076,-3.086367589789173,7.2049054466244495,-3.086367589789173,5.430593545840315,6.228220565356814,9.039625147201615,5.682653958055024,6.808153927726458,-3.086367589789173,-3.086367589789173,4.28777359644341,-3.086367589789173,-3.086367589789173,-3.086367589789173,-3.086367589789173,-3.086367589789173,-3.086367589789173,-3.086367589789173,2.119646740984189,-3.086367589789173,-3.086367589789173,-3.086367589789173,-3.086367589789173,-3.086367589789173,-3.086367589789173,-3.086367589789173,3.9505071752931125,-3.086367589789173,2.3542563886752657,2.1353094148199006,2.552595530259211,-3.086367589789173,-3.086367589789173,-3.086367589789173,1.8735099271724884,3.2113850197121296,7.105905426810629,-3.086367589789173,1.1575523038922615,7.858706785904815,-3.086367589789173,3.8050643017210053,-3.086367589789173,-3.086367589789173,-3.086367589789173,-3.086367589789173,1.6729555984687074,-3.086367589789173,3.8361376357902746,-3.086367589789173,-3.086367589789173,-3.086367589789173,-3.086367589789173,-3.086367589789173,3.828101972336439,6.63288025648006,-3.086367589789173,-3.086367589789173,-3.086367589789173,-3.086367589789173,-3.086367589789173,4.901847702464844,4.629745214169314,-3.086367589789173,-3.086367589789173,3.684949689942849,1.1619691018134706,5.206908535793681,-3.086367589789173,2.0453534052933264,4.436031457416923,0.9500467039532303,3.6827081254183964,3.9712542022320285,4.5528271493832415
PSM6XBVM,-4.257171920673157,-0.06277753492674876,6.010777524010896,-4.257171920673157,2.595654520334876,-4.257171920673157,-4.257171920673157,7.6737555832948665,-4.257171920673157,-4.257171920673157,-4.257171920673157,6.862625603301604,0.46219338910767505,5.95209365709413,0.5391283239040217,4.686355237271692,6.1302079320349545,7.432945927480139,4.827549036099644,7.0775750136312565,-4.257171920673157,-4.257171920673157,3.165524127057533,-4.257171920673157,-4.257171920673157,-4.257171920673157,-4.257171920673157,-1.6091021329357904,-4.257171920673157,1.8787037628029566,2.276878145904438,-1.327805475960325,0.4419978742334063,0.4292883679753281,-4.257171920673157,2.279201613744239,-4.257171920673157,-4.257171920673157,3.219761263379696,3.6477357377752853,0.7082322502610356,1.2075670554605669,1.7961826434266879,3.5099112357822815,-1.245734038945841,-4.257171920673157,0.3911835614938486,3.309701081555719,4.727659640206757,-4.257171920673157,2.1451256904413034,6.703284480492687,-4.257171920673157,3.672468326989656,-4.257171920673157,-4.257171920673157,-4.257171920673157,1.4636521166795937,1.7463055861394094,-4.257171920673157,-4.257171920673157,2.46619580513012,-4.257171920673157,6.022483589201428,3.059393613175472,-4.257171920673157,5.351927692525145,-4.257171920673157,-4.257171920673157,-4.257171920673157,-4.257171920673157,-1.5941059963514626,-4.257171920673157,6.1926373137682305,-4.257171920673157,-4.257171920673157,-4.257171920673157,3.268449685329333,-4.257171920673157,4.907025301952781,2.0730620143414633,-1.0463728307466642,4.9004657963339975,-0.2773598306840874,2.084029586463312,4.7841222045405,3.5694709925099444
PSM6XBVO,-3.7840447528613037,-3.7840447528613037,6.373065473524872,-3.7840447528613037,1.1536248368357,-3.7840447528613037,-3.7840447528613037,7.785087776641198,-3.7840447528613037,-3.7840447528613037,-3.7840447528613037,6.895082079694115,-3.7840447528613037,7.240502157874518,-3.7840447528613037,3.205372091397697,8.053736986193334,7.879038034923228,5.752794409342298,7.566350420081701,-3.7840447528613037,-3.7840447528613037,4.489875846229038,-3.7840447528613037,-3.7840447528613037,-3.7840447528613037,-3.7840447528613037,-3.7840447528613037,-3.7840447528613037,-3.7840447528613037,2.179458030506771,-3.7840447528613037,-3.7840447528613037,-3.7840447528613037,-3.7840447528613037,-0.0439772570958592,-3.7840447528613037,-3.7840447528613037,2.872849108630083,3.426994476580915,1.9487254787996466,2.4416354017417428,-3.7840447528613037,0.4154578640006523,-3.7840447528613037,-3.7840447528613037,1.4107405270934947,2.19928112798888,6.516659569752367,-3.7840447528613037,2.754966084506357,7.463354389716722,-3.7840447528613037,4.173546813460219,-3.7840447528613037,-3.7840447528613037,-3.7840447528613037,0.47376545158974004,-3.7840447528613037,-3.7840447528613037,0.8867311494024612,1.3858416481923985,-3.7840447528613037,4.643651054398217,4.133262924915615,-3.7840447528613037,5.652116292942322,4.751442368814253,-3.7840447528613037,-3.7840447528613037,-3.7840447528613037,-3.7840447528613037,-3.7840447528613037,4.520656496166305,3.783152272242459,-3.7840447528613037,-3.7840447528613037,3.349213663825128,0.37910497784701036,5.292327031995255,0.8877435559684557,3.20027551827973,4.020665036519827,1.9050573816956877,2.864754436053624,3.722031972663177,5.107482598276447
PSM6XBVQ,-4.706285250881377,-0.1808845803342507,2.995052590144475,-4.706285250881377,2.281968970623537,0.3641683298501661,-4.706285250881377,6.462333485896618,-4.706285250881377,-4.706285250881377,-4.706285250881377,6.207368888624398,-4.706285250881377,5.291985587212933,-4.706285250881377,3.769035496235383,6.185045089384232,7.268915603939354,4.316971193373859,5.421881790439484,-4.706285250881377,-4.706285250881377,4.526857696867553,-4.706285250881377,-4.706285250881377,-4.706285250881377,-4.706285250881377,-3.0829679422042435,-1.2981989875188091,0.4539724241970706,-0.595888700997687,-4.706285250881377,1.3061256090245186,-0.3392892001192127,-4.706285250881377,2.9905495086847544,-4.706285250881377,-4.706285250881377,2.4581169377954133,3.429446409952396,3.419935395864397,3.8140174946243395,-4.706285250881377,3.222588992180757,1.5766381215630165,-4.706285250881377,-0.284610916575474,2.8388188536975667,6.90586842839372,-4.706285250881377,3.91663356910776,7.489238694680655,-4.706285250881377,2.9885900422269085,-4.706285250881377,-0.17700285938668792,2.1651843212123385,0.5669068675530369,1.4846618733186254,-4.706285250881377,3.4834594653627526,2.004336493713752,-4.706285250881377,3.232755581282098,2.5072670829837573,-4.706285250881377,4.150112206290883,4.560180554563188,-4.706285250881377,-1.3304138507607473,-4.706285250881377,-4.706285250881377,-4.706285250881377,2.964269688959952,3.410904658153065,-4.706285250881377,-4.706285250881377,2.5984622845676597,2.484077336189501,2.9485154430034894,0.979841042270122,2.4371548583877836,4.111872181564424,1.9242373414867329,2.1005825275419614,0.6941002185590985,4.2773730498785705
PSM6XBVS,-3.415804346534193,-3.415804346534193,-3.415804346534193,-3.415804346534193,-3.415804346534193,-3.415804346534193,-3.415804346534193,7.959029100611346,-3.415804346534193,-3.415804346534193,-3.415804346534193,6.5633041392701,-3.415804346534193,8.05639934724483,-1.859921589836059,2.615521377878065,7.977664795471426,8.139805654425338,6.452975213654169,6.138590778641799,-3.415804346534193,-3.415804346534193,4.760121329038397,-3.415804346534193,-3.415804346534193,-3.415804346534193,-3.415804346534193,-3.415804346534193,2.073030350434477,-3.415804346534193,3.503524822470048,0.11753005235366132,2.362146435605357,-3.415804346534193,-3.415804346534193,-3.415804346534193,-3.415804346534193,-3.415804346534193,3.164858209164123,-3.415804346534193,3.0218488395981247,2.9969427439089333,-3.415804346534193,-3.415804346534193,-3.415804346534193,2.5463079660018932,1.9469297114853248,0.5253914070090513,7.6602421457069525,-3.415804346534193,3.398160057861345,7.729478547843327,-3.415804346534193,3.9160960532593094,-3.415804346534193,-3.415804346534193,-3.415804346534193,-0.3256054349736939,-3.415804346534193,-3.415804346534193,1.6536528740513887,2.070881778080036,1.9657424228351132,-3.415804346534193,0.8729693761053419,-3.415804346534193,5.640006626017855,-3.415804346534193,-3.415804346534193,-3.415804346534193,-3.415804346534193,-3.415804346534193,-3.415804346534193,6.2915525225953655,-3.415804346534193,-3.415804346534193,-3.415804346534193,3.2128136691235785,2.0083094531025196,3.219928578043417,2.43557384607782,3.7786113164023103,3.36487053598354,2.8330785998750905,2.905843200762753,4.572535312575959,4.890514998461292
PSM7J127,-2.8649672237117834,-2.8649672237117834,-2.8649672237117834,-2.8649672237117834,-2.8649672237117834,-2.8649672237117834,-2.8649672237117834,8.224030086553416,-2.8649672237117834,-2.8649672237117834,-2.8649672237117834,7.065540906942708,-2.8649672237117834,9.255785724321923,-2.8649672237117834,9.730225395130581,-2.8649672237117834,9.408614015046599,2.9525999541195365,-2.8649672237117834,-2.8649672237117834,-2.8649672237117834,2.502313292081759,-2.8649672237117834,-2.8649672237117834,2.703708494528737,-2.8649672237117834,-2.8649672237117834,-2.8649672237117834,-2.8649672237117834,4.284761627161606,-2.8649672237117834,-2.8649672237117834,1.5974012366482828,-2.8649672237117834,-2.8649672237117834,-2.8649672237117834,-2.8649672237117834,-2.8649672237117834,-2.8649672237117834,2.828647675040031,-2.8649672237117834,2.07890917461598,2.3694483638023165,3.695335566086194,-2.8649672237117834,3.3379902410276516,-2.8649672237117834,6.020784078396735,-2.8649672237117834,-2.8649672237117834,6.819874139315948,-2.8649672237117834,-2.8649672237117834,-2.8649672237117834,-2.8649672237117834,-2.8649672237117834,4.393790152116907,4.7766834830904354,-2.8649672237117834,-2.8649672237117834,3.0599270177820106,2.55736528003891,-2.8649672237117834,4.804299615599688,5.71831385144485,-2.8649672237117834,7.510195625035129,3.9653428818371035,-2.8649672237117834,-2.8649672237117834,2.778117502211707,8.958912797842643,5.659841129526881,-2.8649672237117834,-2.8649672237117834,-2.8649672237117834,5.475396639317247,-2.8649672237117834,4.038011206406171,-2.8649672237117834,-2.8649672237117834,4.547386529994907,1.239889021293397,-2.8649672237117834,-1.0385304679609977,0.5966784168947932
PSM7J12B,-2.5940767169445724,-2.5940767169445724,-2.5940767169445724,-2.5940767169445724,-2.5940767169445724,-2.5940767169445724,-2.5940767169445724,8.49885775242576,-2.5940767169445724,-2.5940767169445724,-2.5940767169445724,7.82783594566665,-2.5940767169445724,9.076276242374584,-2.5940767169445724,9.786875821524658,-2.5940767169445724,10.298098358493853,1.7934797277854866,-2.5940767169445724,-2.5940767169445724,-2.5940767169445724,3.8387386758936834,-2.5940767169445724,-2.5940767169445724,4.250734092042608,-2.5940767169445724,-2.5940767169445724,-2.5940767169445724,-2.5940767169445724,5.110287915699051,-2.5940767169445724,-2.5940767169445724,-2.5940767169445724,-2.5940767169445724,-2.5940767169445724,-2.5940767169445724,-2.5940767169445724,-2.5940767169445724,-2.5940767169445724,3.78121995810847,-2.5940767169445724,-2.5940767169445724,4.872413322793889,-2.5940767169445724,-2.5940767169445724,4.5968235183850865,-2.5940767169445724,6.318331588441672,-2.5940767169445724,-2.5940767169445724,7.441748229492898,-2.5940767169445724,-2.5940767169445724,-2.5940767169445724,-2.5940767169445724,-2.5940767169445724,3.3373169545823718,4.689392293325342,-2.5940767169445724,-2.5940767169445724,5.615897027407576,-2.5940767169445724,-2.5940767169445724,-2.5940767169445724,6.356409246003349,-2.5940767169445724,8.230205234201577,5.136147603114921,-2.5940767169445724,-0.5776054162591961,6.004494225664665,7.777413368724205,5.687505375676767,-2.5940767169445724,-2.5940767169445724,-2.5940767169445724,3.909019575189242,-0.3624473761616045,2.900786623135028,-2.5940767169445724,-2.5940767169445724,4.5542671262693935,-2.5940767169445724,-2.5940767169445724,-2.5940767169445724,2.9618473205426934
PSM7J12D,-2.9910712171220837,-2.9910712171220837,-2.9910712171220837,-2.9910712171220837,-2.9910712171220837,-2.9910712171220837,-2.9910712171220837,8.99517693985124,-2.9910712171220837,1.4411988662079995,-2.9910712171220837,7.826047299981054,-2.9910712171220837,9.172635250192862,0.9123425421710909,9.017966382235944,1.0446141893710088,9.329278430332982,5.2815383765251305,-2.9910712171220837,-2.9910712171220837,3.606178070118732,2.5508727195743184,-2.9910712171220837,-2.9910712171220837,2.252667767502265,-2.9910712171220837,-2.9910712171220837,-2.9910712171220837,-2.9910712171220837,4.063724695649481,-2.9910712171220837,-2.9910712171220837,-2.9910712171220837,-2.9910712171220837,-2.9910712171220837,-2.9910712171220837,-2.9910712171220837,-2.9910712171220837,-2.9910712171220837,5.719038977208464,-2.9910712171220837,-2.9910712171220837,3.575803299423736,-2.9910712171220837,-2.9910712171220837,3.8668600014870798,-2.9910712171220837,4.561007456680076,-2.9910712171220837,-2.9910712171220837,8.665267188804993,-2.9910712171220837,3.146394081989248,-2.9910712171220837,-2.9910712171220837,-2.9910712171220837,3.1089198821293245,4.258689196754577,-2.9910712171220837,-2.9910712171220837,4.553725096948937,-2.9910712171220837,-2.9910712171220837,-2.9910712171220837,5.712095021064842,-2.9910712171220837,7.609012302756128,3.392382285392231,-2.9910712171220837,-2.9910712171220837,5.006615285641596,5.246183906447356,6.5493022953771005,-2.9910712171220837,-2.9910712171220837,-2.9910712171220837,3.967038841076297,1.6775913277885408,-2.9910712171220837,-2.9910712171220837,-2.9910712171220837,2.6723127260444777,2.716507766333251,-2.9910712171220837,2.2220611101051695,3.6523627997242283
PSM7J12F,-2.6233807916200504,-2.6233807916200504,-2.6233807916200504,-2.6233807916200504,-2.6233807916200504,-2.6233807916200504,-2.6233807916200504,9.280863426682918,-2.6233807916200504,-2.6233807916200504,-2.6233807916200504,7.046824386010219,-2.6233807916200504,9.158884451554863,-2.6233807916200504,9.267364380638707,-2.6233807916200504,10.366540784944467,5.586444393254839,-2.6233807916200504,-2.6233807916200504,4.946443612402754,3.4494332014147275,-2.6233807916200504,-2.6233807916200504,2.6367152626272734,1.707352449982075,-2.6233807916200504,-2.6233807916200504,-2.6233807916200504,3.9349587452467727,-2.6233807916200504,-2.6233807916200504,1.7869902172780456,-2.6233807916200504,2.68637085304797,-2.6233807916200504,-2.6233807916200504,-2.6233807916200504,-2.6233807916200504,4.4557192535266665,-2.6233807916200504,4.3308762211089675,-2.6233807916200504,3.4190143843940657,-2.6233807916200504,4.910526699151222,-2.6233807916200504,3.943853968034877,-2.6233807916200504,-2.6233807916200504,8.22366814254368,-2.6233807916200504,-2.6233807916200504,-2.6233807916200504,-2.6233807916200504,-2.6233807916200504,-2.6233807916200504,3.3812466422609484,-2.6233807916200504,-2.6233807916200504,4.091153649820451,-2.6233807916200504,-2.6233807916200504,-2.6233807916200504,6.187854106215459,-2.6233807916200504,7.666810199642578,3.5661145061921573,-2.6233807916200504,-2.6233807916200504,4.142234620316242,3.865215952273993,6.881090712209549,-2.6233807916200504,-2.6233807916200504,-2.6233807916200504,3.0294591046493355,5.376700291421036,-2.6233807916200504,-2.6233807916200504,-2.6233807916200504,3.8315031570139393,-2.6233807916200504,-2.6233807916200504,-2.6233807916200504,-2.6233807916200504
PSM7J12V,-3.9282172065118477,1.6057168929535983,-2.0335781990816777,5.669693168451124,3.372756616016109,-3.9282172065118477,-3.9282172065118477,6.598873345100296,1.5786490306763667,4.265264878373522,3.7458846024912855,6.10438286879695,-3.9282172065118477,5.463519076017121,7.334649046925052,3.6343991869950845,6.329935541725015,6.181173472409039,3.143567130177394,5.860434057329907,-3.9282172065118477,-3.9282172065118477,-3.9282172065118477,3.224861180214286,-3.9282172065118477,1.9496871226607047,-3.9282172065118477,1.862031047075515,-3.9282172065118477,-3.9282172065118477,-1.5687725620147646,-3.9282172065118477,-3.9282172065118477,-3.9282172065118477,0.9057351871362442,-3.9282172065118477,-3.9282172065118477,0.9565905034714817,3.1626510131660774,-3.9282172065118477,3.911398086371439,2.66257214502851,-3.9282172065118477,-3.9282172065118477,-3.9282172065118477,5.400232544732048,1.3814677938922717,1.541946305091546,9.273566236206898,-3.9282172065118477,-3.9282172065118477,7.700682271980192,4.175958386910349,-3.9282172065118477,2.5521025910647914,-3.9282172065118477,-3.9282172065118477,-3.9282172065118477,3.5730631207244734,-3.9282172065118477,-3.9282172065118477,3.1134907502285616,2.3493984225480986,-3.9282172065118477,4.869167915172365,4.1347409967011695,4.177908363856444,3.9200623452285646,0.7046026517781456,-3.9282172065118477,-3.9282172065118477,-3.9282172065118477,5.426171269072247,-3.9282172065118477,2.082338222927423,-3.9282172065118477,6.1623437332506175,-3.9282172065118477,3.1592848315172786,4.747997712643809,-3.9282172065118477,-3.9282172065118477,5.604672404123802,-3.9282172065118477,-3.9282172065118477,1.6671638618307938,3.1293371230849187
PSM7J12Z,-4.678465165315814,3.473979575854025,-0.4850398303052117,5.92983746733861,4.487445686165952,-4.678465165315814,-4.678465165315814,5.554409286136467,2.938454909714034,4.695592244574275,5.714279967763227,5.20309968763682,-4.678465165315814,4.775956614964544,7.431820963418558,2.488411718983813,5.686810222351301,5.129195632625943,2.329447519068431,6.1381093654999415,-4.678465165315814,-4.678465165315814,3.473685879818727,3.8092235176952487,0.5191666452455816,3.2786995514900434,-4.678465165315814,-4.678465165315814,-4.678465165315814,-0.22024296814329425,-4.678465165315814,-4.678465165315814,-4.678465165315814,-4.678465165315814,1.9976979553671326,-4.678465165315814,3.640049174395256,0.3763960688977708,2.497185210937838,-4.678465165315814,3.598688979036031,3.194037610852889,-4.678465165315814,0.4928915582565043,-4.678465165315814,-0.7535128802109394,2.4888836839392523,0.23182437323208127,7.437314899266081,5.100096677758907,-4.678465165315814,7.046147211922989,1.6684128856334777,1.3474197975190911,0.7626444525577085,-4.678465165315814,0.581983921285893,-4.678465165315814,3.8560749040442674,-4.678465165315814,-0.30523719207905664,2.096614144287847,2.9400589354776363,5.035452185544849,4.673016659482698,3.8268343677545795,6.042834329966196,-4.678465165315814,3.5991036500124816,1.6920688041215248,-4.678465165315814,-4.678465165315814,-4.678465165315814,4.410517309073842,-4.678465165315814,-4.678465165315814,6.391822291144234,-4.678465165315814,4.883182941924798,2.91001139128005,-4.678465165315814,-4.678465165315814,5.424072436012274,-4.678465165315814,-4.678465165315814,-2.9045812379256244,-0.8506748766668899
PSM7J169,-2.9085084978089295,-2.9085084978089295,-2.9085084978089295,-2.9085084978089295,-2.9085084978089295,4.48326370249023,-2.9085084978089295,8.650466202293632,-2.9085084978089295,-2.9085084978089295,-2.9085084978089295,6.284782747004086,-2.9085084978089295,7.976683025550995,-2.9085084978089295,8.757369063050227,-2.9085084978089295,9.323977141281029,3.4257364449001706,-2.9085084978089295,-2.9085084978089295,2.8977143666491685,-2.9085084978089295,-2.9085084978089295,-2.9085084978089295,1.292473740222178,-2.9085084978089295,-2.9085084978089295,-2.9085084978089295,-2.9085084978089295,3.256645836556171,-2.9085084978089295,-2.9085084978089295,2.896207657946194,-2.9085084978089295,3.8010960674010734,-2.9085084978089295,-2.9085084978089295,-2.9085084978089295,-2.9085084978089295,-0.7560489084199062,-2.9085084978089295,4.9728578768714184,-2.9085084978089295,2.562023772965359,-2.9085084978089295,3.2035244494928854,-2.9085084978089295,8.558399537294216,-2.9085084978089295,-2.9085084978089295,8.807420121317026,-2.9085084978089295,-2.9085084978089295,-2.9085084978089295,-2.9085084978089295,-2.9085084978089295,4.421898629043543,4.823508988467217,-2.9085084978089295,4.951423156712841,3.265648319843387,-2.9085084978089295,-2.9085084978089295,-2.9085084978089295,5.449398759879545,-2.9085084978089295,7.207494759615584,3.046560322730935,-2.9085084978089295,-2.9085084978089295,6.498681003501704,9.148744743295378,7.987492833037569,-2.9085084978089295,-2.9085084978089295,-2.9085084978089295,5.884541531630574,1.2194022758409986,3.861117686898412,-2.9085084978089295,-2.9085084978089295,4.47571041871055,-2.9085084978089295,-2.9085084978089295,-2.9085084978089295,0.6127180783960338
PSM7J16B,-1.8820065928965413,-1.8820065928965413,-1.8820065928965413,-1.8820065928965413,-1.8820065928965413,-1.8820065928965413,-1.8820065928965413,7.692928056854664,-1.8820065928965413,-1.8820065928965413,-1.8820065928965413,6.543146025626234,-1.8820065928965413,-1.8820065928965413,-1.8820065928965413,6.4801208353275275,-1.8820065928965413,8.227839732714392,-1.8820065928965413,-1.8820065928965413,-1.8820065928965413,-1.8820065928965413,-1.8820065928965413,-1.8820065928965413,-1.8820065928965413,8.924054134347404,-1.8820065928965413,-1.8820065928965413,-1.8820065928965413,-1.8820065928965413,-1.8820065928965413,-1.8820065928965413,-1.8820065928965413,-1.8820065928965413,-1.8820065928965413,4.752278966792955,-1.8820065928965413,-1.8820065928965413,-1.8820065928965413,-1.8820065928965413,-1.8820065928965413,-1.8820065928965413,-1.8820065928965413,11.276180623186708,9.02926341292569,-1.8820065928965413,-1.8820065928965413,-1.8820065928965413,4.648859491260218,-1.8820065928965413,-1.8820065928965413,8.63654980993553,-1.8820065928965413,-1.8820065928965413,-1.8820065928965413,-1.8820065928965413,-1.8820065928965413,-1.8820065928965413,-1.8820065928965413,-1.8820065928965413,-1.8820065928965413,-1.8820065928965413,-1.8820065928965413,-1.8820065928965413,-1.8820065928965413,-1.8820065928965413,-1.8820065928965413,6.326361377489249,10.268084279094706,-1.8820065928965413,-1.8820065928965413,-1.8820065928965413,-1.8820065928965413,-1.8820065928965413,-1.8820065928965413,-1.8820065928965413,-1.8820065928965413,5.512638237566664,-1.8820065928965413,-1.8820065928965413,-1.8820065928965413,-1.8820065928965413,6.986135939650077,7.819780878020233,6.21116951371341,6.110184390615218,9.225429535050617
PSM7J16F,-2.8867215314537944,-2.8867215314537944,-2.8867215314537944,-2.8867215314537944,-2.8867215314537944,4.047780569562394,-2.8867215314537944,8.502201536954654,-2.8867215314537944,-2.8867215314537944,-2.8867215314537944,6.463540464455795,-2.8867215314537944,8.14111037547426,-2.8867215314537944,9.376909135158595,-2.8867215314537944,9.988368433200268,2.6956898488275964,-2.8867215314537944,-2.8867215314537944,-2.8867215314537944,-2.8867215314537944,-2.8867215314537944,-2.8867215314537944,3.5929639959739195,-2.8867215314537944,-2.8867215314537944,-2.8867215314537944,-2.8867215314537944,4.421255191320883,-2.8867215314537944,-2.8867215314537944,3.2406675378575667,-2.8867215314537944,5.659497727055768,-2.8867215314537944,-2.8867215314537944,-2.8867215314537944,-2.8867215314537944,2.651785794904228,-2.8867215314537944,-2.8867215314537944,5.659205923740086,-2.8867215314537944,-2.8867215314537944,2.3761034391407225,-2.8867215314537944,6.995329879223254,7.789774960518872,-2.8867215314537944,7.807148495789043,-2.8867215314537944,-2.8867215314537944,-2.8867215314537944,-2.8867215314537944,-2.8867215314537944,4.444926131004258,3.934580405980797,-2.8867215314537944,4.375750649492833,5.633567277377912,-2.8867215314537944,-2.8867215314537944,-2.8867215314537944,6.569709312452258,-2.8867215314537944,8.144342990881604,4.635719361352261,-2.8867215314537944,-2.8867215314537944,6.207419533218569,4.735797723940721,5.9414547144233305,-2.8867215314537944,-2.8867215314537944,-2.8867215314537944,6.042698683513586,-2.8867215314537944,3.5855633937259173,-2.8867215314537944,-2.8867215314537944,4.353957399653932,-2.8867215314537944,-2.8867215314537944,-2.8867215314537944,-2.8867215314537944
PSM7J16H,-0.38078948153179937,-0.38078948153179937,-0.38078948153179937,-0.38078948153179937,-0.38078948153179937,-0.38078948153179937,-0.38078948153179937,-0.38078948153179937,-0.38078948153179937,-0.38078948153179937,-0.38078948153179937,-0.38078948153179937,-0.38078948153179937,-0.38078948153179937,-0.38078948153179937,-0.38078948153179937,-0.38078948153179937,-0.38078948153179937,-0.38078948153179937,-0.38078948153179937,-0.38078948153179937,-0.38078948153179937,-0.38078948153179937,-0.38078948153179937,-0.38078948153179937,-0.38078948153179937,-0.38078948153179937,-0.38078948153179937,-0.38078948153179937,-0.38078948153179937,-0.38078948153179937,-0.38078948153179937,-0.38078948153179937,-0.38078948153179937,-0.38078948153179937,-0.38078948153179937,-0.38078948153179937,-0.38078948153179937,-0.38078948153179937,-0.38078948153179937,-0.38078948153179937,-0.38078948153179937,-0.38078948153179937,12.608516193540485,12.84119746382131,-0.38078948153179937,-0.38078948153179937,-0.38078948153179937,-0.38078948153179937,-0.38078948153179937,-0.38078948153179937,8.82133968049757,-0.38078948153179937,-0.38078948153179937,-0.38078948153179937,-0.38078948153179937,-0.38078948153179937,-0.38078948153179937,-0.38078948153179937,-0.38078948153179937,-0.38078948153179937,-0.38078948153179937,-0.38078948153179937,-0.38078948153179937,-0.38078948153179937,-0.38078948153179937,-0.38078948153179937,-0.38078948153179937,-0.38078948153179937,-0.38078948153179937,-0.38078948153179937,-0.38078948153179937,-0.38078948153179937,-0.38078948153179937,-0.38078948153179937,-0.38078948153179937,-0.38078948153179937,-0.38078948153179937,-0.38078948153179937,-0.38078948153179937,-0.38078948153179937,-0.38078948153179937,-0.38078948153179937,-0.38078948153179937,-0.38078948153179937,-0.38078948153179937,-0.38078948153179937
PSM7J18Q,-3.881106545321934,1.4590558126561604,7.901545714307936,-3.881106545321934,4.175720680558338,-3.881106545321934,-3.881106545321934,7.2455440653946805,-3.881106545321934,-3.881106545321934,-3.881106545321934,5.897107090488463,-3.881106545321934,7.571310739929531,-1.751851852559783,5.125696194391653,6.521559582740314,7.198664263189167,4.712883933666566,7.955495556342027,-3.881106545321934,-3.881106545321934,2.7878601583148823,-3.881106545321934,-3.881106545321934,-3.881106545321934,-3.881106545321934,-3.881106545321934,-3.881106545321934,-3.881106545321934,-3.881106545321934,-3.881106545321934,-3.881106545321934,-0.18298483802717058,-3.881106545321934,0.7782398613086858,-3.881106545321934,-3.881106545321934,1.2115690693347982,3.7682653043267953,0.44034236831497076,1.923566860290972,-3.881106545321934,-3.881106545321934,-3.881106545321934,2.9788464841461026,-0.2763442382269403,2.6395035470597863,5.6047665530446205,-3.881106545321934,1.6725666217671797,6.117185179208816,-0.6782920213251629,1.1457491509104134,2.3333337834030488,-3.881106545321934,1.0572502928369545,-3.881106545321934,1.2992600949725546,-3.881106545321934,-0.33258064138400023,2.9252568305378785,2.5580238007191136,6.387818197016869,3.556344503832709,-3.881106545321934,5.830429138606927,7.311193214903884,-3.881106545321934,-3.881106545321934,3.7842196723427746,1.91298627261882,6.186393194680345,4.926140388226848,-3.881106545321934,-3.881106545321934,-3.881106545321934,-0.059812528423945466,-0.2937638293526472,3.577737410306894,-3.881106545321934,-3.881106545321934,4.154875964681248,-1.4133981997222662,-0.7222651057804068,1.627284380496068,2.2618191222465285
PSM7J193,-2.809012747622578,-2.809012747622578,-2.809012747622578,-2.809012747622578,-2.809012747622578,-2.809012747622578,-2.809012747622578,7.809108736723017,-2.809012747622578,-2.809012747622578,-2.809012747622578,5.856631619195868,-2.809012747622578,9.785356318846395,-2.809012747622578,9.599432719521808,0.6217075320959697,9.391569224536696,4.482474019307799,-2.809012747622578,-2.809012747622578,0.5545607710432563,2.5718755044359938,-2.809012747622578,-2.809012747622578,2.654722387671999,-2.809012747622578,-2.809012747622578,-2.809012747622578,-2.809012747622578,2.3855706221904054,-2.809012747622578,-2.809012747622578,0.829164073397326,-2.809012747622578,-2.809012747622578,-2.809012747622578,-2.809012747622578,-2.809012747622578,-2.809012747622578,3.6787777360682874,-2.809012747622578,-2.809012747622578,-2.809012747622578,-2.809012747622578,-2.809012747622578,4.616373048668358,-2.809012747622578,5.560064932238319,-2.809012747622578,-2.809012747622578,8.514658595910756,2.911645952514114,5.200266618933528,-2.809012747622578,-2.809012747622578,-2.809012747622578,-2.809012747622578,4.618940755864026,-2.809012747622578,-2.809012747622578,4.346644805893259,-2.809012747622578,-2.809012747622578,6.044860373360959,6.342264725425035,-2.809012747622578,8.142223623360731,3.6435008022837714,-2.809012747622578,0.9692815216321282,5.074876545554059,7.217133897644578,6.456141064937627,-2.809012747622578,-2.809012747622578,-2.809012747622578,2.705697452529492,-2.809012747622578,-2.809012747622578,-2.809012747622578,-2.809012747622578,5.626631742061965,3.2538828861778537,-2.809012747622578,1.9198872510719607,3.643026153797842
PSM7J1AM,-3.456504924632963,-3.456504924632963,-3.456504924632963,-3.456504924632963,-3.456504924632963,-3.456504924632963,-3.456504924632963,8.137071796889833,-3.456504924632963,-3.456504924632963,-3.456504924632963,7.0767110365284775,-3.456504924632963,8.371388093153085,-3.456504924632963,9.0148863473395,0.1456631131856856,8.694108966001796,4.500396923216893,-3.456504924632963,-3.456504924632963,3.9462824935021272,3.3656672509608407,-3.456504924632963,-3.456504924632963,4.121568446188571,-3.456504924632963,2.873572751723251,2.617466753101546,2.1336296236256356,3.9390277122614368,-3.456504924632963,-3.456504924632963,4.690146391284044,-3.456504924632963,-3.456504924632963,-3.456504924632963,-3.456504924632963,-3.456504924632963,-3.456504924632963,3.105746742306021,-3.456504924632963,-3.456504924632963,6.072383315275016,-3.456504924632963,-3.456504924632963,3.405177264510524,-3.456504924632963,5.5116974597963155,-3.456504924632963,-3.456504924632963,8.162141091850698,3.4412421243818248,1.3779537104935926,-3.456504924632963,-3.456504924632963,-3.456504924632963,0.48853698868094675,4.381534431179627,1.6850165322886603,-3.456504924632963,4.946830561713315,-3.456504924632963,-3.456504924632963,5.595111746202266,5.215039140532141,-3.456504924632963,6.910096125459322,4.434896785420875,2.4862614410839106,-3.456504924632963,6.382866695733394,6.2074504475391485,5.358185460473347,-3.456504924632963,-3.456504924632963,-3.456504924632963,2.9605259395314443,0.40470607581529805,3.493012041246619,-3.456504924632963,-3.456504924632963,6.295131915116662,-3.456504924632963,-3.456504924632963,2.648253499188664,2.4590240430263783
PSM7J1AO,-3.224832789166584,-3.224832789166584,-3.224832789166584,-3.224832789166584,-3.224832789166584,-3.224832789166584,-3.224832789166584,7.798629368581805,-3.224832789166584,-3.224832789166584,-3.224832789166584,7.098243226748464,-3.224832789166584,9.302262754601886,-3.224832789166584,9.022450091554848,-3.224832789166584,9.196412033871674,-3.224832789166584,-3.224832789166584,-3.224832789166584,2.8043373659375446,5.381194315169916,-3.224832789166584,-3.224832789166584,0.6718940662932997,-3.224832789166584,-3.224832789166584,-3.224832789166584,1.0054755135897508,3.6589089193705124,-3.224832789166584,-3.224832789166584,3.5393091907049783,-3.224832789166584,-3.224832789166584,-3.224832789166584,-3.224832789166584,-3.224832789166584,-3.224832789166584,2.255362335652581,-3.224832789166584,3.373487359801562,4.052778968041732,3.2061705471650406,-3.224832789166584,2.865119247467474,-3.224832789166584,5.640745130971975,-3.224832789166584,-3.224832789166584,7.745824136032997,3.4341929394696162,3.1759297036014713,-3.224832789166584,-3.224832789166584,-3.224832789166584,3.2295317962852215,2.988554476785379,-3.224832789166584,-3.224832789166584,4.733492323060158,-3.224832789166584,-3.224832789166584,6.043459062864182,5.1911847367541935,-3.224832789166584,6.735714554842305,2.9267084042329126,-3.224832789166584,-3.224832789166584,5.989985464176022,5.731161656547884,6.9967168251807825,-3.224832789166584,-3.224832789166584,-3.224832789166584,4.656850247539004,-3.224832789166584,-3.224832789166584,-3.224832789166584,2.1046237211739847,5.472765727249569,3.140951307963813,-3.224832789166584,1.9005320454911576,3.1178771934220944
PSM7J1AQ,-2.7144638941571095,-2.7144638941571095,-2.7144638941571095,-2.7144638941571095,-2.7144638941571095,-2.7144638941571095,-2.7144638941571095,8.022423562899222,-2.7144638941571095,-2.7144638941571095,-2.7144638941571095,6.862940803834782,-2.7144638941571095,9.355557693278337,-2.7144638941571095,9.455844836041907,-2.7144638941571095,10.050065847928872,3.797663329948036,-2.7144638941571095,-2.7144638941571095,2.142435281890405,4.019319296062213,-2.7144638941571095,-2.7144638941571095,3.6043986686968648,-2.7144638941571095,-2.7144638941571095,-2.7144638941571095,-2.7144638941571095,4.639915534596076,-2.7144638941571095,-2.7144638941571095,2.907997678273569,-2.7144638941571095,-2.7144638941571095,-2.7144638941571095,-2.7144638941571095,-2.7144638941571095,-2.7144638941571095,3.090440459539394,-2.7144638941571095,-2.7144638941571095,-2.7144638941571095,-2.7144638941571095,-2.7144638941571095,2.518151993131722,-2.7144638941571095,6.248623613816278,-2.7144638941571095,-2.7144638941571095,7.666912474568548,3.589680470082956,-2.7144638941571095,-2.7144638941571095,-2.7144638941571095,-2.7144638941571095,3.224047609997019,4.4169319165734,-2.7144638941571095,-2.7144638941571095,4.822664044730758,-2.7144638941571095,-2.7144638941571095,6.981031996359788,5.522324956319541,-2.7144638941571095,7.283031801965345,3.949134444671394,-2.7144638941571095,-2.7144638941571095,5.414390680334293,8.894685981309756,5.7836471154072875,-2.7144638941571095,-2.7144638941571095,-2.7144638941571095,4.374921946625034,-2.7144638941571095,3.9187779436968304,-2.7144638941571095,-2.7144638941571095,6.470643741430145,-2.7144638941571095,-2.7144638941571095,-2.7144638941571095,0.18788187315371196
PSM7J1AS,-3.476282866157492,-3.476282866157492,-3.476282866157492,-3.476282866157492,-3.476282866157492,-3.476282866157492,-3.476282866157492,7.895836919454014,-3.476282866157492,-3.476282866157492,-3.476282866157492,6.962391293180042,-3.476282866157492,8.560791808980921,-3.476282866157492,8.552803180360582,-3.476282866157492,9.256191182464837,5.204388110563837,-3.476282866157492,-3.476282866157492,3.310008278402341,4.875920777233837,-3.476282866157492,-3.476282866157492,0.561863681184537,-3.476282866157492,-3.476282866157492,-3.476282866157492,-3.476282866157492,2.225325547868829,-3.476282866157492,-3.476282866157492,0.5017886493921093,-3.476282866157492,-3.476282866157492,-3.476282866157492,-3.476282866157492,-3.476282866157492,-3.476282866157492,3.703368465851777,-3.476282866157492,-3.476282866157492,4.125994151240247,3.895996419891585,-3.476282866157492,3.5895385386327723,-3.476282866157492,7.15391258396277,-3.476282866157492,-3.476282866157492,6.437968561511667,1.580850345114989,3.5029858286080584,-3.476282866157492,-3.476282866157492,2.656244916173227,2.608107047346717,4.175394193672462,-3.476282866157492,-3.476282866157492,3.11247546507564,-3.476282866157492,-3.476282866157492,4.9852660213754,5.131224967144957,-3.476282866157492,6.645213457950611,2.5777418310907416,2.829789329577581,-3.476282866157492,3.9545220470202667,5.929412359133251,7.527000745787905,-3.476282866157492,-3.476282866157492,-3.476282866157492,3.947847003159106,-0.6954226437952595,3.018281145394547,0.5295436284734087,0.08971448651226943,4.916115689516493,1.2245338324264345,1.8527873611734371,2.5065439548656636,3.6834711153172925
PSM7J1AU,-2.769475247246003,-2.769475247246003,-2.769475247246003,-2.769475247246003,-2.769475247246003,-2.769475247246003,-2.769475247246003,8.928880999414107,-2.769475247246003,-2.769475247246003,-2.769475247246003,7.7413918308162035,-2.769475247246003,9.226937601129523,-2.769475247246003,9.518033743032865,-2.769475247246003,9.893846699178559,3.584155295741815,-2.769475247246003,-2.769475247246003,3.9718154498354457,3.2243900527547105,-2.769475247246003,-2.769475247246003,3.043514592873139,-2.769475247246003,-2.769475247246003,-2.769475247246003,-2.769475247246003,2.3798314623281787,-2.769475247246003,-2.769475247246003,-2.769475247246003,-2.769475247246003,-2.769475247246003,-2.769475247246003,-2.769475247246003,-2.769475247246003,-2.769475247246003,4.68665026982658,-2.769475247246003,-2.769475247246003,2.6225279208876735,-2.769475247246003,-2.769475247246003,3.110032440189566,-2.769475247246003,7.6099465067815455,-2.769475247246003,-2.769475247246003,8.13623147513517,0.5453408999899025,4.390314529817017,-2.769475247246003,-2.769475247246003,-2.769475247246003,-2.769475247246003,5.638266625279112,-2.769475247246003,-2.769475247246003,1.936188271612206,-2.769475247246003,-2.769475247246003,4.168297919337387,5.430697643137388,-2.769475247246003,7.1042275962093795,4.168686269103301,-2.769475247246003,-2.769475247246003,6.252909676367248,5.969016184184631,6.275653261158744,-2.769475247246003,-2.769475247246003,-2.769475247246003,2.5720733483400053,-2.769475247246003,2.909299158746009,-2.769475247246003,-2.769475247246003,3.8102900719410613,2.255054886688134,0.11594285913578162,1.595542049115684,3.9141632539770193
PSM7J1B7,-3.271926248525382,-3.271926248525382,6.239403090114894,-3.271926248525382,0.7666896109637236,-3.271926248525382,-3.271926248525382,8.059582759475594,-3.271926248525382,-3.271926248525382,-3.271926248525382,6.1460834467666645,-3.271926248525382,7.78143653827653,-1.0820036610836166,5.681383946377373,8.678098842477784,8.063982317249057,6.287740767257531,7.254025030941252,-3.271926248525382,-3.271926248525382,2.0542437364791652,-3.271926248525382,-3.271926248525382,-3.271926248525382,-3.271926248525382,-3.271926248525382,-3.271926248525382,-3.271926248525382,3.2394551719126223,-0.5837330666217415,0.7685038203961376,-3.271926248525382,-3.271926248525382,-3.271926248525382,-3.271926248525382,-3.271926248525382,1.425004211253185,4.724097773409593,1.7151031051575725,1.8380539922685752,3.093964487661773,-3.271926248525382,-3.271926248525382,-3.271926248525382,1.8077429859386527,2.456412276710239,6.053582135172824,-3.271926248525382,4.4294236152133255,5.415617591277301,-3.271926248525382,5.628721273248858,-3.271926248525382,-3.271926248525382,-3.271926248525382,-3.271926248525382,-3.271926248525382,-3.271926248525382,-3.271926248525382,-0.8197399084662447,-3.271926248525382,6.383070959568576,-3.271926248525382,-3.271926248525382,7.565971835497321,5.812683123380155,-3.271926248525382,-3.271926248525382,-3.271926248525382,-3.271926248525382,6.296011963105511,5.811396930085573,-3.271926248525382,-3.271926248525382,-3.271926248525382,1.6284564241531871,0.3379901040637492,-3.271926248525382,-3.271926248525382,-3.271926248525382,4.159533859690594,0.7935631037928275,3.426648292356025,5.196263341028174,5.238143001545656
PSM7J1B9,-3.9160562283387303,-3.9160562283387303,6.067528677597267,-3.9160562283387303,-3.9160562283387303,-0.427020148572435,-3.9160562283387303,8.119474545196006,-3.9160562283387303,-3.9160562283387303,-3.9160562283387303,5.934458064944315,-3.9160562283387303,6.39006107762868,-2.0933439616549805,4.530818643275696,6.981536258363487,7.5024087994652024,5.087274258597806,6.9162475570198545,-3.9160562283387303,-3.9160562283387303,2.9183154238237208,-3.9160562283387303,-3.9160562283387303,-3.9160562283387303,-3.9160562283387303,1.2612542184154947,1.5180664576655527,1.0370320563980169,3.187409750030284,-3.9160562283387303,0.3399467603484041,-3.9160562283387303,-3.9160562283387303,1.7740370143020883,-3.9160562283387303,-3.9160562283387303,3.5887811396863327,5.848574863153251,3.1771177431104825,3.016518477438707,0.12400039968428622,3.4136265454645285,-3.9160562283387303,-3.9160562283387303,2.948346929627255,2.978975278347825,7.366647903619274,-3.9160562283387303,3.8657876864783036,6.8551084311726616,-3.9160562283387303,-3.9160562283387303,-3.9160562283387303,-3.9160562283387303,-3.9160562283387303,-3.9160562283387303,2.5071182468597843,-3.9160562283387303,0.5112618035048726,2.667707051424613,3.3317654027845816,5.575002320218663,3.005832588896025,-3.9160562283387303,6.553555002683946,4.2586221247195954,-3.9160562283387303,1.2935218388241267,-3.9160562283387303,-0.04251051523270988,3.619158716935474,6.008970161746895,-3.9160562283387303,-3.9160562283387303,-3.9160562283387303,-0.5919816829305997,1.7047093534697542,3.2538416064680202,-3.9160562283387303,-3.9160562283387303,4.295948093670919,-3.9160562283387303,-3.9160562283387303,1.4909774259904243,1.9693287915512032
PSM7J1BB,-4.148146592828379,-4.148146592828379,4.749956754015473,-4.148146592828379,-4.148146592828379,1.3529966584754867,-4.148146592828379,6.127156251945052,-4.148146592828379,-4.148146592828379,-4.148146592828379,5.369391848840087,-4.148146592828379,6.230040327121438,-4.148146592828379,2.6126197391204036,6.888735880674683,7.209450910001095,4.319944937599395,5.049931414692367,-4.148146592828379,-4.148146592828379,3.276837452550973,-4.148146592828379,-4.148146592828379,-4.148146592828379,-4.148146592828379,-4.148146592828379,-4.148146592828379,-4.148146592828379,1.2864699851700347,-4.148146592828379,-1.5886818582907711,-4.148146592828379,-4.148146592828379,-4.148146592828379,-4.148146592828379,-4.148146592828379,2.4483175558782992,2.3635390706782236,3.5352364497058897,3.9546976623719887,-4.148146592828379,-4.148146592828379,-4.148146592828379,0.800860466959108,2.1502746856674797,2.5524504014025284,7.666685922601626,-4.148146592828379,4.956931541887342,7.100989627799281,-4.148146592828379,6.170981611375986,-4.148146592828379,-4.148146592828379,-4.148146592828379,-4.148146592828379,0.742560982210728,-4.148146592828379,2.288335403839498,0.6426121428765583,3.8675910650014558,4.12339682565409,1.4459312283073462,-4.148146592828379,5.029670766364937,3.7336369883640907,-4.148146592828379,3.9075115797253854,-4.148146592828379,3.252424073238715,7.521167299172461,6.747118230655966,-4.148146592828379,-4.148146592828379,-4.148146592828379,0.995409182386334,2.3997160018831636,3.579836376575723,1.35637840974732,2.029138811881146,4.33192277833944,3.046255348862476,4.183984564009237,4.5655114316302186,6.252730068439986
PSM7J1BD,-3.5935965028354246,-3.5935965028354246,6.611291720955194,-3.5935965028354246,0.9791427110090911,-3.5935965028354246,-3.5935965028354246,7.013480395047773,-3.5935965028354246,-3.5935965028354246,-3.5935965028354246,6.167314059306087,-3.5935965028354246,5.949880657745813,-3.5935965028354246,4.2254327226671595,8.00379239022115,6.668058693816459,4.329818707825936,7.097475410320763,-3.5935965028354246,-3.5935965028354246,3.209066132271035,-3.5935965028354246,-3.5935965028354246,-3.5935965028354246,-3.5935965028354246,-3.5935965028354246,-3.5935965028354246,-3.5935965028354246,2.873290281188165,-0.7724507439947352,2.3397666591243453,-3.5935965028354246,-3.5935965028354246,-3.5935965028354246,-3.5935965028354246,-3.5935965028354246,-3.5935965028354246,6.2896154587462405,2.8742524849482383,2.98490958734964,-3.5935965028354246,-3.5935965028354246,-3.5935965028354246,-3.5935965028354246,-0.3086576101246763,3.866805498641149,7.654552621506731,-3.5935965028354246,3.9790237841918605,7.262855014874181,-3.5935965028354246,3.4610636865147404,1.536767146759324,-3.5935965028354246,-3.5935965028354246,-3.5935965028354246,1.3079111550132811,-3.5935965028354246,-3.5935965028354246,2.2984394556120913,2.3419526399177526,6.357790184081523,3.068690779225122,-3.5935965028354246,6.706661026463168,-3.5935965028354246,-3.5935965028354246,-3.5935965028354246,-3.5935965028354246,4.117873207860169,7.909222447234938,6.31054016098968,-3.5935965028354246,-3.5935965028354246,-3.5935965028354246,-3.5935965028354246,3.236664430664745,2.974233872464935,-3.5935965028354246,2.639163816747703,4.8567388587727525,2.349295244210783,3.391393691843442,4.396738775844602,5.501575347083781
PSM7J1BF,-4.041614219210045,-4.041614219210045,5.819118876596063,-4.041614219210045,0.4428488787397349,-1.0803932041049666,-4.041614219210045,6.67961989537095,-4.041614219210045,-4.041614219210045,-4.041614219210045,5.745905051245464,-4.041614219210045,5.8084025885500346,-1.331627760119039,3.852827834270057,7.262334167928186,6.3552768741205,4.479290441799763,6.645967836902746,-4.041614219210045,-4.041614219210045,2.035561258397479,-4.041614219210045,-4.041614219210045,-4.041614219210045,-4.041614219210045,-4.041614219210045,-4.041614219210045,-4.041614219210045,2.391403318588761,-4.041614219210045,0.9923467987544807,-4.041614219210045,-4.041614219210045,-4.041614219210045,-4.041614219210045,-4.041614219210045,0.6530207048905243,4.782782071573857,3.1741940090132363,1.912495638835197,-4.041614219210045,-0.4302928441731986,1.7442330800920356,-4.041614219210045,1.335798110593423,2.775688694245667,7.8213804781635785,-4.041614219210045,3.9480650884449044,7.072820515836877,-4.041614219210045,3.425951984963876,-4.041614219210045,-4.041614219210045,1.6226876767721325,-4.041614219210045,1.2232943080500736,-4.041614219210045,0.973069778106689,1.9555696317490847,3.3800542708976913,5.586763480099733,2.709969429371168,-4.041614219210045,6.287290829574221,-4.041614219210045,-4.041614219210045,3.114840700988453,-4.041614219210045,3.6836784322947285,7.585005382549006,6.699594157432715,-4.041614219210045,-4.041614219210045,-4.041614219210045,0.06737742296284033,4.244715242096977,3.7245271412690526,-0.5503583500745446,1.5331169802100852,4.065640900655106,2.1377805096905496,2.472512886066008,3.4911872749601818,4.9806584139966645
PSM7J1BH,-0.1485538877200714,-0.1485538877200714,-0.1485538877200714,-0.1485538877200714,-0.1485538877200714,-0.1485538877200714,-0.1485538877200714,-0.1485538877200714,-0.1485538877200714,-0.1485538877200714,-0.1485538877200714,-0.1485538877200714,-0.1485538877200714,-0.1485538877200714,-0.1485538877200714,-0.1485538877200714,-0.1485538877200714,-0.1485538877200714,-0.1485538877200714,-0.1485538877200714,-0.1485538877200714,-0.1485538877200714,-0.1485538877200714,-0.1485538877200714,-0.1485538877200714,-0.1485538877200714,-0.1485538877200714,-0.1485538877200714,-0.1485538877200714,-0.1485538877200714,-0.1485538877200714,-0.1485538877200714,-0.1485538877200714,-0.1485538877200714,-0.1485538877200714,-0.1485538877200714,-0.1485538877200714,-0.1485538877200714,-0.1485538877200714,-0.1485538877200714,-0.1485538877200714,-0.1485538877200714,-0.1485538877200714,-0.1485538877200714,-0.1485538877200714,-0.1485538877200714,-0.1485538877200714,-0.1485538877200714,-0.1485538877200714,-0.1485538877200714,-0.1485538877200714,-0.1485538877200714,-0.1485538877200714,-0.1485538877200714,-0.1485538877200714,-0.1485538877200714,-0.1485538877200714,-0.1485538877200714,-0.1485538877200714,-0.1485538877200714,-0.1485538877200714,-0.1485538877200714,-0.1485538877200714,-0.1485538877200714,-0.1485538877200714,-0.1485538877200714,-0.1485538877200714,-0.1485538877200714,-0.1485538877200714,-0.1485538877200714,-0.1485538877200714,-0.1485538877200714,-0.1485538877200714,-0.1485538877200714,-0.1485538877200714,-0.1485538877200714,-0.1485538877200714,-0.1485538877200714,-0.1485538877200714,-0.1485538877200714,-0.1485538877200714,-0.1485538877200714,13.666957670243702,-0.1485538877200714,-0.1485538877200714,-0.1485538877200714,-0.1485538877200714
PSM7J1BV,-3.9065981339337963,3.706365734597492,-3.9065981339337963,6.614259055410818,5.673639959943347,1.0525916641013904,-3.9065981339337963,6.33302176147124,4.363631150518531,5.3097606970501,5.98228456266413,6.164321266810912,-3.9065981339337963,6.939821977013019,9.18290398627758,2.429427476632025,6.811387838539845,6.181544746537835,1.9155887661654836,7.048416620373496,3.648480097381163,3.0497869408587954,3.7517376975552654,3.397162482060308,-3.9065981339337963,-1.8422189274010528,-3.9065981339337963,-3.9065981339337963,-3.9065981339337963,-3.9065981339337963,-3.9065981339337963,-3.9065981339337963,-3.9065981339337963,-3.9065981339337963,-3.9065981339337963,-3.9065981339337963,2.9646478087106436,-1.193008139122412,2.4426694415815033,0.7682496051006087,2.2728713837143664,3.1363518949300744,-3.9065981339337963,-3.9065981339337963,-3.9065981339337963,3.643006599630791,3.694505545307851,-3.9065981339337963,3.669583563354517,-3.9065981339337963,-3.9065981339337963,6.127661804832082,-3.9065981339337963,-3.9065981339337963,-3.9065981339337963,-3.9065981339337963,-3.9065981339337963,-3.9065981339337963,3.0040044538961492,-3.9065981339337963,1.3215563724081747,0.5330771786964323,-3.9065981339337963,5.475526188795405,4.260687729761756,4.842356623461171,7.676790218243539,-3.9065981339337963,-1.1648970119357678,-3.9065981339337963,-3.9065981339337963,1.4928327365481504,4.215632959408406,3.536345738134947,5.385510463550414,-3.9065981339337963,4.828775570476965,-3.9065981339337963,3.461129702721861,-3.9065981339337963,-3.9065981339337963,-3.9065981339337963,4.723565440279453,-3.9065981339337963,-3.9065981339337963,-3.9065981339337963,0.8701647339051402
PSM7J1BX,-3.96911659524992,0.5048919712946596,-3.96911659524992,5.907216970621748,3.23894880824459,-3.96911659524992,-3.96911659524992,6.050628025344798,1.2317314965803483,3.9451549100991627,5.243705925926638,6.64857509463549,-3.96911659524992,6.308834946754274,8.156721303194102,-1.155428483574262,7.261506283443873,5.606813558986916,1.5063002745327925,7.691788786680308,3.6450576559652896,3.440470164477915,5.10040918176264,2.393400419153303,-3.96911659524992,-3.96911659524992,-3.96911659524992,-3.96911659524992,-3.96911659524992,0.9037922294618941,2.3285618697497688,-3.96911659524992,-3.96911659524992,-3.96911659524992,-3.96911659524992,2.145621462484126,4.908155575192739,4.212916051367731,5.180122515217603,-3.96911659524992,0.2965378072640821,2.4411508940643616,4.17372728085732,-3.96911659524992,2.341570614257221,2.5475333324448304,2.2376388735663175,-3.96911659524992,-3.96911659524992,1.5498184761550569,-3.96911659524992,8.738450362271827,2.1555972876882024,-3.96911659524992,3.3722826195020152,-3.96911659524992,-3.96911659524992,-3.96911659524992,-3.96911659524992,-3.96911659524992,-3.96911659524992,1.741829625841202,-3.96911659524992,4.8974972068649425,5.450446215591767,4.747015048806045,7.021577031245735,-3.96911659524992,-0.4490703918952903,2.0922717269849693,-3.96911659524992,-3.96911659524992,-3.96911659524992,2.2401296903533563,1.7803190927656374,-3.96911659524992,-3.96911659524992,-3.96911659524992,3.8880889226810433,2.140137864300537,-3.96911659524992,-3.96911659524992,5.978669286293369,-3.96911659524992,-3.96911659524992,-3.96911659524992,1.639145933702789
PSM7J1C4,-4.579861462718531,4.135962702687072,0.795930038034868,5.653686877541311,4.3525482726693685,-1.1259286756956293,1.443471359819143,4.947590401612505,3.988661266214856,4.763660971849167,5.087013101466097,4.8596889625562225,-4.579861462718531,6.756203764552947,7.588841985957277,1.328703537036291,5.983033051217658,5.7376901982877975,-4.579861462718531,4.7029268500914565,4.342415887246379,2.8716824199787974,3.4390591258402203,3.8837497838352695,0.4087359526249319,0.45720152999271235,7.410415344470144,-4.579861462718531,-4.579861462718531,-4.579861462718531,-4.579861462718531,-4.579861462718531,-4.579861462718531,-4.579861462718531,3.477788418756168,-4.579861462718531,3.7493186155294644,1.1017141565865245,2.8497409361733865,-4.579861462718531,2.832357405537553,2.837953081631082,-4.579861462718531,-4.579861462718531,-4.579861462718531,2.400481475834402,2.4760231717468146,0.27329754872358336,4.231884298179429,3.721089818049344,-4.579861462718531,6.968714008738291,0.4981751915716064,0.7988576269450682,2.3380781349902318,-4.579861462718531,-4.579861462718531,-4.579861462718531,-4.579861462718531,-4.579861462718531,-0.45211698082718677,2.2995030923116264,-4.579861462718531,4.828828729356537,4.446453637389449,5.071575335310543,7.086644513843335,-4.579861462718531,-0.3199631049446765,-4.579861462718531,-4.579861462718531,2.9709336927073213,1.2058693428165306,2.384144429543529,4.706094389872564,-4.579861462718531,4.706074807461514,-4.579861462718531,3.629961886882268,-4.579861462718531,-4.579861462718531,-4.579861462718531,6.262036138137385,-4.579861462718531,-4.579861462718531,-4.579861462718531,-4.579861462718531
PSMA264K,-2.4413212083774702,-2.4413212083774702,-2.4413212083774702,-2.4413212083774702,-2.4413212083774702,-2.4413212083774702,-2.4413212083774702,7.29342795310805,-2.4413212083774702,5.266902198686076,8.518311270767951,7.702320754445515,-2.4413212083774702,6.888813582416706,10.749473885563289,0.5582681664056128,7.548602586484889,7.925751724313533,4.625044520854452,5.7014534658556,1.3382608305941925,-2.4413212083774702,5.260535330496362,-2.4413212083774702,-2.4413212083774702,-2.4413212083774702,-2.4413212083774702,-2.4413212083774702,-2.4413212083774702,-2.4413212083774702,1.4473233287092917,1.9524231753532852,-2.4413212083774702,-2.4413212083774702,-2.4413212083774702,3.0220140185685143,2.5342858151837007,1.628298312151614,4.026339260691387,-2.4413212083774702,5.093812221718775,5.858029729024594,4.143636154627954,-2.4413212083774702,-2.4413212083774702,-2.4413212083774702,-2.4413212083774702,-2.4413212083774702,-2.4413212083774702,-2.4413212083774702,-2.4413212083774702,10.099040723567255,2.7252917135544337,3.496249265517064,-2.4413212083774702,-2.4413212083774702,-2.4413212083774702,-2.4413212083774702,-2.4413212083774702,-2.4413212083774702,-2.4413212083774702,-2.4413212083774702,2.1446906405667807,-2.4413212083774702,-2.4413212083774702,-2.4413212083774702,-2.4413212083774702,2.025737450065316,-2.4413212083774702,-2.4413212083774702,-2.4413212083774702,-2.4413212083774702,-2.4413212083774702,-2.4413212083774702,0.1399181099950777,-2.4413212083774702,-2.4413212083774702,3.281387580233279,3.500501303588041,-2.4413212083774702,-2.4413212083774702,-2.4413212083774702,5.14967947728148,-2.4413212083774702,-2.4413212083774702,-2.4413212083774702,-0.21379162403229124
PSMA264O,-3.5558710840620193,-3.5558710840620193,-3.5558710840620193,-3.5558710840620193,-3.5558710840620193,-3.5558710840620193,-3.5558710840620193,7.74996638233622,-3.5558710840620193,-3.5558710840620193,-3.5558710840620193,-3.5558710840620193,7.153307981655253,5.745492390060649,5.418258262990745,6.680628091285576,4.940211549825657,6.736858340286227,1.3211647229343466,-3.5558710840620193,4.784856031486119,-3.5558710840620193,3.2972202827940205,-3.5558710840620193,-3.5558710840620193,-3.5558710840620193,-3.5558710840620193,0.7873636935690662,-3.5558710840620193,-3.5558710840620193,3.107787553707399,-3.5558710840620193,-3.5558710840620193,2.0706047579768327,-3.5558710840620193,3.619499014059829,-3.5558710840620193,-3.5558710840620193,-3.5558710840620193,5.959104687382103,2.826581087342877,-3.5558710840620193,-3.5558710840620193,-3.5558710840620193,-3.5558710840620193,4.140279708714327,-3.5558710840620193,-3.5558710840620193,4.59237883313788,-3.5558710840620193,-3.5558710840620193,8.520551373501135,4.213285194988117,4.706561641950518,-3.5558710840620193,-3.5558710840620193,-3.5558710840620193,-3.5558710840620193,3.2524971627504273,-3.5558710840620193,3.4326574209613883,1.1037922508462383,-3.5558710840620193,-3.5558710840620193,4.801080500039009,0.5313866513234569,5.076081416223965,5.778129173428434,-3.5558710840620193,3.3978181331118664,9.552956620202707,6.3404608259945014,4.276822115224418,6.175097638481233,-3.5558710840620193,-3.5558710840620193,-3.5558710840620193,2.745756812049912,-0.5447150703337318,2.489587785765657,-3.5558710840620193,-3.5558710840620193,1.3178895782378888,2.5590325101815417,2.0279833452890124,4.46352793741332,3.2910827290009053
PSMA264Q,-3.1778904610782863,-3.1778904610782863,-3.1778904610782863,-3.1778904610782863,-3.1778904610782863,-3.1778904610782863,-3.1778904610782863,8.506725844479547,-3.1778904610782863,-3.1778904610782863,-3.1778904610782863,-3.1778904610782863,7.646263606457852,6.191738108447123,6.347576291791153,6.620833816895379,5.173598389219236,7.351205146874297,-3.1778904610782863,-3.1778904610782863,3.3789168637451503,-3.1778904610782863,3.873578581457404,-3.1778904610782863,-3.1778904610782863,-3.1778904610782863,-3.1778904610782863,2.287835867792962,-3.1778904610782863,-3.1778904610782863,3.7205153543863645,-3.1778904610782863,2.0614385551546217,2.048279199518321,-3.1778904610782863,4.119384233487307,-3.1778904610782863,-3.1778904610782863,4.209431872044151,7.128348431182356,-3.1778904610782863,-3.1778904610782863,3.4729900776193743,-3.1778904610782863,-3.1778904610782863,-3.1778904610782863,-3.1778904610782863,-3.1778904610782863,4.231348283532497,-3.1778904610782863,-3.1778904610782863,8.452849623684898,4.884290386956352,2.631555499914553,-3.1778904610782863,-3.1778904610782863,-3.1778904610782863,-3.1778904610782863,3.2804557603748083,-3.1778904610782863,-3.1778904610782863,1.585733989057287,-3.1778904610782863,-3.1778904610782863,4.370596522835001,2.298206452573206,6.8076413426475275,6.469876598149587,-3.1778904610782863,-3.1778904610782863,9.945519682440636,5.7915746097466965,5.314180485262315,4.727322322861407,-3.1778904610782863,-3.1778904610782863,-3.1778904610782863,3.018930900220014,-3.1778904610782863,3.3776983416649093,-3.1778904610782863,-3.1778904610782863,5.681075939937846,-3.1778904610782863,-3.1778904610782863,1.26625001859966,-1.7649871423674455
PSMA264S,-3.4602164638599078,-3.4602164638599078,-3.4602164638599078,-3.4602164638599078,-3.4602164638599078,-3.4602164638599078,2.895040173575686,7.405987586627912,-3.4602164638599078,-3.4602164638599078,-3.4602164638599078,-3.4602164638599078,7.705943233717038,5.134799826087481,6.008322730440052,5.726519182678385,4.477357414631715,6.563795887802462,-0.3370764353582256,-3.4602164638599078,4.453314702332042,-3.4602164638599078,3.6858436977405846,-3.4602164638599078,-3.4602164638599078,-3.4602164638599078,-3.4602164638599078,0.6858741827339863,-3.4602164638599078,-3.4602164638599078,3.845234396073347,-3.4602164638599078,-3.4602164638599078,-3.4602164638599078,-3.4602164638599078,2.1754890617670277,-3.4602164638599078,-3.4602164638599078,4.016648810944386,6.2934187604950695,-3.4602164638599078,-3.4602164638599078,3.2964202448818787,-3.4602164638599078,-3.4602164638599078,4.263396307106152,-3.4602164638599078,-3.4602164638599078,5.267866948446006,-3.4602164638599078,-3.4602164638599078,8.026908654602686,4.601093471301768,4.136532144284027,-3.4602164638599078,-3.4602164638599078,-3.4602164638599078,-3.4602164638599078,2.91074699864937,-3.4602164638599078,1.8635028042054511,1.9476509143848943,-3.4602164638599078,-3.4602164638599078,4.038651912729334,1.185952592544517,6.0882789193708415,6.1331065440128905,-3.4602164638599078,-3.4602164638599078,9.815916702653789,5.393857555226605,4.078667738546798,6.102604690186423,-3.4602164638599078,-3.4602164638599078,-3.4602164638599078,1.7962214546710538,-3.4602164638599078,2.7046024524479266,-3.4602164638599078,-3.4602164638599078,6.658671235447764,1.76366063562992,2.0678343141566167,4.621081271263522,4.139877527762152
PSMA264U,-3.6971796841442153,-3.6971796841442153,-3.6971796841442153,-3.6971796841442153,-3.6971796841442153,-3.6971796841442153,-3.6971796841442153,6.614859515543991,-3.6971796841442153,-3.6971796841442153,-1.0580860731572983,-3.6971796841442153,7.466411756457974,5.22472477549824,5.910869480929487,5.036135063285905,4.369898871950257,6.8439180671230275,2.1406591344227985,-3.6971796841442153,2.238844679584573,-3.6971796841442153,1.6671649341803576,-3.6971796841442153,-3.6971796841442153,-3.6971796841442153,3.684351374605349,-1.0654829981581795,-3.6971796841442153,-3.6971796841442153,2.502192608959267,-3.6971796841442153,-3.6971796841442153,0.9319472117687813,-3.6971796841442153,2.3740551488437776,-3.6971796841442153,-3.6971796841442153,3.126309538929659,4.881013271901438,-1.2799556203017897,-3.6971796841442153,1.5488802452515014,0.9022985063669235,-1.2891985197352174,5.442039571428376,-3.6971796841442153,-3.6971796841442153,5.685888425673049,-3.6971796841442153,-3.6971796841442153,8.741781535582778,4.289526214688766,4.765152110474507,1.7598070145746991,-3.6971796841442153,-3.6971796841442153,-3.6971796841442153,3.447066068928857,-3.6971796841442153,-0.6817632565805862,1.580447308194877,-3.6971796841442153,-3.6971796841442153,3.5062058269160987,1.4697291339447283,5.316556125466131,5.544069149423791,-3.6971796841442153,-3.6971796841442153,9.204361053108698,5.77673549621698,5.633622690859039,5.741446455470811,-3.6971796841442153,-3.6971796841442153,-3.6971796841442153,0.5263269221309379,-0.1733522353784025,2.9860315391194714,-3.6971796841442153,-3.6971796841442153,7.148941374479447,2.724133099528956,-0.4766803043100669,1.8307439184227121,1.85904359101621
PSMA264W,-3.9835140022394633,-3.9835140022394633,-3.9835140022394633,-3.9835140022394633,-3.9835140022394633,-3.9835140022394633,-3.9835140022394633,6.5809412618220495,-3.9835140022394633,-3.9835140022394633,-3.9835140022394633,-3.9835140022394633,7.166503337979931,5.195280020881616,5.799889299904759,4.863488328782399,5.082709273618037,6.304767136510023,2.2334843009330694,-3.9835140022394633,4.064546343388558,-3.9835140022394633,3.550792523877406,-3.9835140022394633,-3.9835140022394633,-3.9835140022394633,-0.7070078179487069,-1.359313039395543,-3.9835140022394633,-1.6157808293876723,2.07990811024143,-3.9835140022394633,-3.9835140022394633,-0.5017874491622294,-3.9835140022394633,1.8009486207669028,-3.9835140022394633,-3.9835140022394633,3.5698432211053053,4.5988175962738564,-3.9835140022394633,-3.9835140022394633,3.1705658179651017,-3.9835140022394633,-3.9835140022394633,6.045816849008726,-3.9835140022394633,-3.9835140022394633,4.96530101511797,-3.9835140022394633,-3.9835140022394633,8.66141099978598,4.258710490295287,4.131460578699454,3.2530844961143393,-3.9835140022394633,-3.9835140022394633,-3.9835140022394633,1.7747005156592603,0.7793267811138431,1.4127036938329205,1.602805986366688,1.6625904496234778,-3.9835140022394633,4.0522666495726085,0.9615573877224506,5.173280745441887,5.428096582305995,-3.9835140022394633,2.0694485633371125,8.704413847734731,4.481094527259604,5.135337226444789,5.448136385786933,-3.9835140022394633,3.7535217404083285,-3.9835140022394633,1.0761586871561395,0.1241948196589675,2.9726036269696055,-0.20980757655599902,-3.9835140022394633,6.907010910420199,-0.1608597868874675,-0.26127511751179355,2.237212855044719,3.3267398993761805
PSMA265X,-3.815073774467086,-3.815073774467086,6.029033753160398,-3.815073774467086,-3.815073774467086,1.1359348403046674,-3.815073774467086,-3.815073774467086,-3.815073774467086,-3.815073774467086,-3.815073774467086,7.954524706378207,-3.815073774467086,5.277597602968457,-3.815073774467086,5.693271159206346,7.133864876484097,9.007150257510991,3.1584021242593234,-3.815073774467086,-0.11338018303841757,-3.815073774467086,4.849227431869578,4.4180222066983825,1.644950447108922,-3.815073774467086,-3.815073774467086,-3.815073774467086,-3.815073774467086,0.7419724562978587,1.3476690610947433,-3.815073774467086,-3.815073774467086,0.48264322244367897,2.003594891112649,2.6424553656853673,-3.815073774467086,-3.815073774467086,-3.815073774467086,2.369696515097764,4.384457792542971,-3.815073774467086,-3.815073774467086,2.7151671040350847,-3.815073774467086,4.686105934246834,3.496854535330672,2.881950437192187,7.936971209732592,-3.815073774467086,4.9077735391380894,7.860237246061421,2.942135193572799,2.2145423010830187,1.1062962865343184,0.8669837278818324,-3.815073774467086,-3.815073774467086,-3.815073774467086,-3.815073774467086,3.102678743969223,5.254147981650425,4.579770378851292,-3.815073774467086,5.518584664466537,4.888128372433956,6.441643389726172,-3.815073774467086,-3.815073774467086,-3.815073774467086,-0.8047659324900884,-1.8140230726393423,5.507173967462782,1.9520061350766973,-3.815073774467086,-0.7747174471531117,-3.815073774467086,1.5133413862981993,3.7138677405777676,5.370569441283095,-3.815073774467086,-3.815073774467086,6.7095441496250565,-3.815073774467086,-3.815073774467086,0.8230395965868258,-3.815073774467086
PSMA266U,-3.251054865786644,-3.251054865786644,3.046965148102088,-3.251054865786644,-3.251054865786644,2.2266501969183334,1.9785594716369719,-3.251054865786644,-3.251054865786644,-3.251054865786644,-3.251054865786644,6.814757298211603,-3.251054865786644,4.636876687910205,-3.251054865786644,3.2185648673617573,5.989970081451421,8.573301860997205,-3.251054865786644,-3.251054865786644,4.384228920554619,-3.251054865786644,4.48965090635891,-3.251054865786644,-3.251054865786644,-3.251054865786644,-3.251054865786644,-3.251054865786644,-3.251054865786644,1.0561771394567998,-3.251054865786644,-3.251054865786644,-3.251054865786644,-3.251054865786644,0.9644339688759018,-3.251054865786644,-3.251054865786644,-3.251054865786644,-3.251054865786644,2.389232931174501,3.287230245221928,-3.251054865786644,-3.251054865786644,2.5132869960032256,4.110876405788013,3.8208891270198135,4.907734865452671,5.140986999873595,9.793202836729819,-3.251054865786644,6.107240239177368,8.75452590821944,-3.251054865786644,6.340231506672653,-3.251054865786644,-3.251054865786644,-3.251054865786644,-3.251054865786644,-3.251054865786644,-3.251054865786644,2.7383937474562945,2.6175229397381035,4.035994605057974,-3.251054865786644,4.012463571092377,4.389256262603887,6.260059222419973,-3.251054865786644,-3.251054865786644,4.796859342247032,-3.251054865786644,-3.251054865786644,6.6727374814477365,2.7527799668634847,-3.251054865786644,-3.251054865786644,-3.251054865786644,-3.251054865786644,5.924205162967909,7.175767076280206,0.7917296168729084,-0.3412497930561038,6.294464868641674,-3.251054865786644,-3.251054865786644,1.0754699559794503,0.8851130487032979
PSMA266Y,-3.6106691153566075,-3.6106691153566075,4.3394343873036165,-3.6106691153566075,-3.6106691153566075,-3.6106691153566075,-3.6106691153566075,-3.6106691153566075,-3.6106691153566075,-3.6106691153566075,-3.6106691153566075,7.467766950644611,-3.6106691153566075,6.8205827941502575,-0.5947149263983995,5.608882126176571,6.0428506892354985,9.452088569250913,4.720135825356383,-3.6106691153566075,2.855485804827574,-3.6106691153566075,3.130010852862994,3.940164094157237,-0.05996173710884101,-0.40894800893883065,-3.6106691153566075,-3.6106691153566075,-3.6106691153566075,-3.6106691153566075,-0.3565886775249858,-3.6106691153566075,-3.6106691153566075,0.943147902615074,5.704072539067359,1.8502996113537513,-3.6106691153566075,-3.6106691153566075,-3.6106691153566075,5.561281257034825,2.417564670049032,-3.6106691153566075,-3.6106691153566075,-3.6106691153566075,-3.6106691153566075,4.2730304720004355,-3.6106691153566075,2.1619973787488593,7.920140090421719,-3.6106691153566075,4.695369039236375,8.37642165750179,3.045342276962872,5.549277565932886,-3.6106691153566075,-3.6106691153566075,-3.6106691153566075,-3.6106691153566075,-0.36843056181846556,-3.6106691153566075,-0.4907699742958407,2.7915354211113588,3.0795189630567634,-3.6106691153566075,4.908386700123982,4.8045955758903975,7.0260051907034775,-3.6106691153566075,-3.6106691153566075,-3.6106691153566075,-3.6106691153566075,3.8440247672407457,5.6613568303060475,3.517915471756364,-3.6106691153566075,-3.6106691153566075,-3.6106691153566075,-3.6106691153566075,1.1020488219538613,3.848132792565412,1.8376980961951421,0.5434643722578283,6.349106739360583,0.7983738035676406,-3.6106691153566075,2.951832121485867,1.6449005841661872
PSMA2671,-3.2297171838021086,-3.2297171838021086,5.429763834038061,-3.2297171838021086,-3.2297171838021086,0.5254486089742105,-3.2297171838021086,-3.2297171838021086,-3.2297171838021086,-3.2297171838021086,-3.2297171838021086,7.681248207172831,-3.2297171838021086,6.139004012745859,0.4491264831234201,5.381627145377276,6.993715424326313,9.28188016645036,4.149140370815762,-3.2297171838021086,1.514142763718242,-3.2297171838021086,3.474410324303024,3.7798223579970545,-3.2297171838021086,-3.2297171838021086,-3.2297171838021086,-3.2297171838021086,-3.2297171838021086,-3.2297171838021086,-3.2297171838021086,-3.2297171838021086,-3.2297171838021086,-3.2297171838021086,5.872726605546272,-3.2297171838021086,-3.2297171838021086,-3.2297171838021086,-3.2297171838021086,6.238282635543121,0.7188219528674527,-3.2297171838021086,-3.2297171838021086,1.0344992993044286,0.5580954087333616,5.627280792879559,2.232600221842546,2.42200007955055,9.164772403452353,-3.2297171838021086,7.246264405092671,8.74045322756939,0.4179446234159716,5.863019098390285,-3.2297171838021086,-3.2297171838021086,-3.2297171838021086,-3.2297171838021086,-3.2297171838021086,-3.2297171838021086,1.7544470255681528,2.3516307420779405,3.909894788695352,-3.2297171838021086,4.151856498704193,4.538926030568148,7.253244070905447,-3.2297171838021086,-3.2297171838021086,-3.2297171838021086,-3.2297171838021086,2.3190428213212932,7.207596877870104,4.283083839409218,-3.2297171838021086,-3.2297171838021086,-3.2297171838021086,-3.2297171838021086,4.956428035494544,5.230897358948157,-3.2297171838021086,-3.2297171838021086,7.18959013849988,-3.2297171838021086,-3.2297171838021086,-3.2297171838021086,1.361001436868385
PSMA2675,-3.9049067362700445,-3.9049067362700445,5.097715701480242,-3.9049067362700445,-3.9049067362700445,0.35761229342602086,-3.9049067362700445,-3.9049067362700445,-3.9049067362700445,-3.9049067362700445,-3.9049067362700445,6.692136271591923,-3.9049067362700445,5.564511206453447,-3.9049067362700445,6.0393889721629,6.572024832946733,7.968444995175344,3.469944280784177,-3.9049067362700445,2.6397047168987546,-3.9049067362700445,4.43555533949406,2.004163872215088,-3.9049067362700445,-2.131645332292452,-3.9049067362700445,-3.9049067362700445,-3.9049067362700445,-3.9049067362700445,0.6265291596097402,-3.9049067362700445,-3.9049067362700445,-3.9049067362700445,5.371508863970814,1.554280924996645,-3.9049067362700445,-3.9049067362700445,-3.9049067362700445,4.426027692443171,3.267730101719936,-3.9049067362700445,-3.9049067362700445,-3.9049067362700445,0.5490253956393509,5.794856162169571,1.180575768768886,0.587388103532092,7.926083666271932,-3.9049067362700445,5.763430894204288,8.851996280227345,1.8569408170664126,2.348834820282814,-0.45616366742885006,-3.9049067362700445,-3.9049067362700445,-3.9049067362700445,0.5103646425095079,-3.9049067362700445,2.2561040038892965,3.4537861530087426,3.862171382365468,-3.9049067362700445,5.08340652614904,5.107573183879237,6.404345413964565,-3.9049067362700445,-3.9049067362700445,3.5968539770236996,-0.537065970807328,3.684728294191049,6.774104175045245,4.144925458092615,-3.9049067362700445,-3.9049067362700445,-3.9049067362700445,1.0143595910650287,3.892842618724222,5.218120495117589,3.152092607760432,-0.730107184290107,7.22605661832346,-3.9049067362700445,-3.9049067362700445,1.6274338399533672,-0.3033164561671686
PSMA267J,-3.278207468333166,-3.278207468333166,-3.278207468333166,-3.278207468333166,-3.278207468333166,-3.278207468333166,-3.278207468333166,7.235250711920517,-3.278207468333166,-3.278207468333166,-1.6415158895243565,-3.278207468333166,8.161898730542529,5.724940164464869,6.094550187150159,6.0816408577766685,5.946054663509103,6.526535653307817,-3.278207468333166,-3.278207468333166,2.7385632961866264,-3.278207468333166,4.229654443747439,-3.278207468333166,-3.278207468333166,-3.278207468333166,-3.278207468333166,1.4420693656586554,-3.278207468333166,-3.278207468333166,2.380752422816439,-3.278207468333166,-3.278207468333166,0.03308148929560595,-3.278207468333166,2.1411452152050607,-3.278207468333166,-3.278207468333166,2.597705083955538,2.9219005851177826,-3.278207468333166,-3.278207468333166,2.1785124870743005,-3.278207468333166,-3.278207468333166,5.670115141912825,-3.278207468333166,-3.278207468333166,4.082306849738547,-3.278207468333166,-3.278207468333166,8.954059244781885,4.144306021272082,2.8848343249084225,2.8290081142980448,-3.278207468333166,0.5997078268778182,0.31744518073118044,2.6938696144308496,-3.278207468333166,0.24499883276328482,1.5613827790905699,-3.278207468333166,-3.278207468333166,4.301103671798073,1.375601314290238,5.793408652820144,5.926058314382136,-3.278207468333166,-3.278207468333166,9.79318711289717,5.581168200426845,4.4142594988424,5.653990563602398,-3.278207468333166,3.290789060412873,-3.278207468333166,-0.2828246688957208,1.1797309709772978,3.100107527843007,-3.278207468333166,-3.278207468333166,7.270219416298501,-3.278207468333166,-3.278207468333166,-3.278207468333166,0.5125815692493685
PSMA267P,-3.7937941815073764,-3.7937941815073764,-3.7937941815073764,-3.7937941815073764,-3.7937941815073764,-3.7937941815073764,-3.7937941815073764,7.137101844859886,-3.7937941815073764,-1.8715080086896911,-3.7937941815073764,-3.7937941815073764,7.527823306987074,5.0147577100213745,5.478945957778683,6.910467104607927,5.649577046684481,5.356260521459177,-3.7937941815073764,-3.7937941815073764,4.928485071782319,-3.7937941815073764,2.5980871992274484,-3.7937941815073764,-3.7937941815073764,-3.7937941815073764,5.306987647235941,2.441406186705888,1.560661833588913,-3.7937941815073764,2.11238156476308,-3.7937941815073764,0.8178950283681363,-0.8872461169020358,-3.7937941815073764,2.416100606672871,-3.7937941815073764,-3.7937941815073764,2.7899213833116576,5.838718585967622,-0.7546398153649623,-3.7937941815073764,0.425896928061297,-3.7937941815073764,0.0198372939433753,-0.35479976986945516,-3.7937941815073764,-3.7937941815073764,3.6628492029841535,-3.7937941815073764,-2.4281400981840733,6.941567725136352,3.926822086290943,3.898521409811398,2.0888598393942974,-3.7937941815073764,-3.7937941815073764,-3.7937941815073764,2.6855774666372314,-1.505009889980144,0.541337228419632,0.7873666955769565,-3.7937941815073764,-3.7937941815073764,2.60440405230547,0.8983298516793958,6.6103080093751485,4.574224015240345,-3.7937941815073764,-3.7937941815073764,9.384196635926006,5.352361174838121,5.364867887188758,5.062387823605629,-3.7937941815073764,0.5567923571947588,-3.7937941815073764,-3.7937941815073764,0.5038284323462356,2.974078180579572,-3.7937941815073764,0.3309445708911358,7.43595206264313,2.425826728724009,0.6293802814396994,2.032148839615618,2.0202811753006475
PSMA267R,-3.537082312049014,-3.537082312049014,-3.537082312049014,-3.537082312049014,-3.537082312049014,0.5896512480940892,-3.537082312049014,5.762712242871361,-3.537082312049014,0.1640142075153026,-3.537082312049014,-3.537082312049014,7.302534269911625,4.212582307678835,5.006429238149055,4.795010301231968,5.059076132358744,5.428694542787828,-0.22533207957626722,-3.537082312049014,3.490874370762862,-3.537082312049014,2.0541623501033595,-3.537082312049014,-3.537082312049014,-3.537082312049014,5.1849156824733855,-3.537082312049014,-3.537082312049014,-3.537082312049014,0.35947176620343946,-3.537082312049014,-3.537082312049014,-3.537082312049014,-3.537082312049014,-0.12671051985664405,-3.537082312049014,-3.537082312049014,4.558506589918442,6.474829960931842,-3.537082312049014,-3.537082312049014,4.245346520345426,-3.537082312049014,-3.537082312049014,3.349797126156793,1.7156445182796904,-3.537082312049014,7.494549113498575,-3.537082312049014,-3.537082312049014,8.110304756541954,3.2426367540808183,4.93012609903368,-1.6528210322458872,-3.537082312049014,0.36586843554356463,-3.537082312049014,-1.437696245854717,-3.537082312049014,3.356442028026825,0.7035570854827586,3.592712831680535,-3.537082312049014,2.319649821456917,-0.12671051985664405,6.080395729013665,-3.537082312049014,-3.537082312049014,4.619959058468998,9.752581271610275,3.2169336829059683,5.590703973968278,5.240620502500236,-3.537082312049014,3.615806821755858,-3.537082312049014,-3.537082312049014,3.7132613080021573,1.465195075647756,-3.537082312049014,-3.537082312049014,7.347634679369852,0.8099033731357483,0.8499891321121709,1.89755304942787,2.681448331130265
PSMA269S,-4.115053509459575,-4.115053509459575,5.208734294388693,-4.115053509459575,-4.115053509459575,2.5013494021773433,-4.115053509459575,-4.115053509459575,-4.115053509459575,-4.115053509459575,-4.115053509459575,7.390289100187627,-4.115053509459575,5.714759616355723,-4.115053509459575,5.603525095333035,6.5172479680213335,8.095000168010246,3.710557748830195,-4.115053509459575,2.003151383994725,-4.115053509459575,4.945097714477072,4.818971140970463,2.3021003684244823,-4.115053509459575,-0.3089378186139431,2.4588539202792496,-4.115053509459575,-4.115053509459575,1.7217395806814446,1.1626708728164257,-4.115053509459575,2.3094230212484765,6.71363969743242,4.418185195044338,-4.115053509459575,-4.115053509459575,-4.115053509459575,5.953000749224781,4.047627541493484,-4.115053509459575,-4.115053509459575,1.9913699579265485,-4.115053509459575,4.701622421104698,3.0858290620460735,0.08602908541557674,6.820961892399872,-4.115053509459575,4.2766446971155165,8.42690880589842,2.970662773296194,1.2572320522822409,0.7793461453943173,0.2043603629209052,2.0953899865336396,-4.115053509459575,-4.115053509459575,-4.115053509459575,3.8322370018189913,4.841828965786038,1.7232306591536473,-4.115053509459575,4.9876059394783985,4.954371741260154,6.476919768128649,-4.115053509459575,-4.115053509459575,-4.115053509459575,1.1297727886297029,-4.115053509459575,3.1373444036045504,1.5569769459915026,-4.115053509459575,-4.115053509459575,-4.115053509459575,1.4130246040487773,4.5793452243132355,4.996405401524726,-4.115053509459575,-4.115053509459575,6.992160112197067,-4.115053509459575,-4.115053509459575,-4.115053509459575,0.5428610102339189
PSMA269W,-4.164173715228358,-4.164173715228358,5.168626700514603,-4.164173715228358,-4.164173715228358,1.652348803391373,-4.164173715228358,-4.164173715228358,-4.164173715228358,-4.164173715228358,-4.164173715228358,8.21713908944941,-4.164173715228358,5.0000323439891945,-4.164173715228358,4.532050924374019,5.995171781455641,7.97137901529958,2.9166276205029824,-4.164173715228358,3.1405304216626,-4.164173715228358,3.916185325582034,4.19290064269836,1.4002287086580552,-4.164173715228358,-4.164173715228358,1.5125988043899792,-4.164173715228358,1.4511231403147296,4.270505007673857,0.36522656512548934,-4.164173715228358,3.838709285333467,4.918621487279061,4.012431639493431,-4.164173715228358,-4.164173715228358,-4.164173715228358,6.056712741986077,3.288855174529157,-4.164173715228358,-4.164173715228358,2.9270333088592793,-4.164173715228358,4.965151416263951,2.6314360890762556,-4.164173715228358,6.778078028577223,-4.164173715228358,4.106081349917838,7.857818167354667,3.7092480429130825,3.9348568476191845,-0.16543309592125865,-2.10840556697047,-4.164173715228358,-4.164173715228358,0.08113375801233147,-4.164173715228358,3.087679333823103,4.656583636614464,-4.164173715228358,-4.164173715228358,4.20826608860404,4.60657955901086,6.589425470432513,-4.164173715228358,-4.164173715228358,-4.164173715228358,-4.164173715228358,0.7848815155285536,-4.164173715228358,0.7771847131108824,-4.164173715228358,-4.164173715228358,-4.164173715228358,2.363962670559892,3.1184016356698985,5.155335452122729,1.16439198009361,2.422294979051043,7.576377924192858,-4.164173715228358,-4.164173715228358,4.502803412359341,3.1453901707137977
PSMA26A1,-3.5756237665722157,-3.5756237665722157,6.761193299639846,-3.5756237665722157,-3.5756237665722157,1.2553877507428446,1.2953247719459267,-3.5756237665722157,-3.5756237665722157,-3.5756237665722157,-3.5756237665722157,8.173907116764227,-3.5756237665722157,5.5849429770558245,-3.5756237665722157,5.765136079023365,7.1839212944914665,8.801146682832183,-3.5756237665722157,-3.5756237665722157,3.3918806140735107,-3.5756237665722157,4.115361685719845,4.741229380807508,1.3321889494680885,-1.7662024952863327,-3.5756237665722157,-3.5756237665722157,-3.5756237665722157,-3.5756237665722157,-0.4314958628310954,-3.5756237665722157,-3.5756237665722157,-3.5756237665722157,6.774623951357839,-0.02392875227196889,-3.5756237665722157,-3.5756237665722157,-3.5756237665722157,6.461404248444802,3.2646351752927902,-3.5756237665722157,-3.5756237665722157,0.4162002357882155,1.779727282243181,5.559133401960617,1.7643507185032643,-3.5756237665722157,7.09602691888095,-3.5756237665722157,2.2601494703118226,8.748412930664387,3.2960263302052653,4.1221012807894235,-3.5756237665722157,-3.5756237665722157,-3.5756237665722157,-3.5756237665722157,-3.5756237665722157,-3.5756237665722157,3.0378219740418926,5.380060914512528,2.618807941268014,-3.5756237665722157,6.1279961646923775,4.610084041129583,7.594674901012726,-3.5756237665722157,-3.5756237665722157,-3.5756237665722157,-3.5756237665722157,1.6837077941566463,0.547661809704497,2.9021418955623277,-3.5756237665722157,-0.3789891794885012,-3.5756237665722157,0.7150806278748831,3.230728220991687,4.57112183570002,-3.5756237665722157,-3.5756237665722157,7.631951814076025,-3.5756237665722157,-3.5756237665722157,1.8006720389677522,2.496083400790158
PSMA26A3,-3.6982052988308034,-3.6982052988308034,3.5436177147552277,-3.6982052988308034,-3.6982052988308034,2.615683845846563,-3.6982052988308034,-3.6982052988308034,-3.6982052988308034,-3.6982052988308034,-3.6982052988308034,7.156729260110106,-3.6982052988308034,5.633830284597223,-3.6982052988308034,4.504657338478445,6.091599754881985,8.476821896911758,3.7003291947143824,-3.6982052988308034,4.828813011013737,-3.6982052988308034,3.6442438777662156,2.7627276027796697,-3.6982052988308034,-3.6982052988308034,-3.6982052988308034,-3.6982052988308034,-3.6982052988308034,-3.6982052988308034,-0.8420736361458978,-3.6982052988308034,-3.6982052988308034,2.021952089795432,0.8809283939379373,3.36216806386565,-3.6982052988308034,-3.6982052988308034,-3.6982052988308034,5.82144993530086,3.4804189402962233,-3.6982052988308034,-3.6982052988308034,4.742864051517596,2.4778973518260665,4.903305766592331,2.103359798027748,0.5921380809600585,8.814125862421758,-3.6982052988308034,4.870077096539167,8.754546912669138,2.8840098516388597,1.1702237303700542,-3.6982052988308034,-3.6982052988308034,-3.6982052988308034,-3.6982052988308034,1.0229388395725199,-3.6982052988308034,4.027671334256077,3.712164517252196,2.431546848038125,-3.6982052988308034,5.248946352050501,4.21807917878129,6.184357461734839,-3.6982052988308034,-3.6982052988308034,-3.6982052988308034,-3.6982052988308034,4.76119887735912,6.316009067861339,3.7623212023003063,-3.6982052988308034,-3.6982052988308034,-3.6982052988308034,0.9077390818213207,2.747650700549058,5.076844726341349,-3.6982052988308034,-3.6982052988308034,7.51099361981507,-3.6982052988308034,-3.6982052988308034,2.2376673019233504,1.4275510428586742
PSMB4MBI,-3.0150516826771874,-3.0150516826771874,-3.0150516826771874,-3.0150516826771874,-3.0150516826771874,-3.0150516826771874,-3.0150516826771874,4.859626233072349,-3.0150516826771874,-3.0150516826771874,-3.0150516826771874,-3.0150516826771874,7.113177553562176,4.896563558065617,6.3044259525371755,3.9133872392918576,4.365656819676988,6.304332455787806,0.14735316833383827,-3.0150516826771874,4.564310067578984,-3.0150516826771874,3.4779906200508712,-3.0150516826771874,-3.0150516826771874,-3.0150516826771874,3.4424796911360502,-3.0150516826771874,-3.0150516826771874,-3.0150516826771874,-3.0150516826771874,-3.0150516826771874,-3.0150516826771874,-3.0150516826771874,-3.0150516826771874,-3.0150516826771874,2.906375380785054,-3.0150516826771874,2.9578701014351116,6.5406388704117955,-3.0150516826771874,-3.0150516826771874,3.4583824305189754,-3.0150516826771874,-3.0150516826771874,4.374648353784159,-3.0150516826771874,-3.0150516826771874,7.304176777269314,-3.0150516826771874,1.0000830490686656,9.222180852503039,3.801200919136212,3.3824845151682794,1.1187873884334465,-0.9243490973805404,-3.0150516826771874,-3.0150516826771874,-0.030925060734203313,-3.0150516826771874,-3.0150516826771874,0.9095752093984562,1.2173438480184,-3.0150516826771874,2.201016730257482,1.7150100060608402,6.928719598237568,2.792484779056034,-3.0150516826771874,-3.0150516826771874,10.170088056463259,3.6350105155866084,4.535011609223738,4.76015441068744,-3.0150516826771874,3.3628402407736484,-3.0150516826771874,-3.0150516826771874,1.6103231518861527,2.537636105551945,-3.0150516826771874,-3.0150516826771874,8.62377658568733,0.4626844688461347,-3.0150516826771874,-3.0150516826771874,0.399559495009683
PSMB4MBK,-4.550194007702521,-4.550194007702521,-4.550194007702521,-4.550194007702521,-4.550194007702521,2.207267723515561,-4.550194007702521,5.649109049850961,-4.550194007702521,-1.1839503261389304,-4.550194007702521,-4.550194007702521,6.370156317503174,2.8942953335646804,4.568899560491981,4.530079063186723,4.079058382800263,4.73292318042216,1.3503519585724355,-4.550194007702521,4.556403248327645,-4.550194007702521,3.027877058183038,-4.550194007702521,-4.550194007702521,-4.550194007702521,-4.550194007702521,2.7746784789625085,0.05181973019050723,0.6613788923571349,2.7169163443213185,-4.550194007702521,1.270368841262262,-0.2968070322803058,-4.550194007702521,4.0409968095067414,2.2116738394368474,-4.550194007702521,4.2949651777856745,7.59140824715428,0.6886304748789467,-4.550194007702521,-4.550194007702521,-4.550194007702521,-4.550194007702521,4.732510920491713,2.738203865179436,-4.550194007702521,6.4083374079218345,-4.550194007702521,1.1239865109354277,8.131852743194157,4.670430665190244,3.335015086763912,3.614728044245523,-4.550194007702521,-4.550194007702521,-4.550194007702521,0.7085926053975662,2.0393763893038948,3.500378555177037,2.0416950714358144,3.2655412128563173,-4.550194007702521,2.6684557679952956,-0.4488406927817188,5.267619106085989,-4.550194007702521,-4.550194007702521,2.232102510553881,5.468600765932836,2.626600310983293,2.681670998973763,5.210174360124144,-4.550194007702521,3.8894124342088396,-4.550194007702521,-0.02862234402694952,0.8662293015892342,3.5246536300414553,0.2799326032121243,-0.01948437974735384,7.452048631455117,-0.4540948790018131,-2.5578477790336365,1.0011387404708234,0.837206933062209
PSMB4MC1,-4.45789860784817,-4.45789860784817,6.0291733665304355,0.0173309350683315,-4.45789860784817,2.0004668862488826,1.5918445801773045,-4.45789860784817,-4.45789860784817,-4.45789860784817,-4.45789860784817,7.515002827669099,0.6228530281383939,5.695246801281082,-4.45789860784817,5.619922423591791,5.544242491584347,8.087287958466735,3.5620608003878402,-4.45789860784817,1.9962812684848688,-4.45789860784817,2.97515697249714,4.692707121997006,1.92248046221078,-0.8420911515985914,-4.45789860784817,0.46217866328519364,-4.45789860784817,-0.722703308492191,1.9236954751121083,-2.8489861088129373,-4.45789860784817,0.6126080629927202,4.195081063228997,2.6333792131435905,-4.45789860784817,-4.45789860784817,-4.45789860784817,5.199141475597735,3.107105409911953,-4.45789860784817,-4.45789860784817,3.350142911247154,2.7891646296676003,3.996407836980027,2.718228763525584,1.8099105986226078,7.026445036901375,-4.45789860784817,2.8007776814195697,7.5120283992360415,2.901597905239358,2.0992067791690774,-1.8548678941217673,-0.2700568901057867,-4.45789860784817,-4.45789860784817,1.2018221019286042,-4.45789860784817,3.2290306747709243,3.54599019734791,-4.45789860784817,-4.45789860784817,5.26046524090743,5.039818937111726,6.387155998113911,-4.45789860784817,-4.45789860784817,0.7006510082777115,-1.7887919234465084,2.789602561699825,2.80502618717333,2.071463114296664,-4.45789860784817,-4.45789860784817,-4.45789860784817,1.2737917234767515,3.001300678339632,4.474912708184658,-4.45789860784817,-4.45789860784817,6.098775282478789,-4.45789860784817,-4.45789860784817,2.651136027488091,1.6000299879172868
PSMB4MC3,-3.4201148345545374,-3.4201148345545374,5.615206654119914,-3.4201148345545374,-3.4201148345545374,-3.4201148345545374,-3.4201148345545374,-3.4201148345545374,-3.4201148345545374,-3.4201148345545374,-3.4201148345545374,7.906967595309999,-3.4201148345545374,7.345656645971786,-3.4201148345545374,6.124879936872755,6.759033054293217,9.599168721966587,5.509480830682775,-3.4201148345545374,-3.4201148345545374,-3.4201148345545374,2.1532290873171522,5.935482019587436,3.0122605967585727,-3.4201148345545374,-3.4201148345545374,-3.4201148345545374,-3.4201148345545374,-3.4201148345545374,2.327051708089794,0.43934384978838814,-3.4201148345545374,2.6035167020128833,2.778287796728356,2.605968367299403,-3.4201148345545374,-3.4201148345545374,-3.4201148345545374,6.50169693691354,2.1235262038167466,-3.4201148345545374,3.2727085411669457,-3.4201148345545374,-3.4201148345545374,3.904162259758997,1.485503352161043,-0.3067733500775418,6.595112472260218,-3.4201148345545374,5.2270206580340695,8.740247413543818,3.8422492842264493,2.356706067957324,-3.4201148345545374,-3.4201148345545374,2.079324365232818,-3.4201148345545374,-3.4201148345545374,-3.4201148345545374,-3.4201148345545374,4.43201402478428,3.1463858921681584,-3.4201148345545374,5.103376854724294,4.515176782943055,7.1385222357548095,-3.4201148345545374,-3.4201148345545374,-3.4201148345545374,-3.4201148345545374,1.539576016566702,6.407415563560145,2.6843547423892726,-3.4201148345545374,-3.4201148345545374,-3.4201148345545374,-3.4201148345545374,2.436389521610341,3.328330290159643,-3.4201148345545374,-3.4201148345545374,6.962688514458538,-3.4201148345545374,-3.4201148345545374,3.274717869579618,2.1022774882568047
PSMB4MC5,-3.410418619556454,-3.410418619556454,4.257471265280784,-3.410418619556454,-3.410418619556454,2.1616054246516487,-3.410418619556454,-3.410418619556454,-3.410418619556454,-3.410418619556454,-3.410418619556454,7.315222291792732,-3.410418619556454,5.477126992050812,-3.410418619556454,5.257707762865339,5.117180368444143,9.146007319071304,-3.410418619556454,-3.410418619556454,2.2082677625108307,-3.410418619556454,4.5041076469762436,2.3875286430986673,-3.410418619556454,-3.410418619556454,-3.410418619556454,-3.410418619556454,-3.410418619556454,-3.410418619556454,-3.410418619556454,-3.410418619556454,-3.410418619556454,-3.410418619556454,-0.07651859823017837,1.788708935383914,-3.410418619556454,-3.410418619556454,-3.410418619556454,4.500250629304845,3.461694534390517,-3.410418619556454,-3.410418619556454,-3.410418619556454,1.2639420062688842,4.572454093105052,3.4726568416384787,3.470161745159791,8.69538321402154,-3.410418619556454,5.438157987416955,8.756312790330943,1.89424441939296,4.217952787295382,-3.410418619556454,-3.410418619556454,-3.410418619556454,-3.410418619556454,-3.410418619556454,-3.410418619556454,3.7502981052060793,3.6163269211042444,5.608615797484492,-3.410418619556454,4.758933411574886,4.167988792245413,6.282631106433393,-3.410418619556454,-3.410418619556454,-3.410418619556454,0.8144501683029208,2.8675995829538747,8.030189690766978,4.076937438959892,-3.410418619556454,-3.410418619556454,-3.410418619556454,-3.410418619556454,6.2471706332593175,6.971245534892922,-3.410418619556454,-3.410418619556454,6.1218726472642935,1.2115471616806541,-3.410418619556454,2.8400308891606763,1.889198672920239
PSMB4MC7,-4.215049259113883,-4.215049259113883,-4.215049259113883,-4.215049259113883,-4.215049259113883,2.382487492400042,-4.215049259113883,5.548086231553493,-4.215049259113883,-4.215049259113883,-1.2313664002542524,-4.215049259113883,7.11375763823002,4.1682808625500085,5.457310862258415,4.894351079367561,4.679283406757456,5.916562078803752,1.971902587634487,-4.215049259113883,2.2989075216275054,-4.215049259113883,2.0120301001147727,-4.215049259113883,-4.215049259113883,-4.215049259113883,-4.215049259113883,1.793303887637343,-4.215049259113883,-4.215049259113883,2.900800651053599,-4.215049259113883,-4.215049259113883,-4.215049259113883,-4.215049259113883,2.6034406699595536,3.0621416173245803,-4.215049259113883,3.662904778789957,6.575760442722215,1.753088655870588,-4.215049259113883,3.235300088108417,-4.215049259113883,0.8435637028802887,4.6684721064680215,3.066694621630984,-4.215049259113883,7.520920325024994,-4.215049259113883,-0.7518768620616836,7.537634507295389,3.6213369470133747,2.61370121437809,1.081312774831492,-4.215049259113883,-4.215049259113883,-4.215049259113883,0.5061696803019391,-4.215049259113883,3.4380172861277796,1.5696153878591836,3.8732351465296766,-4.215049259113883,1.4546694871411585,1.0744635821861728,6.206902481004997,4.30886700457138,-4.215049259113883,3.049897941889225,8.344248258553055,3.3020993744029443,4.553985201790948,6.010025808372649,-4.215049259113883,3.8500835836158087,-4.215049259113883,-4.215049259113883,3.4276174738869845,1.736593063339031,-4.215049259113883,-4.215049259113883,7.338397757024495,0.7803359232592744,0.6148338590140323,2.199838329965032,2.136083475359368
CSM5FZ4A_P,3.7708331811381672,5.278945738611085,-3.4397045628327927,-3.4397045628327927,-3.4397045628327927,0.22759750835918702,0.37400720942723353,7.376046177363483,3.0229859463817075,3.7932298170075365,5.2606468084140845,-3.4397045628327927,-3.4397045628327927,7.662306538259255,9.272807681070937,2.376858650232127,8.299096420892695,8.981298077455964,-3.4397045628327927,-3.4397045628327927,-3.4397045628327927,-3.4397045628327927,2.040914529205228,5.083393890082622,2.968470198287399,3.8427128074842027,5.964621120076346,-1.0494772260678058,2.9716335023442255,-3.4397045628327927,3.0662500795058216,-0.5271610678092173,0.7400935159159996,-0.30169239828533634,2.9487672279389674,-0.8794088101046604,1.7515281447143138,-3.4397045628327927,-3.4397045628327927,-3.4397045628327927,-3.4397045628327927,2.647149397217591,-3.4397045628327927,-3.4397045628327927,2.3462647750551824,3.2600266455115596,-3.4397045628327927,-3.4397045628327927,5.176474239950266,-3.4397045628327927,-3.4397045628327927,6.51646355230991,3.911330495786748,-3.4397045628327927,-3.4397045628327927,0.36278079970385235,-3.4397045628327927,-3.4397045628327927,-3.4397045628327927,-0.5895455643598844,-3.4397045628327927,3.9877699385556475,-3.4397045628327927,-3.4397045628327927,6.782178687841,6.770404805397206,6.643249949496402,-3.4397045628327927,-1.0494772260678058,-3.4397045628327927,-3.4397045628327927,-3.4397045628327927,-3.4397045628327927,3.856873061780221,-3.4397045628327927,-3.4397045628327927,-3.4397045628327927,-3.4397045628327927,-3.4397045628327927,2.1449299325882123,-3.4397045628327927,-3.4397045628327927,6.230049169833059,-3.4397045628327927,-3.4397045628327927,-3.4397045628327927,-3.4397045628327927
CSM5FZ4E_P,-3.3961162312159363,3.0803153709036035,6.784785357793335,7.873406187391245,0.5503505139574258,-3.3961162312159363,2.0431590715632275,2.869388546366398,-3.3961162312159363,7.540566328540586,-3.3961162312159363,-3.3961162312159363,-3.3961162312159363,8.861976355996271,-0.38225100095406894,6.827693325335863,9.585896111841555,3.2202936426310655,5.527027655288369,-3.3961162312159363,-3.3961162312159363,-3.3961162312159363,-3.3961162312159363,4.949599472959043,3.3975386553125038,-3.3961162312159363,-3.3961162312159363,2.7058854750288273,1.0979261297726897,-3.3961162312159363,-0.7242364939326507,-3.3961162312159363,3.105020582493796,-0.41559023075732604,-1.11448981732757,1.8229094691199919,-3.3961162312159363,-3.3961162312159363,3.7695156813680653,-3.3961162312159363,1.8584164762824802,4.127007677238753,-3.3961162312159363,-3.3961162312159363,-3.3961162312159363,-3.3961162312159363,5.565552713625214,-3.3961162312159363,-3.3961162312159363,5.184067305187107,-3.3961162312159363,7.456295819169494,-3.3961162312159363,-3.3961162312159363,1.9494901291657811,-3.3961162312159363,-3.3961162312159363,-0.13639797475278037,1.2845946845372094,1.6410679019808043,-3.3961162312159363,3.219250498833275,-3.3961162312159363,4.663052836034068,5.104938564712199,1.277344409424387,1.8241135741790533,7.069035432925043,-3.3961162312159363,-3.3961162312159363,-3.3961162312159363,-3.3961162312159363,-3.3961162312159363,-3.3961162312159363,0.08504758651898925,0.8960066584600419,5.350606824226976,4.733564859687395,4.188138195999951,3.8153201414925233,-3.3961162312159363,-3.3961162312159363,6.694079395869927,-3.3961162312159363,-3.3961162312159363,-3.3961162312159363,-3.3961162312159363
ESM5GEZ4_P,-4.339197999045174,-4.339197999045174,-4.339197999045174,-4.339197999045174,-4.339197999045174,-4.339197999045174,-4.339197999045174,6.219255862630412,-4.339197999045174,5.834997505556377,0.15968138568922008,-4.339197999045174,6.070061780265794,6.832553732399457,-2.7952752516410317,7.1555899362627375,6.759751789449711,7.1613562920528855,2.839239396669713,-4.339197999045174,4.140665365128757,2.3398540435811057,4.129152171242069,-4.339197999045174,-4.339197999045174,2.7693430660121168,-4.339197999045174,1.430254053050776,1.4689123928902976,1.4130265463720573,2.075550329572004,0.028571744652769127,-4.339197999045174,2.0417349339105018,4.074797015469602,2.9301064424395262,1.8493658667645265,-4.339197999045174,2.496033833547547,5.596354059191157,-0.0025959497289314015,2.924741150853839,-1.4231810511212757,-4.339197999045174,-4.339197999045174,6.209815237480406,-4.339197999045174,-4.339197999045174,6.080713003715328,-4.339197999045174,4.761853195857888,7.989776312651568,3.8043067489232705,2.9017816298804924,-4.339197999045174,-4.339197999045174,-4.339197999045174,-4.339197999045174,1.842212145325747,-4.339197999045174,-1.2178626936543715,3.055851478306665,-4.339197999045174,-4.339197999045174,5.786698579210546,-1.5571168174025694,7.187359545701607,6.401284711707574,2.2534257107420688,-4.339197999045174,3.8381608962111287,1.274925877347382,5.540205652937406,2.972866075537727,-4.339197999045174,-4.339197999045174,-4.339197999045174,0.1620191918307139,-1.7348842748177944,0.8949350138859078,-4.339197999045174,-4.339197999045174,3.4744060834270227,4.333362420757823,1.244148263822023,3.1968730622178967,-4.339197999045174
ESM5GEZ6_P,-0.07275718333168602,0.04093721508928283,0.9973963128471128,5.659702569196707,-6.412382128654816,-0.801575370540224,-0.846662619201398,3.3224001027792456,-6.412382128654816,3.5365020795566737,-2.0513312662137437,-6.412382128654816,3.3166086303620936,4.007580670528055,0.49717290446922124,4.031168561092514,3.14313249269157,4.161794522678466,0.09131765729483021,-6.412382128654816,3.571938918726414,2.005856396367893,3.8809496708899354,0.6930956731706601,-6.412382128654816,0.6800253368006066,-6.412382128654816,0.7184832588485293,1.404244533096798,0.18333252159963465,2.4537962387218357,0.32338309045476876,1.8426152972280683,0.6376685264552799,2.0571594759038607,3.102808338470642,2.166279457023233,-6.412382128654816,1.1724011542102222,2.5198282445308964,0.6578247985635945,2.149083596128083,-6.412382128654816,2.2631176833203375,2.155260398607396,3.3940369867700992,-6.412382128654816,-6.412382128654816,4.751566388817118,-6.412382128654816,2.322082854715938,5.668928075980305,2.444274060964524,0.6185810745976683,-6.412382128654816,-6.412382128654816,0.8796572225769665,1.3735408927949821,-0.6971945156662915,-6.412382128654816,-0.7377209507411653,1.4238984793095595,0.7799383249492573,-6.412382128654816,4.348361702949555,-6.412382128654816,4.23923326806128,3.782278158967151,-0.007600878999780569,-6.412382128654816,-2.0798254507782534,2.276799356932779,4.619461547239471,2.6220788757902005,-6.412382128654816,-0.06703976498119069,0.8170081447335917,2.3197019029130086,-0.34705527774985345,1.9035675070498845,-0.2029505231273312,0.2766291902718292,2.7321220149610426,-1.0039903772918528,-1.0674486195472763,1.664304166438276,1.3999277133424073
ESM5GEZA_P,-4.738371934635788,-4.738371934635788,-4.738371934635788,7.520280894441498,-4.738371934635788,-0.2979803228838751,-4.738371934635788,5.232424479447674,-4.738371934635788,5.139285722987348,-1.7628422834325352,-4.738371934635788,3.800254426628489,6.393962474893309,-1.4645234595447807,5.998633290315139,4.942966937319284,6.276314365246996,1.3585337374774609,-4.738371934635788,4.284825084372693,2.7367828044279277,4.760540377768681,-4.738371934635788,-4.738371934635788,1.167427141799858,-4.738371934635788,-1.235051744618108,0.20297983693350474,-4.738371934635788,4.371479716886765,0.754756587684005,-4.738371934635788,-0.269074662624611,0.7982938223468921,4.149985624959321,2.508864428619394,-4.738371934635788,2.9061524067544156,3.6671773062925084,0.8375596395101894,3.167689166859639,1.851959550071741,1.453617244957286,-4.738371934635788,4.535038528396691,0.37047990130522557,-4.738371934635788,5.648277015608875,-4.738371934635788,5.153849281252728,7.105173549150068,2.9659751678677644,3.3556121812706197,-4.738371934635788,-4.738371934635788,-4.738371934635788,-4.738371934635788,3.2361445933516926,-4.738371934635788,-0.15560184410255218,3.5461978273244554,-4.738371934635788,-4.738371934635788,5.082255322589983,-4.738371934635788,6.82063302576416,6.826097552611053,0.22891079966551864,-4.738371934635788,-4.738371934635788,2.0153563897171693,5.522877601124531,3.953805390353156,-4.738371934635788,-4.738371934635788,-4.738371934635788,-0.22900847483312958,-0.502413333524732,0.4915795293625358,1.856997159502276,1.717159411031468,4.462735568872185,3.8490463576142604,1.2574957846695831,2.6358357063223092,1.5444880749376688
ESM5MEAB_P,-0.42807446063076426,2.6461623432901398,2.3938983599831873,2.5446416306301094,0.7827937654448291,-3.679320345097688,-3.679320345097688,1.4278479027617497,-3.679320345097688,5.027130632773588,-3.679320345097688,-3.679320345097688,4.035680205198284,7.110901394784793,9.171732611871011,-3.679320345097688,7.395300116769387,6.9828003158531615,0.6829243368404683,2.3622811031699626,-3.679320345097688,-3.679320345097688,1.3554825946548803,-3.679320345097688,-3.679320345097688,-3.679320345097688,4.894222602364084,2.64635893808624,-3.679320345097688,-3.679320345097688,5.149604773973232,-3.679320345097688,3.709543435923412,-0.40287412277111123,-3.679320345097688,-3.679320345097688,4.90989987373907,-3.679320345097688,-3.679320345097688,4.301917714180836,-3.679320345097688,3.2572810822810476,2.9318711852609436,5.232608533777591,-3.679320345097688,6.913350497752511,2.2888781014753734,-3.679320345097688,-3.679320345097688,-3.679320345097688,-3.679320345097688,8.194450292263175,-3.679320345097688,6.348996570341896,-3.679320345097688,-3.679320345097688,-3.679320345097688,2.7932633603322516,-3.679320345097688,-3.679320345097688,-3.679320345097688,1.6289289489523888,-3.679320345097688,-3.679320345097688,-3.679320345097688,1.7530293323746342,8.181449826625123,-3.679320345097688,-3.679320345097688,3.2650408010451484,-3.679320345097688,4.97895937185776,-3.679320345097688,-3.679320345097688,-3.679320345097688,-3.679320345097688,-3.679320345097688,5.370703280797069,0.9716195267663466,5.298883818969614,5.121269878844562,4.988867940893097,6.6244594125440734,-3.679320345097688,-3.679320345097688,3.002732802245018,4.730782722824513
CSM5MCUA_P,6.38113076860488,5.800879219695312,-3.704501334216282,-3.704501334216282,-3.704501334216282,-3.704501334216282,-3.704501334216282,7.208519614183843,2.7620698190590662,4.3902609968637725,3.98788211838846,-3.704501334216282,-0.9755871237225922,7.220007019223647,8.94815489857374,1.1728932232145635,7.953818039141296,8.470121802334344,0.7079177273173354,-3.704501334216282,-3.704501334216282,-3.704501334216282,1.86340525704618,5.641089122799086,3.6627038695276593,4.437823691143339,-3.704501334216282,-0.5407657974935294,1.701999104755858,-3.704501334216282,5.432578185366023,-1.2706727902610897,0.835544873176735,0.8333439482805183,1.9273854271730713,-3.704501334216282,2.6102036778069095,-3.704501334216282,-3.704501334216282,-3.704501334216282,1.27142822140544,1.4253037280350718,-3.704501334216282,-3.704501334216282,-3.704501334216282,0.07852269567746895,0.486555148783097,-3.704501334216282,6.613052963222868,-3.704501334216282,-3.704501334216282,3.723283682096472,4.124049355113701,-3.704501334216282,-3.704501334216282,0.47716113399079596,-3.704501334216282,-1.4373832852420918,-3.704501334216282,-3.704501334216282,-3.704501334216282,3.9970976054008798,4.213703547690968,-3.704501334216282,6.801201345474483,6.014263506226041,7.081139667794115,-3.704501334216282,-0.6559894976319391,1.2678674947616404,-3.704501334216282,-3.704501334216282,-3.704501334216282,2.0501278142920203,-3.704501334216282,-3.704501334216282,-3.704501334216282,2.8259505800225897,-0.5235023547255544,3.1249198662881117,-3.704501334216282,-3.704501334216282,6.26638398717172,-3.704501334216282,-3.704501334216282,-3.704501334216282,-3.704501334216282
CSM5MCUS_P,0.7460839979652949,-4.297717812379178,4.475151516310346,5.749367138615055,-4.297717812379178,-1.2690611123870017,-4.297717812379178,-4.297717812379178,4.026577192505504,-4.297717812379178,6.9934651578750575,3.0869956571281483,-4.297717812379178,-4.297717812379178,7.312003601321936,3.9086107354511785,6.657782994618556,0.1276492425865694,-4.297717812379178,-4.297717812379178,-4.297717812379178,-4.297717812379178,-0.8632208652350517,3.8166301050314937,1.7063579266379065,3.1403762965307296,3.7202436298307173,-1.4626726682313667,2.0792257068744284,0.322414596944828,1.7913371074737237,-1.1796668201649219,-0.9633832887387221,0.07167456054295407,-1.3198347653758216,-0.22623269495204035,1.1622954738644058,-4.297717812379178,-4.297717812379178,-4.297717812379178,2.223529679332583,3.2061358433633558,-4.297717812379178,7.369341533203041,-4.297717812379178,4.1644124056958765,0.2468231770718763,1.8036361394653557,7.203941016862774,3.257595765423779,-4.297717812379178,7.724226919637383,1.5049257016943063,-0.32605183105710367,1.2350278351899284,1.4678558681297567,-4.297717812379178,-4.297717812379178,-4.297717812379178,-4.297717812379178,-4.297717812379178,1.8339848535554797,4.337296042204238,-4.297717812379178,4.315122091973529,3.9205785057243023,7.058531239167524,-4.297717812379178,1.248871696777556,2.074186736688592,-4.297717812379178,1.3655307980360902,6.005544547298952,5.302152330136538,-4.297717812379178,2.517850064504654,3.3647527762142317,-4.297717812379178,2.380978828090586,3.663560638374692,-4.297717812379178,-4.297717812379178,7.599487291903519,-4.297717812379178,-4.297717812379178,-4.297717812379178,-4.297717812379178
HSM5MD47_P,-2.2850613969390565,-2.2850613969390565,-2.2850613969390565,-2.2850613969390565,-2.2850613969390565,-2.2850613969390565,-2.2850613969390565,7.676068112751827,-2.2850613969390565,8.923277988849751,-2.2850613969390565,7.679220765988075,-2.2850613969390565,7.427445791939155,7.334868127140966,4.7056791339510955,8.153909423314387,-2.2850613969390565,-2.2850613969390565,-2.2850613969390565,-2.2850613969390565,5.665235742992861,6.560239953493011,-2.2850613969390565,-2.2850613969390565,-2.2850613969390565,-2.2850613969390565,-2.2850613969390565,-2.2850613969390565,-2.2850613969390565,-2.2850613969390565,-2.2850613969390565,-2.2850613969390565,-2.2850613969390565,-2.2850613969390565,-2.2850613969390565,-2.2850613969390565,-2.2850613969390565,-2.2850613969390565,6.493553912545524,-2.2850613969390565,6.384037067098224,-2.2850613969390565,8.710023690043595,7.878856621141869,-2.2850613969390565,-2.2850613969390565,-2.2850613969390565,9.494136456216882,-2.2850613969390565,8.497277731902821,10.729747186542136,-2.2850613969390565,5.543078455372835,-2.2850613969390565,-2.2850613969390565,-2.2850613969390565,-2.2850613969390565,-2.2850613969390565,-2.2850613969390565,-2.2850613969390565,-2.2850613969390565,-2.2850613969390565,-2.2850613969390565,-2.2850613969390565,-2.2850613969390565,6.45674868577605,-2.2850613969390565,-2.2850613969390565,-2.2850613969390565,5.7332975233040635,-2.2850613969390565,-2.2850613969390565,6.627133414164734,6.996913929445787,-2.2850613969390565,-2.2850613969390565,-2.2850613969390565,-2.2850613969390565,-2.2850613969390565,-2.2850613969390565,-2.2850613969390565,8.568609468695751,-2.2850613969390565,-2.2850613969390565,-2.2850613969390565,-2.2850613969390565
ESM5MEA9_P,-3.4752393213249952,2.040665340968287,3.87767714572505,-3.4752393213249952,-3.4752393213249952,-3.4752393213249952,-3.4752393213249952,-3.4752393213249952,-3.4752393213249952,5.15655857516569,-3.4752393213249952,-3.4752393213249952,-3.4752393213249952,7.333737695123088,9.36210497647142,-3.4752393213249952,8.554664764701647,7.352295743011951,1.6996142903698708,-3.4752393213249952,-3.4752393213249952,-3.4752393213249952,2.145411889432241,-3.4752393213249952,-3.4752393213249952,-3.4752393213249952,-3.4752393213249952,2.7980255472369926,1.4386486315806017,-3.4752393213249952,4.750657269732517,-3.4752393213249952,-3.4752393213249952,0.4722717237552647,-3.4752393213249952,4.179919805209397,6.000546489233453,-3.4752393213249952,-3.4752393213249952,-0.2869564069502015,-3.4752393213249952,3.2137210603166713,-3.4752393213249952,5.224823919242345,3.4816536459957277,7.2065745196588695,3.967226681024041,-3.4752393213249952,-3.4752393213249952,-3.4752393213249952,-3.4752393213249952,7.207219117123271,-3.4752393213249952,6.518511269751709,-3.4752393213249952,2.848321354235255,-3.4752393213249952,-3.4752393213249952,-3.4752393213249952,0.8921789145778636,-3.4752393213249952,2.4111843113187694,-3.4752393213249952,-3.4752393213249952,5.809732807065358,-3.4752393213249952,8.04923968956059,-3.4752393213249952,-3.4752393213249952,-3.4752393213249952,-3.4752393213249952,5.572477418041395,7.032668270797507,-3.4752393213249952,-3.4752393213249952,-3.4752393213249952,-3.4752393213249952,2.900515037201485,2.204589665036023,5.77675439102301,3.868604950588371,5.600064193591383,6.573471283017527,0.17950521033518108,0.7867452669614039,3.4264814733925997,5.279793104177573
HSM5MD44_P,-2.768093394394766,-2.768093394394766,-2.768093394394766,-2.768093394394766,-2.768093394394766,3.5424986986706797,-2.768093394394766,3.641055050279406,-2.768093394394766,5.102151259635004,-2.768093394394766,6.613113168557151,-2.768093394394766,3.179101684587632,2.8276695263410527,3.2387393714068136,5.214689663720064,-2.768093394394766,-2.768093394394766,-2.768093394394766,-2.768093394394766,9.115550586375448,9.461791016094276,-2.768093394394766,-2.768093394394766,-2.768093394394766,-2.768093394394766,-2.768093394394766,-2.768093394394766,-2.768093394394766,-2.768093394394766,-2.768093394394766,-2.768093394394766,-2.768093394394766,-2.768093394394766,0.9029012513808485,8.449043079957915,-2.768093394394766,3.5267152652365006,-2.768093394394766,4.018903154322872,7.380990522898344,-2.768093394394766,5.791172351645723,-2.768093394394766,-2.768093394394766,-2.768093394394766,-2.768093394394766,8.818658808735336,-2.768093394394766,-2.768093394394766,8.956738777010555,-2.768093394394766,7.466078602956118,-2.768093394394766,-2.768093394394766,-2.768093394394766,-2.768093394394766,-2.768093394394766,-2.768093394394766,3.9102667036651386,-2.768093394394766,-2.768093394394766,-2.768093394394766,-2.768093394394766,-2.768093394394766,-2.768093394394766,-2.768093394394766,-2.768093394394766,-2.768093394394766,-2.768093394394766,-2.768093394394766,-2.768093394394766,-2.768093394394766,3.8530638510837836,-2.768093394394766,-2.768093394394766,-2.768093394394766,5.5725641252616525,6.062044621340417,8.0867084833041,9.144266670223931,4.5982028118202525,6.32137573692114,6.34732374758341,5.827523871797613,7.418981384055662
CSM5MCYU_P,9.746798328855657,-2.8042153646539454,-2.8042153646539454,-2.8042153646539454,-2.8042153646539454,-2.8042153646539454,-2.8042153646539454,4.824050635210368,-2.8042153646539454,7.004811206241359,-2.8042153646539454,-2.8042153646539454,-2.8042153646539454,5.508066397134728,5.846701757851826,-2.8042153646539454,6.584586203917818,6.176558745578143,2.4578163043804953,-2.8042153646539454,-2.8042153646539454,-2.8042153646539454,3.898327649262006,-2.8042153646539454,-2.8042153646539454,-2.8042153646539454,6.086996589576721,-2.8042153646539454,-2.8042153646539454,-2.8042153646539454,3.314875551207602,-2.8042153646539454,-2.8042153646539454,-2.8042153646539454,5.784891986066847,2.2279543089553275,-2.8042153646539454,-2.8042153646539454,-2.8042153646539454,-2.8042153646539454,-2.8042153646539454,-2.8042153646539454,3.5934576841808497,2.887271327639745,3.978552257325563,4.988084270781577,-2.8042153646539454,-2.8042153646539454,9.138359027150804,-2.8042153646539454,1.259064335795026,8.245077830556145,4.542460712972368,-2.8042153646539454,-2.8042153646539454,-2.8042153646539454,-2.8042153646539454,-2.8042153646539454,3.755839920776956,-2.8042153646539454,-2.8042153646539454,2.365944609410734,-2.8042153646539454,-2.8042153646539454,7.1806350217738135,5.981882997505749,-2.8042153646539454,2.8998872761605927,-2.8042153646539454,-2.8042153646539454,10.064330496143183,4.279919271592737,4.104452548789682,5.157160618254578,-2.8042153646539454,3.6499625420526334,-2.8042153646539454,-2.8042153646539454,-2.8042153646539454,4.827197914813615,-2.8042153646539454,-2.8042153646539454,5.8909455513205575,-2.8042153646539454,-2.8042153646539454,-2.8042153646539454,-2.8042153646539454
HSM6XRQE_P,-1.5199116588489723,-1.5199116588489723,-1.5199116588489723,-1.5199116588489723,-1.5199116588489723,-1.5199116588489723,-1.5199116588489723,-1.5199116588489723,-1.5199116588489723,8.059599766703396,-1.5199116588489723,-1.5199116588489723,9.396336987325698,8.824291750366216,9.805773921952417,-1.5199116588489723,7.502667898545737,9.950156858670109,-1.5199116588489723,-1.5199116588489723,10.019715982891471,-1.5199116588489723,-1.5199116588489723,-1.5199116588489723,-1.5199116588489723,-1.5199116588489723,-1.5199116588489723,-1.5199116588489723,-1.5199116588489723,-1.5199116588489723,-1.5199116588489723,-1.5199116588489723,-1.5199116588489723,-1.5199116588489723,-1.5199116588489723,-1.5199116588489723,-1.5199116588489723,-1.5199116588489723,-1.5199116588489723,-1.5199116588489723,-1.5199116588489723,-1.5199116588489723,-1.5199116588489723,10.185508724754614,9.59303228808311,-1.5199116588489723,-1.5199116588489723,-1.5199116588489723,10.39821920606624,-1.5199116588489723,-1.5199116588489723,10.78425409887572,-1.5199116588489723,-1.5199116588489723,-1.5199116588489723,-1.5199116588489723,-1.5199116588489723,-1.5199116588489723,-1.5199116588489723,-1.5199116588489723,-1.5199116588489723,-1.5199116588489723,-1.5199116588489723,-1.5199116588489723,-1.5199116588489723,-1.5199116588489723,-1.5199116588489723,8.11379025579982,-1.5199116588489723,-1.5199116588489723,-1.5199116588489723,-1.5199116588489723,-1.5199116588489723,-1.5199116588489723,-1.5199116588489723,-1.5199116588489723,-1.5199116588489723,-1.5199116588489723,-1.5199116588489723,-1.5199116588489723,-1.5199116588489723,-1.5199116588489723,8.959584967880822,-1.5199116588489723,-1.5199116588489723,-1.5199116588489723,-1.5199116588489723
CSM5MCYQ_P,-4.54500500467617,4.536066693437675,-4.54500500467617,-4.54500500467617,5.326159157061548,4.306266512072202,-4.54500500467617,-4.54500500467617,-4.54500500467617,-4.54500500467617,-4.54500500467617,5.64685793412486,-4.54500500467617,5.549788172472268,7.6093424510776835,5.734765836187595,7.343228303013783,5.815891560103399,4.470360329755629,-4.54500500467617,6.263276706612201,-4.54500500467617,-0.3827203392076548,-4.54500500467617,-4.54500500467617,2.9538181973824065,-4.54500500467617,-4.54500500467617,0.6813843989241981,-4.54500500467617,1.4558696495678305,-4.54500500467617,-0.010690008426301745,-4.54500500467617,-4.54500500467617,0.8825763942891758,2.8619914594676814,-4.54500500467617,-4.54500500467617,2.9954773354038293,2.5904902010319377,2.9066385591309727,-4.54500500467617,3.7240981281161254,-4.54500500467617,6.005667480636896,0.8630491218191594,-0.094258637885277,3.312709998251939,-4.54500500467617,-4.54500500467617,7.1012145377611215,-4.54500500467617,6.328773077550361,1.058873596954518,1.6929537155141237,5.4737178377097235,-4.54500500467617,4.231787511811857,1.0435267448044705,3.123873029458397,-1.325854707005682,-4.54500500467617,-4.54500500467617,3.9930476101373964,-4.54500500467617,-4.54500500467617,-4.54500500467617,2.6289324430980514,-4.54500500467617,-4.54500500467617,2.628114488780815,6.366664324856982,2.9149651958718463,-4.54500500467617,-4.54500500467617,-4.54500500467617,4.907808973515986,3.8596636106435778,4.924785530947495,4.893409997744931,2.6028399491328242,4.315751652665929,3.6809623997184744,4.297114666387564,5.191055652083017,5.5967322968998605
CSM67U9P_P,-3.267153692985925,-3.267153692985925,-3.267153692985925,-3.267153692985925,-3.267153692985925,-3.267153692985925,-3.267153692985925,8.66387277218228,-3.267153692985925,7.338655661526907,-3.267153692985925,-3.267153692985925,-3.267153692985925,6.709758882776729,6.759122001383812,-3.267153692985925,9.388757794462268,7.309383533961058,3.2018459745894727,-3.267153692985925,-3.267153692985925,-3.267153692985925,6.970553705780637,-3.267153692985925,-3.267153692985925,-3.267153692985925,-3.267153692985925,2.254361222869491,-3.267153692985925,-3.267153692985925,5.205976978553484,3.9384217188051993,2.2693699014873197,4.951149540561149,4.584753099387316,5.638135911824186,-3.267153692985925,-3.267153692985925,-3.267153692985925,-3.267153692985925,-3.267153692985925,-3.267153692985925,4.33877110154683,5.838781939820702,4.951287307086968,2.2440911833631922,-3.267153692985925,-3.267153692985925,6.058644878491836,7.83026251861204,-3.267153692985925,6.366706680791413,4.627472051016626,-3.267153692985925,-3.267153692985925,-3.267153692985925,4.737200006375778,-3.267153692985925,-3.267153692985925,4.315629999095869,-3.267153692985925,-3.267153692985925,4.431620714833337,-3.267153692985925,7.5935978323836935,6.8717142975855126,-3.267153692985925,6.390342381031955,-3.267153692985925,-3.267153692985925,6.142565444763649,-3.267153692985925,-3.267153692985925,-3.267153692985925,2.047613049533897,4.713124751974986,-3.267153692985925,-3.267153692985925,-3.267153692985925,5.065562761592806,-3.267153692985925,-3.267153692985925,8.523431538594483,-3.267153692985925,-3.267153692985925,-3.267153692985925,-3.267153692985925
CSM67UEP_P,-4.621660298103691,3.7548663150920785,-4.621660298103691,-4.621660298103691,3.453888525653303,5.144289917614925,2.5938491579936906,-4.621660298103691,-4.621660298103691,-4.621660298103691,-4.621660298103691,5.841366838064205,-4.621660298103691,4.252228444745715,7.740660872099157,5.577883516835347,5.375614317943352,5.569767722539785,3.9908384377391055,-4.621660298103691,7.847039380157212,0.6343123963769592,1.3647398841830451,-4.621660298103691,-4.621660298103691,2.4577327633808617,-4.621660298103691,-4.621660298103691,-4.621660298103691,2.478701280599987,3.192671352043675,-4.621660298103691,-4.621660298103691,-4.621660298103691,-4.621660298103691,0.46966977966035195,3.8899138175815295,-4.621660298103691,-4.621660298103691,4.128252288772763,3.215571445248864,4.639787992390436,-4.621660298103691,3.9762936158469833,-4.621660298103691,4.749272200340534,4.104490235516835,3.4992648601101273,2.842716050656631,-4.621660298103691,-4.621660298103691,6.049004843104872,-4.621660298103691,4.7449414712605265,-4.621660298103691,-4.621660298103691,5.511165863850367,-4.621660298103691,3.5234639712512568,-4.621660298103691,3.915504746537021,-4.621660298103691,3.85305164106848,-4.621660298103691,2.2944326002357647,-4.621660298103691,-4.621660298103691,-4.621660298103691,2.2124003007550597,-4.621660298103691,-4.621660298103691,1.7940798242848475,6.580989745156071,4.015476977541586,-4.621660298103691,-4.621660298103691,-1.8605473974653979,4.735146623233125,5.413459537371942,3.5761475464123738,4.533061822310754,3.3399749463198454,4.499402493883345,4.165492957018982,4.395357382727617,5.4052723799975215,5.3565661585142
CSM67U9R_P,-3.035215314550559,-3.035215314550559,-3.035215314550559,-3.035215314550559,-3.035215314550559,-3.035215314550559,-3.035215314550559,8.143451623265689,-3.035215314550559,8.149424092465216,-3.035215314550559,-3.035215314550559,-3.035215314550559,7.584899176639041,8.085718859246303,-3.035215314550559,9.963947152370944,7.257273711777609,6.435679827677798,-3.035215314550559,-3.035215314550559,-3.035215314550559,6.570147882590149,-3.035215314550559,-3.035215314550559,-3.035215314550559,-3.035215314550559,-0.12727987221525616,-3.035215314550559,-3.035215314550559,2.9182823808101226,-0.8180422296153225,-3.035215314550559,0.07664236430885829,5.202441867148184,3.92981101146221,4.116530826243129,-3.035215314550559,3.2284438085752942,-3.035215314550559,-3.035215314550559,-3.035215314550559,3.0695748550751967,2.7835051497664143,3.2466884228319453,-0.7617918098500063,0.6293180410792356,-3.035215314550559,6.130971153736808,4.366023040123788,2.7797093725343114,6.536926929008843,4.916242683106958,-3.035215314550559,-3.035215314550559,-3.035215314550559,-3.035215314550559,-3.035215314550559,-3.035215314550559,-3.035215314550559,-3.035215314550559,2.328432379565248,-3.035215314550559,-3.035215314550559,7.441400241155188,7.990894823594113,-3.035215314550559,6.967134778788335,-3.035215314550559,-3.035215314550559,8.096883504209545,-3.035215314550559,-3.035215314550559,-3.035215314550559,2.3878439807201897,5.444038966079463,-3.035215314550559,-0.698218936628022,3.7395193469430517,5.402762933173327,-3.035215314550559,-3.035215314550559,6.456825277066373,-3.035215314550559,-3.035215314550559,-3.035215314550559,-3.035215314550559
CSM79HGH_P,-2.9242190725725887,-2.9242190725725887,-2.9242190725725887,-2.9242190725725887,-2.9242190725725887,-2.9242190725725887,-2.9242190725725887,8.41130487103142,-2.9242190725725887,7.835850682246829,-2.9242190725725887,-2.9242190725725887,-2.9242190725725887,7.583710392188461,8.135621128177515,-2.9242190725725887,9.553159636138423,8.040713353533121,6.521516239943803,-2.9242190725725887,-2.9242190725725887,-2.9242190725725887,7.03353713130321,-2.9242190725725887,-2.9242190725725887,-2.9242190725725887,4.000346577418269,-2.9242190725725887,2.3547295319554298,-2.9242190725725887,3.532749973020687,3.1745083543654546,0.04659439043578928,-0.3545691498975234,6.541012442946413,0.3558711533853547,2.353668871398934,-2.9242190725725887,-2.9242190725725887,-2.9242190725725887,-2.9242190725725887,-2.9242190725725887,2.5253556662541943,2.688302353767856,4.123425188546192,-2.9242190725725887,-2.9242190725725887,-2.9242190725725887,7.348685360988899,7.8392224256310366,-2.9242190725725887,8.305372731081414,3.761244478853695,-2.9242190725725887,-2.9242190725725887,-2.9242190725725887,-2.9242190725725887,-2.9242190725725887,-2.9242190725725887,2.7134244272419483,-2.9242190725725887,-2.9242190725725887,-2.9242190725725887,-2.9242190725725887,8.173944652551873,7.937738200925546,-2.9242190725725887,6.1569631107038685,-2.9242190725725887,-2.9242190725725887,7.501466844408253,-2.9242190725725887,-2.9242190725725887,-2.9242190725725887,3.4158563161086093,5.354066685319719,-2.9242190725725887,-2.9242190725725887,-2.9242190725725887,4.1346621531367935,-2.9242190725725887,-2.9242190725725887,8.353088179242945,-2.9242190725725887,-2.9242190725725887,-2.9242190725725887,-2.9242190725725887
MSM6J2N6_P,-3.0595453923314473,-3.0595453923314473,5.008345558426792,6.688969145480045,-3.0595453923314473,5.2647928655602065,-3.0595453923314473,-3.0595453923314473,-3.0595453923314473,5.985348207604921,-3.0595453923314473,-3.0595453923314473,-3.0595453923314473,5.925712537058911,-3.0595453923314473,4.010037812772765,5.6400170124239875,6.611278496171779,-3.0595453923314473,6.543659841139446,6.777753053809926,1.5296148225523378,5.232943234032157,-3.0595453923314473,-3.0595453923314473,-3.0595453923314473,3.750185309900524,-3.0595453923314473,-3.0595453923314473,-3.0595453923314473,-3.0595453923314473,-3.0595453923314473,-3.0595453923314473,-3.0595453923314473,-3.0595453923314473,-3.0595453923314473,5.471152279145025,6.451313316377337,-3.0595453923314473,-3.0595453923314473,5.107383023594709,4.111845842559139,-3.0595453923314473,-3.0595453923314473,-3.0595453923314473,5.099908603156188,-3.0595453923314473,-3.0595453923314473,6.041514201484732,-3.0595453923314473,-3.0595453923314473,7.178939486125113,-3.0595453923314473,5.697692239006962,-3.0595453923314473,-3.0595453923314473,-3.0595453923314473,-3.0595453923314473,-3.0595453923314473,-3.0595453923314473,2.513769637846625,-3.0595453923314473,-3.0595453923314473,-3.0595453923314473,5.166449129926427,-3.0595453923314473,6.007532413924511,-3.0595453923314473,-3.0595453923314473,-3.0595453923314473,10.528287268996857,-3.0595453923314473,3.2634187224580478,-3.0595453923314473,2.276037030798065,-3.0595453923314473,-3.0595453923314473,-3.0595453923314473,3.577900380554489,-3.0595453923314473,4.635237092593471,4.893732552224081,5.5284889515066356,3.1725029042441717,1.9486856441841898,4.908167490677445,4.905016646905773
CSM67UET_P,-4.014297089897632,4.577454639246926,-4.014297089897632,-4.014297089897632,5.534749381738521,4.1426613607571685,-4.014297089897632,-4.014297089897632,-4.014297089897632,-4.014297089897632,-4.014297089897632,6.354383616611797,-4.014297089897632,6.155710392285414,8.814884898178029,6.316332025969643,6.13468848729919,6.117916058336722,6.145555989614332,-4.014297089897632,6.86587104681334,-4.014297089897632,-4.014297089897632,-4.014297089897632,-4.014297089897632,3.1974784878344327,-4.014297089897632,-4.014297089897632,-4.014297089897632,-0.09711334060707344,-4.014297089897632,-4.014297089897632,-4.014297089897632,-4.014297089897632,-4.014297089897632,-0.3074607935243421,3.459230376758198,-4.014297089897632,-4.014297089897632,5.313778622928926,3.5846717103340726,4.008949614411587,-4.014297089897632,4.453410924717532,-4.014297089897632,6.365764610544824,5.1532757779794105,1.16219237396216,4.335758498779872,-4.014297089897632,-4.014297089897632,7.52092864832823,-4.014297089897632,2.064588151955501,-4.014297089897632,-4.014297089897632,5.943571150732432,-4.014297089897632,4.190869265921942,3.624007862109675,3.198181698569633,-4.014297089897632,-4.014297089897632,-4.014297089897632,5.409260479953384,-4.014297089897632,-4.014297089897632,-4.014297089897632,3.108902220289316,-4.014297089897632,-4.014297089897632,2.7147289123137703,6.5623164230783715,-4.014297089897632,-4.014297089897632,-4.014297089897632,-4.014297089897632,6.206507756969512,5.975756337340219,5.954228953573479,3.189237614385915,-4.014297089897632,6.030355957972146,2.269268418539511,3.0493922094994694,5.427087694470314,4.9967238447136895
HSM7CZ1T_P,2.908085058502996,3.323387155228544,5.966414241655345,-4.453814336411622,5.4087121165690935,-0.9663981164591249,-4.453814336411622,-4.453814336411622,-4.453814336411622,-4.453814336411622,-4.453814336411622,5.490427544021831,-4.453814336411622,5.361957643111959,7.908688281479065,5.194579717345101,7.445578796971819,8.114919972924355,2.9096916008522884,-4.453814336411622,-1.4509899748759647,-4.453814336411622,2.5935677474982866,3.2196474854624864,-4.453814336411622,3.5734566313680105,2.149347700057038,1.1498664266464953,1.1720085870147923,-4.453814336411622,1.4546711545600148,-4.453814336411622,-4.453814336411622,-1.0846174097048547,1.9038388201797352,2.9514432505518178,-4.453814336411622,-4.453814336411622,2.2325878500491037,-4.453814336411622,1.873357205543929,2.6002397803862953,-4.453814336411622,3.5510558138516366,2.9422248125752324,0.6635824797261982,0.9262445105432491,-4.453814336411622,-4.453814336411622,-4.453814336411622,4.146109889160728,6.610129140817351,1.529135267519675,1.7842518315825444,1.7713069851210088,-4.453814336411622,-4.453814336411622,-4.453814336411622,3.27622781968134,-0.4862333802905372,-0.13447980022217365,2.643645309461019,-4.453814336411622,4.792826086647265,4.729266324828661,0.8813869529263698,-4.453814336411622,6.678810857586447,3.194224457005764,-4.453814336411622,-4.453814336411622,0.4006488464862592,3.9969007549309907,4.936346994938126,-4.453814336411622,-4.453814336411622,-4.453814336411622,2.3299309268582222,2.7720963914946113,2.188537386242091,-4.453814336411622,-4.453814336411622,4.55452404144442,-4.453814336411622,-4.453814336411622,0.1679627885007946,0.6975877273979183
CSM79HNG_P,5.625081583559607,-3.0836014401015994,-3.0836014401015994,9.577644783169411,-3.0836014401015994,-3.0836014401015994,3.312062353272964,1.5720411962278362,-3.0836014401015994,-3.0836014401015994,-3.0836014401015994,9.552211157058709,-3.0836014401015994,8.1781980940128,-3.0836014401015994,3.818167922839325,-0.014845417484840695,4.3937211393881315,-3.0836014401015994,-3.0836014401015994,2.477045198740198,-3.0836014401015994,-3.0836014401015994,-3.0836014401015994,-3.0836014401015994,-3.0836014401015994,-3.0836014401015994,-3.0836014401015994,0.942474459838694,3.9315002831685497,-3.0836014401015994,-3.0836014401015994,-3.0836014401015994,-3.0836014401015994,4.230955647746984,-3.0836014401015994,-3.0836014401015994,3.8692900928797833,-3.0836014401015994,6.081243788526852,-3.0836014401015994,-3.0836014401015994,2.758066102381461,2.4006842141562714,-3.0836014401015994,6.3403108402503445,-3.0836014401015994,-3.0836014401015994,8.166742767349323,-3.0836014401015994,-3.0836014401015994,8.07636913243387,2.9647427472733385,4.135678731640544,-3.0836014401015994,2.0876157386513725,-3.0836014401015994,-3.0836014401015994,3.998507707215885,-3.0836014401015994,-3.0836014401015994,2.3265440477517796,3.882121148026612,-3.0836014401015994,5.319882848418575,2.728274717778209,-3.0836014401015994,3.4629154750426796,-3.0836014401015994,-3.0836014401015994,4.003789634308861,4.422462770796682,8.206251364083137,5.94378171624511,-3.0836014401015994,-3.0836014401015994,-3.0836014401015994,4.476017377602878,1.6185182805735074,5.3329161972087,-3.0836014401015994,-3.0836014401015994,5.878963566496752,-3.0836014401015994,-3.0836014401015994,-3.0836014401015994,3.520129796956537
MSM79HF1_P,2.597547339235555,2.2984672031897366,4.982818995178185,-4.685456481906014,3.1048692154475557,-4.685456481906014,2.2316622500182097,5.707990874906421,-4.685456481906014,4.770875608984119,-1.2164796933352289,-4.685456481906014,5.548247798359421,4.10664684991503,3.4418431891205925,3.428705916712958,6.358581215789009,2.5485328361947683,-4.685456481906014,4.556043538935955,-4.685456481906014,-4.685456481906014,-4.685456481906014,3.123887443929994,-4.685456481906014,2.9403336287570534,-4.685456481906014,-4.685456481906014,-4.685456481906014,-4.685456481906014,-4.685456481906014,-4.685456481906014,-4.685456481906014,-4.685456481906014,2.6705515589763076,-4.685456481906014,4.262197333180829,2.718800585006842,4.086033462557666,-4.685456481906014,2.213772910143719,4.268884170317453,-4.685456481906014,5.1455802118765,3.928834770268721,3.8327158018066942,2.7443153860446614,0.5410539994883496,7.622298240128161,6.013792215785624,2.2519967594700123,7.148262014205699,-4.685456481906014,5.250547119673415,0.8877793737874473,-4.685456481906014,-4.685456481906014,-4.685456481906014,-4.685456481906014,-4.685456481906014,2.1600728649828005,0.9552990670948969,-4.685456481906014,4.941712329581438,3.2236554368609918,5.853104365093566,4.528656895009722,-4.685456481906014,3.208348270858175,-4.685456481906014,-4.685456481906014,5.491476034378476,2.9432189220567917,4.3613347187090055,-4.685456481906014,-4.685456481906014,6.48756789628732,-4.685456481906014,4.711562148125599,4.997760480667676,-4.685456481906014,-4.685456481906014,5.9328977257085285,-4.685456481906014,-4.685456481906014,-4.685456481906014,-4.685456481906014
CSM79HQT_P,-4.990928815207475,4.668011315226832,-4.990928815207475,-4.990928815207475,4.010880911109697,4.737798602656912,-4.990928815207475,-4.990928815207475,-4.990928815207475,-1.2364880365042108,-4.990928815207475,4.912602468426878,-4.990928815207475,3.0079025599889775,7.023128231802344,4.8018994103632195,4.844233635730542,5.144048854853615,3.765976710452092,-4.990928815207475,7.454016384801892,1.7702934682574964,1.781055045006915,-4.990928815207475,-4.990928815207475,1.9295061115049386,-4.990928815207475,-4.990928815207475,-4.990928815207475,-0.10167214848109651,1.205363401142817,-4.990928815207475,-4.990928815207475,-0.2806068870006886,-4.990928815207475,0.9979262337450265,4.709685266554583,-4.990928815207475,0.9324117344453491,4.109616049024767,2.162708870306286,3.7286113995721744,-4.990928815207475,4.442780385080389,3.5383564792211164,4.956970053666472,5.0262137034988985,2.1534870782261084,5.184501758871875,-4.990928815207475,-4.990928815207475,6.3744250770173725,-4.990928815207475,4.166018274199546,-4.990928815207475,-0.8036291800625097,5.3502908467319035,0.965410358504009,5.495508655736695,1.8059361999857426,3.7885680160581776,-0.6249994886890065,-4.990928815207475,-4.990928815207475,1.9983131104783878,-4.990928815207475,-4.990928815207475,-4.990928815207475,1.9334368128624524,-4.990928815207475,-4.990928815207475,0.834774040811995,4.735665446410691,1.8540362861257433,-4.990928815207475,-4.990928815207475,2.280761460786909,2.804999007734768,5.710716214372913,4.407567234741987,4.201783481324084,3.2737633757767233,4.801772104353775,3.261928490194201,3.2235870979016834,3.4654357001018425,5.203125490499878
CSM79HPQ_P,-3.0326339747380437,-3.0326339747380437,-3.0326339747380437,-3.0326339747380437,-3.0326339747380437,-3.0326339747380437,-3.0326339747380437,4.463454098544675,-3.0326339747380437,6.0204322883291015,-3.0326339747380437,4.770232441379696,-3.0326339747380437,5.963508475687182,5.743980366115945,-3.0326339747380437,7.8718156260133245,5.9911358105241375,1.4285903720491806,-3.0326339747380437,-3.0326339747380437,-3.0326339747380437,4.910000791499229,-3.0326339747380437,-3.0326339747380437,-3.0326339747380437,-3.0326339747380437,-3.0326339747380437,2.1489426742694757,-3.0326339747380437,3.0770177480514658,2.663415353519202,-3.0326339747380437,-3.0326339747380437,5.619825789900661,2.2018126995405733,2.766885873138367,-3.0326339747380437,1.429802461447272,-3.0326339747380437,-3.0326339747380437,-3.0326339747380437,3.026786237483935,-3.0326339747380437,2.446822988348801,5.003336537852823,-3.0326339747380437,-3.0326339747380437,8.342579220979522,5.777084033965524,-3.0326339747380437,7.962554691517799,2.3703707900532187,0.6631831914174722,-3.0326339747380437,-3.0326339747380437,-3.0326339747380437,-3.0326339747380437,3.8599642788743562,-3.0326339747380437,-3.0326339747380437,-3.0326339747380437,-3.0326339747380437,-3.0326339747380437,7.774996944312642,6.248850655638306,-3.0326339747380437,4.807089546602299,-3.0326339747380437,-3.0326339747380437,10.344411927231741,1.7091149517879192,4.866222986273271,4.7982417773475605,3.917759159077977,3.5367753324289204,-3.0326339747380437,-3.0326339747380437,3.8120242164795375,4.438836594206935,-3.0326339747380437,-3.0326339747380437,7.049643653439355,-3.0326339747380437,-3.0326339747380437,-3.0326339747380437,-3.0326339747380437
CSM79HPM_P,-2.7099135665648486,-2.7099135665648486,-2.7099135665648486,-2.7099135665648486,-2.7099135665648486,-2.7099135665648486,-2.7099135665648486,7.819100081501457,-2.7099135665648486,7.559238687142241,-2.7099135665648486,-2.7099135665648486,-2.7099135665648486,7.431158327611092,7.766129144413771,-2.7099135665648486,9.173261480812304,7.318452299578709,6.558277977407673,-2.7099135665648486,-2.7099135665648486,-2.7099135665648486,7.18902593470159,-2.7099135665648486,-2.7099135665648486,-2.7099135665648486,-2.7099135665648486,-2.7099135665648486,-2.7099135665648486,-2.7099135665648486,4.078169631490143,4.379795780168172,-2.7099135665648486,-2.7099135665648486,-2.7099135665648486,4.25799029498241,3.6756150100053926,-2.7099135665648486,-2.7099135665648486,-2.7099135665648486,-2.7099135665648486,-2.7099135665648486,4.542381861645872,-2.7099135665648486,-2.7099135665648486,5.788280887097217,-2.7099135665648486,-2.7099135665648486,8.236732024540132,8.041924589656839,-2.7099135665648486,6.5969269954537495,3.598500096517765,-2.7099135665648486,-2.7099135665648486,-2.7099135665648486,-2.7099135665648486,-2.7099135665648486,-2.7099135665648486,3.969794930611303,-2.7099135665648486,-2.7099135665648486,-2.7099135665648486,-2.7099135665648486,8.648756101543352,7.573223177954086,-2.7099135665648486,6.601561739415111,-2.7099135665648486,-2.7099135665648486,10.107651814795215,-2.7099135665648486,3.7459998334613047,2.3692038244772977,5.889382365323443,5.2123092439190435,-2.7099135665648486,-2.7099135665648486,-2.7099135665648486,-2.7099135665648486,-2.7099135665648486,-2.7099135665648486,8.015537690486994,-2.7099135665648486,-2.7099135665648486,-2.7099135665648486,-2.7099135665648486
HSM7CZ2X_P,-3.0998423473163186,-3.0998423473163186,-3.0998423473163186,-3.0998423473163186,-3.0998423473163186,2.728986636846713,-3.0998423473163186,-3.0998423473163186,-3.0998423473163186,-3.0998423473163186,-3.0998423473163186,-3.0998423473163186,-3.0998423473163186,8.856344852226707,-3.0998423473163186,-3.0998423473163186,-3.0998423473163186,3.5004296380691464,6.9659354912745926,-3.0998423473163186,-3.0998423473163186,6.595547435323849,5.581764178246413,-3.0998423473163186,-3.0998423473163186,7.0950690529752185,-3.0998423473163186,-3.0998423473163186,-3.0998423473163186,-3.0998423473163186,6.856336836119777,-3.0998423473163186,4.724052446514501,2.953879317890139,-3.0998423473163186,-3.0998423473163186,4.374399155253381,2.834202923757145,5.581470077436322,4.6898271202290545,-3.0998423473163186,5.86210769364914,-3.0998423473163186,8.001176957102944,4.7247047673272515,-3.0998423473163186,4.5306897270341295,-3.0998423473163186,9.592049394456076,-3.0998423473163186,-3.0998423473163186,7.365450555580322,4.055789409529101,3.652065567229836,4.857696958584415,-3.0998423473163186,3.2419319440175114,-3.0998423473163186,-3.0998423473163186,-3.0998423473163186,3.277729969420859,-3.0998423473163186,-3.0998423473163186,-3.0998423473163186,-3.0998423473163186,9.070943361179566,8.207499932576123,-3.0998423473163186,-3.0998423473163186,-3.0998423473163186,-3.0998423473163186,3.8566964993271764,-3.0998423473163186,-3.0998423473163186,4.551502072230967,-3.0998423473163186,-3.0998423473163186,4.703283447212886,2.9889391801047145,5.993644435599335,-3.0998423473163186,-3.0998423473163186,4.124502133534318,-3.0998423473163186,-3.0998423473163186,0.6103018495095185,-3.0998423473163186
CSM79HM5_P,2.9591712803373724,8.017452885118809,-3.5137101617346627,-3.5137101617346627,7.415555296284829,-3.5137101617346627,3.79936918756996,-3.5137101617346627,-3.5137101617346627,-3.5137101617346627,-3.5137101617346627,7.046961011097888,-3.5137101617346627,6.907201530232461,8.878037877963612,6.743392652259305,8.450621666429667,5.698554171095538,5.8790618328470865,-3.5137101617346627,6.412820502736799,-3.5137101617346627,-3.5137101617346627,-3.5137101617346627,-3.5137101617346627,-0.2190484356712883,-3.5137101617346627,-3.5137101617346627,-3.5137101617346627,-3.5137101617346627,2.4565938192583063,-3.5137101617346627,-3.5137101617346627,-3.5137101617346627,-3.5137101617346627,2.703553847146064,2.12478470053564,-3.5137101617346627,-3.5137101617346627,4.747143257466677,-3.5137101617346627,-3.5137101617346627,-3.5137101617346627,5.01881499047197,5.735647921914001,5.384578429196114,-3.5137101617346627,-3.5137101617346627,0.5236719794831508,-3.5137101617346627,-3.5137101617346627,8.692883742765172,-3.5137101617346627,1.5420245210990267,-3.5137101617346627,-3.5137101617346627,5.23465839270988,-3.5137101617346627,3.035400666667739,3.577876646493296,-3.5137101617346627,-3.5137101617346627,-3.5137101617346627,-3.5137101617346627,5.227208176476266,-3.5137101617346627,-3.5137101617346627,-3.5137101617346627,2.4930107524599032,-3.5137101617346627,-3.5137101617346627,5.420080701351725,5.234204205261626,-3.5137101617346627,4.521900880282471,-3.5137101617346627,-3.5137101617346627,-3.5137101617346627,4.114226379882378,4.890145179899496,4.41876654362988,-3.5137101617346627,6.4379068168628315,1.3433134486821512,1.3761284353582557,2.3483910882866867,4.680899107504199
CSM7KONS_P,-2.3924522189333324,-2.3924522189333324,-2.3924522189333324,-2.3924522189333324,-2.3924522189333324,-2.3924522189333324,-2.3924522189333324,2.9673888467869087,-2.3924522189333324,5.987187109579779,-2.3924522189333324,5.978892466072881,-2.3924522189333324,6.060720014586937,5.543120820503933,-2.3924522189333324,6.853335932549592,6.089032987436627,4.6105545911818835,-2.3924522189333324,-2.3924522189333324,-2.3924522189333324,3.5562656952464087,-2.3924522189333324,-2.3924522189333324,-2.3924522189333324,-2.3924522189333324,-2.3924522189333324,-2.3924522189333324,-2.3924522189333324,-2.3924522189333324,-2.3924522189333324,-2.3924522189333324,-2.3924522189333324,1.9684547822964777,-2.3924522189333324,-2.3924522189333324,-2.3924522189333324,-2.3924522189333324,-2.3924522189333324,-2.3924522189333324,-2.3924522189333324,2.8469258333635565,-2.3924522189333324,-2.3924522189333324,5.917427723117946,-2.3924522189333324,-2.3924522189333324,8.615334094344469,5.946719816393831,-2.3924522189333324,8.17067610291574,2.9678908894339813,2.567772608137412,-2.3924522189333324,-2.3924522189333324,-2.3924522189333324,-2.3924522189333324,3.145822539808437,-2.3924522189333324,0.32214329783298723,-2.3924522189333324,-2.3924522189333324,-2.3924522189333324,6.835666243391095,6.419946704928135,-2.3924522189333324,5.756461473870996,-2.3924522189333324,-2.3924522189333324,11.22967409640171,-2.3924522189333324,3.7802804234109333,5.327385861962914,2.490743430202251,-2.3924522189333324,-2.3924522189333324,3.9098400496216144,3.581852651773561,4.510234610209853,-2.3924522189333324,-2.3924522189333324,6.766738095436413,-2.3924522189333324,-2.3924522189333324,-2.3924522189333324,-2.3924522189333324
PSM7J1C2_P,-1.2573806992985084,-1.2573806992985084,-1.2573806992985084,-1.2573806992985084,-1.2573806992985084,-1.2573806992985084,-1.2573806992985084,-1.2573806992985084,-1.2573806992985084,4.165817685067859,11.421094666660247,-1.2573806992985084,10.969083251008392,-1.2573806992985084,11.163919370544237,1.997202693081281,10.326486872872522,1.965306624547006,-1.2573806992985084,-1.2573806992985084,-1.2573806992985084,-1.2573806992985084,-1.2573806992985084,-1.2573806992985084,-1.2573806992985084,-1.2573806992985084,-1.2573806992985084,-1.2573806992985084,-1.2573806992985084,0.11592739360522941,-1.2573806992985084,-1.2573806992985084,-1.2573806992985084,-1.2573806992985084,-1.2573806992985084,4.960049572467735,-1.2573806992985084,-1.2573806992985084,-1.2573806992985084,-1.2573806992985084,-1.2573806992985084,-1.2573806992985084,-1.2573806992985084,7.49030803512475,-1.2573806992985084,-1.2573806992985084,-1.2573806992985084,-1.2573806992985084,-1.2573806992985084,-1.2573806992985084,-1.2573806992985084,1.0700771716945656,-1.2573806992985084,-1.2573806992985084,-1.2573806992985084,-1.2573806992985084,-1.2573806992985084,-1.2573806992985084,-1.2573806992985084,-1.2573806992985084,-1.2573806992985084,-1.2573806992985084,-1.2573806992985084,-1.2573806992985084,-1.2573806992985084,-1.2573806992985084,10.307112979102447,-1.2573806992985084,-1.2573806992985084,-1.2573806992985084,-1.2573806992985084,-1.2573806992985084,-1.2573806992985084,-1.2573806992985084,-1.2573806992985084,-1.2573806992985084,-1.2573806992985084,7.5462026790444305,-1.2573806992985084,4.522110849162598,-1.2573806992985084,-1.2573806992985084,-1.2573806992985084,-1.2573806992985084,0.1661439463042207,2.8681317170820027,4.505957639315188
CSM7KOMR_P,2.188280631955882,5.43999521139583,-5.076872338344991,-5.076872338344991,5.993618682221806,3.0529940692911683,-5.076872338344991,-5.076872338344991,-5.076872338344991,-5.076872338344991,-5.076872338344991,4.9095332389991,-5.076872338344991,4.264176615688142,6.137916681383388,4.926223329922774,5.48955399886489,4.46194196133302,3.6920694026751857,-5.076872338344991,7.014443702948797,0.7939187870698632,-1.410641679474523,-5.076872338344991,-5.076872338344991,3.271059049004445,-5.076872338344991,0.2932771693100378,-5.076872338344991,1.4263317296441382,1.5875668813011714,-5.076872338344991,0.3579851204270881,0.773451250813955,-5.076872338344991,1.7829949437592534,4.3616275426498,-5.076872338344991,3.2372730566126426,5.508400043626696,2.2075935544822984,3.4587434961354804,-5.076872338344991,5.376670094949114,4.167588250877269,5.241482441506443,4.113016432890945,2.4865463818367335,3.4229734457932945,-5.076872338344991,-5.076872338344991,6.918298779855079,-5.076872338344991,3.9984328102071833,-5.076872338344991,-5.076872338344991,5.648533897170125,-5.076872338344991,3.298086787563732,2.2858857175191627,1.6535095100745165,1.1804089620008167,-5.076872338344991,-5.076872338344991,2.8407052868904534,-5.076872338344991,-5.076872338344991,-5.076872338344991,3.207635395702522,1.3262523867821328,-5.076872338344991,3.5171676992369463,3.7623067520048785,0.5466396985839985,-5.076872338344991,-5.076872338344991,-0.4671070918399636,-5.076872338344991,5.572490153283191,4.455266751576612,3.64096459697823,2.704517214910674,5.310635238129345,3.8181524814135797,3.243072896109691,3.0477800521000713,3.869903540226124
CSM79HQR_P,-3.5992034188235458,-3.5992034188235458,-3.5992034188235458,-3.5992034188235458,-3.5992034188235458,5.608796290404198,-3.5992034188235458,5.349641315268497,-3.5992034188235458,-3.5992034188235458,-3.5992034188235458,-3.5992034188235458,-3.5992034188235458,5.818643536028823,6.21243324100511,3.843331031492145,6.260515227951532,7.816732275130555,-3.5992034188235458,-3.5992034188235458,-3.5992034188235458,-3.5992034188235458,-3.5992034188235458,-3.5992034188235458,-3.5992034188235458,-3.5992034188235458,-3.5992034188235458,-3.5992034188235458,-3.5992034188235458,4.237469459844528,-3.5992034188235458,-3.5992034188235458,-3.5992034188235458,-3.5992034188235458,-3.5992034188235458,-3.5992034188235458,-3.5992034188235458,-3.5992034188235458,-3.5992034188235458,-3.5992034188235458,4.401141966935415,3.1226545863924473,-3.5992034188235458,5.909316795377677,-3.5992034188235458,7.839172460899549,4.848362857296445,-3.5992034188235458,7.195953523302181,-3.5992034188235458,4.556678374712744,9.312493756553518,-3.5992034188235458,8.032831894603051,-3.5992034188235458,-3.5992034188235458,2.9771732539135662,-3.5992034188235458,4.342945993889122,-3.5992034188235458,4.892371465965782,-3.5992034188235458,3.681611415522757,-3.5992034188235458,1.8482745172600392,4.858025270071407,5.947735439127714,-3.5992034188235458,-3.5992034188235458,4.114972034767594,-3.5992034188235458,5.751584601323723,-3.5992034188235458,-3.5992034188235458,-3.5992034188235458,-3.5992034188235458,-3.5992034188235458,-3.5992034188235458,4.683706044878756,5.752907327239541,3.4306058168841584,4.050978163916231,3.988924310851978,5.829430219122825,3.2815421626109815,5.909616668162753,6.636155027838511
CSM7KOMV_P,0.09758689301459711,6.369135583720171,-4.68947788969766,-4.68947788969766,6.00873191484619,2.2467568519501393,-4.68947788969766,-4.68947788969766,-4.68947788969766,-0.7380675660348697,-4.68947788969766,5.766488072204762,-4.68947788969766,4.489501125872866,7.466089186323304,5.830832238959347,6.500329413026115,5.573987060738805,5.640494801310418,-4.68947788969766,6.515941583657057,1.129820158585047,-4.68947788969766,-4.68947788969766,-4.68947788969766,1.9417520042678076,-4.68947788969766,-4.68947788969766,-4.68947788969766,-0.6703573545081927,2.2295283257373297,-4.68947788969766,-1.5694710754708474,0.7652489536985883,-4.68947788969766,1.3609302998689685,3.1580777079040585,-4.68947788969766,2.1256658370643926,4.784080437326839,0.8061015251739114,2.7618298628167297,-4.68947788969766,4.832730839703017,-4.68947788969766,5.728259850816013,2.6729971664583205,-4.68947788969766,4.456657610704533,-0.16790956219680986,-4.68947788969766,7.315698773472658,1.3920131674968816,2.3239004764871716,-4.68947788969766,-4.68947788969766,6.255445153226197,-4.68947788969766,1.7443205860404536,2.4369226545128377,0.810490708646812,0.9210784873109201,-4.68947788969766,4.045286528241436,3.437642843270445,-4.68947788969766,-4.68947788969766,-4.68947788969766,1.8491416214008938,1.9863798693636623,-4.68947788969766,4.570713261474116,5.23992210995735,4.512164562539715,-4.68947788969766,-4.68947788969766,-4.68947788969766,-4.68947788969766,4.300919897175837,3.6272803071550817,3.14662414660193,1.2911132078560623,5.416567740662207,2.066335968562284,1.7811594559706263,1.7192204931014663,2.987579398597683
HSM7J4JT_P,-3.649896097304717,1.6271182853500612,-3.649896097304717,-3.649896097304717,-3.649896097304717,-3.649896097304717,2.275407049671368,-3.649896097304717,0.3600423863969997,-3.649896097304717,6.311628751319224,3.4431774804859243,-3.649896097304717,6.016844793843503,-3.649896097304717,4.526923477117086,5.781948969027002,6.340330370433812,-3.649896097304717,7.068092017067041,-3.649896097304717,4.286557679491607,1.201235490674442,3.910649115431588,1.3585666365593863,4.184601121192643,-3.649896097304717,-3.649896097304717,-3.649896097304717,-3.649896097304717,-0.88632023167062,-3.649896097304717,0.4995213472241353,-3.649896097304717,-0.20394300536067966,2.6186098377210296,4.054524318036794,-3.649896097304717,-3.649896097304717,4.491855453472058,0.7527291560489697,-3.649896097304717,2.2830203625493724,4.302674103416801,4.391052020702825,-3.649896097304717,-3.649896097304717,-0.6914544816814203,3.8567444790927734,-3.649896097304717,5.058352758981777,8.5116228412606,-3.649896097304717,-3.649896097304717,2.8792840731142046,-3.649896097304717,2.30751312127395,-3.649896097304717,0.7044163803684498,-3.649896097304717,-3.649896097304717,2.6322800611988733,0.9244190485759223,5.218676319431535,3.983602082887584,4.089574429344449,7.452165551484441,-3.649896097304717,2.184059716221233,-3.649896097304717,9.474708768286353,1.660287227411608,3.415270642543879,6.876144818911584,-3.649896097304717,2.539662911503634,-3.649896097304717,-0.6359114799381231,0.9828322598640877,2.9332406056118927,-3.649896097304717,-3.649896097304717,6.8909852567602226,-3.649896097304717,-3.649896097304717,-3.649896097304717,-3.649896097304717
MSM9VZN4_P,-3.3264067131712594,-3.3264067131712594,-3.3264067131712594,3.5118277310095785,7.1435588797190785,-3.3264067131712594,-3.3264067131712594,7.7198462442215225,-3.3264067131712594,9.046128024711093,-3.3264067131712594,-3.3264067131712594,-3.3264067131712594,8.368402559549985,7.653861791231206,4.771337321702498,6.730867298824625,6.873251431987178,5.0004816850121125,-3.3264067131712594,-3.3264067131712594,-3.3264067131712594,-3.3264067131712594,4.276193169842679,-3.3264067131712594,-3.3264067131712594,-3.3264067131712594,-3.3264067131712594,-3.3264067131712594,-3.3264067131712594,-3.3264067131712594,-3.3264067131712594,-3.3264067131712594,-3.3264067131712594,-3.3264067131712594,-3.3264067131712594,4.114778570042561,-3.3264067131712594,2.205028895344512,-3.3264067131712594,2.773719825138463,-3.3264067131712594,4.158330832266139,-3.3264067131712594,2.5774047108201374,7.193141628982769,0.28333442851880974,-3.3264067131712594,6.386571691140436,-3.3264067131712594,2.5978523504793003,8.180190839809597,-3.3264067131712594,5.857405416510351,-3.3264067131712594,-3.3264067131712594,-3.3264067131712594,-3.3264067131712594,4.661227193792238,-3.3264067131712594,-3.3264067131712594,-3.3264067131712594,-3.3264067131712594,5.962563253950056,4.468831907224639,4.043827521060241,6.145192985530369,-3.3264067131712594,-3.3264067131712594,-3.3264067131712594,-3.3264067131712594,7.473964916182279,7.513989729918837,3.753889940812839,-3.3264067131712594,-3.3264067131712594,-3.3264067131712594,-3.3264067131712594,3.431164121236473,2.780487227001763,-3.3264067131712594,-3.3264067131712594,8.351399202837761,2.5912526186827307,-3.3264067131712594,2.534132679998754,5.5264508320504895
HSM7J4JV_P,2.940463087455952,4.6621891956396615,3.751972784201456,6.995680083421801,5.433037596151976,-3.637614646174793,-3.637614646174793,5.495311648488487,1.377715206891608,2.5766891303721327,-3.637614646174793,-3.637614646174793,6.098535010957819,5.207691548453152,6.272896467968591,-3.637614646174793,5.208269838463082,6.091640420308481,3.8215475324961394,-3.637614646174793,-3.637614646174793,-3.637614646174793,-3.637614646174793,-3.637614646174793,-3.637614646174793,-3.637614646174793,-3.637614646174793,-3.637614646174793,-3.637614646174793,-3.637614646174793,-3.637614646174793,-3.637614646174793,-3.637614646174793,-3.637614646174793,-3.637614646174793,-3.637614646174793,3.7288127486425635,-3.637614646174793,-3.637614646174793,-3.637614646174793,-3.637614646174793,2.759020561372064,2.702707053245309,-3.637614646174793,-3.637614646174793,-3.637614646174793,-3.637614646174793,-3.637614646174793,6.89111927549739,-3.637614646174793,4.472787828403534,7.4742264448778215,-3.637614646174793,2.849705528073681,-3.637614646174793,-3.637614646174793,-3.637614646174793,-3.637614646174793,3.1611780409074317,-3.637614646174793,-3.637614646174793,0.1796429397031769,2.420019249744672,5.508748802882488,2.9238615116756828,2.6928524416772737,6.873664396219717,-3.637614646174793,-3.637614646174793,2.572147151803854,9.786253108226724,0.9292228604123558,-3.637614646174793,4.205068168640224,2.9069796640774213,-3.637614646174793,-3.637614646174793,4.287217822311592,1.4746567419443757,3.0478729480185356,3.3649915349955126,2.8201124505217328,3.94996648900569,4.919775654934783,2.370382033474262,3.624498184603846,1.8611944070798003
CSM5MCXB_P,-0.02594797059168652,0.636185319083304,2.7054885691990895,2.459486385617617,3.9881280745201284,1.8648638243307722,-6.248379816196347,3.137791463336023,-6.248379816196347,-1.357761420171566,-6.248379816196347,3.674221974950694,0.5805887283848117,3.3383956975841302,6.095466337317456,3.893447049997332,4.940931734045726,4.03082128576873,2.0752804187174902,-6.248379816196347,4.527066121851627,0.4023141945845188,-0.17304553373402598,1.1334111436914212,-6.248379816196347,2.18194439503542,1.4059551882794974,-2.958128050901471,-1.7406747730602392,-1.450513487169446,0.38278973047546483,-6.248379816196347,-0.009735680305177574,-1.7632780596795028,1.2090397769795471,-0.4091708719967224,2.11152076340469,-6.248379816196347,-1.9513622775248871,3.5738161566019557,0.6668355687168361,0.8364812253006999,-6.248379816196347,3.9396865847475264,-6.248379816196347,4.530644019913371,1.0473880559861195,0.6773450032567983,2.7803064334025205,-6.248379816196347,0.15125215801675473,5.09783349400752,-0.776831419808464,2.700283849197697,-2.16596674015745,-2.0978137027857047,4.3063098469382695,-6.248379816196347,3.5953739912451135,1.352034409683494,0.9706772518196818,-0.1829990927803733,-6.248379816196347,-6.248379816196347,2.871922965056754,-0.6452260592430905,0.6190503953749911,1.7046590745281334,2.100755912697565,-6.248379816196347,0.5023369182150805,0.7415731749403713,4.186025746662259,-1.2309067384741583,-6.248379816196347,-6.248379816196347,0.3794423863978347,2.592117092689648,3.51542761967338,3.7722510105484623,1.97256771958841,0.12110486973706092,3.768072146920087,1.4261111773276642,2.7497730746002924,2.400367099603338,3.554463407716706
CSM5MCYI_P,-5.196168254006139,-5.196168254006139,-0.9259488998001952,0.13181826255266138,4.952118120892111,2.783774496808083,-5.196168254006139,2.037880216523475,1.3166924951353467,2.367385235280902,-5.196168254006139,4.138742347124145,1.6928049569360883,3.9440656018112037,7.4515756910924305,5.778054805025505,5.3451937577940445,4.837698420109969,2.5837301192170257,-5.196168254006139,6.274488607211977,-5.196168254006139,-5.196168254006139,-5.196168254006139,-5.196168254006139,1.8483500564300428,-5.196168254006139,-5.196168254006139,-5.196168254006139,1.270258422540068,0.5639686329364348,-5.196168254006139,-1.710324031849229,-5.196168254006139,-5.196168254006139,-0.36090598781545324,3.463630345355443,-5.196168254006139,-5.196168254006139,5.435150554507377,2.6903711513255866,2.977045486186525,-5.196168254006139,4.160169361267211,3.038244895005489,4.476178003640314,3.303034387418017,1.5119628908173262,3.230897802552442,-5.196168254006139,-5.196168254006139,5.584172837798469,-0.408355823055917,4.700409490348603,-5.196168254006139,-5.196168254006139,5.227340175586489,-5.196168254006139,2.6985370170197402,0.924625332691404,1.833543769683427,0.25452599565572953,-5.196168254006139,-5.196168254006139,3.3027263922403947,1.4146626370290356,-5.196168254006139,-1.710324031849229,1.5013558875494963,1.2625028613471265,4.441466566254989,0.2774495566253936,5.445527721333245,2.3094490462395365,-5.196168254006139,-5.196168254006139,-5.196168254006139,3.7932698733379713,3.8819490148943654,3.6874995018323373,3.700857774998428,2.60340500417212,4.5902305373904015,2.5321141454936065,4.261016410535458,4.9597001610878975,5.330922409414285
CSM5MCYM_P,0.9782516556417642,-5.642490984373627,-3.48545602491763,-0.8019830171932192,4.3723356779634095,2.1100867217953523,-1.460544654882483,2.0626760199345107,1.2427833509815587,3.7142824712523748,-5.642490984373627,4.675955416529237,0.08777683017919813,5.537367000895262,6.555503942176297,4.53852752126517,5.618178474293167,4.8324148858248535,4.084177474215534,-5.642490984373627,4.113056921277497,-5.642490984373627,0.8896573230525577,-5.642490984373627,-5.642490984373627,2.4399127875664917,-1.7588841573197609,-2.2669910852876622,-2.6168640673323633,-5.642490984373627,0.06223430786907436,-5.642490984373627,-0.5894419879486819,-1.2801421145486778,0.512521687844159,0.5866650102306741,2.387436060045272,-5.642490984373627,-5.642490984373627,2.3490502433275307,0.8102892605281777,0.5563118644613585,-5.642490984373627,4.893937416601366,-5.642490984373627,3.800192473667022,0.08937676051906962,-1.8029773640807552,3.4051180799509746,0.02500100564201979,-5.642490984373627,6.494883908680638,0.45487208925862,3.694771254121603,-5.642490984373627,-1.9953680864234418,1.0118568088688482,-5.642490984373627,2.4240157334703794,-1.1206404332576358,0.3601194016149538,0.24762361164037916,3.0766186609361243,-5.642490984373627,3.7742288479563664,2.355951665353251,-5.642490984373627,2.742200853930978,2.2486839776229317,-5.642490984373627,3.531475314047719,3.2941554950075274,5.766337448776142,0.9424565504677238,-5.642490984373627,-5.642490984373627,-1.1314206196679404,3.4566441631075344,2.7426794089151185,2.822098197125637,2.9656422094405688,0.4859957032204214,2.9321188336828525,2.1281476959873835,2.4871596192980796,0.7106375829816125,4.662271123741974
CSM67U9T_P,3.2273321804833177,-4.063127164483115,-4.063127164483115,1.0532960322061644,-4.063127164483115,-4.063127164483115,-4.063127164483115,6.9329250345924365,6.783083691608178,7.3203329335246545,-4.063127164483115,-0.4503351711780894,2.1015449753356448,8.566326565857654,3.2486791225820877,6.782092145050298,7.582923108912089,3.330898146281119,5.512663944165589,-4.063127164483115,-2.0551598784311125,-4.063127164483115,4.365270855203735,-4.063127164483115,-4.063127164483115,-4.063127164483115,-4.063127164483115,2.2045106091226367,2.3462747790043617,-4.063127164483115,3.7493524319018734,-0.33494839734620463,4.031024070178417,2.172076962795259,6.044504828381541,2.6967484360665477,-4.063127164483115,-4.063127164483115,-4.063127164483115,5.481874572915957,-4.063127164483115,4.1083372703961825,-4.063127164483115,1.586250553338191,2.208705945816403,-4.063127164483115,-4.063127164483115,-4.063127164483115,2.3222739974278666,-4.063127164483115,-4.063127164483115,2.3426196373696015,3.5355717945375957,1.8346113488956357,3.0396768797298757,-4.063127164483115,-4.063127164483115,-4.063127164483115,3.0442259417720825,0.8830976542362965,-4.063127164483115,4.298807151185415,-4.063127164483115,-4.063127164483115,5.344552921328942,6.920512353693306,0.7217485026610007,7.719721177475817,-4.063127164483115,-4.063127164483115,3.761066047438974,-4.063127164483115,-4.063127164483115,4.438866024293129,-4.063127164483115,-4.063127164483115,-4.063127164483115,-4.063127164483115,5.208553671612209,5.08738313829547,-4.063127164483115,-1.5466381970502638,5.279260872499103,-4.063127164483115,-4.063127164483115,0.6383980259954498,1.9417980261526093
CSM5MCYO_P,1.8381184072060845,1.8643538139100349,1.1579746683592482,3.0299196752528914,3.1284307083469445,1.744248816867712,-6.58566400019961,2.7641147064413367,-6.58566400019961,2.309556719663128,1.128075621058474,2.723125359783176,3.483842957292023,3.026460368787551,5.452599101005115,2.8629097073098455,2.9727086836277214,4.223834994449145,1.2928749060540516,1.8170373063102607,5.386131426530479,2.569062853224372,0.7762737998762859,-0.17250542733039254,-6.58566400019961,1.5819814608466798,-6.58566400019961,-6.58566400019961,-6.58566400019961,-0.6425709373476618,-0.78728897481838,-6.58566400019961,-6.58566400019961,-1.7107266561139545,0.6205054797658409,-0.48587204300963194,2.3958620256523684,-6.58566400019961,-0.18813331584748472,3.6499659117391254,1.366908220244425,1.4835599786043572,-6.58566400019961,2.75215500448299,-1.6631804070248348,3.4244690759550225,1.9198866766236948,0.35074911671310005,3.293377328219297,2.3048897138869124,1.2101181819972089,5.234253880527073,-0.35887061195474423,2.116393954900773,-2.7063648186223146,-2.1148935124469928,3.6414740685371343,-2.993975174231667,0.5215343533806927,0.039684389508145124,0.8689586126275461,0.020246557741412374,-6.58566400019961,-6.58566400019961,2.106271071153965,2.637243949650645,1.2557944907790954,-6.58566400019961,0.8619979956865178,-6.58566400019961,4.540724100592576,0.34978702257728056,2.5064281931546954,1.3419623321568652,-6.58566400019961,-1.551920616392004,-1.062260016619482,1.4391521686437505,1.2223937397121212,1.9118225842171919,1.5788886357148808,0.45158943679667907,3.0911832221753857,0.8215900288405278,1.512563156435606,1.6940535465370683,2.74992625864574
PSM6XBSG_P,-4.192770050676142,-4.192770050676142,2.5996396548853182,3.9688437063795527,-4.192770050676142,2.8730831785067137,-4.192770050676142,7.648177761118331,3.9293471105663924,5.570688714139958,-4.192770050676142,4.891235792197364,4.951644126880169,7.047475214388523,6.075161902947176,7.120155005875682,5.983495390653904,7.762481049680752,5.683880513827264,-4.192770050676142,-4.192770050676142,-4.192770050676142,2.4012642955313916,-4.192770050676142,-4.192770050676142,-4.192770050676142,-4.192770050676142,-4.192770050676142,-4.192770050676142,-4.192770050676142,2.2607895678389616,-4.192770050676142,-4.192770050676142,-4.192770050676142,-4.192770050676142,-4.192770050676142,-4.192770050676142,-4.192770050676142,-4.192770050676142,1.8892633156598686,3.691804048557496,-4.192770050676142,3.505069456105044,2.6761068630605394,0.4070647615374643,4.3969056377021145,2.2983927106987503,-4.192770050676142,6.080833258725937,4.685271123712017,-4.192770050676142,7.596983000446729,-4.192770050676142,3.6534154746937677,-4.192770050676142,-4.192770050676142,-4.192770050676142,3.8185957533760195,3.88919070637441,-4.192770050676142,-4.192770050676142,-4.192770050676142,-4.192770050676142,-4.192770050676142,4.801070022467588,5.578943349317111,1.7269518027314419,5.879874164890603,-4.192770050676142,-4.192770050676142,7.706039594620785,4.93255996709578,4.129629778445584,4.4300063668654595,-4.192770050676142,-4.192770050676142,-4.192770050676142,3.4899026070956722,2.042001346758032,3.6698369884757494,-4.192770050676142,-4.192770050676142,4.744265176636467,-4.192770050676142,1.5204686829131013,3.027504994959119,4.269933352529527
CSM79HGJ_P,-2.128600772439995,-2.128600772439995,-2.128600772439995,-2.128600772439995,-2.128600772439995,-2.128600772439995,-2.128600772439995,8.226123075054158,-2.128600772439995,8.867166204145004,-2.128600772439995,3.490876167875639,-2.128600772439995,8.169433392730259,8.11930715638,-2.128600772439995,10.907434086681194,7.578255769525395,7.4852621644143404,-2.128600772439995,-2.128600772439995,-2.128600772439995,7.152957837603218,-2.128600772439995,-2.128600772439995,-2.128600772439995,5.0681311350760705,-2.128600772439995,-2.128600772439995,-2.128600772439995,-2.128600772439995,-2.128600772439995,-2.128600772439995,-2.128600772439995,6.583111335269167,-2.128600772439995,-2.128600772439995,-2.128600772439995,-2.128600772439995,-2.128600772439995,-2.128600772439995,-2.128600772439995,-2.128600772439995,-2.128600772439995,-2.128600772439995,-2.128600772439995,-2.128600772439995,-2.128600772439995,7.411271195369104,7.177634468792687,-2.128600772439995,6.826307305951859,-2.128600772439995,-2.128600772439995,-2.128600772439995,-2.128600772439995,-2.128600772439995,-2.128600772439995,-2.128600772439995,-2.128600772439995,-2.128600772439995,-2.128600772439995,-2.128600772439995,-2.128600772439995,7.848329498623574,8.713778826336812,-2.128600772439995,7.5005094251589455,-2.128600772439995,-2.128600772439995,10.109880903141747,-2.128600772439995,-2.128600772439995,-2.128600772439995,4.806435395787498,-2.128600772439995,-2.128600772439995,-2.128600772439995,-2.128600772439995,-2.128600772439995,-2.128600772439995,-2.128600772439995,7.426474145410279,-2.128600772439995,-2.128600772439995,-2.128600772439995,-2.128600772439995
CSM79HGD_P,-3.8557463141832358,-3.8557463141832358,-3.8557463141832358,-3.8557463141832358,-3.8557463141832358,-3.8557463141832358,-3.8557463141832358,7.961454489192665,-3.8557463141832358,7.012446632983178,1.0658756996609977,-3.8557463141832358,3.132597122453131,7.051455265935112,7.763209262451099,-3.8557463141832358,7.510286339157444,6.100588217234431,5.318664722722715,-3.8557463141832358,-3.8557463141832358,-3.8557463141832358,6.101123064294429,-3.8557463141832358,-3.8557463141832358,-3.8557463141832358,-3.8557463141832358,1.0929083777775563,2.1855039454896845,-3.8557463141832358,4.111844979643792,2.6242006999401806,1.572210541582411,2.9172115487845165,5.970098586251663,4.293624688081556,3.769568013419403,-3.8557463141832358,3.558749807178387,-3.8557463141832358,1.5134217474635054,-3.8557463141832358,2.3374140351556436,4.5929689251568355,-3.8557463141832358,3.230792709859424,-3.8557463141832358,-3.8557463141832358,7.428920801775801,3.655645587109265,2.262213048499616,7.657910939996027,3.7165524694736796,-3.8557463141832358,-3.8557463141832358,-3.8557463141832358,-3.8557463141832358,-3.8557463141832358,-0.32047786036040193,-3.8557463141832358,-3.8557463141832358,0.10839960959163442,4.649877644349312,-3.8557463141832358,7.19717633824339,7.472270562376064,-3.8557463141832358,5.6627717265196855,-3.8557463141832358,-3.8557463141832358,6.081987149345446,4.367869427120568,0.3579865894036409,-0.21083853117819373,-3.8557463141832358,5.186666274448363,-3.8557463141832358,-3.8557463141832358,3.183794726172046,4.989603163004749,-3.8557463141832358,-3.8557463141832358,7.426206726573325,-3.8557463141832358,-3.8557463141832358,-3.8557463141832358,-3.8557463141832358
CSM79HGL_P,-3.1297403362234366,-3.1297403362234366,-3.1297403362234366,-3.1297403362234366,-3.1297403362234366,-3.1297403362234366,-3.1297403362234366,9.17531440443559,-3.1297403362234366,8.345181795371955,-3.1297403362234366,-3.1297403362234366,-3.1297403362234366,8.841239810068302,8.265262050871685,-3.1297403362234366,7.809404701832011,5.981509354332579,8.069180126910425,-3.1297403362234366,-3.1297403362234366,-3.1297403362234366,4.038984181316823,-3.1297403362234366,-3.1297403362234366,-3.1297403362234366,-3.1297403362234366,-3.1297403362234366,-3.1297403362234366,-3.1297403362234366,4.870403599096984,3.690024958777233,-3.1297403362234366,-3.1297403362234366,-3.1297403362234366,2.961922739269755,-3.1297403362234366,-3.1297403362234366,-3.1297403362234366,-3.1297403362234366,4.60676416952994,3.810286297046524,5.3716619237928365,3.458689394576152,4.636950360316325,5.617931135766825,-3.1297403362234366,-3.1297403362234366,7.870891433751261,7.051606743441353,-3.1297403362234366,7.246190062380215,-3.1297403362234366,2.789051356353964,-3.1297403362234366,-3.1297403362234366,-3.1297403362234366,-3.1297403362234366,-3.1297403362234366,-3.1297403362234366,-3.1297403362234366,-3.1297403362234366,-3.1297403362234366,-3.1297403362234366,7.02103561786336,7.746492184330559,-3.1297403362234366,6.197407116405902,-3.1297403362234366,-3.1297403362234366,7.4876867458534795,4.2131416292778106,3.09625063755293,4.7628470057233985,2.968000393885638,4.733821102597969,-3.1297403362234366,-3.1297403362234366,3.816033187615939,4.885544978724878,-3.1297403362234366,-3.1297403362234366,6.347708974334711,-3.1297403362234366,-3.1297403362234366,-3.1297403362234366,-3.1297403362234366
CSM79HGN_P,-2.800545781862697,-2.800545781862697,-2.800545781862697,1.8570006907790333,-2.800545781862697,-2.800545781862697,-2.800545781862697,7.3414080871012235,-2.800545781862697,6.992974736025217,-2.800545781862697,-2.800545781862697,0.06512876439454374,7.522470493520602,6.63044286234926,-2.800545781862697,7.599160351346019,5.381690861053728,6.543687380387133,-2.800545781862697,-2.800545781862697,-2.800545781862697,4.313154219831063,-2.800545781862697,-2.800545781862697,-2.800545781862697,4.96265797719614,-2.800545781862697,-2.800545781862697,-2.800545781862697,2.8366801618747317,1.778523019242014,-2.800545781862697,1.6761624025957875,3.414727635711433,2.9963510059401184,1.4720936696495102,-2.800545781862697,-2.800545781862697,-2.800545781862697,2.8615982840282648,1.2946761373231475,4.099106616652783,-2.800545781862697,-2.800545781862697,1.122886515022186,-2.800545781862697,-2.800545781862697,6.935340173431527,2.591080812406508,-2.800545781862697,5.615516514613658,3.802605119210905,5.8595357241491355,-2.800545781862697,-2.800545781862697,-2.800545781862697,-2.800545781862697,-2.800545781862697,2.165105430913906,-2.800545781862697,-2.800545781862697,-2.800545781862697,-2.800545781862697,6.4997064510840294,7.062538571993592,-2.800545781862697,6.09400817962878,-2.800545781862697,-2.800545781862697,10.777178927434791,-2.800545781862697,0.34004459524909336,4.113826107873938,-2.800545781862697,3.5706754648677457,-2.800545781862697,-2.800545781862697,-2.800545781862697,-2.800545781862697,-2.800545781862697,-2.800545781862697,5.393651031725743,-2.800545781862697,-2.800545781862697,-2.800545781862697,-2.800545781862697
ESM5MEC7_P,-0.08360343456497787,3.4396320085905217,3.661831662999857,4.019571046057012,2.7562404764577435,0.2529458705898202,-5.916490306754525,3.829033784815171,-3.767021302446116,2.9952268698381683,3.34537490669931,5.0730987570589186,0.9746111726811595,0.7366546803237206,5.668629834046333,1.7252038255615476,5.088540702399756,6.7973830081613125,0.472869899949659,0.039818658310394106,1.295006543943491,-5.916490306754525,0.4453077940316703,1.4880053074630242,-0.8653309651661445,-1.014042731663464,0.9900374092771145,-5.916490306754525,-5.916490306754525,-0.4532482775717419,0.3550810207452191,-2.5803929424081,-5.916490306754525,2.020216702323541,-0.02405950253882949,-0.3488569367975316,1.0001484816241746,-5.916490306754525,1.6515738561732896,3.1703211467699024,-1.6445042378261974,-5.916490306754525,0.09640794536228015,3.8952468152237127,0.5633672067363076,-1.1260228112549342,-5.916490306754525,-1.6040970661434244,2.5743313792566536,0.4788929994680302,-3.125995248636528,5.155578684085713,0.4123906806699331,2.1691272048773165,1.1897069600199206,-5.916490306754525,-5.916490306754525,-0.6701763355322949,4.3930395892064205,-2.0262442999442705,-0.35229795545845555,1.5497753954380151,-5.916490306754525,3.1306274442918136,3.7518613372848106,3.5803367873350016,3.116107559639193,-5.916490306754525,1.346746441621966,0.5159437595289624,3.649808199716605,1.7820237278285456,5.6582824711688,1.279429433618632,-5.916490306754525,1.040212325904478,1.685382944880419,1.8704626448100257,-1.2413026223504176,2.8434281915230786,-0.14972951111205113,-2.6319789671891645,3.3288136296584705,0.705514110264601,-5.916490306754525,2.239138231652862,-2.3273363815119996
MSM79HD8_P,1.8346156256718125,1.5326308933631028,3.0718292803673846,4.910032532354639,1.8464503717143756,-5.118238945234182,-5.118238945234182,4.088506020848977,2.7262492162842413,2.393120827328774,1.6885978333862148,2.4071239562023488,-0.8447797788348748,2.463945099512725,4.037015217082964,3.229643836645865,4.054966865092155,5.175068170994631,-0.055200172761662,1.9984469265879916,-1.7464029911725838,-0.6641013062151746,-5.118238945234182,1.9528370294958775,-5.118238945234182,-0.43241427568020185,-1.5180673356527539,-5.118238945234182,-5.118238945234182,1.9007301053123156,-0.1973994477280634,-5.118238945234182,-5.118238945234182,6.694641248304206,2.0054372072239497,3.6708860284732907,-1.7927254424010979,-5.118238945234182,-1.073130054866045,4.075213114968284,-5.118238945234182,-0.27399083190682383,-5.118238945234182,8.08796969457589,5.709242876657273,0.30706936913689376,-0.28910168851654916,-5.118238945234182,2.900114854199159,1.0398060407233327,1.1633325543021007,4.916343376152213,3.3867166998582974,-1.8693388649539706,-0.7795811602873624,-5.118238945234182,-0.23108638691967975,-5.118238945234182,-5.118238945234182,-3.329533840860069,-0.8106621853624567,0.19160849261851354,-5.118238945234182,2.684744679838734,2.481261133081823,4.36060208916343,3.1072851742734215,-5.118238945234182,-0.9570086817098353,-5.118238945234182,5.1064901066181605,0.6112574764219705,2.9909320890980053,1.0973464010184637,1.247901238527854,-0.3407756968553848,-5.118238945234182,5.382706148253716,-1.3558436425951292,2.822369114807181,-0.537801077630327,-5.118238945234182,3.325301612124477,-5.118238945234182,-5.118238945234182,2.3517338901367735,1.2211024700327462
CSM79HM9_P,-6.103607462124252,3.283657203807773,1.9121742733311073,2.0686392499402224,3.667903794394432,1.991483381489692,-6.103607462124252,4.175588456649182,-3.3311732966596743,3.1437193299593194,1.4226760388928552,2.8266888098660283,0.6140325708549836,3.346706380100124,5.274113470959595,3.393174555046099,3.752826701730656,4.135598012103989,2.6215726281558096,1.4575444419925256,4.122862479754926,-6.103607462124252,0.0847487785904395,-1.234315377066256,-6.103607462124252,0.7583317826053833,-0.7644321912214664,-6.103607462124252,-6.103607462124252,1.9572412972653703,-0.45259921987915597,-6.103607462124252,-6.103607462124252,-3.3710187863215424,-1.0864913948321178,-0.18487802604844905,1.2738304255486792,-6.103607462124252,1.6499585841616113,4.1447799147487405,1.352465665660409,1.8992982031369223,-6.103607462124252,2.0875176282900485,-6.103607462124252,3.691468617288251,2.6746691506238376,0.5755129498227882,3.269016364461396,-1.6684992202690054,-6.103607462124252,5.263442165495333,0.46990807369910215,2.6928124436723078,-6.103607462124252,-1.982702015718198,4.191026481028667,-6.103607462124252,1.7581955438168677,-0.1550843755798148,1.1460645479431086,-0.21247301959358111,-6.103607462124252,-6.103607462124252,3.043827926801195,3.0353405568586496,1.0392528168705306,-6.103607462124252,0.7825040922257971,-6.103607462124252,6.6006096937468435,1.1557836549471734,3.496792618294668,2.0204153649739913,-6.103607462124252,-1.9293825171029813,1.5576371814422334,1.015964575436806,4.143761395328058,3.1721216946231063,2.1143745098207107,0.8590629777544923,3.764735518643455,1.254819797816272,2.057352929642687,1.683869073823752,3.1882862899209288
MSM79HD6_P,-4.250212858044964,-0.5978347310132737,5.474391222938794,7.403384280684268,-4.250212858044964,2.450366970124021,-4.250212858044964,6.349852830442243,5.350497822819448,5.112204120898823,-0.613713294270223,0.5856792146158707,7.515163517778822,5.525616136079508,2.9693864694841343,-0.009611600374851648,6.757447497282255,8.509606284478028,1.3412047640607465,-4.250212858044964,-4.250212858044964,-4.250212858044964,1.5935361883123909,-4.250212858044964,-4.250212858044964,2.4589252936485835,-4.250212858044964,-4.250212858044964,0.9451136747428261,-4.250212858044964,1.2561099268136662,-4.250212858044964,-4.250212858044964,-0.611049296275981,-4.250212858044964,-1.348041221303916,1.0729554050491448,-4.250212858044964,0.6966614483878839,1.4272754520001634,-4.250212858044964,-4.250212858044964,0.4516740612400252,-4.250212858044964,0.9922488923992585,4.3568360736150575,-4.250212858044964,-4.250212858044964,4.152519786747764,-4.250212858044964,-4.250212858044964,7.328401637956604,1.7018889316943424,4.551066534819607,-4.250212858044964,2.620198352083917,-4.250212858044964,1.4365878682716904,2.9766985082347244,-4.250212858044964,2.084819770224777,2.5749382367864726,0.9372257583274983,-4.250212858044964,3.839782200899819,3.4182296059244743,4.947226307633122,-4.250212858044964,2.8600635091578424,-4.250212858044964,1.825567919451509,4.717142520274529,5.201073606224352,3.6518062451444724,3.665609895192852,-4.250212858044964,-4.250212858044964,0.29474283608902496,1.5676755676076652,2.395973581174574,-4.250212858044964,-4.250212858044964,2.8283064771362563,-4.250212858044964,-4.250212858044964,-2.0308136593476327,1.305450643415643
CSM7KOU7_P,-4.3187847619471125,1.9661455585572174,6.454239237882321,6.845525296843087,3.7310440663753104,-4.3187847619471125,-4.3187847619471125,0.8805458464005707,6.77784848927306,2.195476376701527,-0.7711970685021399,4.279384143318934,7.651784432113276,6.902317248092892,6.776696218149308,3.8416486989243355,8.169393050016286,6.474625437838898,2.1419235997043184,-4.3187847619471125,-4.3187847619471125,-4.3187847619471125,-4.3187847619471125,1.69654840111198,-4.3187847619471125,2.1873319989527484,-4.3187847619471125,-4.3187847619471125,-4.3187847619471125,-4.3187847619471125,0.005283656015331317,-4.3187847619471125,-4.3187847619471125,0.5572916961073737,1.337684589555975,-4.3187847619471125,0.10382262084285365,0.2213146215237316,2.7259422403225573,-4.3187847619471125,1.4403500305563313,-4.3187847619471125,-4.3187847619471125,3.64926198606398,2.1223478210362057,4.717769649322261,-2.560489712767323,-4.3187847619471125,5.20036942637238,-4.3187847619471125,-4.3187847619471125,6.582054552409339,1.347008834505404,-4.3187847619471125,-4.3187847619471125,-0.3288517425054156,1.7444559712236885,-4.3187847619471125,2.896788047671139,-4.3187847619471125,-4.3187847619471125,1.865699397790924,-4.3187847619471125,-4.3187847619471125,3.7873526576394143,3.494253159351797,5.1870440366823445,6.192154141930618,-0.43790316020113806,-4.3187847619471125,-0.7939657150089676,4.07323930938912,3.330981641683639,2.486548121783171,-4.3187847619471125,2.5501817988608035,5.1247265927871295,0.4710508133202005,2.0775475256819567,3.048108844681856,-4.3187847619471125,-4.3187847619471125,5.4727565478580456,-4.3187847619471125,-4.3187847619471125,-4.3187847619471125,-4.3187847619471125
MSM79H9U_P,1.8736276238608403,1.9997604373106093,1.3399296561558334,4.821328494084489,3.7640813718907538,0.20374124444735742,0.6301961462680072,4.724292506442645,1.7553388139728048,4.37758027136906,3.4687893330370114,-0.6012133978591248,6.51305389674264,3.5947060597438236,5.632893359683717,4.654771085889601,3.7165919938173966,6.09274486724456,2.87805957506656,4.932249707372794,-4.32955716464768,-4.32955716464768,-4.32955716464768,3.049297774059558,-0.10453665714711136,0.414242979879333,-4.32955716464768,-4.32955716464768,-4.32955716464768,-4.32955716464768,-4.32955716464768,-4.32955716464768,-4.32955716464768,-4.32955716464768,-4.32955716464768,-4.32955716464768,1.5498795443694613,-1.3205760374152504,1.8052958250766107,-4.32955716464768,1.897838153385397,3.4499575259340247,-4.32955716464768,4.143450406713751,3.4910310266066507,3.493805637485454,-1.5010005980258878,-4.32955716464768,5.85927210780293,-4.32955716464768,3.841108542371284,6.5209545182504876,-4.32955716464768,0.5387361987317263,-4.32955716464768,-4.32955716464768,-4.32955716464768,-4.32955716464768,4.192601483910054,-4.32955716464768,-2.4344719414906564,0.38468421139402587,-4.32955716464768,4.815914393256811,2.913249139414434,3.2823652529436513,4.583630964564217,3.4178440392544465,0.6350400695497473,-4.32955716464768,9.09303085817034,3.5159555261688906,3.288904878339337,4.056793406449096,-4.32955716464768,-1.2334070775477262,3.9471681790596254,-4.32955716464768,0.8124276280052527,3.8713513886214503,-4.32955716464768,-4.32955716464768,5.540013633873399,-4.32955716464768,-4.32955716464768,-4.32955716464768,-4.32955716464768
CSM7KONW_P,-4.987927082929261,1.4417533149393735,2.423675141530552,3.8632661161830795,1.641105824047191,-4.987927082929261,-4.987927082929261,4.733815437179518,2.3170465526384616,4.2895504509025875,1.8708351252616335,4.13813256821075,0.6082373685354039,4.410809909974152,5.650567469829637,1.777591201905378,6.981296604466364,5.420004994927913,1.8180102701432883,1.3689816308494676,-4.987927082929261,-4.987927082929261,3.4279897899517024,-0.6157225224273066,-4.987927082929261,-4.987927082929261,-4.987927082929261,-4.987927082929261,1.8691411297787068,-4.987927082929261,2.043285485749502,2.337066801439879,-4.987927082929261,1.5472471367775356,5.006938669754277,2.1632365471495048,1.4258572487065306,-4.987927082929261,-0.23280124204868002,0.30923198062013135,-4.987927082929261,1.1727455804849907,1.1248996461082896,4.31194286222735,2.8612023605558887,4.041449513688879,-4.987927082929261,-4.987927082929261,6.965002817442785,5.674995711258845,-1.4401240051359352,6.142771561750496,2.857423115333895,-4.987927082929261,-4.987927082929261,-0.18848247191309753,-4.987927082929261,-4.987927082929261,3.3736058741486588,0.8330301496906829,-4.987927082929261,0.849458623904864,3.30601680973532,-4.987927082929261,6.720158895691176,3.797872032205852,2.7608555134438664,5.339199761693042,-4.987927082929261,2.155372350071275,7.118132890640998,1.8050795312695351,3.3262010846316388,2.1051477426936236,2.767413729476644,3.5213865269783797,-4.987927082929261,0.47762501312614525,1.3145965488669544,2.161887964210316,-4.987927082929261,-4.987927082929261,4.323886152777559,-4.987927082929261,-4.987927082929261,-1.2415967208519607,-4.987927082929261
CSM7KOQ5_P,-3.65367160134511,-3.65367160134511,-3.65367160134511,4.993351299552237,1.459176268289708,-3.65367160134511,-3.65367160134511,4.160491221404655,3.8344231265265805,1.5386622409756434,-3.65367160134511,-0.6991786407529332,-3.65367160134511,3.0008441749298997,1.969662526808218,2.96963665850525,5.657739472786968,8.691223480359508,-3.65367160134511,2.1843808428629377,-3.65367160134511,-3.65367160134511,3.848521795077506,-3.65367160134511,-3.65367160134511,5.19451604884135,0.5644541708321995,-3.65367160134511,1.169849280169453,-3.65367160134511,3.460580261521475,-3.65367160134511,-3.65367160134511,-3.65367160134511,-3.65367160134511,-3.65367160134511,-3.65367160134511,-3.65367160134511,-3.65367160134511,6.449639510645643,4.7295190604197535,-3.65367160134511,-3.65367160134511,3.3240836591074894,3.0332521881455357,-3.65367160134511,-1.0636450159929858,-3.65367160134511,8.178545880727658,-3.65367160134511,-3.65367160134511,9.351117902403606,5.439898225696224,-3.65367160134511,0.9589978005744246,2.9882668668135217,-3.65367160134511,-3.65367160134511,-3.65367160134511,5.0783755666187185,3.0559325863074367,3.6884496890177596,-3.65367160134511,-3.65367160134511,6.80731755871598,2.176989595605349,3.9032202750679925,1.290616249519152,-0.11701193885871675,-3.65367160134511,0.6208768757729732,6.794456502683187,3.194152169781616,6.270197108908156,-3.65367160134511,2.6566028667944046,-3.65367160134511,3.3032305158790356,-3.65367160134511,2.477651679995857,-0.9224611407354786,-3.65367160134511,3.091873751968456,-3.65367160134511,-3.65367160134511,5.116134075126556,3.9230882416419446
CSM7KOUJ_P,-3.7383934505582967,-3.7383934505582967,1.7988880927428195,1.9628453707098608,-3.7383934505582967,-3.7383934505582967,-3.7383934505582967,8.402491288203464,-3.7383934505582967,6.324060060978155,2.780409691156761,-3.7383934505582967,2.2380723785291092,4.459727706823182,2.764928558010242,7.901734161884253,7.687557566218922,7.559140043547753,4.413582786461925,2.255451029448304,1.6725937662892552,-3.7383934505582967,-3.7383934505582967,-3.7383934505582967,-3.7383934505582967,1.9493725658306147,-3.7383934505582967,-3.7383934505582967,-3.7383934505582967,-3.7383934505582967,-3.7383934505582967,-3.7383934505582967,-3.7383934505582967,-3.7383934505582967,-3.7383934505582967,-3.7383934505582967,-3.7383934505582967,2.657331794492113,1.589153380766497,0.8916157407256424,4.194635111458726,-3.7383934505582967,-3.7383934505582967,-3.7383934505582967,-3.7383934505582967,4.954440868002724,1.0249043435028913,5.078925978648139,3.25013695211947,-3.7383934505582967,-0.8034633009601411,6.6888711271763315,-3.7383934505582967,2.9417095152990624,2.0642506300737384,0.20235622302018363,-3.7383934505582967,-3.7383934505582967,-3.7383934505582967,-3.7383934505582967,0.28807155183136857,-3.7383934505582967,-3.7383934505582967,-3.7383934505582967,4.354979151823568,5.5519654737821575,1.857447259726806,5.593304860483882,3.4566504281227743,-3.7383934505582967,4.486098687166188,4.561577966619769,0.009861734199319017,4.08454313578405,-3.7383934505582967,-3.7383934505582967,-3.7383934505582967,1.1100629422918455,3.2483808612855567,4.293344515081644,-3.7383934505582967,-3.7383934505582967,5.048050026738618,-3.7383934505582967,-3.7383934505582967,1.6012338064215648,2.200537125782258
HSMA33P2_P,-4.561468812063286,4.046919809099733,3.071104497690275,5.441535507307335,3.7515695023505193,-4.561468812063286,-4.561468812063286,1.7893492512770743,-2.166983621787457,2.8807831492998117,0.5071951865059408,-4.561468812063286,6.133842996777066,6.543429162399963,7.555245213544862,5.627194280405646,6.044144025622841,4.495085178973097,1.7509476240341417,-4.561468812063286,4.136680869922002,1.380209905002597,1.3458873528204993,4.851113005754475,2.626127945880472,-0.16525326837001408,-4.561468812063286,0.35802659900955724,-4.561468812063286,-4.561468812063286,4.485029761872065,-0.014818889184052608,-0.17622680616843667,-4.561468812063286,1.5509251259637873,-0.17760700419193753,-0.6224876637279593,1.2475936429322587,2.2794806031509687,5.527352830388011,-4.561468812063286,2.6800408685334567,-4.561468812063286,2.7622704094057458,1.6442708937642383,-4.561468812063286,-4.561468812063286,3.086746414333672,3.1827136894982058,-4.561468812063286,-4.561468812063286,8.41369809387028,-4.561468812063286,-4.561468812063286,-4.561468812063286,1.7577503253124052,2.3845329799214188,-4.561468812063286,2.7014542343231636,1.1638086195180097,-4.561468812063286,3.291057450053125,0.2807443399058709,4.98150502841865,3.586946543736742,0.5906584710209319,5.386930360239572,5.420707014588092,-4.561468812063286,-4.561468812063286,1.4026437595794157,0.33678455730339074,-4.561468812063286,3.9935417518449308,-4.561468812063286,1.9783769169716532,-4.561468812063286,-4.561468812063286,0.3209711066319567,2.283849725316098,-4.561468812063286,-4.561468812063286,5.446737851964921,-4.561468812063286,-4.561468812063286,-4.561468812063286,-4.561468812063286
MSM9VZJF_P,-4.9509712720469174,1.1412061304879213,1.0504930715775274,1.6650996160313278,1.671207680329771,0.9595190376817451,-4.9509712720469174,5.649850951561704,-4.9509712720469174,2.2850453193512257,3.1360379347815117,3.03227865472521,1.042800543060773,3.406819570626385,3.792520657986893,1.7525249302398596,2.9132919804409783,4.991737377485768,-0.06428899841564295,-4.9509712720469174,4.674992536134108,-4.9509712720469174,0.9280107827283599,-4.9509712720469174,-4.9509712720469174,-4.9509712720469174,-4.9509712720469174,-4.9509712720469174,-4.9509712720469174,-0.3477714002265664,0.423548998452981,1.2875704835248696,-4.9509712720469174,1.748554326584694,-4.9509712720469174,-4.9509712720469174,4.011165109869289,3.1195944714501103,4.6369967578381965,-4.9509712720469174,4.177119886238576,6.715138714572508,-4.9509712720469174,4.939831283668791,3.24350964865142,5.517435080767257,1.8124458331521733,4.133797102470323,5.585109424867321,3.0066987543284336,-4.9509712720469174,7.640041988590037,3.0830404574944277,-4.9509712720469174,1.2252100107964532,-4.9509712720469174,-4.9509712720469174,-4.9509712720469174,3.1498094662092635,-4.9509712720469174,2.3108830168089396,2.048493119948123,0.7001893503760854,4.03879887237739,5.25623782895053,1.7046707618316104,3.7954362726465645,0.9414768389383354,-4.9509712720469174,1.309666929904485,6.563186761528916,6.429394020750821,-4.9509712720469174,4.823462863391616,-4.9509712720469174,-4.9509712720469174,-4.9509712720469174,-4.9509712720469174,2.3573968965805374,5.125118756272318,0.9967669058155497,1.5403191158058078,5.999883555595816,-4.9509712720469174,-4.9509712720469174,-4.9509712720469174,-4.9509712720469174
HSM5MD43_P,-3.9719093775212873,-3.9719093775212873,-3.9719093775212873,-3.9719093775212873,4.388920925139183,-3.9719093775212873,-3.9719093775212873,7.372231013043317,-3.9719093775212873,5.402952314443317,-3.9719093775212873,5.873633524190017,-3.9719093775212873,8.609694552203145,8.056177945920265,-0.5513518597719553,7.817357786264914,-0.23763847599778032,-3.9719093775212873,-3.9719093775212873,-3.9719093775212873,2.573411506938328,5.947998941072849,1.8292348919820363,-3.9719093775212873,2.9641191466957393,2.7626750214444433,-3.9719093775212873,-3.9719093775212873,1.0739186845604927,0.20252971301393075,-3.9719093775212873,-3.9719093775212873,2.8538763459011305,-3.9719093775212873,3.0186602775800786,2.1014339907088075,-3.9719093775212873,3.309580820777639,3.513878327052055,0.8160013661904646,2.779759441805508,-3.9719093775212873,2.862901641633659,1.9917871305870394,-3.9719093775212873,1.9966898133477757,-0.5780257110721809,5.138613940921723,2.6528763744029193,1.8389262491103668,8.313619766036567,1.684068905644617,2.9917139259806147,1.1535658725664533,-3.9719093775212873,-3.9719093775212873,1.8883199198435952,0.5207285414407323,-3.9719093775212873,-3.9719093775212873,1.2178450434456227,-3.9719093775212873,-3.9719093775212873,3.0178262056568608,5.1218727732756495,4.77375610681108,-3.9719093775212873,0.5840037191392646,-3.9719093775212873,-3.9719093775212873,2.879221633279225,-3.9719093775212873,2.954189298029685,2.14409079529334,2.1706132642196074,-3.9719093775212873,2.679105443482486,1.6342919023827793,2.722759731280701,-3.9719093775212873,-0.1568446380244115,4.979053597831994,-2.5084388377724895,-3.9719093775212873,1.6963092303209848,1.883431252135325
CSM67U9H_P,7.179427740815596,-3.1681428607845152,-3.1681428607845152,-3.1681428607845152,-3.1681428607845152,-3.1681428607845152,-3.1681428607845152,5.985820984056166,-3.1681428607845152,6.247495590600665,-3.1681428607845152,-3.1681428607845152,0.2961718458632099,6.109400070526143,4.556983507403724,-3.1681428607845152,5.479159206839252,4.198286601694874,5.084023102703823,-3.1681428607845152,-3.1681428607845152,-3.1681428607845152,1.470967564772284,-3.1681428607845152,-3.1681428607845152,-3.1681428607845152,2.1258149696552575,-3.1681428607845152,-0.7792618836375951,-3.1681428607845152,2.4711315691531546,0.51762136313722,-0.14821056492506024,0.9014255649957352,3.332758192019373,1.7465897600904707,-3.1681428607845152,-0.1792056283144028,-3.1681428607845152,-3.1681428607845152,3.623231052711904,2.2427488858597897,-3.1681428607845152,4.471308433710657,2.619623399063718,4.9683591406595164,-3.1681428607845152,0.6170587197861863,9.15716146731287,-3.1681428607845152,2.8474455315012523,6.9234751696458945,1.3432616807775961,2.6734115910180556,-3.1681428607845152,-3.1681428607845152,-3.1681428607845152,-3.1681428607845152,3.59448659758562,-3.1681428607845152,-3.1681428607845152,0.04121145720324293,1.8273619789536557,-3.1681428607845152,5.598341154555801,5.041109730172939,-3.1681428607845152,3.9335001051659315,-3.1681428607845152,-3.1681428607845152,10.20628548569599,-2.186969141358503,5.318725345329782,2.9129120824295143,-3.1681428607845152,0.14884439288247187,-3.1681428607845152,1.8674615114749304,2.6627605495972047,4.09401324532948,-3.1681428607845152,-3.1681428607845152,3.9695040437145854,-3.1681428607845152,-3.1681428607845152,-0.2611763087790404,-3.1681428607845152
CSM79HGF_P,-3.91750880596717,-3.91750880596717,-3.91750880596717,-3.91750880596717,-3.91750880596717,-3.91750880596717,-3.91750880596717,7.50758264179893,-3.91750880596717,6.883343199451286,-3.91750880596717,-3.91750880596717,-0.2720465105229781,6.4752680313971,6.552035545591387,-3.91750880596717,8.25383891293553,4.86676756796692,5.426826113101511,-3.91750880596717,-3.91750880596717,-3.91750880596717,6.512400799122755,-3.91750880596717,-3.91750880596717,-3.91750880596717,-3.91750880596717,-0.981560637281266,2.8271446864669,-3.91750880596717,3.7851690829605857,2.3657518820133774,1.81486724327433,3.343516683641411,5.848616001926933,4.163273883374503,4.411843133760341,1.0828877337278282,2.0067596890809156,-3.91750880596717,-3.91750880596717,0.13318407226989848,2.2287897079422843,-3.91750880596717,-3.91750880596717,5.479618341826509,0.8612448248165716,-3.91750880596717,7.660779541475172,4.836276401346635,1.348062949051453,7.993035952260296,3.48141223013155,4.6769558034967975,-3.91750880596717,2.2993980793028204,-3.91750880596717,-1.2275615146331198,-3.91750880596717,3.5375621424768013,-3.91750880596717,0.7051607772556476,-3.91750880596717,-3.91750880596717,6.938243956150244,6.7828312687764445,-3.91750880596717,4.97748378674269,-3.91750880596717,-3.91750880596717,6.4318726546100375,-3.91750880596717,-3.91750880596717,3.1298819958785637,3.095446128606042,5.020941308318417,-3.91750880596717,3.0738029221092447,3.73700676384681,4.279884394276111,-3.91750880596717,-3.91750880596717,7.374084174129798,-3.91750880596717,-3.91750880596717,-3.91750880596717,-3.91750880596717
PSM6XBSE_P,-4.524686321286607,0.6805779978979487,4.4472875455478444,-4.524686321286607,3.4152782656857665,2.0978883319502337,-4.524686321286607,5.129317557553931,-4.524686321286607,-0.42321173218796737,-4.524686321286607,7.256957694486182,-4.524686321286607,5.690425656052634,1.3873062609882343,4.103883850872152,5.242408551138041,6.306824177716768,2.988505689504686,6.319762307056083,-4.524686321286607,-4.524686321286607,2.4047788006959756,-4.524686321286607,-4.524686321286607,-4.524686321286607,-0.5771217663319383,-4.524686321286607,-4.524686321286607,-4.524686321286607,1.1068142603351152,-4.524686321286607,-4.524686321286607,-0.9443156000208148,-4.524686321286607,2.0492455865234653,-4.524686321286607,-4.524686321286607,-1.2646852840165455,1.4207789326568996,2.839038777652487,1.2342466393700064,-4.524686321286607,-4.524686321286607,-4.524686321286607,-4.524686321286607,2.0603703301970544,2.476936558311313,6.933459652051319,-4.524686321286607,3.476037053922954,7.490485680137704,-4.524686321286607,2.602008884184003,-4.524686321286607,-4.524686321286607,2.3672669230401144,3.184390635378789,1.3472601463195684,-4.524686321286607,3.621569714647088,0.19062915196706065,3.939540815902034,4.67876813951779,-4.524686321286607,-4.524686321286607,2.2031563078511747,4.801856344414929,-4.524686321286607,-4.524686321286607,-4.524686321286607,3.8912807427487692,7.513893567913253,6.2141526109182665,-4.524686321286607,-4.524686321286607,-4.524686321286607,5.250166143998117,4.151575312987362,3.6319207264950233,-2.0185816467034847,2.033977810378171,6.068651603556615,3.7417571914809473,1.5507912532683532,4.371576161027174,4.04248419543977
CSM67UF1_P,-4.752484256905699,4.605895704573808,-2.0384692082112235,-4.752484256905699,4.43615618658349,4.892741754135366,-4.752484256905699,-4.752484256905699,-4.752484256905699,-4.752484256905699,-4.752484256905699,5.226463283312762,-4.752484256905699,4.97607440316346,7.371318259865518,5.437406350558227,6.393784730727569,6.329605188202376,4.680808702450295,-4.752484256905699,5.835961108883572,-4.752484256905699,0.7631868659749603,-4.752484256905699,-4.752484256905699,2.2808591658515347,-4.752484256905699,-1.4646711857613948,-0.7381502393244883,-1.6178602220118936,1.8161426290506855,-4.752484256905699,0.6319282217311581,-4.752484256905699,-4.752484256905699,0.5685566840313445,4.222435678444206,-4.752484256905699,-4.752484256905699,3.201878494072875,3.4214824619441178,3.799280344952937,-4.752484256905699,2.984999538225911,-4.752484256905699,5.13791913917107,2.9493420089009863,2.407890475333347,3.2189971626722524,-4.752484256905699,-4.752484256905699,7.2039688952556284,-4.752484256905699,3.445189278521047,-1.95777838824546,1.0635290600420744,6.136177014225664,-4.752484256905699,5.005282710704113,-0.03374298717507962,3.9402188932202735,-0.05150775691070386,-4.752484256905699,-4.752484256905699,2.999398725270293,-4.752484256905699,-4.752484256905699,-4.752484256905699,2.165885266060913,-4.752484256905699,-1.6364254146016943,4.004077291437559,6.634343775400025,-0.037523246173481795,-4.752484256905699,-4.752484256905699,2.625478629083382,2.386317881501612,4.568749240199104,4.861390497304003,3.071769689173128,0.97308078748752,4.657010304890697,2.9474934142699896,3.7469479190695045,0.44404501726163303,5.988903025719533
CSM67UEW_P,-4.392539822434278,2.218635873151344,-4.392539822434278,-4.392539822434278,2.9027908207306927,4.328705030677792,-4.392539822434278,-4.392539822434278,-4.392539822434278,-4.392539822434278,-4.392539822434278,4.885807750864238,-4.392539822434278,2.4954307115295205,6.369489173374763,4.550163639670812,6.1739187644952,5.308640248181985,3.2437709995198656,-4.392539822434278,6.697957987719588,1.8846684987541096,2.4011852264188303,-4.392539822434278,-4.392539822434278,2.042388936934688,-4.392539822434278,-4.392539822434278,-4.392539822434278,-4.392539822434278,1.9403038187170445,-4.392539822434278,-0.1293864113976433,-4.392539822434278,-4.392539822434278,0.005931480552895607,4.937966405816166,-4.392539822434278,-4.392539822434278,2.0973749161220843,1.1571325950829578,3.1396468628013467,-4.392539822434278,5.0903068734141925,2.0040356482048542,4.879343117186307,1.7253021302445788,-0.4632186431607881,2.8824931981125532,-4.392539822434278,-4.392539822434278,8.552053848677273,-4.392539822434278,4.943680550302679,-4.392539822434278,-4.392539822434278,7.224975578084594,0.4719685879389566,3.5053775722474327,1.6060107433417352,2.9607114380622432,-4.392539822434278,-4.392539822434278,-4.392539822434278,2.1493413943853126,-4.392539822434278,-4.392539822434278,-4.392539822434278,1.6994891979990818,-4.392539822434278,-4.392539822434278,5.690117977723777,6.667517260122118,2.8135865429176103,-4.392539822434278,-4.392539822434278,1.3646875681592938,5.038835556879241,4.496013537085261,4.879063699558006,4.91794101204717,2.7454112178490373,4.484173925091369,3.342671421143147,4.105091639490071,4.271681408439816,6.14240114904341
MSM5LLIQ_P,-0.9726321627392007,-0.9726321627392007,-0.9726321627392007,-0.9726321627392007,-0.9726321627392007,-0.9726321627392007,-0.9726321627392007,-0.9726321627392007,-0.9726321627392007,8.27434857334162,-0.9726321627392007,9.880770334921682,-0.9726321627392007,-0.9726321627392007,-0.9726321627392007,5.85986053185021,6.842534443550858,12.448088997320692,-0.9726321627392007,-0.9726321627392007,-0.9726321627392007,-0.9726321627392007,-0.9726321627392007,-0.9726321627392007,-0.9726321627392007,-0.9726321627392007,-0.9726321627392007,-0.9726321627392007,-0.9726321627392007,-0.9726321627392007,-0.9726321627392007,-0.9726321627392007,-0.9726321627392007,-0.9726321627392007,-0.9726321627392007,-0.9726321627392007,-0.9726321627392007,-0.9726321627392007,-0.9726321627392007,-0.9726321627392007,-0.9726321627392007,-0.9726321627392007,-0.9726321627392007,-0.9726321627392007,-0.9726321627392007,-0.9726321627392007,-0.9726321627392007,-0.9726321627392007,-0.9726321627392007,-0.9726321627392007,-0.9726321627392007,9.341059152255587,-0.9726321627392007,-0.9726321627392007,-0.9726321627392007,-0.9726321627392007,-0.9726321627392007,9.154170826324837,-0.9726321627392007,-0.9726321627392007,-0.9726321627392007,-0.9726321627392007,-0.9726321627392007,-0.9726321627392007,-0.9726321627392007,-0.9726321627392007,-0.9726321627392007,-0.9726321627392007,-0.9726321627392007,-0.9726321627392007,-0.9726321627392007,-0.9726321627392007,-0.9726321627392007,-0.9726321627392007,-0.9726321627392007,-0.9726321627392007,-0.9726321627392007,11.178598695032798,-0.9726321627392007,-0.9726321627392007,-0.9726321627392007,-0.9726321627392007,8.721670115492067,-0.9726321627392007,-0.9726321627392007,-0.9726321627392007,-0.9726321627392007
MSM5LLHV_P,7.098892115257879,5.654307958497704,7.846337038481032,-3.9429747502832306,-3.9429747502832306,-3.9429747502832306,-3.9429747502832306,-3.9429747502832306,-3.9429747502832306,4.576323632169798,-3.9429747502832306,-3.9429747502832306,-3.9429747502832306,1.8834934279069904,7.920907698278148,6.493071945921628,8.747054963643164,6.274980040909004,-3.9429747502832306,0.1366727648873649,3.727514293083307,-3.9429747502832306,2.178724237591341,5.587271074992935,3.454128271099493,-3.9429747502832306,-3.9429747502832306,-3.9429747502832306,-3.9429747502832306,-3.9429747502832306,2.693463871704034,2.759052160665761,0.2295575551964344,2.751245374309569,6.097340162275133,0.6161062450843797,2.075569880921817,-3.9429747502832306,-3.9429747502832306,6.147514680657547,1.5620685960789462,3.5630548677015224,-3.9429747502832306,5.297560500780853,3.5501265532195925,4.828014777976891,-3.9429747502832306,-3.9429747502832306,5.275634622873145,-3.9429747502832306,-3.9429747502832306,6.742687174497778,1.6959106883875759,-3.9429747502832306,-3.9429747502832306,-3.9429747502832306,-3.9429747502832306,-3.9429747502832306,-3.9429747502832306,2.4830225237117363,-3.9429747502832306,3.2462612740860797,4.476924695680655,4.670060740355947,5.47034306371369,5.660681640768565,-3.9429747502832306,2.811788784352607,3.060157403423764,-3.9429747502832306,-3.9429747502832306,0.20258663326375448,-3.9429747502832306,-3.9429747502832306,2.0869868389724617,-3.9429747502832306,-3.9429747502832306,3.380121725229559,2.0693895447187964,3.8395748039312343,-3.9429747502832306,-3.9429747502832306,7.156768762239141,-3.9429747502832306,-3.9429747502832306,-3.9429747502832306,-1.2321292085106403
MSM5LLFK_P,-2.158562489815294,-2.158562489815294,-2.158562489815294,3.7256138561122834,-2.158562489815294,-2.158562489815294,-2.158562489815294,-2.158562489815294,4.682371309560908,-2.158562489815294,-2.158562489815294,-2.158562489815294,-2.158562489815294,-2.158562489815294,-2.158562489815294,5.817600483368866,9.636284108217247,11.057220139200263,8.167387614515729,-2.158562489815294,-2.158562489815294,-2.158562489815294,-2.158562489815294,-2.158562489815294,-2.158562489815294,-2.158562489815294,-2.158562489815294,-2.158562489815294,-2.158562489815294,-2.158562489815294,4.989207926681037,-2.158562489815294,-2.158562489815294,-2.158562489815294,-2.158562489815294,-2.158562489815294,-2.158562489815294,-2.158562489815294,-2.158562489815294,7.811395390310881,-2.158562489815294,7.578703520216378,-2.158562489815294,7.4082499636992365,-2.158562489815294,-2.158562489815294,-2.158562489815294,-2.158562489815294,-2.158562489815294,-2.158562489815294,-2.158562489815294,9.484552199501975,-2.158562489815294,6.6372340614004495,-2.158562489815294,-2.158562489815294,6.346558544077657,-2.158562489815294,-2.158562489815294,-2.158562489815294,-2.158562489815294,-2.158562489815294,6.349475162896874,-2.158562489815294,-2.158562489815294,-2.158562489815294,-2.158562489815294,-2.158562489815294,-2.158562489815294,-2.158562489815294,-2.158562489815294,6.153657531136163,7.595651135034245,-2.158562489815294,-2.158562489815294,-2.158562489815294,-2.158562489815294,7.514361938494266,6.249240362226826,6.954016404656364,-2.158562489815294,-2.158562489815294,5.084814549188572,-2.158562489815294,-2.158562489815294,8.563715441494354,5.4506251348936985
ESM5MEEJ_P,-3.8159951525039677,-3.8159951525039677,-3.8159951525039677,-3.8159951525039677,-3.8159951525039677,-3.8159951525039677,-3.8159951525039677,6.443465415562065,-3.8159951525039677,5.495181856022322,0.9069689663095559,-3.8159951525039677,5.811147432581239,7.078495076221149,-3.8159951525039677,7.912055077499682,8.21325979698236,6.916742196137363,4.431153311697477,-3.8159951525039677,3.3542046490558297,1.459830448221636,3.4200518909655457,-3.8159951525039677,-3.8159951525039677,1.651066094008593,-3.8159951525039677,0.7304989050189672,2.2549582565188686,-3.8159951525039677,1.7613816893681005,1.1738515023138874,-1.2172290819278686,2.624979571076233,2.3298497969765455,3.2928232803630335,2.3639936283772185,-3.8159951525039677,2.007092234321812,6.154135319713521,-0.07827013131121952,2.3926001838622764,2.4901738416155093,-3.8159951525039677,-3.8159951525039677,-3.8159951525039677,-3.8159951525039677,-3.8159951525039677,-3.8159951525039677,-3.8159951525039677,4.42945275045191,8.878583196526426,3.3183302126619934,3.069135515045696,-3.8159951525039677,-3.8159951525039677,-3.8159951525039677,-3.8159951525039677,1.108389867183181,-3.8159951525039677,-1.289806212406857,2.8908833261668523,-3.8159951525039677,-3.8159951525039677,5.101606160429801,-3.8159951525039677,6.770637880550895,7.9149357597921615,1.7597978821529239,-3.8159951525039677,-3.8159951525039677,2.63955283873252,3.581626228652466,3.9703410832195623,4.406488487787595,-3.8159951525039677,-3.8159951525039677,-3.8159951525039677,0.71146266431432,-3.8159951525039677,0.4118623212707888,-0.9582699669015504,3.646871228167706,4.441052206353084,1.1928921687745202,3.245975529282851,-3.8159951525039677
MSM5LLFM_P,4.715104277854507,-2.5820916395768787,-2.5820916395768787,-2.5820916395768787,-2.5820916395768787,-2.5820916395768787,-2.5820916395768787,6.061866986987694,-2.5820916395768787,-2.5820916395768787,-2.5820916395768787,-2.5820916395768787,-2.5820916395768787,5.825010992608748,8.045964886361219,-2.5820916395768787,9.947344009294612,10.184802652351088,8.295344844375023,-2.5820916395768787,-2.5820916395768787,-2.5820916395768787,-2.5820916395768787,-2.5820916395768787,-2.5820916395768787,-2.5820916395768787,-2.5820916395768787,-2.5820916395768787,-2.5820916395768787,-2.5820916395768787,2.7693144888194343,-2.5820916395768787,-2.5820916395768787,-2.5820916395768787,-2.5820916395768787,-2.5820916395768787,-2.5820916395768787,-2.5820916395768787,-2.5820916395768787,7.01159359486544,-2.5820916395768787,4.304695357110623,-2.5820916395768787,-2.5820916395768787,6.189248975825821,-2.5820916395768787,-2.5820916395768787,-2.5820916395768787,5.438989426953112,-2.5820916395768787,-2.5820916395768787,8.3867785414799,-2.5820916395768787,5.901218886162919,-2.5820916395768787,-2.5820916395768787,-2.5820916395768787,2.675049077985401,-2.5820916395768787,-2.5820916395768787,-2.5820916395768787,-2.5820916395768787,5.419847991555365,-2.5820916395768787,5.516767222579485,4.501772399881974,5.8040147894594245,-2.5820916395768787,-2.5820916395768787,6.897126815585965,-2.5820916395768787,-2.5820916395768787,8.912603774907584,-2.5820916395768787,-2.5820916395768787,-2.5820916395768787,-2.5820916395768787,6.144442523628591,6.77099857024047,7.085982557242186,-2.5820916395768787,-2.5820916395768787,5.504119303097383,-2.5820916395768787,-2.5820916395768787,7.172370783470895,-2.5820916395768787
CSM5MCTZ_P,-4.770551795386121,-4.770551795386121,2.8139106490587285,6.3746229263149,4.04548978884422,4.212388928034957,-4.770551795386121,6.1903866872559234,2.546783268033142,3.9497649899442715,3.563665461241908,4.243800560690169,-4.770551795386121,5.856826735864507,6.975077298335728,2.850247401228879,6.5015224101751805,7.27479197887312,3.127325015088865,6.261252590637351,0.9736919170632454,-4.770551795386121,1.4543714300409878,2.679649084385166,-0.2616735765333331,0.17191570364518505,-4.770551795386121,-2.0486127647461867,-1.023371557627641,-4.770551795386121,-0.297061561425755,-0.7405630413345126,-4.770551795386121,1.478049700830689,-4.770551795386121,-4.770551795386121,1.9982321245316959,-1.1701708369548562,1.8594081267058682,0.2843004065812238,3.639578303957765,3.2067322887542034,-4.770551795386121,-4.770551795386121,-4.770551795386121,4.754850666247127,0.20394996983785063,0.48442159120659767,5.397927861219615,-4.770551795386121,-4.770551795386121,7.3565258797063935,1.1489029989687998,3.048214456911711,2.6378948007473486,-4.770551795386121,-4.770551795386121,-4.770551795386121,2.502488732866774,-4.770551795386121,2.8439505859118706,-0.10303514965067784,-4.770551795386121,4.1267713865927025,3.200148628750239,-1.5644379991400363,4.536412550118769,-4.770551795386121,2.4961377218502365,-4.770551795386121,-4.770551795386121,-0.6065251891290284,0.0760670414116813,4.9778259863206555,-4.770551795386121,0.6687715159282224,-4.770551795386121,-4.770551795386121,2.2382978122964756,3.322890551673993,-4.770551795386121,-4.770551795386121,6.093015649631677,-4.770551795386121,-4.770551795386121,-4.770551795386121,-0.8491507712500432
MSM5LLFO_P,-2.8246648883084564,-2.8246648883084564,-2.8246648883084564,-2.8246648883084564,-2.8246648883084564,-2.8246648883084564,-2.8246648883084564,-2.8246648883084564,-2.8246648883084564,1.938294505421105,-2.8246648883084564,-2.8246648883084564,-2.8246648883084564,3.3474335266360375,5.213045056272874,-2.8246648883084564,9.838501118924365,9.858631782073601,7.059294468733701,-2.8246648883084564,-2.8246648883084564,-2.8246648883084564,-2.8246648883084564,-2.8246648883084564,-2.8246648883084564,-2.8246648883084564,1.5220716166598365,-2.8246648883084564,-2.8246648883084564,-2.8246648883084564,2.6774245768391296,-2.8246648883084564,-2.8246648883084564,-2.8246648883084564,-2.8246648883084564,-2.8246648883084564,-2.8246648883084564,-2.8246648883084564,-2.8246648883084564,4.765059423300684,-2.8246648883084564,5.997925139270809,-2.8246648883084564,-2.8246648883084564,3.925512894637329,1.8874055952469746,-2.8246648883084564,-2.8246648883084564,-2.8246648883084564,-2.8246648883084564,-2.8246648883084564,8.976724424061999,4.799946421605,6.310049281043825,-2.8246648883084564,-2.8246648883084564,4.230228296174949,4.3541600596942,2.7198142501026243,-2.8246648883084564,2.669221029754322,3.979049316709083,4.444653611757944,-2.8246648883084564,-2.8246648883084564,-2.8246648883084564,3.964832898284741,-2.8246648883084564,-2.8246648883084564,5.038176783828897,-2.8246648883084564,6.989145637025591,8.199922736002804,-2.8246648883084564,-2.8246648883084564,-2.8246648883084564,-2.8246648883084564,6.305751085500521,6.109584990610204,4.534162199714309,-2.8246648883084564,-2.8246648883084564,5.590687015552628,4.01945782734444,3.9676474283197436,6.009358366807538,8.236719934595136
CSM5FZ4G_P,-3.49196795266268,1.948834558088853,5.980508696665668,8.107990992462668,-3.49196795266268,-3.49196795266268,1.6440663967518887,-3.49196795266268,-3.49196795266268,7.795802534290029,-3.49196795266268,-3.49196795266268,-3.49196795266268,8.461063604873981,0.3450385119397339,6.804655496551029,8.963722486079588,0.3588867223223513,5.036817052558218,-3.49196795266268,-3.49196795266268,-3.49196795266268,-3.49196795266268,4.392059319058919,3.1869071425729727,-3.49196795266268,-3.49196795266268,3.329993964682515,1.327499244699645,-3.49196795266268,-3.49196795266268,-3.49196795266268,2.62423134710801,-1.1626111849861047,2.564175701398838,2.0407702001556665,-3.49196795266268,-3.49196795266268,4.3907995544942775,-3.49196795266268,3.065275635940723,4.614753796759874,-3.49196795266268,-3.49196795266268,0.6354616299759392,-3.49196795266268,5.863895848136455,-3.49196795266268,-3.49196795266268,6.675026561833187,-3.49196795266268,8.771476890197459,0.4997614497442786,-3.49196795266268,3.1281551532343563,-3.49196795266268,1.001164785890559,1.12784817012761,0.5194752263304654,1.9251846974708648,-3.49196795266268,4.102253367477002,1.6465992044302098,4.1959428066937505,5.236480597685852,2.8349613185653215,-3.49196795266268,5.5439250041282495,-3.49196795266268,-3.49196795266268,-3.49196795266268,-3.49196795266268,-3.49196795266268,-3.49196795266268,-1.2852921308044394,1.5399221412914432,5.207382303998237,3.772008101848664,4.354317860039586,4.118828681137644,-3.49196795266268,-3.49196795266268,7.445220757462138,-3.49196795266268,-3.49196795266268,-3.49196795266268,-3.49196795266268
CSM5MCUQ_P,4.169211341918664,-4.701717912013782,4.807813152052664,5.912125329695366,-4.701717912013782,-4.701717912013782,2.4083535767809767,-4.701717912013782,3.7821491711816275,-4.701717912013782,6.5204760226631056,3.1227100802493553,-4.701717912013782,-4.701717912013782,7.255969353606378,3.307782949513091,6.61651400859355,-0.8396248789417005,-4.701717912013782,-4.701717912013782,-4.701717912013782,-4.701717912013782,-0.20033518657600702,5.004735043637921,2.764745106324301,3.181361558391372,-4.701717912013782,0.4680949127046663,1.7945176233670281,-4.701717912013782,1.8352721709923667,-0.00905950751106488,2.3632811582986664,3.112006987629221,2.976574440722212,0.658770159714626,2.204602183088097,-4.701717912013782,-4.701717912013782,-4.701717912013782,2.675257837439103,3.1759067637437575,-4.701717912013782,5.006640091169131,1.5398864622091093,3.642415819698418,1.482802264677228,2.5752672447027596,3.1877100790637316,5.156582874698523,-4.701717912013782,6.715692300828473,2.622072746750699,-4.701717912013782,0.8022731761190443,1.5167882173342582,-4.701717912013782,-2.234395316299139,-4.701717912013782,-0.6930861106141997,-4.701717912013782,2.8698471396706493,-4.701717912013782,-4.701717912013782,5.625996096181789,3.3412043113672603,6.6639689504243025,-4.701717912013782,1.2594487175834166,-4.701717912013782,-4.701717912013782,-0.6973548258858386,3.366586643721994,2.9464344610023288,-4.701717912013782,3.4829169287073922,4.009728372902905,2.2628919739479514,1.3121385507467327,3.586140530068495,-4.701717912013782,-4.701717912013782,7.806301807336814,-4.701717912013782,-4.701717912013782,-4.701717912013782,-4.701717912013782
CSM5MCUG_P,-4.6917580036083795,-4.6917580036083795,4.4016540639701445,6.409400734937531,3.072079081371453,1.812548050519224,-4.6917580036083795,6.078793826205596,2.3410051978895146,3.0455426939014147,2.705700650247345,5.2877468884559775,-4.6917580036083795,6.129962002042967,7.1958355237182845,1.6013070955917383,5.827274779745686,7.552141566245364,1.8132377438893421,6.338880604084892,0.6840611144755364,-4.6917580036083795,1.327285885312742,1.948906769361705,-2.13703616478314,-0.636699707212987,-4.6917580036083795,-4.6917580036083795,-4.6917580036083795,-4.6917580036083795,-4.6917580036083795,-4.6917580036083795,-4.6917580036083795,-4.6917580036083795,-4.6917580036083795,-4.6917580036083795,1.4505127100656194,-4.6917580036083795,1.9985230393506104,-4.6917580036083795,4.244876618065383,3.003661813693113,-4.6917580036083795,-4.6917580036083795,-0.6208477152660183,4.1500294201797105,0.25203697646986534,1.8089193355572188,6.118684130793992,-4.6917580036083795,-3.1226673695742413,7.325360596850851,0.8569480157734919,4.044919981094741,2.962738651838995,-4.6917580036083795,0.5778518944304771,-4.6917580036083795,3.3715893125923984,-4.6917580036083795,-0.9319474216457095,0.4236694954586824,3.3797190923285285,4.131503111596266,3.8512687520855353,-4.6917580036083795,3.434678594324965,-4.6917580036083795,1.9023916197997606,1.5754082995655398,-4.6917580036083795,2.1239358613751254,-0.08684305801759074,4.303581041004565,-4.6917580036083795,1.2770049697528574,-4.6917580036083795,-4.6917580036083795,2.855457137867787,3.4366862049294395,-4.6917580036083795,-4.6917580036083795,6.236327161113613,0.4475911543361111,0.3689364293528836,1.7390194395629717,2.1309855208448942
CSM5MCU8_P,7.026980029072162,3.9892419327260367,-0.26671136257151673,2.8201140088423857,-5.011611012331251,2.7019727284915023,-5.011611012331251,5.3310806475909285,3.434932841966271,2.1834044795356116,1.4097684199537142,2.762068872017344,-5.011611012331251,4.83106387771201,6.688270148237296,-5.011611012331251,6.266134926377958,6.8762906016741585,2.239693261975643,-5.011611012331251,0.4391777914024839,-5.011611012331251,3.469141827341227,5.758983566533775,3.8936755601604958,4.656204644746247,-5.011611012331251,1.1324695915094987,1.5405756039218925,-5.011611012331251,6.296735547903565,1.5182424823375253,3.744648596862767,0.4782686314431306,2.9766322951047117,0.14142066523866426,3.4645705803775106,-5.011611012331251,-5.011611012331251,1.2131927973290022,1.5463468641661624,2.2558385491834754,-5.011611012331251,-0.9044600945988268,0.1843050313862662,2.7225488396560706,2.1990585182966074,-5.011611012331251,4.484472220095708,2.9141431860340727,-5.011611012331251,4.925425241280347,3.7242724294217853,-5.011611012331251,0.6293067024001235,-5.011611012331251,-5.011611012331251,1.1132732296401722,-5.011611012331251,0.2870388563505042,1.8250016603013686,3.5333449163595674,-5.011611012331251,-5.011611012331251,5.843058841032092,3.884028182117232,5.170756613902945,-5.011611012331251,0.015299975488364481,-5.011611012331251,-5.011611012331251,-5.011611012331251,-5.011611012331251,1.4769035662125685,-5.011611012331251,-0.1266309083190844,-5.011611012331251,3.0921529470498097,0.648073424484668,4.328622835133828,-5.011611012331251,-5.011611012331251,6.183731145971283,-5.011611012331251,-5.011611012331251,-5.011611012331251,-5.011611012331251
CSM5FZ4K_P,-3.350013296849342,2.869053743695651,6.718659902914231,8.214977975811474,-3.350013296849342,-3.350013296849342,4.021850883226388,-3.350013296849342,-3.350013296849342,8.128561466693403,-3.350013296849342,-3.350013296849342,-3.350013296849342,8.49099365014103,-3.350013296849342,6.173351953640255,9.360974727692168,-3.350013296849342,4.753802681079154,-3.350013296849342,-3.350013296849342,-3.350013296849342,-3.350013296849342,2.4619322144639764,-3.350013296849342,-3.350013296849342,1.0780300318367413,3.23417676088168,1.9499836297821567,-3.350013296849342,0.6349978899175923,-3.350013296849342,3.0653507768773283,-3.350013296849342,4.6561467587377265,2.339012387103116,-3.350013296849342,-3.350013296849342,5.016527910985687,-3.350013296849342,4.068001525758697,5.448285423119691,-3.350013296849342,1.1487130484588413,0.602182144967367,-3.350013296849342,6.73380428238411,-3.350013296849342,-3.350013296849342,4.876982505847486,-3.350013296849342,8.595283089091112,1.6504125333675077,-3.350013296849342,4.386449469767167,-3.350013296849342,-3.350013296849342,1.135753433651864,1.6803654996918365,2.075782943903942,-3.350013296849342,4.94833765715401,-3.350013296849342,-3.350013296849342,6.167800705165463,2.9043783950996005,-3.350013296849342,-3.350013296849342,-3.350013296849342,-3.350013296849342,-0.20475652554510404,-3.350013296849342,-3.350013296849342,-3.350013296849342,-3.350013296849342,1.3198910867188314,5.484197503534874,2.197485051581131,5.983636596224287,4.790774403421993,-3.350013296849342,-3.350013296849342,7.291444288400676,-3.350013296849342,-3.350013296849342,-3.350013296849342,-3.350013296849342
CSM5MCUK_P,-4.697403938092831,-4.697403938092831,4.332619452802779,7.145464628539038,4.835851820130946,2.4649662984730085,-4.697403938092831,4.843388938261299,2.072855764416296,3.4788972651723533,3.2006412688387185,4.768274556176713,-4.697403938092831,5.6145068917356635,6.061974720206018,1.5784783838622474,5.340176734489055,7.410974713178927,2.808865977309548,7.237334699428169,1.788966980690768,-4.697403938092831,-1.7718529350098429,2.5156210934455867,-0.6125530909524457,-0.11666547518242609,-4.697403938092831,-0.8031100934586437,0.5689818206318531,-4.697403938092831,1.330773896043259,-1.0748048062533098,-4.697403938092831,-0.9457703982414252,-4.697403938092831,-4.697403938092831,1.8061066131112842,-2.271564699077871,0.9095473783644277,-4.697403938092831,2.967668298478211,1.7900141509259688,-4.697403938092831,-0.694891230007924,-4.697403938092831,5.893094775566668,0.2040076060465772,0.7927488220742198,6.314572358064341,-4.697403938092831,-4.697403938092831,7.312365518218138,0.6004212860080109,0.4557521126911883,3.061156325271213,-4.697403938092831,-4.697403938092831,-4.697403938092831,4.363438208971309,-4.697403938092831,0.9057534719415674,0.9949892641433742,3.1120024619930815,4.580903788054655,3.988133316456742,-4.697403938092831,3.459111218366126,-4.697403938092831,2.439691141239164,0.8555205464013849,-4.697403938092831,4.329293342574,-4.697403938092831,2.1379961377839685,-4.697403938092831,0.3822415192528723,-4.697403938092831,-4.697403938092831,2.3438773418739665,2.139964950484263,-4.697403938092831,-4.697403938092831,5.997119825885109,-1.7967409950387392,-4.697403938092831,0.0314746646559545,0.5279312971911683
MSM5LLFU_P,-2.4417243371950264,-2.4417243371950264,-2.4417243371950264,-2.4417243371950264,-2.4417243371950264,-2.4417243371950264,-2.4417243371950264,-2.4417243371950264,-2.4417243371950264,-2.4417243371950264,-2.4417243371950264,8.223600661370241,-2.4417243371950264,-2.4417243371950264,-2.4417243371950264,-2.4417243371950264,10.0413497347075,10.595114783922915,7.2196118044199205,-2.4417243371950264,-2.4417243371950264,-2.4417243371950264,-2.4417243371950264,-2.4417243371950264,-2.4417243371950264,-2.4417243371950264,6.775502201659165,-2.4417243371950264,-2.4417243371950264,-2.4417243371950264,6.115000430330546,-2.4417243371950264,-2.4417243371950264,3.4308306894512954,-2.4417243371950264,1.1593000991743878,-2.4417243371950264,-2.4417243371950264,-2.4417243371950264,7.306972229962912,-2.4417243371950264,6.540269238830753,-2.4417243371950264,3.998947473253115,3.4077362256537747,-2.4417243371950264,-2.4417243371950264,-2.4417243371950264,-2.4417243371950264,-2.4417243371950264,6.751608303287725,8.319959117306126,2.872480303896742,5.732205641209794,3.5636575630503176,1.11173735292145,-2.4417243371950264,3.4476002742204352,-2.4417243371950264,-2.4417243371950264,3.1521264442480064,-2.4417243371950264,-2.4417243371950264,-2.4417243371950264,-2.4417243371950264,-2.4417243371950264,-2.4417243371950264,-2.4417243371950264,-2.4417243371950264,-2.4417243371950264,-2.4417243371950264,3.2107117371663385,9.016600040279364,4.016204320889574,-2.4417243371950264,-2.4417243371950264,-2.4417243371950264,6.645959251879449,5.101492197573352,6.315284454763997,-2.4417243371950264,-2.4417243371950264,4.851479603174014,-2.4417243371950264,-2.4417243371950264,3.7942760886080213,3.5527393132694867
CSM5MCUC_P,6.71827986049183,6.250640629846934,-4.085943446518307,1.1533758935251885,-4.085943446518307,-1.6182430437580546,-4.085943446518307,6.599053854834801,5.571602339367241,4.079806772195485,2.985363959652134,0.7652864185789543,-4.085943446518307,6.575055455254443,8.585119179861582,0.10985547911985805,7.895793757042085,7.463664321223181,-1.9693630444463999,-4.085943446518307,0.4056927020683361,-4.085943446518307,3.6961287160599268,4.803358531128467,2.7234520388265127,4.131195646917898,-4.085943446518307,1.261793925613306,2.4391681326282475,-4.085943446518307,5.522681709600593,1.4352242892223437,4.5802312059730665,0.15959775789203867,5.013285613489549,-4.085943446518307,1.6686936890834758,-4.085943446518307,-4.085943446518307,-4.085943446518307,0.6607024067335381,0.10024692765866838,-4.085943446518307,-4.085943446518307,0.14892608816563246,1.0468576323382273,0.96423312515223,-4.085943446518307,6.155099278842087,-0.5103931230701555,-4.085943446518307,4.820514427000674,4.097339860970906,-4.085943446518307,-4.085943446518307,-4.085943446518307,-4.085943446518307,2.2241169045816385,-4.085943446518307,-4.085943446518307,-4.085943446518307,4.035146400717637,-4.085943446518307,-4.085943446518307,6.810148878487213,4.452851465619374,6.602815616740202,-4.085943446518307,-1.103650814006821,-4.085943446518307,-4.085943446518307,-4.085943446518307,-4.085943446518307,3.468066436039516,-4.085943446518307,-0.8369005347357454,-4.085943446518307,3.860854115672934,-2.7088378540364833,3.47392784249067,-4.085943446518307,-4.085943446518307,6.128445160046971,-4.085943446518307,-4.085943446518307,-4.085943446518307,-1.0213203694616606
HSM5MD87_P,-4.711576262036868,-4.711576262036868,-4.711576262036868,-4.711576262036868,3.856195591085176,-1.8808122221194843,-4.711576262036868,6.457413636130533,-4.711576262036868,4.9885513160064034,-4.711576262036868,3.5892168740502592,-4.711576262036868,7.0041416121495885,6.6753119591717685,-4.711576262036868,6.886145169568542,-0.4153952315856291,-4.711576262036868,-4.711576262036868,-4.711576262036868,1.8687086057257067,4.7315069933084795,2.275578728053488,-2.0076438253260633,3.986565536977091,-4.711576262036868,-4.711576262036868,-4.711576262036868,0.961673121250282,1.1775075301861042,-4.711576262036868,-4.711576262036868,-4.711576262036868,0.4246830886658213,-1.817354064486203,2.5030621613384607,-4.711576262036868,2.4981455477356214,4.48779141060201,1.111903623983709,2.7678773954348515,-4.711576262036868,4.880758248131879,-4.711576262036868,-4.711576262036868,-2.0076438253260633,-1.8748739882721779,5.791197715638354,3.70695838389567,5.73382635226696,7.845082637822294,3.344689916307636,2.348253619113187,2.1361511959666144,-4.711576262036868,0.25556464276968427,-2.2514510744718326,-4.711576262036868,-0.04488091985851028,-1.7368388101453522,3.0179695164966116,1.3034963285053047,-4.711576262036868,3.418658551797214,4.684975887998928,6.676268159106311,-4.711576262036868,2.6581794747283505,-4.711576262036868,1.8372487309826866,1.9862440248533373,-4.711576262036868,2.013892495404611,4.097064463275727,4.603112781368319,-4.711576262036868,1.121120551108982,-0.023271676024046783,2.204844428829144,2.8664641086189313,3.2977731235265137,5.338099225685538,1.850750995908795,0.7320785901672835,3.3950621176007996,3.0640920253912878
ESM5MEA7_P,-2.8525896586134767,-2.8525896586134767,2.0837820537241356,5.206507314395294,-2.8525896586134767,-2.8525896586134767,-2.8525896586134767,-2.8525896586134767,-2.8525896586134767,6.430516358294536,-2.8525896586134767,-2.8525896586134767,-2.8525896586134767,8.335426070553728,9.294900697413649,2.946650509472695,6.719693140877872,8.34488017617296,4.793684261787842,-2.8525896586134767,-2.8525896586134767,-2.8525896586134767,3.7232374594953175,-2.8525896586134767,-2.8525896586134767,-2.8525896586134767,-2.8525896586134767,-2.8525896586134767,-2.8525896586134767,-2.8525896586134767,-2.8525896586134767,2.719355681035971,4.981473422100062,-2.8525896586134767,-2.8525896586134767,-2.8525896586134767,-2.8525896586134767,-2.8525896586134767,-2.8525896586134767,-2.8525896586134767,-2.8525896586134767,5.854294142867146,5.558294265974283,9.077402988161994,-2.8525896586134767,-2.8525896586134767,-2.8525896586134767,-2.8525896586134767,-2.8525896586134767,3.2483430274602476,-2.8525896586134767,8.771099443410224,-2.8525896586134767,6.954016960874987,-2.8525896586134767,-2.8525896586134767,-2.8525896586134767,1.3290336937494498,-2.8525896586134767,-2.8525896586134767,-2.8525896586134767,-2.8525896586134767,-2.8525896586134767,-2.8525896586134767,2.1961159433252604,0.388469542026062,-2.8525896586134767,3.8492699727501876,-2.8525896586134767,-2.8525896586134767,-2.8525896586134767,-2.8525896586134767,-2.8525896586134767,-2.8525896586134767,-2.8525896586134767,-2.8525896586134767,-2.8525896586134767,8.419054485404377,-2.8525896586134767,6.386017845467694,1.2156621815103357,4.379883630056785,8.946963336702842,5.4522075628121875,4.480086928056326,6.63958561076887,8.43102298164915
CSM5MCWM_P,-2.5735296245900887,2.1675971774918583,6.102726107927636,8.635753045534113,-2.5735296245900887,-2.5735296245900887,-2.5735296245900887,-2.5735296245900887,-2.5735296245900887,9.75655270284212,-2.5735296245900887,4.925317154470093,-2.5735296245900887,9.379987140716402,-2.5735296245900887,8.022060166550046,10.235987569978624,-0.5264518068686073,-2.5735296245900887,-2.5735296245900887,-2.5735296245900887,-2.5735296245900887,-2.5735296245900887,3.921785826834795,2.5323347262757103,-2.5735296245900887,-2.5735296245900887,2.668121933437094,-2.5735296245900887,-2.5735296245900887,-2.5735296245900887,-2.5735296245900887,-2.5735296245900887,-2.5735296245900887,2.3649202923954498,-2.5735296245900887,-2.5735296245900887,-2.5735296245900887,4.055566822769762,-2.5735296245900887,3.8169270731576326,4.632889658673224,-2.5735296245900887,2.459362568909121,-2.5735296245900887,-2.5735296245900887,5.664385795901883,-2.5735296245900887,-2.5735296245900887,4.619595261743952,-2.5735296245900887,8.871617104541137,-2.5735296245900887,-2.5735296245900887,2.8967455134312488,-2.5735296245900887,-2.5735296245900887,-2.5735296245900887,0.11510839201358536,-2.5735296245900887,-2.5735296245900887,3.8490522312542392,2.378300593570186,5.398483397971651,5.396038973339139,3.7557347217578423,-2.5735296245900887,-2.5735296245900887,-2.5735296245900887,-2.5735296245900887,-2.5735296245900887,-2.5735296245900887,-2.5735296245900887,-2.5735296245900887,-2.5735296245900887,0.09230124576829546,5.646268953957527,5.853584218956945,4.329861867815814,3.6338277548793334,-2.5735296245900887,-2.5735296245900887,6.759433287407032,-2.5735296245900887,-2.5735296245900887,-2.5735296245900887,-2.5735296245900887
CSM5MCUY_P,1.603953112249556,-4.058668790937245,4.990586413315653,6.504277587771578,-4.058668790937245,-4.058668790937245,-4.058668790937245,-4.058668790937245,4.975516819012529,-4.058668790937245,7.085475102651031,3.264218748792544,-4.058668790937245,-4.058668790937245,7.988538885405957,5.431720617149945,7.937976595081261,1.611592257719611,-4.058668790937245,-4.058668790937245,-4.058668790937245,-4.058668790937245,0.5104487429016746,4.874044635915922,3.15751929982543,4.272269618096017,-4.058668790937245,0.2797871653422508,2.072333383708422,-4.058668790937245,2.371577543213874,-0.5045410775057348,0.9218861153242255,0.33972425606180856,0.5468353846206906,-0.7718690944772764,2.064761087412969,-4.058668790937245,-4.058668790937245,-4.058668790937245,2.185878103854299,2.5976821458560657,-4.058668790937245,8.180945335161116,-4.058668790937245,3.551110728474489,-0.22782980755332893,1.1251127706516986,5.249283866708554,0.8925695050356222,-4.058668790937245,6.31224786418699,2.2366048485703223,-4.058668790937245,1.3349036566501695,1.814861355831428,3.476776339853636,-4.058668790937245,-4.058668790937245,-4.058668790937245,-4.058668790937245,2.8269303832836563,-4.058668790937245,-4.058668790937245,5.039054519968689,4.421444855148489,7.372205284656472,-4.058668790937245,2.156893639536464,-4.058668790937245,-4.058668790937245,1.7264917280638663,6.357518518225511,5.291041984097464,-4.058668790937245,3.1824595569895076,3.85376966468605,-4.058668790937245,1.0884942959482071,2.543806501748831,-4.058668790937245,-4.058668790937245,7.392000896580608,-4.058668790937245,-4.058668790937245,-4.058668790937245,-4.058668790937245
CSM5MCUE_P,7.688718202152847,4.167192910238565,-4.94483733009103,1.6011378892657673,1.428916498723785,0.8194153895355303,-4.94483733009103,5.924528954145779,1.553940317940369,2.279407144586962,2.0080259412326713,-4.94483733009103,2.4039032570049157,5.763855140141892,6.755235779719347,0.5560410675507814,6.832938219061411,7.0938901431165595,0.1019278657826348,1.3413962373901533,-4.94483733009103,-4.94483733009103,2.246257802503065,3.93488407903752,1.8526535771300479,3.56110593997189,-4.94483733009103,0.49246792449329213,0.040434931927038065,-4.94483733009103,4.724482308252734,0.475922443066338,0.1776350600098855,-1.1488526851127645,1.7588196476170124,-2.493813347880824,2.5877667925336594,-1.8493270119778114,0.339411424746455,2.5903280584103747,-0.13344581606887118,1.9247613352773882,-4.94483733009103,-0.09600688645459243,0.8136420924000838,1.8803760455762664,-4.94483733009103,-4.94483733009103,4.282828494781627,-4.94483733009103,0.9663759260306222,3.764416409128578,2.5808129323629316,-0.952065177570077,-0.3837392558314754,-4.94483733009103,-4.94483733009103,-0.04690526472298018,-0.6465900672674039,0.6920243307557428,0.3414766759134782,2.266625088117788,-4.94483733009103,-4.94483733009103,4.5905099001895575,3.089915931928691,4.867953384983236,-4.94483733009103,0.13035702158228268,-4.94483733009103,-4.94483733009103,-0.4693174365126307,0.20638280588879354,2.8526863220362273,-4.94483733009103,-2.087795189603451,-4.94483733009103,2.138888939260423,-0.05991919356049813,1.2353990028557078,0.4831108647470561,1.6910743406250166,5.413382953975587,-4.94483733009103,-4.94483733009103,-4.94483733009103,-2.4015520240104156
CSM5MCUW_P,2.7648774120227664,-4.28119277879151,5.340404781237642,6.112247028445637,-4.28119277879151,-0.776824672831907,1.8363001150911362,-4.28119277879151,4.171728416743043,-4.28119277879151,7.152985687019042,2.3176103605239042,-4.28119277879151,-4.28119277879151,7.700312915688006,3.934242461986311,7.170773386126793,1.4587640543960294,-4.28119277879151,-4.28119277879151,-4.28119277879151,-4.28119277879151,-0.00640425943465317,5.425806380056032,3.4139024946018157,4.675749487165435,1.522233170541531,0.6451225616902274,3.3523422946453945,-4.28119277879151,2.4527397199550744,-1.360857291591545,2.506820394366577,0.07991686107611251,2.3342017199165275,-1.2060918033095387,0.5431729052954619,-4.28119277879151,-4.28119277879151,-4.28119277879151,0.4862955867445393,1.7392155473593078,-4.28119277879151,7.549984461605792,5.590960618121105,3.8866187018227105,-4.28119277879151,-0.2449699467052575,3.984607349634702,2.6833585133327675,-4.28119277879151,7.060960881014693,1.947935630334758,-4.28119277879151,2.3212804877680258,2.6193759321086274,-4.28119277879151,-4.28119277879151,-4.28119277879151,-4.28119277879151,-4.28119277879151,2.3709476651239916,-4.28119277879151,-4.28119277879151,5.227873550927772,4.0849274556025215,7.41310254481154,-4.28119277879151,2.6555570660930092,-4.28119277879151,-4.28119277879151,3.453523777880278,4.955389029650919,5.378903503319228,-4.28119277879151,2.4451625930028626,3.4615208058901388,-4.28119277879151,0.16096519006477372,4.418943912977504,-4.28119277879151,-4.28119277879151,7.509819184796987,-4.28119277879151,-4.28119277879151,-4.28119277879151,-4.28119277879151
